Program,Role,District,Sheet,MetricCode,ResponseCount,TotalDistrictRespondents,ResponseRatePct
CLSS,Observer,Agar Malwa,Q55,55_Correct,7.0,8.0,87.5
CLSS,Observer,Alirajpur,Q55,55_Correct,12.0,15.0,80.0
CLSS,Observer,Anuppur,Q55,55_Correct,12.0,14.0,85.71
CLSS,Observer,Ashoknagar,Q55,55_Correct,5.0,14.0,35.71
CLSS,Observer,Balaghat,Q55,55_Correct,1.0,1.0,100.0
CLSS,Observer,Barwani,Q55,55_Correct,8.0,9.0,88.89
CLSS,Observer,Betul,Q55,55_Correct,4.0,4.0,100.0
CLSS,Observer,Bhind,Q55,55_Correct,8.0,10.0,80.0
CLSS,Observer,Bhopal,Q55,55_Correct,15.0,16.0,93.75
CLSS,Observer,Burhanpur,Q55,55_Correct,2.0,2.0,100.0
CLSS,Observer,Chhatarpur,Q55,55_Correct,14.0,18.0,77.78
CLSS,Observer,Chhindwara,Q55,55_Correct,8.0,11.0,72.73
CLSS,Observer,Damoh,Q55,55_Correct,4.0,4.0,100.0
CLSS,Observer,Datia,Q55,55_Correct,15.0,20.0,75.0
CLSS,Observer,Dhar,Q55,55_Correct,11.0,11.0,100.0
CLSS,Observer,Guna,Q55,55_Correct,10.0,16.0,62.5
CLSS,Observer,Harda,Q55,55_Correct,3.0,3.0,100.0
CLSS,Observer,Indore,Q55,55_Correct,3.0,6.0,50.0
CLSS,Observer,Jabalpur,Q55,55_Correct,7.0,8.0,87.5
CLSS,Observer,Jhabua,Q55,55_Correct,5.0,5.0,100.0
CLSS,Observer,Katni,Q55,55_Correct,6.0,6.0,100.0
CLSS,Observer,Khandwa,Q55,55_Correct,9.0,16.0,56.25
CLSS,Observer,Khargone,Q55,55_Correct,30.0,39.0,76.92
CLSS,Observer,Mandla,Q55,55_Correct,10.0,11.0,90.91
CLSS,Observer,Mandsaur,Q55,55_Correct,7.0,8.0,87.5
CLSS,Observer,Morena,Q55,55_Correct,29.0,39.0,74.36
CLSS,Observer,Narmadapuram,Q55,55_Correct,11.0,12.0,91.67
CLSS,Observer,Narsinghpur,Q55,55_Correct,4.0,4.0,100.0
CLSS,Observer,Neemuch,Q55,55_Correct,3.0,5.0,60.0
CLSS,Observer,Niwari,Q55,55_Correct,6.0,8.0,75.0
CLSS,Observer,Panna,Q55,55_Correct,9.0,11.0,81.82
CLSS,Observer,Raisen,Q55,55_Correct,14.0,18.0,77.78
CLSS,Observer,Rajgarh,Q55,55_Correct,10.0,11.0,90.91
CLSS,Observer,Ratlam,Q55,55_Correct,3.0,5.0,60.0
CLSS,Observer,Rewa,Q55,55_Correct,1.0,1.0,100.0
CLSS,Observer,Sagar,Q55,55_Correct,12.0,15.0,80.0
CLSS,Observer,Satna,Q55,55_Correct,10.0,10.0,100.0
CLSS,Observer,Seoni,Q55,55_Correct,25.0,29.0,86.21
CLSS,Observer,Shahdol,Q55,55_Correct,10.0,11.0,90.91
CLSS,Observer,Shajapur,Q55,55_Correct,13.0,13.0,100.0
CLSS,Observer,Sheopur,Q55,55_Correct,15.0,24.0,62.5
CLSS,Observer,Shivpuri,Q55,55_Correct,4.0,7.0,57.14
CLSS,Observer,Sidhi,Q55,55_Correct,4.0,4.0,100.0
CLSS,Observer,Singrauli,Q55,55_Correct,1.0,1.0,100.0
CLSS,Observer,Tikamgarh,Q55,55_Correct,2.0,2.0,100.0
CLSS,Observer,Ujjain,Q55,55_Correct,4.0,7.0,57.14
CLSS,Observer,Umaria,Q55,55_Correct,2.0,3.0,66.67
CLSS,Observer,Vidisha,Q55,55_Correct,1.0,1.0,100.0
CLSS,Observer,Total,Q55,55_Correct,409.0,516.0,79.26
CLSS,Observer,Agar Malwa,Q56,56.1,8.0,8.0,100.0
CLSS,Observer,Agar Malwa,Q56,56.2,8.0,8.0,100.0
CLSS,Observer,Agar Malwa,Q56,56.3,8.0,8.0,100.0
CLSS,Observer,Agar Malwa,Q56,56.4,8.0,8.0,100.0
CLSS,Observer,Agar Malwa,Q56,56.5,8.0,8.0,100.0
CLSS,Observer,Agar Malwa,Q56,56.6,8.0,8.0,100.0
CLSS,Observer,Agar Malwa,Q56,56.7,7.0,8.0,87.5
CLSS,Observer,Agar Malwa,Q56,56.8,4.0,8.0,50.0
CLSS,Observer,Alirajpur,Q56,56.1,12.0,15.0,80.0
CLSS,Observer,Alirajpur,Q56,56.2,14.0,15.0,93.33
CLSS,Observer,Alirajpur,Q56,56.3,14.0,15.0,93.33
CLSS,Observer,Alirajpur,Q56,56.4,14.0,15.0,93.33
CLSS,Observer,Alirajpur,Q56,56.5,13.0,15.0,86.67
CLSS,Observer,Alirajpur,Q56,56.6,12.0,15.0,80.0
CLSS,Observer,Alirajpur,Q56,56.7,12.0,15.0,80.0
CLSS,Observer,Alirajpur,Q56,56.8,2.0,15.0,13.33
CLSS,Observer,Anuppur,Q56,56.1,13.0,14.0,92.86
CLSS,Observer,Anuppur,Q56,56.2,13.0,14.0,92.86
CLSS,Observer,Anuppur,Q56,56.3,13.0,14.0,92.86
CLSS,Observer,Anuppur,Q56,56.4,13.0,14.0,92.86
CLSS,Observer,Anuppur,Q56,56.5,13.0,14.0,92.86
CLSS,Observer,Anuppur,Q56,56.6,13.0,14.0,92.86
CLSS,Observer,Anuppur,Q56,56.7,12.0,14.0,85.71
CLSS,Observer,Anuppur,Q56,56.8,6.0,14.0,42.86
CLSS,Observer,Ashoknagar,Q56,56.1,10.0,14.0,71.43
CLSS,Observer,Ashoknagar,Q56,56.2,11.0,14.0,78.57
CLSS,Observer,Ashoknagar,Q56,56.3,13.0,14.0,92.86
CLSS,Observer,Ashoknagar,Q56,56.4,12.0,14.0,85.71
CLSS,Observer,Ashoknagar,Q56,56.5,12.0,14.0,85.71
CLSS,Observer,Ashoknagar,Q56,56.6,12.0,14.0,85.71
CLSS,Observer,Ashoknagar,Q56,56.7,12.0,14.0,85.71
CLSS,Observer,Ashoknagar,Q56,56.8,3.0,14.0,21.43
CLSS,Observer,Balaghat,Q56,56.1,1.0,1.0,100.0
CLSS,Observer,Balaghat,Q56,56.2,1.0,1.0,100.0
CLSS,Observer,Balaghat,Q56,56.3,1.0,1.0,100.0
CLSS,Observer,Balaghat,Q56,56.4,1.0,1.0,100.0
CLSS,Observer,Balaghat,Q56,56.5,1.0,1.0,100.0
CLSS,Observer,Balaghat,Q56,56.6,1.0,1.0,100.0
CLSS,Observer,Balaghat,Q56,56.7,1.0,1.0,100.0
CLSS,Observer,Balaghat,Q56,56.8,0.0,1.0,0.0
CLSS,Observer,Barwani,Q56,56.1,8.0,9.0,88.89
CLSS,Observer,Barwani,Q56,56.2,8.0,9.0,88.89
CLSS,Observer,Barwani,Q56,56.3,9.0,9.0,100.0
CLSS,Observer,Barwani,Q56,56.4,9.0,9.0,100.0
CLSS,Observer,Barwani,Q56,56.5,9.0,9.0,100.0
CLSS,Observer,Barwani,Q56,56.6,8.0,9.0,88.89
CLSS,Observer,Barwani,Q56,56.7,8.0,9.0,88.89
CLSS,Observer,Barwani,Q56,56.8,3.0,9.0,33.33
CLSS,Observer,Betul,Q56,56.1,4.0,4.0,100.0
CLSS,Observer,Betul,Q56,56.2,4.0,4.0,100.0
CLSS,Observer,Betul,Q56,56.3,4.0,4.0,100.0
CLSS,Observer,Betul,Q56,56.4,4.0,4.0,100.0
CLSS,Observer,Betul,Q56,56.5,4.0,4.0,100.0
CLSS,Observer,Betul,Q56,56.6,4.0,4.0,100.0
CLSS,Observer,Betul,Q56,56.7,4.0,4.0,100.0
CLSS,Observer,Betul,Q56,56.8,2.0,4.0,50.0
CLSS,Observer,Bhind,Q56,56.1,10.0,10.0,100.0
CLSS,Observer,Bhind,Q56,56.2,10.0,10.0,100.0
CLSS,Observer,Bhind,Q56,56.3,10.0,10.0,100.0
CLSS,Observer,Bhind,Q56,56.4,8.0,10.0,80.0
CLSS,Observer,Bhind,Q56,56.5,10.0,10.0,100.0
CLSS,Observer,Bhind,Q56,56.6,10.0,10.0,100.0
CLSS,Observer,Bhind,Q56,56.7,9.0,10.0,90.0
CLSS,Observer,Bhind,Q56,56.8,3.0,10.0,30.0
CLSS,Observer,Bhopal,Q56,56.1,12.0,16.0,75.0
CLSS,Observer,Bhopal,Q56,56.2,14.0,16.0,87.5
CLSS,Observer,Bhopal,Q56,56.3,13.0,16.0,81.25
CLSS,Observer,Bhopal,Q56,56.4,14.0,16.0,87.5
CLSS,Observer,Bhopal,Q56,56.5,12.0,16.0,75.0
CLSS,Observer,Bhopal,Q56,56.6,12.0,16.0,75.0
CLSS,Observer,Bhopal,Q56,56.7,12.0,16.0,75.0
CLSS,Observer,Bhopal,Q56,56.8,3.0,16.0,18.75
CLSS,Observer,Burhanpur,Q56,56.1,2.0,2.0,100.0
CLSS,Observer,Burhanpur,Q56,56.2,2.0,2.0,100.0
CLSS,Observer,Burhanpur,Q56,56.3,2.0,2.0,100.0
CLSS,Observer,Burhanpur,Q56,56.4,2.0,2.0,100.0
CLSS,Observer,Burhanpur,Q56,56.5,2.0,2.0,100.0
CLSS,Observer,Burhanpur,Q56,56.6,2.0,2.0,100.0
CLSS,Observer,Burhanpur,Q56,56.7,2.0,2.0,100.0
CLSS,Observer,Burhanpur,Q56,56.8,0.0,2.0,0.0
CLSS,Observer,Chhatarpur,Q56,56.1,14.0,18.0,77.78
CLSS,Observer,Chhatarpur,Q56,56.2,17.0,18.0,94.44
CLSS,Observer,Chhatarpur,Q56,56.3,16.0,18.0,88.89
CLSS,Observer,Chhatarpur,Q56,56.4,15.0,18.0,83.33
CLSS,Observer,Chhatarpur,Q56,56.5,15.0,18.0,83.33
CLSS,Observer,Chhatarpur,Q56,56.6,15.0,18.0,83.33
CLSS,Observer,Chhatarpur,Q56,56.7,15.0,18.0,83.33
CLSS,Observer,Chhatarpur,Q56,56.8,5.0,18.0,27.78
CLSS,Observer,Chhindwara,Q56,56.1,8.0,11.0,72.73
CLSS,Observer,Chhindwara,Q56,56.2,10.0,11.0,90.91
CLSS,Observer,Chhindwara,Q56,56.3,10.0,11.0,90.91
CLSS,Observer,Chhindwara,Q56,56.4,10.0,11.0,90.91
CLSS,Observer,Chhindwara,Q56,56.5,9.0,11.0,81.82
CLSS,Observer,Chhindwara,Q56,56.6,10.0,11.0,90.91
CLSS,Observer,Chhindwara,Q56,56.7,9.0,11.0,81.82
CLSS,Observer,Chhindwara,Q56,56.8,3.0,11.0,27.27
CLSS,Observer,Damoh,Q56,56.1,3.0,4.0,75.0
CLSS,Observer,Damoh,Q56,56.2,4.0,4.0,100.0
CLSS,Observer,Damoh,Q56,56.3,4.0,4.0,100.0
CLSS,Observer,Damoh,Q56,56.4,4.0,4.0,100.0
CLSS,Observer,Damoh,Q56,56.5,3.0,4.0,75.0
CLSS,Observer,Damoh,Q56,56.6,4.0,4.0,100.0
CLSS,Observer,Damoh,Q56,56.7,4.0,4.0,100.0
CLSS,Observer,Damoh,Q56,56.8,1.0,4.0,25.0
CLSS,Observer,Datia,Q56,56.1,17.0,20.0,85.0
CLSS,Observer,Datia,Q56,56.2,19.0,20.0,95.0
CLSS,Observer,Datia,Q56,56.3,19.0,20.0,95.0
CLSS,Observer,Datia,Q56,56.4,20.0,20.0,100.0
CLSS,Observer,Datia,Q56,56.5,19.0,20.0,95.0
CLSS,Observer,Datia,Q56,56.6,19.0,20.0,95.0
CLSS,Observer,Datia,Q56,56.7,19.0,20.0,95.0
CLSS,Observer,Datia,Q56,56.8,7.0,20.0,35.0
CLSS,Observer,Dhar,Q56,56.1,10.0,11.0,90.91
CLSS,Observer,Dhar,Q56,56.2,10.0,11.0,90.91
CLSS,Observer,Dhar,Q56,56.3,11.0,11.0,100.0
CLSS,Observer,Dhar,Q56,56.4,11.0,11.0,100.0
CLSS,Observer,Dhar,Q56,56.5,11.0,11.0,100.0
CLSS,Observer,Dhar,Q56,56.6,10.0,11.0,90.91
CLSS,Observer,Dhar,Q56,56.7,9.0,11.0,81.82
CLSS,Observer,Dhar,Q56,56.8,5.0,11.0,45.45
CLSS,Observer,Guna,Q56,56.1,15.0,16.0,93.75
CLSS,Observer,Guna,Q56,56.2,14.0,16.0,87.5
CLSS,Observer,Guna,Q56,56.3,14.0,16.0,87.5
CLSS,Observer,Guna,Q56,56.4,14.0,16.0,87.5
CLSS,Observer,Guna,Q56,56.5,14.0,16.0,87.5
CLSS,Observer,Guna,Q56,56.6,14.0,16.0,87.5
CLSS,Observer,Guna,Q56,56.7,14.0,16.0,87.5
CLSS,Observer,Guna,Q56,56.8,5.0,16.0,31.25
CLSS,Observer,Harda,Q56,56.1,3.0,3.0,100.0
CLSS,Observer,Harda,Q56,56.2,2.0,3.0,66.67
CLSS,Observer,Harda,Q56,56.3,3.0,3.0,100.0
CLSS,Observer,Harda,Q56,56.4,3.0,3.0,100.0
CLSS,Observer,Harda,Q56,56.5,3.0,3.0,100.0
CLSS,Observer,Harda,Q56,56.6,3.0,3.0,100.0
CLSS,Observer,Harda,Q56,56.7,3.0,3.0,100.0
CLSS,Observer,Harda,Q56,56.8,1.0,3.0,33.33
CLSS,Observer,Indore,Q56,56.1,6.0,6.0,100.0
CLSS,Observer,Indore,Q56,56.2,6.0,6.0,100.0
CLSS,Observer,Indore,Q56,56.3,5.0,6.0,83.33
CLSS,Observer,Indore,Q56,56.4,5.0,6.0,83.33
CLSS,Observer,Indore,Q56,56.5,6.0,6.0,100.0
CLSS,Observer,Indore,Q56,56.6,6.0,6.0,100.0
CLSS,Observer,Indore,Q56,56.7,5.0,6.0,83.33
CLSS,Observer,Indore,Q56,56.8,3.0,6.0,50.0
CLSS,Observer,Jabalpur,Q56,56.1,5.0,8.0,62.5
CLSS,Observer,Jabalpur,Q56,56.2,6.0,8.0,75.0
CLSS,Observer,Jabalpur,Q56,56.3,6.0,8.0,75.0
CLSS,Observer,Jabalpur,Q56,56.4,6.0,8.0,75.0
CLSS,Observer,Jabalpur,Q56,56.5,6.0,8.0,75.0
CLSS,Observer,Jabalpur,Q56,56.6,5.0,8.0,62.5
CLSS,Observer,Jabalpur,Q56,56.7,6.0,8.0,75.0
CLSS,Observer,Jabalpur,Q56,56.8,2.0,8.0,25.0
CLSS,Observer,Jhabua,Q56,56.1,5.0,5.0,100.0
CLSS,Observer,Jhabua,Q56,56.2,5.0,5.0,100.0
CLSS,Observer,Jhabua,Q56,56.3,5.0,5.0,100.0
CLSS,Observer,Jhabua,Q56,56.4,5.0,5.0,100.0
CLSS,Observer,Jhabua,Q56,56.5,5.0,5.0,100.0
CLSS,Observer,Jhabua,Q56,56.6,5.0,5.0,100.0
CLSS,Observer,Jhabua,Q56,56.7,5.0,5.0,100.0
CLSS,Observer,Jhabua,Q56,56.8,0.0,5.0,0.0
CLSS,Observer,Katni,Q56,56.1,5.0,6.0,83.33
CLSS,Observer,Katni,Q56,56.2,5.0,6.0,83.33
CLSS,Observer,Katni,Q56,56.3,5.0,6.0,83.33
CLSS,Observer,Katni,Q56,56.4,4.0,6.0,66.67
CLSS,Observer,Katni,Q56,56.5,5.0,6.0,83.33
CLSS,Observer,Katni,Q56,56.6,4.0,6.0,66.67
CLSS,Observer,Katni,Q56,56.7,4.0,6.0,66.67
CLSS,Observer,Katni,Q56,56.8,2.0,6.0,33.33
CLSS,Observer,Khandwa,Q56,56.1,11.0,16.0,68.75
CLSS,Observer,Khandwa,Q56,56.2,11.0,16.0,68.75
CLSS,Observer,Khandwa,Q56,56.3,11.0,16.0,68.75
CLSS,Observer,Khandwa,Q56,56.4,13.0,16.0,81.25
CLSS,Observer,Khandwa,Q56,56.5,11.0,16.0,68.75
CLSS,Observer,Khandwa,Q56,56.6,10.0,16.0,62.5
CLSS,Observer,Khandwa,Q56,56.7,11.0,16.0,68.75
CLSS,Observer,Khandwa,Q56,56.8,5.0,16.0,31.25
CLSS,Observer,Khargone,Q56,56.1,33.0,39.0,84.62
CLSS,Observer,Khargone,Q56,56.2,36.0,39.0,92.31
CLSS,Observer,Khargone,Q56,56.3,35.0,39.0,89.74
CLSS,Observer,Khargone,Q56,56.4,36.0,39.0,92.31
CLSS,Observer,Khargone,Q56,56.5,35.0,39.0,89.74
CLSS,Observer,Khargone,Q56,56.6,35.0,39.0,89.74
CLSS,Observer,Khargone,Q56,56.7,33.0,39.0,84.62
CLSS,Observer,Khargone,Q56,56.8,13.0,39.0,33.33
CLSS,Observer,Mandla,Q56,56.1,10.0,11.0,90.91
CLSS,Observer,Mandla,Q56,56.2,10.0,11.0,90.91
CLSS,Observer,Mandla,Q56,56.3,10.0,11.0,90.91
CLSS,Observer,Mandla,Q56,56.4,10.0,11.0,90.91
CLSS,Observer,Mandla,Q56,56.5,10.0,11.0,90.91
CLSS,Observer,Mandla,Q56,56.6,10.0,11.0,90.91
CLSS,Observer,Mandla,Q56,56.7,10.0,11.0,90.91
CLSS,Observer,Mandla,Q56,56.8,1.0,11.0,9.09
CLSS,Observer,Mandsaur,Q56,56.1,7.0,8.0,87.5
CLSS,Observer,Mandsaur,Q56,56.2,8.0,8.0,100.0
CLSS,Observer,Mandsaur,Q56,56.3,8.0,8.0,100.0
CLSS,Observer,Mandsaur,Q56,56.4,8.0,8.0,100.0
CLSS,Observer,Mandsaur,Q56,56.5,8.0,8.0,100.0
CLSS,Observer,Mandsaur,Q56,56.6,8.0,8.0,100.0
CLSS,Observer,Mandsaur,Q56,56.7,7.0,8.0,87.5
CLSS,Observer,Mandsaur,Q56,56.8,3.0,8.0,37.5
CLSS,Observer,Morena,Q56,56.1,35.0,39.0,89.74
CLSS,Observer,Morena,Q56,56.2,34.0,39.0,87.18
CLSS,Observer,Morena,Q56,56.3,35.0,39.0,89.74
CLSS,Observer,Morena,Q56,56.4,36.0,39.0,92.31
CLSS,Observer,Morena,Q56,56.5,33.0,39.0,84.62
CLSS,Observer,Morena,Q56,56.6,35.0,39.0,89.74
CLSS,Observer,Morena,Q56,56.7,35.0,39.0,89.74
CLSS,Observer,Morena,Q56,56.8,9.0,39.0,23.08
CLSS,Observer,Narmadapuram,Q56,56.1,11.0,12.0,91.67
CLSS,Observer,Narmadapuram,Q56,56.2,12.0,12.0,100.0
CLSS,Observer,Narmadapuram,Q56,56.3,12.0,12.0,100.0
CLSS,Observer,Narmadapuram,Q56,56.4,12.0,12.0,100.0
CLSS,Observer,Narmadapuram,Q56,56.5,11.0,12.0,91.67
CLSS,Observer,Narmadapuram,Q56,56.6,11.0,12.0,91.67
CLSS,Observer,Narmadapuram,Q56,56.7,12.0,12.0,100.0
CLSS,Observer,Narmadapuram,Q56,56.8,1.0,12.0,8.33
CLSS,Observer,Narsinghpur,Q56,56.1,4.0,4.0,100.0
CLSS,Observer,Narsinghpur,Q56,56.2,4.0,4.0,100.0
CLSS,Observer,Narsinghpur,Q56,56.3,4.0,4.0,100.0
CLSS,Observer,Narsinghpur,Q56,56.4,4.0,4.0,100.0
CLSS,Observer,Narsinghpur,Q56,56.5,4.0,4.0,100.0
CLSS,Observer,Narsinghpur,Q56,56.6,4.0,4.0,100.0
CLSS,Observer,Narsinghpur,Q56,56.7,4.0,4.0,100.0
CLSS,Observer,Narsinghpur,Q56,56.8,0.0,4.0,0.0
CLSS,Observer,Neemuch,Q56,56.1,3.0,5.0,60.0
CLSS,Observer,Neemuch,Q56,56.2,4.0,5.0,80.0
CLSS,Observer,Neemuch,Q56,56.3,4.0,5.0,80.0
CLSS,Observer,Neemuch,Q56,56.4,5.0,5.0,100.0
CLSS,Observer,Neemuch,Q56,56.5,3.0,5.0,60.0
CLSS,Observer,Neemuch,Q56,56.6,3.0,5.0,60.0
CLSS,Observer,Neemuch,Q56,56.7,3.0,5.0,60.0
CLSS,Observer,Neemuch,Q56,56.8,0.0,5.0,0.0
CLSS,Observer,Niwari,Q56,56.1,5.0,8.0,62.5
CLSS,Observer,Niwari,Q56,56.2,6.0,8.0,75.0
CLSS,Observer,Niwari,Q56,56.3,8.0,8.0,100.0
CLSS,Observer,Niwari,Q56,56.4,7.0,8.0,87.5
CLSS,Observer,Niwari,Q56,56.5,7.0,8.0,87.5
CLSS,Observer,Niwari,Q56,56.6,7.0,8.0,87.5
CLSS,Observer,Niwari,Q56,56.7,7.0,8.0,87.5
CLSS,Observer,Niwari,Q56,56.8,1.0,8.0,12.5
CLSS,Observer,Panna,Q56,56.1,9.0,11.0,81.82
CLSS,Observer,Panna,Q56,56.2,9.0,11.0,81.82
CLSS,Observer,Panna,Q56,56.3,9.0,11.0,81.82
CLSS,Observer,Panna,Q56,56.4,9.0,11.0,81.82
CLSS,Observer,Panna,Q56,56.5,9.0,11.0,81.82
CLSS,Observer,Panna,Q56,56.6,10.0,11.0,90.91
CLSS,Observer,Panna,Q56,56.7,9.0,11.0,81.82
CLSS,Observer,Panna,Q56,56.8,5.0,11.0,45.45
CLSS,Observer,Raisen,Q56,56.1,17.0,18.0,94.44
CLSS,Observer,Raisen,Q56,56.2,17.0,18.0,94.44
CLSS,Observer,Raisen,Q56,56.3,17.0,18.0,94.44
CLSS,Observer,Raisen,Q56,56.4,17.0,18.0,94.44
CLSS,Observer,Raisen,Q56,56.5,17.0,18.0,94.44
CLSS,Observer,Raisen,Q56,56.6,17.0,18.0,94.44
CLSS,Observer,Raisen,Q56,56.7,17.0,18.0,94.44
CLSS,Observer,Raisen,Q56,56.8,5.0,18.0,27.78
CLSS,Observer,Rajgarh,Q56,56.1,11.0,11.0,100.0
CLSS,Observer,Rajgarh,Q56,56.2,10.0,11.0,90.91
CLSS,Observer,Rajgarh,Q56,56.3,9.0,11.0,81.82
CLSS,Observer,Rajgarh,Q56,56.4,10.0,11.0,90.91
CLSS,Observer,Rajgarh,Q56,56.5,9.0,11.0,81.82
CLSS,Observer,Rajgarh,Q56,56.6,10.0,11.0,90.91
CLSS,Observer,Rajgarh,Q56,56.7,10.0,11.0,90.91
CLSS,Observer,Rajgarh,Q56,56.8,1.0,11.0,9.09
CLSS,Observer,Ratlam,Q56,56.1,3.0,5.0,60.0
CLSS,Observer,Ratlam,Q56,56.2,4.0,5.0,80.0
CLSS,Observer,Ratlam,Q56,56.3,4.0,5.0,80.0
CLSS,Observer,Ratlam,Q56,56.4,4.0,5.0,80.0
CLSS,Observer,Ratlam,Q56,56.5,4.0,5.0,80.0
CLSS,Observer,Ratlam,Q56,56.6,4.0,5.0,80.0
CLSS,Observer,Ratlam,Q56,56.7,4.0,5.0,80.0
CLSS,Observer,Ratlam,Q56,56.8,3.0,5.0,60.0
CLSS,Observer,Rewa,Q56,56.1,1.0,1.0,100.0
CLSS,Observer,Rewa,Q56,56.2,1.0,1.0,100.0
CLSS,Observer,Rewa,Q56,56.3,1.0,1.0,100.0
CLSS,Observer,Rewa,Q56,56.4,1.0,1.0,100.0
CLSS,Observer,Rewa,Q56,56.5,1.0,1.0,100.0
CLSS,Observer,Rewa,Q56,56.6,1.0,1.0,100.0
CLSS,Observer,Rewa,Q56,56.7,1.0,1.0,100.0
CLSS,Observer,Rewa,Q56,56.8,0.0,1.0,0.0
CLSS,Observer,Sagar,Q56,56.1,12.0,15.0,80.0
CLSS,Observer,Sagar,Q56,56.2,12.0,15.0,80.0
CLSS,Observer,Sagar,Q56,56.3,13.0,15.0,86.67
CLSS,Observer,Sagar,Q56,56.4,11.0,15.0,73.33
CLSS,Observer,Sagar,Q56,56.5,12.0,15.0,80.0
CLSS,Observer,Sagar,Q56,56.6,13.0,15.0,86.67
CLSS,Observer,Sagar,Q56,56.7,11.0,15.0,73.33
CLSS,Observer,Sagar,Q56,56.8,3.0,15.0,20.0
CLSS,Observer,Satna,Q56,56.1,9.0,10.0,90.0
CLSS,Observer,Satna,Q56,56.2,10.0,10.0,100.0
CLSS,Observer,Satna,Q56,56.3,9.0,10.0,90.0
CLSS,Observer,Satna,Q56,56.4,10.0,10.0,100.0
CLSS,Observer,Satna,Q56,56.5,9.0,10.0,90.0
CLSS,Observer,Satna,Q56,56.6,10.0,10.0,100.0
CLSS,Observer,Satna,Q56,56.7,10.0,10.0,100.0
CLSS,Observer,Satna,Q56,56.8,4.0,10.0,40.0
CLSS,Observer,Seoni,Q56,56.1,25.0,29.0,86.21
CLSS,Observer,Seoni,Q56,56.2,28.0,29.0,96.55
CLSS,Observer,Seoni,Q56,56.3,28.0,29.0,96.55
CLSS,Observer,Seoni,Q56,56.4,28.0,29.0,96.55
CLSS,Observer,Seoni,Q56,56.5,26.0,29.0,89.66
CLSS,Observer,Seoni,Q56,56.6,27.0,29.0,93.1
CLSS,Observer,Seoni,Q56,56.7,26.0,29.0,89.66
CLSS,Observer,Seoni,Q56,56.8,7.0,29.0,24.14
CLSS,Observer,Shahdol,Q56,56.1,11.0,11.0,100.0
CLSS,Observer,Shahdol,Q56,56.2,11.0,11.0,100.0
CLSS,Observer,Shahdol,Q56,56.3,11.0,11.0,100.0
CLSS,Observer,Shahdol,Q56,56.4,11.0,11.0,100.0
CLSS,Observer,Shahdol,Q56,56.5,11.0,11.0,100.0
CLSS,Observer,Shahdol,Q56,56.6,11.0,11.0,100.0
CLSS,Observer,Shahdol,Q56,56.7,11.0,11.0,100.0
CLSS,Observer,Shahdol,Q56,56.8,7.0,11.0,63.64
CLSS,Observer,Shajapur,Q56,56.1,13.0,13.0,100.0
CLSS,Observer,Shajapur,Q56,56.2,13.0,13.0,100.0
CLSS,Observer,Shajapur,Q56,56.3,13.0,13.0,100.0
CLSS,Observer,Shajapur,Q56,56.4,13.0,13.0,100.0
CLSS,Observer,Shajapur,Q56,56.5,12.0,13.0,92.31
CLSS,Observer,Shajapur,Q56,56.6,13.0,13.0,100.0
CLSS,Observer,Shajapur,Q56,56.7,12.0,13.0,92.31
CLSS,Observer,Shajapur,Q56,56.8,5.0,13.0,38.46
CLSS,Observer,Sheopur,Q56,56.1,18.0,24.0,75.0
CLSS,Observer,Sheopur,Q56,56.2,22.0,24.0,91.67
CLSS,Observer,Sheopur,Q56,56.3,20.0,24.0,83.33
CLSS,Observer,Sheopur,Q56,56.4,19.0,24.0,79.17
CLSS,Observer,Sheopur,Q56,56.5,20.0,24.0,83.33
CLSS,Observer,Sheopur,Q56,56.6,21.0,24.0,87.5
CLSS,Observer,Sheopur,Q56,56.7,20.0,24.0,83.33
CLSS,Observer,Sheopur,Q56,56.8,8.0,24.0,33.33
CLSS,Observer,Shivpuri,Q56,56.1,4.0,7.0,57.14
CLSS,Observer,Shivpuri,Q56,56.2,5.0,7.0,71.43
CLSS,Observer,Shivpuri,Q56,56.3,5.0,7.0,71.43
CLSS,Observer,Shivpuri,Q56,56.4,5.0,7.0,71.43
CLSS,Observer,Shivpuri,Q56,56.5,4.0,7.0,57.14
CLSS,Observer,Shivpuri,Q56,56.6,5.0,7.0,71.43
CLSS,Observer,Shivpuri,Q56,56.7,4.0,7.0,57.14
CLSS,Observer,Shivpuri,Q56,56.8,4.0,7.0,57.14
CLSS,Observer,Sidhi,Q56,56.1,4.0,4.0,100.0
CLSS,Observer,Sidhi,Q56,56.2,4.0,4.0,100.0
CLSS,Observer,Sidhi,Q56,56.3,4.0,4.0,100.0
CLSS,Observer,Sidhi,Q56,56.4,4.0,4.0,100.0
CLSS,Observer,Sidhi,Q56,56.5,4.0,4.0,100.0
CLSS,Observer,Sidhi,Q56,56.6,4.0,4.0,100.0
CLSS,Observer,Sidhi,Q56,56.7,4.0,4.0,100.0
CLSS,Observer,Sidhi,Q56,56.8,1.0,4.0,25.0
CLSS,Observer,Singrauli,Q56,56.1,1.0,1.0,100.0
CLSS,Observer,Singrauli,Q56,56.2,1.0,1.0,100.0
CLSS,Observer,Singrauli,Q56,56.3,1.0,1.0,100.0
CLSS,Observer,Singrauli,Q56,56.4,1.0,1.0,100.0
CLSS,Observer,Singrauli,Q56,56.5,1.0,1.0,100.0
CLSS,Observer,Singrauli,Q56,56.6,1.0,1.0,100.0
CLSS,Observer,Singrauli,Q56,56.7,1.0,1.0,100.0
CLSS,Observer,Singrauli,Q56,56.8,1.0,1.0,100.0
CLSS,Observer,Tikamgarh,Q56,56.1,2.0,2.0,100.0
CLSS,Observer,Tikamgarh,Q56,56.2,2.0,2.0,100.0
CLSS,Observer,Tikamgarh,Q56,56.3,2.0,2.0,100.0
CLSS,Observer,Tikamgarh,Q56,56.4,2.0,2.0,100.0
CLSS,Observer,Tikamgarh,Q56,56.5,2.0,2.0,100.0
CLSS,Observer,Tikamgarh,Q56,56.6,2.0,2.0,100.0
CLSS,Observer,Tikamgarh,Q56,56.7,2.0,2.0,100.0
CLSS,Observer,Tikamgarh,Q56,56.8,0.0,2.0,0.0
CLSS,Observer,Ujjain,Q56,56.1,7.0,7.0,100.0
CLSS,Observer,Ujjain,Q56,56.2,7.0,7.0,100.0
CLSS,Observer,Ujjain,Q56,56.3,7.0,7.0,100.0
CLSS,Observer,Ujjain,Q56,56.4,6.0,7.0,85.71
CLSS,Observer,Ujjain,Q56,56.5,6.0,7.0,85.71
CLSS,Observer,Ujjain,Q56,56.6,7.0,7.0,100.0
CLSS,Observer,Ujjain,Q56,56.7,7.0,7.0,100.0
CLSS,Observer,Ujjain,Q56,56.8,1.0,7.0,14.29
CLSS,Observer,Umaria,Q56,56.1,1.0,3.0,33.33
CLSS,Observer,Umaria,Q56,56.2,3.0,3.0,100.0
CLSS,Observer,Umaria,Q56,56.3,3.0,3.0,100.0
CLSS,Observer,Umaria,Q56,56.4,3.0,3.0,100.0
CLSS,Observer,Umaria,Q56,56.5,3.0,3.0,100.0
CLSS,Observer,Umaria,Q56,56.6,3.0,3.0,100.0
CLSS,Observer,Umaria,Q56,56.7,3.0,3.0,100.0
CLSS,Observer,Umaria,Q56,56.8,1.0,3.0,33.33
CLSS,Observer,Vidisha,Q56,56.1,1.0,1.0,100.0
CLSS,Observer,Vidisha,Q56,56.2,1.0,1.0,100.0
CLSS,Observer,Vidisha,Q56,56.3,1.0,1.0,100.0
CLSS,Observer,Vidisha,Q56,56.4,0.0,1.0,0.0
CLSS,Observer,Vidisha,Q56,56.5,1.0,1.0,100.0
CLSS,Observer,Vidisha,Q56,56.6,1.0,1.0,100.0
CLSS,Observer,Vidisha,Q56,56.7,1.0,1.0,100.0
CLSS,Observer,Vidisha,Q56,56.8,0.0,1.0,0.0
CLSS,Observer,Total,Q56,56.1,439.0,516.0,85.08
CLSS,Observer,Total,Q56,56.2,468.0,516.0,90.7
CLSS,Observer,Total,Q56,56.3,469.0,516.0,90.89
CLSS,Observer,Total,Q56,56.4,467.0,516.0,90.5
CLSS,Observer,Total,Q56,56.5,453.0,516.0,87.79
CLSS,Observer,Total,Q56,56.6,460.0,516.0,89.15
CLSS,Observer,Total,Q56,56.7,447.0,516.0,86.63
CLSS,Observer,Total,Q56,56.8,149.0,516.0,28.88
CLSS,Observer,Agar Malwa,Q57,Sum of responses,108.0,8.0,1350.0
CLSS,Observer,Alirajpur,Q57,Sum of responses,101.0,15.0,673.33
CLSS,Observer,Anuppur,Q57,Sum of responses,217.0,14.0,1550.0
CLSS,Observer,Ashoknagar,Q57,Sum of responses,245.0,14.0,1750.0
CLSS,Observer,Balaghat,Q57,Sum of responses,11.0,1.0,1100.0
CLSS,Observer,Barwani,Q57,Sum of responses,110.0,9.0,1222.22
CLSS,Observer,Betul,Q57,Sum of responses,64.0,4.0,1600.0
CLSS,Observer,Bhind,Q57,Sum of responses,120.0,10.0,1200.0
CLSS,Observer,Bhopal,Q57,Sum of responses,176.0,16.0,1100.0
CLSS,Observer,Burhanpur,Q57,Sum of responses,30.0,2.0,1500.0
CLSS,Observer,Chhatarpur,Q57,Sum of responses,236.0,18.0,1311.11
CLSS,Observer,Chhindwara,Q57,Sum of responses,159.0,11.0,1445.45
CLSS,Observer,Damoh,Q57,Sum of responses,41.0,4.0,1025.0
CLSS,Observer,Datia,Q57,Sum of responses,340.0,20.0,1700.0
CLSS,Observer,Dhar,Q57,Sum of responses,114.0,11.0,1036.36
CLSS,Observer,Guna,Q57,Sum of responses,241.0,16.0,1506.25
CLSS,Observer,Harda,Q57,Sum of responses,49.0,3.0,1633.33
CLSS,Observer,Indore,Q57,Sum of responses,65.0,6.0,1083.33
CLSS,Observer,Jabalpur,Q57,Sum of responses,96.0,8.0,1200.0
CLSS,Observer,Jhabua,Q57,Sum of responses,59.0,5.0,1180.0
CLSS,Observer,Katni,Q57,Sum of responses,94.0,6.0,1566.67
CLSS,Observer,Khandwa,Q57,Sum of responses,205.0,16.0,1281.25
CLSS,Observer,Khargone,Q57,Sum of responses,401.0,39.0,1028.21
CLSS,Observer,Mandla,Q57,Sum of responses,156.0,11.0,1418.18
CLSS,Observer,Mandsaur,Q57,Sum of responses,143.0,8.0,1787.5
CLSS,Observer,Morena,Q57,Sum of responses,739.0,39.0,1894.87
CLSS,Observer,Narmadapuram,Q57,Sum of responses,160.0,12.0,1333.33
CLSS,Observer,Narsinghpur,Q57,Sum of responses,45.0,4.0,1125.0
CLSS,Observer,Neemuch,Q57,Sum of responses,75.0,5.0,1500.0
CLSS,Observer,Niwari,Q57,Sum of responses,74.0,8.0,925.0
CLSS,Observer,Panna,Q57,Sum of responses,154.0,11.0,1400.0
CLSS,Observer,Raisen,Q57,Sum of responses,219.0,18.0,1216.67
CLSS,Observer,Rajgarh,Q57,Sum of responses,146.0,11.0,1327.27
CLSS,Observer,Ratlam,Q57,Sum of responses,75.0,5.0,1500.0
CLSS,Observer,Rewa,Q57,Sum of responses,9.0,1.0,900.0
CLSS,Observer,Sagar,Q57,Sum of responses,164.0,15.0,1093.33
CLSS,Observer,Satna,Q57,Sum of responses,106.0,10.0,1060.0
CLSS,Observer,Seoni,Q57,Sum of responses,423.0,29.0,1458.62
CLSS,Observer,Shahdol,Q57,Sum of responses,104.0,11.0,945.45
CLSS,Observer,Shajapur,Q57,Sum of responses,230.0,13.0,1769.23
CLSS,Observer,Sheopur,Q57,Sum of responses,233.0,24.0,970.83
CLSS,Observer,Shivpuri,Q57,Sum of responses,112.0,7.0,1600.0
CLSS,Observer,Sidhi,Q57,Sum of responses,72.0,4.0,1800.0
CLSS,Observer,Singrauli,Q57,Sum of responses,11.0,1.0,1100.0
CLSS,Observer,Tikamgarh,Q57,Sum of responses,22.0,2.0,1100.0
CLSS,Observer,Ujjain,Q57,Sum of responses,84.0,7.0,1200.0
CLSS,Observer,Umaria,Q57,Sum of responses,45.0,3.0,1500.0
CLSS,Observer,Vidisha,Q57,Sum of responses,14.0,1.0,1400.0
CLSS,Observer,Grand Total,Q57,Sum of responses,6897.0,0.0,0.0
CLSS,Observer,Agar Malwa,Q58,58.1,3.0,8.0,37.5
CLSS,Observer,Agar Malwa,Q58,58.2,7.0,8.0,87.5
CLSS,Observer,Agar Malwa,Q58,58.3,8.0,8.0,100.0
CLSS,Observer,Agar Malwa,Q58,58.4,6.0,8.0,75.0
CLSS,Observer,Alirajpur,Q58,58.1,9.0,15.0,60.0
CLSS,Observer,Alirajpur,Q58,58.2,14.0,15.0,93.33
CLSS,Observer,Alirajpur,Q58,58.3,13.0,15.0,86.67
CLSS,Observer,Alirajpur,Q58,58.4,11.0,15.0,73.33
CLSS,Observer,Anuppur,Q58,58.1,9.0,14.0,64.29
CLSS,Observer,Anuppur,Q58,58.2,13.0,14.0,92.86
CLSS,Observer,Anuppur,Q58,58.3,14.0,14.0,100.0
CLSS,Observer,Anuppur,Q58,58.4,12.0,14.0,85.71
CLSS,Observer,Ashoknagar,Q58,58.1,9.0,14.0,64.29
CLSS,Observer,Ashoknagar,Q58,58.2,11.0,14.0,78.57
CLSS,Observer,Ashoknagar,Q58,58.3,13.0,14.0,92.86
CLSS,Observer,Ashoknagar,Q58,58.4,9.0,14.0,64.29
CLSS,Observer,Balaghat,Q58,58.1,1.0,1.0,100.0
CLSS,Observer,Balaghat,Q58,58.2,1.0,1.0,100.0
CLSS,Observer,Balaghat,Q58,58.3,1.0,1.0,100.0
CLSS,Observer,Balaghat,Q58,58.4,1.0,1.0,100.0
CLSS,Observer,Barwani,Q58,58.1,4.0,9.0,44.44
CLSS,Observer,Barwani,Q58,58.2,8.0,9.0,88.89
CLSS,Observer,Barwani,Q58,58.3,8.0,9.0,88.89
CLSS,Observer,Barwani,Q58,58.4,9.0,9.0,100.0
CLSS,Observer,Betul,Q58,58.1,4.0,4.0,100.0
CLSS,Observer,Betul,Q58,58.2,4.0,4.0,100.0
CLSS,Observer,Betul,Q58,58.3,4.0,4.0,100.0
CLSS,Observer,Betul,Q58,58.4,4.0,4.0,100.0
CLSS,Observer,Bhind,Q58,58.1,7.0,10.0,70.0
CLSS,Observer,Bhind,Q58,58.2,7.0,10.0,70.0
CLSS,Observer,Bhind,Q58,58.3,10.0,10.0,100.0
CLSS,Observer,Bhind,Q58,58.4,9.0,10.0,90.0
CLSS,Observer,Bhopal,Q58,58.1,13.0,16.0,81.25
CLSS,Observer,Bhopal,Q58,58.2,14.0,16.0,87.5
CLSS,Observer,Bhopal,Q58,58.3,15.0,16.0,93.75
CLSS,Observer,Bhopal,Q58,58.4,12.0,16.0,75.0
CLSS,Observer,Burhanpur,Q58,58.1,2.0,2.0,100.0
CLSS,Observer,Burhanpur,Q58,58.2,2.0,2.0,100.0
CLSS,Observer,Burhanpur,Q58,58.3,2.0,2.0,100.0
CLSS,Observer,Burhanpur,Q58,58.4,2.0,2.0,100.0
CLSS,Observer,Chhatarpur,Q58,58.1,7.0,18.0,38.89
CLSS,Observer,Chhatarpur,Q58,58.2,11.0,18.0,61.11
CLSS,Observer,Chhatarpur,Q58,58.3,15.0,18.0,83.33
CLSS,Observer,Chhatarpur,Q58,58.4,14.0,18.0,77.78
CLSS,Observer,Chhindwara,Q58,58.1,9.0,11.0,81.82
CLSS,Observer,Chhindwara,Q58,58.2,10.0,11.0,90.91
CLSS,Observer,Chhindwara,Q58,58.3,10.0,11.0,90.91
CLSS,Observer,Chhindwara,Q58,58.4,9.0,11.0,81.82
CLSS,Observer,Damoh,Q58,58.1,1.0,4.0,25.0
CLSS,Observer,Damoh,Q58,58.2,3.0,4.0,75.0
CLSS,Observer,Damoh,Q58,58.3,4.0,4.0,100.0
CLSS,Observer,Damoh,Q58,58.4,2.0,4.0,50.0
CLSS,Observer,Datia,Q58,58.1,12.0,20.0,60.0
CLSS,Observer,Datia,Q58,58.2,17.0,20.0,85.0
CLSS,Observer,Datia,Q58,58.3,20.0,20.0,100.0
CLSS,Observer,Datia,Q58,58.4,14.0,20.0,70.0
CLSS,Observer,Dhar,Q58,58.1,8.0,11.0,72.73
CLSS,Observer,Dhar,Q58,58.2,9.0,11.0,81.82
CLSS,Observer,Dhar,Q58,58.3,9.0,11.0,81.82
CLSS,Observer,Dhar,Q58,58.4,10.0,11.0,90.91
CLSS,Observer,Guna,Q58,58.1,10.0,16.0,62.5
CLSS,Observer,Guna,Q58,58.2,11.0,16.0,68.75
CLSS,Observer,Guna,Q58,58.3,13.0,16.0,81.25
CLSS,Observer,Guna,Q58,58.4,13.0,16.0,81.25
CLSS,Observer,Harda,Q58,58.1,2.0,3.0,66.67
CLSS,Observer,Harda,Q58,58.2,3.0,3.0,100.0
CLSS,Observer,Harda,Q58,58.3,3.0,3.0,100.0
CLSS,Observer,Harda,Q58,58.4,3.0,3.0,100.0
CLSS,Observer,Indore,Q58,58.1,4.0,6.0,66.67
CLSS,Observer,Indore,Q58,58.2,6.0,6.0,100.0
CLSS,Observer,Indore,Q58,58.3,6.0,6.0,100.0
CLSS,Observer,Indore,Q58,58.4,6.0,6.0,100.0
CLSS,Observer,Jabalpur,Q58,58.1,7.0,8.0,87.5
CLSS,Observer,Jabalpur,Q58,58.2,8.0,8.0,100.0
CLSS,Observer,Jabalpur,Q58,58.3,7.0,8.0,87.5
CLSS,Observer,Jabalpur,Q58,58.4,5.0,8.0,62.5
CLSS,Observer,Jhabua,Q58,58.1,4.0,5.0,80.0
CLSS,Observer,Jhabua,Q58,58.2,5.0,5.0,100.0
CLSS,Observer,Jhabua,Q58,58.3,5.0,5.0,100.0
CLSS,Observer,Jhabua,Q58,58.4,5.0,5.0,100.0
CLSS,Observer,Katni,Q58,58.1,4.0,6.0,66.67
CLSS,Observer,Katni,Q58,58.2,5.0,6.0,83.33
CLSS,Observer,Katni,Q58,58.3,5.0,6.0,83.33
CLSS,Observer,Katni,Q58,58.4,4.0,6.0,66.67
CLSS,Observer,Khandwa,Q58,58.1,12.0,16.0,75.0
CLSS,Observer,Khandwa,Q58,58.2,12.0,16.0,75.0
CLSS,Observer,Khandwa,Q58,58.3,16.0,16.0,100.0
CLSS,Observer,Khandwa,Q58,58.4,13.0,16.0,81.25
CLSS,Observer,Khargone,Q58,58.1,33.0,39.0,84.62
CLSS,Observer,Khargone,Q58,58.2,37.0,39.0,94.87
CLSS,Observer,Khargone,Q58,58.3,37.0,39.0,94.87
CLSS,Observer,Khargone,Q58,58.4,36.0,39.0,92.31
CLSS,Observer,Mandla,Q58,58.1,7.0,11.0,63.64
CLSS,Observer,Mandla,Q58,58.2,5.0,11.0,45.45
CLSS,Observer,Mandla,Q58,58.3,10.0,11.0,90.91
CLSS,Observer,Mandla,Q58,58.4,8.0,11.0,72.73
CLSS,Observer,Mandsaur,Q58,58.1,4.0,8.0,50.0
CLSS,Observer,Mandsaur,Q58,58.2,8.0,8.0,100.0
CLSS,Observer,Mandsaur,Q58,58.3,8.0,8.0,100.0
CLSS,Observer,Mandsaur,Q58,58.4,7.0,8.0,87.5
CLSS,Observer,Morena,Q58,58.1,21.0,39.0,53.85
CLSS,Observer,Morena,Q58,58.2,31.0,39.0,79.49
CLSS,Observer,Morena,Q58,58.3,38.0,39.0,97.44
CLSS,Observer,Morena,Q58,58.4,32.0,39.0,82.05
CLSS,Observer,Narmadapuram,Q58,58.1,9.0,12.0,75.0
CLSS,Observer,Narmadapuram,Q58,58.2,10.0,12.0,83.33
CLSS,Observer,Narmadapuram,Q58,58.3,11.0,12.0,91.67
CLSS,Observer,Narmadapuram,Q58,58.4,11.0,12.0,91.67
CLSS,Observer,Narsinghpur,Q58,58.1,1.0,4.0,25.0
CLSS,Observer,Narsinghpur,Q58,58.2,2.0,4.0,50.0
CLSS,Observer,Narsinghpur,Q58,58.3,4.0,4.0,100.0
CLSS,Observer,Narsinghpur,Q58,58.4,3.0,4.0,75.0
CLSS,Observer,Neemuch,Q58,58.1,3.0,5.0,60.0
CLSS,Observer,Neemuch,Q58,58.2,4.0,5.0,80.0
CLSS,Observer,Neemuch,Q58,58.3,4.0,5.0,80.0
CLSS,Observer,Neemuch,Q58,58.4,3.0,5.0,60.0
CLSS,Observer,Niwari,Q58,58.1,1.0,8.0,12.5
CLSS,Observer,Niwari,Q58,58.2,7.0,8.0,87.5
CLSS,Observer,Niwari,Q58,58.3,8.0,8.0,100.0
CLSS,Observer,Niwari,Q58,58.4,7.0,8.0,87.5
CLSS,Observer,Panna,Q58,58.1,8.0,11.0,72.73
CLSS,Observer,Panna,Q58,58.2,9.0,11.0,81.82
CLSS,Observer,Panna,Q58,58.3,9.0,11.0,81.82
CLSS,Observer,Panna,Q58,58.4,11.0,11.0,100.0
CLSS,Observer,Raisen,Q58,58.1,11.0,18.0,61.11
CLSS,Observer,Raisen,Q58,58.2,17.0,18.0,94.44
CLSS,Observer,Raisen,Q58,58.3,18.0,18.0,100.0
CLSS,Observer,Raisen,Q58,58.4,17.0,18.0,94.44
CLSS,Observer,Rajgarh,Q58,58.1,7.0,11.0,63.64
CLSS,Observer,Rajgarh,Q58,58.2,9.0,11.0,81.82
CLSS,Observer,Rajgarh,Q58,58.3,11.0,11.0,100.0
CLSS,Observer,Rajgarh,Q58,58.4,9.0,11.0,81.82
CLSS,Observer,Ratlam,Q58,58.1,1.0,5.0,20.0
CLSS,Observer,Ratlam,Q58,58.2,4.0,5.0,80.0
CLSS,Observer,Ratlam,Q58,58.3,4.0,5.0,80.0
CLSS,Observer,Ratlam,Q58,58.4,4.0,5.0,80.0
CLSS,Observer,Rewa,Q58,58.1,1.0,1.0,100.0
CLSS,Observer,Rewa,Q58,58.2,1.0,1.0,100.0
CLSS,Observer,Rewa,Q58,58.3,1.0,1.0,100.0
CLSS,Observer,Rewa,Q58,58.4,1.0,1.0,100.0
CLSS,Observer,Sagar,Q58,58.1,6.0,15.0,40.0
CLSS,Observer,Sagar,Q58,58.2,9.0,15.0,60.0
CLSS,Observer,Sagar,Q58,58.3,14.0,15.0,93.33
CLSS,Observer,Sagar,Q58,58.4,8.0,15.0,53.33
CLSS,Observer,Satna,Q58,58.1,5.0,10.0,50.0
CLSS,Observer,Satna,Q58,58.2,9.0,10.0,90.0
CLSS,Observer,Satna,Q58,58.3,10.0,10.0,100.0
CLSS,Observer,Satna,Q58,58.4,10.0,10.0,100.0
CLSS,Observer,Seoni,Q58,58.1,25.0,29.0,86.21
CLSS,Observer,Seoni,Q58,58.2,26.0,29.0,89.66
CLSS,Observer,Seoni,Q58,58.3,27.0,29.0,93.1
CLSS,Observer,Seoni,Q58,58.4,24.0,29.0,82.76
CLSS,Observer,Shahdol,Q58,58.1,9.0,11.0,81.82
CLSS,Observer,Shahdol,Q58,58.2,11.0,11.0,100.0
CLSS,Observer,Shahdol,Q58,58.3,11.0,11.0,100.0
CLSS,Observer,Shahdol,Q58,58.4,10.0,11.0,90.91
CLSS,Observer,Shajapur,Q58,58.1,9.0,13.0,69.23
CLSS,Observer,Shajapur,Q58,58.2,11.0,13.0,84.62
CLSS,Observer,Shajapur,Q58,58.3,11.0,13.0,84.62
CLSS,Observer,Shajapur,Q58,58.4,12.0,13.0,92.31
CLSS,Observer,Sheopur,Q58,58.1,16.0,24.0,66.67
CLSS,Observer,Sheopur,Q58,58.2,20.0,24.0,83.33
CLSS,Observer,Sheopur,Q58,58.3,21.0,24.0,87.5
CLSS,Observer,Sheopur,Q58,58.4,17.0,24.0,70.83
CLSS,Observer,Shivpuri,Q58,58.1,5.0,7.0,71.43
CLSS,Observer,Shivpuri,Q58,58.2,7.0,7.0,100.0
CLSS,Observer,Shivpuri,Q58,58.3,6.0,7.0,85.71
CLSS,Observer,Shivpuri,Q58,58.4,7.0,7.0,100.0
CLSS,Observer,Sidhi,Q58,58.1,3.0,4.0,75.0
CLSS,Observer,Sidhi,Q58,58.2,4.0,4.0,100.0
CLSS,Observer,Sidhi,Q58,58.3,4.0,4.0,100.0
CLSS,Observer,Sidhi,Q58,58.4,4.0,4.0,100.0
CLSS,Observer,Singrauli,Q58,58.1,1.0,1.0,100.0
CLSS,Observer,Singrauli,Q58,58.2,1.0,1.0,100.0
CLSS,Observer,Singrauli,Q58,58.3,1.0,1.0,100.0
CLSS,Observer,Singrauli,Q58,58.4,1.0,1.0,100.0
CLSS,Observer,Tikamgarh,Q58,58.1,1.0,2.0,50.0
CLSS,Observer,Tikamgarh,Q58,58.2,1.0,2.0,50.0
CLSS,Observer,Tikamgarh,Q58,58.3,2.0,2.0,100.0
CLSS,Observer,Tikamgarh,Q58,58.4,2.0,2.0,100.0
CLSS,Observer,Ujjain,Q58,58.1,5.0,7.0,71.43
CLSS,Observer,Ujjain,Q58,58.2,7.0,7.0,100.0
CLSS,Observer,Ujjain,Q58,58.3,7.0,7.0,100.0
CLSS,Observer,Ujjain,Q58,58.4,7.0,7.0,100.0
CLSS,Observer,Umaria,Q58,58.1,1.0,3.0,33.33
CLSS,Observer,Umaria,Q58,58.2,2.0,3.0,66.67
CLSS,Observer,Umaria,Q58,58.3,3.0,3.0,100.0
CLSS,Observer,Umaria,Q58,58.4,2.0,3.0,66.67
CLSS,Observer,Vidisha,Q58,58.1,1.0,1.0,100.0
CLSS,Observer,Vidisha,Q58,58.2,1.0,1.0,100.0
CLSS,Observer,Vidisha,Q58,58.3,1.0,1.0,100.0
CLSS,Observer,Vidisha,Q58,58.4,1.0,1.0,100.0
CLSS,Observer,Total,Q58,58.1,335.0,516.0,64.92
CLSS,Observer,Total,Q58,58.2,434.0,516.0,84.11
CLSS,Observer,Total,Q58,58.3,482.0,516.0,93.41
CLSS,Observer,Total,Q58,58.4,427.0,516.0,82.75
CLSS,Observer,Agar Malwa,Q59,59.1,5.0,8.0,62.5
CLSS,Observer,Agar Malwa,Q59,59.2,3.0,8.0,37.5
CLSS,Observer,Agar Malwa,Q59,59.3,0.0,8.0,0.0
CLSS,Observer,Alirajpur,Q59,59.1,13.0,15.0,86.67
CLSS,Observer,Alirajpur,Q59,59.2,2.0,15.0,13.33
CLSS,Observer,Alirajpur,Q59,59.3,0.0,15.0,0.0
CLSS,Observer,Anuppur,Q59,59.1,8.0,14.0,57.14
CLSS,Observer,Anuppur,Q59,59.2,6.0,14.0,42.86
CLSS,Observer,Anuppur,Q59,59.3,0.0,14.0,0.0
CLSS,Observer,Ashoknagar,Q59,59.1,12.0,14.0,85.71
CLSS,Observer,Ashoknagar,Q59,59.2,2.0,14.0,14.29
CLSS,Observer,Ashoknagar,Q59,59.3,0.0,14.0,0.0
CLSS,Observer,Balaghat,Q59,59.1,0.0,1.0,0.0
CLSS,Observer,Balaghat,Q59,59.2,1.0,1.0,100.0
CLSS,Observer,Balaghat,Q59,59.3,0.0,1.0,0.0
CLSS,Observer,Barwani,Q59,59.1,5.0,9.0,55.56
CLSS,Observer,Barwani,Q59,59.2,4.0,9.0,44.44
CLSS,Observer,Barwani,Q59,59.3,0.0,9.0,0.0
CLSS,Observer,Betul,Q59,59.1,4.0,4.0,100.0
CLSS,Observer,Betul,Q59,59.2,0.0,4.0,0.0
CLSS,Observer,Betul,Q59,59.3,0.0,4.0,0.0
CLSS,Observer,Bhind,Q59,59.1,5.0,10.0,50.0
CLSS,Observer,Bhind,Q59,59.2,4.0,10.0,40.0
CLSS,Observer,Bhind,Q59,59.3,1.0,10.0,10.0
CLSS,Observer,Bhopal,Q59,59.1,9.0,16.0,56.25
CLSS,Observer,Bhopal,Q59,59.2,7.0,16.0,43.75
CLSS,Observer,Bhopal,Q59,59.3,0.0,16.0,0.0
CLSS,Observer,Burhanpur,Q59,59.1,1.0,2.0,50.0
CLSS,Observer,Burhanpur,Q59,59.2,1.0,2.0,50.0
CLSS,Observer,Burhanpur,Q59,59.3,0.0,2.0,0.0
CLSS,Observer,Chhatarpur,Q59,59.1,5.0,18.0,27.78
CLSS,Observer,Chhatarpur,Q59,59.2,13.0,18.0,72.22
CLSS,Observer,Chhatarpur,Q59,59.3,0.0,18.0,0.0
CLSS,Observer,Chhindwara,Q59,59.1,10.0,11.0,90.91
CLSS,Observer,Chhindwara,Q59,59.2,1.0,11.0,9.09
CLSS,Observer,Chhindwara,Q59,59.3,0.0,11.0,0.0
CLSS,Observer,Damoh,Q59,59.1,0.0,4.0,0.0
CLSS,Observer,Damoh,Q59,59.2,4.0,4.0,100.0
CLSS,Observer,Damoh,Q59,59.3,0.0,4.0,0.0
CLSS,Observer,Datia,Q59,59.1,12.0,20.0,60.0
CLSS,Observer,Datia,Q59,59.2,8.0,20.0,40.0
CLSS,Observer,Datia,Q59,59.3,0.0,20.0,0.0
CLSS,Observer,Dhar,Q59,59.1,7.0,11.0,63.64
CLSS,Observer,Dhar,Q59,59.2,3.0,11.0,27.27
CLSS,Observer,Dhar,Q59,59.3,1.0,11.0,9.09
CLSS,Observer,Guna,Q59,59.1,8.0,16.0,50.0
CLSS,Observer,Guna,Q59,59.2,7.0,16.0,43.75
CLSS,Observer,Guna,Q59,59.3,1.0,16.0,6.25
CLSS,Observer,Harda,Q59,59.1,3.0,3.0,100.0
CLSS,Observer,Harda,Q59,59.2,0.0,3.0,0.0
CLSS,Observer,Harda,Q59,59.3,0.0,3.0,0.0
CLSS,Observer,Indore,Q59,59.1,6.0,6.0,100.0
CLSS,Observer,Indore,Q59,59.2,0.0,6.0,0.0
CLSS,Observer,Indore,Q59,59.3,0.0,6.0,0.0
CLSS,Observer,Jabalpur,Q59,59.1,7.0,8.0,87.5
CLSS,Observer,Jabalpur,Q59,59.2,1.0,8.0,12.5
CLSS,Observer,Jabalpur,Q59,59.3,0.0,8.0,0.0
CLSS,Observer,Jhabua,Q59,59.1,5.0,5.0,100.0
CLSS,Observer,Jhabua,Q59,59.2,0.0,5.0,0.0
CLSS,Observer,Jhabua,Q59,59.3,0.0,5.0,0.0
CLSS,Observer,Katni,Q59,59.1,3.0,6.0,50.0
CLSS,Observer,Katni,Q59,59.2,3.0,6.0,50.0
CLSS,Observer,Katni,Q59,59.3,0.0,6.0,0.0
CLSS,Observer,Khandwa,Q59,59.1,14.0,16.0,87.5
CLSS,Observer,Khandwa,Q59,59.2,2.0,16.0,12.5
CLSS,Observer,Khandwa,Q59,59.3,0.0,16.0,0.0
CLSS,Observer,Khargone,Q59,59.1,24.0,39.0,61.54
CLSS,Observer,Khargone,Q59,59.2,15.0,39.0,38.46
CLSS,Observer,Khargone,Q59,59.3,0.0,39.0,0.0
CLSS,Observer,Mandla,Q59,59.1,7.0,11.0,63.64
CLSS,Observer,Mandla,Q59,59.2,3.0,11.0,27.27
CLSS,Observer,Mandla,Q59,59.3,1.0,11.0,9.09
CLSS,Observer,Mandsaur,Q59,59.1,6.0,8.0,75.0
CLSS,Observer,Mandsaur,Q59,59.2,2.0,8.0,25.0
CLSS,Observer,Mandsaur,Q59,59.3,0.0,8.0,0.0
CLSS,Observer,Morena,Q59,59.1,16.0,39.0,41.03
CLSS,Observer,Morena,Q59,59.2,20.0,39.0,51.28
CLSS,Observer,Morena,Q59,59.3,3.0,39.0,7.69
CLSS,Observer,Narmadapuram,Q59,59.1,9.0,12.0,75.0
CLSS,Observer,Narmadapuram,Q59,59.2,3.0,12.0,25.0
CLSS,Observer,Narmadapuram,Q59,59.3,0.0,12.0,0.0
CLSS,Observer,Narsinghpur,Q59,59.1,1.0,4.0,25.0
CLSS,Observer,Narsinghpur,Q59,59.2,3.0,4.0,75.0
CLSS,Observer,Narsinghpur,Q59,59.3,0.0,4.0,0.0
CLSS,Observer,Neemuch,Q59,59.1,2.0,5.0,40.0
CLSS,Observer,Neemuch,Q59,59.2,3.0,5.0,60.0
CLSS,Observer,Neemuch,Q59,59.3,0.0,5.0,0.0
CLSS,Observer,Niwari,Q59,59.1,4.0,8.0,50.0
CLSS,Observer,Niwari,Q59,59.2,4.0,8.0,50.0
CLSS,Observer,Niwari,Q59,59.3,0.0,8.0,0.0
CLSS,Observer,Panna,Q59,59.1,8.0,11.0,72.73
CLSS,Observer,Panna,Q59,59.2,3.0,11.0,27.27
CLSS,Observer,Panna,Q59,59.3,0.0,11.0,0.0
CLSS,Observer,Raisen,Q59,59.1,8.0,18.0,44.44
CLSS,Observer,Raisen,Q59,59.2,10.0,18.0,55.56
CLSS,Observer,Raisen,Q59,59.3,0.0,18.0,0.0
CLSS,Observer,Rajgarh,Q59,59.1,7.0,11.0,63.64
CLSS,Observer,Rajgarh,Q59,59.2,4.0,11.0,36.36
CLSS,Observer,Rajgarh,Q59,59.3,0.0,11.0,0.0
CLSS,Observer,Ratlam,Q59,59.1,3.0,5.0,60.0
CLSS,Observer,Ratlam,Q59,59.2,2.0,5.0,40.0
CLSS,Observer,Ratlam,Q59,59.3,0.0,5.0,0.0
CLSS,Observer,Rewa,Q59,59.1,1.0,1.0,100.0
CLSS,Observer,Rewa,Q59,59.2,0.0,1.0,0.0
CLSS,Observer,Rewa,Q59,59.3,0.0,1.0,0.0
CLSS,Observer,Sagar,Q59,59.1,9.0,15.0,60.0
CLSS,Observer,Sagar,Q59,59.2,5.0,15.0,33.33
CLSS,Observer,Sagar,Q59,59.3,1.0,15.0,6.67
CLSS,Observer,Satna,Q59,59.1,4.0,10.0,40.0
CLSS,Observer,Satna,Q59,59.2,6.0,10.0,60.0
CLSS,Observer,Satna,Q59,59.3,0.0,10.0,0.0
CLSS,Observer,Seoni,Q59,59.1,19.0,29.0,65.52
CLSS,Observer,Seoni,Q59,59.2,10.0,29.0,34.48
CLSS,Observer,Seoni,Q59,59.3,0.0,29.0,0.0
CLSS,Observer,Shahdol,Q59,59.1,4.0,11.0,36.36
CLSS,Observer,Shahdol,Q59,59.2,7.0,11.0,63.64
CLSS,Observer,Shahdol,Q59,59.3,0.0,11.0,0.0
CLSS,Observer,Shajapur,Q59,59.1,11.0,13.0,84.62
CLSS,Observer,Shajapur,Q59,59.2,2.0,13.0,15.38
CLSS,Observer,Shajapur,Q59,59.3,0.0,13.0,0.0
CLSS,Observer,Sheopur,Q59,59.1,15.0,24.0,62.5
CLSS,Observer,Sheopur,Q59,59.2,8.0,24.0,33.33
CLSS,Observer,Sheopur,Q59,59.3,1.0,24.0,4.17
CLSS,Observer,Shivpuri,Q59,59.1,4.0,7.0,57.14
CLSS,Observer,Shivpuri,Q59,59.2,3.0,7.0,42.86
CLSS,Observer,Shivpuri,Q59,59.3,0.0,7.0,0.0
CLSS,Observer,Sidhi,Q59,59.1,2.0,4.0,50.0
CLSS,Observer,Sidhi,Q59,59.2,2.0,4.0,50.0
CLSS,Observer,Sidhi,Q59,59.3,0.0,4.0,0.0
CLSS,Observer,Singrauli,Q59,59.1,1.0,1.0,100.0
CLSS,Observer,Singrauli,Q59,59.2,0.0,1.0,0.0
CLSS,Observer,Singrauli,Q59,59.3,0.0,1.0,0.0
CLSS,Observer,Tikamgarh,Q59,59.1,1.0,2.0,50.0
CLSS,Observer,Tikamgarh,Q59,59.2,1.0,2.0,50.0
CLSS,Observer,Tikamgarh,Q59,59.3,0.0,2.0,0.0
CLSS,Observer,Ujjain,Q59,59.1,5.0,7.0,71.43
CLSS,Observer,Ujjain,Q59,59.2,2.0,7.0,28.57
CLSS,Observer,Ujjain,Q59,59.3,0.0,7.0,0.0
CLSS,Observer,Umaria,Q59,59.1,1.0,3.0,33.33
CLSS,Observer,Umaria,Q59,59.2,2.0,3.0,66.67
CLSS,Observer,Umaria,Q59,59.3,0.0,3.0,0.0
CLSS,Observer,Vidisha,Q59,59.1,1.0,1.0,100.0
CLSS,Observer,Vidisha,Q59,59.2,0.0,1.0,0.0
CLSS,Observer,Vidisha,Q59,59.3,0.0,1.0,0.0
CLSS,Observer,Total,Q59,59.1,315.0,516.0,61.05
CLSS,Observer,Total,Q59,59.2,192.0,516.0,37.21
CLSS,Observer,Total,Q59,59.3,9.0,516.0,1.74
CLSS,Observer,Agar Malwa,Q60,60.1,7.0,8.0,87.5
CLSS,Observer,Agar Malwa,Q60,60.2,6.0,8.0,75.0
CLSS,Observer,Agar Malwa,Q60,60.3,7.0,8.0,87.5
CLSS,Observer,Agar Malwa,Q60,60.4,7.0,8.0,87.5
CLSS,Observer,Agar Malwa,Q60,60.5,6.0,8.0,75.0
CLSS,Observer,Alirajpur,Q60,60.1,12.0,15.0,80.0
CLSS,Observer,Alirajpur,Q60,60.2,14.0,15.0,93.33
CLSS,Observer,Alirajpur,Q60,60.3,11.0,15.0,73.33
CLSS,Observer,Alirajpur,Q60,60.4,11.0,15.0,73.33
CLSS,Observer,Alirajpur,Q60,60.5,13.0,15.0,86.67
CLSS,Observer,Ashoknagar,Q60,60.1,8.0,14.0,57.14
CLSS,Observer,Ashoknagar,Q60,60.2,12.0,14.0,85.71
CLSS,Observer,Ashoknagar,Q60,60.3,8.0,14.0,57.14
CLSS,Observer,Ashoknagar,Q60,60.4,11.0,14.0,78.57
CLSS,Observer,Ashoknagar,Q60,60.5,12.0,14.0,85.71
CLSS,Observer,Balaghat,Q60,60.1,1.0,1.0,100.0
CLSS,Observer,Balaghat,Q60,60.2,1.0,1.0,100.0
CLSS,Observer,Balaghat,Q60,60.3,0.0,1.0,0.0
CLSS,Observer,Balaghat,Q60,60.4,1.0,1.0,100.0
CLSS,Observer,Balaghat,Q60,60.5,1.0,1.0,100.0
CLSS,Observer,Barwani,Q60,60.1,9.0,9.0,100.0
CLSS,Observer,Barwani,Q60,60.2,9.0,9.0,100.0
CLSS,Observer,Barwani,Q60,60.3,8.0,9.0,88.89
CLSS,Observer,Barwani,Q60,60.4,9.0,9.0,100.0
CLSS,Observer,Barwani,Q60,60.5,9.0,9.0,100.0
CLSS,Observer,Betul,Q60,60.1,4.0,4.0,100.0
CLSS,Observer,Betul,Q60,60.2,4.0,4.0,100.0
CLSS,Observer,Betul,Q60,60.3,4.0,4.0,100.0
CLSS,Observer,Betul,Q60,60.4,4.0,4.0,100.0
CLSS,Observer,Betul,Q60,60.5,4.0,4.0,100.0
CLSS,Observer,Bhopal,Q60,60.1,13.0,16.0,81.25
CLSS,Observer,Bhopal,Q60,60.2,14.0,16.0,87.5
CLSS,Observer,Bhopal,Q60,60.3,12.0,16.0,75.0
CLSS,Observer,Bhopal,Q60,60.4,14.0,16.0,87.5
CLSS,Observer,Bhopal,Q60,60.5,14.0,16.0,87.5
CLSS,Observer,Burhanpur,Q60,60.1,2.0,2.0,100.0
CLSS,Observer,Burhanpur,Q60,60.2,2.0,2.0,100.0
CLSS,Observer,Burhanpur,Q60,60.3,2.0,2.0,100.0
CLSS,Observer,Burhanpur,Q60,60.4,2.0,2.0,100.0
CLSS,Observer,Burhanpur,Q60,60.5,2.0,2.0,100.0
CLSS,Observer,Chhindwara,Q60,60.1,9.0,11.0,81.82
CLSS,Observer,Chhindwara,Q60,60.2,9.0,11.0,81.82
CLSS,Observer,Chhindwara,Q60,60.3,10.0,11.0,90.91
CLSS,Observer,Chhindwara,Q60,60.4,10.0,11.0,90.91
CLSS,Observer,Chhindwara,Q60,60.5,9.0,11.0,81.82
CLSS,Observer,Damoh,Q60,60.1,3.0,4.0,75.0
CLSS,Observer,Damoh,Q60,60.2,4.0,4.0,100.0
CLSS,Observer,Damoh,Q60,60.3,3.0,4.0,75.0
CLSS,Observer,Damoh,Q60,60.4,3.0,4.0,75.0
CLSS,Observer,Damoh,Q60,60.5,4.0,4.0,100.0
CLSS,Observer,Datia,Q60,60.1,15.0,20.0,75.0
CLSS,Observer,Datia,Q60,60.2,19.0,20.0,95.0
CLSS,Observer,Datia,Q60,60.3,15.0,20.0,75.0
CLSS,Observer,Datia,Q60,60.4,17.0,20.0,85.0
CLSS,Observer,Datia,Q60,60.5,17.0,20.0,85.0
CLSS,Observer,Dhar,Q60,60.1,8.0,11.0,72.73
CLSS,Observer,Dhar,Q60,60.2,10.0,11.0,90.91
CLSS,Observer,Dhar,Q60,60.3,9.0,11.0,81.82
CLSS,Observer,Dhar,Q60,60.4,11.0,11.0,100.0
CLSS,Observer,Dhar,Q60,60.5,9.0,11.0,81.82
CLSS,Observer,Guna,Q60,60.1,12.0,16.0,75.0
CLSS,Observer,Guna,Q60,60.2,13.0,16.0,81.25
CLSS,Observer,Guna,Q60,60.3,10.0,16.0,62.5
CLSS,Observer,Guna,Q60,60.4,14.0,16.0,87.5
CLSS,Observer,Guna,Q60,60.5,12.0,16.0,75.0
CLSS,Observer,Harda,Q60,60.1,3.0,3.0,100.0
CLSS,Observer,Harda,Q60,60.2,3.0,3.0,100.0
CLSS,Observer,Harda,Q60,60.3,3.0,3.0,100.0
CLSS,Observer,Harda,Q60,60.4,3.0,3.0,100.0
CLSS,Observer,Harda,Q60,60.5,3.0,3.0,100.0
CLSS,Observer,Indore,Q60,60.1,4.0,6.0,66.67
CLSS,Observer,Indore,Q60,60.2,6.0,6.0,100.0
CLSS,Observer,Indore,Q60,60.3,5.0,6.0,83.33
CLSS,Observer,Indore,Q60,60.4,6.0,6.0,100.0
CLSS,Observer,Indore,Q60,60.5,6.0,6.0,100.0
CLSS,Observer,Jabalpur,Q60,60.1,5.0,8.0,62.5
CLSS,Observer,Jabalpur,Q60,60.2,8.0,8.0,100.0
CLSS,Observer,Jabalpur,Q60,60.3,5.0,8.0,62.5
CLSS,Observer,Jabalpur,Q60,60.4,7.0,8.0,87.5
CLSS,Observer,Jabalpur,Q60,60.5,6.0,8.0,75.0
CLSS,Observer,Jhabua,Q60,60.1,4.0,5.0,80.0
CLSS,Observer,Jhabua,Q60,60.2,5.0,5.0,100.0
CLSS,Observer,Jhabua,Q60,60.3,5.0,5.0,100.0
CLSS,Observer,Jhabua,Q60,60.4,5.0,5.0,100.0
CLSS,Observer,Jhabua,Q60,60.5,5.0,5.0,100.0
CLSS,Observer,Katni,Q60,60.1,4.0,6.0,66.67
CLSS,Observer,Katni,Q60,60.2,4.0,6.0,66.67
CLSS,Observer,Katni,Q60,60.3,6.0,6.0,100.0
CLSS,Observer,Katni,Q60,60.4,5.0,6.0,83.33
CLSS,Observer,Katni,Q60,60.5,5.0,6.0,83.33
CLSS,Observer,Khargone,Q60,60.1,32.0,39.0,82.05
CLSS,Observer,Khargone,Q60,60.2,38.0,39.0,97.44
CLSS,Observer,Khargone,Q60,60.3,34.0,39.0,87.18
CLSS,Observer,Khargone,Q60,60.4,38.0,39.0,97.44
CLSS,Observer,Khargone,Q60,60.5,38.0,39.0,97.44
CLSS,Observer,Mandla,Q60,60.1,6.0,11.0,54.55
CLSS,Observer,Mandla,Q60,60.2,11.0,11.0,100.0
CLSS,Observer,Mandla,Q60,60.3,8.0,11.0,72.73
CLSS,Observer,Mandla,Q60,60.4,9.0,11.0,81.82
CLSS,Observer,Mandla,Q60,60.5,8.0,11.0,72.73
CLSS,Observer,Mandsaur,Q60,60.1,8.0,8.0,100.0
CLSS,Observer,Mandsaur,Q60,60.2,8.0,8.0,100.0
CLSS,Observer,Mandsaur,Q60,60.3,8.0,8.0,100.0
CLSS,Observer,Mandsaur,Q60,60.4,8.0,8.0,100.0
CLSS,Observer,Mandsaur,Q60,60.5,7.0,8.0,87.5
CLSS,Observer,Morena,Q60,60.1,26.0,39.0,66.67
CLSS,Observer,Morena,Q60,60.2,36.0,39.0,92.31
CLSS,Observer,Morena,Q60,60.3,34.0,39.0,87.18
CLSS,Observer,Morena,Q60,60.4,33.0,39.0,84.62
CLSS,Observer,Morena,Q60,60.5,32.0,39.0,82.05
CLSS,Observer,Narmadapuram,Q60,60.1,10.0,12.0,83.33
CLSS,Observer,Narmadapuram,Q60,60.2,11.0,12.0,91.67
CLSS,Observer,Narmadapuram,Q60,60.3,9.0,12.0,75.0
CLSS,Observer,Narmadapuram,Q60,60.4,10.0,12.0,83.33
CLSS,Observer,Narmadapuram,Q60,60.5,11.0,12.0,91.67
CLSS,Observer,Narsinghpur,Q60,60.1,4.0,4.0,100.0
CLSS,Observer,Narsinghpur,Q60,60.2,4.0,4.0,100.0
CLSS,Observer,Narsinghpur,Q60,60.3,4.0,4.0,100.0
CLSS,Observer,Narsinghpur,Q60,60.4,4.0,4.0,100.0
CLSS,Observer,Narsinghpur,Q60,60.5,4.0,4.0,100.0
CLSS,Observer,Neemuch,Q60,60.1,4.0,5.0,80.0
CLSS,Observer,Neemuch,Q60,60.2,5.0,5.0,100.0
CLSS,Observer,Neemuch,Q60,60.3,2.0,5.0,40.0
CLSS,Observer,Neemuch,Q60,60.4,4.0,5.0,80.0
CLSS,Observer,Neemuch,Q60,60.5,4.0,5.0,80.0
CLSS,Observer,Niwari,Q60,60.1,6.0,8.0,75.0
CLSS,Observer,Niwari,Q60,60.2,8.0,8.0,100.0
CLSS,Observer,Niwari,Q60,60.3,4.0,8.0,50.0
CLSS,Observer,Niwari,Q60,60.4,6.0,8.0,75.0
CLSS,Observer,Niwari,Q60,60.5,7.0,8.0,87.5
CLSS,Observer,Panna,Q60,60.1,6.0,11.0,54.55
CLSS,Observer,Panna,Q60,60.2,8.0,11.0,72.73
CLSS,Observer,Panna,Q60,60.3,11.0,11.0,100.0
CLSS,Observer,Panna,Q60,60.4,9.0,11.0,81.82
CLSS,Observer,Panna,Q60,60.5,8.0,11.0,72.73
CLSS,Observer,Raisen,Q60,60.1,16.0,18.0,88.89
CLSS,Observer,Raisen,Q60,60.2,16.0,18.0,88.89
CLSS,Observer,Raisen,Q60,60.3,14.0,18.0,77.78
CLSS,Observer,Raisen,Q60,60.4,17.0,18.0,94.44
CLSS,Observer,Raisen,Q60,60.5,16.0,18.0,88.89
CLSS,Observer,Rajgarh,Q60,60.1,11.0,11.0,100.0
CLSS,Observer,Rajgarh,Q60,60.2,11.0,11.0,100.0
CLSS,Observer,Rajgarh,Q60,60.3,11.0,11.0,100.0
CLSS,Observer,Rajgarh,Q60,60.4,10.0,11.0,90.91
CLSS,Observer,Rajgarh,Q60,60.5,11.0,11.0,100.0
CLSS,Observer,Ratlam,Q60,60.1,5.0,5.0,100.0
CLSS,Observer,Ratlam,Q60,60.2,5.0,5.0,100.0
CLSS,Observer,Ratlam,Q60,60.3,4.0,5.0,80.0
CLSS,Observer,Ratlam,Q60,60.4,4.0,5.0,80.0
CLSS,Observer,Ratlam,Q60,60.5,4.0,5.0,80.0
CLSS,Observer,Rewa,Q60,60.1,1.0,1.0,100.0
CLSS,Observer,Rewa,Q60,60.2,1.0,1.0,100.0
CLSS,Observer,Rewa,Q60,60.3,1.0,1.0,100.0
CLSS,Observer,Rewa,Q60,60.4,1.0,1.0,100.0
CLSS,Observer,Rewa,Q60,60.5,1.0,1.0,100.0
CLSS,Observer,Sagar,Q60,60.1,9.0,15.0,60.0
CLSS,Observer,Sagar,Q60,60.2,13.0,15.0,86.67
CLSS,Observer,Sagar,Q60,60.3,11.0,15.0,73.33
CLSS,Observer,Sagar,Q60,60.4,11.0,15.0,73.33
CLSS,Observer,Sagar,Q60,60.5,12.0,15.0,80.0
CLSS,Observer,Satna,Q60,60.1,10.0,10.0,100.0
CLSS,Observer,Satna,Q60,60.2,9.0,10.0,90.0
CLSS,Observer,Satna,Q60,60.3,8.0,10.0,80.0
CLSS,Observer,Satna,Q60,60.4,9.0,10.0,90.0
CLSS,Observer,Satna,Q60,60.5,10.0,10.0,100.0
CLSS,Observer,Seoni,Q60,60.1,23.0,29.0,79.31
CLSS,Observer,Seoni,Q60,60.2,28.0,29.0,96.55
CLSS,Observer,Seoni,Q60,60.3,26.0,29.0,89.66
CLSS,Observer,Seoni,Q60,60.4,28.0,29.0,96.55
CLSS,Observer,Seoni,Q60,60.5,25.0,29.0,86.21
CLSS,Observer,Shahdol,Q60,60.1,11.0,11.0,100.0
CLSS,Observer,Shahdol,Q60,60.2,11.0,11.0,100.0
CLSS,Observer,Shahdol,Q60,60.3,11.0,11.0,100.0
CLSS,Observer,Shahdol,Q60,60.4,11.0,11.0,100.0
CLSS,Observer,Shahdol,Q60,60.5,11.0,11.0,100.0
CLSS,Observer,Shajapur,Q60,60.1,12.0,13.0,92.31
CLSS,Observer,Shajapur,Q60,60.2,13.0,13.0,100.0
CLSS,Observer,Shajapur,Q60,60.3,11.0,13.0,84.62
CLSS,Observer,Shajapur,Q60,60.4,11.0,13.0,84.62
CLSS,Observer,Shajapur,Q60,60.5,13.0,13.0,100.0
CLSS,Observer,Sheopur,Q60,60.1,18.0,24.0,75.0
CLSS,Observer,Sheopur,Q60,60.2,24.0,24.0,100.0
CLSS,Observer,Sheopur,Q60,60.3,19.0,24.0,79.17
CLSS,Observer,Sheopur,Q60,60.4,20.0,24.0,83.33
CLSS,Observer,Sheopur,Q60,60.5,22.0,24.0,91.67
CLSS,Observer,Shivpuri,Q60,60.1,7.0,7.0,100.0
CLSS,Observer,Shivpuri,Q60,60.2,7.0,7.0,100.0
CLSS,Observer,Shivpuri,Q60,60.3,4.0,7.0,57.14
CLSS,Observer,Shivpuri,Q60,60.4,7.0,7.0,100.0
CLSS,Observer,Shivpuri,Q60,60.5,6.0,7.0,85.71
CLSS,Observer,Sidhi,Q60,60.1,4.0,4.0,100.0
CLSS,Observer,Sidhi,Q60,60.2,4.0,4.0,100.0
CLSS,Observer,Sidhi,Q60,60.3,3.0,4.0,75.0
CLSS,Observer,Sidhi,Q60,60.4,4.0,4.0,100.0
CLSS,Observer,Sidhi,Q60,60.5,4.0,4.0,100.0
CLSS,Observer,Singrauli,Q60,60.1,1.0,1.0,100.0
CLSS,Observer,Singrauli,Q60,60.2,1.0,1.0,100.0
CLSS,Observer,Singrauli,Q60,60.3,1.0,1.0,100.0
CLSS,Observer,Singrauli,Q60,60.4,1.0,1.0,100.0
CLSS,Observer,Singrauli,Q60,60.5,1.0,1.0,100.0
CLSS,Observer,Tikamgarh,Q60,60.1,2.0,2.0,100.0
CLSS,Observer,Tikamgarh,Q60,60.2,2.0,2.0,100.0
CLSS,Observer,Tikamgarh,Q60,60.3,2.0,2.0,100.0
CLSS,Observer,Tikamgarh,Q60,60.4,1.0,2.0,50.0
CLSS,Observer,Tikamgarh,Q60,60.5,2.0,2.0,100.0
CLSS,Observer,Ujjain,Q60,60.1,5.0,7.0,71.43
CLSS,Observer,Ujjain,Q60,60.2,7.0,7.0,100.0
CLSS,Observer,Ujjain,Q60,60.3,6.0,7.0,85.71
CLSS,Observer,Ujjain,Q60,60.4,7.0,7.0,100.0
CLSS,Observer,Ujjain,Q60,60.5,7.0,7.0,100.0
CLSS,Observer,Umaria,Q60,60.1,2.0,3.0,66.67
CLSS,Observer,Umaria,Q60,60.2,3.0,3.0,100.0
CLSS,Observer,Umaria,Q60,60.3,3.0,3.0,100.0
CLSS,Observer,Umaria,Q60,60.4,3.0,3.0,100.0
CLSS,Observer,Umaria,Q60,60.5,2.0,3.0,66.67
CLSS,Observer,Vidisha,Q60,60.1,1.0,1.0,100.0
CLSS,Observer,Vidisha,Q60,60.2,1.0,1.0,100.0
CLSS,Observer,Vidisha,Q60,60.3,1.0,1.0,100.0
CLSS,Observer,Vidisha,Q60,60.4,1.0,1.0,100.0
CLSS,Observer,Vidisha,Q60,60.5,1.0,1.0,100.0
CLSS,Observer,Total,Q60,60.1,363.0,516.0,70.35
CLSS,Observer,Total,Q60,60.2,428.0,516.0,82.95
CLSS,Observer,Total,Q60,60.3,373.0,516.0,72.29
CLSS,Observer,Total,Q60,60.4,407.0,516.0,78.88
CLSS,Observer,Total,Q60,60.5,404.0,516.0,78.29
CLSS,Observer,Agar Malwa,Q61,61.1,8.0,8.0,100.0
CLSS,Observer,Agar Malwa,Q61,61.2,8.0,8.0,100.0
CLSS,Observer,Agar Malwa,Q61,61.3,8.0,8.0,100.0
CLSS,Observer,Agar Malwa,Q61,61.4,7.0,8.0,87.5
CLSS,Observer,Agar Malwa,Q61,61.5,0.0,8.0,0.0
CLSS,Observer,Alirajpur,Q61,61.1,11.0,15.0,73.33
CLSS,Observer,Alirajpur,Q61,61.2,10.0,15.0,66.67
CLSS,Observer,Alirajpur,Q61,61.3,12.0,15.0,80.0
CLSS,Observer,Alirajpur,Q61,61.4,8.0,15.0,53.33
CLSS,Observer,Alirajpur,Q61,61.5,2.0,15.0,13.33
CLSS,Observer,Anuppur,Q61,61.1,13.0,14.0,92.86
CLSS,Observer,Anuppur,Q61,61.2,13.0,14.0,92.86
CLSS,Observer,Anuppur,Q61,61.3,13.0,14.0,92.86
CLSS,Observer,Anuppur,Q61,61.4,12.0,14.0,85.71
CLSS,Observer,Anuppur,Q61,61.5,1.0,14.0,7.14
CLSS,Observer,Ashoknagar,Q61,61.1,10.0,14.0,71.43
CLSS,Observer,Ashoknagar,Q61,61.2,11.0,14.0,78.57
CLSS,Observer,Ashoknagar,Q61,61.3,12.0,14.0,85.71
CLSS,Observer,Ashoknagar,Q61,61.4,12.0,14.0,85.71
CLSS,Observer,Ashoknagar,Q61,61.5,1.0,14.0,7.14
CLSS,Observer,Balaghat,Q61,61.1,1.0,1.0,100.0
CLSS,Observer,Balaghat,Q61,61.2,1.0,1.0,100.0
CLSS,Observer,Balaghat,Q61,61.3,1.0,1.0,100.0
CLSS,Observer,Balaghat,Q61,61.4,1.0,1.0,100.0
CLSS,Observer,Balaghat,Q61,61.5,0.0,1.0,0.0
CLSS,Observer,Barwani,Q61,61.1,7.0,9.0,77.78
CLSS,Observer,Barwani,Q61,61.2,8.0,9.0,88.89
CLSS,Observer,Barwani,Q61,61.3,7.0,9.0,77.78
CLSS,Observer,Barwani,Q61,61.4,8.0,9.0,88.89
CLSS,Observer,Barwani,Q61,61.5,0.0,9.0,0.0
CLSS,Observer,Betul,Q61,61.1,4.0,4.0,100.0
CLSS,Observer,Betul,Q61,61.2,4.0,4.0,100.0
CLSS,Observer,Betul,Q61,61.3,4.0,4.0,100.0
CLSS,Observer,Betul,Q61,61.4,4.0,4.0,100.0
CLSS,Observer,Betul,Q61,61.5,0.0,4.0,0.0
CLSS,Observer,Bhind,Q61,61.1,7.0,10.0,70.0
CLSS,Observer,Bhind,Q61,61.2,9.0,10.0,90.0
CLSS,Observer,Bhind,Q61,61.3,10.0,10.0,100.0
CLSS,Observer,Bhind,Q61,61.4,8.0,10.0,80.0
CLSS,Observer,Bhind,Q61,61.5,0.0,10.0,0.0
CLSS,Observer,Bhopal,Q61,61.1,13.0,16.0,81.25
CLSS,Observer,Bhopal,Q61,61.2,15.0,16.0,93.75
CLSS,Observer,Bhopal,Q61,61.3,15.0,16.0,93.75
CLSS,Observer,Bhopal,Q61,61.4,10.0,16.0,62.5
CLSS,Observer,Bhopal,Q61,61.5,0.0,16.0,0.0
CLSS,Observer,Burhanpur,Q61,61.1,2.0,2.0,100.0
CLSS,Observer,Burhanpur,Q61,61.2,2.0,2.0,100.0
CLSS,Observer,Burhanpur,Q61,61.3,2.0,2.0,100.0
CLSS,Observer,Burhanpur,Q61,61.4,2.0,2.0,100.0
CLSS,Observer,Burhanpur,Q61,61.5,0.0,2.0,0.0
CLSS,Observer,Chhatarpur,Q61,61.1,12.0,18.0,66.67
CLSS,Observer,Chhatarpur,Q61,61.2,16.0,18.0,88.89
CLSS,Observer,Chhatarpur,Q61,61.3,13.0,18.0,72.22
CLSS,Observer,Chhatarpur,Q61,61.4,7.0,18.0,38.89
CLSS,Observer,Chhatarpur,Q61,61.5,0.0,18.0,0.0
CLSS,Observer,Chhindwara,Q61,61.1,9.0,11.0,81.82
CLSS,Observer,Chhindwara,Q61,61.2,10.0,11.0,90.91
CLSS,Observer,Chhindwara,Q61,61.3,10.0,11.0,90.91
CLSS,Observer,Chhindwara,Q61,61.4,8.0,11.0,72.73
CLSS,Observer,Chhindwara,Q61,61.5,1.0,11.0,9.09
CLSS,Observer,Damoh,Q61,61.1,4.0,4.0,100.0
CLSS,Observer,Damoh,Q61,61.2,4.0,4.0,100.0
CLSS,Observer,Damoh,Q61,61.3,4.0,4.0,100.0
CLSS,Observer,Damoh,Q61,61.4,3.0,4.0,75.0
CLSS,Observer,Damoh,Q61,61.5,0.0,4.0,0.0
CLSS,Observer,Datia,Q61,61.1,16.0,20.0,80.0
CLSS,Observer,Datia,Q61,61.2,19.0,20.0,95.0
CLSS,Observer,Datia,Q61,61.3,19.0,20.0,95.0
CLSS,Observer,Datia,Q61,61.4,14.0,20.0,70.0
CLSS,Observer,Datia,Q61,61.5,1.0,20.0,5.0
CLSS,Observer,Dhar,Q61,61.1,8.0,11.0,72.73
CLSS,Observer,Dhar,Q61,61.2,9.0,11.0,81.82
CLSS,Observer,Dhar,Q61,61.3,11.0,11.0,100.0
CLSS,Observer,Dhar,Q61,61.4,7.0,11.0,63.64
CLSS,Observer,Dhar,Q61,61.5,0.0,11.0,0.0
CLSS,Observer,Guna,Q61,61.1,12.0,16.0,75.0
CLSS,Observer,Guna,Q61,61.2,15.0,16.0,93.75
CLSS,Observer,Guna,Q61,61.3,13.0,16.0,81.25
CLSS,Observer,Guna,Q61,61.4,11.0,16.0,68.75
CLSS,Observer,Guna,Q61,61.5,0.0,16.0,0.0
CLSS,Observer,Harda,Q61,61.1,3.0,3.0,100.0
CLSS,Observer,Harda,Q61,61.2,3.0,3.0,100.0
CLSS,Observer,Harda,Q61,61.3,3.0,3.0,100.0
CLSS,Observer,Harda,Q61,61.4,2.0,3.0,66.67
CLSS,Observer,Harda,Q61,61.5,0.0,3.0,0.0
CLSS,Observer,Indore,Q61,61.1,6.0,6.0,100.0
CLSS,Observer,Indore,Q61,61.2,6.0,6.0,100.0
CLSS,Observer,Indore,Q61,61.3,5.0,6.0,83.33
CLSS,Observer,Indore,Q61,61.4,6.0,6.0,100.0
CLSS,Observer,Indore,Q61,61.5,0.0,6.0,0.0
CLSS,Observer,Jabalpur,Q61,61.1,6.0,8.0,75.0
CLSS,Observer,Jabalpur,Q61,61.2,8.0,8.0,100.0
CLSS,Observer,Jabalpur,Q61,61.3,8.0,8.0,100.0
CLSS,Observer,Jabalpur,Q61,61.4,5.0,8.0,62.5
CLSS,Observer,Jabalpur,Q61,61.5,0.0,8.0,0.0
CLSS,Observer,Jhabua,Q61,61.1,4.0,5.0,80.0
CLSS,Observer,Jhabua,Q61,61.2,5.0,5.0,100.0
CLSS,Observer,Jhabua,Q61,61.3,5.0,5.0,100.0
CLSS,Observer,Jhabua,Q61,61.4,5.0,5.0,100.0
CLSS,Observer,Jhabua,Q61,61.5,0.0,5.0,0.0
CLSS,Observer,Katni,Q61,61.1,5.0,6.0,83.33
CLSS,Observer,Katni,Q61,61.2,5.0,6.0,83.33
CLSS,Observer,Katni,Q61,61.3,4.0,6.0,66.67
CLSS,Observer,Katni,Q61,61.4,4.0,6.0,66.67
CLSS,Observer,Katni,Q61,61.5,0.0,6.0,0.0
CLSS,Observer,Khandwa,Q61,61.1,12.0,16.0,75.0
CLSS,Observer,Khandwa,Q61,61.2,15.0,16.0,93.75
CLSS,Observer,Khandwa,Q61,61.3,14.0,16.0,87.5
CLSS,Observer,Khandwa,Q61,61.4,11.0,16.0,68.75
CLSS,Observer,Khandwa,Q61,61.5,2.0,16.0,12.5
CLSS,Observer,Khargone,Q61,61.1,32.0,39.0,82.05
CLSS,Observer,Khargone,Q61,61.2,37.0,39.0,94.87
CLSS,Observer,Khargone,Q61,61.3,36.0,39.0,92.31
CLSS,Observer,Khargone,Q61,61.4,32.0,39.0,82.05
CLSS,Observer,Khargone,Q61,61.5,2.0,39.0,5.13
CLSS,Observer,Mandla,Q61,61.1,8.0,11.0,72.73
CLSS,Observer,Mandla,Q61,61.2,11.0,11.0,100.0
CLSS,Observer,Mandla,Q61,61.3,11.0,11.0,100.0
CLSS,Observer,Mandla,Q61,61.4,7.0,11.0,63.64
CLSS,Observer,Mandla,Q61,61.5,0.0,11.0,0.0
CLSS,Observer,Mandsaur,Q61,61.1,8.0,8.0,100.0
CLSS,Observer,Mandsaur,Q61,61.2,8.0,8.0,100.0
CLSS,Observer,Mandsaur,Q61,61.3,8.0,8.0,100.0
CLSS,Observer,Mandsaur,Q61,61.4,5.0,8.0,62.5
CLSS,Observer,Mandsaur,Q61,61.5,0.0,8.0,0.0
CLSS,Observer,Morena,Q61,61.1,33.0,39.0,84.62
CLSS,Observer,Morena,Q61,61.2,34.0,39.0,87.18
CLSS,Observer,Morena,Q61,61.3,34.0,39.0,87.18
CLSS,Observer,Morena,Q61,61.4,32.0,39.0,82.05
CLSS,Observer,Morena,Q61,61.5,2.0,39.0,5.13
CLSS,Observer,Narmadapuram,Q61,61.1,11.0,12.0,91.67
CLSS,Observer,Narmadapuram,Q61,61.2,12.0,12.0,100.0
CLSS,Observer,Narmadapuram,Q61,61.3,11.0,12.0,91.67
CLSS,Observer,Narmadapuram,Q61,61.4,7.0,12.0,58.33
CLSS,Observer,Narmadapuram,Q61,61.5,0.0,12.0,0.0
CLSS,Observer,Narsinghpur,Q61,61.1,3.0,4.0,75.0
CLSS,Observer,Narsinghpur,Q61,61.2,4.0,4.0,100.0
CLSS,Observer,Narsinghpur,Q61,61.3,4.0,4.0,100.0
CLSS,Observer,Narsinghpur,Q61,61.4,3.0,4.0,75.0
CLSS,Observer,Narsinghpur,Q61,61.5,0.0,4.0,0.0
CLSS,Observer,Neemuch,Q61,61.1,4.0,5.0,80.0
CLSS,Observer,Neemuch,Q61,61.2,4.0,5.0,80.0
CLSS,Observer,Neemuch,Q61,61.3,5.0,5.0,100.0
CLSS,Observer,Neemuch,Q61,61.4,2.0,5.0,40.0
CLSS,Observer,Neemuch,Q61,61.5,0.0,5.0,0.0
CLSS,Observer,Niwari,Q61,61.1,7.0,8.0,87.5
CLSS,Observer,Niwari,Q61,61.2,7.0,8.0,87.5
CLSS,Observer,Niwari,Q61,61.3,7.0,8.0,87.5
CLSS,Observer,Niwari,Q61,61.4,3.0,8.0,37.5
CLSS,Observer,Niwari,Q61,61.5,0.0,8.0,0.0
CLSS,Observer,Panna,Q61,61.1,8.0,11.0,72.73
CLSS,Observer,Panna,Q61,61.2,9.0,11.0,81.82
CLSS,Observer,Panna,Q61,61.3,11.0,11.0,100.0
CLSS,Observer,Panna,Q61,61.4,6.0,11.0,54.55
CLSS,Observer,Panna,Q61,61.5,0.0,11.0,0.0
CLSS,Observer,Raisen,Q61,61.1,16.0,18.0,88.89
CLSS,Observer,Raisen,Q61,61.2,18.0,18.0,100.0
CLSS,Observer,Raisen,Q61,61.3,18.0,18.0,100.0
CLSS,Observer,Raisen,Q61,61.4,14.0,18.0,77.78
CLSS,Observer,Raisen,Q61,61.5,0.0,18.0,0.0
CLSS,Observer,Rajgarh,Q61,61.1,10.0,11.0,90.91
CLSS,Observer,Rajgarh,Q61,61.2,11.0,11.0,100.0
CLSS,Observer,Rajgarh,Q61,61.3,11.0,11.0,100.0
CLSS,Observer,Rajgarh,Q61,61.4,7.0,11.0,63.64
CLSS,Observer,Rajgarh,Q61,61.5,0.0,11.0,0.0
CLSS,Observer,Ratlam,Q61,61.1,5.0,5.0,100.0
CLSS,Observer,Ratlam,Q61,61.2,5.0,5.0,100.0
CLSS,Observer,Ratlam,Q61,61.3,4.0,5.0,80.0
CLSS,Observer,Ratlam,Q61,61.4,4.0,5.0,80.0
CLSS,Observer,Ratlam,Q61,61.5,0.0,5.0,0.0
CLSS,Observer,Rewa,Q61,61.1,1.0,1.0,100.0
CLSS,Observer,Rewa,Q61,61.2,1.0,1.0,100.0
CLSS,Observer,Rewa,Q61,61.3,1.0,1.0,100.0
CLSS,Observer,Rewa,Q61,61.4,1.0,1.0,100.0
CLSS,Observer,Rewa,Q61,61.5,0.0,1.0,0.0
CLSS,Observer,Sagar,Q61,61.1,10.0,15.0,66.67
CLSS,Observer,Sagar,Q61,61.2,13.0,15.0,86.67
CLSS,Observer,Sagar,Q61,61.3,13.0,15.0,86.67
CLSS,Observer,Sagar,Q61,61.4,11.0,15.0,73.33
CLSS,Observer,Sagar,Q61,61.5,0.0,15.0,0.0
CLSS,Observer,Satna,Q61,61.1,9.0,10.0,90.0
CLSS,Observer,Satna,Q61,61.2,10.0,10.0,100.0
CLSS,Observer,Satna,Q61,61.3,10.0,10.0,100.0
CLSS,Observer,Satna,Q61,61.4,9.0,10.0,90.0
CLSS,Observer,Satna,Q61,61.5,1.0,10.0,10.0
CLSS,Observer,Seoni,Q61,61.1,25.0,29.0,86.21
CLSS,Observer,Seoni,Q61,61.2,28.0,29.0,96.55
CLSS,Observer,Seoni,Q61,61.3,28.0,29.0,96.55
CLSS,Observer,Seoni,Q61,61.4,23.0,29.0,79.31
CLSS,Observer,Seoni,Q61,61.5,1.0,29.0,3.45
CLSS,Observer,Shahdol,Q61,61.1,11.0,11.0,100.0
CLSS,Observer,Shahdol,Q61,61.2,11.0,11.0,100.0
CLSS,Observer,Shahdol,Q61,61.3,11.0,11.0,100.0
CLSS,Observer,Shahdol,Q61,61.4,8.0,11.0,72.73
CLSS,Observer,Shahdol,Q61,61.5,2.0,11.0,18.18
CLSS,Observer,Shajapur,Q61,61.1,12.0,13.0,92.31
CLSS,Observer,Shajapur,Q61,61.2,13.0,13.0,100.0
CLSS,Observer,Shajapur,Q61,61.3,13.0,13.0,100.0
CLSS,Observer,Shajapur,Q61,61.4,12.0,13.0,92.31
CLSS,Observer,Shajapur,Q61,61.5,0.0,13.0,0.0
CLSS,Observer,Sheopur,Q61,61.1,19.0,24.0,79.17
CLSS,Observer,Sheopur,Q61,61.2,21.0,24.0,87.5
CLSS,Observer,Sheopur,Q61,61.3,23.0,24.0,95.83
CLSS,Observer,Sheopur,Q61,61.4,18.0,24.0,75.0
CLSS,Observer,Sheopur,Q61,61.5,0.0,24.0,0.0
CLSS,Observer,Shivpuri,Q61,61.1,5.0,7.0,71.43
CLSS,Observer,Shivpuri,Q61,61.2,6.0,7.0,85.71
CLSS,Observer,Shivpuri,Q61,61.3,6.0,7.0,85.71
CLSS,Observer,Shivpuri,Q61,61.4,5.0,7.0,71.43
CLSS,Observer,Shivpuri,Q61,61.5,1.0,7.0,14.29
CLSS,Observer,Sidhi,Q61,61.1,3.0,4.0,75.0
CLSS,Observer,Sidhi,Q61,61.2,4.0,4.0,100.0
CLSS,Observer,Sidhi,Q61,61.3,4.0,4.0,100.0
CLSS,Observer,Sidhi,Q61,61.4,3.0,4.0,75.0
CLSS,Observer,Sidhi,Q61,61.5,0.0,4.0,0.0
CLSS,Observer,Singrauli,Q61,61.1,1.0,1.0,100.0
CLSS,Observer,Singrauli,Q61,61.2,1.0,1.0,100.0
CLSS,Observer,Singrauli,Q61,61.3,1.0,1.0,100.0
CLSS,Observer,Singrauli,Q61,61.4,1.0,1.0,100.0
CLSS,Observer,Singrauli,Q61,61.5,1.0,1.0,100.0
CLSS,Observer,Tikamgarh,Q61,61.1,1.0,2.0,50.0
CLSS,Observer,Tikamgarh,Q61,61.2,2.0,2.0,100.0
CLSS,Observer,Tikamgarh,Q61,61.3,2.0,2.0,100.0
CLSS,Observer,Tikamgarh,Q61,61.4,1.0,2.0,50.0
CLSS,Observer,Tikamgarh,Q61,61.5,0.0,2.0,0.0
CLSS,Observer,Ujjain,Q61,61.1,6.0,7.0,85.71
CLSS,Observer,Ujjain,Q61,61.2,6.0,7.0,85.71
CLSS,Observer,Ujjain,Q61,61.3,7.0,7.0,100.0
CLSS,Observer,Ujjain,Q61,61.4,2.0,7.0,28.57
CLSS,Observer,Ujjain,Q61,61.5,0.0,7.0,0.0
CLSS,Observer,Umaria,Q61,61.1,2.0,3.0,66.67
CLSS,Observer,Umaria,Q61,61.2,3.0,3.0,100.0
CLSS,Observer,Umaria,Q61,61.3,3.0,3.0,100.0
CLSS,Observer,Umaria,Q61,61.4,3.0,3.0,100.0
CLSS,Observer,Umaria,Q61,61.5,0.0,3.0,0.0
CLSS,Observer,Vidisha,Q61,61.1,1.0,1.0,100.0
CLSS,Observer,Vidisha,Q61,61.2,1.0,1.0,100.0
CLSS,Observer,Vidisha,Q61,61.3,1.0,1.0,100.0
CLSS,Observer,Vidisha,Q61,61.4,1.0,1.0,100.0
CLSS,Observer,Vidisha,Q61,61.5,0.0,1.0,0.0
CLSS,Observer,Total,Q61,61.1,424.0,516.0,82.17
CLSS,Observer,Total,Q61,61.2,476.0,516.0,92.25
CLSS,Observer,Total,Q61,61.3,476.0,516.0,92.25
CLSS,Observer,Total,Q61,61.4,375.0,516.0,72.67
CLSS,Observer,Total,Q61,61.5,18.0,516.0,3.49
CLSS,Observer,Agar Malwa,Q62,62.1,7.0,8.0,87.5
CLSS,Observer,Agar Malwa,Q62,62.2,7.0,8.0,87.5
CLSS,Observer,Agar Malwa,Q62,62.3,7.0,8.0,87.5
CLSS,Observer,Agar Malwa,Q62,62.4,7.0,8.0,87.5
CLSS,Observer,Agar Malwa,Q62,62.5,7.0,8.0,87.5
CLSS,Observer,Agar Malwa,Q62,62.6,8.0,8.0,100.0
CLSS,Observer,Agar Malwa,Q62,62.7,7.0,8.0,87.5
CLSS,Observer,Alirajpur,Q62,62.1,11.0,15.0,73.33
CLSS,Observer,Alirajpur,Q62,62.2,14.0,15.0,93.33
CLSS,Observer,Alirajpur,Q62,62.3,13.0,15.0,86.67
CLSS,Observer,Alirajpur,Q62,62.4,12.0,15.0,80.0
CLSS,Observer,Alirajpur,Q62,62.5,12.0,15.0,80.0
CLSS,Observer,Alirajpur,Q62,62.6,15.0,15.0,100.0
CLSS,Observer,Alirajpur,Q62,62.7,13.0,15.0,86.67
CLSS,Observer,Anuppur,Q62,62.1,14.0,14.0,100.0
CLSS,Observer,Anuppur,Q62,62.2,14.0,14.0,100.0
CLSS,Observer,Anuppur,Q62,62.3,14.0,14.0,100.0
CLSS,Observer,Anuppur,Q62,62.4,13.0,14.0,92.86
CLSS,Observer,Anuppur,Q62,62.5,14.0,14.0,100.0
CLSS,Observer,Anuppur,Q62,62.6,14.0,14.0,100.0
CLSS,Observer,Anuppur,Q62,62.7,14.0,14.0,100.0
CLSS,Observer,Ashoknagar,Q62,62.1,12.0,14.0,85.71
CLSS,Observer,Ashoknagar,Q62,62.2,12.0,14.0,85.71
CLSS,Observer,Ashoknagar,Q62,62.3,12.0,14.0,85.71
CLSS,Observer,Ashoknagar,Q62,62.4,11.0,14.0,78.57
CLSS,Observer,Ashoknagar,Q62,62.5,12.0,14.0,85.71
CLSS,Observer,Ashoknagar,Q62,62.6,13.0,14.0,92.86
CLSS,Observer,Ashoknagar,Q62,62.7,7.0,14.0,50.0
CLSS,Observer,Balaghat,Q62,62.1,1.0,1.0,100.0
CLSS,Observer,Balaghat,Q62,62.2,1.0,1.0,100.0
CLSS,Observer,Balaghat,Q62,62.3,1.0,1.0,100.0
CLSS,Observer,Balaghat,Q62,62.4,1.0,1.0,100.0
CLSS,Observer,Balaghat,Q62,62.5,1.0,1.0,100.0
CLSS,Observer,Balaghat,Q62,62.6,1.0,1.0,100.0
CLSS,Observer,Balaghat,Q62,62.7,1.0,1.0,100.0
CLSS,Observer,Barwani,Q62,62.1,8.0,9.0,88.89
CLSS,Observer,Barwani,Q62,62.2,9.0,9.0,100.0
CLSS,Observer,Barwani,Q62,62.3,9.0,9.0,100.0
CLSS,Observer,Barwani,Q62,62.4,7.0,9.0,77.78
CLSS,Observer,Barwani,Q62,62.5,9.0,9.0,100.0
CLSS,Observer,Barwani,Q62,62.6,9.0,9.0,100.0
CLSS,Observer,Barwani,Q62,62.7,6.0,9.0,66.67
CLSS,Observer,Betul,Q62,62.1,4.0,4.0,100.0
CLSS,Observer,Betul,Q62,62.2,4.0,4.0,100.0
CLSS,Observer,Betul,Q62,62.3,4.0,4.0,100.0
CLSS,Observer,Betul,Q62,62.4,4.0,4.0,100.0
CLSS,Observer,Betul,Q62,62.5,4.0,4.0,100.0
CLSS,Observer,Betul,Q62,62.6,4.0,4.0,100.0
CLSS,Observer,Betul,Q62,62.7,4.0,4.0,100.0
CLSS,Observer,Bhind,Q62,62.1,7.0,10.0,70.0
CLSS,Observer,Bhind,Q62,62.2,9.0,10.0,90.0
CLSS,Observer,Bhind,Q62,62.3,8.0,10.0,80.0
CLSS,Observer,Bhind,Q62,62.4,9.0,10.0,90.0
CLSS,Observer,Bhind,Q62,62.5,9.0,10.0,90.0
CLSS,Observer,Bhind,Q62,62.6,8.0,10.0,80.0
CLSS,Observer,Bhind,Q62,62.7,7.0,10.0,70.0
CLSS,Observer,Bhopal,Q62,62.1,14.0,16.0,87.5
CLSS,Observer,Bhopal,Q62,62.2,15.0,16.0,93.75
CLSS,Observer,Bhopal,Q62,62.3,14.0,16.0,87.5
CLSS,Observer,Bhopal,Q62,62.4,15.0,16.0,93.75
CLSS,Observer,Bhopal,Q62,62.5,13.0,16.0,81.25
CLSS,Observer,Bhopal,Q62,62.6,15.0,16.0,93.75
CLSS,Observer,Bhopal,Q62,62.7,13.0,16.0,81.25
CLSS,Observer,Burhanpur,Q62,62.1,2.0,2.0,100.0
CLSS,Observer,Burhanpur,Q62,62.2,2.0,2.0,100.0
CLSS,Observer,Burhanpur,Q62,62.3,2.0,2.0,100.0
CLSS,Observer,Burhanpur,Q62,62.4,2.0,2.0,100.0
CLSS,Observer,Burhanpur,Q62,62.5,2.0,2.0,100.0
CLSS,Observer,Burhanpur,Q62,62.6,2.0,2.0,100.0
CLSS,Observer,Burhanpur,Q62,62.7,2.0,2.0,100.0
CLSS,Observer,Chhatarpur,Q62,62.1,15.0,18.0,83.33
CLSS,Observer,Chhatarpur,Q62,62.2,15.0,18.0,83.33
CLSS,Observer,Chhatarpur,Q62,62.3,14.0,18.0,77.78
CLSS,Observer,Chhatarpur,Q62,62.4,14.0,18.0,77.78
CLSS,Observer,Chhatarpur,Q62,62.5,14.0,18.0,77.78
CLSS,Observer,Chhatarpur,Q62,62.6,15.0,18.0,83.33
CLSS,Observer,Chhatarpur,Q62,62.7,12.0,18.0,66.67
CLSS,Observer,Chhindwara,Q62,62.1,9.0,11.0,81.82
CLSS,Observer,Chhindwara,Q62,62.2,10.0,11.0,90.91
CLSS,Observer,Chhindwara,Q62,62.3,11.0,11.0,100.0
CLSS,Observer,Chhindwara,Q62,62.4,10.0,11.0,90.91
CLSS,Observer,Chhindwara,Q62,62.5,10.0,11.0,90.91
CLSS,Observer,Chhindwara,Q62,62.6,11.0,11.0,100.0
CLSS,Observer,Chhindwara,Q62,62.7,7.0,11.0,63.64
CLSS,Observer,Damoh,Q62,62.1,3.0,4.0,75.0
CLSS,Observer,Damoh,Q62,62.2,3.0,4.0,75.0
CLSS,Observer,Damoh,Q62,62.3,4.0,4.0,100.0
CLSS,Observer,Damoh,Q62,62.4,4.0,4.0,100.0
CLSS,Observer,Damoh,Q62,62.5,4.0,4.0,100.0
CLSS,Observer,Damoh,Q62,62.6,3.0,4.0,75.0
CLSS,Observer,Damoh,Q62,62.7,4.0,4.0,100.0
CLSS,Observer,Datia,Q62,62.1,18.0,20.0,90.0
CLSS,Observer,Datia,Q62,62.2,18.0,20.0,90.0
CLSS,Observer,Datia,Q62,62.3,19.0,20.0,95.0
CLSS,Observer,Datia,Q62,62.4,18.0,20.0,90.0
CLSS,Observer,Datia,Q62,62.5,18.0,20.0,90.0
CLSS,Observer,Datia,Q62,62.6,19.0,20.0,95.0
CLSS,Observer,Datia,Q62,62.7,17.0,20.0,85.0
CLSS,Observer,Dhar,Q62,62.1,9.0,11.0,81.82
CLSS,Observer,Dhar,Q62,62.2,9.0,11.0,81.82
CLSS,Observer,Dhar,Q62,62.3,10.0,11.0,90.91
CLSS,Observer,Dhar,Q62,62.4,9.0,11.0,81.82
CLSS,Observer,Dhar,Q62,62.5,9.0,11.0,81.82
CLSS,Observer,Dhar,Q62,62.6,10.0,11.0,90.91
CLSS,Observer,Dhar,Q62,62.7,8.0,11.0,72.73
CLSS,Observer,Guna,Q62,62.1,15.0,16.0,93.75
CLSS,Observer,Guna,Q62,62.2,13.0,16.0,81.25
CLSS,Observer,Guna,Q62,62.3,13.0,16.0,81.25
CLSS,Observer,Guna,Q62,62.4,11.0,16.0,68.75
CLSS,Observer,Guna,Q62,62.5,11.0,16.0,68.75
CLSS,Observer,Guna,Q62,62.6,12.0,16.0,75.0
CLSS,Observer,Guna,Q62,62.7,12.0,16.0,75.0
CLSS,Observer,Harda,Q62,62.1,3.0,3.0,100.0
CLSS,Observer,Harda,Q62,62.2,3.0,3.0,100.0
CLSS,Observer,Harda,Q62,62.3,3.0,3.0,100.0
CLSS,Observer,Harda,Q62,62.4,3.0,3.0,100.0
CLSS,Observer,Harda,Q62,62.5,3.0,3.0,100.0
CLSS,Observer,Harda,Q62,62.6,3.0,3.0,100.0
CLSS,Observer,Harda,Q62,62.7,3.0,3.0,100.0
CLSS,Observer,Indore,Q62,62.1,6.0,6.0,100.0
CLSS,Observer,Indore,Q62,62.2,6.0,6.0,100.0
CLSS,Observer,Indore,Q62,62.3,6.0,6.0,100.0
CLSS,Observer,Indore,Q62,62.4,5.0,6.0,83.33
CLSS,Observer,Indore,Q62,62.5,6.0,6.0,100.0
CLSS,Observer,Indore,Q62,62.6,5.0,6.0,83.33
CLSS,Observer,Indore,Q62,62.7,3.0,6.0,50.0
CLSS,Observer,Jabalpur,Q62,62.1,7.0,8.0,87.5
CLSS,Observer,Jabalpur,Q62,62.2,7.0,8.0,87.5
CLSS,Observer,Jabalpur,Q62,62.3,7.0,8.0,87.5
CLSS,Observer,Jabalpur,Q62,62.4,8.0,8.0,100.0
CLSS,Observer,Jabalpur,Q62,62.5,7.0,8.0,87.5
CLSS,Observer,Jabalpur,Q62,62.6,8.0,8.0,100.0
CLSS,Observer,Jabalpur,Q62,62.7,6.0,8.0,75.0
CLSS,Observer,Jhabua,Q62,62.1,5.0,5.0,100.0
CLSS,Observer,Jhabua,Q62,62.2,5.0,5.0,100.0
CLSS,Observer,Jhabua,Q62,62.3,5.0,5.0,100.0
CLSS,Observer,Jhabua,Q62,62.4,5.0,5.0,100.0
CLSS,Observer,Jhabua,Q62,62.5,5.0,5.0,100.0
CLSS,Observer,Jhabua,Q62,62.6,5.0,5.0,100.0
CLSS,Observer,Jhabua,Q62,62.7,5.0,5.0,100.0
CLSS,Observer,Katni,Q62,62.1,4.0,6.0,66.67
CLSS,Observer,Katni,Q62,62.2,4.0,6.0,66.67
CLSS,Observer,Katni,Q62,62.3,4.0,6.0,66.67
CLSS,Observer,Katni,Q62,62.4,4.0,6.0,66.67
CLSS,Observer,Katni,Q62,62.5,4.0,6.0,66.67
CLSS,Observer,Katni,Q62,62.6,6.0,6.0,100.0
CLSS,Observer,Katni,Q62,62.7,4.0,6.0,66.67
CLSS,Observer,Khandwa,Q62,62.1,15.0,16.0,93.75
CLSS,Observer,Khandwa,Q62,62.2,12.0,16.0,75.0
CLSS,Observer,Khandwa,Q62,62.3,15.0,16.0,93.75
CLSS,Observer,Khandwa,Q62,62.4,15.0,16.0,93.75
CLSS,Observer,Khandwa,Q62,62.5,16.0,16.0,100.0
CLSS,Observer,Khandwa,Q62,62.6,15.0,16.0,93.75
CLSS,Observer,Khandwa,Q62,62.7,14.0,16.0,87.5
CLSS,Observer,Khargone,Q62,62.1,38.0,39.0,97.44
CLSS,Observer,Khargone,Q62,62.2,39.0,39.0,100.0
CLSS,Observer,Khargone,Q62,62.3,38.0,39.0,97.44
CLSS,Observer,Khargone,Q62,62.4,37.0,39.0,94.87
CLSS,Observer,Khargone,Q62,62.5,38.0,39.0,97.44
CLSS,Observer,Khargone,Q62,62.6,38.0,39.0,97.44
CLSS,Observer,Khargone,Q62,62.7,37.0,39.0,94.87
CLSS,Observer,Mandla,Q62,62.1,11.0,11.0,100.0
CLSS,Observer,Mandla,Q62,62.2,9.0,11.0,81.82
CLSS,Observer,Mandla,Q62,62.3,11.0,11.0,100.0
CLSS,Observer,Mandla,Q62,62.4,10.0,11.0,90.91
CLSS,Observer,Mandla,Q62,62.5,10.0,11.0,90.91
CLSS,Observer,Mandla,Q62,62.6,9.0,11.0,81.82
CLSS,Observer,Mandla,Q62,62.7,11.0,11.0,100.0
CLSS,Observer,Mandsaur,Q62,62.1,8.0,8.0,100.0
CLSS,Observer,Mandsaur,Q62,62.2,7.0,8.0,87.5
CLSS,Observer,Mandsaur,Q62,62.3,8.0,8.0,100.0
CLSS,Observer,Mandsaur,Q62,62.4,8.0,8.0,100.0
CLSS,Observer,Mandsaur,Q62,62.5,8.0,8.0,100.0
CLSS,Observer,Mandsaur,Q62,62.6,8.0,8.0,100.0
CLSS,Observer,Mandsaur,Q62,62.7,7.0,8.0,87.5
CLSS,Observer,Morena,Q62,62.1,33.0,39.0,84.62
CLSS,Observer,Morena,Q62,62.2,36.0,39.0,92.31
CLSS,Observer,Morena,Q62,62.3,33.0,39.0,84.62
CLSS,Observer,Morena,Q62,62.4,32.0,39.0,82.05
CLSS,Observer,Morena,Q62,62.5,35.0,39.0,89.74
CLSS,Observer,Morena,Q62,62.6,33.0,39.0,84.62
CLSS,Observer,Morena,Q62,62.7,30.0,39.0,76.92
CLSS,Observer,Narmadapuram,Q62,62.1,8.0,12.0,66.67
CLSS,Observer,Narmadapuram,Q62,62.2,11.0,12.0,91.67
CLSS,Observer,Narmadapuram,Q62,62.3,11.0,12.0,91.67
CLSS,Observer,Narmadapuram,Q62,62.4,11.0,12.0,91.67
CLSS,Observer,Narmadapuram,Q62,62.5,11.0,12.0,91.67
CLSS,Observer,Narmadapuram,Q62,62.6,10.0,12.0,83.33
CLSS,Observer,Narmadapuram,Q62,62.7,11.0,12.0,91.67
CLSS,Observer,Narsinghpur,Q62,62.1,4.0,4.0,100.0
CLSS,Observer,Narsinghpur,Q62,62.2,4.0,4.0,100.0
CLSS,Observer,Narsinghpur,Q62,62.3,4.0,4.0,100.0
CLSS,Observer,Narsinghpur,Q62,62.4,4.0,4.0,100.0
CLSS,Observer,Narsinghpur,Q62,62.5,4.0,4.0,100.0
CLSS,Observer,Narsinghpur,Q62,62.6,4.0,4.0,100.0
CLSS,Observer,Narsinghpur,Q62,62.7,4.0,4.0,100.0
CLSS,Observer,Neemuch,Q62,62.1,4.0,5.0,80.0
CLSS,Observer,Neemuch,Q62,62.2,4.0,5.0,80.0
CLSS,Observer,Neemuch,Q62,62.3,4.0,5.0,80.0
CLSS,Observer,Neemuch,Q62,62.4,4.0,5.0,80.0
CLSS,Observer,Neemuch,Q62,62.5,4.0,5.0,80.0
CLSS,Observer,Neemuch,Q62,62.6,5.0,5.0,100.0
CLSS,Observer,Neemuch,Q62,62.7,2.0,5.0,40.0
CLSS,Observer,Niwari,Q62,62.1,7.0,8.0,87.5
CLSS,Observer,Niwari,Q62,62.2,7.0,8.0,87.5
CLSS,Observer,Niwari,Q62,62.3,7.0,8.0,87.5
CLSS,Observer,Niwari,Q62,62.4,7.0,8.0,87.5
CLSS,Observer,Niwari,Q62,62.5,8.0,8.0,100.0
CLSS,Observer,Niwari,Q62,62.6,7.0,8.0,87.5
CLSS,Observer,Niwari,Q62,62.7,6.0,8.0,75.0
CLSS,Observer,Panna,Q62,62.1,9.0,11.0,81.82
CLSS,Observer,Panna,Q62,62.2,9.0,11.0,81.82
CLSS,Observer,Panna,Q62,62.3,9.0,11.0,81.82
CLSS,Observer,Panna,Q62,62.4,8.0,11.0,72.73
CLSS,Observer,Panna,Q62,62.5,10.0,11.0,90.91
CLSS,Observer,Panna,Q62,62.6,10.0,11.0,90.91
CLSS,Observer,Panna,Q62,62.7,10.0,11.0,90.91
CLSS,Observer,Raisen,Q62,62.1,17.0,18.0,94.44
CLSS,Observer,Raisen,Q62,62.2,17.0,18.0,94.44
CLSS,Observer,Raisen,Q62,62.3,17.0,18.0,94.44
CLSS,Observer,Raisen,Q62,62.4,18.0,18.0,100.0
CLSS,Observer,Raisen,Q62,62.5,18.0,18.0,100.0
CLSS,Observer,Raisen,Q62,62.6,17.0,18.0,94.44
CLSS,Observer,Raisen,Q62,62.7,16.0,18.0,88.89
CLSS,Observer,Rajgarh,Q62,62.1,10.0,11.0,90.91
CLSS,Observer,Rajgarh,Q62,62.2,11.0,11.0,100.0
CLSS,Observer,Rajgarh,Q62,62.3,9.0,11.0,81.82
CLSS,Observer,Rajgarh,Q62,62.4,10.0,11.0,90.91
CLSS,Observer,Rajgarh,Q62,62.5,10.0,11.0,90.91
CLSS,Observer,Rajgarh,Q62,62.6,10.0,11.0,90.91
CLSS,Observer,Rajgarh,Q62,62.7,10.0,11.0,90.91
CLSS,Observer,Ratlam,Q62,62.1,5.0,5.0,100.0
CLSS,Observer,Ratlam,Q62,62.2,5.0,5.0,100.0
CLSS,Observer,Ratlam,Q62,62.3,5.0,5.0,100.0
CLSS,Observer,Ratlam,Q62,62.4,5.0,5.0,100.0
CLSS,Observer,Ratlam,Q62,62.5,5.0,5.0,100.0
CLSS,Observer,Ratlam,Q62,62.6,5.0,5.0,100.0
CLSS,Observer,Ratlam,Q62,62.7,5.0,5.0,100.0
CLSS,Observer,Rewa,Q62,62.1,1.0,1.0,100.0
CLSS,Observer,Rewa,Q62,62.2,1.0,1.0,100.0
CLSS,Observer,Rewa,Q62,62.3,1.0,1.0,100.0
CLSS,Observer,Rewa,Q62,62.4,1.0,1.0,100.0
CLSS,Observer,Rewa,Q62,62.5,1.0,1.0,100.0
CLSS,Observer,Rewa,Q62,62.6,1.0,1.0,100.0
CLSS,Observer,Rewa,Q62,62.7,1.0,1.0,100.0
CLSS,Observer,Sagar,Q62,62.1,12.0,15.0,80.0
CLSS,Observer,Sagar,Q62,62.2,10.0,15.0,66.67
CLSS,Observer,Sagar,Q62,62.3,13.0,15.0,86.67
CLSS,Observer,Sagar,Q62,62.4,11.0,15.0,73.33
CLSS,Observer,Sagar,Q62,62.5,11.0,15.0,73.33
CLSS,Observer,Sagar,Q62,62.6,10.0,15.0,66.67
CLSS,Observer,Sagar,Q62,62.7,11.0,15.0,73.33
CLSS,Observer,Satna,Q62,62.1,9.0,10.0,90.0
CLSS,Observer,Satna,Q62,62.2,9.0,10.0,90.0
CLSS,Observer,Satna,Q62,62.3,8.0,10.0,80.0
CLSS,Observer,Satna,Q62,62.4,9.0,10.0,90.0
CLSS,Observer,Satna,Q62,62.5,9.0,10.0,90.0
CLSS,Observer,Satna,Q62,62.6,10.0,10.0,100.0
CLSS,Observer,Satna,Q62,62.7,8.0,10.0,80.0
CLSS,Observer,Seoni,Q62,62.1,27.0,29.0,93.1
CLSS,Observer,Seoni,Q62,62.2,25.0,29.0,86.21
CLSS,Observer,Seoni,Q62,62.3,25.0,29.0,86.21
CLSS,Observer,Seoni,Q62,62.4,27.0,29.0,93.1
CLSS,Observer,Seoni,Q62,62.5,28.0,29.0,96.55
CLSS,Observer,Seoni,Q62,62.6,27.0,29.0,93.1
CLSS,Observer,Seoni,Q62,62.7,25.0,29.0,86.21
CLSS,Observer,Shahdol,Q62,62.1,11.0,11.0,100.0
CLSS,Observer,Shahdol,Q62,62.2,10.0,11.0,90.91
CLSS,Observer,Shahdol,Q62,62.3,11.0,11.0,100.0
CLSS,Observer,Shahdol,Q62,62.4,11.0,11.0,100.0
CLSS,Observer,Shahdol,Q62,62.5,11.0,11.0,100.0
CLSS,Observer,Shahdol,Q62,62.6,11.0,11.0,100.0
CLSS,Observer,Shahdol,Q62,62.7,10.0,11.0,90.91
CLSS,Observer,Shajapur,Q62,62.1,13.0,13.0,100.0
CLSS,Observer,Shajapur,Q62,62.2,13.0,13.0,100.0
CLSS,Observer,Shajapur,Q62,62.3,13.0,13.0,100.0
CLSS,Observer,Shajapur,Q62,62.4,13.0,13.0,100.0
CLSS,Observer,Shajapur,Q62,62.5,13.0,13.0,100.0
CLSS,Observer,Shajapur,Q62,62.6,13.0,13.0,100.0
CLSS,Observer,Shajapur,Q62,62.7,13.0,13.0,100.0
CLSS,Observer,Sheopur,Q62,62.1,22.0,24.0,91.67
CLSS,Observer,Sheopur,Q62,62.2,23.0,24.0,95.83
CLSS,Observer,Sheopur,Q62,62.3,22.0,24.0,91.67
CLSS,Observer,Sheopur,Q62,62.4,24.0,24.0,100.0
CLSS,Observer,Sheopur,Q62,62.5,24.0,24.0,100.0
CLSS,Observer,Sheopur,Q62,62.6,23.0,24.0,95.83
CLSS,Observer,Sheopur,Q62,62.7,20.0,24.0,83.33
CLSS,Observer,Shivpuri,Q62,62.1,6.0,7.0,85.71
CLSS,Observer,Shivpuri,Q62,62.2,7.0,7.0,100.0
CLSS,Observer,Shivpuri,Q62,62.3,7.0,7.0,100.0
CLSS,Observer,Shivpuri,Q62,62.4,7.0,7.0,100.0
CLSS,Observer,Shivpuri,Q62,62.5,7.0,7.0,100.0
CLSS,Observer,Shivpuri,Q62,62.6,7.0,7.0,100.0
CLSS,Observer,Shivpuri,Q62,62.7,6.0,7.0,85.71
CLSS,Observer,Sidhi,Q62,62.1,3.0,4.0,75.0
CLSS,Observer,Sidhi,Q62,62.2,3.0,4.0,75.0
CLSS,Observer,Sidhi,Q62,62.3,4.0,4.0,100.0
CLSS,Observer,Sidhi,Q62,62.4,2.0,4.0,50.0
CLSS,Observer,Sidhi,Q62,62.5,3.0,4.0,75.0
CLSS,Observer,Sidhi,Q62,62.6,3.0,4.0,75.0
CLSS,Observer,Sidhi,Q62,62.7,4.0,4.0,100.0
CLSS,Observer,Singrauli,Q62,62.1,1.0,1.0,100.0
CLSS,Observer,Singrauli,Q62,62.2,1.0,1.0,100.0
CLSS,Observer,Singrauli,Q62,62.3,1.0,1.0,100.0
CLSS,Observer,Singrauli,Q62,62.4,1.0,1.0,100.0
CLSS,Observer,Singrauli,Q62,62.5,1.0,1.0,100.0
CLSS,Observer,Singrauli,Q62,62.6,1.0,1.0,100.0
CLSS,Observer,Singrauli,Q62,62.7,1.0,1.0,100.0
CLSS,Observer,Tikamgarh,Q62,62.1,2.0,2.0,100.0
CLSS,Observer,Tikamgarh,Q62,62.2,2.0,2.0,100.0
CLSS,Observer,Tikamgarh,Q62,62.3,2.0,2.0,100.0
CLSS,Observer,Tikamgarh,Q62,62.4,2.0,2.0,100.0
CLSS,Observer,Tikamgarh,Q62,62.5,1.0,2.0,50.0
CLSS,Observer,Tikamgarh,Q62,62.6,2.0,2.0,100.0
CLSS,Observer,Tikamgarh,Q62,62.7,1.0,2.0,50.0
CLSS,Observer,Ujjain,Q62,62.1,6.0,7.0,85.71
CLSS,Observer,Ujjain,Q62,62.2,7.0,7.0,100.0
CLSS,Observer,Ujjain,Q62,62.3,6.0,7.0,85.71
CLSS,Observer,Ujjain,Q62,62.4,6.0,7.0,85.71
CLSS,Observer,Ujjain,Q62,62.5,7.0,7.0,100.0
CLSS,Observer,Ujjain,Q62,62.6,6.0,7.0,85.71
CLSS,Observer,Ujjain,Q62,62.7,7.0,7.0,100.0
CLSS,Observer,Umaria,Q62,62.1,3.0,3.0,100.0
CLSS,Observer,Umaria,Q62,62.2,3.0,3.0,100.0
CLSS,Observer,Umaria,Q62,62.3,3.0,3.0,100.0
CLSS,Observer,Umaria,Q62,62.4,3.0,3.0,100.0
CLSS,Observer,Umaria,Q62,62.5,3.0,3.0,100.0
CLSS,Observer,Umaria,Q62,62.6,3.0,3.0,100.0
CLSS,Observer,Umaria,Q62,62.7,3.0,3.0,100.0
CLSS,Observer,Vidisha,Q62,62.1,1.0,1.0,100.0
CLSS,Observer,Vidisha,Q62,62.2,1.0,1.0,100.0
CLSS,Observer,Vidisha,Q62,62.3,1.0,1.0,100.0
CLSS,Observer,Vidisha,Q62,62.4,1.0,1.0,100.0
CLSS,Observer,Vidisha,Q62,62.5,1.0,1.0,100.0
CLSS,Observer,Vidisha,Q62,62.6,0.0,1.0,0.0
CLSS,Observer,Vidisha,Q62,62.7,1.0,1.0,100.0
CLSS,Observer,Total,Q62,62.1,460.0,516.0,89.15
CLSS,Observer,Total,Q62,62.2,466.0,516.0,90.31
CLSS,Observer,Total,Q62,62.3,468.0,516.0,90.7
CLSS,Observer,Total,Q62,62.4,459.0,516.0,88.95
CLSS,Observer,Total,Q62,62.5,471.0,516.0,91.28
CLSS,Observer,Total,Q62,62.6,474.0,516.0,91.86
CLSS,Observer,Total,Q62,62.7,429.0,516.0,83.14
CLSS,Observer,Agar Malwa,Q63,63.1,8.0,8.0,100.0
CLSS,Observer,Agar Malwa,Q63,63.2,0.0,8.0,0.0
CLSS,Observer,Alirajpur,Q63,63.1,15.0,15.0,100.0
CLSS,Observer,Alirajpur,Q63,63.2,0.0,15.0,0.0
CLSS,Observer,Anuppur,Q63,63.1,14.0,14.0,100.0
CLSS,Observer,Anuppur,Q63,63.2,0.0,14.0,0.0
CLSS,Observer,Ashoknagar,Q63,63.1,14.0,14.0,100.0
CLSS,Observer,Ashoknagar,Q63,63.2,0.0,14.0,0.0
CLSS,Observer,Balaghat,Q63,63.1,1.0,1.0,100.0
CLSS,Observer,Balaghat,Q63,63.2,0.0,1.0,0.0
CLSS,Observer,Barwani,Q63,63.1,9.0,9.0,100.0
CLSS,Observer,Barwani,Q63,63.2,0.0,9.0,0.0
CLSS,Observer,Betul,Q63,63.1,4.0,4.0,100.0
CLSS,Observer,Betul,Q63,63.2,0.0,4.0,0.0
CLSS,Observer,Bhind,Q63,63.1,10.0,10.0,100.0
CLSS,Observer,Bhind,Q63,63.2,0.0,10.0,0.0
CLSS,Observer,Bhopal,Q63,63.1,16.0,16.0,100.0
CLSS,Observer,Bhopal,Q63,63.2,0.0,16.0,0.0
CLSS,Observer,Burhanpur,Q63,63.1,2.0,2.0,100.0
CLSS,Observer,Burhanpur,Q63,63.2,0.0,2.0,0.0
CLSS,Observer,Chhatarpur,Q63,63.1,18.0,18.0,100.0
CLSS,Observer,Chhatarpur,Q63,63.2,0.0,18.0,0.0
CLSS,Observer,Chhindwara,Q63,63.1,11.0,11.0,100.0
CLSS,Observer,Chhindwara,Q63,63.2,0.0,11.0,0.0
CLSS,Observer,Damoh,Q63,63.1,4.0,4.0,100.0
CLSS,Observer,Damoh,Q63,63.2,0.0,4.0,0.0
CLSS,Observer,Datia,Q63,63.1,20.0,20.0,100.0
CLSS,Observer,Datia,Q63,63.2,0.0,20.0,0.0
CLSS,Observer,Dhar,Q63,63.1,11.0,11.0,100.0
CLSS,Observer,Dhar,Q63,63.2,0.0,11.0,0.0
CLSS,Observer,Guna,Q63,63.1,15.0,16.0,93.75
CLSS,Observer,Guna,Q63,63.2,1.0,16.0,6.25
CLSS,Observer,Harda,Q63,63.1,3.0,3.0,100.0
CLSS,Observer,Harda,Q63,63.2,0.0,3.0,0.0
CLSS,Observer,Indore,Q63,63.1,6.0,6.0,100.0
CLSS,Observer,Indore,Q63,63.2,0.0,6.0,0.0
CLSS,Observer,Jabalpur,Q63,63.1,8.0,8.0,100.0
CLSS,Observer,Jabalpur,Q63,63.2,0.0,8.0,0.0
CLSS,Observer,Jhabua,Q63,63.1,5.0,5.0,100.0
CLSS,Observer,Jhabua,Q63,63.2,0.0,5.0,0.0
CLSS,Observer,Katni,Q63,63.1,6.0,6.0,100.0
CLSS,Observer,Katni,Q63,63.2,0.0,6.0,0.0
CLSS,Observer,Khandwa,Q63,63.1,16.0,16.0,100.0
CLSS,Observer,Khandwa,Q63,63.2,0.0,16.0,0.0
CLSS,Observer,Khargone,Q63,63.1,39.0,39.0,100.0
CLSS,Observer,Khargone,Q63,63.2,0.0,39.0,0.0
CLSS,Observer,Mandla,Q63,63.1,11.0,11.0,100.0
CLSS,Observer,Mandla,Q63,63.2,0.0,11.0,0.0
CLSS,Observer,Mandsaur,Q63,63.1,8.0,8.0,100.0
CLSS,Observer,Mandsaur,Q63,63.2,0.0,8.0,0.0
CLSS,Observer,Morena,Q63,63.1,39.0,39.0,100.0
CLSS,Observer,Morena,Q63,63.2,0.0,39.0,0.0
CLSS,Observer,Narmadapuram,Q63,63.1,12.0,12.0,100.0
CLSS,Observer,Narmadapuram,Q63,63.2,0.0,12.0,0.0
CLSS,Observer,Narsinghpur,Q63,63.1,4.0,4.0,100.0
CLSS,Observer,Narsinghpur,Q63,63.2,0.0,4.0,0.0
CLSS,Observer,Neemuch,Q63,63.1,5.0,5.0,100.0
CLSS,Observer,Neemuch,Q63,63.2,0.0,5.0,0.0
CLSS,Observer,Niwari,Q63,63.1,8.0,8.0,100.0
CLSS,Observer,Niwari,Q63,63.2,0.0,8.0,0.0
CLSS,Observer,Panna,Q63,63.1,11.0,11.0,100.0
CLSS,Observer,Panna,Q63,63.2,0.0,11.0,0.0
CLSS,Observer,Raisen,Q63,63.1,18.0,18.0,100.0
CLSS,Observer,Raisen,Q63,63.2,0.0,18.0,0.0
CLSS,Observer,Rajgarh,Q63,63.1,11.0,11.0,100.0
CLSS,Observer,Rajgarh,Q63,63.2,0.0,11.0,0.0
CLSS,Observer,Ratlam,Q63,63.1,5.0,5.0,100.0
CLSS,Observer,Ratlam,Q63,63.2,0.0,5.0,0.0
CLSS,Observer,Rewa,Q63,63.1,1.0,1.0,100.0
CLSS,Observer,Rewa,Q63,63.2,0.0,1.0,0.0
CLSS,Observer,Sagar,Q63,63.1,15.0,15.0,100.0
CLSS,Observer,Sagar,Q63,63.2,0.0,15.0,0.0
CLSS,Observer,Satna,Q63,63.1,10.0,10.0,100.0
CLSS,Observer,Satna,Q63,63.2,0.0,10.0,0.0
CLSS,Observer,Seoni,Q63,63.1,29.0,29.0,100.0
CLSS,Observer,Seoni,Q63,63.2,0.0,29.0,0.0
CLSS,Observer,Shahdol,Q63,63.1,11.0,11.0,100.0
CLSS,Observer,Shahdol,Q63,63.2,0.0,11.0,0.0
CLSS,Observer,Shajapur,Q63,63.1,13.0,13.0,100.0
CLSS,Observer,Shajapur,Q63,63.2,0.0,13.0,0.0
CLSS,Observer,Sheopur,Q63,63.1,24.0,24.0,100.0
CLSS,Observer,Sheopur,Q63,63.2,0.0,24.0,0.0
CLSS,Observer,Shivpuri,Q63,63.1,7.0,7.0,100.0
CLSS,Observer,Shivpuri,Q63,63.2,0.0,7.0,0.0
CLSS,Observer,Sidhi,Q63,63.1,4.0,4.0,100.0
CLSS,Observer,Sidhi,Q63,63.2,0.0,4.0,0.0
CLSS,Observer,Singrauli,Q63,63.1,1.0,1.0,100.0
CLSS,Observer,Singrauli,Q63,63.2,0.0,1.0,0.0
CLSS,Observer,Tikamgarh,Q63,63.1,2.0,2.0,100.0
CLSS,Observer,Tikamgarh,Q63,63.2,0.0,2.0,0.0
CLSS,Observer,Ujjain,Q63,63.1,7.0,7.0,100.0
CLSS,Observer,Ujjain,Q63,63.2,0.0,7.0,0.0
CLSS,Observer,Umaria,Q63,63.1,3.0,3.0,100.0
CLSS,Observer,Umaria,Q63,63.2,0.0,3.0,0.0
CLSS,Observer,Vidisha,Q63,63.1,1.0,1.0,100.0
CLSS,Observer,Vidisha,Q63,63.2,0.0,1.0,0.0
CLSS,Observer,Total,Q63,63.1,515.0,516.0,99.81
CLSS,Observer,Total,Q63,63.2,1.0,516.0,0.19
CLSS,Observer,Agar Malwa,Q64,64.1,8.0,8.0,100.0
CLSS,Observer,Alirajpur,Q64,64.1,15.0,15.0,100.0
CLSS,Observer,Anuppur,Q64,64.1,14.0,14.0,100.0
CLSS,Observer,Ashoknagar,Q64,64.1,14.0,14.0,100.0
CLSS,Observer,Balaghat,Q64,64.1,1.0,1.0,100.0
CLSS,Observer,Barwani,Q64,64.1,9.0,9.0,100.0
CLSS,Observer,Betul,Q64,64.1,4.0,4.0,100.0
CLSS,Observer,Bhind,Q64,64.1,10.0,10.0,100.0
CLSS,Observer,Bhopal,Q64,64.1,16.0,16.0,100.0
CLSS,Observer,Burhanpur,Q64,64.1,2.0,2.0,100.0
CLSS,Observer,Chhatarpur,Q64,64.1,18.0,18.0,100.0
CLSS,Observer,Chhindwara,Q64,64.1,11.0,11.0,100.0
CLSS,Observer,Damoh,Q64,64.1,4.0,4.0,100.0
CLSS,Observer,Datia,Q64,64.1,20.0,20.0,100.0
CLSS,Observer,Dhar,Q64,64.1,11.0,11.0,100.0
CLSS,Observer,Guna,Q64,64.1,16.0,16.0,100.0
CLSS,Observer,Harda,Q64,64.1,3.0,3.0,100.0
CLSS,Observer,Indore,Q64,64.1,6.0,6.0,100.0
CLSS,Observer,Jabalpur,Q64,64.1,8.0,8.0,100.0
CLSS,Observer,Jhabua,Q64,64.1,5.0,5.0,100.0
CLSS,Observer,Katni,Q64,64.1,6.0,6.0,100.0
CLSS,Observer,Khandwa,Q64,64.1,16.0,16.0,100.0
CLSS,Observer,Khargone,Q64,64.1,39.0,39.0,100.0
CLSS,Observer,Mandla,Q64,64.1,11.0,11.0,100.0
CLSS,Observer,Mandsaur,Q64,64.1,8.0,8.0,100.0
CLSS,Observer,Morena,Q64,64.1,39.0,39.0,100.0
CLSS,Observer,Narmadapuram,Q64,64.1,12.0,12.0,100.0
CLSS,Observer,Narsinghpur,Q64,64.1,4.0,4.0,100.0
CLSS,Observer,Neemuch,Q64,64.1,5.0,5.0,100.0
CLSS,Observer,Niwari,Q64,64.1,8.0,8.0,100.0
CLSS,Observer,Panna,Q64,64.1,11.0,11.0,100.0
CLSS,Observer,Raisen,Q64,64.1,18.0,18.0,100.0
CLSS,Observer,Rajgarh,Q64,64.1,11.0,11.0,100.0
CLSS,Observer,Ratlam,Q64,64.1,5.0,5.0,100.0
CLSS,Observer,Rewa,Q64,64.1,1.0,1.0,100.0
CLSS,Observer,Sagar,Q64,64.1,15.0,15.0,100.0
CLSS,Observer,Satna,Q64,64.1,10.0,10.0,100.0
CLSS,Observer,Seoni,Q64,64.1,29.0,29.0,100.0
CLSS,Observer,Shahdol,Q64,64.1,11.0,11.0,100.0
CLSS,Observer,Shajapur,Q64,64.1,13.0,13.0,100.0
CLSS,Observer,Sheopur,Q64,64.1,24.0,24.0,100.0
CLSS,Observer,Shivpuri,Q64,64.1,7.0,7.0,100.0
CLSS,Observer,Sidhi,Q64,64.1,4.0,4.0,100.0
CLSS,Observer,Singrauli,Q64,64.1,1.0,1.0,100.0
CLSS,Observer,Tikamgarh,Q64,64.1,2.0,2.0,100.0
CLSS,Observer,Ujjain,Q64,64.1,7.0,7.0,100.0
CLSS,Observer,Umaria,Q64,64.1,3.0,3.0,100.0
CLSS,Observer,Vidisha,Q64,64.1,1.0,1.0,100.0
CLSS,Observer,Total,Q64,64.1,516.0,516.0,100.0
CLSS,Facilitator,Agar Malwa,Q67,67_Correct,39.0,49.0,79.59
CLSS,Facilitator,Alirajpur,Q67,67_Correct,67.0,95.0,70.53
CLSS,Facilitator,Anuppur,Q67,67_Correct,67.0,82.0,81.71
CLSS,Facilitator,Ashoknagar,Q67,67_Correct,43.0,74.0,58.11
CLSS,Facilitator,Balaghat,Q67,67_Correct,116.0,146.0,79.45
CLSS,Facilitator,Barwani,Q67,67_Correct,72.0,107.0,67.29
CLSS,Facilitator,Betul,Q67,67_Correct,116.0,147.0,78.91
CLSS,Facilitator,Bhind,Q67,67_Correct,83.0,115.0,72.17
CLSS,Facilitator,Bhopal,Q67,67_Correct,48.0,61.0,78.69
CLSS,Facilitator,Burhanpur,Q67,67_Correct,22.0,32.0,68.75
CLSS,Facilitator,Chhatarpur,Q67,67_Correct,88.0,114.0,77.19
CLSS,Facilitator,Chhindwara,Q67,67_Correct,148.0,163.0,90.8
CLSS,Facilitator,Damoh,Q67,67_Correct,55.0,75.0,73.33
CLSS,Facilitator,Datia,Q67,67_Correct,39.0,55.0,70.91
CLSS,Facilitator,Dhar,Q67,67_Correct,123.0,158.0,77.85
CLSS,Facilitator,Dindori,Q67,67_Correct,39.0,58.0,67.24
CLSS,Facilitator,Guna,Q67,67_Correct,49.0,67.0,73.13
CLSS,Facilitator,Gwalior,Q67,67_Correct,60.0,81.0,74.07
CLSS,Facilitator,Harda,Q67,67_Correct,28.0,41.0,68.29
CLSS,Facilitator,Indore,Q67,67_Correct,69.0,92.0,75.0
CLSS,Facilitator,Jabalpur,Q67,67_Correct,76.0,103.0,73.79
CLSS,Facilitator,Jhabua,Q67,67_Correct,91.0,117.0,77.78
CLSS,Facilitator,Katni,Q67,67_Correct,66.0,80.0,82.5
CLSS,Facilitator,Khandwa,Q67,67_Correct,70.0,83.0,84.34
CLSS,Facilitator,Khargone,Q67,67_Correct,90.0,111.0,81.08
CLSS,Facilitator,Mandla,Q67,67_Correct,87.0,112.0,77.68
CLSS,Facilitator,Mandsaur,Q67,67_Correct,93.0,95.0,97.89
CLSS,Facilitator,Morena,Q67,67_Correct,76.0,115.0,66.09
CLSS,Facilitator,Narmadapuram,Q67,67_Correct,74.0,85.0,87.06
CLSS,Facilitator,Narsinghpur,Q67,67_Correct,74.0,87.0,85.06
CLSS,Facilitator,Neemuch,Q67,67_Correct,48.0,55.0,87.27
CLSS,Facilitator,Niwari,Q67,67_Correct,25.0,37.0,67.57
CLSS,Facilitator,Panna,Q67,67_Correct,101.0,127.0,79.53
CLSS,Facilitator,Raisen,Q67,67_Correct,91.0,114.0,79.82
CLSS,Facilitator,Rajgarh,Q67,67_Correct,83.0,115.0,72.17
CLSS,Facilitator,Ratlam,Q67,67_Correct,99.0,125.0,79.2
CLSS,Facilitator,Rewa,Q67,67_Correct,96.0,132.0,72.73
CLSS,Facilitator,Sagar,Q67,67_Correct,90.0,123.0,73.17
CLSS,Facilitator,Satna,Q67,67_Correct,161.0,211.0,76.3
CLSS,Facilitator,Seoni,Q67,67_Correct,91.0,116.0,78.45
CLSS,Facilitator,Shahdol,Q67,67_Correct,66.0,96.0,68.75
CLSS,Facilitator,Shajapur,Q67,67_Correct,63.0,71.0,88.73
CLSS,Facilitator,Sheopur,Q67,67_Correct,39.0,55.0,70.91
CLSS,Facilitator,Shivpuri,Q67,67_Correct,69.0,106.0,65.09
CLSS,Facilitator,Sidhi,Q67,67_Correct,79.0,103.0,76.7
CLSS,Facilitator,Singrauli,Q67,67_Correct,38.0,65.0,58.46
CLSS,Facilitator,Tikamgarh,Q67,67_Correct,48.0,64.0,75.0
CLSS,Facilitator,Ujjain,Q67,67_Correct,78.0,104.0,75.0
CLSS,Facilitator,Umaria,Q67,67_Correct,50.0,73.0,68.49
CLSS,Facilitator,Vidisha,Q67,67_Correct,101.0,122.0,82.79
CLSS,Facilitator,Total,Q67,67_Correct,3684.0,4814.0,76.53
CLSS,Facilitator,Agar Malwa,Q68,68.1,42.0,49.0,85.71
CLSS,Facilitator,Agar Malwa,Q68,68.2,42.0,49.0,85.71
CLSS,Facilitator,Agar Malwa,Q68,68.3,42.0,49.0,85.71
CLSS,Facilitator,Agar Malwa,Q68,68.4,41.0,49.0,83.67
CLSS,Facilitator,Agar Malwa,Q68,68.5,43.0,49.0,87.76
CLSS,Facilitator,Agar Malwa,Q68,68.6,42.0,49.0,85.71
CLSS,Facilitator,Agar Malwa,Q68,68.7,41.0,49.0,83.67
CLSS,Facilitator,Agar Malwa,Q68,68.8,12.0,49.0,24.49
CLSS,Facilitator,Alirajpur,Q68,68.1,83.0,95.0,87.37
CLSS,Facilitator,Alirajpur,Q68,68.2,86.0,95.0,90.53
CLSS,Facilitator,Alirajpur,Q68,68.3,87.0,95.0,91.58
CLSS,Facilitator,Alirajpur,Q68,68.4,86.0,95.0,90.53
CLSS,Facilitator,Alirajpur,Q68,68.5,84.0,95.0,88.42
CLSS,Facilitator,Alirajpur,Q68,68.6,84.0,95.0,88.42
CLSS,Facilitator,Alirajpur,Q68,68.7,82.0,95.0,86.32
CLSS,Facilitator,Alirajpur,Q68,68.8,29.0,95.0,30.53
CLSS,Facilitator,Anuppur,Q68,68.1,64.0,82.0,78.05
CLSS,Facilitator,Anuppur,Q68,68.2,71.0,82.0,86.59
CLSS,Facilitator,Anuppur,Q68,68.3,72.0,82.0,87.8
CLSS,Facilitator,Anuppur,Q68,68.4,75.0,82.0,91.46
CLSS,Facilitator,Anuppur,Q68,68.5,72.0,82.0,87.8
CLSS,Facilitator,Anuppur,Q68,68.6,73.0,82.0,89.02
CLSS,Facilitator,Anuppur,Q68,68.7,69.0,82.0,84.15
CLSS,Facilitator,Anuppur,Q68,68.8,29.0,82.0,35.37
CLSS,Facilitator,Ashoknagar,Q68,68.1,63.0,74.0,85.14
CLSS,Facilitator,Ashoknagar,Q68,68.2,66.0,74.0,89.19
CLSS,Facilitator,Ashoknagar,Q68,68.3,70.0,74.0,94.59
CLSS,Facilitator,Ashoknagar,Q68,68.4,70.0,74.0,94.59
CLSS,Facilitator,Ashoknagar,Q68,68.5,66.0,74.0,89.19
CLSS,Facilitator,Ashoknagar,Q68,68.6,66.0,74.0,89.19
CLSS,Facilitator,Ashoknagar,Q68,68.7,65.0,74.0,87.84
CLSS,Facilitator,Ashoknagar,Q68,68.8,26.0,74.0,35.14
CLSS,Facilitator,Balaghat,Q68,68.1,121.0,146.0,82.88
CLSS,Facilitator,Balaghat,Q68,68.2,129.0,146.0,88.36
CLSS,Facilitator,Balaghat,Q68,68.3,128.0,146.0,87.67
CLSS,Facilitator,Balaghat,Q68,68.4,131.0,146.0,89.73
CLSS,Facilitator,Balaghat,Q68,68.5,128.0,146.0,87.67
CLSS,Facilitator,Balaghat,Q68,68.6,127.0,146.0,86.99
CLSS,Facilitator,Balaghat,Q68,68.7,126.0,146.0,86.3
CLSS,Facilitator,Balaghat,Q68,68.8,44.0,146.0,30.14
CLSS,Facilitator,Barwani,Q68,68.1,93.0,107.0,86.92
CLSS,Facilitator,Barwani,Q68,68.2,93.0,107.0,86.92
CLSS,Facilitator,Barwani,Q68,68.3,97.0,107.0,90.65
CLSS,Facilitator,Barwani,Q68,68.4,96.0,107.0,89.72
CLSS,Facilitator,Barwani,Q68,68.5,95.0,107.0,88.79
CLSS,Facilitator,Barwani,Q68,68.6,95.0,107.0,88.79
CLSS,Facilitator,Barwani,Q68,68.7,93.0,107.0,86.92
CLSS,Facilitator,Barwani,Q68,68.8,37.0,107.0,34.58
CLSS,Facilitator,Betul,Q68,68.1,129.0,147.0,87.76
CLSS,Facilitator,Betul,Q68,68.2,132.0,147.0,89.8
CLSS,Facilitator,Betul,Q68,68.3,133.0,147.0,90.48
CLSS,Facilitator,Betul,Q68,68.4,136.0,147.0,92.52
CLSS,Facilitator,Betul,Q68,68.5,125.0,147.0,85.03
CLSS,Facilitator,Betul,Q68,68.6,127.0,147.0,86.39
CLSS,Facilitator,Betul,Q68,68.7,131.0,147.0,89.12
CLSS,Facilitator,Betul,Q68,68.8,45.0,147.0,30.61
CLSS,Facilitator,Bhind,Q68,68.1,101.0,115.0,87.83
CLSS,Facilitator,Bhind,Q68,68.2,100.0,115.0,86.96
CLSS,Facilitator,Bhind,Q68,68.3,99.0,115.0,86.09
CLSS,Facilitator,Bhind,Q68,68.4,97.0,115.0,84.35
CLSS,Facilitator,Bhind,Q68,68.5,101.0,115.0,87.83
CLSS,Facilitator,Bhind,Q68,68.6,101.0,115.0,87.83
CLSS,Facilitator,Bhind,Q68,68.7,99.0,115.0,86.09
CLSS,Facilitator,Bhind,Q68,68.8,33.0,115.0,28.7
CLSS,Facilitator,Bhopal,Q68,68.1,50.0,61.0,81.97
CLSS,Facilitator,Bhopal,Q68,68.2,51.0,61.0,83.61
CLSS,Facilitator,Bhopal,Q68,68.3,53.0,61.0,86.89
CLSS,Facilitator,Bhopal,Q68,68.4,54.0,61.0,88.52
CLSS,Facilitator,Bhopal,Q68,68.5,54.0,61.0,88.52
CLSS,Facilitator,Bhopal,Q68,68.6,55.0,61.0,90.16
CLSS,Facilitator,Bhopal,Q68,68.7,52.0,61.0,85.25
CLSS,Facilitator,Bhopal,Q68,68.8,16.0,61.0,26.23
CLSS,Facilitator,Burhanpur,Q68,68.1,26.0,32.0,81.25
CLSS,Facilitator,Burhanpur,Q68,68.2,26.0,32.0,81.25
CLSS,Facilitator,Burhanpur,Q68,68.3,29.0,32.0,90.62
CLSS,Facilitator,Burhanpur,Q68,68.4,27.0,32.0,84.38
CLSS,Facilitator,Burhanpur,Q68,68.5,26.0,32.0,81.25
CLSS,Facilitator,Burhanpur,Q68,68.6,28.0,32.0,87.5
CLSS,Facilitator,Burhanpur,Q68,68.7,24.0,32.0,75.0
CLSS,Facilitator,Burhanpur,Q68,68.8,9.0,32.0,28.12
CLSS,Facilitator,Chhatarpur,Q68,68.1,100.0,114.0,87.72
CLSS,Facilitator,Chhatarpur,Q68,68.2,109.0,114.0,95.61
CLSS,Facilitator,Chhatarpur,Q68,68.3,104.0,114.0,91.23
CLSS,Facilitator,Chhatarpur,Q68,68.4,107.0,114.0,93.86
CLSS,Facilitator,Chhatarpur,Q68,68.5,108.0,114.0,94.74
CLSS,Facilitator,Chhatarpur,Q68,68.6,108.0,114.0,94.74
CLSS,Facilitator,Chhatarpur,Q68,68.7,108.0,114.0,94.74
CLSS,Facilitator,Chhatarpur,Q68,68.8,31.0,114.0,27.19
CLSS,Facilitator,Chhindwara,Q68,68.1,141.0,163.0,86.5
CLSS,Facilitator,Chhindwara,Q68,68.2,148.0,163.0,90.8
CLSS,Facilitator,Chhindwara,Q68,68.3,147.0,163.0,90.18
CLSS,Facilitator,Chhindwara,Q68,68.4,150.0,163.0,92.02
CLSS,Facilitator,Chhindwara,Q68,68.5,148.0,163.0,90.8
CLSS,Facilitator,Chhindwara,Q68,68.6,147.0,163.0,90.18
CLSS,Facilitator,Chhindwara,Q68,68.7,141.0,163.0,86.5
CLSS,Facilitator,Chhindwara,Q68,68.8,33.0,163.0,20.25
CLSS,Facilitator,Damoh,Q68,68.1,56.0,75.0,74.67
CLSS,Facilitator,Damoh,Q68,68.2,62.0,75.0,82.67
CLSS,Facilitator,Damoh,Q68,68.3,63.0,75.0,84.0
CLSS,Facilitator,Damoh,Q68,68.4,65.0,75.0,86.67
CLSS,Facilitator,Damoh,Q68,68.5,63.0,75.0,84.0
CLSS,Facilitator,Damoh,Q68,68.6,64.0,75.0,85.33
CLSS,Facilitator,Damoh,Q68,68.7,59.0,75.0,78.67
CLSS,Facilitator,Damoh,Q68,68.8,32.0,75.0,42.67
CLSS,Facilitator,Datia,Q68,68.1,40.0,55.0,72.73
CLSS,Facilitator,Datia,Q68,68.2,44.0,55.0,80.0
CLSS,Facilitator,Datia,Q68,68.3,43.0,55.0,78.18
CLSS,Facilitator,Datia,Q68,68.4,46.0,55.0,83.64
CLSS,Facilitator,Datia,Q68,68.5,41.0,55.0,74.55
CLSS,Facilitator,Datia,Q68,68.6,43.0,55.0,78.18
CLSS,Facilitator,Datia,Q68,68.7,42.0,55.0,76.36
CLSS,Facilitator,Datia,Q68,68.8,20.0,55.0,36.36
CLSS,Facilitator,Dhar,Q68,68.1,130.0,158.0,82.28
CLSS,Facilitator,Dhar,Q68,68.2,133.0,158.0,84.18
CLSS,Facilitator,Dhar,Q68,68.3,140.0,158.0,88.61
CLSS,Facilitator,Dhar,Q68,68.4,137.0,158.0,86.71
CLSS,Facilitator,Dhar,Q68,68.5,136.0,158.0,86.08
CLSS,Facilitator,Dhar,Q68,68.6,137.0,158.0,86.71
CLSS,Facilitator,Dhar,Q68,68.7,136.0,158.0,86.08
CLSS,Facilitator,Dhar,Q68,68.8,50.0,158.0,31.65
CLSS,Facilitator,Dindori,Q68,68.1,48.0,58.0,82.76
CLSS,Facilitator,Dindori,Q68,68.2,50.0,58.0,86.21
CLSS,Facilitator,Dindori,Q68,68.3,51.0,58.0,87.93
CLSS,Facilitator,Dindori,Q68,68.4,53.0,58.0,91.38
CLSS,Facilitator,Dindori,Q68,68.5,51.0,58.0,87.93
CLSS,Facilitator,Dindori,Q68,68.6,48.0,58.0,82.76
CLSS,Facilitator,Dindori,Q68,68.7,48.0,58.0,82.76
CLSS,Facilitator,Dindori,Q68,68.8,15.0,58.0,25.86
CLSS,Facilitator,Guna,Q68,68.1,59.0,67.0,88.06
CLSS,Facilitator,Guna,Q68,68.2,63.0,67.0,94.03
CLSS,Facilitator,Guna,Q68,68.3,64.0,67.0,95.52
CLSS,Facilitator,Guna,Q68,68.4,64.0,67.0,95.52
CLSS,Facilitator,Guna,Q68,68.5,63.0,67.0,94.03
CLSS,Facilitator,Guna,Q68,68.6,65.0,67.0,97.01
CLSS,Facilitator,Guna,Q68,68.7,65.0,67.0,97.01
CLSS,Facilitator,Guna,Q68,68.8,25.0,67.0,37.31
CLSS,Facilitator,Gwalior,Q68,68.1,73.0,81.0,90.12
CLSS,Facilitator,Gwalior,Q68,68.2,71.0,81.0,87.65
CLSS,Facilitator,Gwalior,Q68,68.3,74.0,81.0,91.36
CLSS,Facilitator,Gwalior,Q68,68.4,73.0,81.0,90.12
CLSS,Facilitator,Gwalior,Q68,68.5,71.0,81.0,87.65
CLSS,Facilitator,Gwalior,Q68,68.6,69.0,81.0,85.19
CLSS,Facilitator,Gwalior,Q68,68.7,69.0,81.0,85.19
CLSS,Facilitator,Gwalior,Q68,68.8,17.0,81.0,20.99
CLSS,Facilitator,Harda,Q68,68.1,35.0,41.0,85.37
CLSS,Facilitator,Harda,Q68,68.2,37.0,41.0,90.24
CLSS,Facilitator,Harda,Q68,68.3,36.0,41.0,87.8
CLSS,Facilitator,Harda,Q68,68.4,37.0,41.0,90.24
CLSS,Facilitator,Harda,Q68,68.5,36.0,41.0,87.8
CLSS,Facilitator,Harda,Q68,68.6,34.0,41.0,82.93
CLSS,Facilitator,Harda,Q68,68.7,36.0,41.0,87.8
CLSS,Facilitator,Harda,Q68,68.8,17.0,41.0,41.46
CLSS,Facilitator,Indore,Q68,68.1,86.0,92.0,93.48
CLSS,Facilitator,Indore,Q68,68.2,84.0,92.0,91.3
CLSS,Facilitator,Indore,Q68,68.3,86.0,92.0,93.48
CLSS,Facilitator,Indore,Q68,68.4,86.0,92.0,93.48
CLSS,Facilitator,Indore,Q68,68.5,88.0,92.0,95.65
CLSS,Facilitator,Indore,Q68,68.6,86.0,92.0,93.48
CLSS,Facilitator,Indore,Q68,68.7,84.0,92.0,91.3
CLSS,Facilitator,Indore,Q68,68.8,20.0,92.0,21.74
CLSS,Facilitator,Jabalpur,Q68,68.1,83.0,103.0,80.58
CLSS,Facilitator,Jabalpur,Q68,68.2,88.0,103.0,85.44
CLSS,Facilitator,Jabalpur,Q68,68.3,85.0,103.0,82.52
CLSS,Facilitator,Jabalpur,Q68,68.4,93.0,103.0,90.29
CLSS,Facilitator,Jabalpur,Q68,68.5,82.0,103.0,79.61
CLSS,Facilitator,Jabalpur,Q68,68.6,84.0,103.0,81.55
CLSS,Facilitator,Jabalpur,Q68,68.7,82.0,103.0,79.61
CLSS,Facilitator,Jabalpur,Q68,68.8,23.0,103.0,22.33
CLSS,Facilitator,Jhabua,Q68,68.1,103.0,117.0,88.03
CLSS,Facilitator,Jhabua,Q68,68.2,107.0,117.0,91.45
CLSS,Facilitator,Jhabua,Q68,68.3,108.0,117.0,92.31
CLSS,Facilitator,Jhabua,Q68,68.4,111.0,117.0,94.87
CLSS,Facilitator,Jhabua,Q68,68.5,111.0,117.0,94.87
CLSS,Facilitator,Jhabua,Q68,68.6,111.0,117.0,94.87
CLSS,Facilitator,Jhabua,Q68,68.7,107.0,117.0,91.45
CLSS,Facilitator,Jhabua,Q68,68.8,46.0,117.0,39.32
CLSS,Facilitator,Katni,Q68,68.1,69.0,80.0,86.25
CLSS,Facilitator,Katni,Q68,68.2,74.0,80.0,92.5
CLSS,Facilitator,Katni,Q68,68.3,74.0,80.0,92.5
CLSS,Facilitator,Katni,Q68,68.4,77.0,80.0,96.25
CLSS,Facilitator,Katni,Q68,68.5,75.0,80.0,93.75
CLSS,Facilitator,Katni,Q68,68.6,72.0,80.0,90.0
CLSS,Facilitator,Katni,Q68,68.7,73.0,80.0,91.25
CLSS,Facilitator,Katni,Q68,68.8,27.0,80.0,33.75
CLSS,Facilitator,Khandwa,Q68,68.1,74.0,83.0,89.16
CLSS,Facilitator,Khandwa,Q68,68.2,76.0,83.0,91.57
CLSS,Facilitator,Khandwa,Q68,68.3,74.0,83.0,89.16
CLSS,Facilitator,Khandwa,Q68,68.4,77.0,83.0,92.77
CLSS,Facilitator,Khandwa,Q68,68.5,75.0,83.0,90.36
CLSS,Facilitator,Khandwa,Q68,68.6,75.0,83.0,90.36
CLSS,Facilitator,Khandwa,Q68,68.7,73.0,83.0,87.95
CLSS,Facilitator,Khandwa,Q68,68.8,26.0,83.0,31.33
CLSS,Facilitator,Khargone,Q68,68.1,98.0,111.0,88.29
CLSS,Facilitator,Khargone,Q68,68.2,101.0,111.0,90.99
CLSS,Facilitator,Khargone,Q68,68.3,103.0,111.0,92.79
CLSS,Facilitator,Khargone,Q68,68.4,104.0,111.0,93.69
CLSS,Facilitator,Khargone,Q68,68.5,101.0,111.0,90.99
CLSS,Facilitator,Khargone,Q68,68.6,101.0,111.0,90.99
CLSS,Facilitator,Khargone,Q68,68.7,99.0,111.0,89.19
CLSS,Facilitator,Khargone,Q68,68.8,35.0,111.0,31.53
CLSS,Facilitator,Mandla,Q68,68.1,95.0,112.0,84.82
CLSS,Facilitator,Mandla,Q68,68.2,94.0,112.0,83.93
CLSS,Facilitator,Mandla,Q68,68.3,94.0,112.0,83.93
CLSS,Facilitator,Mandla,Q68,68.4,99.0,112.0,88.39
CLSS,Facilitator,Mandla,Q68,68.5,95.0,112.0,84.82
CLSS,Facilitator,Mandla,Q68,68.6,94.0,112.0,83.93
CLSS,Facilitator,Mandla,Q68,68.7,97.0,112.0,86.61
CLSS,Facilitator,Mandla,Q68,68.8,30.0,112.0,26.79
CLSS,Facilitator,Mandsaur,Q68,68.1,86.0,95.0,90.53
CLSS,Facilitator,Mandsaur,Q68,68.2,89.0,95.0,93.68
CLSS,Facilitator,Mandsaur,Q68,68.3,90.0,95.0,94.74
CLSS,Facilitator,Mandsaur,Q68,68.4,90.0,95.0,94.74
CLSS,Facilitator,Mandsaur,Q68,68.5,87.0,95.0,91.58
CLSS,Facilitator,Mandsaur,Q68,68.6,88.0,95.0,92.63
CLSS,Facilitator,Mandsaur,Q68,68.7,83.0,95.0,87.37
CLSS,Facilitator,Mandsaur,Q68,68.8,19.0,95.0,20.0
CLSS,Facilitator,Morena,Q68,68.1,100.0,115.0,86.96
CLSS,Facilitator,Morena,Q68,68.2,102.0,115.0,88.7
CLSS,Facilitator,Morena,Q68,68.3,105.0,115.0,91.3
CLSS,Facilitator,Morena,Q68,68.4,103.0,115.0,89.57
CLSS,Facilitator,Morena,Q68,68.5,101.0,115.0,87.83
CLSS,Facilitator,Morena,Q68,68.6,104.0,115.0,90.43
CLSS,Facilitator,Morena,Q68,68.7,97.0,115.0,84.35
CLSS,Facilitator,Morena,Q68,68.8,30.0,115.0,26.09
CLSS,Facilitator,Narmadapuram,Q68,68.1,69.0,85.0,81.18
CLSS,Facilitator,Narmadapuram,Q68,68.2,75.0,85.0,88.24
CLSS,Facilitator,Narmadapuram,Q68,68.3,75.0,85.0,88.24
CLSS,Facilitator,Narmadapuram,Q68,68.4,78.0,85.0,91.76
CLSS,Facilitator,Narmadapuram,Q68,68.5,73.0,85.0,85.88
CLSS,Facilitator,Narmadapuram,Q68,68.6,74.0,85.0,87.06
CLSS,Facilitator,Narmadapuram,Q68,68.7,75.0,85.0,88.24
CLSS,Facilitator,Narmadapuram,Q68,68.8,23.0,85.0,27.06
CLSS,Facilitator,Narsinghpur,Q68,68.1,74.0,87.0,85.06
CLSS,Facilitator,Narsinghpur,Q68,68.2,77.0,87.0,88.51
CLSS,Facilitator,Narsinghpur,Q68,68.3,79.0,87.0,90.8
CLSS,Facilitator,Narsinghpur,Q68,68.4,79.0,87.0,90.8
CLSS,Facilitator,Narsinghpur,Q68,68.5,78.0,87.0,89.66
CLSS,Facilitator,Narsinghpur,Q68,68.6,79.0,87.0,90.8
CLSS,Facilitator,Narsinghpur,Q68,68.7,74.0,87.0,85.06
CLSS,Facilitator,Narsinghpur,Q68,68.8,21.0,87.0,24.14
CLSS,Facilitator,Neemuch,Q68,68.1,47.0,55.0,85.45
CLSS,Facilitator,Neemuch,Q68,68.2,49.0,55.0,89.09
CLSS,Facilitator,Neemuch,Q68,68.3,48.0,55.0,87.27
CLSS,Facilitator,Neemuch,Q68,68.4,51.0,55.0,92.73
CLSS,Facilitator,Neemuch,Q68,68.5,49.0,55.0,89.09
CLSS,Facilitator,Neemuch,Q68,68.6,47.0,55.0,85.45
CLSS,Facilitator,Neemuch,Q68,68.7,47.0,55.0,85.45
CLSS,Facilitator,Neemuch,Q68,68.8,21.0,55.0,38.18
CLSS,Facilitator,Niwari,Q68,68.1,30.0,37.0,81.08
CLSS,Facilitator,Niwari,Q68,68.2,31.0,37.0,83.78
CLSS,Facilitator,Niwari,Q68,68.3,31.0,37.0,83.78
CLSS,Facilitator,Niwari,Q68,68.4,32.0,37.0,86.49
CLSS,Facilitator,Niwari,Q68,68.5,35.0,37.0,94.59
CLSS,Facilitator,Niwari,Q68,68.6,32.0,37.0,86.49
CLSS,Facilitator,Niwari,Q68,68.7,29.0,37.0,78.38
CLSS,Facilitator,Niwari,Q68,68.8,6.0,37.0,16.22
CLSS,Facilitator,Panna,Q68,68.1,114.0,127.0,89.76
CLSS,Facilitator,Panna,Q68,68.2,110.0,127.0,86.61
CLSS,Facilitator,Panna,Q68,68.3,119.0,127.0,93.7
CLSS,Facilitator,Panna,Q68,68.4,119.0,127.0,93.7
CLSS,Facilitator,Panna,Q68,68.5,113.0,127.0,88.98
CLSS,Facilitator,Panna,Q68,68.6,115.0,127.0,90.55
CLSS,Facilitator,Panna,Q68,68.7,114.0,127.0,89.76
CLSS,Facilitator,Panna,Q68,68.8,42.0,127.0,33.07
CLSS,Facilitator,Raisen,Q68,68.1,100.0,114.0,87.72
CLSS,Facilitator,Raisen,Q68,68.2,99.0,114.0,86.84
CLSS,Facilitator,Raisen,Q68,68.3,104.0,114.0,91.23
CLSS,Facilitator,Raisen,Q68,68.4,103.0,114.0,90.35
CLSS,Facilitator,Raisen,Q68,68.5,102.0,114.0,89.47
CLSS,Facilitator,Raisen,Q68,68.6,101.0,114.0,88.6
CLSS,Facilitator,Raisen,Q68,68.7,102.0,114.0,89.47
CLSS,Facilitator,Raisen,Q68,68.8,35.0,114.0,30.7
CLSS,Facilitator,Rajgarh,Q68,68.1,103.0,115.0,89.57
CLSS,Facilitator,Rajgarh,Q68,68.2,104.0,115.0,90.43
CLSS,Facilitator,Rajgarh,Q68,68.3,108.0,115.0,93.91
CLSS,Facilitator,Rajgarh,Q68,68.4,104.0,115.0,90.43
CLSS,Facilitator,Rajgarh,Q68,68.5,102.0,115.0,88.7
CLSS,Facilitator,Rajgarh,Q68,68.6,102.0,115.0,88.7
CLSS,Facilitator,Rajgarh,Q68,68.7,100.0,115.0,86.96
CLSS,Facilitator,Rajgarh,Q68,68.8,37.0,115.0,32.17
CLSS,Facilitator,Ratlam,Q68,68.1,104.0,125.0,83.2
CLSS,Facilitator,Ratlam,Q68,68.2,109.0,125.0,87.2
CLSS,Facilitator,Ratlam,Q68,68.3,112.0,125.0,89.6
CLSS,Facilitator,Ratlam,Q68,68.4,115.0,125.0,92.0
CLSS,Facilitator,Ratlam,Q68,68.5,105.0,125.0,84.0
CLSS,Facilitator,Ratlam,Q68,68.6,108.0,125.0,86.4
CLSS,Facilitator,Ratlam,Q68,68.7,106.0,125.0,84.8
CLSS,Facilitator,Ratlam,Q68,68.8,43.0,125.0,34.4
CLSS,Facilitator,Rewa,Q68,68.1,103.0,132.0,78.03
CLSS,Facilitator,Rewa,Q68,68.2,106.0,132.0,80.3
CLSS,Facilitator,Rewa,Q68,68.3,110.0,132.0,83.33
CLSS,Facilitator,Rewa,Q68,68.4,111.0,132.0,84.09
CLSS,Facilitator,Rewa,Q68,68.5,107.0,132.0,81.06
CLSS,Facilitator,Rewa,Q68,68.6,111.0,132.0,84.09
CLSS,Facilitator,Rewa,Q68,68.7,103.0,132.0,78.03
CLSS,Facilitator,Rewa,Q68,68.8,44.0,132.0,33.33
CLSS,Facilitator,Sagar,Q68,68.1,95.0,123.0,77.24
CLSS,Facilitator,Sagar,Q68,68.2,103.0,123.0,83.74
CLSS,Facilitator,Sagar,Q68,68.3,104.0,123.0,84.55
CLSS,Facilitator,Sagar,Q68,68.4,105.0,123.0,85.37
CLSS,Facilitator,Sagar,Q68,68.5,98.0,123.0,79.67
CLSS,Facilitator,Sagar,Q68,68.6,101.0,123.0,82.11
CLSS,Facilitator,Sagar,Q68,68.7,100.0,123.0,81.3
CLSS,Facilitator,Sagar,Q68,68.8,38.0,123.0,30.89
CLSS,Facilitator,Satna,Q68,68.1,192.0,211.0,91.0
CLSS,Facilitator,Satna,Q68,68.2,198.0,211.0,93.84
CLSS,Facilitator,Satna,Q68,68.3,199.0,211.0,94.31
CLSS,Facilitator,Satna,Q68,68.4,195.0,211.0,92.42
CLSS,Facilitator,Satna,Q68,68.5,197.0,211.0,93.36
CLSS,Facilitator,Satna,Q68,68.6,196.0,211.0,92.89
CLSS,Facilitator,Satna,Q68,68.7,188.0,211.0,89.1
CLSS,Facilitator,Satna,Q68,68.8,52.0,211.0,24.64
CLSS,Facilitator,Seoni,Q68,68.1,98.0,116.0,84.48
CLSS,Facilitator,Seoni,Q68,68.2,105.0,116.0,90.52
CLSS,Facilitator,Seoni,Q68,68.3,108.0,116.0,93.1
CLSS,Facilitator,Seoni,Q68,68.4,108.0,116.0,93.1
CLSS,Facilitator,Seoni,Q68,68.5,102.0,116.0,87.93
CLSS,Facilitator,Seoni,Q68,68.6,104.0,116.0,89.66
CLSS,Facilitator,Seoni,Q68,68.7,101.0,116.0,87.07
CLSS,Facilitator,Seoni,Q68,68.8,33.0,116.0,28.45
CLSS,Facilitator,Shahdol,Q68,68.1,85.0,96.0,88.54
CLSS,Facilitator,Shahdol,Q68,68.2,87.0,96.0,90.62
CLSS,Facilitator,Shahdol,Q68,68.3,90.0,96.0,93.75
CLSS,Facilitator,Shahdol,Q68,68.4,90.0,96.0,93.75
CLSS,Facilitator,Shahdol,Q68,68.5,86.0,96.0,89.58
CLSS,Facilitator,Shahdol,Q68,68.6,88.0,96.0,91.67
CLSS,Facilitator,Shahdol,Q68,68.7,88.0,96.0,91.67
CLSS,Facilitator,Shahdol,Q68,68.8,33.0,96.0,34.38
CLSS,Facilitator,Shajapur,Q68,68.1,66.0,71.0,92.96
CLSS,Facilitator,Shajapur,Q68,68.2,67.0,71.0,94.37
CLSS,Facilitator,Shajapur,Q68,68.3,68.0,71.0,95.77
CLSS,Facilitator,Shajapur,Q68,68.4,69.0,71.0,97.18
CLSS,Facilitator,Shajapur,Q68,68.5,67.0,71.0,94.37
CLSS,Facilitator,Shajapur,Q68,68.6,66.0,71.0,92.96
CLSS,Facilitator,Shajapur,Q68,68.7,67.0,71.0,94.37
CLSS,Facilitator,Shajapur,Q68,68.8,20.0,71.0,28.17
CLSS,Facilitator,Sheopur,Q68,68.1,48.0,55.0,87.27
CLSS,Facilitator,Sheopur,Q68,68.2,50.0,55.0,90.91
CLSS,Facilitator,Sheopur,Q68,68.3,47.0,55.0,85.45
CLSS,Facilitator,Sheopur,Q68,68.4,50.0,55.0,90.91
CLSS,Facilitator,Sheopur,Q68,68.5,46.0,55.0,83.64
CLSS,Facilitator,Sheopur,Q68,68.6,48.0,55.0,87.27
CLSS,Facilitator,Sheopur,Q68,68.7,47.0,55.0,85.45
CLSS,Facilitator,Sheopur,Q68,68.8,20.0,55.0,36.36
CLSS,Facilitator,Shivpuri,Q68,68.1,80.0,106.0,75.47
CLSS,Facilitator,Shivpuri,Q68,68.2,86.0,106.0,81.13
CLSS,Facilitator,Shivpuri,Q68,68.3,86.0,106.0,81.13
CLSS,Facilitator,Shivpuri,Q68,68.4,93.0,106.0,87.74
CLSS,Facilitator,Shivpuri,Q68,68.5,84.0,106.0,79.25
CLSS,Facilitator,Shivpuri,Q68,68.6,87.0,106.0,82.08
CLSS,Facilitator,Shivpuri,Q68,68.7,88.0,106.0,83.02
CLSS,Facilitator,Shivpuri,Q68,68.8,24.0,106.0,22.64
CLSS,Facilitator,Sidhi,Q68,68.1,86.0,103.0,83.5
CLSS,Facilitator,Sidhi,Q68,68.2,94.0,103.0,91.26
CLSS,Facilitator,Sidhi,Q68,68.3,93.0,103.0,90.29
CLSS,Facilitator,Sidhi,Q68,68.4,93.0,103.0,90.29
CLSS,Facilitator,Sidhi,Q68,68.5,89.0,103.0,86.41
CLSS,Facilitator,Sidhi,Q68,68.6,92.0,103.0,89.32
CLSS,Facilitator,Sidhi,Q68,68.7,85.0,103.0,82.52
CLSS,Facilitator,Sidhi,Q68,68.8,33.0,103.0,32.04
CLSS,Facilitator,Singrauli,Q68,68.1,50.0,65.0,76.92
CLSS,Facilitator,Singrauli,Q68,68.2,52.0,65.0,80.0
CLSS,Facilitator,Singrauli,Q68,68.3,57.0,65.0,87.69
CLSS,Facilitator,Singrauli,Q68,68.4,53.0,65.0,81.54
CLSS,Facilitator,Singrauli,Q68,68.5,53.0,65.0,81.54
CLSS,Facilitator,Singrauli,Q68,68.6,55.0,65.0,84.62
CLSS,Facilitator,Singrauli,Q68,68.7,51.0,65.0,78.46
CLSS,Facilitator,Singrauli,Q68,68.8,30.0,65.0,46.15
CLSS,Facilitator,Tikamgarh,Q68,68.1,56.0,64.0,87.5
CLSS,Facilitator,Tikamgarh,Q68,68.2,56.0,64.0,87.5
CLSS,Facilitator,Tikamgarh,Q68,68.3,57.0,64.0,89.06
CLSS,Facilitator,Tikamgarh,Q68,68.4,58.0,64.0,90.62
CLSS,Facilitator,Tikamgarh,Q68,68.5,54.0,64.0,84.38
CLSS,Facilitator,Tikamgarh,Q68,68.6,53.0,64.0,82.81
CLSS,Facilitator,Tikamgarh,Q68,68.7,49.0,64.0,76.56
CLSS,Facilitator,Tikamgarh,Q68,68.8,12.0,64.0,18.75
CLSS,Facilitator,Ujjain,Q68,68.1,81.0,104.0,77.88
CLSS,Facilitator,Ujjain,Q68,68.2,87.0,104.0,83.65
CLSS,Facilitator,Ujjain,Q68,68.3,90.0,104.0,86.54
CLSS,Facilitator,Ujjain,Q68,68.4,91.0,104.0,87.5
CLSS,Facilitator,Ujjain,Q68,68.5,90.0,104.0,86.54
CLSS,Facilitator,Ujjain,Q68,68.6,90.0,104.0,86.54
CLSS,Facilitator,Ujjain,Q68,68.7,80.0,104.0,76.92
CLSS,Facilitator,Ujjain,Q68,68.8,30.0,104.0,28.85
CLSS,Facilitator,Umaria,Q68,68.1,61.0,73.0,83.56
CLSS,Facilitator,Umaria,Q68,68.2,63.0,73.0,86.3
CLSS,Facilitator,Umaria,Q68,68.3,65.0,73.0,89.04
CLSS,Facilitator,Umaria,Q68,68.4,64.0,73.0,87.67
CLSS,Facilitator,Umaria,Q68,68.5,64.0,73.0,87.67
CLSS,Facilitator,Umaria,Q68,68.6,65.0,73.0,89.04
CLSS,Facilitator,Umaria,Q68,68.7,64.0,73.0,87.67
CLSS,Facilitator,Umaria,Q68,68.8,30.0,73.0,41.1
CLSS,Facilitator,Vidisha,Q68,68.1,112.0,122.0,91.8
CLSS,Facilitator,Vidisha,Q68,68.2,117.0,122.0,95.9
CLSS,Facilitator,Vidisha,Q68,68.3,115.0,122.0,94.26
CLSS,Facilitator,Vidisha,Q68,68.4,113.0,122.0,92.62
CLSS,Facilitator,Vidisha,Q68,68.5,115.0,122.0,94.26
CLSS,Facilitator,Vidisha,Q68,68.6,115.0,122.0,94.26
CLSS,Facilitator,Vidisha,Q68,68.7,110.0,122.0,90.16
CLSS,Facilitator,Vidisha,Q68,68.8,37.0,122.0,30.33
CLSS,Facilitator,Total,Q68,68.1,4102.0,4814.0,85.21
CLSS,Facilitator,Total,Q68,68.2,4253.0,4814.0,88.35
CLSS,Facilitator,Total,Q68,68.3,4316.0,4814.0,89.66
CLSS,Facilitator,Total,Q68,68.4,4359.0,4814.0,90.55
CLSS,Facilitator,Total,Q68,68.5,4235.0,4814.0,87.97
CLSS,Facilitator,Total,Q68,68.6,4257.0,4814.0,88.43
CLSS,Facilitator,Total,Q68,68.7,4149.0,4814.0,86.19
CLSS,Facilitator,Total,Q68,68.8,1440.0,4814.0,29.91
CLSS,Facilitator,Agar Malwa,Q69,69.1,46.0,49.0,93.88
CLSS,Facilitator,Agar Malwa,Q69,69.2,44.0,49.0,89.8
CLSS,Facilitator,Agar Malwa,Q69,69.3,44.0,49.0,89.8
CLSS,Facilitator,Agar Malwa,Q69,69.4,45.0,49.0,91.84
CLSS,Facilitator,Agar Malwa,Q69,69.5,43.0,49.0,87.76
CLSS,Facilitator,Agar Malwa,Q69,69.6,44.0,49.0,89.8
CLSS,Facilitator,Agar Malwa,Q69,69.7,45.0,49.0,91.84
CLSS,Facilitator,Alirajpur,Q69,69.1,86.0,95.0,90.53
CLSS,Facilitator,Alirajpur,Q69,69.2,80.0,95.0,84.21
CLSS,Facilitator,Alirajpur,Q69,69.3,87.0,95.0,91.58
CLSS,Facilitator,Alirajpur,Q69,69.4,86.0,95.0,90.53
CLSS,Facilitator,Alirajpur,Q69,69.5,84.0,95.0,88.42
CLSS,Facilitator,Alirajpur,Q69,69.6,85.0,95.0,89.47
CLSS,Facilitator,Alirajpur,Q69,69.7,85.0,95.0,89.47
CLSS,Facilitator,Anuppur,Q69,69.1,77.0,82.0,93.9
CLSS,Facilitator,Anuppur,Q69,69.2,71.0,82.0,86.59
CLSS,Facilitator,Anuppur,Q69,69.3,80.0,82.0,97.56
CLSS,Facilitator,Anuppur,Q69,69.4,78.0,82.0,95.12
CLSS,Facilitator,Anuppur,Q69,69.5,78.0,82.0,95.12
CLSS,Facilitator,Anuppur,Q69,69.6,78.0,82.0,95.12
CLSS,Facilitator,Anuppur,Q69,69.7,77.0,82.0,93.9
CLSS,Facilitator,Ashoknagar,Q69,69.1,68.0,74.0,91.89
CLSS,Facilitator,Ashoknagar,Q69,69.2,65.0,74.0,87.84
CLSS,Facilitator,Ashoknagar,Q69,69.3,69.0,74.0,93.24
CLSS,Facilitator,Ashoknagar,Q69,69.4,66.0,74.0,89.19
CLSS,Facilitator,Ashoknagar,Q69,69.5,62.0,74.0,83.78
CLSS,Facilitator,Ashoknagar,Q69,69.6,65.0,74.0,87.84
CLSS,Facilitator,Ashoknagar,Q69,69.7,66.0,74.0,89.19
CLSS,Facilitator,Balaghat,Q69,69.1,132.0,146.0,90.41
CLSS,Facilitator,Balaghat,Q69,69.2,125.0,146.0,85.62
CLSS,Facilitator,Balaghat,Q69,69.3,132.0,146.0,90.41
CLSS,Facilitator,Balaghat,Q69,69.4,137.0,146.0,93.84
CLSS,Facilitator,Balaghat,Q69,69.5,131.0,146.0,89.73
CLSS,Facilitator,Balaghat,Q69,69.6,127.0,146.0,86.99
CLSS,Facilitator,Balaghat,Q69,69.7,128.0,146.0,87.67
CLSS,Facilitator,Barwani,Q69,69.1,97.0,107.0,90.65
CLSS,Facilitator,Barwani,Q69,69.2,96.0,107.0,89.72
CLSS,Facilitator,Barwani,Q69,69.3,100.0,107.0,93.46
CLSS,Facilitator,Barwani,Q69,69.4,98.0,107.0,91.59
CLSS,Facilitator,Barwani,Q69,69.5,94.0,107.0,87.85
CLSS,Facilitator,Barwani,Q69,69.6,100.0,107.0,93.46
CLSS,Facilitator,Barwani,Q69,69.7,98.0,107.0,91.59
CLSS,Facilitator,Betul,Q69,69.1,139.0,147.0,94.56
CLSS,Facilitator,Betul,Q69,69.2,139.0,147.0,94.56
CLSS,Facilitator,Betul,Q69,69.3,137.0,147.0,93.2
CLSS,Facilitator,Betul,Q69,69.4,137.0,147.0,93.2
CLSS,Facilitator,Betul,Q69,69.5,133.0,147.0,90.48
CLSS,Facilitator,Betul,Q69,69.6,129.0,147.0,87.76
CLSS,Facilitator,Betul,Q69,69.7,136.0,147.0,92.52
CLSS,Facilitator,Bhind,Q69,69.1,104.0,115.0,90.43
CLSS,Facilitator,Bhind,Q69,69.2,105.0,115.0,91.3
CLSS,Facilitator,Bhind,Q69,69.3,103.0,115.0,89.57
CLSS,Facilitator,Bhind,Q69,69.4,104.0,115.0,90.43
CLSS,Facilitator,Bhind,Q69,69.5,97.0,115.0,84.35
CLSS,Facilitator,Bhind,Q69,69.6,102.0,115.0,88.7
CLSS,Facilitator,Bhind,Q69,69.7,102.0,115.0,88.7
CLSS,Facilitator,Bhopal,Q69,69.1,56.0,61.0,91.8
CLSS,Facilitator,Bhopal,Q69,69.2,54.0,61.0,88.52
CLSS,Facilitator,Bhopal,Q69,69.3,57.0,61.0,93.44
CLSS,Facilitator,Bhopal,Q69,69.4,53.0,61.0,86.89
CLSS,Facilitator,Bhopal,Q69,69.5,57.0,61.0,93.44
CLSS,Facilitator,Bhopal,Q69,69.6,58.0,61.0,95.08
CLSS,Facilitator,Bhopal,Q69,69.7,56.0,61.0,91.8
CLSS,Facilitator,Burhanpur,Q69,69.1,28.0,32.0,87.5
CLSS,Facilitator,Burhanpur,Q69,69.2,26.0,32.0,81.25
CLSS,Facilitator,Burhanpur,Q69,69.3,28.0,32.0,87.5
CLSS,Facilitator,Burhanpur,Q69,69.4,26.0,32.0,81.25
CLSS,Facilitator,Burhanpur,Q69,69.5,26.0,32.0,81.25
CLSS,Facilitator,Burhanpur,Q69,69.6,27.0,32.0,84.38
CLSS,Facilitator,Burhanpur,Q69,69.7,25.0,32.0,78.12
CLSS,Facilitator,Chhatarpur,Q69,69.1,110.0,114.0,96.49
CLSS,Facilitator,Chhatarpur,Q69,69.2,106.0,114.0,92.98
CLSS,Facilitator,Chhatarpur,Q69,69.3,111.0,114.0,97.37
CLSS,Facilitator,Chhatarpur,Q69,69.4,111.0,114.0,97.37
CLSS,Facilitator,Chhatarpur,Q69,69.5,110.0,114.0,96.49
CLSS,Facilitator,Chhatarpur,Q69,69.6,110.0,114.0,96.49
CLSS,Facilitator,Chhatarpur,Q69,69.7,109.0,114.0,95.61
CLSS,Facilitator,Chhindwara,Q69,69.1,157.0,163.0,96.32
CLSS,Facilitator,Chhindwara,Q69,69.2,155.0,163.0,95.09
CLSS,Facilitator,Chhindwara,Q69,69.3,156.0,163.0,95.71
CLSS,Facilitator,Chhindwara,Q69,69.4,159.0,163.0,97.55
CLSS,Facilitator,Chhindwara,Q69,69.5,159.0,163.0,97.55
CLSS,Facilitator,Chhindwara,Q69,69.6,159.0,163.0,97.55
CLSS,Facilitator,Chhindwara,Q69,69.7,159.0,163.0,97.55
CLSS,Facilitator,Damoh,Q69,69.1,66.0,75.0,88.0
CLSS,Facilitator,Damoh,Q69,69.2,64.0,75.0,85.33
CLSS,Facilitator,Damoh,Q69,69.3,70.0,75.0,93.33
CLSS,Facilitator,Damoh,Q69,69.4,70.0,75.0,93.33
CLSS,Facilitator,Damoh,Q69,69.5,68.0,75.0,90.67
CLSS,Facilitator,Damoh,Q69,69.6,67.0,75.0,89.33
CLSS,Facilitator,Damoh,Q69,69.7,68.0,75.0,90.67
CLSS,Facilitator,Datia,Q69,69.1,48.0,55.0,87.27
CLSS,Facilitator,Datia,Q69,69.2,45.0,55.0,81.82
CLSS,Facilitator,Datia,Q69,69.3,51.0,55.0,92.73
CLSS,Facilitator,Datia,Q69,69.4,48.0,55.0,87.27
CLSS,Facilitator,Datia,Q69,69.5,47.0,55.0,85.45
CLSS,Facilitator,Datia,Q69,69.6,45.0,55.0,81.82
CLSS,Facilitator,Datia,Q69,69.7,48.0,55.0,87.27
CLSS,Facilitator,Dhar,Q69,69.1,149.0,158.0,94.3
CLSS,Facilitator,Dhar,Q69,69.2,139.0,158.0,87.97
CLSS,Facilitator,Dhar,Q69,69.3,145.0,158.0,91.77
CLSS,Facilitator,Dhar,Q69,69.4,145.0,158.0,91.77
CLSS,Facilitator,Dhar,Q69,69.5,140.0,158.0,88.61
CLSS,Facilitator,Dhar,Q69,69.6,145.0,158.0,91.77
CLSS,Facilitator,Dhar,Q69,69.7,146.0,158.0,92.41
CLSS,Facilitator,Dindori,Q69,69.1,54.0,58.0,93.1
CLSS,Facilitator,Dindori,Q69,69.2,56.0,58.0,96.55
CLSS,Facilitator,Dindori,Q69,69.3,54.0,58.0,93.1
CLSS,Facilitator,Dindori,Q69,69.4,54.0,58.0,93.1
CLSS,Facilitator,Dindori,Q69,69.5,50.0,58.0,86.21
CLSS,Facilitator,Dindori,Q69,69.6,53.0,58.0,91.38
CLSS,Facilitator,Dindori,Q69,69.7,50.0,58.0,86.21
CLSS,Facilitator,Guna,Q69,69.1,60.0,67.0,89.55
CLSS,Facilitator,Guna,Q69,69.2,57.0,67.0,85.07
CLSS,Facilitator,Guna,Q69,69.3,61.0,67.0,91.04
CLSS,Facilitator,Guna,Q69,69.4,62.0,67.0,92.54
CLSS,Facilitator,Guna,Q69,69.5,63.0,67.0,94.03
CLSS,Facilitator,Guna,Q69,69.6,60.0,67.0,89.55
CLSS,Facilitator,Guna,Q69,69.7,61.0,67.0,91.04
CLSS,Facilitator,Gwalior,Q69,69.1,77.0,81.0,95.06
CLSS,Facilitator,Gwalior,Q69,69.2,73.0,81.0,90.12
CLSS,Facilitator,Gwalior,Q69,69.3,77.0,81.0,95.06
CLSS,Facilitator,Gwalior,Q69,69.4,77.0,81.0,95.06
CLSS,Facilitator,Gwalior,Q69,69.5,70.0,81.0,86.42
CLSS,Facilitator,Gwalior,Q69,69.6,73.0,81.0,90.12
CLSS,Facilitator,Gwalior,Q69,69.7,73.0,81.0,90.12
CLSS,Facilitator,Harda,Q69,69.1,38.0,41.0,92.68
CLSS,Facilitator,Harda,Q69,69.2,38.0,41.0,92.68
CLSS,Facilitator,Harda,Q69,69.3,39.0,41.0,95.12
CLSS,Facilitator,Harda,Q69,69.4,38.0,41.0,92.68
CLSS,Facilitator,Harda,Q69,69.5,37.0,41.0,90.24
CLSS,Facilitator,Harda,Q69,69.6,38.0,41.0,92.68
CLSS,Facilitator,Harda,Q69,69.7,39.0,41.0,95.12
CLSS,Facilitator,Indore,Q69,69.1,88.0,92.0,95.65
CLSS,Facilitator,Indore,Q69,69.2,86.0,92.0,93.48
CLSS,Facilitator,Indore,Q69,69.3,86.0,92.0,93.48
CLSS,Facilitator,Indore,Q69,69.4,85.0,92.0,92.39
CLSS,Facilitator,Indore,Q69,69.5,83.0,92.0,90.22
CLSS,Facilitator,Indore,Q69,69.6,87.0,92.0,94.57
CLSS,Facilitator,Indore,Q69,69.7,87.0,92.0,94.57
CLSS,Facilitator,Jabalpur,Q69,69.1,87.0,103.0,84.47
CLSS,Facilitator,Jabalpur,Q69,69.2,80.0,103.0,77.67
CLSS,Facilitator,Jabalpur,Q69,69.3,86.0,103.0,83.5
CLSS,Facilitator,Jabalpur,Q69,69.4,91.0,103.0,88.35
CLSS,Facilitator,Jabalpur,Q69,69.5,86.0,103.0,83.5
CLSS,Facilitator,Jabalpur,Q69,69.6,90.0,103.0,87.38
CLSS,Facilitator,Jabalpur,Q69,69.7,85.0,103.0,82.52
CLSS,Facilitator,Jhabua,Q69,69.1,110.0,117.0,94.02
CLSS,Facilitator,Jhabua,Q69,69.2,112.0,117.0,95.73
CLSS,Facilitator,Jhabua,Q69,69.3,111.0,117.0,94.87
CLSS,Facilitator,Jhabua,Q69,69.4,111.0,117.0,94.87
CLSS,Facilitator,Jhabua,Q69,69.5,108.0,117.0,92.31
CLSS,Facilitator,Jhabua,Q69,69.6,110.0,117.0,94.02
CLSS,Facilitator,Jhabua,Q69,69.7,110.0,117.0,94.02
CLSS,Facilitator,Katni,Q69,69.1,75.0,80.0,93.75
CLSS,Facilitator,Katni,Q69,69.2,72.0,80.0,90.0
CLSS,Facilitator,Katni,Q69,69.3,74.0,80.0,92.5
CLSS,Facilitator,Katni,Q69,69.4,77.0,80.0,96.25
CLSS,Facilitator,Katni,Q69,69.5,74.0,80.0,92.5
CLSS,Facilitator,Katni,Q69,69.6,72.0,80.0,90.0
CLSS,Facilitator,Katni,Q69,69.7,76.0,80.0,95.0
CLSS,Facilitator,Khandwa,Q69,69.1,77.0,83.0,92.77
CLSS,Facilitator,Khandwa,Q69,69.2,79.0,83.0,95.18
CLSS,Facilitator,Khandwa,Q69,69.3,79.0,83.0,95.18
CLSS,Facilitator,Khandwa,Q69,69.4,78.0,83.0,93.98
CLSS,Facilitator,Khandwa,Q69,69.5,74.0,83.0,89.16
CLSS,Facilitator,Khandwa,Q69,69.6,76.0,83.0,91.57
CLSS,Facilitator,Khandwa,Q69,69.7,79.0,83.0,95.18
CLSS,Facilitator,Khargone,Q69,69.1,103.0,111.0,92.79
CLSS,Facilitator,Khargone,Q69,69.2,101.0,111.0,90.99
CLSS,Facilitator,Khargone,Q69,69.3,103.0,111.0,92.79
CLSS,Facilitator,Khargone,Q69,69.4,105.0,111.0,94.59
CLSS,Facilitator,Khargone,Q69,69.5,104.0,111.0,93.69
CLSS,Facilitator,Khargone,Q69,69.6,104.0,111.0,93.69
CLSS,Facilitator,Khargone,Q69,69.7,102.0,111.0,91.89
CLSS,Facilitator,Mandla,Q69,69.1,102.0,112.0,91.07
CLSS,Facilitator,Mandla,Q69,69.2,103.0,112.0,91.96
CLSS,Facilitator,Mandla,Q69,69.3,103.0,112.0,91.96
CLSS,Facilitator,Mandla,Q69,69.4,103.0,112.0,91.96
CLSS,Facilitator,Mandla,Q69,69.5,103.0,112.0,91.96
CLSS,Facilitator,Mandla,Q69,69.6,105.0,112.0,93.75
CLSS,Facilitator,Mandla,Q69,69.7,100.0,112.0,89.29
CLSS,Facilitator,Mandsaur,Q69,69.1,90.0,95.0,94.74
CLSS,Facilitator,Mandsaur,Q69,69.2,87.0,95.0,91.58
CLSS,Facilitator,Mandsaur,Q69,69.3,92.0,95.0,96.84
CLSS,Facilitator,Mandsaur,Q69,69.4,90.0,95.0,94.74
CLSS,Facilitator,Mandsaur,Q69,69.5,91.0,95.0,95.79
CLSS,Facilitator,Mandsaur,Q69,69.6,90.0,95.0,94.74
CLSS,Facilitator,Mandsaur,Q69,69.7,89.0,95.0,93.68
CLSS,Facilitator,Morena,Q69,69.1,107.0,115.0,93.04
CLSS,Facilitator,Morena,Q69,69.2,105.0,115.0,91.3
CLSS,Facilitator,Morena,Q69,69.3,108.0,115.0,93.91
CLSS,Facilitator,Morena,Q69,69.4,108.0,115.0,93.91
CLSS,Facilitator,Morena,Q69,69.5,103.0,115.0,89.57
CLSS,Facilitator,Morena,Q69,69.6,108.0,115.0,93.91
CLSS,Facilitator,Morena,Q69,69.7,105.0,115.0,91.3
CLSS,Facilitator,Narmadapuram,Q69,69.1,80.0,85.0,94.12
CLSS,Facilitator,Narmadapuram,Q69,69.2,80.0,85.0,94.12
CLSS,Facilitator,Narmadapuram,Q69,69.3,82.0,85.0,96.47
CLSS,Facilitator,Narmadapuram,Q69,69.4,81.0,85.0,95.29
CLSS,Facilitator,Narmadapuram,Q69,69.5,79.0,85.0,92.94
CLSS,Facilitator,Narmadapuram,Q69,69.6,79.0,85.0,92.94
CLSS,Facilitator,Narmadapuram,Q69,69.7,82.0,85.0,96.47
CLSS,Facilitator,Narsinghpur,Q69,69.1,79.0,87.0,90.8
CLSS,Facilitator,Narsinghpur,Q69,69.2,75.0,87.0,86.21
CLSS,Facilitator,Narsinghpur,Q69,69.3,79.0,87.0,90.8
CLSS,Facilitator,Narsinghpur,Q69,69.4,80.0,87.0,91.95
CLSS,Facilitator,Narsinghpur,Q69,69.5,78.0,87.0,89.66
CLSS,Facilitator,Narsinghpur,Q69,69.6,79.0,87.0,90.8
CLSS,Facilitator,Narsinghpur,Q69,69.7,78.0,87.0,89.66
CLSS,Facilitator,Neemuch,Q69,69.1,51.0,55.0,92.73
CLSS,Facilitator,Neemuch,Q69,69.2,49.0,55.0,89.09
CLSS,Facilitator,Neemuch,Q69,69.3,51.0,55.0,92.73
CLSS,Facilitator,Neemuch,Q69,69.4,51.0,55.0,92.73
CLSS,Facilitator,Neemuch,Q69,69.5,52.0,55.0,94.55
CLSS,Facilitator,Neemuch,Q69,69.6,51.0,55.0,92.73
CLSS,Facilitator,Neemuch,Q69,69.7,54.0,55.0,98.18
CLSS,Facilitator,Niwari,Q69,69.1,32.0,37.0,86.49
CLSS,Facilitator,Niwari,Q69,69.2,32.0,37.0,86.49
CLSS,Facilitator,Niwari,Q69,69.3,33.0,37.0,89.19
CLSS,Facilitator,Niwari,Q69,69.4,31.0,37.0,83.78
CLSS,Facilitator,Niwari,Q69,69.5,28.0,37.0,75.68
CLSS,Facilitator,Niwari,Q69,69.6,29.0,37.0,78.38
CLSS,Facilitator,Niwari,Q69,69.7,28.0,37.0,75.68
CLSS,Facilitator,Panna,Q69,69.1,114.0,127.0,89.76
CLSS,Facilitator,Panna,Q69,69.2,116.0,127.0,91.34
CLSS,Facilitator,Panna,Q69,69.3,117.0,127.0,92.13
CLSS,Facilitator,Panna,Q69,69.4,120.0,127.0,94.49
CLSS,Facilitator,Panna,Q69,69.5,113.0,127.0,88.98
CLSS,Facilitator,Panna,Q69,69.6,116.0,127.0,91.34
CLSS,Facilitator,Panna,Q69,69.7,113.0,127.0,88.98
CLSS,Facilitator,Raisen,Q69,69.1,107.0,114.0,93.86
CLSS,Facilitator,Raisen,Q69,69.2,107.0,114.0,93.86
CLSS,Facilitator,Raisen,Q69,69.3,108.0,114.0,94.74
CLSS,Facilitator,Raisen,Q69,69.4,112.0,114.0,98.25
CLSS,Facilitator,Raisen,Q69,69.5,100.0,114.0,87.72
CLSS,Facilitator,Raisen,Q69,69.6,104.0,114.0,91.23
CLSS,Facilitator,Raisen,Q69,69.7,105.0,114.0,92.11
CLSS,Facilitator,Rajgarh,Q69,69.1,107.0,115.0,93.04
CLSS,Facilitator,Rajgarh,Q69,69.2,104.0,115.0,90.43
CLSS,Facilitator,Rajgarh,Q69,69.3,109.0,115.0,94.78
CLSS,Facilitator,Rajgarh,Q69,69.4,108.0,115.0,93.91
CLSS,Facilitator,Rajgarh,Q69,69.5,105.0,115.0,91.3
CLSS,Facilitator,Rajgarh,Q69,69.6,106.0,115.0,92.17
CLSS,Facilitator,Rajgarh,Q69,69.7,105.0,115.0,91.3
CLSS,Facilitator,Ratlam,Q69,69.1,110.0,125.0,88.0
CLSS,Facilitator,Ratlam,Q69,69.2,106.0,125.0,84.8
CLSS,Facilitator,Ratlam,Q69,69.3,114.0,125.0,91.2
CLSS,Facilitator,Ratlam,Q69,69.4,111.0,125.0,88.8
CLSS,Facilitator,Ratlam,Q69,69.5,110.0,125.0,88.0
CLSS,Facilitator,Ratlam,Q69,69.6,113.0,125.0,90.4
CLSS,Facilitator,Ratlam,Q69,69.7,114.0,125.0,91.2
CLSS,Facilitator,Rewa,Q69,69.1,124.0,132.0,93.94
CLSS,Facilitator,Rewa,Q69,69.2,117.0,132.0,88.64
CLSS,Facilitator,Rewa,Q69,69.3,123.0,132.0,93.18
CLSS,Facilitator,Rewa,Q69,69.4,123.0,132.0,93.18
CLSS,Facilitator,Rewa,Q69,69.5,116.0,132.0,87.88
CLSS,Facilitator,Rewa,Q69,69.6,123.0,132.0,93.18
CLSS,Facilitator,Rewa,Q69,69.7,121.0,132.0,91.67
CLSS,Facilitator,Sagar,Q69,69.1,110.0,123.0,89.43
CLSS,Facilitator,Sagar,Q69,69.2,104.0,123.0,84.55
CLSS,Facilitator,Sagar,Q69,69.3,112.0,123.0,91.06
CLSS,Facilitator,Sagar,Q69,69.4,111.0,123.0,90.24
CLSS,Facilitator,Sagar,Q69,69.5,105.0,123.0,85.37
CLSS,Facilitator,Sagar,Q69,69.6,103.0,123.0,83.74
CLSS,Facilitator,Sagar,Q69,69.7,108.0,123.0,87.8
CLSS,Facilitator,Satna,Q69,69.1,202.0,211.0,95.73
CLSS,Facilitator,Satna,Q69,69.2,196.0,211.0,92.89
CLSS,Facilitator,Satna,Q69,69.3,197.0,211.0,93.36
CLSS,Facilitator,Satna,Q69,69.4,202.0,211.0,95.73
CLSS,Facilitator,Satna,Q69,69.5,196.0,211.0,92.89
CLSS,Facilitator,Satna,Q69,69.6,197.0,211.0,93.36
CLSS,Facilitator,Satna,Q69,69.7,195.0,211.0,92.42
CLSS,Facilitator,Seoni,Q69,69.1,109.0,116.0,93.97
CLSS,Facilitator,Seoni,Q69,69.2,106.0,116.0,91.38
CLSS,Facilitator,Seoni,Q69,69.3,111.0,116.0,95.69
CLSS,Facilitator,Seoni,Q69,69.4,109.0,116.0,93.97
CLSS,Facilitator,Seoni,Q69,69.5,107.0,116.0,92.24
CLSS,Facilitator,Seoni,Q69,69.6,107.0,116.0,92.24
CLSS,Facilitator,Seoni,Q69,69.7,105.0,116.0,90.52
CLSS,Facilitator,Shahdol,Q69,69.1,91.0,96.0,94.79
CLSS,Facilitator,Shahdol,Q69,69.2,81.0,96.0,84.38
CLSS,Facilitator,Shahdol,Q69,69.3,89.0,96.0,92.71
CLSS,Facilitator,Shahdol,Q69,69.4,93.0,96.0,96.88
CLSS,Facilitator,Shahdol,Q69,69.5,82.0,96.0,85.42
CLSS,Facilitator,Shahdol,Q69,69.6,89.0,96.0,92.71
CLSS,Facilitator,Shahdol,Q69,69.7,88.0,96.0,91.67
CLSS,Facilitator,Shajapur,Q69,69.1,68.0,71.0,95.77
CLSS,Facilitator,Shajapur,Q69,69.2,68.0,71.0,95.77
CLSS,Facilitator,Shajapur,Q69,69.3,67.0,71.0,94.37
CLSS,Facilitator,Shajapur,Q69,69.4,67.0,71.0,94.37
CLSS,Facilitator,Shajapur,Q69,69.5,66.0,71.0,92.96
CLSS,Facilitator,Shajapur,Q69,69.6,67.0,71.0,94.37
CLSS,Facilitator,Shajapur,Q69,69.7,66.0,71.0,92.96
CLSS,Facilitator,Sheopur,Q69,69.1,50.0,55.0,90.91
CLSS,Facilitator,Sheopur,Q69,69.2,49.0,55.0,89.09
CLSS,Facilitator,Sheopur,Q69,69.3,52.0,55.0,94.55
CLSS,Facilitator,Sheopur,Q69,69.4,51.0,55.0,92.73
CLSS,Facilitator,Sheopur,Q69,69.5,53.0,55.0,96.36
CLSS,Facilitator,Sheopur,Q69,69.6,54.0,55.0,98.18
CLSS,Facilitator,Sheopur,Q69,69.7,52.0,55.0,94.55
CLSS,Facilitator,Shivpuri,Q69,69.1,89.0,106.0,83.96
CLSS,Facilitator,Shivpuri,Q69,69.2,87.0,106.0,82.08
CLSS,Facilitator,Shivpuri,Q69,69.3,89.0,106.0,83.96
CLSS,Facilitator,Shivpuri,Q69,69.4,87.0,106.0,82.08
CLSS,Facilitator,Shivpuri,Q69,69.5,88.0,106.0,83.02
CLSS,Facilitator,Shivpuri,Q69,69.6,92.0,106.0,86.79
CLSS,Facilitator,Shivpuri,Q69,69.7,90.0,106.0,84.91
CLSS,Facilitator,Sidhi,Q69,69.1,98.0,103.0,95.15
CLSS,Facilitator,Sidhi,Q69,69.2,92.0,103.0,89.32
CLSS,Facilitator,Sidhi,Q69,69.3,97.0,103.0,94.17
CLSS,Facilitator,Sidhi,Q69,69.4,99.0,103.0,96.12
CLSS,Facilitator,Sidhi,Q69,69.5,96.0,103.0,93.2
CLSS,Facilitator,Sidhi,Q69,69.6,93.0,103.0,90.29
CLSS,Facilitator,Sidhi,Q69,69.7,96.0,103.0,93.2
CLSS,Facilitator,Singrauli,Q69,69.1,56.0,65.0,86.15
CLSS,Facilitator,Singrauli,Q69,69.2,55.0,65.0,84.62
CLSS,Facilitator,Singrauli,Q69,69.3,61.0,65.0,93.85
CLSS,Facilitator,Singrauli,Q69,69.4,58.0,65.0,89.23
CLSS,Facilitator,Singrauli,Q69,69.5,57.0,65.0,87.69
CLSS,Facilitator,Singrauli,Q69,69.6,57.0,65.0,87.69
CLSS,Facilitator,Singrauli,Q69,69.7,51.0,65.0,78.46
CLSS,Facilitator,Tikamgarh,Q69,69.1,57.0,64.0,89.06
CLSS,Facilitator,Tikamgarh,Q69,69.2,58.0,64.0,90.62
CLSS,Facilitator,Tikamgarh,Q69,69.3,58.0,64.0,90.62
CLSS,Facilitator,Tikamgarh,Q69,69.4,59.0,64.0,92.19
CLSS,Facilitator,Tikamgarh,Q69,69.5,50.0,64.0,78.12
CLSS,Facilitator,Tikamgarh,Q69,69.6,56.0,64.0,87.5
CLSS,Facilitator,Tikamgarh,Q69,69.7,58.0,64.0,90.62
CLSS,Facilitator,Ujjain,Q69,69.1,97.0,104.0,93.27
CLSS,Facilitator,Ujjain,Q69,69.2,85.0,104.0,81.73
CLSS,Facilitator,Ujjain,Q69,69.3,92.0,104.0,88.46
CLSS,Facilitator,Ujjain,Q69,69.4,98.0,104.0,94.23
CLSS,Facilitator,Ujjain,Q69,69.5,90.0,104.0,86.54
CLSS,Facilitator,Ujjain,Q69,69.6,95.0,104.0,91.35
CLSS,Facilitator,Ujjain,Q69,69.7,96.0,104.0,92.31
CLSS,Facilitator,Umaria,Q69,69.1,69.0,73.0,94.52
CLSS,Facilitator,Umaria,Q69,69.2,67.0,73.0,91.78
CLSS,Facilitator,Umaria,Q69,69.3,70.0,73.0,95.89
CLSS,Facilitator,Umaria,Q69,69.4,70.0,73.0,95.89
CLSS,Facilitator,Umaria,Q69,69.5,68.0,73.0,93.15
CLSS,Facilitator,Umaria,Q69,69.6,71.0,73.0,97.26
CLSS,Facilitator,Umaria,Q69,69.7,68.0,73.0,93.15
CLSS,Facilitator,Vidisha,Q69,69.1,119.0,122.0,97.54
CLSS,Facilitator,Vidisha,Q69,69.2,115.0,122.0,94.26
CLSS,Facilitator,Vidisha,Q69,69.3,120.0,122.0,98.36
CLSS,Facilitator,Vidisha,Q69,69.4,120.0,122.0,98.36
CLSS,Facilitator,Vidisha,Q69,69.5,120.0,122.0,98.36
CLSS,Facilitator,Vidisha,Q69,69.6,120.0,122.0,98.36
CLSS,Facilitator,Vidisha,Q69,69.7,117.0,122.0,95.9
CLSS,Facilitator,Total,Q69,69.1,4450.0,4814.0,92.44
CLSS,Facilitator,Total,Q69,69.2,4312.0,4814.0,89.57
CLSS,Facilitator,Total,Q69,69.3,4474.0,4814.0,92.94
CLSS,Facilitator,Total,Q69,69.4,4483.0,4814.0,93.12
CLSS,Facilitator,Total,Q69,69.5,4334.0,4814.0,90.03
CLSS,Facilitator,Total,Q69,69.6,4408.0,4814.0,91.57
CLSS,Facilitator,Total,Q69,69.7,4394.0,4814.0,91.28
CLSS,Facilitator,Agar Malwa,Q70,70.1,47.0,49.0,95.92
CLSS,Facilitator,Agar Malwa,Q70,70.2,2.0,49.0,4.08
CLSS,Facilitator,Alirajpur,Q70,70.1,90.0,95.0,94.74
CLSS,Facilitator,Alirajpur,Q70,70.2,5.0,95.0,5.26
CLSS,Facilitator,Anuppur,Q70,70.1,78.0,82.0,95.12
CLSS,Facilitator,Anuppur,Q70,70.2,4.0,82.0,4.88
CLSS,Facilitator,Ashoknagar,Q70,70.1,72.0,74.0,97.3
CLSS,Facilitator,Ashoknagar,Q70,70.2,2.0,74.0,2.7
CLSS,Facilitator,Balaghat,Q70,70.1,134.0,146.0,91.78
CLSS,Facilitator,Balaghat,Q70,70.2,12.0,146.0,8.22
CLSS,Facilitator,Barwani,Q70,70.1,103.0,107.0,96.26
CLSS,Facilitator,Barwani,Q70,70.2,4.0,107.0,3.74
CLSS,Facilitator,Betul,Q70,70.1,133.0,147.0,90.48
CLSS,Facilitator,Betul,Q70,70.2,14.0,147.0,9.52
CLSS,Facilitator,Bhind,Q70,70.1,105.0,115.0,91.3
CLSS,Facilitator,Bhind,Q70,70.2,10.0,115.0,8.7
CLSS,Facilitator,Bhopal,Q70,70.1,55.0,61.0,90.16
CLSS,Facilitator,Bhopal,Q70,70.2,6.0,61.0,9.84
CLSS,Facilitator,Burhanpur,Q70,70.1,29.0,32.0,90.62
CLSS,Facilitator,Burhanpur,Q70,70.2,3.0,32.0,9.38
CLSS,Facilitator,Chhatarpur,Q70,70.1,102.0,114.0,89.47
CLSS,Facilitator,Chhatarpur,Q70,70.2,12.0,114.0,10.53
CLSS,Facilitator,Chhindwara,Q70,70.1,155.0,163.0,95.09
CLSS,Facilitator,Chhindwara,Q70,70.2,8.0,163.0,4.91
CLSS,Facilitator,Damoh,Q70,70.1,62.0,75.0,82.67
CLSS,Facilitator,Damoh,Q70,70.2,13.0,75.0,17.33
CLSS,Facilitator,Datia,Q70,70.1,52.0,55.0,94.55
CLSS,Facilitator,Datia,Q70,70.2,3.0,55.0,5.45
CLSS,Facilitator,Dhar,Q70,70.1,146.0,158.0,92.41
CLSS,Facilitator,Dhar,Q70,70.2,12.0,158.0,7.59
CLSS,Facilitator,Dindori,Q70,70.1,54.0,58.0,93.1
CLSS,Facilitator,Dindori,Q70,70.2,4.0,58.0,6.9
CLSS,Facilitator,Guna,Q70,70.1,61.0,67.0,91.04
CLSS,Facilitator,Guna,Q70,70.2,6.0,67.0,8.96
CLSS,Facilitator,Gwalior,Q70,70.1,76.0,81.0,93.83
CLSS,Facilitator,Gwalior,Q70,70.2,5.0,81.0,6.17
CLSS,Facilitator,Harda,Q70,70.1,36.0,41.0,87.8
CLSS,Facilitator,Harda,Q70,70.2,5.0,41.0,12.2
CLSS,Facilitator,Indore,Q70,70.1,82.0,92.0,89.13
CLSS,Facilitator,Indore,Q70,70.2,10.0,92.0,10.87
CLSS,Facilitator,Jabalpur,Q70,70.1,92.0,103.0,89.32
CLSS,Facilitator,Jabalpur,Q70,70.2,11.0,103.0,10.68
CLSS,Facilitator,Jhabua,Q70,70.1,111.0,117.0,94.87
CLSS,Facilitator,Jhabua,Q70,70.2,6.0,117.0,5.13
CLSS,Facilitator,Katni,Q70,70.1,75.0,80.0,93.75
CLSS,Facilitator,Katni,Q70,70.2,5.0,80.0,6.25
CLSS,Facilitator,Khandwa,Q70,70.1,81.0,83.0,97.59
CLSS,Facilitator,Khandwa,Q70,70.2,2.0,83.0,2.41
CLSS,Facilitator,Khargone,Q70,70.1,104.0,111.0,93.69
CLSS,Facilitator,Khargone,Q70,70.2,7.0,111.0,6.31
CLSS,Facilitator,Mandla,Q70,70.1,104.0,112.0,92.86
CLSS,Facilitator,Mandla,Q70,70.2,8.0,112.0,7.14
CLSS,Facilitator,Mandsaur,Q70,70.1,88.0,95.0,92.63
CLSS,Facilitator,Mandsaur,Q70,70.2,7.0,95.0,7.37
CLSS,Facilitator,Morena,Q70,70.1,112.0,115.0,97.39
CLSS,Facilitator,Morena,Q70,70.2,3.0,115.0,2.61
CLSS,Facilitator,Narmadapuram,Q70,70.1,78.0,85.0,91.76
CLSS,Facilitator,Narmadapuram,Q70,70.2,7.0,85.0,8.24
CLSS,Facilitator,Narsinghpur,Q70,70.1,85.0,87.0,97.7
CLSS,Facilitator,Narsinghpur,Q70,70.2,2.0,87.0,2.3
CLSS,Facilitator,Neemuch,Q70,70.1,51.0,55.0,92.73
CLSS,Facilitator,Neemuch,Q70,70.2,4.0,55.0,7.27
CLSS,Facilitator,Niwari,Q70,70.1,34.0,37.0,91.89
CLSS,Facilitator,Niwari,Q70,70.2,3.0,37.0,8.11
CLSS,Facilitator,Panna,Q70,70.1,109.0,127.0,85.83
CLSS,Facilitator,Panna,Q70,70.2,18.0,127.0,14.17
CLSS,Facilitator,Raisen,Q70,70.1,105.0,114.0,92.11
CLSS,Facilitator,Raisen,Q70,70.2,9.0,114.0,7.89
CLSS,Facilitator,Rajgarh,Q70,70.1,111.0,115.0,96.52
CLSS,Facilitator,Rajgarh,Q70,70.2,4.0,115.0,3.48
CLSS,Facilitator,Ratlam,Q70,70.1,114.0,125.0,91.2
CLSS,Facilitator,Ratlam,Q70,70.2,11.0,125.0,8.8
CLSS,Facilitator,Rewa,Q70,70.1,106.0,132.0,80.3
CLSS,Facilitator,Rewa,Q70,70.2,26.0,132.0,19.7
CLSS,Facilitator,Sagar,Q70,70.1,117.0,123.0,95.12
CLSS,Facilitator,Sagar,Q70,70.2,6.0,123.0,4.88
CLSS,Facilitator,Satna,Q70,70.1,194.0,211.0,91.94
CLSS,Facilitator,Satna,Q70,70.2,17.0,211.0,8.06
CLSS,Facilitator,Seoni,Q70,70.1,107.0,116.0,92.24
CLSS,Facilitator,Seoni,Q70,70.2,9.0,116.0,7.76
CLSS,Facilitator,Shahdol,Q70,70.1,89.0,96.0,92.71
CLSS,Facilitator,Shahdol,Q70,70.2,7.0,96.0,7.29
CLSS,Facilitator,Shajapur,Q70,70.1,64.0,71.0,90.14
CLSS,Facilitator,Shajapur,Q70,70.2,7.0,71.0,9.86
CLSS,Facilitator,Sheopur,Q70,70.1,53.0,55.0,96.36
CLSS,Facilitator,Sheopur,Q70,70.2,2.0,55.0,3.64
CLSS,Facilitator,Shivpuri,Q70,70.1,93.0,106.0,87.74
CLSS,Facilitator,Shivpuri,Q70,70.2,13.0,106.0,12.26
CLSS,Facilitator,Sidhi,Q70,70.1,99.0,103.0,96.12
CLSS,Facilitator,Sidhi,Q70,70.2,4.0,103.0,3.88
CLSS,Facilitator,Singrauli,Q70,70.1,54.0,65.0,83.08
CLSS,Facilitator,Singrauli,Q70,70.2,11.0,65.0,16.92
CLSS,Facilitator,Tikamgarh,Q70,70.1,61.0,64.0,95.31
CLSS,Facilitator,Tikamgarh,Q70,70.2,3.0,64.0,4.69
CLSS,Facilitator,Ujjain,Q70,70.1,92.0,104.0,88.46
CLSS,Facilitator,Ujjain,Q70,70.2,12.0,104.0,11.54
CLSS,Facilitator,Umaria,Q70,70.1,70.0,73.0,95.89
CLSS,Facilitator,Umaria,Q70,70.2,3.0,73.0,4.11
CLSS,Facilitator,Vidisha,Q70,70.1,109.0,122.0,89.34
CLSS,Facilitator,Vidisha,Q70,70.2,13.0,122.0,10.66
CLSS,Facilitator,Total,Q70,70.1,4434.0,4814.0,92.11
CLSS,Facilitator,Total,Q70,70.2,380.0,4814.0,7.89
CLSS,Facilitator,Agar Malwa,Q71,71.1,46.0,49.0,93.88
CLSS,Facilitator,Agar Malwa,Q71,71.2,2.0,49.0,4.08
CLSS,Facilitator,Agar Malwa,Q71,71.3,4.0,49.0,8.16
CLSS,Facilitator,Alirajpur,Q71,71.1,85.0,95.0,89.47
CLSS,Facilitator,Alirajpur,Q71,71.2,8.0,95.0,8.42
CLSS,Facilitator,Alirajpur,Q71,71.3,16.0,95.0,16.84
CLSS,Facilitator,Anuppur,Q71,71.1,74.0,82.0,90.24
CLSS,Facilitator,Anuppur,Q71,71.2,5.0,82.0,6.1
CLSS,Facilitator,Anuppur,Q71,71.3,15.0,82.0,18.29
CLSS,Facilitator,Ashoknagar,Q71,71.1,71.0,74.0,95.95
CLSS,Facilitator,Ashoknagar,Q71,71.2,2.0,74.0,2.7
CLSS,Facilitator,Ashoknagar,Q71,71.3,11.0,74.0,14.86
CLSS,Facilitator,Balaghat,Q71,71.1,134.0,146.0,91.78
CLSS,Facilitator,Balaghat,Q71,71.2,2.0,146.0,1.37
CLSS,Facilitator,Balaghat,Q71,71.3,27.0,146.0,18.49
CLSS,Facilitator,Barwani,Q71,71.1,93.0,107.0,86.92
CLSS,Facilitator,Barwani,Q71,71.2,1.0,107.0,0.93
CLSS,Facilitator,Barwani,Q71,71.3,31.0,107.0,28.97
CLSS,Facilitator,Betul,Q71,71.1,133.0,147.0,90.48
CLSS,Facilitator,Betul,Q71,71.2,6.0,147.0,4.08
CLSS,Facilitator,Betul,Q71,71.3,25.0,147.0,17.01
CLSS,Facilitator,Bhind,Q71,71.1,104.0,115.0,90.43
CLSS,Facilitator,Bhind,Q71,71.2,7.0,115.0,6.09
CLSS,Facilitator,Bhind,Q71,71.3,11.0,115.0,9.57
CLSS,Facilitator,Bhopal,Q71,71.1,56.0,61.0,91.8
CLSS,Facilitator,Bhopal,Q71,71.2,3.0,61.0,4.92
CLSS,Facilitator,Bhopal,Q71,71.3,10.0,61.0,16.39
CLSS,Facilitator,Burhanpur,Q71,71.1,29.0,32.0,90.62
CLSS,Facilitator,Burhanpur,Q71,71.2,2.0,32.0,6.25
CLSS,Facilitator,Burhanpur,Q71,71.3,3.0,32.0,9.38
CLSS,Facilitator,Chhatarpur,Q71,71.1,96.0,114.0,84.21
CLSS,Facilitator,Chhatarpur,Q71,71.2,5.0,114.0,4.39
CLSS,Facilitator,Chhatarpur,Q71,71.3,22.0,114.0,19.3
CLSS,Facilitator,Chhindwara,Q71,71.1,156.0,163.0,95.71
CLSS,Facilitator,Chhindwara,Q71,71.2,2.0,163.0,1.23
CLSS,Facilitator,Chhindwara,Q71,71.3,19.0,163.0,11.66
CLSS,Facilitator,Damoh,Q71,71.1,65.0,75.0,86.67
CLSS,Facilitator,Damoh,Q71,71.2,5.0,75.0,6.67
CLSS,Facilitator,Damoh,Q71,71.3,9.0,75.0,12.0
CLSS,Facilitator,Datia,Q71,71.1,51.0,55.0,92.73
CLSS,Facilitator,Datia,Q71,71.2,3.0,55.0,5.45
CLSS,Facilitator,Datia,Q71,71.3,9.0,55.0,16.36
CLSS,Facilitator,Dhar,Q71,71.1,110.0,158.0,69.62
CLSS,Facilitator,Dhar,Q71,71.2,9.0,158.0,5.7
CLSS,Facilitator,Dhar,Q71,71.3,52.0,158.0,32.91
CLSS,Facilitator,Dindori,Q71,71.1,21.0,58.0,36.21
CLSS,Facilitator,Dindori,Q71,71.2,13.0,58.0,22.41
CLSS,Facilitator,Dindori,Q71,71.3,29.0,58.0,50.0
CLSS,Facilitator,Guna,Q71,71.1,62.0,67.0,92.54
CLSS,Facilitator,Guna,Q71,71.2,3.0,67.0,4.48
CLSS,Facilitator,Guna,Q71,71.3,9.0,67.0,13.43
CLSS,Facilitator,Gwalior,Q71,71.1,70.0,81.0,86.42
CLSS,Facilitator,Gwalior,Q71,71.2,2.0,81.0,2.47
CLSS,Facilitator,Gwalior,Q71,71.3,15.0,81.0,18.52
CLSS,Facilitator,Harda,Q71,71.1,34.0,41.0,82.93
CLSS,Facilitator,Harda,Q71,71.2,2.0,41.0,4.88
CLSS,Facilitator,Harda,Q71,71.3,8.0,41.0,19.51
CLSS,Facilitator,Indore,Q71,71.1,76.0,92.0,82.61
CLSS,Facilitator,Indore,Q71,71.2,1.0,92.0,1.09
CLSS,Facilitator,Indore,Q71,71.3,23.0,92.0,25.0
CLSS,Facilitator,Jabalpur,Q71,71.1,90.0,103.0,87.38
CLSS,Facilitator,Jabalpur,Q71,71.2,3.0,103.0,2.91
CLSS,Facilitator,Jabalpur,Q71,71.3,15.0,103.0,14.56
CLSS,Facilitator,Jhabua,Q71,71.1,108.0,117.0,92.31
CLSS,Facilitator,Jhabua,Q71,71.2,4.0,117.0,3.42
CLSS,Facilitator,Jhabua,Q71,71.3,18.0,117.0,15.38
CLSS,Facilitator,Katni,Q71,71.1,76.0,80.0,95.0
CLSS,Facilitator,Katni,Q71,71.2,2.0,80.0,2.5
CLSS,Facilitator,Katni,Q71,71.3,13.0,80.0,16.25
CLSS,Facilitator,Khandwa,Q71,71.1,83.0,83.0,100.0
CLSS,Facilitator,Khandwa,Q71,71.2,0.0,83.0,0.0
CLSS,Facilitator,Khandwa,Q71,71.3,20.0,83.0,24.1
CLSS,Facilitator,Khargone,Q71,71.1,102.0,111.0,91.89
CLSS,Facilitator,Khargone,Q71,71.2,3.0,111.0,2.7
CLSS,Facilitator,Khargone,Q71,71.3,18.0,111.0,16.22
CLSS,Facilitator,Mandla,Q71,71.1,102.0,112.0,91.07
CLSS,Facilitator,Mandla,Q71,71.2,4.0,112.0,3.57
CLSS,Facilitator,Mandla,Q71,71.3,22.0,112.0,19.64
CLSS,Facilitator,Mandsaur,Q71,71.1,86.0,95.0,90.53
CLSS,Facilitator,Mandsaur,Q71,71.2,6.0,95.0,6.32
CLSS,Facilitator,Mandsaur,Q71,71.3,10.0,95.0,10.53
CLSS,Facilitator,Morena,Q71,71.1,113.0,115.0,98.26
CLSS,Facilitator,Morena,Q71,71.2,1.0,115.0,0.87
CLSS,Facilitator,Morena,Q71,71.3,17.0,115.0,14.78
CLSS,Facilitator,Narmadapuram,Q71,71.1,84.0,85.0,98.82
CLSS,Facilitator,Narmadapuram,Q71,71.2,1.0,85.0,1.18
CLSS,Facilitator,Narmadapuram,Q71,71.3,6.0,85.0,7.06
CLSS,Facilitator,Narsinghpur,Q71,71.1,84.0,87.0,96.55
CLSS,Facilitator,Narsinghpur,Q71,71.2,2.0,87.0,2.3
CLSS,Facilitator,Narsinghpur,Q71,71.3,8.0,87.0,9.2
CLSS,Facilitator,Neemuch,Q71,71.1,51.0,55.0,92.73
CLSS,Facilitator,Neemuch,Q71,71.2,2.0,55.0,3.64
CLSS,Facilitator,Neemuch,Q71,71.3,8.0,55.0,14.55
CLSS,Facilitator,Niwari,Q71,71.1,32.0,37.0,86.49
CLSS,Facilitator,Niwari,Q71,71.2,1.0,37.0,2.7
CLSS,Facilitator,Niwari,Q71,71.3,8.0,37.0,21.62
CLSS,Facilitator,Panna,Q71,71.1,115.0,127.0,90.55
CLSS,Facilitator,Panna,Q71,71.2,7.0,127.0,5.51
CLSS,Facilitator,Panna,Q71,71.3,17.0,127.0,13.39
CLSS,Facilitator,Raisen,Q71,71.1,106.0,114.0,92.98
CLSS,Facilitator,Raisen,Q71,71.2,2.0,114.0,1.75
CLSS,Facilitator,Raisen,Q71,71.3,21.0,114.0,18.42
CLSS,Facilitator,Rajgarh,Q71,71.1,105.0,115.0,91.3
CLSS,Facilitator,Rajgarh,Q71,71.2,3.0,115.0,2.61
CLSS,Facilitator,Rajgarh,Q71,71.3,25.0,115.0,21.74
CLSS,Facilitator,Ratlam,Q71,71.1,115.0,125.0,92.0
CLSS,Facilitator,Ratlam,Q71,71.2,5.0,125.0,4.0
CLSS,Facilitator,Ratlam,Q71,71.3,16.0,125.0,12.8
CLSS,Facilitator,Rewa,Q71,71.1,109.0,132.0,82.58
CLSS,Facilitator,Rewa,Q71,71.2,6.0,132.0,4.55
CLSS,Facilitator,Rewa,Q71,71.3,33.0,132.0,25.0
CLSS,Facilitator,Sagar,Q71,71.1,116.0,123.0,94.31
CLSS,Facilitator,Sagar,Q71,71.2,4.0,123.0,3.25
CLSS,Facilitator,Sagar,Q71,71.3,17.0,123.0,13.82
CLSS,Facilitator,Satna,Q71,71.1,189.0,211.0,89.57
CLSS,Facilitator,Satna,Q71,71.2,11.0,211.0,5.21
CLSS,Facilitator,Satna,Q71,71.3,52.0,211.0,24.64
CLSS,Facilitator,Seoni,Q71,71.1,104.0,116.0,89.66
CLSS,Facilitator,Seoni,Q71,71.2,4.0,116.0,3.45
CLSS,Facilitator,Seoni,Q71,71.3,16.0,116.0,13.79
CLSS,Facilitator,Shahdol,Q71,71.1,87.0,96.0,90.62
CLSS,Facilitator,Shahdol,Q71,71.2,1.0,96.0,1.04
CLSS,Facilitator,Shahdol,Q71,71.3,15.0,96.0,15.62
CLSS,Facilitator,Shajapur,Q71,71.1,67.0,71.0,94.37
CLSS,Facilitator,Shajapur,Q71,71.2,1.0,71.0,1.41
CLSS,Facilitator,Shajapur,Q71,71.3,19.0,71.0,26.76
CLSS,Facilitator,Sheopur,Q71,71.1,52.0,55.0,94.55
CLSS,Facilitator,Sheopur,Q71,71.2,1.0,55.0,1.82
CLSS,Facilitator,Sheopur,Q71,71.3,5.0,55.0,9.09
CLSS,Facilitator,Shivpuri,Q71,71.1,95.0,106.0,89.62
CLSS,Facilitator,Shivpuri,Q71,71.2,9.0,106.0,8.49
CLSS,Facilitator,Shivpuri,Q71,71.3,12.0,106.0,11.32
CLSS,Facilitator,Sidhi,Q71,71.1,95.0,103.0,92.23
CLSS,Facilitator,Sidhi,Q71,71.2,4.0,103.0,3.88
CLSS,Facilitator,Sidhi,Q71,71.3,16.0,103.0,15.53
CLSS,Facilitator,Singrauli,Q71,71.1,54.0,65.0,83.08
CLSS,Facilitator,Singrauli,Q71,71.2,4.0,65.0,6.15
CLSS,Facilitator,Singrauli,Q71,71.3,13.0,65.0,20.0
CLSS,Facilitator,Tikamgarh,Q71,71.1,57.0,64.0,89.06
CLSS,Facilitator,Tikamgarh,Q71,71.2,3.0,64.0,4.69
CLSS,Facilitator,Tikamgarh,Q71,71.3,13.0,64.0,20.31
CLSS,Facilitator,Ujjain,Q71,71.1,85.0,104.0,81.73
CLSS,Facilitator,Ujjain,Q71,71.2,9.0,104.0,8.65
CLSS,Facilitator,Ujjain,Q71,71.3,12.0,104.0,11.54
CLSS,Facilitator,Umaria,Q71,71.1,66.0,73.0,90.41
CLSS,Facilitator,Umaria,Q71,71.2,1.0,73.0,1.37
CLSS,Facilitator,Umaria,Q71,71.3,13.0,73.0,17.81
CLSS,Facilitator,Vidisha,Q71,71.1,113.0,122.0,92.62
CLSS,Facilitator,Vidisha,Q71,71.2,8.0,122.0,6.56
CLSS,Facilitator,Vidisha,Q71,71.3,23.0,122.0,18.85
CLSS,Facilitator,Total,Q71,71.1,4307.0,4814.0,89.47
CLSS,Facilitator,Total,Q71,71.2,195.0,4814.0,4.05
CLSS,Facilitator,Total,Q71,71.3,849.0,4814.0,17.64
CLSS,Facilitator,Agar Malwa,Q75,75.1,47.0,49.0,95.92
CLSS,Facilitator,Agar Malwa,Q75,75.2,46.0,49.0,93.88
CLSS,Facilitator,Agar Malwa,Q75,75.3,45.0,49.0,91.84
CLSS,Facilitator,Agar Malwa,Q75,75.4,44.0,49.0,89.8
CLSS,Facilitator,Alirajpur,Q75,75.1,87.0,95.0,91.58
CLSS,Facilitator,Alirajpur,Q75,75.2,85.0,95.0,89.47
CLSS,Facilitator,Alirajpur,Q75,75.3,84.0,95.0,88.42
CLSS,Facilitator,Alirajpur,Q75,75.4,85.0,95.0,89.47
CLSS,Facilitator,Anuppur,Q75,75.1,73.0,82.0,89.02
CLSS,Facilitator,Anuppur,Q75,75.2,80.0,82.0,97.56
CLSS,Facilitator,Anuppur,Q75,75.3,75.0,82.0,91.46
CLSS,Facilitator,Anuppur,Q75,75.4,75.0,82.0,91.46
CLSS,Facilitator,Ashoknagar,Q75,75.1,66.0,74.0,89.19
CLSS,Facilitator,Ashoknagar,Q75,75.2,71.0,74.0,95.95
CLSS,Facilitator,Ashoknagar,Q75,75.3,66.0,74.0,89.19
CLSS,Facilitator,Ashoknagar,Q75,75.4,66.0,74.0,89.19
CLSS,Facilitator,Balaghat,Q75,75.1,121.0,146.0,82.88
CLSS,Facilitator,Balaghat,Q75,75.2,132.0,146.0,90.41
CLSS,Facilitator,Balaghat,Q75,75.3,128.0,146.0,87.67
CLSS,Facilitator,Balaghat,Q75,75.4,125.0,146.0,85.62
CLSS,Facilitator,Barwani,Q75,75.1,95.0,107.0,88.79
CLSS,Facilitator,Barwani,Q75,75.2,99.0,107.0,92.52
CLSS,Facilitator,Barwani,Q75,75.3,99.0,107.0,92.52
CLSS,Facilitator,Barwani,Q75,75.4,100.0,107.0,93.46
CLSS,Facilitator,Betul,Q75,75.1,136.0,147.0,92.52
CLSS,Facilitator,Betul,Q75,75.2,136.0,147.0,92.52
CLSS,Facilitator,Betul,Q75,75.3,137.0,147.0,93.2
CLSS,Facilitator,Betul,Q75,75.4,134.0,147.0,91.16
CLSS,Facilitator,Bhind,Q75,75.1,102.0,115.0,88.7
CLSS,Facilitator,Bhind,Q75,75.2,102.0,115.0,88.7
CLSS,Facilitator,Bhind,Q75,75.3,103.0,115.0,89.57
CLSS,Facilitator,Bhind,Q75,75.4,102.0,115.0,88.7
CLSS,Facilitator,Bhopal,Q75,75.1,54.0,61.0,88.52
CLSS,Facilitator,Bhopal,Q75,75.2,55.0,61.0,90.16
CLSS,Facilitator,Bhopal,Q75,75.3,59.0,61.0,96.72
CLSS,Facilitator,Bhopal,Q75,75.4,55.0,61.0,90.16
CLSS,Facilitator,Burhanpur,Q75,75.1,29.0,32.0,90.62
CLSS,Facilitator,Burhanpur,Q75,75.2,29.0,32.0,90.62
CLSS,Facilitator,Burhanpur,Q75,75.3,27.0,32.0,84.38
CLSS,Facilitator,Burhanpur,Q75,75.4,29.0,32.0,90.62
CLSS,Facilitator,Chhatarpur,Q75,75.1,103.0,114.0,90.35
CLSS,Facilitator,Chhatarpur,Q75,75.2,105.0,114.0,92.11
CLSS,Facilitator,Chhatarpur,Q75,75.3,104.0,114.0,91.23
CLSS,Facilitator,Chhatarpur,Q75,75.4,104.0,114.0,91.23
CLSS,Facilitator,Chhindwara,Q75,75.1,153.0,163.0,93.87
CLSS,Facilitator,Chhindwara,Q75,75.2,153.0,163.0,93.87
CLSS,Facilitator,Chhindwara,Q75,75.3,154.0,163.0,94.48
CLSS,Facilitator,Chhindwara,Q75,75.4,151.0,163.0,92.64
CLSS,Facilitator,Damoh,Q75,75.1,59.0,75.0,78.67
CLSS,Facilitator,Damoh,Q75,75.2,68.0,75.0,90.67
CLSS,Facilitator,Damoh,Q75,75.3,67.0,75.0,89.33
CLSS,Facilitator,Damoh,Q75,75.4,63.0,75.0,84.0
CLSS,Facilitator,Datia,Q75,75.1,45.0,55.0,81.82
CLSS,Facilitator,Datia,Q75,75.2,50.0,55.0,90.91
CLSS,Facilitator,Datia,Q75,75.3,47.0,55.0,85.45
CLSS,Facilitator,Datia,Q75,75.4,46.0,55.0,83.64
CLSS,Facilitator,Dhar,Q75,75.1,135.0,158.0,85.44
CLSS,Facilitator,Dhar,Q75,75.2,145.0,158.0,91.77
CLSS,Facilitator,Dhar,Q75,75.3,139.0,158.0,87.97
CLSS,Facilitator,Dhar,Q75,75.4,137.0,158.0,86.71
CLSS,Facilitator,Dindori,Q75,75.1,51.0,58.0,87.93
CLSS,Facilitator,Dindori,Q75,75.2,52.0,58.0,89.66
CLSS,Facilitator,Dindori,Q75,75.3,51.0,58.0,87.93
CLSS,Facilitator,Dindori,Q75,75.4,47.0,58.0,81.03
CLSS,Facilitator,Guna,Q75,75.1,59.0,67.0,88.06
CLSS,Facilitator,Guna,Q75,75.2,55.0,67.0,82.09
CLSS,Facilitator,Guna,Q75,75.3,54.0,67.0,80.6
CLSS,Facilitator,Guna,Q75,75.4,58.0,67.0,86.57
CLSS,Facilitator,Gwalior,Q75,75.1,73.0,81.0,90.12
CLSS,Facilitator,Gwalior,Q75,75.2,74.0,81.0,91.36
CLSS,Facilitator,Gwalior,Q75,75.3,75.0,81.0,92.59
CLSS,Facilitator,Gwalior,Q75,75.4,73.0,81.0,90.12
CLSS,Facilitator,Harda,Q75,75.1,38.0,41.0,92.68
CLSS,Facilitator,Harda,Q75,75.2,37.0,41.0,90.24
CLSS,Facilitator,Harda,Q75,75.3,38.0,41.0,92.68
CLSS,Facilitator,Harda,Q75,75.4,36.0,41.0,87.8
CLSS,Facilitator,Indore,Q75,75.1,83.0,92.0,90.22
CLSS,Facilitator,Indore,Q75,75.2,84.0,92.0,91.3
CLSS,Facilitator,Indore,Q75,75.3,77.0,92.0,83.7
CLSS,Facilitator,Indore,Q75,75.4,81.0,92.0,88.04
CLSS,Facilitator,Jabalpur,Q75,75.1,89.0,103.0,86.41
CLSS,Facilitator,Jabalpur,Q75,75.2,95.0,103.0,92.23
CLSS,Facilitator,Jabalpur,Q75,75.3,94.0,103.0,91.26
CLSS,Facilitator,Jabalpur,Q75,75.4,90.0,103.0,87.38
CLSS,Facilitator,Jhabua,Q75,75.1,106.0,117.0,90.6
CLSS,Facilitator,Jhabua,Q75,75.2,115.0,117.0,98.29
CLSS,Facilitator,Jhabua,Q75,75.3,108.0,117.0,92.31
CLSS,Facilitator,Jhabua,Q75,75.4,106.0,117.0,90.6
CLSS,Facilitator,Katni,Q75,75.1,77.0,80.0,96.25
CLSS,Facilitator,Katni,Q75,75.2,77.0,80.0,96.25
CLSS,Facilitator,Katni,Q75,75.3,68.0,80.0,85.0
CLSS,Facilitator,Katni,Q75,75.4,70.0,80.0,87.5
CLSS,Facilitator,Khandwa,Q75,75.1,76.0,83.0,91.57
CLSS,Facilitator,Khandwa,Q75,75.2,80.0,83.0,96.39
CLSS,Facilitator,Khandwa,Q75,75.3,77.0,83.0,92.77
CLSS,Facilitator,Khandwa,Q75,75.4,75.0,83.0,90.36
CLSS,Facilitator,Khargone,Q75,75.1,105.0,111.0,94.59
CLSS,Facilitator,Khargone,Q75,75.2,106.0,111.0,95.5
CLSS,Facilitator,Khargone,Q75,75.3,104.0,111.0,93.69
CLSS,Facilitator,Khargone,Q75,75.4,100.0,111.0,90.09
CLSS,Facilitator,Mandla,Q75,75.1,99.0,112.0,88.39
CLSS,Facilitator,Mandla,Q75,75.2,107.0,112.0,95.54
CLSS,Facilitator,Mandla,Q75,75.3,100.0,112.0,89.29
CLSS,Facilitator,Mandla,Q75,75.4,101.0,112.0,90.18
CLSS,Facilitator,Mandsaur,Q75,75.1,91.0,95.0,95.79
CLSS,Facilitator,Mandsaur,Q75,75.2,87.0,95.0,91.58
CLSS,Facilitator,Mandsaur,Q75,75.3,91.0,95.0,95.79
CLSS,Facilitator,Mandsaur,Q75,75.4,88.0,95.0,92.63
CLSS,Facilitator,Morena,Q75,75.1,107.0,115.0,93.04
CLSS,Facilitator,Morena,Q75,75.2,109.0,115.0,94.78
CLSS,Facilitator,Morena,Q75,75.3,106.0,115.0,92.17
CLSS,Facilitator,Morena,Q75,75.4,103.0,115.0,89.57
CLSS,Facilitator,Narmadapuram,Q75,75.1,80.0,85.0,94.12
CLSS,Facilitator,Narmadapuram,Q75,75.2,84.0,85.0,98.82
CLSS,Facilitator,Narmadapuram,Q75,75.3,81.0,85.0,95.29
CLSS,Facilitator,Narmadapuram,Q75,75.4,80.0,85.0,94.12
CLSS,Facilitator,Narsinghpur,Q75,75.1,81.0,87.0,93.1
CLSS,Facilitator,Narsinghpur,Q75,75.2,85.0,87.0,97.7
CLSS,Facilitator,Narsinghpur,Q75,75.3,82.0,87.0,94.25
CLSS,Facilitator,Narsinghpur,Q75,75.4,80.0,87.0,91.95
CLSS,Facilitator,Neemuch,Q75,75.1,50.0,55.0,90.91
CLSS,Facilitator,Neemuch,Q75,75.2,53.0,55.0,96.36
CLSS,Facilitator,Neemuch,Q75,75.3,52.0,55.0,94.55
CLSS,Facilitator,Neemuch,Q75,75.4,49.0,55.0,89.09
CLSS,Facilitator,Niwari,Q75,75.1,32.0,37.0,86.49
CLSS,Facilitator,Niwari,Q75,75.2,30.0,37.0,81.08
CLSS,Facilitator,Niwari,Q75,75.3,32.0,37.0,86.49
CLSS,Facilitator,Niwari,Q75,75.4,31.0,37.0,83.78
CLSS,Facilitator,Panna,Q75,75.1,114.0,127.0,89.76
CLSS,Facilitator,Panna,Q75,75.2,115.0,127.0,90.55
CLSS,Facilitator,Panna,Q75,75.3,114.0,127.0,89.76
CLSS,Facilitator,Panna,Q75,75.4,112.0,127.0,88.19
CLSS,Facilitator,Raisen,Q75,75.1,103.0,114.0,90.35
CLSS,Facilitator,Raisen,Q75,75.2,110.0,114.0,96.49
CLSS,Facilitator,Raisen,Q75,75.3,107.0,114.0,93.86
CLSS,Facilitator,Raisen,Q75,75.4,103.0,114.0,90.35
CLSS,Facilitator,Rajgarh,Q75,75.1,101.0,115.0,87.83
CLSS,Facilitator,Rajgarh,Q75,75.2,106.0,115.0,92.17
CLSS,Facilitator,Rajgarh,Q75,75.3,102.0,115.0,88.7
CLSS,Facilitator,Rajgarh,Q75,75.4,97.0,115.0,84.35
CLSS,Facilitator,Ratlam,Q75,75.1,109.0,125.0,87.2
CLSS,Facilitator,Ratlam,Q75,75.2,118.0,125.0,94.4
CLSS,Facilitator,Ratlam,Q75,75.3,113.0,125.0,90.4
CLSS,Facilitator,Ratlam,Q75,75.4,108.0,125.0,86.4
CLSS,Facilitator,Rewa,Q75,75.1,119.0,132.0,90.15
CLSS,Facilitator,Rewa,Q75,75.2,121.0,132.0,91.67
CLSS,Facilitator,Rewa,Q75,75.3,116.0,132.0,87.88
CLSS,Facilitator,Rewa,Q75,75.4,115.0,132.0,87.12
CLSS,Facilitator,Sagar,Q75,75.1,103.0,123.0,83.74
CLSS,Facilitator,Sagar,Q75,75.2,112.0,123.0,91.06
CLSS,Facilitator,Sagar,Q75,75.3,104.0,123.0,84.55
CLSS,Facilitator,Sagar,Q75,75.4,108.0,123.0,87.8
CLSS,Facilitator,Satna,Q75,75.1,180.0,211.0,85.31
CLSS,Facilitator,Satna,Q75,75.2,202.0,211.0,95.73
CLSS,Facilitator,Satna,Q75,75.3,190.0,211.0,90.05
CLSS,Facilitator,Satna,Q75,75.4,187.0,211.0,88.63
CLSS,Facilitator,Seoni,Q75,75.1,107.0,116.0,92.24
CLSS,Facilitator,Seoni,Q75,75.2,109.0,116.0,93.97
CLSS,Facilitator,Seoni,Q75,75.3,109.0,116.0,93.97
CLSS,Facilitator,Seoni,Q75,75.4,103.0,116.0,88.79
CLSS,Facilitator,Shahdol,Q75,75.1,82.0,96.0,85.42
CLSS,Facilitator,Shahdol,Q75,75.2,87.0,96.0,90.62
CLSS,Facilitator,Shahdol,Q75,75.3,85.0,96.0,88.54
CLSS,Facilitator,Shahdol,Q75,75.4,91.0,96.0,94.79
CLSS,Facilitator,Shajapur,Q75,75.1,68.0,71.0,95.77
CLSS,Facilitator,Shajapur,Q75,75.2,68.0,71.0,95.77
CLSS,Facilitator,Shajapur,Q75,75.3,70.0,71.0,98.59
CLSS,Facilitator,Shajapur,Q75,75.4,66.0,71.0,92.96
CLSS,Facilitator,Sheopur,Q75,75.1,48.0,55.0,87.27
CLSS,Facilitator,Sheopur,Q75,75.2,50.0,55.0,90.91
CLSS,Facilitator,Sheopur,Q75,75.3,48.0,55.0,87.27
CLSS,Facilitator,Sheopur,Q75,75.4,50.0,55.0,90.91
CLSS,Facilitator,Shivpuri,Q75,75.1,83.0,106.0,78.3
CLSS,Facilitator,Shivpuri,Q75,75.2,95.0,106.0,89.62
CLSS,Facilitator,Shivpuri,Q75,75.3,90.0,106.0,84.91
CLSS,Facilitator,Shivpuri,Q75,75.4,91.0,106.0,85.85
CLSS,Facilitator,Sidhi,Q75,75.1,91.0,103.0,88.35
CLSS,Facilitator,Sidhi,Q75,75.2,98.0,103.0,95.15
CLSS,Facilitator,Sidhi,Q75,75.3,96.0,103.0,93.2
CLSS,Facilitator,Sidhi,Q75,75.4,94.0,103.0,91.26
CLSS,Facilitator,Singrauli,Q75,75.1,53.0,65.0,81.54
CLSS,Facilitator,Singrauli,Q75,75.2,56.0,65.0,86.15
CLSS,Facilitator,Singrauli,Q75,75.3,57.0,65.0,87.69
CLSS,Facilitator,Singrauli,Q75,75.4,52.0,65.0,80.0
CLSS,Facilitator,Tikamgarh,Q75,75.1,57.0,64.0,89.06
CLSS,Facilitator,Tikamgarh,Q75,75.2,57.0,64.0,89.06
CLSS,Facilitator,Tikamgarh,Q75,75.3,55.0,64.0,85.94
CLSS,Facilitator,Tikamgarh,Q75,75.4,54.0,64.0,84.38
CLSS,Facilitator,Ujjain,Q75,75.1,87.0,104.0,83.65
CLSS,Facilitator,Ujjain,Q75,75.2,91.0,104.0,87.5
CLSS,Facilitator,Ujjain,Q75,75.3,89.0,104.0,85.58
CLSS,Facilitator,Ujjain,Q75,75.4,89.0,104.0,85.58
CLSS,Facilitator,Umaria,Q75,75.1,67.0,73.0,91.78
CLSS,Facilitator,Umaria,Q75,75.2,70.0,73.0,95.89
CLSS,Facilitator,Umaria,Q75,75.3,68.0,73.0,93.15
CLSS,Facilitator,Umaria,Q75,75.4,69.0,73.0,94.52
CLSS,Facilitator,Vidisha,Q75,75.1,115.0,122.0,94.26
CLSS,Facilitator,Vidisha,Q75,75.2,114.0,122.0,93.44
CLSS,Facilitator,Vidisha,Q75,75.3,118.0,122.0,96.72
CLSS,Facilitator,Vidisha,Q75,75.4,114.0,122.0,93.44
CLSS,Facilitator,Total,Q75,75.1,4289.0,4814.0,89.09
CLSS,Facilitator,Total,Q75,75.2,4465.0,4814.0,92.75
CLSS,Facilitator,Total,Q75,75.3,4355.0,4814.0,90.47
CLSS,Facilitator,Total,Q75,75.4,4287.0,4814.0,89.05
CLSS,Facilitator,Agar Malwa,Q77,77.1,43.0,49.0,87.76
CLSS,Facilitator,Agar Malwa,Q77,77.2,2.0,49.0,4.08
CLSS,Facilitator,Agar Malwa,Q77,77.3,2.0,49.0,4.08
CLSS,Facilitator,Agar Malwa,Q77,77.4,4.0,49.0,8.16
CLSS,Facilitator,Agar Malwa,Q77,77.5,1.0,49.0,2.04
CLSS,Facilitator,Agar Malwa,Q77,77.6,0.0,49.0,0.0
CLSS,Facilitator,Alirajpur,Q77,77.1,80.0,95.0,84.21
CLSS,Facilitator,Alirajpur,Q77,77.2,8.0,95.0,8.42
CLSS,Facilitator,Alirajpur,Q77,77.3,9.0,95.0,9.47
CLSS,Facilitator,Alirajpur,Q77,77.4,18.0,95.0,18.95
CLSS,Facilitator,Alirajpur,Q77,77.5,11.0,95.0,11.58
CLSS,Facilitator,Alirajpur,Q77,77.6,7.0,95.0,7.37
CLSS,Facilitator,Anuppur,Q77,77.1,70.0,82.0,85.37
CLSS,Facilitator,Anuppur,Q77,77.2,6.0,82.0,7.32
CLSS,Facilitator,Anuppur,Q77,77.3,11.0,82.0,13.41
CLSS,Facilitator,Anuppur,Q77,77.4,11.0,82.0,13.41
CLSS,Facilitator,Anuppur,Q77,77.5,7.0,82.0,8.54
CLSS,Facilitator,Anuppur,Q77,77.6,5.0,82.0,6.1
CLSS,Facilitator,Ashoknagar,Q77,77.1,65.0,74.0,87.84
CLSS,Facilitator,Ashoknagar,Q77,77.2,9.0,74.0,12.16
CLSS,Facilitator,Ashoknagar,Q77,77.3,8.0,74.0,10.81
CLSS,Facilitator,Ashoknagar,Q77,77.4,14.0,74.0,18.92
CLSS,Facilitator,Ashoknagar,Q77,77.5,6.0,74.0,8.11
CLSS,Facilitator,Ashoknagar,Q77,77.6,5.0,74.0,6.76
CLSS,Facilitator,Balaghat,Q77,77.1,112.0,146.0,76.71
CLSS,Facilitator,Balaghat,Q77,77.2,11.0,146.0,7.53
CLSS,Facilitator,Balaghat,Q77,77.3,19.0,146.0,13.01
CLSS,Facilitator,Balaghat,Q77,77.4,28.0,146.0,19.18
CLSS,Facilitator,Balaghat,Q77,77.5,11.0,146.0,7.53
CLSS,Facilitator,Balaghat,Q77,77.6,5.0,146.0,3.42
CLSS,Facilitator,Barwani,Q77,77.1,95.0,107.0,88.79
CLSS,Facilitator,Barwani,Q77,77.2,3.0,107.0,2.8
CLSS,Facilitator,Barwani,Q77,77.3,3.0,107.0,2.8
CLSS,Facilitator,Barwani,Q77,77.4,14.0,107.0,13.08
CLSS,Facilitator,Barwani,Q77,77.5,6.0,107.0,5.61
CLSS,Facilitator,Barwani,Q77,77.6,1.0,107.0,0.93
CLSS,Facilitator,Betul,Q77,77.1,126.0,147.0,85.71
CLSS,Facilitator,Betul,Q77,77.2,6.0,147.0,4.08
CLSS,Facilitator,Betul,Q77,77.3,10.0,147.0,6.8
CLSS,Facilitator,Betul,Q77,77.4,24.0,147.0,16.33
CLSS,Facilitator,Betul,Q77,77.5,8.0,147.0,5.44
CLSS,Facilitator,Betul,Q77,77.6,7.0,147.0,4.76
CLSS,Facilitator,Bhind,Q77,77.1,90.0,115.0,78.26
CLSS,Facilitator,Bhind,Q77,77.2,6.0,115.0,5.22
CLSS,Facilitator,Bhind,Q77,77.3,12.0,115.0,10.43
CLSS,Facilitator,Bhind,Q77,77.4,23.0,115.0,20.0
CLSS,Facilitator,Bhind,Q77,77.5,4.0,115.0,3.48
CLSS,Facilitator,Bhind,Q77,77.6,8.0,115.0,6.96
CLSS,Facilitator,Bhopal,Q77,77.1,47.0,61.0,77.05
CLSS,Facilitator,Bhopal,Q77,77.2,6.0,61.0,9.84
CLSS,Facilitator,Bhopal,Q77,77.3,11.0,61.0,18.03
CLSS,Facilitator,Bhopal,Q77,77.4,13.0,61.0,21.31
CLSS,Facilitator,Bhopal,Q77,77.5,6.0,61.0,9.84
CLSS,Facilitator,Bhopal,Q77,77.6,4.0,61.0,6.56
CLSS,Facilitator,Burhanpur,Q77,77.1,25.0,32.0,78.12
CLSS,Facilitator,Burhanpur,Q77,77.2,3.0,32.0,9.38
CLSS,Facilitator,Burhanpur,Q77,77.3,6.0,32.0,18.75
CLSS,Facilitator,Burhanpur,Q77,77.4,3.0,32.0,9.38
CLSS,Facilitator,Burhanpur,Q77,77.5,1.0,32.0,3.12
CLSS,Facilitator,Burhanpur,Q77,77.6,1.0,32.0,3.12
CLSS,Facilitator,Chhatarpur,Q77,77.1,89.0,114.0,78.07
CLSS,Facilitator,Chhatarpur,Q77,77.2,7.0,114.0,6.14
CLSS,Facilitator,Chhatarpur,Q77,77.3,23.0,114.0,20.18
CLSS,Facilitator,Chhatarpur,Q77,77.4,19.0,114.0,16.67
CLSS,Facilitator,Chhatarpur,Q77,77.5,11.0,114.0,9.65
CLSS,Facilitator,Chhatarpur,Q77,77.6,3.0,114.0,2.63
CLSS,Facilitator,Chhindwara,Q77,77.1,141.0,163.0,86.5
CLSS,Facilitator,Chhindwara,Q77,77.2,2.0,163.0,1.23
CLSS,Facilitator,Chhindwara,Q77,77.3,12.0,163.0,7.36
CLSS,Facilitator,Chhindwara,Q77,77.4,18.0,163.0,11.04
CLSS,Facilitator,Chhindwara,Q77,77.5,4.0,163.0,2.45
CLSS,Facilitator,Chhindwara,Q77,77.6,2.0,163.0,1.23
CLSS,Facilitator,Damoh,Q77,77.1,60.0,75.0,80.0
CLSS,Facilitator,Damoh,Q77,77.2,4.0,75.0,5.33
CLSS,Facilitator,Damoh,Q77,77.3,11.0,75.0,14.67
CLSS,Facilitator,Damoh,Q77,77.4,9.0,75.0,12.0
CLSS,Facilitator,Damoh,Q77,77.5,3.0,75.0,4.0
CLSS,Facilitator,Damoh,Q77,77.6,2.0,75.0,2.67
CLSS,Facilitator,Datia,Q77,77.1,50.0,55.0,90.91
CLSS,Facilitator,Datia,Q77,77.2,0.0,55.0,0.0
CLSS,Facilitator,Datia,Q77,77.3,6.0,55.0,10.91
CLSS,Facilitator,Datia,Q77,77.4,5.0,55.0,9.09
CLSS,Facilitator,Datia,Q77,77.5,1.0,55.0,1.82
CLSS,Facilitator,Datia,Q77,77.6,1.0,55.0,1.82
CLSS,Facilitator,Dhar,Q77,77.1,133.0,158.0,84.18
CLSS,Facilitator,Dhar,Q77,77.2,17.0,158.0,10.76
CLSS,Facilitator,Dhar,Q77,77.3,22.0,158.0,13.92
CLSS,Facilitator,Dhar,Q77,77.4,33.0,158.0,20.89
CLSS,Facilitator,Dhar,Q77,77.5,19.0,158.0,12.03
CLSS,Facilitator,Dhar,Q77,77.6,16.0,158.0,10.13
CLSS,Facilitator,Dindori,Q77,77.1,44.0,58.0,75.86
CLSS,Facilitator,Dindori,Q77,77.2,4.0,58.0,6.9
CLSS,Facilitator,Dindori,Q77,77.3,7.0,58.0,12.07
CLSS,Facilitator,Dindori,Q77,77.4,11.0,58.0,18.97
CLSS,Facilitator,Dindori,Q77,77.5,1.0,58.0,1.72
CLSS,Facilitator,Dindori,Q77,77.6,2.0,58.0,3.45
CLSS,Facilitator,Guna,Q77,77.1,56.0,67.0,83.58
CLSS,Facilitator,Guna,Q77,77.2,5.0,67.0,7.46
CLSS,Facilitator,Guna,Q77,77.3,4.0,67.0,5.97
CLSS,Facilitator,Guna,Q77,77.4,15.0,67.0,22.39
CLSS,Facilitator,Guna,Q77,77.5,5.0,67.0,7.46
CLSS,Facilitator,Guna,Q77,77.6,4.0,67.0,5.97
CLSS,Facilitator,Gwalior,Q77,77.1,76.0,81.0,93.83
CLSS,Facilitator,Gwalior,Q77,77.2,1.0,81.0,1.23
CLSS,Facilitator,Gwalior,Q77,77.3,7.0,81.0,8.64
CLSS,Facilitator,Gwalior,Q77,77.4,5.0,81.0,6.17
CLSS,Facilitator,Gwalior,Q77,77.5,2.0,81.0,2.47
CLSS,Facilitator,Gwalior,Q77,77.6,0.0,81.0,0.0
CLSS,Facilitator,Harda,Q77,77.1,39.0,41.0,95.12
CLSS,Facilitator,Harda,Q77,77.2,5.0,41.0,12.2
CLSS,Facilitator,Harda,Q77,77.3,5.0,41.0,12.2
CLSS,Facilitator,Harda,Q77,77.4,10.0,41.0,24.39
CLSS,Facilitator,Harda,Q77,77.5,5.0,41.0,12.2
CLSS,Facilitator,Harda,Q77,77.6,5.0,41.0,12.2
CLSS,Facilitator,Indore,Q77,77.1,80.0,92.0,86.96
CLSS,Facilitator,Indore,Q77,77.2,7.0,92.0,7.61
CLSS,Facilitator,Indore,Q77,77.3,11.0,92.0,11.96
CLSS,Facilitator,Indore,Q77,77.4,16.0,92.0,17.39
CLSS,Facilitator,Indore,Q77,77.5,5.0,92.0,5.43
CLSS,Facilitator,Indore,Q77,77.6,6.0,92.0,6.52
CLSS,Facilitator,Jabalpur,Q77,77.1,82.0,103.0,79.61
CLSS,Facilitator,Jabalpur,Q77,77.2,1.0,103.0,0.97
CLSS,Facilitator,Jabalpur,Q77,77.3,10.0,103.0,9.71
CLSS,Facilitator,Jabalpur,Q77,77.4,12.0,103.0,11.65
CLSS,Facilitator,Jabalpur,Q77,77.5,4.0,103.0,3.88
CLSS,Facilitator,Jabalpur,Q77,77.6,1.0,103.0,0.97
CLSS,Facilitator,Jhabua,Q77,77.1,98.0,117.0,83.76
CLSS,Facilitator,Jhabua,Q77,77.2,9.0,117.0,7.69
CLSS,Facilitator,Jhabua,Q77,77.3,17.0,117.0,14.53
CLSS,Facilitator,Jhabua,Q77,77.4,26.0,117.0,22.22
CLSS,Facilitator,Jhabua,Q77,77.5,7.0,117.0,5.98
CLSS,Facilitator,Jhabua,Q77,77.6,5.0,117.0,4.27
CLSS,Facilitator,Katni,Q77,77.1,72.0,80.0,90.0
CLSS,Facilitator,Katni,Q77,77.2,6.0,80.0,7.5
CLSS,Facilitator,Katni,Q77,77.3,9.0,80.0,11.25
CLSS,Facilitator,Katni,Q77,77.4,10.0,80.0,12.5
CLSS,Facilitator,Katni,Q77,77.5,6.0,80.0,7.5
CLSS,Facilitator,Katni,Q77,77.6,3.0,80.0,3.75
CLSS,Facilitator,Khandwa,Q77,77.1,78.0,83.0,93.98
CLSS,Facilitator,Khandwa,Q77,77.2,2.0,83.0,2.41
CLSS,Facilitator,Khandwa,Q77,77.3,5.0,83.0,6.02
CLSS,Facilitator,Khandwa,Q77,77.4,6.0,83.0,7.23
CLSS,Facilitator,Khandwa,Q77,77.5,4.0,83.0,4.82
CLSS,Facilitator,Khandwa,Q77,77.6,1.0,83.0,1.2
CLSS,Facilitator,Khargone,Q77,77.1,91.0,111.0,81.98
CLSS,Facilitator,Khargone,Q77,77.2,9.0,111.0,8.11
CLSS,Facilitator,Khargone,Q77,77.3,12.0,111.0,10.81
CLSS,Facilitator,Khargone,Q77,77.4,17.0,111.0,15.32
CLSS,Facilitator,Khargone,Q77,77.5,9.0,111.0,8.11
CLSS,Facilitator,Khargone,Q77,77.6,7.0,111.0,6.31
CLSS,Facilitator,Mandla,Q77,77.1,93.0,112.0,83.04
CLSS,Facilitator,Mandla,Q77,77.2,5.0,112.0,4.46
CLSS,Facilitator,Mandla,Q77,77.3,24.0,112.0,21.43
CLSS,Facilitator,Mandla,Q77,77.4,20.0,112.0,17.86
CLSS,Facilitator,Mandla,Q77,77.5,8.0,112.0,7.14
CLSS,Facilitator,Mandla,Q77,77.6,7.0,112.0,6.25
CLSS,Facilitator,Mandsaur,Q77,77.1,91.0,95.0,95.79
CLSS,Facilitator,Mandsaur,Q77,77.2,3.0,95.0,3.16
CLSS,Facilitator,Mandsaur,Q77,77.3,3.0,95.0,3.16
CLSS,Facilitator,Mandsaur,Q77,77.4,6.0,95.0,6.32
CLSS,Facilitator,Mandsaur,Q77,77.5,2.0,95.0,2.11
CLSS,Facilitator,Mandsaur,Q77,77.6,3.0,95.0,3.16
CLSS,Facilitator,Morena,Q77,77.1,98.0,115.0,85.22
CLSS,Facilitator,Morena,Q77,77.2,5.0,115.0,4.35
CLSS,Facilitator,Morena,Q77,77.3,15.0,115.0,13.04
CLSS,Facilitator,Morena,Q77,77.4,20.0,115.0,17.39
CLSS,Facilitator,Morena,Q77,77.5,5.0,115.0,4.35
CLSS,Facilitator,Morena,Q77,77.6,4.0,115.0,3.48
CLSS,Facilitator,Narmadapuram,Q77,77.1,77.0,85.0,90.59
CLSS,Facilitator,Narmadapuram,Q77,77.2,2.0,85.0,2.35
CLSS,Facilitator,Narmadapuram,Q77,77.3,3.0,85.0,3.53
CLSS,Facilitator,Narmadapuram,Q77,77.4,11.0,85.0,12.94
CLSS,Facilitator,Narmadapuram,Q77,77.5,3.0,85.0,3.53
CLSS,Facilitator,Narmadapuram,Q77,77.6,3.0,85.0,3.53
CLSS,Facilitator,Narsinghpur,Q77,77.1,85.0,87.0,97.7
CLSS,Facilitator,Narsinghpur,Q77,77.2,1.0,87.0,1.15
CLSS,Facilitator,Narsinghpur,Q77,77.3,3.0,87.0,3.45
CLSS,Facilitator,Narsinghpur,Q77,77.4,2.0,87.0,2.3
CLSS,Facilitator,Narsinghpur,Q77,77.5,1.0,87.0,1.15
CLSS,Facilitator,Narsinghpur,Q77,77.6,1.0,87.0,1.15
CLSS,Facilitator,Neemuch,Q77,77.1,51.0,55.0,92.73
CLSS,Facilitator,Neemuch,Q77,77.2,3.0,55.0,5.45
CLSS,Facilitator,Neemuch,Q77,77.3,4.0,55.0,7.27
CLSS,Facilitator,Neemuch,Q77,77.4,5.0,55.0,9.09
CLSS,Facilitator,Neemuch,Q77,77.5,4.0,55.0,7.27
CLSS,Facilitator,Neemuch,Q77,77.6,1.0,55.0,1.82
CLSS,Facilitator,Niwari,Q77,77.1,32.0,37.0,86.49
CLSS,Facilitator,Niwari,Q77,77.2,2.0,37.0,5.41
CLSS,Facilitator,Niwari,Q77,77.3,4.0,37.0,10.81
CLSS,Facilitator,Niwari,Q77,77.4,2.0,37.0,5.41
CLSS,Facilitator,Niwari,Q77,77.5,1.0,37.0,2.7
CLSS,Facilitator,Niwari,Q77,77.6,2.0,37.0,5.41
CLSS,Facilitator,Panna,Q77,77.1,118.0,127.0,92.91
CLSS,Facilitator,Panna,Q77,77.2,5.0,127.0,3.94
CLSS,Facilitator,Panna,Q77,77.3,5.0,127.0,3.94
CLSS,Facilitator,Panna,Q77,77.4,11.0,127.0,8.66
CLSS,Facilitator,Panna,Q77,77.5,3.0,127.0,2.36
CLSS,Facilitator,Panna,Q77,77.6,3.0,127.0,2.36
CLSS,Facilitator,Raisen,Q77,77.1,93.0,114.0,81.58
CLSS,Facilitator,Raisen,Q77,77.2,4.0,114.0,3.51
CLSS,Facilitator,Raisen,Q77,77.3,13.0,114.0,11.4
CLSS,Facilitator,Raisen,Q77,77.4,22.0,114.0,19.3
CLSS,Facilitator,Raisen,Q77,77.5,7.0,114.0,6.14
CLSS,Facilitator,Raisen,Q77,77.6,3.0,114.0,2.63
CLSS,Facilitator,Rajgarh,Q77,77.1,99.0,115.0,86.09
CLSS,Facilitator,Rajgarh,Q77,77.2,7.0,115.0,6.09
CLSS,Facilitator,Rajgarh,Q77,77.3,9.0,115.0,7.83
CLSS,Facilitator,Rajgarh,Q77,77.4,16.0,115.0,13.91
CLSS,Facilitator,Rajgarh,Q77,77.5,2.0,115.0,1.74
CLSS,Facilitator,Rajgarh,Q77,77.6,2.0,115.0,1.74
CLSS,Facilitator,Ratlam,Q77,77.1,96.0,125.0,76.8
CLSS,Facilitator,Ratlam,Q77,77.2,5.0,125.0,4.0
CLSS,Facilitator,Ratlam,Q77,77.3,12.0,125.0,9.6
CLSS,Facilitator,Ratlam,Q77,77.4,29.0,125.0,23.2
CLSS,Facilitator,Ratlam,Q77,77.5,7.0,125.0,5.6
CLSS,Facilitator,Ratlam,Q77,77.6,4.0,125.0,3.2
CLSS,Facilitator,Rewa,Q77,77.1,107.0,132.0,81.06
CLSS,Facilitator,Rewa,Q77,77.2,10.0,132.0,7.58
CLSS,Facilitator,Rewa,Q77,77.3,23.0,132.0,17.42
CLSS,Facilitator,Rewa,Q77,77.4,22.0,132.0,16.67
CLSS,Facilitator,Rewa,Q77,77.5,11.0,132.0,8.33
CLSS,Facilitator,Rewa,Q77,77.6,4.0,132.0,3.03
CLSS,Facilitator,Sagar,Q77,77.1,97.0,123.0,78.86
CLSS,Facilitator,Sagar,Q77,77.2,7.0,123.0,5.69
CLSS,Facilitator,Sagar,Q77,77.3,17.0,123.0,13.82
CLSS,Facilitator,Sagar,Q77,77.4,13.0,123.0,10.57
CLSS,Facilitator,Sagar,Q77,77.5,5.0,123.0,4.07
CLSS,Facilitator,Sagar,Q77,77.6,5.0,123.0,4.07
CLSS,Facilitator,Satna,Q77,77.1,181.0,211.0,85.78
CLSS,Facilitator,Satna,Q77,77.2,11.0,211.0,5.21
CLSS,Facilitator,Satna,Q77,77.3,38.0,211.0,18.01
CLSS,Facilitator,Satna,Q77,77.4,33.0,211.0,15.64
CLSS,Facilitator,Satna,Q77,77.5,10.0,211.0,4.74
CLSS,Facilitator,Satna,Q77,77.6,14.0,211.0,6.64
CLSS,Facilitator,Seoni,Q77,77.1,101.0,116.0,87.07
CLSS,Facilitator,Seoni,Q77,77.2,8.0,116.0,6.9
CLSS,Facilitator,Seoni,Q77,77.3,11.0,116.0,9.48
CLSS,Facilitator,Seoni,Q77,77.4,20.0,116.0,17.24
CLSS,Facilitator,Seoni,Q77,77.5,7.0,116.0,6.03
CLSS,Facilitator,Seoni,Q77,77.6,9.0,116.0,7.76
CLSS,Facilitator,Shahdol,Q77,77.1,83.0,96.0,86.46
CLSS,Facilitator,Shahdol,Q77,77.2,4.0,96.0,4.17
CLSS,Facilitator,Shahdol,Q77,77.3,7.0,96.0,7.29
CLSS,Facilitator,Shahdol,Q77,77.4,17.0,96.0,17.71
CLSS,Facilitator,Shahdol,Q77,77.5,4.0,96.0,4.17
CLSS,Facilitator,Shahdol,Q77,77.6,5.0,96.0,5.21
CLSS,Facilitator,Shajapur,Q77,77.1,67.0,71.0,94.37
CLSS,Facilitator,Shajapur,Q77,77.2,0.0,71.0,0.0
CLSS,Facilitator,Shajapur,Q77,77.3,4.0,71.0,5.63
CLSS,Facilitator,Shajapur,Q77,77.4,3.0,71.0,4.23
CLSS,Facilitator,Shajapur,Q77,77.5,2.0,71.0,2.82
CLSS,Facilitator,Shajapur,Q77,77.6,2.0,71.0,2.82
CLSS,Facilitator,Sheopur,Q77,77.1,48.0,55.0,87.27
CLSS,Facilitator,Sheopur,Q77,77.2,4.0,55.0,7.27
CLSS,Facilitator,Sheopur,Q77,77.3,5.0,55.0,9.09
CLSS,Facilitator,Sheopur,Q77,77.4,7.0,55.0,12.73
CLSS,Facilitator,Sheopur,Q77,77.5,2.0,55.0,3.64
CLSS,Facilitator,Sheopur,Q77,77.6,4.0,55.0,7.27
CLSS,Facilitator,Shivpuri,Q77,77.1,90.0,106.0,84.91
CLSS,Facilitator,Shivpuri,Q77,77.2,6.0,106.0,5.66
CLSS,Facilitator,Shivpuri,Q77,77.3,13.0,106.0,12.26
CLSS,Facilitator,Shivpuri,Q77,77.4,14.0,106.0,13.21
CLSS,Facilitator,Shivpuri,Q77,77.5,8.0,106.0,7.55
CLSS,Facilitator,Shivpuri,Q77,77.6,6.0,106.0,5.66
CLSS,Facilitator,Sidhi,Q77,77.1,84.0,103.0,81.55
CLSS,Facilitator,Sidhi,Q77,77.2,9.0,103.0,8.74
CLSS,Facilitator,Sidhi,Q77,77.3,20.0,103.0,19.42
CLSS,Facilitator,Sidhi,Q77,77.4,22.0,103.0,21.36
CLSS,Facilitator,Sidhi,Q77,77.5,13.0,103.0,12.62
CLSS,Facilitator,Sidhi,Q77,77.6,12.0,103.0,11.65
CLSS,Facilitator,Singrauli,Q77,77.1,48.0,65.0,73.85
CLSS,Facilitator,Singrauli,Q77,77.2,10.0,65.0,15.38
CLSS,Facilitator,Singrauli,Q77,77.3,13.0,65.0,20.0
CLSS,Facilitator,Singrauli,Q77,77.4,19.0,65.0,29.23
CLSS,Facilitator,Singrauli,Q77,77.5,10.0,65.0,15.38
CLSS,Facilitator,Singrauli,Q77,77.6,8.0,65.0,12.31
CLSS,Facilitator,Tikamgarh,Q77,77.1,50.0,64.0,78.12
CLSS,Facilitator,Tikamgarh,Q77,77.2,4.0,64.0,6.25
CLSS,Facilitator,Tikamgarh,Q77,77.3,9.0,64.0,14.06
CLSS,Facilitator,Tikamgarh,Q77,77.4,15.0,64.0,23.44
CLSS,Facilitator,Tikamgarh,Q77,77.5,4.0,64.0,6.25
CLSS,Facilitator,Tikamgarh,Q77,77.6,3.0,64.0,4.69
CLSS,Facilitator,Ujjain,Q77,77.1,89.0,104.0,85.58
CLSS,Facilitator,Ujjain,Q77,77.2,4.0,104.0,3.85
CLSS,Facilitator,Ujjain,Q77,77.3,6.0,104.0,5.77
CLSS,Facilitator,Ujjain,Q77,77.4,12.0,104.0,11.54
CLSS,Facilitator,Ujjain,Q77,77.5,4.0,104.0,3.85
CLSS,Facilitator,Ujjain,Q77,77.6,6.0,104.0,5.77
CLSS,Facilitator,Umaria,Q77,77.1,63.0,73.0,86.3
CLSS,Facilitator,Umaria,Q77,77.2,2.0,73.0,2.74
CLSS,Facilitator,Umaria,Q77,77.3,2.0,73.0,2.74
CLSS,Facilitator,Umaria,Q77,77.4,5.0,73.0,6.85
CLSS,Facilitator,Umaria,Q77,77.5,3.0,73.0,4.11
CLSS,Facilitator,Umaria,Q77,77.6,1.0,73.0,1.37
CLSS,Facilitator,Vidisha,Q77,77.1,115.0,122.0,94.26
CLSS,Facilitator,Vidisha,Q77,77.2,11.0,122.0,9.02
CLSS,Facilitator,Vidisha,Q77,77.3,10.0,122.0,8.2
CLSS,Facilitator,Vidisha,Q77,77.4,18.0,122.0,14.75
CLSS,Facilitator,Vidisha,Q77,77.5,5.0,122.0,4.1
CLSS,Facilitator,Vidisha,Q77,77.6,3.0,122.0,2.46
CLSS,Facilitator,Total,Q77,77.1,4098.0,4814.0,85.13
CLSS,Facilitator,Total,Q77,77.2,271.0,4814.0,5.63
CLSS,Facilitator,Total,Q77,77.3,525.0,4814.0,10.91
CLSS,Facilitator,Total,Q77,77.4,728.0,4814.0,15.12
CLSS,Facilitator,Total,Q77,77.5,278.0,4814.0,5.77
CLSS,Facilitator,Total,Q77,77.6,216.0,4814.0,4.49
CLSS,Facilitator,Agar Malwa,Q78,78.1,27.0,49.0,55.1
CLSS,Facilitator,Agar Malwa,Q78,78.2,11.0,49.0,22.45
CLSS,Facilitator,Agar Malwa,Q78,78.3,11.0,49.0,22.45
CLSS,Facilitator,Alirajpur,Q78,78.1,50.0,95.0,52.63
CLSS,Facilitator,Alirajpur,Q78,78.2,21.0,95.0,22.11
CLSS,Facilitator,Alirajpur,Q78,78.3,24.0,95.0,25.26
CLSS,Facilitator,Anuppur,Q78,78.1,42.0,82.0,51.22
CLSS,Facilitator,Anuppur,Q78,78.2,18.0,82.0,21.95
CLSS,Facilitator,Anuppur,Q78,78.3,22.0,82.0,26.83
CLSS,Facilitator,Ashoknagar,Q78,78.1,47.0,74.0,63.51
CLSS,Facilitator,Ashoknagar,Q78,78.2,12.0,74.0,16.22
CLSS,Facilitator,Ashoknagar,Q78,78.3,15.0,74.0,20.27
CLSS,Facilitator,Balaghat,Q78,78.1,84.0,146.0,57.53
CLSS,Facilitator,Balaghat,Q78,78.2,30.0,146.0,20.55
CLSS,Facilitator,Balaghat,Q78,78.3,32.0,146.0,21.92
CLSS,Facilitator,Barwani,Q78,78.1,69.0,107.0,64.49
CLSS,Facilitator,Barwani,Q78,78.2,10.0,107.0,9.35
CLSS,Facilitator,Barwani,Q78,78.3,28.0,107.0,26.17
CLSS,Facilitator,Betul,Q78,78.1,70.0,147.0,47.62
CLSS,Facilitator,Betul,Q78,78.2,43.0,147.0,29.25
CLSS,Facilitator,Betul,Q78,78.3,34.0,147.0,23.13
CLSS,Facilitator,Bhind,Q78,78.1,64.0,115.0,55.65
CLSS,Facilitator,Bhind,Q78,78.2,17.0,115.0,14.78
CLSS,Facilitator,Bhind,Q78,78.3,34.0,115.0,29.57
CLSS,Facilitator,Bhopal,Q78,78.1,34.0,61.0,55.74
CLSS,Facilitator,Bhopal,Q78,78.2,13.0,61.0,21.31
CLSS,Facilitator,Bhopal,Q78,78.3,14.0,61.0,22.95
CLSS,Facilitator,Burhanpur,Q78,78.1,11.0,32.0,34.38
CLSS,Facilitator,Burhanpur,Q78,78.2,11.0,32.0,34.38
CLSS,Facilitator,Burhanpur,Q78,78.3,10.0,32.0,31.25
CLSS,Facilitator,Chhatarpur,Q78,78.1,52.0,114.0,45.61
CLSS,Facilitator,Chhatarpur,Q78,78.2,17.0,114.0,14.91
CLSS,Facilitator,Chhatarpur,Q78,78.3,45.0,114.0,39.47
CLSS,Facilitator,Chhindwara,Q78,78.1,84.0,163.0,51.53
CLSS,Facilitator,Chhindwara,Q78,78.2,42.0,163.0,25.77
CLSS,Facilitator,Chhindwara,Q78,78.3,37.0,163.0,22.7
CLSS,Facilitator,Damoh,Q78,78.1,39.0,75.0,52.0
CLSS,Facilitator,Damoh,Q78,78.2,17.0,75.0,22.67
CLSS,Facilitator,Damoh,Q78,78.3,19.0,75.0,25.33
CLSS,Facilitator,Datia,Q78,78.1,24.0,55.0,43.64
CLSS,Facilitator,Datia,Q78,78.2,19.0,55.0,34.55
CLSS,Facilitator,Datia,Q78,78.3,12.0,55.0,21.82
CLSS,Facilitator,Dhar,Q78,78.1,70.0,158.0,44.3
CLSS,Facilitator,Dhar,Q78,78.2,48.0,158.0,30.38
CLSS,Facilitator,Dhar,Q78,78.3,40.0,158.0,25.32
CLSS,Facilitator,Dindori,Q78,78.1,30.0,58.0,51.72
CLSS,Facilitator,Dindori,Q78,78.2,12.0,58.0,20.69
CLSS,Facilitator,Dindori,Q78,78.3,16.0,58.0,27.59
CLSS,Facilitator,Guna,Q78,78.1,33.0,67.0,49.25
CLSS,Facilitator,Guna,Q78,78.2,13.0,67.0,19.4
CLSS,Facilitator,Guna,Q78,78.3,21.0,67.0,31.34
CLSS,Facilitator,Gwalior,Q78,78.1,48.0,81.0,59.26
CLSS,Facilitator,Gwalior,Q78,78.2,14.0,81.0,17.28
CLSS,Facilitator,Gwalior,Q78,78.3,19.0,81.0,23.46
CLSS,Facilitator,Harda,Q78,78.1,25.0,41.0,60.98
CLSS,Facilitator,Harda,Q78,78.2,12.0,41.0,29.27
CLSS,Facilitator,Harda,Q78,78.3,4.0,41.0,9.76
CLSS,Facilitator,Indore,Q78,78.1,43.0,92.0,46.74
CLSS,Facilitator,Indore,Q78,78.2,23.0,92.0,25.0
CLSS,Facilitator,Indore,Q78,78.3,26.0,92.0,28.26
CLSS,Facilitator,Jabalpur,Q78,78.1,49.0,103.0,47.57
CLSS,Facilitator,Jabalpur,Q78,78.2,25.0,103.0,24.27
CLSS,Facilitator,Jabalpur,Q78,78.3,29.0,103.0,28.16
CLSS,Facilitator,Jhabua,Q78,78.1,51.0,117.0,43.59
CLSS,Facilitator,Jhabua,Q78,78.2,23.0,117.0,19.66
CLSS,Facilitator,Jhabua,Q78,78.3,43.0,117.0,36.75
CLSS,Facilitator,Katni,Q78,78.1,41.0,80.0,51.25
CLSS,Facilitator,Katni,Q78,78.2,27.0,80.0,33.75
CLSS,Facilitator,Katni,Q78,78.3,12.0,80.0,15.0
CLSS,Facilitator,Khandwa,Q78,78.1,36.0,83.0,43.37
CLSS,Facilitator,Khandwa,Q78,78.2,16.0,83.0,19.28
CLSS,Facilitator,Khandwa,Q78,78.3,31.0,83.0,37.35
CLSS,Facilitator,Khargone,Q78,78.1,50.0,111.0,45.05
CLSS,Facilitator,Khargone,Q78,78.2,32.0,111.0,28.83
CLSS,Facilitator,Khargone,Q78,78.3,29.0,111.0,26.13
CLSS,Facilitator,Mandla,Q78,78.1,51.0,112.0,45.54
CLSS,Facilitator,Mandla,Q78,78.2,34.0,112.0,30.36
CLSS,Facilitator,Mandla,Q78,78.3,27.0,112.0,24.11
CLSS,Facilitator,Mandsaur,Q78,78.1,31.0,95.0,32.63
CLSS,Facilitator,Mandsaur,Q78,78.2,39.0,95.0,41.05
CLSS,Facilitator,Mandsaur,Q78,78.3,25.0,95.0,26.32
CLSS,Facilitator,Morena,Q78,78.1,66.0,115.0,57.39
CLSS,Facilitator,Morena,Q78,78.2,13.0,115.0,11.3
CLSS,Facilitator,Morena,Q78,78.3,36.0,115.0,31.3
CLSS,Facilitator,Narmadapuram,Q78,78.1,40.0,85.0,47.06
CLSS,Facilitator,Narmadapuram,Q78,78.2,22.0,85.0,25.88
CLSS,Facilitator,Narmadapuram,Q78,78.3,23.0,85.0,27.06
CLSS,Facilitator,Narsinghpur,Q78,78.1,47.0,87.0,54.02
CLSS,Facilitator,Narsinghpur,Q78,78.2,26.0,87.0,29.89
CLSS,Facilitator,Narsinghpur,Q78,78.3,14.0,87.0,16.09
CLSS,Facilitator,Neemuch,Q78,78.1,15.0,55.0,27.27
CLSS,Facilitator,Neemuch,Q78,78.2,20.0,55.0,36.36
CLSS,Facilitator,Neemuch,Q78,78.3,20.0,55.0,36.36
CLSS,Facilitator,Niwari,Q78,78.1,25.0,37.0,67.57
CLSS,Facilitator,Niwari,Q78,78.2,4.0,37.0,10.81
CLSS,Facilitator,Niwari,Q78,78.3,8.0,37.0,21.62
CLSS,Facilitator,Panna,Q78,78.1,65.0,127.0,51.18
CLSS,Facilitator,Panna,Q78,78.2,22.0,127.0,17.32
CLSS,Facilitator,Panna,Q78,78.3,40.0,127.0,31.5
CLSS,Facilitator,Raisen,Q78,78.1,66.0,114.0,57.89
CLSS,Facilitator,Raisen,Q78,78.2,18.0,114.0,15.79
CLSS,Facilitator,Raisen,Q78,78.3,30.0,114.0,26.32
CLSS,Facilitator,Rajgarh,Q78,78.1,52.0,115.0,45.22
CLSS,Facilitator,Rajgarh,Q78,78.2,16.0,115.0,13.91
CLSS,Facilitator,Rajgarh,Q78,78.3,47.0,115.0,40.87
CLSS,Facilitator,Ratlam,Q78,78.1,66.0,125.0,52.8
CLSS,Facilitator,Ratlam,Q78,78.2,27.0,125.0,21.6
CLSS,Facilitator,Ratlam,Q78,78.3,32.0,125.0,25.6
CLSS,Facilitator,Rewa,Q78,78.1,69.0,132.0,52.27
CLSS,Facilitator,Rewa,Q78,78.2,28.0,132.0,21.21
CLSS,Facilitator,Rewa,Q78,78.3,35.0,132.0,26.52
CLSS,Facilitator,Sagar,Q78,78.1,65.0,123.0,52.85
CLSS,Facilitator,Sagar,Q78,78.2,25.0,123.0,20.33
CLSS,Facilitator,Sagar,Q78,78.3,33.0,123.0,26.83
CLSS,Facilitator,Satna,Q78,78.1,88.0,211.0,41.71
CLSS,Facilitator,Satna,Q78,78.2,64.0,211.0,30.33
CLSS,Facilitator,Satna,Q78,78.3,59.0,211.0,27.96
CLSS,Facilitator,Seoni,Q78,78.1,46.0,116.0,39.66
CLSS,Facilitator,Seoni,Q78,78.2,30.0,116.0,25.86
CLSS,Facilitator,Seoni,Q78,78.3,40.0,116.0,34.48
CLSS,Facilitator,Shahdol,Q78,78.1,58.0,96.0,60.42
CLSS,Facilitator,Shahdol,Q78,78.2,14.0,96.0,14.58
CLSS,Facilitator,Shahdol,Q78,78.3,24.0,96.0,25.0
CLSS,Facilitator,Shajapur,Q78,78.1,25.0,71.0,35.21
CLSS,Facilitator,Shajapur,Q78,78.2,30.0,71.0,42.25
CLSS,Facilitator,Shajapur,Q78,78.3,16.0,71.0,22.54
CLSS,Facilitator,Sheopur,Q78,78.1,26.0,55.0,47.27
CLSS,Facilitator,Sheopur,Q78,78.2,10.0,55.0,18.18
CLSS,Facilitator,Sheopur,Q78,78.3,19.0,55.0,34.55
CLSS,Facilitator,Shivpuri,Q78,78.1,57.0,106.0,53.77
CLSS,Facilitator,Shivpuri,Q78,78.2,21.0,106.0,19.81
CLSS,Facilitator,Shivpuri,Q78,78.3,28.0,106.0,26.42
CLSS,Facilitator,Sidhi,Q78,78.1,57.0,103.0,55.34
CLSS,Facilitator,Sidhi,Q78,78.2,22.0,103.0,21.36
CLSS,Facilitator,Sidhi,Q78,78.3,24.0,103.0,23.3
CLSS,Facilitator,Singrauli,Q78,78.1,39.0,65.0,60.0
CLSS,Facilitator,Singrauli,Q78,78.2,10.0,65.0,15.38
CLSS,Facilitator,Singrauli,Q78,78.3,16.0,65.0,24.62
CLSS,Facilitator,Tikamgarh,Q78,78.1,36.0,64.0,56.25
CLSS,Facilitator,Tikamgarh,Q78,78.2,9.0,64.0,14.06
CLSS,Facilitator,Tikamgarh,Q78,78.3,19.0,64.0,29.69
CLSS,Facilitator,Ujjain,Q78,78.1,54.0,104.0,51.92
CLSS,Facilitator,Ujjain,Q78,78.2,23.0,104.0,22.12
CLSS,Facilitator,Ujjain,Q78,78.3,27.0,104.0,25.96
CLSS,Facilitator,Umaria,Q78,78.1,32.0,73.0,43.84
CLSS,Facilitator,Umaria,Q78,78.2,24.0,73.0,32.88
CLSS,Facilitator,Umaria,Q78,78.3,17.0,73.0,23.29
CLSS,Facilitator,Vidisha,Q78,78.1,71.0,122.0,58.2
CLSS,Facilitator,Vidisha,Q78,78.2,14.0,122.0,11.48
CLSS,Facilitator,Vidisha,Q78,78.3,37.0,122.0,30.33
CLSS,Facilitator,Total,Q78,78.1,2420.0,4814.0,50.27
CLSS,Facilitator,Total,Q78,78.2,1091.0,4814.0,22.66
CLSS,Facilitator,Total,Q78,78.3,1303.0,4814.0,27.07
CLSS,Facilitator,Agar Malwa,Q80,80.1,42.0,49.0,85.71
CLSS,Facilitator,Agar Malwa,Q80,80.2,37.0,49.0,75.51
CLSS,Facilitator,Agar Malwa,Q80,80.3,43.0,49.0,87.76
CLSS,Facilitator,Agar Malwa,Q80,80.4,41.0,49.0,83.67
CLSS,Facilitator,Alirajpur,Q80,80.1,75.0,95.0,78.95
CLSS,Facilitator,Alirajpur,Q80,80.2,77.0,95.0,81.05
CLSS,Facilitator,Alirajpur,Q80,80.3,79.0,95.0,83.16
CLSS,Facilitator,Alirajpur,Q80,80.4,85.0,95.0,89.47
CLSS,Facilitator,Anuppur,Q80,80.1,66.0,82.0,80.49
CLSS,Facilitator,Anuppur,Q80,80.2,68.0,82.0,82.93
CLSS,Facilitator,Anuppur,Q80,80.3,76.0,82.0,92.68
CLSS,Facilitator,Anuppur,Q80,80.4,78.0,82.0,95.12
CLSS,Facilitator,Ashoknagar,Q80,80.1,59.0,74.0,79.73
CLSS,Facilitator,Ashoknagar,Q80,80.2,56.0,74.0,75.68
CLSS,Facilitator,Ashoknagar,Q80,80.3,58.0,74.0,78.38
CLSS,Facilitator,Ashoknagar,Q80,80.4,59.0,74.0,79.73
CLSS,Facilitator,Balaghat,Q80,80.1,123.0,146.0,84.25
CLSS,Facilitator,Balaghat,Q80,80.2,118.0,146.0,80.82
CLSS,Facilitator,Balaghat,Q80,80.3,123.0,146.0,84.25
CLSS,Facilitator,Balaghat,Q80,80.4,128.0,146.0,87.67
CLSS,Facilitator,Barwani,Q80,80.1,80.0,107.0,74.77
CLSS,Facilitator,Barwani,Q80,80.2,80.0,107.0,74.77
CLSS,Facilitator,Barwani,Q80,80.3,80.0,107.0,74.77
CLSS,Facilitator,Barwani,Q80,80.4,95.0,107.0,88.79
CLSS,Facilitator,Betul,Q80,80.1,132.0,147.0,89.8
CLSS,Facilitator,Betul,Q80,80.2,111.0,147.0,75.51
CLSS,Facilitator,Betul,Q80,80.3,130.0,147.0,88.44
CLSS,Facilitator,Betul,Q80,80.4,132.0,147.0,89.8
CLSS,Facilitator,Bhind,Q80,80.1,92.0,115.0,80.0
CLSS,Facilitator,Bhind,Q80,80.2,73.0,115.0,63.48
CLSS,Facilitator,Bhind,Q80,80.3,87.0,115.0,75.65
CLSS,Facilitator,Bhind,Q80,80.4,99.0,115.0,86.09
CLSS,Facilitator,Bhopal,Q80,80.1,52.0,61.0,85.25
CLSS,Facilitator,Bhopal,Q80,80.2,50.0,61.0,81.97
CLSS,Facilitator,Bhopal,Q80,80.3,53.0,61.0,86.89
CLSS,Facilitator,Bhopal,Q80,80.4,54.0,61.0,88.52
CLSS,Facilitator,Burhanpur,Q80,80.1,22.0,32.0,68.75
CLSS,Facilitator,Burhanpur,Q80,80.2,21.0,32.0,65.62
CLSS,Facilitator,Burhanpur,Q80,80.3,22.0,32.0,68.75
CLSS,Facilitator,Burhanpur,Q80,80.4,26.0,32.0,81.25
CLSS,Facilitator,Chhatarpur,Q80,80.1,95.0,114.0,83.33
CLSS,Facilitator,Chhatarpur,Q80,80.2,90.0,114.0,78.95
CLSS,Facilitator,Chhatarpur,Q80,80.3,98.0,114.0,85.96
CLSS,Facilitator,Chhatarpur,Q80,80.4,99.0,114.0,86.84
CLSS,Facilitator,Chhindwara,Q80,80.1,144.0,163.0,88.34
CLSS,Facilitator,Chhindwara,Q80,80.2,131.0,163.0,80.37
CLSS,Facilitator,Chhindwara,Q80,80.3,144.0,163.0,88.34
CLSS,Facilitator,Chhindwara,Q80,80.4,148.0,163.0,90.8
CLSS,Facilitator,Damoh,Q80,80.1,60.0,75.0,80.0
CLSS,Facilitator,Damoh,Q80,80.2,55.0,75.0,73.33
CLSS,Facilitator,Damoh,Q80,80.3,61.0,75.0,81.33
CLSS,Facilitator,Damoh,Q80,80.4,59.0,75.0,78.67
CLSS,Facilitator,Datia,Q80,80.1,37.0,55.0,67.27
CLSS,Facilitator,Datia,Q80,80.2,33.0,55.0,60.0
CLSS,Facilitator,Datia,Q80,80.3,38.0,55.0,69.09
CLSS,Facilitator,Datia,Q80,80.4,45.0,55.0,81.82
CLSS,Facilitator,Dhar,Q80,80.1,117.0,158.0,74.05
CLSS,Facilitator,Dhar,Q80,80.2,113.0,158.0,71.52
CLSS,Facilitator,Dhar,Q80,80.3,132.0,158.0,83.54
CLSS,Facilitator,Dhar,Q80,80.4,137.0,158.0,86.71
CLSS,Facilitator,Dindori,Q80,80.1,46.0,58.0,79.31
CLSS,Facilitator,Dindori,Q80,80.2,46.0,58.0,79.31
CLSS,Facilitator,Dindori,Q80,80.3,51.0,58.0,87.93
CLSS,Facilitator,Dindori,Q80,80.4,46.0,58.0,79.31
CLSS,Facilitator,Guna,Q80,80.1,54.0,67.0,80.6
CLSS,Facilitator,Guna,Q80,80.2,47.0,67.0,70.15
CLSS,Facilitator,Guna,Q80,80.3,52.0,67.0,77.61
CLSS,Facilitator,Guna,Q80,80.4,54.0,67.0,80.6
CLSS,Facilitator,Gwalior,Q80,80.1,60.0,81.0,74.07
CLSS,Facilitator,Gwalior,Q80,80.2,67.0,81.0,82.72
CLSS,Facilitator,Gwalior,Q80,80.3,65.0,81.0,80.25
CLSS,Facilitator,Gwalior,Q80,80.4,71.0,81.0,87.65
CLSS,Facilitator,Harda,Q80,80.1,29.0,41.0,70.73
CLSS,Facilitator,Harda,Q80,80.2,33.0,41.0,80.49
CLSS,Facilitator,Harda,Q80,80.3,36.0,41.0,87.8
CLSS,Facilitator,Harda,Q80,80.4,35.0,41.0,85.37
CLSS,Facilitator,Indore,Q80,80.1,78.0,92.0,84.78
CLSS,Facilitator,Indore,Q80,80.2,72.0,92.0,78.26
CLSS,Facilitator,Indore,Q80,80.3,77.0,92.0,83.7
CLSS,Facilitator,Indore,Q80,80.4,85.0,92.0,92.39
CLSS,Facilitator,Jabalpur,Q80,80.1,79.0,103.0,76.7
CLSS,Facilitator,Jabalpur,Q80,80.2,74.0,103.0,71.84
CLSS,Facilitator,Jabalpur,Q80,80.3,83.0,103.0,80.58
CLSS,Facilitator,Jabalpur,Q80,80.4,91.0,103.0,88.35
CLSS,Facilitator,Jhabua,Q80,80.1,95.0,117.0,81.2
CLSS,Facilitator,Jhabua,Q80,80.2,98.0,117.0,83.76
CLSS,Facilitator,Jhabua,Q80,80.3,101.0,117.0,86.32
CLSS,Facilitator,Jhabua,Q80,80.4,109.0,117.0,93.16
CLSS,Facilitator,Katni,Q80,80.1,65.0,80.0,81.25
CLSS,Facilitator,Katni,Q80,80.2,63.0,80.0,78.75
CLSS,Facilitator,Katni,Q80,80.3,72.0,80.0,90.0
CLSS,Facilitator,Katni,Q80,80.4,74.0,80.0,92.5
CLSS,Facilitator,Khandwa,Q80,80.1,67.0,83.0,80.72
CLSS,Facilitator,Khandwa,Q80,80.2,62.0,83.0,74.7
CLSS,Facilitator,Khandwa,Q80,80.3,71.0,83.0,85.54
CLSS,Facilitator,Khandwa,Q80,80.4,70.0,83.0,84.34
CLSS,Facilitator,Khargone,Q80,80.1,86.0,111.0,77.48
CLSS,Facilitator,Khargone,Q80,80.2,84.0,111.0,75.68
CLSS,Facilitator,Khargone,Q80,80.3,95.0,111.0,85.59
CLSS,Facilitator,Khargone,Q80,80.4,100.0,111.0,90.09
CLSS,Facilitator,Mandla,Q80,80.1,85.0,112.0,75.89
CLSS,Facilitator,Mandla,Q80,80.2,89.0,112.0,79.46
CLSS,Facilitator,Mandla,Q80,80.3,100.0,112.0,89.29
CLSS,Facilitator,Mandla,Q80,80.4,103.0,112.0,91.96
CLSS,Facilitator,Mandsaur,Q80,80.1,89.0,95.0,93.68
CLSS,Facilitator,Mandsaur,Q80,80.2,84.0,95.0,88.42
CLSS,Facilitator,Mandsaur,Q80,80.3,87.0,95.0,91.58
CLSS,Facilitator,Mandsaur,Q80,80.4,87.0,95.0,91.58
CLSS,Facilitator,Morena,Q80,80.1,88.0,115.0,76.52
CLSS,Facilitator,Morena,Q80,80.2,90.0,115.0,78.26
CLSS,Facilitator,Morena,Q80,80.3,94.0,115.0,81.74
CLSS,Facilitator,Morena,Q80,80.4,106.0,115.0,92.17
CLSS,Facilitator,Narmadapuram,Q80,80.1,75.0,85.0,88.24
CLSS,Facilitator,Narmadapuram,Q80,80.2,63.0,85.0,74.12
CLSS,Facilitator,Narmadapuram,Q80,80.3,75.0,85.0,88.24
CLSS,Facilitator,Narmadapuram,Q80,80.4,75.0,85.0,88.24
CLSS,Facilitator,Narsinghpur,Q80,80.1,74.0,87.0,85.06
CLSS,Facilitator,Narsinghpur,Q80,80.2,76.0,87.0,87.36
CLSS,Facilitator,Narsinghpur,Q80,80.3,79.0,87.0,90.8
CLSS,Facilitator,Narsinghpur,Q80,80.4,79.0,87.0,90.8
CLSS,Facilitator,Neemuch,Q80,80.1,43.0,55.0,78.18
CLSS,Facilitator,Neemuch,Q80,80.2,46.0,55.0,83.64
CLSS,Facilitator,Neemuch,Q80,80.3,49.0,55.0,89.09
CLSS,Facilitator,Neemuch,Q80,80.4,51.0,55.0,92.73
CLSS,Facilitator,Niwari,Q80,80.1,30.0,37.0,81.08
CLSS,Facilitator,Niwari,Q80,80.2,24.0,37.0,64.86
CLSS,Facilitator,Niwari,Q80,80.3,27.0,37.0,72.97
CLSS,Facilitator,Niwari,Q80,80.4,33.0,37.0,89.19
CLSS,Facilitator,Panna,Q80,80.1,114.0,127.0,89.76
CLSS,Facilitator,Panna,Q80,80.2,97.0,127.0,76.38
CLSS,Facilitator,Panna,Q80,80.3,108.0,127.0,85.04
CLSS,Facilitator,Panna,Q80,80.4,107.0,127.0,84.25
CLSS,Facilitator,Raisen,Q80,80.1,105.0,114.0,92.11
CLSS,Facilitator,Raisen,Q80,80.2,92.0,114.0,80.7
CLSS,Facilitator,Raisen,Q80,80.3,102.0,114.0,89.47
CLSS,Facilitator,Raisen,Q80,80.4,105.0,114.0,92.11
CLSS,Facilitator,Rajgarh,Q80,80.1,97.0,115.0,84.35
CLSS,Facilitator,Rajgarh,Q80,80.2,88.0,115.0,76.52
CLSS,Facilitator,Rajgarh,Q80,80.3,92.0,115.0,80.0
CLSS,Facilitator,Rajgarh,Q80,80.4,97.0,115.0,84.35
CLSS,Facilitator,Ratlam,Q80,80.1,105.0,125.0,84.0
CLSS,Facilitator,Ratlam,Q80,80.2,86.0,125.0,68.8
CLSS,Facilitator,Ratlam,Q80,80.3,99.0,125.0,79.2
CLSS,Facilitator,Ratlam,Q80,80.4,104.0,125.0,83.2
CLSS,Facilitator,Rewa,Q80,80.1,112.0,132.0,84.85
CLSS,Facilitator,Rewa,Q80,80.2,104.0,132.0,78.79
CLSS,Facilitator,Rewa,Q80,80.3,113.0,132.0,85.61
CLSS,Facilitator,Rewa,Q80,80.4,118.0,132.0,89.39
CLSS,Facilitator,Sagar,Q80,80.1,106.0,123.0,86.18
CLSS,Facilitator,Sagar,Q80,80.2,85.0,123.0,69.11
CLSS,Facilitator,Sagar,Q80,80.3,94.0,123.0,76.42
CLSS,Facilitator,Sagar,Q80,80.4,94.0,123.0,76.42
CLSS,Facilitator,Satna,Q80,80.1,177.0,211.0,83.89
CLSS,Facilitator,Satna,Q80,80.2,142.0,211.0,67.3
CLSS,Facilitator,Satna,Q80,80.3,180.0,211.0,85.31
CLSS,Facilitator,Satna,Q80,80.4,196.0,211.0,92.89
CLSS,Facilitator,Seoni,Q80,80.1,99.0,116.0,85.34
CLSS,Facilitator,Seoni,Q80,80.2,89.0,116.0,76.72
CLSS,Facilitator,Seoni,Q80,80.3,104.0,116.0,89.66
CLSS,Facilitator,Seoni,Q80,80.4,103.0,116.0,88.79
CLSS,Facilitator,Shahdol,Q80,80.1,80.0,96.0,83.33
CLSS,Facilitator,Shahdol,Q80,80.2,76.0,96.0,79.17
CLSS,Facilitator,Shahdol,Q80,80.3,86.0,96.0,89.58
CLSS,Facilitator,Shahdol,Q80,80.4,84.0,96.0,87.5
CLSS,Facilitator,Shajapur,Q80,80.1,62.0,71.0,87.32
CLSS,Facilitator,Shajapur,Q80,80.2,60.0,71.0,84.51
CLSS,Facilitator,Shajapur,Q80,80.3,65.0,71.0,91.55
CLSS,Facilitator,Shajapur,Q80,80.4,67.0,71.0,94.37
CLSS,Facilitator,Sheopur,Q80,80.1,45.0,55.0,81.82
CLSS,Facilitator,Sheopur,Q80,80.2,48.0,55.0,87.27
CLSS,Facilitator,Sheopur,Q80,80.3,46.0,55.0,83.64
CLSS,Facilitator,Sheopur,Q80,80.4,45.0,55.0,81.82
CLSS,Facilitator,Shivpuri,Q80,80.1,69.0,106.0,65.09
CLSS,Facilitator,Shivpuri,Q80,80.2,66.0,106.0,62.26
CLSS,Facilitator,Shivpuri,Q80,80.3,73.0,106.0,68.87
CLSS,Facilitator,Shivpuri,Q80,80.4,87.0,106.0,82.08
CLSS,Facilitator,Sidhi,Q80,80.1,80.0,103.0,77.67
CLSS,Facilitator,Sidhi,Q80,80.2,68.0,103.0,66.02
CLSS,Facilitator,Sidhi,Q80,80.3,85.0,103.0,82.52
CLSS,Facilitator,Sidhi,Q80,80.4,94.0,103.0,91.26
CLSS,Facilitator,Singrauli,Q80,80.1,47.0,65.0,72.31
CLSS,Facilitator,Singrauli,Q80,80.2,44.0,65.0,67.69
CLSS,Facilitator,Singrauli,Q80,80.3,48.0,65.0,73.85
CLSS,Facilitator,Singrauli,Q80,80.4,50.0,65.0,76.92
CLSS,Facilitator,Tikamgarh,Q80,80.1,48.0,64.0,75.0
CLSS,Facilitator,Tikamgarh,Q80,80.2,49.0,64.0,76.56
CLSS,Facilitator,Tikamgarh,Q80,80.3,51.0,64.0,79.69
CLSS,Facilitator,Tikamgarh,Q80,80.4,49.0,64.0,76.56
CLSS,Facilitator,Ujjain,Q80,80.1,83.0,104.0,79.81
CLSS,Facilitator,Ujjain,Q80,80.2,79.0,104.0,75.96
CLSS,Facilitator,Ujjain,Q80,80.3,87.0,104.0,83.65
CLSS,Facilitator,Ujjain,Q80,80.4,88.0,104.0,84.62
CLSS,Facilitator,Umaria,Q80,80.1,61.0,73.0,83.56
CLSS,Facilitator,Umaria,Q80,80.2,57.0,73.0,78.08
CLSS,Facilitator,Umaria,Q80,80.3,63.0,73.0,86.3
CLSS,Facilitator,Umaria,Q80,80.4,68.0,73.0,93.15
CLSS,Facilitator,Vidisha,Q80,80.1,111.0,122.0,90.98
CLSS,Facilitator,Vidisha,Q80,80.2,101.0,122.0,82.79
CLSS,Facilitator,Vidisha,Q80,80.3,110.0,122.0,90.16
CLSS,Facilitator,Vidisha,Q80,80.4,114.0,122.0,93.44
CLSS,Facilitator,Total,Q80,80.1,3940.0,4814.0,81.84
CLSS,Facilitator,Total,Q80,80.2,3662.0,4814.0,76.07
CLSS,Facilitator,Total,Q80,80.3,4044.0,4814.0,84.0
CLSS,Facilitator,Total,Q80,80.4,4224.0,4814.0,87.74
CLSS,Participant,Agar Malwa,Q82,82_Correct,173.0,239.0,72.38
CLSS,Participant,Alirajpur,Q82,82_Correct,206.0,339.0,60.77
CLSS,Participant,Anuppur,Q82,82_Correct,179.0,278.0,64.39
CLSS,Participant,Ashoknagar,Q82,82_Correct,197.0,347.0,56.77
CLSS,Participant,Balaghat,Q82,82_Correct,497.0,802.0,61.97
CLSS,Participant,Barwani,Q82,82_Correct,318.0,565.0,56.28
CLSS,Participant,Betul,Q82,82_Correct,653.0,951.0,68.66
CLSS,Participant,Bhind,Q82,82_Correct,364.0,637.0,57.14
CLSS,Participant,Bhopal,Q82,82_Correct,194.0,321.0,60.44
CLSS,Participant,Burhanpur,Q82,82_Correct,86.0,147.0,58.5
CLSS,Participant,Chhatarpur,Q82,82_Correct,440.0,720.0,61.11
CLSS,Participant,Chhindwara,Q82,82_Correct,654.0,863.0,75.78
CLSS,Participant,Damoh,Q82,82_Correct,202.0,374.0,54.01
CLSS,Participant,Datia,Q82,82_Correct,171.0,338.0,50.59
CLSS,Participant,Dewas,Q82,82_Correct,1.0,1.0,100.0
CLSS,Participant,Dhar,Q82,82_Correct,503.0,839.0,59.95
CLSS,Participant,Dindori,Q82,82_Correct,153.0,310.0,49.35
CLSS,Participant,Guna,Q82,82_Correct,239.0,404.0,59.16
CLSS,Participant,Gwalior,Q82,82_Correct,277.0,527.0,52.56
CLSS,Participant,Harda,Q82,82_Correct,145.0,220.0,65.91
CLSS,Participant,Indore,Q82,82_Correct,320.0,459.0,69.72
CLSS,Participant,Jabalpur,Q82,82_Correct,274.0,410.0,66.83
CLSS,Participant,Jhabua,Q82,82_Correct,296.0,478.0,61.92
CLSS,Participant,Katni,Q82,82_Correct,273.0,435.0,62.76
CLSS,Participant,Khandwa,Q82,82_Correct,278.0,423.0,65.72
CLSS,Participant,Khargone,Q82,82_Correct,258.0,416.0,62.02
CLSS,Participant,Mandla,Q82,82_Correct,402.0,624.0,64.42
CLSS,Participant,Mandsaur,Q82,82_Correct,425.0,550.0,77.27
CLSS,Participant,Morena,Q82,82_Correct,406.0,731.0,55.54
CLSS,Participant,Narmadapuram,Q82,82_Correct,435.0,585.0,74.36
CLSS,Participant,Narsinghpur,Q82,82_Correct,341.0,471.0,72.4
CLSS,Participant,Neemuch,Q82,82_Correct,229.0,340.0,67.35
CLSS,Participant,Niwari,Q82,82_Correct,72.0,143.0,50.35
CLSS,Participant,Panna,Q82,82_Correct,388.0,614.0,63.19
CLSS,Participant,Raisen,Q82,82_Correct,347.0,546.0,63.55
CLSS,Participant,Rajgarh,Q82,82_Correct,389.0,651.0,59.75
CLSS,Participant,Ratlam,Q82,82_Correct,475.0,760.0,62.5
CLSS,Participant,Rewa,Q82,82_Correct,244.0,397.0,61.46
CLSS,Participant,Sagar,Q82,82_Correct,285.0,479.0,59.5
CLSS,Participant,Satna,Q82,82_Correct,323.0,559.0,57.78
CLSS,Participant,Sehore,Q82,82_Correct,1.0,3.0,33.33
CLSS,Participant,Seoni,Q82,82_Correct,426.0,687.0,62.01
CLSS,Participant,Shahdol,Q82,82_Correct,190.0,321.0,59.19
CLSS,Participant,Shajapur,Q82,82_Correct,286.0,385.0,74.29
CLSS,Participant,Sheopur,Q82,82_Correct,142.0,234.0,60.68
CLSS,Participant,Shivpuri,Q82,82_Correct,223.0,412.0,54.13
CLSS,Participant,Sidhi,Q82,82_Correct,294.0,517.0,56.87
CLSS,Participant,Singrauli,Q82,82_Correct,125.0,251.0,49.8
CLSS,Participant,Tikamgarh,Q82,82_Correct,142.0,266.0,53.38
CLSS,Participant,Ujjain,Q82,82_Correct,345.0,548.0,62.96
CLSS,Participant,Umaria,Q82,82_Correct,125.0,256.0,48.83
CLSS,Participant,Vidisha,Q82,82_Correct,436.0,612.0,71.24
CLSS,Participant,Total,Q82,82_Correct,14847.0,23785.0,62.42
CLSS,Participant,Agar Malwa,Q83,83.1,200.0,239.0,83.68
CLSS,Participant,Agar Malwa,Q83,83.2,206.0,239.0,86.19
CLSS,Participant,Agar Malwa,Q83,83.3,193.0,239.0,80.75
CLSS,Participant,Agar Malwa,Q83,83.4,62.0,239.0,25.94
CLSS,Participant,Agar Malwa,Q83,83.5,200.0,239.0,83.68
CLSS,Participant,Agar Malwa,Q83,83.6,204.0,239.0,85.36
CLSS,Participant,Agar Malwa,Q83,83.7,200.0,239.0,83.68
CLSS,Participant,Agar Malwa,Q83,83.8,188.0,239.0,78.66
CLSS,Participant,Alirajpur,Q83,83.1,281.0,339.0,82.89
CLSS,Participant,Alirajpur,Q83,83.2,274.0,339.0,80.83
CLSS,Participant,Alirajpur,Q83,83.3,252.0,339.0,74.34
CLSS,Participant,Alirajpur,Q83,83.4,97.0,339.0,28.61
CLSS,Participant,Alirajpur,Q83,83.5,270.0,339.0,79.65
CLSS,Participant,Alirajpur,Q83,83.6,283.0,339.0,83.48
CLSS,Participant,Alirajpur,Q83,83.7,261.0,339.0,76.99
CLSS,Participant,Alirajpur,Q83,83.8,263.0,339.0,77.58
CLSS,Participant,Anuppur,Q83,83.1,225.0,278.0,80.94
CLSS,Participant,Anuppur,Q83,83.2,230.0,278.0,82.73
CLSS,Participant,Anuppur,Q83,83.3,202.0,278.0,72.66
CLSS,Participant,Anuppur,Q83,83.4,80.0,278.0,28.78
CLSS,Participant,Anuppur,Q83,83.5,224.0,278.0,80.58
CLSS,Participant,Anuppur,Q83,83.6,229.0,278.0,82.37
CLSS,Participant,Anuppur,Q83,83.7,211.0,278.0,75.9
CLSS,Participant,Anuppur,Q83,83.8,229.0,278.0,82.37
CLSS,Participant,Ashoknagar,Q83,83.1,271.0,347.0,78.1
CLSS,Participant,Ashoknagar,Q83,83.2,274.0,347.0,78.96
CLSS,Participant,Ashoknagar,Q83,83.3,254.0,347.0,73.2
CLSS,Participant,Ashoknagar,Q83,83.4,88.0,347.0,25.36
CLSS,Participant,Ashoknagar,Q83,83.5,281.0,347.0,80.98
CLSS,Participant,Ashoknagar,Q83,83.6,281.0,347.0,80.98
CLSS,Participant,Ashoknagar,Q83,83.7,263.0,347.0,75.79
CLSS,Participant,Ashoknagar,Q83,83.8,272.0,347.0,78.39
CLSS,Participant,Balaghat,Q83,83.1,674.0,802.0,84.04
CLSS,Participant,Balaghat,Q83,83.2,660.0,802.0,82.29
CLSS,Participant,Balaghat,Q83,83.3,594.0,802.0,74.06
CLSS,Participant,Balaghat,Q83,83.4,188.0,802.0,23.44
CLSS,Participant,Balaghat,Q83,83.5,693.0,802.0,86.41
CLSS,Participant,Balaghat,Q83,83.6,681.0,802.0,84.91
CLSS,Participant,Balaghat,Q83,83.7,614.0,802.0,76.56
CLSS,Participant,Balaghat,Q83,83.8,643.0,802.0,80.17
CLSS,Participant,Barwani,Q83,83.1,410.0,565.0,72.57
CLSS,Participant,Barwani,Q83,83.2,422.0,565.0,74.69
CLSS,Participant,Barwani,Q83,83.3,388.0,565.0,68.67
CLSS,Participant,Barwani,Q83,83.4,176.0,565.0,31.15
CLSS,Participant,Barwani,Q83,83.5,427.0,565.0,75.58
CLSS,Participant,Barwani,Q83,83.6,432.0,565.0,76.46
CLSS,Participant,Barwani,Q83,83.7,386.0,565.0,68.32
CLSS,Participant,Barwani,Q83,83.8,406.0,565.0,71.86
CLSS,Participant,Betul,Q83,83.1,766.0,951.0,80.55
CLSS,Participant,Betul,Q83,83.2,784.0,951.0,82.44
CLSS,Participant,Betul,Q83,83.3,687.0,951.0,72.24
CLSS,Participant,Betul,Q83,83.4,230.0,951.0,24.19
CLSS,Participant,Betul,Q83,83.5,789.0,951.0,82.97
CLSS,Participant,Betul,Q83,83.6,792.0,951.0,83.28
CLSS,Participant,Betul,Q83,83.7,731.0,951.0,76.87
CLSS,Participant,Betul,Q83,83.8,760.0,951.0,79.92
CLSS,Participant,Bhind,Q83,83.1,490.0,637.0,76.92
CLSS,Participant,Bhind,Q83,83.2,491.0,637.0,77.08
CLSS,Participant,Bhind,Q83,83.3,458.0,637.0,71.9
CLSS,Participant,Bhind,Q83,83.4,162.0,637.0,25.43
CLSS,Participant,Bhind,Q83,83.5,473.0,637.0,74.25
CLSS,Participant,Bhind,Q83,83.6,498.0,637.0,78.18
CLSS,Participant,Bhind,Q83,83.7,465.0,637.0,73.0
CLSS,Participant,Bhind,Q83,83.8,480.0,637.0,75.35
CLSS,Participant,Bhopal,Q83,83.1,242.0,321.0,75.39
CLSS,Participant,Bhopal,Q83,83.2,244.0,321.0,76.01
CLSS,Participant,Bhopal,Q83,83.3,211.0,321.0,65.73
CLSS,Participant,Bhopal,Q83,83.4,77.0,321.0,23.99
CLSS,Participant,Bhopal,Q83,83.5,240.0,321.0,74.77
CLSS,Participant,Bhopal,Q83,83.6,241.0,321.0,75.08
CLSS,Participant,Bhopal,Q83,83.7,219.0,321.0,68.22
CLSS,Participant,Bhopal,Q83,83.8,230.0,321.0,71.65
CLSS,Participant,Burhanpur,Q83,83.1,112.0,147.0,76.19
CLSS,Participant,Burhanpur,Q83,83.2,114.0,147.0,77.55
CLSS,Participant,Burhanpur,Q83,83.3,102.0,147.0,69.39
CLSS,Participant,Burhanpur,Q83,83.4,41.0,147.0,27.89
CLSS,Participant,Burhanpur,Q83,83.5,110.0,147.0,74.83
CLSS,Participant,Burhanpur,Q83,83.6,118.0,147.0,80.27
CLSS,Participant,Burhanpur,Q83,83.7,104.0,147.0,70.75
CLSS,Participant,Burhanpur,Q83,83.8,109.0,147.0,74.15
CLSS,Participant,Chhatarpur,Q83,83.1,573.0,720.0,79.58
CLSS,Participant,Chhatarpur,Q83,83.2,577.0,720.0,80.14
CLSS,Participant,Chhatarpur,Q83,83.3,507.0,720.0,70.42
CLSS,Participant,Chhatarpur,Q83,83.4,170.0,720.0,23.61
CLSS,Participant,Chhatarpur,Q83,83.5,555.0,720.0,77.08
CLSS,Participant,Chhatarpur,Q83,83.6,583.0,720.0,80.97
CLSS,Participant,Chhatarpur,Q83,83.7,534.0,720.0,74.17
CLSS,Participant,Chhatarpur,Q83,83.8,518.0,720.0,71.94
CLSS,Participant,Chhindwara,Q83,83.1,693.0,863.0,80.3
CLSS,Participant,Chhindwara,Q83,83.2,704.0,863.0,81.58
CLSS,Participant,Chhindwara,Q83,83.3,633.0,863.0,73.35
CLSS,Participant,Chhindwara,Q83,83.4,190.0,863.0,22.02
CLSS,Participant,Chhindwara,Q83,83.5,709.0,863.0,82.16
CLSS,Participant,Chhindwara,Q83,83.6,704.0,863.0,81.58
CLSS,Participant,Chhindwara,Q83,83.7,656.0,863.0,76.01
CLSS,Participant,Chhindwara,Q83,83.8,679.0,863.0,78.68
CLSS,Participant,Damoh,Q83,83.1,277.0,374.0,74.06
CLSS,Participant,Damoh,Q83,83.2,285.0,374.0,76.2
CLSS,Participant,Damoh,Q83,83.3,250.0,374.0,66.84
CLSS,Participant,Damoh,Q83,83.4,107.0,374.0,28.61
CLSS,Participant,Damoh,Q83,83.5,285.0,374.0,76.2
CLSS,Participant,Damoh,Q83,83.6,289.0,374.0,77.27
CLSS,Participant,Damoh,Q83,83.7,258.0,374.0,68.98
CLSS,Participant,Damoh,Q83,83.8,261.0,374.0,69.79
CLSS,Participant,Datia,Q83,83.1,252.0,338.0,74.56
CLSS,Participant,Datia,Q83,83.2,267.0,338.0,78.99
CLSS,Participant,Datia,Q83,83.3,239.0,338.0,70.71
CLSS,Participant,Datia,Q83,83.4,97.0,338.0,28.7
CLSS,Participant,Datia,Q83,83.5,263.0,338.0,77.81
CLSS,Participant,Datia,Q83,83.6,265.0,338.0,78.4
CLSS,Participant,Datia,Q83,83.7,238.0,338.0,70.41
CLSS,Participant,Datia,Q83,83.8,257.0,338.0,76.04
CLSS,Participant,Dewas,Q83,83.1,1.0,1.0,100.0
CLSS,Participant,Dewas,Q83,83.2,1.0,1.0,100.0
CLSS,Participant,Dewas,Q83,83.3,1.0,1.0,100.0
CLSS,Participant,Dewas,Q83,83.4,0.0,1.0,0.0
CLSS,Participant,Dewas,Q83,83.5,1.0,1.0,100.0
CLSS,Participant,Dewas,Q83,83.6,1.0,1.0,100.0
CLSS,Participant,Dewas,Q83,83.7,1.0,1.0,100.0
CLSS,Participant,Dewas,Q83,83.8,1.0,1.0,100.0
CLSS,Participant,Dhar,Q83,83.1,663.0,839.0,79.02
CLSS,Participant,Dhar,Q83,83.2,653.0,839.0,77.83
CLSS,Participant,Dhar,Q83,83.3,587.0,839.0,69.96
CLSS,Participant,Dhar,Q83,83.4,213.0,839.0,25.39
CLSS,Participant,Dhar,Q83,83.5,660.0,839.0,78.67
CLSS,Participant,Dhar,Q83,83.6,679.0,839.0,80.93
CLSS,Participant,Dhar,Q83,83.7,618.0,839.0,73.66
CLSS,Participant,Dhar,Q83,83.8,623.0,839.0,74.26
CLSS,Participant,Dindori,Q83,83.1,226.0,310.0,72.9
CLSS,Participant,Dindori,Q83,83.2,235.0,310.0,75.81
CLSS,Participant,Dindori,Q83,83.3,221.0,310.0,71.29
CLSS,Participant,Dindori,Q83,83.4,69.0,310.0,22.26
CLSS,Participant,Dindori,Q83,83.5,223.0,310.0,71.94
CLSS,Participant,Dindori,Q83,83.6,236.0,310.0,76.13
CLSS,Participant,Dindori,Q83,83.7,211.0,310.0,68.06
CLSS,Participant,Dindori,Q83,83.8,216.0,310.0,69.68
CLSS,Participant,Guna,Q83,83.1,322.0,404.0,79.7
CLSS,Participant,Guna,Q83,83.2,326.0,404.0,80.69
CLSS,Participant,Guna,Q83,83.3,291.0,404.0,72.03
CLSS,Participant,Guna,Q83,83.4,95.0,404.0,23.51
CLSS,Participant,Guna,Q83,83.5,325.0,404.0,80.45
CLSS,Participant,Guna,Q83,83.6,334.0,404.0,82.67
CLSS,Participant,Guna,Q83,83.7,297.0,404.0,73.51
CLSS,Participant,Guna,Q83,83.8,323.0,404.0,79.95
CLSS,Participant,Gwalior,Q83,83.1,391.0,527.0,74.19
CLSS,Participant,Gwalior,Q83,83.2,425.0,527.0,80.65
CLSS,Participant,Gwalior,Q83,83.3,374.0,527.0,70.97
CLSS,Participant,Gwalior,Q83,83.4,106.0,527.0,20.11
CLSS,Participant,Gwalior,Q83,83.5,413.0,527.0,78.37
CLSS,Participant,Gwalior,Q83,83.6,406.0,527.0,77.04
CLSS,Participant,Gwalior,Q83,83.7,384.0,527.0,72.87
CLSS,Participant,Gwalior,Q83,83.8,402.0,527.0,76.28
CLSS,Participant,Harda,Q83,83.1,169.0,220.0,76.82
CLSS,Participant,Harda,Q83,83.2,173.0,220.0,78.64
CLSS,Participant,Harda,Q83,83.3,164.0,220.0,74.55
CLSS,Participant,Harda,Q83,83.4,56.0,220.0,25.45
CLSS,Participant,Harda,Q83,83.5,180.0,220.0,81.82
CLSS,Participant,Harda,Q83,83.6,174.0,220.0,79.09
CLSS,Participant,Harda,Q83,83.7,165.0,220.0,75.0
CLSS,Participant,Harda,Q83,83.8,169.0,220.0,76.82
CLSS,Participant,Indore,Q83,83.1,364.0,459.0,79.3
CLSS,Participant,Indore,Q83,83.2,380.0,459.0,82.79
CLSS,Participant,Indore,Q83,83.3,339.0,459.0,73.86
CLSS,Participant,Indore,Q83,83.4,99.0,459.0,21.57
CLSS,Participant,Indore,Q83,83.5,371.0,459.0,80.83
CLSS,Participant,Indore,Q83,83.6,372.0,459.0,81.05
CLSS,Participant,Indore,Q83,83.7,348.0,459.0,75.82
CLSS,Participant,Indore,Q83,83.8,369.0,459.0,80.39
CLSS,Participant,Jabalpur,Q83,83.1,317.0,410.0,77.32
CLSS,Participant,Jabalpur,Q83,83.2,311.0,410.0,75.85
CLSS,Participant,Jabalpur,Q83,83.3,285.0,410.0,69.51
CLSS,Participant,Jabalpur,Q83,83.4,96.0,410.0,23.41
CLSS,Participant,Jabalpur,Q83,83.5,325.0,410.0,79.27
CLSS,Participant,Jabalpur,Q83,83.6,318.0,410.0,77.56
CLSS,Participant,Jabalpur,Q83,83.7,290.0,410.0,70.73
CLSS,Participant,Jabalpur,Q83,83.8,310.0,410.0,75.61
CLSS,Participant,Jhabua,Q83,83.1,386.0,478.0,80.75
CLSS,Participant,Jhabua,Q83,83.2,396.0,478.0,82.85
CLSS,Participant,Jhabua,Q83,83.3,357.0,478.0,74.69
CLSS,Participant,Jhabua,Q83,83.4,117.0,478.0,24.48
CLSS,Participant,Jhabua,Q83,83.5,400.0,478.0,83.68
CLSS,Participant,Jhabua,Q83,83.6,399.0,478.0,83.47
CLSS,Participant,Jhabua,Q83,83.7,371.0,478.0,77.62
CLSS,Participant,Jhabua,Q83,83.8,375.0,478.0,78.45
CLSS,Participant,Katni,Q83,83.1,331.0,435.0,76.09
CLSS,Participant,Katni,Q83,83.2,336.0,435.0,77.24
CLSS,Participant,Katni,Q83,83.3,284.0,435.0,65.29
CLSS,Participant,Katni,Q83,83.4,108.0,435.0,24.83
CLSS,Participant,Katni,Q83,83.5,338.0,435.0,77.7
CLSS,Participant,Katni,Q83,83.6,339.0,435.0,77.93
CLSS,Participant,Katni,Q83,83.7,315.0,435.0,72.41
CLSS,Participant,Katni,Q83,83.8,333.0,435.0,76.55
CLSS,Participant,Khandwa,Q83,83.1,347.0,423.0,82.03
CLSS,Participant,Khandwa,Q83,83.2,349.0,423.0,82.51
CLSS,Participant,Khandwa,Q83,83.3,328.0,423.0,77.54
CLSS,Participant,Khandwa,Q83,83.4,98.0,423.0,23.17
CLSS,Participant,Khandwa,Q83,83.5,344.0,423.0,81.32
CLSS,Participant,Khandwa,Q83,83.6,356.0,423.0,84.16
CLSS,Participant,Khandwa,Q83,83.7,320.0,423.0,75.65
CLSS,Participant,Khandwa,Q83,83.8,336.0,423.0,79.43
CLSS,Participant,Khargone,Q83,83.1,336.0,416.0,80.77
CLSS,Participant,Khargone,Q83,83.2,328.0,416.0,78.85
CLSS,Participant,Khargone,Q83,83.3,304.0,416.0,73.08
CLSS,Participant,Khargone,Q83,83.4,103.0,416.0,24.76
CLSS,Participant,Khargone,Q83,83.5,342.0,416.0,82.21
CLSS,Participant,Khargone,Q83,83.6,332.0,416.0,79.81
CLSS,Participant,Khargone,Q83,83.7,297.0,416.0,71.39
CLSS,Participant,Khargone,Q83,83.8,320.0,416.0,76.92
CLSS,Participant,Mandla,Q83,83.1,489.0,624.0,78.37
CLSS,Participant,Mandla,Q83,83.2,495.0,624.0,79.33
CLSS,Participant,Mandla,Q83,83.3,428.0,624.0,68.59
CLSS,Participant,Mandla,Q83,83.4,148.0,624.0,23.72
CLSS,Participant,Mandla,Q83,83.5,514.0,624.0,82.37
CLSS,Participant,Mandla,Q83,83.6,500.0,624.0,80.13
CLSS,Participant,Mandla,Q83,83.7,466.0,624.0,74.68
CLSS,Participant,Mandla,Q83,83.8,467.0,624.0,74.84
CLSS,Participant,Mandsaur,Q83,83.1,440.0,550.0,80.0
CLSS,Participant,Mandsaur,Q83,83.2,442.0,550.0,80.36
CLSS,Participant,Mandsaur,Q83,83.3,419.0,550.0,76.18
CLSS,Participant,Mandsaur,Q83,83.4,121.0,550.0,22.0
CLSS,Participant,Mandsaur,Q83,83.5,472.0,550.0,85.82
CLSS,Participant,Mandsaur,Q83,83.6,440.0,550.0,80.0
CLSS,Participant,Mandsaur,Q83,83.7,426.0,550.0,77.45
CLSS,Participant,Mandsaur,Q83,83.8,433.0,550.0,78.73
CLSS,Participant,Morena,Q83,83.1,606.0,731.0,82.9
CLSS,Participant,Morena,Q83,83.2,599.0,731.0,81.94
CLSS,Participant,Morena,Q83,83.3,568.0,731.0,77.7
CLSS,Participant,Morena,Q83,83.4,185.0,731.0,25.31
CLSS,Participant,Morena,Q83,83.5,634.0,731.0,86.73
CLSS,Participant,Morena,Q83,83.6,614.0,731.0,83.99
CLSS,Participant,Morena,Q83,83.7,569.0,731.0,77.84
CLSS,Participant,Morena,Q83,83.8,589.0,731.0,80.57
CLSS,Participant,Narmadapuram,Q83,83.1,465.0,585.0,79.49
CLSS,Participant,Narmadapuram,Q83,83.2,484.0,585.0,82.74
CLSS,Participant,Narmadapuram,Q83,83.3,435.0,585.0,74.36
CLSS,Participant,Narmadapuram,Q83,83.4,120.0,585.0,20.51
CLSS,Participant,Narmadapuram,Q83,83.5,479.0,585.0,81.88
CLSS,Participant,Narmadapuram,Q83,83.6,481.0,585.0,82.22
CLSS,Participant,Narmadapuram,Q83,83.7,444.0,585.0,75.9
CLSS,Participant,Narmadapuram,Q83,83.8,458.0,585.0,78.29
CLSS,Participant,Narsinghpur,Q83,83.1,402.0,471.0,85.35
CLSS,Participant,Narsinghpur,Q83,83.2,393.0,471.0,83.44
CLSS,Participant,Narsinghpur,Q83,83.3,349.0,471.0,74.1
CLSS,Participant,Narsinghpur,Q83,83.4,120.0,471.0,25.48
CLSS,Participant,Narsinghpur,Q83,83.5,393.0,471.0,83.44
CLSS,Participant,Narsinghpur,Q83,83.6,398.0,471.0,84.5
CLSS,Participant,Narsinghpur,Q83,83.7,369.0,471.0,78.34
CLSS,Participant,Narsinghpur,Q83,83.8,368.0,471.0,78.13
CLSS,Participant,Neemuch,Q83,83.1,275.0,340.0,80.88
CLSS,Participant,Neemuch,Q83,83.2,266.0,340.0,78.24
CLSS,Participant,Neemuch,Q83,83.3,241.0,340.0,70.88
CLSS,Participant,Neemuch,Q83,83.4,91.0,340.0,26.76
CLSS,Participant,Neemuch,Q83,83.5,271.0,340.0,79.71
CLSS,Participant,Neemuch,Q83,83.6,266.0,340.0,78.24
CLSS,Participant,Neemuch,Q83,83.7,251.0,340.0,73.82
CLSS,Participant,Neemuch,Q83,83.8,260.0,340.0,76.47
CLSS,Participant,Niwari,Q83,83.1,103.0,143.0,72.03
CLSS,Participant,Niwari,Q83,83.2,103.0,143.0,72.03
CLSS,Participant,Niwari,Q83,83.3,94.0,143.0,65.73
CLSS,Participant,Niwari,Q83,83.4,38.0,143.0,26.57
CLSS,Participant,Niwari,Q83,83.5,108.0,143.0,75.52
CLSS,Participant,Niwari,Q83,83.6,104.0,143.0,72.73
CLSS,Participant,Niwari,Q83,83.7,91.0,143.0,63.64
CLSS,Participant,Niwari,Q83,83.8,98.0,143.0,68.53
CLSS,Participant,Panna,Q83,83.1,487.0,614.0,79.32
CLSS,Participant,Panna,Q83,83.2,494.0,614.0,80.46
CLSS,Participant,Panna,Q83,83.3,468.0,614.0,76.22
CLSS,Participant,Panna,Q83,83.4,172.0,614.0,28.01
CLSS,Participant,Panna,Q83,83.5,489.0,614.0,79.64
CLSS,Participant,Panna,Q83,83.6,499.0,614.0,81.27
CLSS,Participant,Panna,Q83,83.7,465.0,614.0,75.73
CLSS,Participant,Panna,Q83,83.8,463.0,614.0,75.41
CLSS,Participant,Raisen,Q83,83.1,439.0,546.0,80.4
CLSS,Participant,Raisen,Q83,83.2,440.0,546.0,80.59
CLSS,Participant,Raisen,Q83,83.3,386.0,546.0,70.7
CLSS,Participant,Raisen,Q83,83.4,132.0,546.0,24.18
CLSS,Participant,Raisen,Q83,83.5,454.0,546.0,83.15
CLSS,Participant,Raisen,Q83,83.6,458.0,546.0,83.88
CLSS,Participant,Raisen,Q83,83.7,422.0,546.0,77.29
CLSS,Participant,Raisen,Q83,83.8,437.0,546.0,80.04
CLSS,Participant,Rajgarh,Q83,83.1,541.0,651.0,83.1
CLSS,Participant,Rajgarh,Q83,83.2,526.0,651.0,80.8
CLSS,Participant,Rajgarh,Q83,83.3,490.0,651.0,75.27
CLSS,Participant,Rajgarh,Q83,83.4,153.0,651.0,23.5
CLSS,Participant,Rajgarh,Q83,83.5,530.0,651.0,81.41
CLSS,Participant,Rajgarh,Q83,83.6,537.0,651.0,82.49
CLSS,Participant,Rajgarh,Q83,83.7,489.0,651.0,75.12
CLSS,Participant,Rajgarh,Q83,83.8,511.0,651.0,78.49
CLSS,Participant,Ratlam,Q83,83.1,612.0,760.0,80.53
CLSS,Participant,Ratlam,Q83,83.2,612.0,760.0,80.53
CLSS,Participant,Ratlam,Q83,83.3,571.0,760.0,75.13
CLSS,Participant,Ratlam,Q83,83.4,177.0,760.0,23.29
CLSS,Participant,Ratlam,Q83,83.5,616.0,760.0,81.05
CLSS,Participant,Ratlam,Q83,83.6,619.0,760.0,81.45
CLSS,Participant,Ratlam,Q83,83.7,574.0,760.0,75.53
CLSS,Participant,Ratlam,Q83,83.8,581.0,760.0,76.45
CLSS,Participant,Rewa,Q83,83.1,331.0,397.0,83.38
CLSS,Participant,Rewa,Q83,83.2,319.0,397.0,80.35
CLSS,Participant,Rewa,Q83,83.3,283.0,397.0,71.28
CLSS,Participant,Rewa,Q83,83.4,107.0,397.0,26.95
CLSS,Participant,Rewa,Q83,83.5,301.0,397.0,75.82
CLSS,Participant,Rewa,Q83,83.6,321.0,397.0,80.86
CLSS,Participant,Rewa,Q83,83.7,299.0,397.0,75.31
CLSS,Participant,Rewa,Q83,83.8,308.0,397.0,77.58
CLSS,Participant,Sagar,Q83,83.1,344.0,479.0,71.82
CLSS,Participant,Sagar,Q83,83.2,342.0,479.0,71.4
CLSS,Participant,Sagar,Q83,83.3,320.0,479.0,66.81
CLSS,Participant,Sagar,Q83,83.4,129.0,479.0,26.93
CLSS,Participant,Sagar,Q83,83.5,365.0,479.0,76.2
CLSS,Participant,Sagar,Q83,83.6,343.0,479.0,71.61
CLSS,Participant,Sagar,Q83,83.7,326.0,479.0,68.06
CLSS,Participant,Sagar,Q83,83.8,338.0,479.0,70.56
CLSS,Participant,Satna,Q83,83.1,421.0,559.0,75.31
CLSS,Participant,Satna,Q83,83.2,411.0,559.0,73.52
CLSS,Participant,Satna,Q83,83.3,392.0,559.0,70.13
CLSS,Participant,Satna,Q83,83.4,133.0,559.0,23.79
CLSS,Participant,Satna,Q83,83.5,430.0,559.0,76.92
CLSS,Participant,Satna,Q83,83.6,438.0,559.0,78.35
CLSS,Participant,Satna,Q83,83.7,386.0,559.0,69.05
CLSS,Participant,Satna,Q83,83.8,395.0,559.0,70.66
CLSS,Participant,Sehore,Q83,83.1,2.0,3.0,66.67
CLSS,Participant,Sehore,Q83,83.2,2.0,3.0,66.67
CLSS,Participant,Sehore,Q83,83.3,2.0,3.0,66.67
CLSS,Participant,Sehore,Q83,83.4,1.0,3.0,33.33
CLSS,Participant,Sehore,Q83,83.5,3.0,3.0,100.0
CLSS,Participant,Sehore,Q83,83.6,2.0,3.0,66.67
CLSS,Participant,Sehore,Q83,83.7,2.0,3.0,66.67
CLSS,Participant,Sehore,Q83,83.8,2.0,3.0,66.67
CLSS,Participant,Seoni,Q83,83.1,565.0,687.0,82.24
CLSS,Participant,Seoni,Q83,83.2,553.0,687.0,80.49
CLSS,Participant,Seoni,Q83,83.3,493.0,687.0,71.76
CLSS,Participant,Seoni,Q83,83.4,140.0,687.0,20.38
CLSS,Participant,Seoni,Q83,83.5,567.0,687.0,82.53
CLSS,Participant,Seoni,Q83,83.6,558.0,687.0,81.22
CLSS,Participant,Seoni,Q83,83.7,511.0,687.0,74.38
CLSS,Participant,Seoni,Q83,83.8,535.0,687.0,77.87
CLSS,Participant,Shahdol,Q83,83.1,246.0,321.0,76.64
CLSS,Participant,Shahdol,Q83,83.2,246.0,321.0,76.64
CLSS,Participant,Shahdol,Q83,83.3,208.0,321.0,64.8
CLSS,Participant,Shahdol,Q83,83.4,85.0,321.0,26.48
CLSS,Participant,Shahdol,Q83,83.5,253.0,321.0,78.82
CLSS,Participant,Shahdol,Q83,83.6,258.0,321.0,80.37
CLSS,Participant,Shahdol,Q83,83.7,230.0,321.0,71.65
CLSS,Participant,Shahdol,Q83,83.8,234.0,321.0,72.9
CLSS,Participant,Shajapur,Q83,83.1,319.0,385.0,82.86
CLSS,Participant,Shajapur,Q83,83.2,311.0,385.0,80.78
CLSS,Participant,Shajapur,Q83,83.3,292.0,385.0,75.84
CLSS,Participant,Shajapur,Q83,83.4,79.0,385.0,20.52
CLSS,Participant,Shajapur,Q83,83.5,315.0,385.0,81.82
CLSS,Participant,Shajapur,Q83,83.6,327.0,385.0,84.94
CLSS,Participant,Shajapur,Q83,83.7,295.0,385.0,76.62
CLSS,Participant,Shajapur,Q83,83.8,311.0,385.0,80.78
CLSS,Participant,Sheopur,Q83,83.1,199.0,234.0,85.04
CLSS,Participant,Sheopur,Q83,83.2,190.0,234.0,81.2
CLSS,Participant,Sheopur,Q83,83.3,174.0,234.0,74.36
CLSS,Participant,Sheopur,Q83,83.4,68.0,234.0,29.06
CLSS,Participant,Sheopur,Q83,83.5,188.0,234.0,80.34
CLSS,Participant,Sheopur,Q83,83.6,201.0,234.0,85.9
CLSS,Participant,Sheopur,Q83,83.7,180.0,234.0,76.92
CLSS,Participant,Sheopur,Q83,83.8,179.0,234.0,76.5
CLSS,Participant,Shivpuri,Q83,83.1,296.0,412.0,71.84
CLSS,Participant,Shivpuri,Q83,83.2,286.0,412.0,69.42
CLSS,Participant,Shivpuri,Q83,83.3,278.0,412.0,67.48
CLSS,Participant,Shivpuri,Q83,83.4,107.0,412.0,25.97
CLSS,Participant,Shivpuri,Q83,83.5,296.0,412.0,71.84
CLSS,Participant,Shivpuri,Q83,83.6,312.0,412.0,75.73
CLSS,Participant,Shivpuri,Q83,83.7,267.0,412.0,64.81
CLSS,Participant,Shivpuri,Q83,83.8,275.0,412.0,66.75
CLSS,Participant,Sidhi,Q83,83.1,415.0,517.0,80.27
CLSS,Participant,Sidhi,Q83,83.2,421.0,517.0,81.43
CLSS,Participant,Sidhi,Q83,83.3,385.0,517.0,74.47
CLSS,Participant,Sidhi,Q83,83.4,163.0,517.0,31.53
CLSS,Participant,Sidhi,Q83,83.5,414.0,517.0,80.08
CLSS,Participant,Sidhi,Q83,83.6,427.0,517.0,82.59
CLSS,Participant,Sidhi,Q83,83.7,395.0,517.0,76.4
CLSS,Participant,Sidhi,Q83,83.8,401.0,517.0,77.56
CLSS,Participant,Singrauli,Q83,83.1,195.0,251.0,77.69
CLSS,Participant,Singrauli,Q83,83.2,193.0,251.0,76.89
CLSS,Participant,Singrauli,Q83,83.3,184.0,251.0,73.31
CLSS,Participant,Singrauli,Q83,83.4,75.0,251.0,29.88
CLSS,Participant,Singrauli,Q83,83.5,196.0,251.0,78.09
CLSS,Participant,Singrauli,Q83,83.6,205.0,251.0,81.67
CLSS,Participant,Singrauli,Q83,83.7,182.0,251.0,72.51
CLSS,Participant,Singrauli,Q83,83.8,191.0,251.0,76.1
CLSS,Participant,Tikamgarh,Q83,83.1,213.0,266.0,80.08
CLSS,Participant,Tikamgarh,Q83,83.2,206.0,266.0,77.44
CLSS,Participant,Tikamgarh,Q83,83.3,199.0,266.0,74.81
CLSS,Participant,Tikamgarh,Q83,83.4,58.0,266.0,21.8
CLSS,Participant,Tikamgarh,Q83,83.5,205.0,266.0,77.07
CLSS,Participant,Tikamgarh,Q83,83.6,212.0,266.0,79.7
CLSS,Participant,Tikamgarh,Q83,83.7,197.0,266.0,74.06
CLSS,Participant,Tikamgarh,Q83,83.8,209.0,266.0,78.57
CLSS,Participant,Ujjain,Q83,83.1,414.0,548.0,75.55
CLSS,Participant,Ujjain,Q83,83.2,415.0,548.0,75.73
CLSS,Participant,Ujjain,Q83,83.3,380.0,548.0,69.34
CLSS,Participant,Ujjain,Q83,83.4,133.0,548.0,24.27
CLSS,Participant,Ujjain,Q83,83.5,425.0,548.0,77.55
CLSS,Participant,Ujjain,Q83,83.6,424.0,548.0,77.37
CLSS,Participant,Ujjain,Q83,83.7,386.0,548.0,70.44
CLSS,Participant,Ujjain,Q83,83.8,395.0,548.0,72.08
CLSS,Participant,Umaria,Q83,83.1,197.0,256.0,76.95
CLSS,Participant,Umaria,Q83,83.2,192.0,256.0,75.0
CLSS,Participant,Umaria,Q83,83.3,166.0,256.0,64.84
CLSS,Participant,Umaria,Q83,83.4,62.0,256.0,24.22
CLSS,Participant,Umaria,Q83,83.5,191.0,256.0,74.61
CLSS,Participant,Umaria,Q83,83.6,195.0,256.0,76.17
CLSS,Participant,Umaria,Q83,83.7,179.0,256.0,69.92
CLSS,Participant,Umaria,Q83,83.8,178.0,256.0,69.53
CLSS,Participant,Vidisha,Q83,83.1,509.0,612.0,83.17
CLSS,Participant,Vidisha,Q83,83.2,516.0,612.0,84.31
CLSS,Participant,Vidisha,Q83,83.3,488.0,612.0,79.74
CLSS,Participant,Vidisha,Q83,83.4,175.0,612.0,28.59
CLSS,Participant,Vidisha,Q83,83.5,518.0,612.0,84.64
CLSS,Participant,Vidisha,Q83,83.6,521.0,612.0,85.13
CLSS,Participant,Vidisha,Q83,83.7,503.0,612.0,82.19
CLSS,Participant,Vidisha,Q83,83.8,501.0,612.0,81.86
CLSS,Participant,Total,Q83,83.1,18844.0,23785.0,79.23
CLSS,Participant,Total,Q83,83.2,18902.0,23785.0,79.47
CLSS,Participant,Total,Q83,83.3,17198.0,23785.0,72.31
CLSS,Participant,Total,Q83,83.4,5897.0,23785.0,24.79
CLSS,Participant,Total,Q83,83.5,19068.0,23785.0,80.17
CLSS,Participant,Total,Q83,83.6,19206.0,23785.0,80.75
CLSS,Participant,Total,Q83,83.7,17661.0,23785.0,74.25
CLSS,Participant,Total,Q83,83.8,18189.0,23785.0,76.47
CLSS,Participant,Agar Malwa,Q84,84_Correct,224.0,239.0,93.72
CLSS,Participant,Alirajpur,Q84,84_Correct,309.0,339.0,91.15
CLSS,Participant,Anuppur,Q84,84_Correct,219.0,278.0,78.78
CLSS,Participant,Ashoknagar,Q84,84_Correct,308.0,347.0,88.76
CLSS,Participant,Balaghat,Q84,84_Correct,713.0,802.0,88.9
CLSS,Participant,Barwani,Q84,84_Correct,486.0,565.0,86.02
CLSS,Participant,Betul,Q84,84_Correct,856.0,951.0,90.01
CLSS,Participant,Bhind,Q84,84_Correct,537.0,637.0,84.3
CLSS,Participant,Bhopal,Q84,84_Correct,274.0,321.0,85.36
CLSS,Participant,Burhanpur,Q84,84_Correct,129.0,147.0,87.76
CLSS,Participant,Chhatarpur,Q84,84_Correct,640.0,720.0,88.89
CLSS,Participant,Chhindwara,Q84,84_Correct,806.0,863.0,93.4
CLSS,Participant,Damoh,Q84,84_Correct,332.0,374.0,88.77
CLSS,Participant,Datia,Q84,84_Correct,296.0,338.0,87.57
CLSS,Participant,Dewas,Q84,84_Correct,1.0,1.0,100.0
CLSS,Participant,Dhar,Q84,84_Correct,665.0,839.0,79.26
CLSS,Participant,Dindori,Q84,84_Correct,210.0,310.0,67.74
CLSS,Participant,Guna,Q84,84_Correct,377.0,404.0,93.32
CLSS,Participant,Gwalior,Q84,84_Correct,463.0,527.0,87.86
CLSS,Participant,Harda,Q84,84_Correct,211.0,220.0,95.91
CLSS,Participant,Indore,Q84,84_Correct,417.0,459.0,90.85
CLSS,Participant,Jabalpur,Q84,84_Correct,368.0,410.0,89.76
CLSS,Participant,Jhabua,Q84,84_Correct,421.0,478.0,88.08
CLSS,Participant,Katni,Q84,84_Correct,398.0,435.0,91.49
CLSS,Participant,Khandwa,Q84,84_Correct,369.0,423.0,87.23
CLSS,Participant,Khargone,Q84,84_Correct,347.0,416.0,83.41
CLSS,Participant,Mandla,Q84,84_Correct,552.0,624.0,88.46
CLSS,Participant,Mandsaur,Q84,84_Correct,503.0,550.0,91.45
CLSS,Participant,Morena,Q84,84_Correct,640.0,731.0,87.55
CLSS,Participant,Narmadapuram,Q84,84_Correct,538.0,585.0,91.97
CLSS,Participant,Narsinghpur,Q84,84_Correct,439.0,471.0,93.21
CLSS,Participant,Neemuch,Q84,84_Correct,301.0,340.0,88.53
CLSS,Participant,Niwari,Q84,84_Correct,110.0,143.0,76.92
CLSS,Participant,Panna,Q84,84_Correct,551.0,614.0,89.74
CLSS,Participant,Raisen,Q84,84_Correct,498.0,546.0,91.21
CLSS,Participant,Rajgarh,Q84,84_Correct,571.0,651.0,87.71
CLSS,Participant,Ratlam,Q84,84_Correct,648.0,760.0,85.26
CLSS,Participant,Rewa,Q84,84_Correct,344.0,397.0,86.65
CLSS,Participant,Sagar,Q84,84_Correct,426.0,479.0,88.94
CLSS,Participant,Satna,Q84,84_Correct,505.0,559.0,90.34
CLSS,Participant,Sehore,Q84,84_Correct,3.0,3.0,100.0
CLSS,Participant,Seoni,Q84,84_Correct,621.0,687.0,90.39
CLSS,Participant,Shahdol,Q84,84_Correct,279.0,321.0,86.92
CLSS,Participant,Shajapur,Q84,84_Correct,361.0,385.0,93.77
CLSS,Participant,Sheopur,Q84,84_Correct,203.0,234.0,86.75
CLSS,Participant,Shivpuri,Q84,84_Correct,375.0,412.0,91.02
CLSS,Participant,Sidhi,Q84,84_Correct,444.0,517.0,85.88
CLSS,Participant,Singrauli,Q84,84_Correct,203.0,251.0,80.88
CLSS,Participant,Tikamgarh,Q84,84_Correct,206.0,266.0,77.44
CLSS,Participant,Ujjain,Q84,84_Correct,490.0,548.0,89.42
CLSS,Participant,Umaria,Q84,84_Correct,221.0,256.0,86.33
CLSS,Participant,Vidisha,Q84,84_Correct,548.0,612.0,89.54
CLSS,Participant,Total,Q84,84_Correct,20956.0,23785.0,88.11
CLSS,Participant,Agar Malwa,Q85,85.1,217.0,239.0,90.79
CLSS,Participant,Agar Malwa,Q85,85.2,213.0,239.0,89.12
CLSS,Participant,Agar Malwa,Q85,85.3,222.0,239.0,92.89
CLSS,Participant,Agar Malwa,Q85,85.4,208.0,239.0,87.03
CLSS,Participant,Alirajpur,Q85,85.1,289.0,339.0,85.25
CLSS,Participant,Alirajpur,Q85,85.2,259.0,339.0,76.4
CLSS,Participant,Alirajpur,Q85,85.3,294.0,339.0,86.73
CLSS,Participant,Alirajpur,Q85,85.4,275.0,339.0,81.12
CLSS,Participant,Anuppur,Q85,85.1,233.0,278.0,83.81
CLSS,Participant,Anuppur,Q85,85.2,198.0,278.0,71.22
CLSS,Participant,Anuppur,Q85,85.3,229.0,278.0,82.37
CLSS,Participant,Anuppur,Q85,85.4,205.0,278.0,73.74
CLSS,Participant,Ashoknagar,Q85,85.1,292.0,347.0,84.15
CLSS,Participant,Ashoknagar,Q85,85.2,274.0,347.0,78.96
CLSS,Participant,Ashoknagar,Q85,85.3,287.0,347.0,82.71
CLSS,Participant,Ashoknagar,Q85,85.4,281.0,347.0,80.98
CLSS,Participant,Balaghat,Q85,85.1,725.0,802.0,90.4
CLSS,Participant,Balaghat,Q85,85.2,633.0,802.0,78.93
CLSS,Participant,Balaghat,Q85,85.3,694.0,802.0,86.53
CLSS,Participant,Balaghat,Q85,85.4,688.0,802.0,85.79
CLSS,Participant,Barwani,Q85,85.1,467.0,565.0,82.65
CLSS,Participant,Barwani,Q85,85.2,400.0,565.0,70.8
CLSS,Participant,Barwani,Q85,85.3,448.0,565.0,79.29
CLSS,Participant,Barwani,Q85,85.4,431.0,565.0,76.28
CLSS,Participant,Betul,Q85,85.1,848.0,951.0,89.17
CLSS,Participant,Betul,Q85,85.2,766.0,951.0,80.55
CLSS,Participant,Betul,Q85,85.3,830.0,951.0,87.28
CLSS,Participant,Betul,Q85,85.4,784.0,951.0,82.44
CLSS,Participant,Bhind,Q85,85.1,535.0,637.0,83.99
CLSS,Participant,Bhind,Q85,85.2,469.0,637.0,73.63
CLSS,Participant,Bhind,Q85,85.3,523.0,637.0,82.1
CLSS,Participant,Bhind,Q85,85.4,486.0,637.0,76.3
CLSS,Participant,Bhopal,Q85,85.1,276.0,321.0,85.98
CLSS,Participant,Bhopal,Q85,85.2,252.0,321.0,78.5
CLSS,Participant,Bhopal,Q85,85.3,266.0,321.0,82.87
CLSS,Participant,Bhopal,Q85,85.4,254.0,321.0,79.13
CLSS,Participant,Burhanpur,Q85,85.1,125.0,147.0,85.03
CLSS,Participant,Burhanpur,Q85,85.2,114.0,147.0,77.55
CLSS,Participant,Burhanpur,Q85,85.3,130.0,147.0,88.44
CLSS,Participant,Burhanpur,Q85,85.4,115.0,147.0,78.23
CLSS,Participant,Chhatarpur,Q85,85.1,626.0,720.0,86.94
CLSS,Participant,Chhatarpur,Q85,85.2,561.0,720.0,77.92
CLSS,Participant,Chhatarpur,Q85,85.3,617.0,720.0,85.69
CLSS,Participant,Chhatarpur,Q85,85.4,583.0,720.0,80.97
CLSS,Participant,Chhindwara,Q85,85.1,784.0,863.0,90.85
CLSS,Participant,Chhindwara,Q85,85.2,701.0,863.0,81.23
CLSS,Participant,Chhindwara,Q85,85.3,743.0,863.0,86.1
CLSS,Participant,Chhindwara,Q85,85.4,746.0,863.0,86.44
CLSS,Participant,Damoh,Q85,85.1,315.0,374.0,84.22
CLSS,Participant,Damoh,Q85,85.2,278.0,374.0,74.33
CLSS,Participant,Damoh,Q85,85.3,309.0,374.0,82.62
CLSS,Participant,Damoh,Q85,85.4,291.0,374.0,77.81
CLSS,Participant,Datia,Q85,85.1,296.0,338.0,87.57
CLSS,Participant,Datia,Q85,85.2,284.0,338.0,84.02
CLSS,Participant,Datia,Q85,85.3,306.0,338.0,90.53
CLSS,Participant,Datia,Q85,85.4,274.0,338.0,81.07
CLSS,Participant,Dewas,Q85,85.1,1.0,1.0,100.0
CLSS,Participant,Dewas,Q85,85.2,1.0,1.0,100.0
CLSS,Participant,Dewas,Q85,85.3,1.0,1.0,100.0
CLSS,Participant,Dewas,Q85,85.4,1.0,1.0,100.0
CLSS,Participant,Dhar,Q85,85.1,718.0,839.0,85.58
CLSS,Participant,Dhar,Q85,85.2,630.0,839.0,75.09
CLSS,Participant,Dhar,Q85,85.3,702.0,839.0,83.67
CLSS,Participant,Dhar,Q85,85.4,668.0,839.0,79.62
CLSS,Participant,Dindori,Q85,85.1,237.0,310.0,76.45
CLSS,Participant,Dindori,Q85,85.2,206.0,310.0,66.45
CLSS,Participant,Dindori,Q85,85.3,244.0,310.0,78.71
CLSS,Participant,Dindori,Q85,85.4,228.0,310.0,73.55
CLSS,Participant,Guna,Q85,85.1,356.0,404.0,88.12
CLSS,Participant,Guna,Q85,85.2,314.0,404.0,77.72
CLSS,Participant,Guna,Q85,85.3,337.0,404.0,83.42
CLSS,Participant,Guna,Q85,85.4,329.0,404.0,81.44
CLSS,Participant,Gwalior,Q85,85.1,462.0,527.0,87.67
CLSS,Participant,Gwalior,Q85,85.2,405.0,527.0,76.85
CLSS,Participant,Gwalior,Q85,85.3,444.0,527.0,84.25
CLSS,Participant,Gwalior,Q85,85.4,431.0,527.0,81.78
CLSS,Participant,Harda,Q85,85.1,196.0,220.0,89.09
CLSS,Participant,Harda,Q85,85.2,180.0,220.0,81.82
CLSS,Participant,Harda,Q85,85.3,192.0,220.0,87.27
CLSS,Participant,Harda,Q85,85.4,187.0,220.0,85.0
CLSS,Participant,Indore,Q85,85.1,420.0,459.0,91.5
CLSS,Participant,Indore,Q85,85.2,370.0,459.0,80.61
CLSS,Participant,Indore,Q85,85.3,394.0,459.0,85.84
CLSS,Participant,Indore,Q85,85.4,386.0,459.0,84.1
CLSS,Participant,Jabalpur,Q85,85.1,372.0,410.0,90.73
CLSS,Participant,Jabalpur,Q85,85.2,292.0,410.0,71.22
CLSS,Participant,Jabalpur,Q85,85.3,348.0,410.0,84.88
CLSS,Participant,Jabalpur,Q85,85.4,330.0,410.0,80.49
CLSS,Participant,Jhabua,Q85,85.1,411.0,478.0,85.98
CLSS,Participant,Jhabua,Q85,85.2,386.0,478.0,80.75
CLSS,Participant,Jhabua,Q85,85.3,405.0,478.0,84.73
CLSS,Participant,Jhabua,Q85,85.4,394.0,478.0,82.43
CLSS,Participant,Katni,Q85,85.1,379.0,435.0,87.13
CLSS,Participant,Katni,Q85,85.2,329.0,435.0,75.63
CLSS,Participant,Katni,Q85,85.3,353.0,435.0,81.15
CLSS,Participant,Katni,Q85,85.4,343.0,435.0,78.85
CLSS,Participant,Khandwa,Q85,85.1,369.0,423.0,87.23
CLSS,Participant,Khandwa,Q85,85.2,349.0,423.0,82.51
CLSS,Participant,Khandwa,Q85,85.3,379.0,423.0,89.6
CLSS,Participant,Khandwa,Q85,85.4,350.0,423.0,82.74
CLSS,Participant,Khargone,Q85,85.1,361.0,416.0,86.78
CLSS,Participant,Khargone,Q85,85.2,319.0,416.0,76.68
CLSS,Participant,Khargone,Q85,85.3,341.0,416.0,81.97
CLSS,Participant,Khargone,Q85,85.4,331.0,416.0,79.57
CLSS,Participant,Mandla,Q85,85.1,541.0,624.0,86.7
CLSS,Participant,Mandla,Q85,85.2,469.0,624.0,75.16
CLSS,Participant,Mandla,Q85,85.3,517.0,624.0,82.85
CLSS,Participant,Mandla,Q85,85.4,522.0,624.0,83.65
CLSS,Participant,Mandsaur,Q85,85.1,495.0,550.0,90.0
CLSS,Participant,Mandsaur,Q85,85.2,483.0,550.0,87.82
CLSS,Participant,Mandsaur,Q85,85.3,501.0,550.0,91.09
CLSS,Participant,Mandsaur,Q85,85.4,475.0,550.0,86.36
CLSS,Participant,Morena,Q85,85.1,642.0,731.0,87.82
CLSS,Participant,Morena,Q85,85.2,623.0,731.0,85.23
CLSS,Participant,Morena,Q85,85.3,654.0,731.0,89.47
CLSS,Participant,Morena,Q85,85.4,613.0,731.0,83.86
CLSS,Participant,Narmadapuram,Q85,85.1,509.0,585.0,87.01
CLSS,Participant,Narmadapuram,Q85,85.2,485.0,585.0,82.91
CLSS,Participant,Narmadapuram,Q85,85.3,518.0,585.0,88.55
CLSS,Participant,Narmadapuram,Q85,85.4,495.0,585.0,84.62
CLSS,Participant,Narsinghpur,Q85,85.1,429.0,471.0,91.08
CLSS,Participant,Narsinghpur,Q85,85.2,384.0,471.0,81.53
CLSS,Participant,Narsinghpur,Q85,85.3,414.0,471.0,87.9
CLSS,Participant,Narsinghpur,Q85,85.4,405.0,471.0,85.99
CLSS,Participant,Neemuch,Q85,85.1,302.0,340.0,88.82
CLSS,Participant,Neemuch,Q85,85.2,261.0,340.0,76.76
CLSS,Participant,Neemuch,Q85,85.3,280.0,340.0,82.35
CLSS,Participant,Neemuch,Q85,85.4,279.0,340.0,82.06
CLSS,Participant,Niwari,Q85,85.1,116.0,143.0,81.12
CLSS,Participant,Niwari,Q85,85.2,95.0,143.0,66.43
CLSS,Participant,Niwari,Q85,85.3,117.0,143.0,81.82
CLSS,Participant,Niwari,Q85,85.4,101.0,143.0,70.63
CLSS,Participant,Panna,Q85,85.1,533.0,614.0,86.81
CLSS,Participant,Panna,Q85,85.2,484.0,614.0,78.83
CLSS,Participant,Panna,Q85,85.3,531.0,614.0,86.48
CLSS,Participant,Panna,Q85,85.4,514.0,614.0,83.71
CLSS,Participant,Raisen,Q85,85.1,490.0,546.0,89.74
CLSS,Participant,Raisen,Q85,85.2,453.0,546.0,82.97
CLSS,Participant,Raisen,Q85,85.3,480.0,546.0,87.91
CLSS,Participant,Raisen,Q85,85.4,461.0,546.0,84.43
CLSS,Participant,Rajgarh,Q85,85.1,561.0,651.0,86.18
CLSS,Participant,Rajgarh,Q85,85.2,515.0,651.0,79.11
CLSS,Participant,Rajgarh,Q85,85.3,564.0,651.0,86.64
CLSS,Participant,Rajgarh,Q85,85.4,527.0,651.0,80.95
CLSS,Participant,Ratlam,Q85,85.1,662.0,760.0,87.11
CLSS,Participant,Ratlam,Q85,85.2,604.0,760.0,79.47
CLSS,Participant,Ratlam,Q85,85.3,648.0,760.0,85.26
CLSS,Participant,Ratlam,Q85,85.4,623.0,760.0,81.97
CLSS,Participant,Rewa,Q85,85.1,342.0,397.0,86.15
CLSS,Participant,Rewa,Q85,85.2,300.0,397.0,75.57
CLSS,Participant,Rewa,Q85,85.3,337.0,397.0,84.89
CLSS,Participant,Rewa,Q85,85.4,321.0,397.0,80.86
CLSS,Participant,Sagar,Q85,85.1,404.0,479.0,84.34
CLSS,Participant,Sagar,Q85,85.2,334.0,479.0,69.73
CLSS,Participant,Sagar,Q85,85.3,377.0,479.0,78.71
CLSS,Participant,Sagar,Q85,85.4,366.0,479.0,76.41
CLSS,Participant,Satna,Q85,85.1,464.0,559.0,83.01
CLSS,Participant,Satna,Q85,85.2,408.0,559.0,72.99
CLSS,Participant,Satna,Q85,85.3,463.0,559.0,82.83
CLSS,Participant,Satna,Q85,85.4,432.0,559.0,77.28
CLSS,Participant,Sehore,Q85,85.1,3.0,3.0,100.0
CLSS,Participant,Sehore,Q85,85.2,3.0,3.0,100.0
CLSS,Participant,Sehore,Q85,85.3,3.0,3.0,100.0
CLSS,Participant,Sehore,Q85,85.4,3.0,3.0,100.0
CLSS,Participant,Seoni,Q85,85.1,608.0,687.0,88.5
CLSS,Participant,Seoni,Q85,85.2,518.0,687.0,75.4
CLSS,Participant,Seoni,Q85,85.3,578.0,687.0,84.13
CLSS,Participant,Seoni,Q85,85.4,571.0,687.0,83.11
CLSS,Participant,Shahdol,Q85,85.1,275.0,321.0,85.67
CLSS,Participant,Shahdol,Q85,85.2,232.0,321.0,72.27
CLSS,Participant,Shahdol,Q85,85.3,254.0,321.0,79.13
CLSS,Participant,Shahdol,Q85,85.4,232.0,321.0,72.27
CLSS,Participant,Shajapur,Q85,85.1,348.0,385.0,90.39
CLSS,Participant,Shajapur,Q85,85.2,317.0,385.0,82.34
CLSS,Participant,Shajapur,Q85,85.3,332.0,385.0,86.23
CLSS,Participant,Shajapur,Q85,85.4,329.0,385.0,85.45
CLSS,Participant,Sheopur,Q85,85.1,204.0,234.0,87.18
CLSS,Participant,Sheopur,Q85,85.2,188.0,234.0,80.34
CLSS,Participant,Sheopur,Q85,85.3,205.0,234.0,87.61
CLSS,Participant,Sheopur,Q85,85.4,201.0,234.0,85.9
CLSS,Participant,Shivpuri,Q85,85.1,341.0,412.0,82.77
CLSS,Participant,Shivpuri,Q85,85.2,306.0,412.0,74.27
CLSS,Participant,Shivpuri,Q85,85.3,328.0,412.0,79.61
CLSS,Participant,Shivpuri,Q85,85.4,304.0,412.0,73.79
CLSS,Participant,Sidhi,Q85,85.1,437.0,517.0,84.53
CLSS,Participant,Sidhi,Q85,85.2,403.0,517.0,77.95
CLSS,Participant,Sidhi,Q85,85.3,434.0,517.0,83.95
CLSS,Participant,Sidhi,Q85,85.4,414.0,517.0,80.08
CLSS,Participant,Singrauli,Q85,85.1,214.0,251.0,85.26
CLSS,Participant,Singrauli,Q85,85.2,200.0,251.0,79.68
CLSS,Participant,Singrauli,Q85,85.3,221.0,251.0,88.05
CLSS,Participant,Singrauli,Q85,85.4,193.0,251.0,76.89
CLSS,Participant,Tikamgarh,Q85,85.1,233.0,266.0,87.59
CLSS,Participant,Tikamgarh,Q85,85.2,214.0,266.0,80.45
CLSS,Participant,Tikamgarh,Q85,85.3,234.0,266.0,87.97
CLSS,Participant,Tikamgarh,Q85,85.4,218.0,266.0,81.95
CLSS,Participant,Ujjain,Q85,85.1,490.0,548.0,89.42
CLSS,Participant,Ujjain,Q85,85.2,414.0,548.0,75.55
CLSS,Participant,Ujjain,Q85,85.3,450.0,548.0,82.12
CLSS,Participant,Ujjain,Q85,85.4,439.0,548.0,80.11
CLSS,Participant,Umaria,Q85,85.1,211.0,256.0,82.42
CLSS,Participant,Umaria,Q85,85.2,171.0,256.0,66.8
CLSS,Participant,Umaria,Q85,85.3,196.0,256.0,76.56
CLSS,Participant,Umaria,Q85,85.4,198.0,256.0,77.34
CLSS,Participant,Vidisha,Q85,85.1,562.0,612.0,91.83
CLSS,Participant,Vidisha,Q85,85.2,510.0,612.0,83.33
CLSS,Participant,Vidisha,Q85,85.3,542.0,612.0,88.56
CLSS,Participant,Vidisha,Q85,85.4,530.0,612.0,86.6
CLSS,Participant,Total,Q85,85.1,20726.0,23785.0,87.14
CLSS,Participant,Total,Q85,85.2,18557.0,23785.0,78.02
CLSS,Participant,Total,Q85,85.3,20216.0,23785.0,84.99
CLSS,Participant,Total,Q85,85.4,19365.0,23785.0,81.42
CLSS,Participant,Agar Malwa,Q86,86.1,217.0,239.0,90.79
CLSS,Participant,Agar Malwa,Q86,86.2,204.0,239.0,85.36
CLSS,Participant,Agar Malwa,Q86,86.3,213.0,239.0,89.12
CLSS,Participant,Agar Malwa,Q86,86.4,197.0,239.0,82.43
CLSS,Participant,Agar Malwa,Q86,86.5,216.0,239.0,90.38
CLSS,Participant,Agar Malwa,Q86,86.6,221.0,239.0,92.47
CLSS,Participant,Agar Malwa,Q86,86.7,208.0,239.0,87.03
CLSS,Participant,Alirajpur,Q86,86.1,298.0,339.0,87.91
CLSS,Participant,Alirajpur,Q86,86.2,275.0,339.0,81.12
CLSS,Participant,Alirajpur,Q86,86.3,284.0,339.0,83.78
CLSS,Participant,Alirajpur,Q86,86.4,276.0,339.0,81.42
CLSS,Participant,Alirajpur,Q86,86.5,284.0,339.0,83.78
CLSS,Participant,Alirajpur,Q86,86.6,292.0,339.0,86.14
CLSS,Participant,Alirajpur,Q86,86.7,287.0,339.0,84.66
CLSS,Participant,Anuppur,Q86,86.1,233.0,278.0,83.81
CLSS,Participant,Anuppur,Q86,86.2,225.0,278.0,80.94
CLSS,Participant,Anuppur,Q86,86.3,224.0,278.0,80.58
CLSS,Participant,Anuppur,Q86,86.4,205.0,278.0,73.74
CLSS,Participant,Anuppur,Q86,86.5,235.0,278.0,84.53
CLSS,Participant,Anuppur,Q86,86.6,247.0,278.0,88.85
CLSS,Participant,Anuppur,Q86,86.7,223.0,278.0,80.22
CLSS,Participant,Ashoknagar,Q86,86.1,283.0,347.0,81.56
CLSS,Participant,Ashoknagar,Q86,86.2,272.0,347.0,78.39
CLSS,Participant,Ashoknagar,Q86,86.3,279.0,347.0,80.4
CLSS,Participant,Ashoknagar,Q86,86.4,271.0,347.0,78.1
CLSS,Participant,Ashoknagar,Q86,86.5,300.0,347.0,86.46
CLSS,Participant,Ashoknagar,Q86,86.6,288.0,347.0,83.0
CLSS,Participant,Ashoknagar,Q86,86.7,277.0,347.0,79.83
CLSS,Participant,Balaghat,Q86,86.1,700.0,802.0,87.28
CLSS,Participant,Balaghat,Q86,86.2,662.0,802.0,82.54
CLSS,Participant,Balaghat,Q86,86.3,649.0,802.0,80.92
CLSS,Participant,Balaghat,Q86,86.4,660.0,802.0,82.29
CLSS,Participant,Balaghat,Q86,86.5,713.0,802.0,88.9
CLSS,Participant,Balaghat,Q86,86.6,695.0,802.0,86.66
CLSS,Participant,Balaghat,Q86,86.7,683.0,802.0,85.16
CLSS,Participant,Barwani,Q86,86.1,465.0,565.0,82.3
CLSS,Participant,Barwani,Q86,86.2,423.0,565.0,74.87
CLSS,Participant,Barwani,Q86,86.3,432.0,565.0,76.46
CLSS,Participant,Barwani,Q86,86.4,422.0,565.0,74.69
CLSS,Participant,Barwani,Q86,86.5,464.0,565.0,82.12
CLSS,Participant,Barwani,Q86,86.6,457.0,565.0,80.88
CLSS,Participant,Barwani,Q86,86.7,438.0,565.0,77.52
CLSS,Participant,Betul,Q86,86.1,835.0,951.0,87.8
CLSS,Participant,Betul,Q86,86.2,808.0,951.0,84.96
CLSS,Participant,Betul,Q86,86.3,809.0,951.0,85.07
CLSS,Participant,Betul,Q86,86.4,772.0,951.0,81.18
CLSS,Participant,Betul,Q86,86.5,820.0,951.0,86.23
CLSS,Participant,Betul,Q86,86.6,828.0,951.0,87.07
CLSS,Participant,Betul,Q86,86.7,831.0,951.0,87.38
CLSS,Participant,Bhind,Q86,86.1,544.0,637.0,85.4
CLSS,Participant,Bhind,Q86,86.2,489.0,637.0,76.77
CLSS,Participant,Bhind,Q86,86.3,515.0,637.0,80.85
CLSS,Participant,Bhind,Q86,86.4,485.0,637.0,76.14
CLSS,Participant,Bhind,Q86,86.5,523.0,637.0,82.1
CLSS,Participant,Bhind,Q86,86.6,527.0,637.0,82.73
CLSS,Participant,Bhind,Q86,86.7,507.0,637.0,79.59
CLSS,Participant,Bhopal,Q86,86.1,264.0,321.0,82.24
CLSS,Participant,Bhopal,Q86,86.2,235.0,321.0,73.21
CLSS,Participant,Bhopal,Q86,86.3,259.0,321.0,80.69
CLSS,Participant,Bhopal,Q86,86.4,240.0,321.0,74.77
CLSS,Participant,Bhopal,Q86,86.5,271.0,321.0,84.42
CLSS,Participant,Bhopal,Q86,86.6,262.0,321.0,81.62
CLSS,Participant,Bhopal,Q86,86.7,239.0,321.0,74.45
CLSS,Participant,Burhanpur,Q86,86.1,116.0,147.0,78.91
CLSS,Participant,Burhanpur,Q86,86.2,109.0,147.0,74.15
CLSS,Participant,Burhanpur,Q86,86.3,118.0,147.0,80.27
CLSS,Participant,Burhanpur,Q86,86.4,106.0,147.0,72.11
CLSS,Participant,Burhanpur,Q86,86.5,115.0,147.0,78.23
CLSS,Participant,Burhanpur,Q86,86.6,122.0,147.0,82.99
CLSS,Participant,Burhanpur,Q86,86.7,114.0,147.0,77.55
CLSS,Participant,Chhatarpur,Q86,86.1,610.0,720.0,84.72
CLSS,Participant,Chhatarpur,Q86,86.2,563.0,720.0,78.19
CLSS,Participant,Chhatarpur,Q86,86.3,579.0,720.0,80.42
CLSS,Participant,Chhatarpur,Q86,86.4,559.0,720.0,77.64
CLSS,Participant,Chhatarpur,Q86,86.5,607.0,720.0,84.31
CLSS,Participant,Chhatarpur,Q86,86.6,602.0,720.0,83.61
CLSS,Participant,Chhatarpur,Q86,86.7,573.0,720.0,79.58
CLSS,Participant,Chhindwara,Q86,86.1,765.0,863.0,88.64
CLSS,Participant,Chhindwara,Q86,86.2,738.0,863.0,85.52
CLSS,Participant,Chhindwara,Q86,86.3,733.0,863.0,84.94
CLSS,Participant,Chhindwara,Q86,86.4,714.0,863.0,82.73
CLSS,Participant,Chhindwara,Q86,86.5,759.0,863.0,87.95
CLSS,Participant,Chhindwara,Q86,86.6,749.0,863.0,86.79
CLSS,Participant,Chhindwara,Q86,86.7,750.0,863.0,86.91
CLSS,Participant,Damoh,Q86,86.1,308.0,374.0,82.35
CLSS,Participant,Damoh,Q86,86.2,284.0,374.0,75.94
CLSS,Participant,Damoh,Q86,86.3,297.0,374.0,79.41
CLSS,Participant,Damoh,Q86,86.4,289.0,374.0,77.27
CLSS,Participant,Damoh,Q86,86.5,316.0,374.0,84.49
CLSS,Participant,Damoh,Q86,86.6,305.0,374.0,81.55
CLSS,Participant,Damoh,Q86,86.7,289.0,374.0,77.27
CLSS,Participant,Datia,Q86,86.1,287.0,338.0,84.91
CLSS,Participant,Datia,Q86,86.2,262.0,338.0,77.51
CLSS,Participant,Datia,Q86,86.3,269.0,338.0,79.59
CLSS,Participant,Datia,Q86,86.4,267.0,338.0,78.99
CLSS,Participant,Datia,Q86,86.5,291.0,338.0,86.09
CLSS,Participant,Datia,Q86,86.6,281.0,338.0,83.14
CLSS,Participant,Datia,Q86,86.7,268.0,338.0,79.29
CLSS,Participant,Dewas,Q86,86.1,1.0,1.0,100.0
CLSS,Participant,Dewas,Q86,86.2,1.0,1.0,100.0
CLSS,Participant,Dewas,Q86,86.3,1.0,1.0,100.0
CLSS,Participant,Dewas,Q86,86.4,1.0,1.0,100.0
CLSS,Participant,Dewas,Q86,86.5,1.0,1.0,100.0
CLSS,Participant,Dewas,Q86,86.6,1.0,1.0,100.0
CLSS,Participant,Dewas,Q86,86.7,1.0,1.0,100.0
CLSS,Participant,Dhar,Q86,86.1,705.0,839.0,84.03
CLSS,Participant,Dhar,Q86,86.2,655.0,839.0,78.07
CLSS,Participant,Dhar,Q86,86.3,662.0,839.0,78.9
CLSS,Participant,Dhar,Q86,86.4,649.0,839.0,77.35
CLSS,Participant,Dhar,Q86,86.5,716.0,839.0,85.34
CLSS,Participant,Dhar,Q86,86.6,702.0,839.0,83.67
CLSS,Participant,Dhar,Q86,86.7,665.0,839.0,79.26
CLSS,Participant,Dindori,Q86,86.1,244.0,310.0,78.71
CLSS,Participant,Dindori,Q86,86.2,223.0,310.0,71.94
CLSS,Participant,Dindori,Q86,86.3,231.0,310.0,74.52
CLSS,Participant,Dindori,Q86,86.4,222.0,310.0,71.61
CLSS,Participant,Dindori,Q86,86.5,240.0,310.0,77.42
CLSS,Participant,Dindori,Q86,86.6,242.0,310.0,78.06
CLSS,Participant,Dindori,Q86,86.7,222.0,310.0,71.61
CLSS,Participant,Guna,Q86,86.1,344.0,404.0,85.15
CLSS,Participant,Guna,Q86,86.2,309.0,404.0,76.49
CLSS,Participant,Guna,Q86,86.3,332.0,404.0,82.18
CLSS,Participant,Guna,Q86,86.4,320.0,404.0,79.21
CLSS,Participant,Guna,Q86,86.5,346.0,404.0,85.64
CLSS,Participant,Guna,Q86,86.6,339.0,404.0,83.91
CLSS,Participant,Guna,Q86,86.7,331.0,404.0,81.93
CLSS,Participant,Gwalior,Q86,86.1,445.0,527.0,84.44
CLSS,Participant,Gwalior,Q86,86.2,407.0,527.0,77.23
CLSS,Participant,Gwalior,Q86,86.3,424.0,527.0,80.46
CLSS,Participant,Gwalior,Q86,86.4,401.0,527.0,76.09
CLSS,Participant,Gwalior,Q86,86.5,439.0,527.0,83.3
CLSS,Participant,Gwalior,Q86,86.6,444.0,527.0,84.25
CLSS,Participant,Gwalior,Q86,86.7,434.0,527.0,82.35
CLSS,Participant,Harda,Q86,86.1,200.0,220.0,90.91
CLSS,Participant,Harda,Q86,86.2,183.0,220.0,83.18
CLSS,Participant,Harda,Q86,86.3,188.0,220.0,85.45
CLSS,Participant,Harda,Q86,86.4,185.0,220.0,84.09
CLSS,Participant,Harda,Q86,86.5,199.0,220.0,90.45
CLSS,Participant,Harda,Q86,86.6,190.0,220.0,86.36
CLSS,Participant,Harda,Q86,86.7,190.0,220.0,86.36
CLSS,Participant,Indore,Q86,86.1,403.0,459.0,87.8
CLSS,Participant,Indore,Q86,86.2,390.0,459.0,84.97
CLSS,Participant,Indore,Q86,86.3,392.0,459.0,85.4
CLSS,Participant,Indore,Q86,86.4,382.0,459.0,83.22
CLSS,Participant,Indore,Q86,86.5,407.0,459.0,88.67
CLSS,Participant,Indore,Q86,86.6,408.0,459.0,88.89
CLSS,Participant,Indore,Q86,86.7,399.0,459.0,86.93
CLSS,Participant,Jabalpur,Q86,86.1,343.0,410.0,83.66
CLSS,Participant,Jabalpur,Q86,86.2,326.0,410.0,79.51
CLSS,Participant,Jabalpur,Q86,86.3,331.0,410.0,80.73
CLSS,Participant,Jabalpur,Q86,86.4,327.0,410.0,79.76
CLSS,Participant,Jabalpur,Q86,86.5,352.0,410.0,85.85
CLSS,Participant,Jabalpur,Q86,86.6,349.0,410.0,85.12
CLSS,Participant,Jabalpur,Q86,86.7,339.0,410.0,82.68
CLSS,Participant,Jhabua,Q86,86.1,412.0,478.0,86.19
CLSS,Participant,Jhabua,Q86,86.2,388.0,478.0,81.17
CLSS,Participant,Jhabua,Q86,86.3,403.0,478.0,84.31
CLSS,Participant,Jhabua,Q86,86.4,376.0,478.0,78.66
CLSS,Participant,Jhabua,Q86,86.5,418.0,478.0,87.45
CLSS,Participant,Jhabua,Q86,86.6,408.0,478.0,85.36
CLSS,Participant,Jhabua,Q86,86.7,400.0,478.0,83.68
CLSS,Participant,Katni,Q86,86.1,360.0,435.0,82.76
CLSS,Participant,Katni,Q86,86.2,343.0,435.0,78.85
CLSS,Participant,Katni,Q86,86.3,346.0,435.0,79.54
CLSS,Participant,Katni,Q86,86.4,332.0,435.0,76.32
CLSS,Participant,Katni,Q86,86.5,363.0,435.0,83.45
CLSS,Participant,Katni,Q86,86.6,369.0,435.0,84.83
CLSS,Participant,Katni,Q86,86.7,351.0,435.0,80.69
CLSS,Participant,Khandwa,Q86,86.1,379.0,423.0,89.6
CLSS,Participant,Khandwa,Q86,86.2,343.0,423.0,81.09
CLSS,Participant,Khandwa,Q86,86.3,358.0,423.0,84.63
CLSS,Participant,Khandwa,Q86,86.4,360.0,423.0,85.11
CLSS,Participant,Khandwa,Q86,86.5,376.0,423.0,88.89
CLSS,Participant,Khandwa,Q86,86.6,370.0,423.0,87.47
CLSS,Participant,Khandwa,Q86,86.7,354.0,423.0,83.69
CLSS,Participant,Khargone,Q86,86.1,353.0,416.0,84.86
CLSS,Participant,Khargone,Q86,86.2,311.0,416.0,74.76
CLSS,Participant,Khargone,Q86,86.3,332.0,416.0,79.81
CLSS,Participant,Khargone,Q86,86.4,333.0,416.0,80.05
CLSS,Participant,Khargone,Q86,86.5,357.0,416.0,85.82
CLSS,Participant,Khargone,Q86,86.6,339.0,416.0,81.49
CLSS,Participant,Khargone,Q86,86.7,337.0,416.0,81.01
CLSS,Participant,Mandla,Q86,86.1,531.0,624.0,85.1
CLSS,Participant,Mandla,Q86,86.2,514.0,624.0,82.37
CLSS,Participant,Mandla,Q86,86.3,504.0,624.0,80.77
CLSS,Participant,Mandla,Q86,86.4,499.0,624.0,79.97
CLSS,Participant,Mandla,Q86,86.5,528.0,624.0,84.62
CLSS,Participant,Mandla,Q86,86.6,534.0,624.0,85.58
CLSS,Participant,Mandla,Q86,86.7,526.0,624.0,84.29
CLSS,Participant,Mandsaur,Q86,86.1,494.0,550.0,89.82
CLSS,Participant,Mandsaur,Q86,86.2,462.0,550.0,84.0
CLSS,Participant,Mandsaur,Q86,86.3,496.0,550.0,90.18
CLSS,Participant,Mandsaur,Q86,86.4,468.0,550.0,85.09
CLSS,Participant,Mandsaur,Q86,86.5,489.0,550.0,88.91
CLSS,Participant,Mandsaur,Q86,86.6,488.0,550.0,88.73
CLSS,Participant,Mandsaur,Q86,86.7,495.0,550.0,90.0
CLSS,Participant,Morena,Q86,86.1,643.0,731.0,87.96
CLSS,Participant,Morena,Q86,86.2,579.0,731.0,79.21
CLSS,Participant,Morena,Q86,86.3,623.0,731.0,85.23
CLSS,Participant,Morena,Q86,86.4,599.0,731.0,81.94
CLSS,Participant,Morena,Q86,86.5,626.0,731.0,85.64
CLSS,Participant,Morena,Q86,86.6,635.0,731.0,86.87
CLSS,Participant,Morena,Q86,86.7,646.0,731.0,88.37
CLSS,Participant,Narmadapuram,Q86,86.1,520.0,585.0,88.89
CLSS,Participant,Narmadapuram,Q86,86.2,494.0,585.0,84.44
CLSS,Participant,Narmadapuram,Q86,86.3,506.0,585.0,86.5
CLSS,Participant,Narmadapuram,Q86,86.4,461.0,585.0,78.8
CLSS,Participant,Narmadapuram,Q86,86.5,515.0,585.0,88.03
CLSS,Participant,Narmadapuram,Q86,86.6,517.0,585.0,88.38
CLSS,Participant,Narmadapuram,Q86,86.7,494.0,585.0,84.44
CLSS,Participant,Narsinghpur,Q86,86.1,417.0,471.0,88.54
CLSS,Participant,Narsinghpur,Q86,86.2,398.0,471.0,84.5
CLSS,Participant,Narsinghpur,Q86,86.3,408.0,471.0,86.62
CLSS,Participant,Narsinghpur,Q86,86.4,366.0,471.0,77.71
CLSS,Participant,Narsinghpur,Q86,86.5,417.0,471.0,88.54
CLSS,Participant,Narsinghpur,Q86,86.6,423.0,471.0,89.81
CLSS,Participant,Narsinghpur,Q86,86.7,421.0,471.0,89.38
CLSS,Participant,Neemuch,Q86,86.1,292.0,340.0,85.88
CLSS,Participant,Neemuch,Q86,86.2,283.0,340.0,83.24
CLSS,Participant,Neemuch,Q86,86.3,275.0,340.0,80.88
CLSS,Participant,Neemuch,Q86,86.4,272.0,340.0,80.0
CLSS,Participant,Neemuch,Q86,86.5,302.0,340.0,88.82
CLSS,Participant,Neemuch,Q86,86.6,290.0,340.0,85.29
CLSS,Participant,Neemuch,Q86,86.7,287.0,340.0,84.41
CLSS,Participant,Niwari,Q86,86.1,111.0,143.0,77.62
CLSS,Participant,Niwari,Q86,86.2,98.0,143.0,68.53
CLSS,Participant,Niwari,Q86,86.3,106.0,143.0,74.13
CLSS,Participant,Niwari,Q86,86.4,108.0,143.0,75.52
CLSS,Participant,Niwari,Q86,86.5,115.0,143.0,80.42
CLSS,Participant,Niwari,Q86,86.6,109.0,143.0,76.22
CLSS,Participant,Niwari,Q86,86.7,102.0,143.0,71.33
CLSS,Participant,Panna,Q86,86.1,529.0,614.0,86.16
CLSS,Participant,Panna,Q86,86.2,515.0,614.0,83.88
CLSS,Participant,Panna,Q86,86.3,525.0,614.0,85.5
CLSS,Participant,Panna,Q86,86.4,505.0,614.0,82.25
CLSS,Participant,Panna,Q86,86.5,535.0,614.0,87.13
CLSS,Participant,Panna,Q86,86.6,528.0,614.0,85.99
CLSS,Participant,Panna,Q86,86.7,514.0,614.0,83.71
CLSS,Participant,Raisen,Q86,86.1,475.0,546.0,87.0
CLSS,Participant,Raisen,Q86,86.2,445.0,546.0,81.5
CLSS,Participant,Raisen,Q86,86.3,458.0,546.0,83.88
CLSS,Participant,Raisen,Q86,86.4,443.0,546.0,81.14
CLSS,Participant,Raisen,Q86,86.5,470.0,546.0,86.08
CLSS,Participant,Raisen,Q86,86.6,465.0,546.0,85.16
CLSS,Participant,Raisen,Q86,86.7,461.0,546.0,84.43
CLSS,Participant,Rajgarh,Q86,86.1,562.0,651.0,86.33
CLSS,Participant,Rajgarh,Q86,86.2,520.0,651.0,79.88
CLSS,Participant,Rajgarh,Q86,86.3,529.0,651.0,81.26
CLSS,Participant,Rajgarh,Q86,86.4,538.0,651.0,82.64
CLSS,Participant,Rajgarh,Q86,86.5,565.0,651.0,86.79
CLSS,Participant,Rajgarh,Q86,86.6,559.0,651.0,85.87
CLSS,Participant,Rajgarh,Q86,86.7,535.0,651.0,82.18
CLSS,Participant,Ratlam,Q86,86.1,649.0,760.0,85.39
CLSS,Participant,Ratlam,Q86,86.2,618.0,760.0,81.32
CLSS,Participant,Ratlam,Q86,86.3,620.0,760.0,81.58
CLSS,Participant,Ratlam,Q86,86.4,620.0,760.0,81.58
CLSS,Participant,Ratlam,Q86,86.5,643.0,760.0,84.61
CLSS,Participant,Ratlam,Q86,86.6,640.0,760.0,84.21
CLSS,Participant,Ratlam,Q86,86.7,622.0,760.0,81.84
CLSS,Participant,Rewa,Q86,86.1,346.0,397.0,87.15
CLSS,Participant,Rewa,Q86,86.2,317.0,397.0,79.85
CLSS,Participant,Rewa,Q86,86.3,324.0,397.0,81.61
CLSS,Participant,Rewa,Q86,86.4,322.0,397.0,81.11
CLSS,Participant,Rewa,Q86,86.5,349.0,397.0,87.91
CLSS,Participant,Rewa,Q86,86.6,347.0,397.0,87.41
CLSS,Participant,Rewa,Q86,86.7,320.0,397.0,80.6
CLSS,Participant,Sagar,Q86,86.1,381.0,479.0,79.54
CLSS,Participant,Sagar,Q86,86.2,351.0,479.0,73.28
CLSS,Participant,Sagar,Q86,86.3,348.0,479.0,72.65
CLSS,Participant,Sagar,Q86,86.4,348.0,479.0,72.65
CLSS,Participant,Sagar,Q86,86.5,380.0,479.0,79.33
CLSS,Participant,Sagar,Q86,86.6,359.0,479.0,74.95
CLSS,Participant,Sagar,Q86,86.7,348.0,479.0,72.65
CLSS,Participant,Satna,Q86,86.1,458.0,559.0,81.93
CLSS,Participant,Satna,Q86,86.2,431.0,559.0,77.1
CLSS,Participant,Satna,Q86,86.3,453.0,559.0,81.04
CLSS,Participant,Satna,Q86,86.4,446.0,559.0,79.79
CLSS,Participant,Satna,Q86,86.5,464.0,559.0,83.01
CLSS,Participant,Satna,Q86,86.6,450.0,559.0,80.5
CLSS,Participant,Satna,Q86,86.7,438.0,559.0,78.35
CLSS,Participant,Sehore,Q86,86.1,3.0,3.0,100.0
CLSS,Participant,Sehore,Q86,86.2,3.0,3.0,100.0
CLSS,Participant,Sehore,Q86,86.3,3.0,3.0,100.0
CLSS,Participant,Sehore,Q86,86.4,3.0,3.0,100.0
CLSS,Participant,Sehore,Q86,86.5,3.0,3.0,100.0
CLSS,Participant,Sehore,Q86,86.6,3.0,3.0,100.0
CLSS,Participant,Sehore,Q86,86.7,3.0,3.0,100.0
CLSS,Participant,Seoni,Q86,86.1,592.0,687.0,86.17
CLSS,Participant,Seoni,Q86,86.2,556.0,687.0,80.93
CLSS,Participant,Seoni,Q86,86.3,550.0,687.0,80.06
CLSS,Participant,Seoni,Q86,86.4,535.0,687.0,77.87
CLSS,Participant,Seoni,Q86,86.5,590.0,687.0,85.88
CLSS,Participant,Seoni,Q86,86.6,591.0,687.0,86.03
CLSS,Participant,Seoni,Q86,86.7,562.0,687.0,81.8
CLSS,Participant,Shahdol,Q86,86.1,255.0,321.0,79.44
CLSS,Participant,Shahdol,Q86,86.2,251.0,321.0,78.19
CLSS,Participant,Shahdol,Q86,86.3,257.0,321.0,80.06
CLSS,Participant,Shahdol,Q86,86.4,231.0,321.0,71.96
CLSS,Participant,Shahdol,Q86,86.5,265.0,321.0,82.55
CLSS,Participant,Shahdol,Q86,86.6,257.0,321.0,80.06
CLSS,Participant,Shahdol,Q86,86.7,245.0,321.0,76.32
CLSS,Participant,Shajapur,Q86,86.1,347.0,385.0,90.13
CLSS,Participant,Shajapur,Q86,86.2,341.0,385.0,88.57
CLSS,Participant,Shajapur,Q86,86.3,337.0,385.0,87.53
CLSS,Participant,Shajapur,Q86,86.4,318.0,385.0,82.6
CLSS,Participant,Shajapur,Q86,86.5,343.0,385.0,89.09
CLSS,Participant,Shajapur,Q86,86.6,337.0,385.0,87.53
CLSS,Participant,Shajapur,Q86,86.7,336.0,385.0,87.27
CLSS,Participant,Sheopur,Q86,86.1,199.0,234.0,85.04
CLSS,Participant,Sheopur,Q86,86.2,195.0,234.0,83.33
CLSS,Participant,Sheopur,Q86,86.3,202.0,234.0,86.32
CLSS,Participant,Sheopur,Q86,86.4,195.0,234.0,83.33
CLSS,Participant,Sheopur,Q86,86.5,205.0,234.0,87.61
CLSS,Participant,Sheopur,Q86,86.6,199.0,234.0,85.04
CLSS,Participant,Sheopur,Q86,86.7,195.0,234.0,83.33
CLSS,Participant,Shivpuri,Q86,86.1,331.0,412.0,80.34
CLSS,Participant,Shivpuri,Q86,86.2,304.0,412.0,73.79
CLSS,Participant,Shivpuri,Q86,86.3,303.0,412.0,73.54
CLSS,Participant,Shivpuri,Q86,86.4,308.0,412.0,74.76
CLSS,Participant,Shivpuri,Q86,86.5,343.0,412.0,83.25
CLSS,Participant,Shivpuri,Q86,86.6,315.0,412.0,76.46
CLSS,Participant,Shivpuri,Q86,86.7,313.0,412.0,75.97
CLSS,Participant,Sidhi,Q86,86.1,436.0,517.0,84.33
CLSS,Participant,Sidhi,Q86,86.2,412.0,517.0,79.69
CLSS,Participant,Sidhi,Q86,86.3,423.0,517.0,81.82
CLSS,Participant,Sidhi,Q86,86.4,422.0,517.0,81.62
CLSS,Participant,Sidhi,Q86,86.5,443.0,517.0,85.69
CLSS,Participant,Sidhi,Q86,86.6,435.0,517.0,84.14
CLSS,Participant,Sidhi,Q86,86.7,418.0,517.0,80.85
CLSS,Participant,Singrauli,Q86,86.1,215.0,251.0,85.66
CLSS,Participant,Singrauli,Q86,86.2,197.0,251.0,78.49
CLSS,Participant,Singrauli,Q86,86.3,209.0,251.0,83.27
CLSS,Participant,Singrauli,Q86,86.4,207.0,251.0,82.47
CLSS,Participant,Singrauli,Q86,86.5,217.0,251.0,86.45
CLSS,Participant,Singrauli,Q86,86.6,203.0,251.0,80.88
CLSS,Participant,Singrauli,Q86,86.7,189.0,251.0,75.3
CLSS,Participant,Tikamgarh,Q86,86.1,236.0,266.0,88.72
CLSS,Participant,Tikamgarh,Q86,86.2,212.0,266.0,79.7
CLSS,Participant,Tikamgarh,Q86,86.3,208.0,266.0,78.2
CLSS,Participant,Tikamgarh,Q86,86.4,220.0,266.0,82.71
CLSS,Participant,Tikamgarh,Q86,86.5,222.0,266.0,83.46
CLSS,Participant,Tikamgarh,Q86,86.6,218.0,266.0,81.95
CLSS,Participant,Tikamgarh,Q86,86.7,217.0,266.0,81.58
CLSS,Participant,Ujjain,Q86,86.1,463.0,548.0,84.49
CLSS,Participant,Ujjain,Q86,86.2,416.0,548.0,75.91
CLSS,Participant,Ujjain,Q86,86.3,433.0,548.0,79.01
CLSS,Participant,Ujjain,Q86,86.4,405.0,548.0,73.91
CLSS,Participant,Ujjain,Q86,86.5,466.0,548.0,85.04
CLSS,Participant,Ujjain,Q86,86.6,460.0,548.0,83.94
CLSS,Participant,Ujjain,Q86,86.7,440.0,548.0,80.29
CLSS,Participant,Umaria,Q86,86.1,211.0,256.0,82.42
CLSS,Participant,Umaria,Q86,86.2,206.0,256.0,80.47
CLSS,Participant,Umaria,Q86,86.3,194.0,256.0,75.78
CLSS,Participant,Umaria,Q86,86.4,190.0,256.0,74.22
CLSS,Participant,Umaria,Q86,86.5,205.0,256.0,80.08
CLSS,Participant,Umaria,Q86,86.6,210.0,256.0,82.03
CLSS,Participant,Umaria,Q86,86.7,196.0,256.0,76.56
CLSS,Participant,Vidisha,Q86,86.1,550.0,612.0,89.87
CLSS,Participant,Vidisha,Q86,86.2,522.0,612.0,85.29
CLSS,Participant,Vidisha,Q86,86.3,540.0,612.0,88.24
CLSS,Participant,Vidisha,Q86,86.4,526.0,612.0,85.95
CLSS,Participant,Vidisha,Q86,86.5,553.0,612.0,90.36
CLSS,Participant,Vidisha,Q86,86.6,549.0,612.0,89.71
CLSS,Participant,Vidisha,Q86,86.7,527.0,612.0,86.11
CLSS,Participant,Total,Q86,86.1,20360.0,23785.0,85.6
CLSS,Participant,Total,Q86,86.2,19068.0,23785.0,80.17
CLSS,Participant,Total,Q86,86.3,19494.0,23785.0,81.96
CLSS,Participant,Total,Q86,86.4,18906.0,23785.0,79.49
CLSS,Participant,Total,Q86,86.5,20381.0,23785.0,85.69
CLSS,Participant,Total,Q86,86.6,20158.0,23785.0,84.75
CLSS,Participant,Total,Q86,86.7,19560.0,23785.0,82.24
CLSS,Participant,Agar Malwa,Q87,87.1,212.0,239.0,88.7
CLSS,Participant,Agar Malwa,Q87,87.2,195.0,239.0,81.59
CLSS,Participant,Agar Malwa,Q87,87.3,206.0,239.0,86.19
CLSS,Participant,Agar Malwa,Q87,87.4,183.0,239.0,76.57
CLSS,Participant,Agar Malwa,Q87,87.5,24.0,239.0,10.04
CLSS,Participant,Alirajpur,Q87,87.1,291.0,339.0,85.84
CLSS,Participant,Alirajpur,Q87,87.2,254.0,339.0,74.93
CLSS,Participant,Alirajpur,Q87,87.3,286.0,339.0,84.37
CLSS,Participant,Alirajpur,Q87,87.4,246.0,339.0,72.57
CLSS,Participant,Alirajpur,Q87,87.5,41.0,339.0,12.09
CLSS,Participant,Anuppur,Q87,87.1,226.0,278.0,81.29
CLSS,Participant,Anuppur,Q87,87.2,211.0,278.0,75.9
CLSS,Participant,Anuppur,Q87,87.3,229.0,278.0,82.37
CLSS,Participant,Anuppur,Q87,87.4,207.0,278.0,74.46
CLSS,Participant,Anuppur,Q87,87.5,36.0,278.0,12.95
CLSS,Participant,Ashoknagar,Q87,87.1,286.0,347.0,82.42
CLSS,Participant,Ashoknagar,Q87,87.2,274.0,347.0,78.96
CLSS,Participant,Ashoknagar,Q87,87.3,285.0,347.0,82.13
CLSS,Participant,Ashoknagar,Q87,87.4,236.0,347.0,68.01
CLSS,Participant,Ashoknagar,Q87,87.5,55.0,347.0,15.85
CLSS,Participant,Balaghat,Q87,87.1,677.0,802.0,84.41
CLSS,Participant,Balaghat,Q87,87.2,661.0,802.0,82.42
CLSS,Participant,Balaghat,Q87,87.3,707.0,802.0,88.15
CLSS,Participant,Balaghat,Q87,87.4,623.0,802.0,77.68
CLSS,Participant,Balaghat,Q87,87.5,73.0,802.0,9.1
CLSS,Participant,Barwani,Q87,87.1,461.0,565.0,81.59
CLSS,Participant,Barwani,Q87,87.2,418.0,565.0,73.98
CLSS,Participant,Barwani,Q87,87.3,472.0,565.0,83.54
CLSS,Participant,Barwani,Q87,87.4,378.0,565.0,66.9
CLSS,Participant,Barwani,Q87,87.5,60.0,565.0,10.62
CLSS,Participant,Betul,Q87,87.1,798.0,951.0,83.91
CLSS,Participant,Betul,Q87,87.2,758.0,951.0,79.71
CLSS,Participant,Betul,Q87,87.3,841.0,951.0,88.43
CLSS,Participant,Betul,Q87,87.4,737.0,951.0,77.5
CLSS,Participant,Betul,Q87,87.5,91.0,951.0,9.57
CLSS,Participant,Bhind,Q87,87.1,499.0,637.0,78.34
CLSS,Participant,Bhind,Q87,87.2,455.0,637.0,71.43
CLSS,Participant,Bhind,Q87,87.3,509.0,637.0,79.91
CLSS,Participant,Bhind,Q87,87.4,397.0,637.0,62.32
CLSS,Participant,Bhind,Q87,87.5,66.0,637.0,10.36
CLSS,Participant,Bhopal,Q87,87.1,250.0,321.0,77.88
CLSS,Participant,Bhopal,Q87,87.2,254.0,321.0,79.13
CLSS,Participant,Bhopal,Q87,87.3,276.0,321.0,85.98
CLSS,Participant,Bhopal,Q87,87.4,215.0,321.0,66.98
CLSS,Participant,Bhopal,Q87,87.5,29.0,321.0,9.03
CLSS,Participant,Burhanpur,Q87,87.1,125.0,147.0,85.03
CLSS,Participant,Burhanpur,Q87,87.2,112.0,147.0,76.19
CLSS,Participant,Burhanpur,Q87,87.3,121.0,147.0,82.31
CLSS,Participant,Burhanpur,Q87,87.4,101.0,147.0,68.71
CLSS,Participant,Burhanpur,Q87,87.5,9.0,147.0,6.12
CLSS,Participant,Chhatarpur,Q87,87.1,561.0,720.0,77.92
CLSS,Participant,Chhatarpur,Q87,87.2,527.0,720.0,73.19
CLSS,Participant,Chhatarpur,Q87,87.3,597.0,720.0,82.92
CLSS,Participant,Chhatarpur,Q87,87.4,514.0,720.0,71.39
CLSS,Participant,Chhatarpur,Q87,87.5,74.0,720.0,10.28
CLSS,Participant,Chhindwara,Q87,87.1,721.0,863.0,83.55
CLSS,Participant,Chhindwara,Q87,87.2,686.0,863.0,79.49
CLSS,Participant,Chhindwara,Q87,87.3,777.0,863.0,90.03
CLSS,Participant,Chhindwara,Q87,87.4,693.0,863.0,80.3
CLSS,Participant,Chhindwara,Q87,87.5,63.0,863.0,7.3
CLSS,Participant,Damoh,Q87,87.1,303.0,374.0,81.02
CLSS,Participant,Damoh,Q87,87.2,281.0,374.0,75.13
CLSS,Participant,Damoh,Q87,87.3,321.0,374.0,85.83
CLSS,Participant,Damoh,Q87,87.4,259.0,374.0,69.25
CLSS,Participant,Damoh,Q87,87.5,43.0,374.0,11.5
CLSS,Participant,Datia,Q87,87.1,269.0,338.0,79.59
CLSS,Participant,Datia,Q87,87.2,258.0,338.0,76.33
CLSS,Participant,Datia,Q87,87.3,282.0,338.0,83.43
CLSS,Participant,Datia,Q87,87.4,233.0,338.0,68.93
CLSS,Participant,Datia,Q87,87.5,40.0,338.0,11.83
CLSS,Participant,Dewas,Q87,87.1,1.0,1.0,100.0
CLSS,Participant,Dewas,Q87,87.2,1.0,1.0,100.0
CLSS,Participant,Dewas,Q87,87.3,1.0,1.0,100.0
CLSS,Participant,Dewas,Q87,87.4,1.0,1.0,100.0
CLSS,Participant,Dewas,Q87,87.5,0.0,1.0,0.0
CLSS,Participant,Dhar,Q87,87.1,684.0,839.0,81.53
CLSS,Participant,Dhar,Q87,87.2,656.0,839.0,78.19
CLSS,Participant,Dhar,Q87,87.3,714.0,839.0,85.1
CLSS,Participant,Dhar,Q87,87.4,614.0,839.0,73.18
CLSS,Participant,Dhar,Q87,87.5,99.0,839.0,11.8
CLSS,Participant,Dindori,Q87,87.1,248.0,310.0,80.0
CLSS,Participant,Dindori,Q87,87.2,213.0,310.0,68.71
CLSS,Participant,Dindori,Q87,87.3,246.0,310.0,79.35
CLSS,Participant,Dindori,Q87,87.4,202.0,310.0,65.16
CLSS,Participant,Dindori,Q87,87.5,38.0,310.0,12.26
CLSS,Participant,Guna,Q87,87.1,341.0,404.0,84.41
CLSS,Participant,Guna,Q87,87.2,314.0,404.0,77.72
CLSS,Participant,Guna,Q87,87.3,346.0,404.0,85.64
CLSS,Participant,Guna,Q87,87.4,290.0,404.0,71.78
CLSS,Participant,Guna,Q87,87.5,37.0,404.0,9.16
CLSS,Participant,Gwalior,Q87,87.1,420.0,527.0,79.7
CLSS,Participant,Gwalior,Q87,87.2,381.0,527.0,72.3
CLSS,Participant,Gwalior,Q87,87.3,460.0,527.0,87.29
CLSS,Participant,Gwalior,Q87,87.4,362.0,527.0,68.69
CLSS,Participant,Gwalior,Q87,87.5,42.0,527.0,7.97
CLSS,Participant,Harda,Q87,87.1,193.0,220.0,87.73
CLSS,Participant,Harda,Q87,87.2,176.0,220.0,80.0
CLSS,Participant,Harda,Q87,87.3,194.0,220.0,88.18
CLSS,Participant,Harda,Q87,87.4,172.0,220.0,78.18
CLSS,Participant,Harda,Q87,87.5,20.0,220.0,9.09
CLSS,Participant,Indore,Q87,87.1,391.0,459.0,85.19
CLSS,Participant,Indore,Q87,87.2,360.0,459.0,78.43
CLSS,Participant,Indore,Q87,87.3,405.0,459.0,88.24
CLSS,Participant,Indore,Q87,87.4,354.0,459.0,77.12
CLSS,Participant,Indore,Q87,87.5,27.0,459.0,5.88
CLSS,Participant,Jabalpur,Q87,87.1,333.0,410.0,81.22
CLSS,Participant,Jabalpur,Q87,87.2,316.0,410.0,77.07
CLSS,Participant,Jabalpur,Q87,87.3,347.0,410.0,84.63
CLSS,Participant,Jabalpur,Q87,87.4,308.0,410.0,75.12
CLSS,Participant,Jabalpur,Q87,87.5,33.0,410.0,8.05
CLSS,Participant,Jhabua,Q87,87.1,398.0,478.0,83.26
CLSS,Participant,Jhabua,Q87,87.2,379.0,478.0,79.29
CLSS,Participant,Jhabua,Q87,87.3,416.0,478.0,87.03
CLSS,Participant,Jhabua,Q87,87.4,359.0,478.0,75.1
CLSS,Participant,Jhabua,Q87,87.5,46.0,478.0,9.62
CLSS,Participant,Katni,Q87,87.1,338.0,435.0,77.7
CLSS,Participant,Katni,Q87,87.2,332.0,435.0,76.32
CLSS,Participant,Katni,Q87,87.3,372.0,435.0,85.52
CLSS,Participant,Katni,Q87,87.4,318.0,435.0,73.1
CLSS,Participant,Katni,Q87,87.5,35.0,435.0,8.05
CLSS,Participant,Khandwa,Q87,87.1,348.0,423.0,82.27
CLSS,Participant,Khandwa,Q87,87.2,330.0,423.0,78.01
CLSS,Participant,Khandwa,Q87,87.3,357.0,423.0,84.4
CLSS,Participant,Khandwa,Q87,87.4,311.0,423.0,73.52
CLSS,Participant,Khandwa,Q87,87.5,40.0,423.0,9.46
CLSS,Participant,Khargone,Q87,87.1,352.0,416.0,84.62
CLSS,Participant,Khargone,Q87,87.2,330.0,416.0,79.33
CLSS,Participant,Khargone,Q87,87.3,334.0,416.0,80.29
CLSS,Participant,Khargone,Q87,87.4,291.0,416.0,69.95
CLSS,Participant,Khargone,Q87,87.5,47.0,416.0,11.3
CLSS,Participant,Mandla,Q87,87.1,505.0,624.0,80.93
CLSS,Participant,Mandla,Q87,87.2,471.0,624.0,75.48
CLSS,Participant,Mandla,Q87,87.3,553.0,624.0,88.62
CLSS,Participant,Mandla,Q87,87.4,478.0,624.0,76.6
CLSS,Participant,Mandla,Q87,87.5,58.0,624.0,9.29
CLSS,Participant,Mandsaur,Q87,87.1,475.0,550.0,86.36
CLSS,Participant,Mandsaur,Q87,87.2,440.0,550.0,80.0
CLSS,Participant,Mandsaur,Q87,87.3,476.0,550.0,86.55
CLSS,Participant,Mandsaur,Q87,87.4,434.0,550.0,78.91
CLSS,Participant,Mandsaur,Q87,87.5,32.0,550.0,5.82
CLSS,Participant,Morena,Q87,87.1,605.0,731.0,82.76
CLSS,Participant,Morena,Q87,87.2,576.0,731.0,78.8
CLSS,Participant,Morena,Q87,87.3,639.0,731.0,87.41
CLSS,Participant,Morena,Q87,87.4,535.0,731.0,73.19
CLSS,Participant,Morena,Q87,87.5,62.0,731.0,8.48
CLSS,Participant,Narmadapuram,Q87,87.1,506.0,585.0,86.5
CLSS,Participant,Narmadapuram,Q87,87.2,496.0,585.0,84.79
CLSS,Participant,Narmadapuram,Q87,87.3,522.0,585.0,89.23
CLSS,Participant,Narmadapuram,Q87,87.4,456.0,585.0,77.95
CLSS,Participant,Narmadapuram,Q87,87.5,33.0,585.0,5.64
CLSS,Participant,Narsinghpur,Q87,87.1,402.0,471.0,85.35
CLSS,Participant,Narsinghpur,Q87,87.2,380.0,471.0,80.68
CLSS,Participant,Narsinghpur,Q87,87.3,435.0,471.0,92.36
CLSS,Participant,Narsinghpur,Q87,87.4,383.0,471.0,81.32
CLSS,Participant,Narsinghpur,Q87,87.5,27.0,471.0,5.73
CLSS,Participant,Neemuch,Q87,87.1,292.0,340.0,85.88
CLSS,Participant,Neemuch,Q87,87.2,257.0,340.0,75.59
CLSS,Participant,Neemuch,Q87,87.3,293.0,340.0,86.18
CLSS,Participant,Neemuch,Q87,87.4,254.0,340.0,74.71
CLSS,Participant,Neemuch,Q87,87.5,30.0,340.0,8.82
CLSS,Participant,Niwari,Q87,87.1,106.0,143.0,74.13
CLSS,Participant,Niwari,Q87,87.2,104.0,143.0,72.73
CLSS,Participant,Niwari,Q87,87.3,115.0,143.0,80.42
CLSS,Participant,Niwari,Q87,87.4,93.0,143.0,65.03
CLSS,Participant,Niwari,Q87,87.5,18.0,143.0,12.59
CLSS,Participant,Panna,Q87,87.1,499.0,614.0,81.27
CLSS,Participant,Panna,Q87,87.2,485.0,614.0,78.99
CLSS,Participant,Panna,Q87,87.3,523.0,614.0,85.18
CLSS,Participant,Panna,Q87,87.4,458.0,614.0,74.59
CLSS,Participant,Panna,Q87,87.5,58.0,614.0,9.45
CLSS,Participant,Raisen,Q87,87.1,458.0,546.0,83.88
CLSS,Participant,Raisen,Q87,87.2,435.0,546.0,79.67
CLSS,Participant,Raisen,Q87,87.3,489.0,546.0,89.56
CLSS,Participant,Raisen,Q87,87.4,396.0,546.0,72.53
CLSS,Participant,Raisen,Q87,87.5,45.0,546.0,8.24
CLSS,Participant,Rajgarh,Q87,87.1,531.0,651.0,81.57
CLSS,Participant,Rajgarh,Q87,87.2,506.0,651.0,77.73
CLSS,Participant,Rajgarh,Q87,87.3,563.0,651.0,86.48
CLSS,Participant,Rajgarh,Q87,87.4,498.0,651.0,76.5
CLSS,Participant,Rajgarh,Q87,87.5,61.0,651.0,9.37
CLSS,Participant,Ratlam,Q87,87.1,619.0,760.0,81.45
CLSS,Participant,Ratlam,Q87,87.2,569.0,760.0,74.87
CLSS,Participant,Ratlam,Q87,87.3,663.0,760.0,87.24
CLSS,Participant,Ratlam,Q87,87.4,555.0,760.0,73.03
CLSS,Participant,Ratlam,Q87,87.5,59.0,760.0,7.76
CLSS,Participant,Rewa,Q87,87.1,318.0,397.0,80.1
CLSS,Participant,Rewa,Q87,87.2,300.0,397.0,75.57
CLSS,Participant,Rewa,Q87,87.3,356.0,397.0,89.67
CLSS,Participant,Rewa,Q87,87.4,303.0,397.0,76.32
CLSS,Participant,Rewa,Q87,87.5,49.0,397.0,12.34
CLSS,Participant,Sagar,Q87,87.1,377.0,479.0,78.71
CLSS,Participant,Sagar,Q87,87.2,331.0,479.0,69.1
CLSS,Participant,Sagar,Q87,87.3,390.0,479.0,81.42
CLSS,Participant,Sagar,Q87,87.4,308.0,479.0,64.3
CLSS,Participant,Sagar,Q87,87.5,52.0,479.0,10.86
CLSS,Participant,Satna,Q87,87.1,441.0,559.0,78.89
CLSS,Participant,Satna,Q87,87.2,422.0,559.0,75.49
CLSS,Participant,Satna,Q87,87.3,466.0,559.0,83.36
CLSS,Participant,Satna,Q87,87.4,397.0,559.0,71.02
CLSS,Participant,Satna,Q87,87.5,50.0,559.0,8.94
CLSS,Participant,Sehore,Q87,87.1,3.0,3.0,100.0
CLSS,Participant,Sehore,Q87,87.2,2.0,3.0,66.67
CLSS,Participant,Sehore,Q87,87.3,2.0,3.0,66.67
CLSS,Participant,Sehore,Q87,87.4,2.0,3.0,66.67
CLSS,Participant,Sehore,Q87,87.5,1.0,3.0,33.33
CLSS,Participant,Seoni,Q87,87.1,558.0,687.0,81.22
CLSS,Participant,Seoni,Q87,87.2,535.0,687.0,77.87
CLSS,Participant,Seoni,Q87,87.3,609.0,687.0,88.65
CLSS,Participant,Seoni,Q87,87.4,522.0,687.0,75.98
CLSS,Participant,Seoni,Q87,87.5,56.0,687.0,8.15
CLSS,Participant,Shahdol,Q87,87.1,253.0,321.0,78.82
CLSS,Participant,Shahdol,Q87,87.2,250.0,321.0,77.88
CLSS,Participant,Shahdol,Q87,87.3,279.0,321.0,86.92
CLSS,Participant,Shahdol,Q87,87.4,219.0,321.0,68.22
CLSS,Participant,Shahdol,Q87,87.5,33.0,321.0,10.28
CLSS,Participant,Shajapur,Q87,87.1,334.0,385.0,86.75
CLSS,Participant,Shajapur,Q87,87.2,314.0,385.0,81.56
CLSS,Participant,Shajapur,Q87,87.3,333.0,385.0,86.49
CLSS,Participant,Shajapur,Q87,87.4,305.0,385.0,79.22
CLSS,Participant,Shajapur,Q87,87.5,42.0,385.0,10.91
CLSS,Participant,Sheopur,Q87,87.1,192.0,234.0,82.05
CLSS,Participant,Sheopur,Q87,87.2,185.0,234.0,79.06
CLSS,Participant,Sheopur,Q87,87.3,201.0,234.0,85.9
CLSS,Participant,Sheopur,Q87,87.4,173.0,234.0,73.93
CLSS,Participant,Sheopur,Q87,87.5,27.0,234.0,11.54
CLSS,Participant,Shivpuri,Q87,87.1,320.0,412.0,77.67
CLSS,Participant,Shivpuri,Q87,87.2,305.0,412.0,74.03
CLSS,Participant,Shivpuri,Q87,87.3,350.0,412.0,84.95
CLSS,Participant,Shivpuri,Q87,87.4,269.0,412.0,65.29
CLSS,Participant,Shivpuri,Q87,87.5,52.0,412.0,12.62
CLSS,Participant,Sidhi,Q87,87.1,428.0,517.0,82.79
CLSS,Participant,Sidhi,Q87,87.2,409.0,517.0,79.11
CLSS,Participant,Sidhi,Q87,87.3,457.0,517.0,88.39
CLSS,Participant,Sidhi,Q87,87.4,406.0,517.0,78.53
CLSS,Participant,Sidhi,Q87,87.5,73.0,517.0,14.12
CLSS,Participant,Singrauli,Q87,87.1,193.0,251.0,76.89
CLSS,Participant,Singrauli,Q87,87.2,196.0,251.0,78.09
CLSS,Participant,Singrauli,Q87,87.3,229.0,251.0,91.24
CLSS,Participant,Singrauli,Q87,87.4,177.0,251.0,70.52
CLSS,Participant,Singrauli,Q87,87.5,42.0,251.0,16.73
CLSS,Participant,Tikamgarh,Q87,87.1,233.0,266.0,87.59
CLSS,Participant,Tikamgarh,Q87,87.2,200.0,266.0,75.19
CLSS,Participant,Tikamgarh,Q87,87.3,227.0,266.0,85.34
CLSS,Participant,Tikamgarh,Q87,87.4,198.0,266.0,74.44
CLSS,Participant,Tikamgarh,Q87,87.5,29.0,266.0,10.9
CLSS,Participant,Ujjain,Q87,87.1,445.0,548.0,81.2
CLSS,Participant,Ujjain,Q87,87.2,408.0,548.0,74.45
CLSS,Participant,Ujjain,Q87,87.3,464.0,548.0,84.67
CLSS,Participant,Ujjain,Q87,87.4,387.0,548.0,70.62
CLSS,Participant,Ujjain,Q87,87.5,34.0,548.0,6.2
CLSS,Participant,Umaria,Q87,87.1,198.0,256.0,77.34
CLSS,Participant,Umaria,Q87,87.2,188.0,256.0,73.44
CLSS,Participant,Umaria,Q87,87.3,217.0,256.0,84.77
CLSS,Participant,Umaria,Q87,87.4,181.0,256.0,70.7
CLSS,Participant,Umaria,Q87,87.5,28.0,256.0,10.94
CLSS,Participant,Vidisha,Q87,87.1,517.0,612.0,84.48
CLSS,Participant,Vidisha,Q87,87.2,497.0,612.0,81.21
CLSS,Participant,Vidisha,Q87,87.3,546.0,612.0,89.22
CLSS,Participant,Vidisha,Q87,87.4,470.0,612.0,76.8
CLSS,Participant,Vidisha,Q87,87.5,62.0,612.0,10.13
CLSS,Participant,Total,Q87,87.1,19534.0,23785.0,82.13
CLSS,Participant,Total,Q87,87.2,18393.0,23785.0,77.33
CLSS,Participant,Total,Q87,87.3,20498.0,23785.0,86.18
CLSS,Participant,Total,Q87,87.4,17461.0,23785.0,73.41
CLSS,Participant,Total,Q87,87.5,2281.0,23785.0,9.59
CLSS,Participant,Agar Malwa,"Q88,89,90",88_Yes,238.0,239.0,99.58
CLSS,Participant,Agar Malwa,"Q88,89,90",88_No,1.0,239.0,0.42
CLSS,Participant,Agar Malwa,"Q88,89,90",89_Yes,239.0,239.0,100.0
CLSS,Participant,Agar Malwa,"Q88,89,90",89_No,0.0,239.0,0.0
CLSS,Participant,Agar Malwa,"Q88,89,90",90_Yes,238.0,239.0,99.58
CLSS,Participant,Agar Malwa,"Q88,89,90",90_No,1.0,239.0,0.42
CLSS,Participant,Alirajpur,"Q88,89,90",88_Yes,337.0,339.0,99.41
CLSS,Participant,Alirajpur,"Q88,89,90",88_No,2.0,339.0,0.59
CLSS,Participant,Alirajpur,"Q88,89,90",89_Yes,337.0,339.0,99.41
CLSS,Participant,Alirajpur,"Q88,89,90",89_No,2.0,339.0,0.59
CLSS,Participant,Alirajpur,"Q88,89,90",90_Yes,336.0,339.0,99.12
CLSS,Participant,Alirajpur,"Q88,89,90",90_No,3.0,339.0,0.88
CLSS,Participant,Anuppur,"Q88,89,90",88_Yes,277.0,278.0,99.64
CLSS,Participant,Anuppur,"Q88,89,90",88_No,1.0,278.0,0.36
CLSS,Participant,Anuppur,"Q88,89,90",89_Yes,277.0,278.0,99.64
CLSS,Participant,Anuppur,"Q88,89,90",89_No,1.0,278.0,0.36
CLSS,Participant,Anuppur,"Q88,89,90",90_Yes,276.0,278.0,99.28
CLSS,Participant,Anuppur,"Q88,89,90",90_No,2.0,278.0,0.72
CLSS,Participant,Ashoknagar,"Q88,89,90",88_Yes,344.0,347.0,99.14
CLSS,Participant,Ashoknagar,"Q88,89,90",88_No,3.0,347.0,0.86
CLSS,Participant,Ashoknagar,"Q88,89,90",89_Yes,344.0,347.0,99.14
CLSS,Participant,Ashoknagar,"Q88,89,90",89_No,3.0,347.0,0.86
CLSS,Participant,Ashoknagar,"Q88,89,90",90_Yes,341.0,347.0,98.27
CLSS,Participant,Ashoknagar,"Q88,89,90",90_No,6.0,347.0,1.73
CLSS,Participant,Balaghat,"Q88,89,90",88_Yes,799.0,802.0,99.63
CLSS,Participant,Balaghat,"Q88,89,90",88_No,3.0,802.0,0.37
CLSS,Participant,Balaghat,"Q88,89,90",89_Yes,795.0,802.0,99.13
CLSS,Participant,Balaghat,"Q88,89,90",89_No,7.0,802.0,0.87
CLSS,Participant,Balaghat,"Q88,89,90",90_Yes,802.0,802.0,100.0
CLSS,Participant,Balaghat,"Q88,89,90",90_No,0.0,802.0,0.0
CLSS,Participant,Barwani,"Q88,89,90",88_Yes,564.0,565.0,99.82
CLSS,Participant,Barwani,"Q88,89,90",88_No,1.0,565.0,0.18
CLSS,Participant,Barwani,"Q88,89,90",89_Yes,560.0,565.0,99.12
CLSS,Participant,Barwani,"Q88,89,90",89_No,5.0,565.0,0.88
CLSS,Participant,Barwani,"Q88,89,90",90_Yes,558.0,565.0,98.76
CLSS,Participant,Barwani,"Q88,89,90",90_No,7.0,565.0,1.24
CLSS,Participant,Betul,"Q88,89,90",88_Yes,945.0,951.0,99.37
CLSS,Participant,Betul,"Q88,89,90",88_No,6.0,951.0,0.63
CLSS,Participant,Betul,"Q88,89,90",89_Yes,944.0,951.0,99.26
CLSS,Participant,Betul,"Q88,89,90",89_No,7.0,951.0,0.74
CLSS,Participant,Betul,"Q88,89,90",90_Yes,948.0,951.0,99.68
CLSS,Participant,Betul,"Q88,89,90",90_No,3.0,951.0,0.32
CLSS,Participant,Bhind,"Q88,89,90",88_Yes,632.0,637.0,99.22
CLSS,Participant,Bhind,"Q88,89,90",88_No,5.0,637.0,0.78
CLSS,Participant,Bhind,"Q88,89,90",89_Yes,631.0,637.0,99.06
CLSS,Participant,Bhind,"Q88,89,90",89_No,6.0,637.0,0.94
CLSS,Participant,Bhind,"Q88,89,90",90_Yes,631.0,637.0,99.06
CLSS,Participant,Bhind,"Q88,89,90",90_No,6.0,637.0,0.94
CLSS,Participant,Bhopal,"Q88,89,90",88_Yes,321.0,321.0,100.0
CLSS,Participant,Bhopal,"Q88,89,90",88_No,0.0,321.0,0.0
CLSS,Participant,Bhopal,"Q88,89,90",89_Yes,315.0,321.0,98.13
CLSS,Participant,Bhopal,"Q88,89,90",89_No,6.0,321.0,1.87
CLSS,Participant,Bhopal,"Q88,89,90",90_Yes,318.0,321.0,99.07
CLSS,Participant,Bhopal,"Q88,89,90",90_No,3.0,321.0,0.93
CLSS,Participant,Burhanpur,"Q88,89,90",88_Yes,145.0,147.0,98.64
CLSS,Participant,Burhanpur,"Q88,89,90",88_No,2.0,147.0,1.36
CLSS,Participant,Burhanpur,"Q88,89,90",89_Yes,147.0,147.0,100.0
CLSS,Participant,Burhanpur,"Q88,89,90",89_No,0.0,147.0,0.0
CLSS,Participant,Burhanpur,"Q88,89,90",90_Yes,147.0,147.0,100.0
CLSS,Participant,Burhanpur,"Q88,89,90",90_No,0.0,147.0,0.0
CLSS,Participant,Chhatarpur,"Q88,89,90",88_Yes,718.0,720.0,99.72
CLSS,Participant,Chhatarpur,"Q88,89,90",88_No,2.0,720.0,0.28
CLSS,Participant,Chhatarpur,"Q88,89,90",89_Yes,717.0,720.0,99.58
CLSS,Participant,Chhatarpur,"Q88,89,90",89_No,3.0,720.0,0.42
CLSS,Participant,Chhatarpur,"Q88,89,90",90_Yes,716.0,720.0,99.44
CLSS,Participant,Chhatarpur,"Q88,89,90",90_No,4.0,720.0,0.56
CLSS,Participant,Chhindwara,"Q88,89,90",88_Yes,863.0,863.0,100.0
CLSS,Participant,Chhindwara,"Q88,89,90",88_No,0.0,863.0,0.0
CLSS,Participant,Chhindwara,"Q88,89,90",89_Yes,855.0,863.0,99.07
CLSS,Participant,Chhindwara,"Q88,89,90",89_No,8.0,863.0,0.93
CLSS,Participant,Chhindwara,"Q88,89,90",90_Yes,860.0,863.0,99.65
CLSS,Participant,Chhindwara,"Q88,89,90",90_No,3.0,863.0,0.35
CLSS,Participant,Damoh,"Q88,89,90",88_Yes,373.0,374.0,99.73
CLSS,Participant,Damoh,"Q88,89,90",88_No,1.0,374.0,0.27
CLSS,Participant,Damoh,"Q88,89,90",89_Yes,372.0,374.0,99.47
CLSS,Participant,Damoh,"Q88,89,90",89_No,2.0,374.0,0.53
CLSS,Participant,Damoh,"Q88,89,90",90_Yes,371.0,374.0,99.2
CLSS,Participant,Damoh,"Q88,89,90",90_No,3.0,374.0,0.8
CLSS,Participant,Datia,"Q88,89,90",88_Yes,338.0,338.0,100.0
CLSS,Participant,Datia,"Q88,89,90",88_No,0.0,338.0,0.0
CLSS,Participant,Datia,"Q88,89,90",89_Yes,338.0,338.0,100.0
CLSS,Participant,Datia,"Q88,89,90",89_No,0.0,338.0,0.0
CLSS,Participant,Datia,"Q88,89,90",90_Yes,337.0,338.0,99.7
CLSS,Participant,Datia,"Q88,89,90",90_No,1.0,338.0,0.3
CLSS,Participant,Dewas,"Q88,89,90",88_Yes,1.0,1.0,100.0
CLSS,Participant,Dewas,"Q88,89,90",88_No,0.0,1.0,0.0
CLSS,Participant,Dewas,"Q88,89,90",89_Yes,1.0,1.0,100.0
CLSS,Participant,Dewas,"Q88,89,90",89_No,0.0,1.0,0.0
CLSS,Participant,Dewas,"Q88,89,90",90_Yes,1.0,1.0,100.0
CLSS,Participant,Dewas,"Q88,89,90",90_No,0.0,1.0,0.0
CLSS,Participant,Dhar,"Q88,89,90",88_Yes,833.0,839.0,99.28
CLSS,Participant,Dhar,"Q88,89,90",88_No,6.0,839.0,0.72
CLSS,Participant,Dhar,"Q88,89,90",89_Yes,829.0,839.0,98.81
CLSS,Participant,Dhar,"Q88,89,90",89_No,10.0,839.0,1.19
CLSS,Participant,Dhar,"Q88,89,90",90_Yes,831.0,839.0,99.05
CLSS,Participant,Dhar,"Q88,89,90",90_No,8.0,839.0,0.95
CLSS,Participant,Dindori,"Q88,89,90",88_Yes,310.0,310.0,100.0
CLSS,Participant,Dindori,"Q88,89,90",88_No,0.0,310.0,0.0
CLSS,Participant,Dindori,"Q88,89,90",89_Yes,310.0,310.0,100.0
CLSS,Participant,Dindori,"Q88,89,90",89_No,0.0,310.0,0.0
CLSS,Participant,Dindori,"Q88,89,90",90_Yes,310.0,310.0,100.0
CLSS,Participant,Dindori,"Q88,89,90",90_No,0.0,310.0,0.0
CLSS,Participant,Guna,"Q88,89,90",88_Yes,402.0,404.0,99.5
CLSS,Participant,Guna,"Q88,89,90",88_No,2.0,404.0,0.5
CLSS,Participant,Guna,"Q88,89,90",89_Yes,399.0,404.0,98.76
CLSS,Participant,Guna,"Q88,89,90",89_No,5.0,404.0,1.24
CLSS,Participant,Guna,"Q88,89,90",90_Yes,400.0,404.0,99.01
CLSS,Participant,Guna,"Q88,89,90",90_No,4.0,404.0,0.99
CLSS,Participant,Gwalior,"Q88,89,90",88_Yes,524.0,527.0,99.43
CLSS,Participant,Gwalior,"Q88,89,90",88_No,3.0,527.0,0.57
CLSS,Participant,Gwalior,"Q88,89,90",89_Yes,525.0,527.0,99.62
CLSS,Participant,Gwalior,"Q88,89,90",89_No,2.0,527.0,0.38
CLSS,Participant,Gwalior,"Q88,89,90",90_Yes,523.0,527.0,99.24
CLSS,Participant,Gwalior,"Q88,89,90",90_No,4.0,527.0,0.76
CLSS,Participant,Harda,"Q88,89,90",88_Yes,220.0,220.0,100.0
CLSS,Participant,Harda,"Q88,89,90",88_No,0.0,220.0,0.0
CLSS,Participant,Harda,"Q88,89,90",89_Yes,219.0,220.0,99.55
CLSS,Participant,Harda,"Q88,89,90",89_No,1.0,220.0,0.45
CLSS,Participant,Harda,"Q88,89,90",90_Yes,219.0,220.0,99.55
CLSS,Participant,Harda,"Q88,89,90",90_No,1.0,220.0,0.45
CLSS,Participant,Indore,"Q88,89,90",88_Yes,455.0,459.0,99.13
CLSS,Participant,Indore,"Q88,89,90",88_No,4.0,459.0,0.87
CLSS,Participant,Indore,"Q88,89,90",89_Yes,456.0,459.0,99.35
CLSS,Participant,Indore,"Q88,89,90",89_No,3.0,459.0,0.65
CLSS,Participant,Indore,"Q88,89,90",90_Yes,455.0,459.0,99.13
CLSS,Participant,Indore,"Q88,89,90",90_No,4.0,459.0,0.87
CLSS,Participant,Jabalpur,"Q88,89,90",88_Yes,409.0,410.0,99.76
CLSS,Participant,Jabalpur,"Q88,89,90",88_No,1.0,410.0,0.24
CLSS,Participant,Jabalpur,"Q88,89,90",89_Yes,407.0,410.0,99.27
CLSS,Participant,Jabalpur,"Q88,89,90",89_No,3.0,410.0,0.73
CLSS,Participant,Jabalpur,"Q88,89,90",90_Yes,407.0,410.0,99.27
CLSS,Participant,Jabalpur,"Q88,89,90",90_No,3.0,410.0,0.73
CLSS,Participant,Jhabua,"Q88,89,90",88_Yes,475.0,478.0,99.37
CLSS,Participant,Jhabua,"Q88,89,90",88_No,3.0,478.0,0.63
CLSS,Participant,Jhabua,"Q88,89,90",89_Yes,475.0,478.0,99.37
CLSS,Participant,Jhabua,"Q88,89,90",89_No,3.0,478.0,0.63
CLSS,Participant,Jhabua,"Q88,89,90",90_Yes,474.0,478.0,99.16
CLSS,Participant,Jhabua,"Q88,89,90",90_No,4.0,478.0,0.84
CLSS,Participant,Katni,"Q88,89,90",88_Yes,434.0,435.0,99.77
CLSS,Participant,Katni,"Q88,89,90",88_No,1.0,435.0,0.23
CLSS,Participant,Katni,"Q88,89,90",89_Yes,433.0,435.0,99.54
CLSS,Participant,Katni,"Q88,89,90",89_No,2.0,435.0,0.46
CLSS,Participant,Katni,"Q88,89,90",90_Yes,433.0,435.0,99.54
CLSS,Participant,Katni,"Q88,89,90",90_No,2.0,435.0,0.46
CLSS,Participant,Khandwa,"Q88,89,90",88_Yes,422.0,423.0,99.76
CLSS,Participant,Khandwa,"Q88,89,90",88_No,1.0,423.0,0.24
CLSS,Participant,Khandwa,"Q88,89,90",89_Yes,418.0,423.0,98.82
CLSS,Participant,Khandwa,"Q88,89,90",89_No,5.0,423.0,1.18
CLSS,Participant,Khandwa,"Q88,89,90",90_Yes,420.0,423.0,99.29
CLSS,Participant,Khandwa,"Q88,89,90",90_No,3.0,423.0,0.71
CLSS,Participant,Khargone,"Q88,89,90",88_Yes,414.0,416.0,99.52
CLSS,Participant,Khargone,"Q88,89,90",88_No,2.0,416.0,0.48
CLSS,Participant,Khargone,"Q88,89,90",89_Yes,414.0,416.0,99.52
CLSS,Participant,Khargone,"Q88,89,90",89_No,2.0,416.0,0.48
CLSS,Participant,Khargone,"Q88,89,90",90_Yes,412.0,416.0,99.04
CLSS,Participant,Khargone,"Q88,89,90",90_No,4.0,416.0,0.96
CLSS,Participant,Mandla,"Q88,89,90",88_Yes,620.0,624.0,99.36
CLSS,Participant,Mandla,"Q88,89,90",88_No,4.0,624.0,0.64
CLSS,Participant,Mandla,"Q88,89,90",89_Yes,619.0,624.0,99.2
CLSS,Participant,Mandla,"Q88,89,90",89_No,5.0,624.0,0.8
CLSS,Participant,Mandla,"Q88,89,90",90_Yes,621.0,624.0,99.52
CLSS,Participant,Mandla,"Q88,89,90",90_No,3.0,624.0,0.48
CLSS,Participant,Mandsaur,"Q88,89,90",88_Yes,547.0,550.0,99.45
CLSS,Participant,Mandsaur,"Q88,89,90",88_No,3.0,550.0,0.55
CLSS,Participant,Mandsaur,"Q88,89,90",89_Yes,544.0,550.0,98.91
CLSS,Participant,Mandsaur,"Q88,89,90",89_No,6.0,550.0,1.09
CLSS,Participant,Mandsaur,"Q88,89,90",90_Yes,546.0,550.0,99.27
CLSS,Participant,Mandsaur,"Q88,89,90",90_No,4.0,550.0,0.73
CLSS,Participant,Morena,"Q88,89,90",88_Yes,731.0,731.0,100.0
CLSS,Participant,Morena,"Q88,89,90",88_No,0.0,731.0,0.0
CLSS,Participant,Morena,"Q88,89,90",89_Yes,728.0,731.0,99.59
CLSS,Participant,Morena,"Q88,89,90",89_No,3.0,731.0,0.41
CLSS,Participant,Morena,"Q88,89,90",90_Yes,722.0,731.0,98.77
CLSS,Participant,Morena,"Q88,89,90",90_No,9.0,731.0,1.23
CLSS,Participant,Narmadapuram,"Q88,89,90",88_Yes,583.0,585.0,99.66
CLSS,Participant,Narmadapuram,"Q88,89,90",88_No,2.0,585.0,0.34
CLSS,Participant,Narmadapuram,"Q88,89,90",89_Yes,580.0,585.0,99.15
CLSS,Participant,Narmadapuram,"Q88,89,90",89_No,5.0,585.0,0.85
CLSS,Participant,Narmadapuram,"Q88,89,90",90_Yes,582.0,585.0,99.49
CLSS,Participant,Narmadapuram,"Q88,89,90",90_No,3.0,585.0,0.51
CLSS,Participant,Narsinghpur,"Q88,89,90",88_Yes,468.0,471.0,99.36
CLSS,Participant,Narsinghpur,"Q88,89,90",88_No,3.0,471.0,0.64
CLSS,Participant,Narsinghpur,"Q88,89,90",89_Yes,464.0,471.0,98.51
CLSS,Participant,Narsinghpur,"Q88,89,90",89_No,7.0,471.0,1.49
CLSS,Participant,Narsinghpur,"Q88,89,90",90_Yes,466.0,471.0,98.94
CLSS,Participant,Narsinghpur,"Q88,89,90",90_No,5.0,471.0,1.06
CLSS,Participant,Neemuch,"Q88,89,90",88_Yes,338.0,340.0,99.41
CLSS,Participant,Neemuch,"Q88,89,90",88_No,2.0,340.0,0.59
CLSS,Participant,Neemuch,"Q88,89,90",89_Yes,330.0,340.0,97.06
CLSS,Participant,Neemuch,"Q88,89,90",89_No,10.0,340.0,2.94
CLSS,Participant,Neemuch,"Q88,89,90",90_Yes,338.0,340.0,99.41
CLSS,Participant,Neemuch,"Q88,89,90",90_No,2.0,340.0,0.59
CLSS,Participant,Niwari,"Q88,89,90",88_Yes,143.0,143.0,100.0
CLSS,Participant,Niwari,"Q88,89,90",88_No,0.0,143.0,0.0
CLSS,Participant,Niwari,"Q88,89,90",89_Yes,141.0,143.0,98.6
CLSS,Participant,Niwari,"Q88,89,90",89_No,2.0,143.0,1.4
CLSS,Participant,Niwari,"Q88,89,90",90_Yes,142.0,143.0,99.3
CLSS,Participant,Niwari,"Q88,89,90",90_No,1.0,143.0,0.7
CLSS,Participant,Panna,"Q88,89,90",88_Yes,613.0,614.0,99.84
CLSS,Participant,Panna,"Q88,89,90",88_No,1.0,614.0,0.16
CLSS,Participant,Panna,"Q88,89,90",89_Yes,609.0,614.0,99.19
CLSS,Participant,Panna,"Q88,89,90",89_No,5.0,614.0,0.81
CLSS,Participant,Panna,"Q88,89,90",90_Yes,609.0,614.0,99.19
CLSS,Participant,Panna,"Q88,89,90",90_No,5.0,614.0,0.81
CLSS,Participant,Raisen,"Q88,89,90",88_Yes,545.0,546.0,99.82
CLSS,Participant,Raisen,"Q88,89,90",88_No,1.0,546.0,0.18
CLSS,Participant,Raisen,"Q88,89,90",89_Yes,538.0,546.0,98.53
CLSS,Participant,Raisen,"Q88,89,90",89_No,8.0,546.0,1.47
CLSS,Participant,Raisen,"Q88,89,90",90_Yes,544.0,546.0,99.63
CLSS,Participant,Raisen,"Q88,89,90",90_No,2.0,546.0,0.37
CLSS,Participant,Rajgarh,"Q88,89,90",88_Yes,647.0,651.0,99.39
CLSS,Participant,Rajgarh,"Q88,89,90",88_No,4.0,651.0,0.61
CLSS,Participant,Rajgarh,"Q88,89,90",89_Yes,645.0,651.0,99.08
CLSS,Participant,Rajgarh,"Q88,89,90",89_No,6.0,651.0,0.92
CLSS,Participant,Rajgarh,"Q88,89,90",90_Yes,649.0,651.0,99.69
CLSS,Participant,Rajgarh,"Q88,89,90",90_No,2.0,651.0,0.31
CLSS,Participant,Ratlam,"Q88,89,90",88_Yes,753.0,760.0,99.08
CLSS,Participant,Ratlam,"Q88,89,90",88_No,7.0,760.0,0.92
CLSS,Participant,Ratlam,"Q88,89,90",89_Yes,756.0,760.0,99.47
CLSS,Participant,Ratlam,"Q88,89,90",89_No,4.0,760.0,0.53
CLSS,Participant,Ratlam,"Q88,89,90",90_Yes,752.0,760.0,98.95
CLSS,Participant,Ratlam,"Q88,89,90",90_No,8.0,760.0,1.05
CLSS,Participant,Rewa,"Q88,89,90",88_Yes,395.0,397.0,99.5
CLSS,Participant,Rewa,"Q88,89,90",88_No,2.0,397.0,0.5
CLSS,Participant,Rewa,"Q88,89,90",89_Yes,394.0,397.0,99.24
CLSS,Participant,Rewa,"Q88,89,90",89_No,3.0,397.0,0.76
CLSS,Participant,Rewa,"Q88,89,90",90_Yes,392.0,397.0,98.74
CLSS,Participant,Rewa,"Q88,89,90",90_No,5.0,397.0,1.26
CLSS,Participant,Sagar,"Q88,89,90",88_Yes,477.0,479.0,99.58
CLSS,Participant,Sagar,"Q88,89,90",88_No,2.0,479.0,0.42
CLSS,Participant,Sagar,"Q88,89,90",89_Yes,474.0,479.0,98.96
CLSS,Participant,Sagar,"Q88,89,90",89_No,5.0,479.0,1.04
CLSS,Participant,Sagar,"Q88,89,90",90_Yes,472.0,479.0,98.54
CLSS,Participant,Sagar,"Q88,89,90",90_No,7.0,479.0,1.46
CLSS,Participant,Satna,"Q88,89,90",88_Yes,555.0,559.0,99.28
CLSS,Participant,Satna,"Q88,89,90",88_No,4.0,559.0,0.72
CLSS,Participant,Satna,"Q88,89,90",89_Yes,553.0,559.0,98.93
CLSS,Participant,Satna,"Q88,89,90",89_No,6.0,559.0,1.07
CLSS,Participant,Satna,"Q88,89,90",90_Yes,555.0,559.0,99.28
CLSS,Participant,Satna,"Q88,89,90",90_No,4.0,559.0,0.72
CLSS,Participant,Sehore,"Q88,89,90",88_Yes,3.0,3.0,100.0
CLSS,Participant,Sehore,"Q88,89,90",88_No,0.0,3.0,0.0
CLSS,Participant,Sehore,"Q88,89,90",89_Yes,3.0,3.0,100.0
CLSS,Participant,Sehore,"Q88,89,90",89_No,0.0,3.0,0.0
CLSS,Participant,Sehore,"Q88,89,90",90_Yes,3.0,3.0,100.0
CLSS,Participant,Sehore,"Q88,89,90",90_No,0.0,3.0,0.0
CLSS,Participant,Seoni,"Q88,89,90",88_Yes,685.0,687.0,99.71
CLSS,Participant,Seoni,"Q88,89,90",88_No,2.0,687.0,0.29
CLSS,Participant,Seoni,"Q88,89,90",89_Yes,683.0,687.0,99.42
CLSS,Participant,Seoni,"Q88,89,90",89_No,4.0,687.0,0.58
CLSS,Participant,Seoni,"Q88,89,90",90_Yes,682.0,687.0,99.27
CLSS,Participant,Seoni,"Q88,89,90",90_No,5.0,687.0,0.73
CLSS,Participant,Shahdol,"Q88,89,90",88_Yes,319.0,321.0,99.38
CLSS,Participant,Shahdol,"Q88,89,90",88_No,2.0,321.0,0.62
CLSS,Participant,Shahdol,"Q88,89,90",89_Yes,318.0,321.0,99.07
CLSS,Participant,Shahdol,"Q88,89,90",89_No,3.0,321.0,0.93
CLSS,Participant,Shahdol,"Q88,89,90",90_Yes,316.0,321.0,98.44
CLSS,Participant,Shahdol,"Q88,89,90",90_No,5.0,321.0,1.56
CLSS,Participant,Shajapur,"Q88,89,90",88_Yes,385.0,385.0,100.0
CLSS,Participant,Shajapur,"Q88,89,90",88_No,0.0,385.0,0.0
CLSS,Participant,Shajapur,"Q88,89,90",89_Yes,382.0,385.0,99.22
CLSS,Participant,Shajapur,"Q88,89,90",89_No,3.0,385.0,0.78
CLSS,Participant,Shajapur,"Q88,89,90",90_Yes,385.0,385.0,100.0
CLSS,Participant,Shajapur,"Q88,89,90",90_No,0.0,385.0,0.0
CLSS,Participant,Sheopur,"Q88,89,90",88_Yes,233.0,234.0,99.57
CLSS,Participant,Sheopur,"Q88,89,90",88_No,1.0,234.0,0.43
CLSS,Participant,Sheopur,"Q88,89,90",89_Yes,231.0,234.0,98.72
CLSS,Participant,Sheopur,"Q88,89,90",89_No,3.0,234.0,1.28
CLSS,Participant,Sheopur,"Q88,89,90",90_Yes,231.0,234.0,98.72
CLSS,Participant,Sheopur,"Q88,89,90",90_No,3.0,234.0,1.28
CLSS,Participant,Shivpuri,"Q88,89,90",88_Yes,408.0,412.0,99.03
CLSS,Participant,Shivpuri,"Q88,89,90",88_No,4.0,412.0,0.97
CLSS,Participant,Shivpuri,"Q88,89,90",89_Yes,412.0,412.0,100.0
CLSS,Participant,Shivpuri,"Q88,89,90",89_No,0.0,412.0,0.0
CLSS,Participant,Shivpuri,"Q88,89,90",90_Yes,410.0,412.0,99.51
CLSS,Participant,Shivpuri,"Q88,89,90",90_No,2.0,412.0,0.49
CLSS,Participant,Sidhi,"Q88,89,90",88_Yes,513.0,517.0,99.23
CLSS,Participant,Sidhi,"Q88,89,90",88_No,4.0,517.0,0.77
CLSS,Participant,Sidhi,"Q88,89,90",89_Yes,515.0,517.0,99.61
CLSS,Participant,Sidhi,"Q88,89,90",89_No,2.0,517.0,0.39
CLSS,Participant,Sidhi,"Q88,89,90",90_Yes,512.0,517.0,99.03
CLSS,Participant,Sidhi,"Q88,89,90",90_No,5.0,517.0,0.97
CLSS,Participant,Singrauli,"Q88,89,90",88_Yes,250.0,251.0,99.6
CLSS,Participant,Singrauli,"Q88,89,90",88_No,1.0,251.0,0.4
CLSS,Participant,Singrauli,"Q88,89,90",89_Yes,248.0,251.0,98.8
CLSS,Participant,Singrauli,"Q88,89,90",89_No,3.0,251.0,1.2
CLSS,Participant,Singrauli,"Q88,89,90",90_Yes,250.0,251.0,99.6
CLSS,Participant,Singrauli,"Q88,89,90",90_No,1.0,251.0,0.4
CLSS,Participant,Tikamgarh,"Q88,89,90",88_Yes,265.0,266.0,99.62
CLSS,Participant,Tikamgarh,"Q88,89,90",88_No,1.0,266.0,0.38
CLSS,Participant,Tikamgarh,"Q88,89,90",89_Yes,265.0,266.0,99.62
CLSS,Participant,Tikamgarh,"Q88,89,90",89_No,1.0,266.0,0.38
CLSS,Participant,Tikamgarh,"Q88,89,90",90_Yes,264.0,266.0,99.25
CLSS,Participant,Tikamgarh,"Q88,89,90",90_No,2.0,266.0,0.75
CLSS,Participant,Ujjain,"Q88,89,90",88_Yes,543.0,548.0,99.09
CLSS,Participant,Ujjain,"Q88,89,90",88_No,5.0,548.0,0.91
CLSS,Participant,Ujjain,"Q88,89,90",89_Yes,541.0,548.0,98.72
CLSS,Participant,Ujjain,"Q88,89,90",89_No,7.0,548.0,1.28
CLSS,Participant,Ujjain,"Q88,89,90",90_Yes,543.0,548.0,99.09
CLSS,Participant,Ujjain,"Q88,89,90",90_No,5.0,548.0,0.91
CLSS,Participant,Umaria,"Q88,89,90",88_Yes,254.0,256.0,99.22
CLSS,Participant,Umaria,"Q88,89,90",88_No,2.0,256.0,0.78
CLSS,Participant,Umaria,"Q88,89,90",89_Yes,254.0,256.0,99.22
CLSS,Participant,Umaria,"Q88,89,90",89_No,2.0,256.0,0.78
CLSS,Participant,Umaria,"Q88,89,90",90_Yes,254.0,256.0,99.22
CLSS,Participant,Umaria,"Q88,89,90",90_No,2.0,256.0,0.78
CLSS,Participant,Vidisha,"Q88,89,90",88_Yes,611.0,612.0,99.84
CLSS,Participant,Vidisha,"Q88,89,90",88_No,1.0,612.0,0.16
CLSS,Participant,Vidisha,"Q88,89,90",89_Yes,608.0,612.0,99.35
CLSS,Participant,Vidisha,"Q88,89,90",89_No,4.0,612.0,0.65
CLSS,Participant,Vidisha,"Q88,89,90",90_Yes,609.0,612.0,99.51
CLSS,Participant,Vidisha,"Q88,89,90",90_No,3.0,612.0,0.49
CLSS,Participant,Total,"Q88,89,90",88_Yes,23677.0,23785.0,99.55
CLSS,Participant,Total,"Q88,89,90",88_No,108.0,23785.0,0.45
CLSS,Participant,Total,"Q88,89,90",89_Yes,23592.0,23785.0,99.19
CLSS,Participant,Total,"Q88,89,90",89_No,193.0,23785.0,0.81
CLSS,Participant,Total,"Q88,89,90",90_Yes,23613.0,23785.0,99.28
CLSS,Participant,Total,"Q88,89,90",90_No,172.0,23785.0,0.72
CLSS,Participant,Agar Malwa,Q91,91.1,225.0,239.0,94.14
CLSS,Participant,Agar Malwa,Q91,91.2,19.0,239.0,7.95
CLSS,Participant,Agar Malwa,Q91,91.3,0.0,239.0,0.0
CLSS,Participant,Alirajpur,Q91,91.1,303.0,339.0,89.38
CLSS,Participant,Alirajpur,Q91,91.2,45.0,339.0,13.27
CLSS,Participant,Alirajpur,Q91,91.3,5.0,339.0,1.47
CLSS,Participant,Anuppur,Q91,91.1,257.0,278.0,92.45
CLSS,Participant,Anuppur,Q91,91.2,24.0,278.0,8.63
CLSS,Participant,Anuppur,Q91,91.3,2.0,278.0,0.72
CLSS,Participant,Ashoknagar,Q91,91.1,296.0,347.0,85.3
CLSS,Participant,Ashoknagar,Q91,91.2,54.0,347.0,15.56
CLSS,Participant,Ashoknagar,Q91,91.3,2.0,347.0,0.58
CLSS,Participant,Balaghat,Q91,91.1,703.0,802.0,87.66
CLSS,Participant,Balaghat,Q91,91.2,115.0,802.0,14.34
CLSS,Participant,Balaghat,Q91,91.3,5.0,802.0,0.62
CLSS,Participant,Barwani,Q91,91.1,501.0,565.0,88.67
CLSS,Participant,Barwani,Q91,91.2,74.0,565.0,13.1
CLSS,Participant,Barwani,Q91,91.3,1.0,565.0,0.18
CLSS,Participant,Betul,Q91,91.1,850.0,951.0,89.38
CLSS,Participant,Betul,Q91,91.2,117.0,951.0,12.3
CLSS,Participant,Betul,Q91,91.3,7.0,951.0,0.74
CLSS,Participant,Bhind,Q91,91.1,578.0,637.0,90.74
CLSS,Participant,Bhind,Q91,91.2,65.0,637.0,10.2
CLSS,Participant,Bhind,Q91,91.3,2.0,637.0,0.31
CLSS,Participant,Bhopal,Q91,91.1,275.0,321.0,85.67
CLSS,Participant,Bhopal,Q91,91.2,47.0,321.0,14.64
CLSS,Participant,Bhopal,Q91,91.3,0.0,321.0,0.0
CLSS,Participant,Burhanpur,Q91,91.1,136.0,147.0,92.52
CLSS,Participant,Burhanpur,Q91,91.2,14.0,147.0,9.52
CLSS,Participant,Burhanpur,Q91,91.3,0.0,147.0,0.0
CLSS,Participant,Chhatarpur,Q91,91.1,664.0,720.0,92.22
CLSS,Participant,Chhatarpur,Q91,91.2,67.0,720.0,9.31
CLSS,Participant,Chhatarpur,Q91,91.3,1.0,720.0,0.14
CLSS,Participant,Chhindwara,Q91,91.1,812.0,863.0,94.09
CLSS,Participant,Chhindwara,Q91,91.2,60.0,863.0,6.95
CLSS,Participant,Chhindwara,Q91,91.3,3.0,863.0,0.35
CLSS,Participant,Damoh,Q91,91.1,341.0,374.0,91.18
CLSS,Participant,Damoh,Q91,91.2,39.0,374.0,10.43
CLSS,Participant,Damoh,Q91,91.3,5.0,374.0,1.34
CLSS,Participant,Datia,Q91,91.1,303.0,338.0,89.64
CLSS,Participant,Datia,Q91,91.2,39.0,338.0,11.54
CLSS,Participant,Datia,Q91,91.3,3.0,338.0,0.89
CLSS,Participant,Dewas,Q91,91.1,1.0,1.0,100.0
CLSS,Participant,Dewas,Q91,91.2,0.0,1.0,0.0
CLSS,Participant,Dewas,Q91,91.3,0.0,1.0,0.0
CLSS,Participant,Dhar,Q91,91.1,739.0,839.0,88.08
CLSS,Participant,Dhar,Q91,91.2,112.0,839.0,13.35
CLSS,Participant,Dhar,Q91,91.3,3.0,839.0,0.36
CLSS,Participant,Dindori,Q91,91.1,288.0,310.0,92.9
CLSS,Participant,Dindori,Q91,91.2,28.0,310.0,9.03
CLSS,Participant,Dindori,Q91,91.3,1.0,310.0,0.32
CLSS,Participant,Guna,Q91,91.1,360.0,404.0,89.11
CLSS,Participant,Guna,Q91,91.2,48.0,404.0,11.88
CLSS,Participant,Guna,Q91,91.3,2.0,404.0,0.5
CLSS,Participant,Gwalior,Q91,91.1,464.0,527.0,88.05
CLSS,Participant,Gwalior,Q91,91.2,76.0,527.0,14.42
CLSS,Participant,Gwalior,Q91,91.3,6.0,527.0,1.14
CLSS,Participant,Harda,Q91,91.1,201.0,220.0,91.36
CLSS,Participant,Harda,Q91,91.2,22.0,220.0,10.0
CLSS,Participant,Harda,Q91,91.3,0.0,220.0,0.0
CLSS,Participant,Indore,Q91,91.1,411.0,459.0,89.54
CLSS,Participant,Indore,Q91,91.2,47.0,459.0,10.24
CLSS,Participant,Indore,Q91,91.3,3.0,459.0,0.65
CLSS,Participant,Jabalpur,Q91,91.1,372.0,410.0,90.73
CLSS,Participant,Jabalpur,Q91,91.2,38.0,410.0,9.27
CLSS,Participant,Jabalpur,Q91,91.3,3.0,410.0,0.73
CLSS,Participant,Jhabua,Q91,91.1,440.0,478.0,92.05
CLSS,Participant,Jhabua,Q91,91.2,46.0,478.0,9.62
CLSS,Participant,Jhabua,Q91,91.3,2.0,478.0,0.42
CLSS,Participant,Katni,Q91,91.1,387.0,435.0,88.97
CLSS,Participant,Katni,Q91,91.2,55.0,435.0,12.64
CLSS,Participant,Katni,Q91,91.3,3.0,435.0,0.69
CLSS,Participant,Khandwa,Q91,91.1,393.0,423.0,92.91
CLSS,Participant,Khandwa,Q91,91.2,39.0,423.0,9.22
CLSS,Participant,Khandwa,Q91,91.3,1.0,423.0,0.24
CLSS,Participant,Khargone,Q91,91.1,376.0,416.0,90.38
CLSS,Participant,Khargone,Q91,91.2,50.0,416.0,12.02
CLSS,Participant,Khargone,Q91,91.3,3.0,416.0,0.72
CLSS,Participant,Mandla,Q91,91.1,554.0,624.0,88.78
CLSS,Participant,Mandla,Q91,91.2,74.0,624.0,11.86
CLSS,Participant,Mandla,Q91,91.3,5.0,624.0,0.8
CLSS,Participant,Mandsaur,Q91,91.1,506.0,550.0,92.0
CLSS,Participant,Mandsaur,Q91,91.2,54.0,550.0,9.82
CLSS,Participant,Mandsaur,Q91,91.3,3.0,550.0,0.55
CLSS,Participant,Morena,Q91,91.1,666.0,731.0,91.11
CLSS,Participant,Morena,Q91,91.2,74.0,731.0,10.12
CLSS,Participant,Morena,Q91,91.3,4.0,731.0,0.55
CLSS,Participant,Narmadapuram,Q91,91.1,533.0,585.0,91.11
CLSS,Participant,Narmadapuram,Q91,91.2,52.0,585.0,8.89
CLSS,Participant,Narmadapuram,Q91,91.3,3.0,585.0,0.51
CLSS,Participant,Narsinghpur,Q91,91.1,448.0,471.0,95.12
CLSS,Participant,Narsinghpur,Q91,91.2,24.0,471.0,5.1
CLSS,Participant,Narsinghpur,Q91,91.3,1.0,471.0,0.21
CLSS,Participant,Neemuch,Q91,91.1,316.0,340.0,92.94
CLSS,Participant,Neemuch,Q91,91.2,32.0,340.0,9.41
CLSS,Participant,Neemuch,Q91,91.3,6.0,340.0,1.76
CLSS,Participant,Niwari,Q91,91.1,130.0,143.0,90.91
CLSS,Participant,Niwari,Q91,91.2,16.0,143.0,11.19
CLSS,Participant,Niwari,Q91,91.3,1.0,143.0,0.7
CLSS,Participant,Panna,Q91,91.1,572.0,614.0,93.16
CLSS,Participant,Panna,Q91,91.2,51.0,614.0,8.31
CLSS,Participant,Panna,Q91,91.3,1.0,614.0,0.16
CLSS,Participant,Raisen,Q91,91.1,511.0,546.0,93.59
CLSS,Participant,Raisen,Q91,91.2,40.0,546.0,7.33
CLSS,Participant,Raisen,Q91,91.3,3.0,546.0,0.55
CLSS,Participant,Rajgarh,Q91,91.1,607.0,651.0,93.24
CLSS,Participant,Rajgarh,Q91,91.2,57.0,651.0,8.76
CLSS,Participant,Rajgarh,Q91,91.3,3.0,651.0,0.46
CLSS,Participant,Ratlam,Q91,91.1,662.0,760.0,87.11
CLSS,Participant,Ratlam,Q91,91.2,107.0,760.0,14.08
CLSS,Participant,Ratlam,Q91,91.3,4.0,760.0,0.53
CLSS,Participant,Rewa,Q91,91.1,363.0,397.0,91.44
CLSS,Participant,Rewa,Q91,91.2,37.0,397.0,9.32
CLSS,Participant,Rewa,Q91,91.3,2.0,397.0,0.5
CLSS,Participant,Sagar,Q91,91.1,431.0,479.0,89.98
CLSS,Participant,Sagar,Q91,91.2,55.0,479.0,11.48
CLSS,Participant,Sagar,Q91,91.3,7.0,479.0,1.46
CLSS,Participant,Satna,Q91,91.1,504.0,559.0,90.16
CLSS,Participant,Satna,Q91,91.2,65.0,559.0,11.63
CLSS,Participant,Satna,Q91,91.3,4.0,559.0,0.72
CLSS,Participant,Sehore,Q91,91.1,2.0,3.0,66.67
CLSS,Participant,Sehore,Q91,91.2,1.0,3.0,33.33
CLSS,Participant,Sehore,Q91,91.3,0.0,3.0,0.0
CLSS,Participant,Seoni,Q91,91.1,615.0,687.0,89.52
CLSS,Participant,Seoni,Q91,91.2,78.0,687.0,11.35
CLSS,Participant,Seoni,Q91,91.3,1.0,687.0,0.15
CLSS,Participant,Shahdol,Q91,91.1,304.0,321.0,94.7
CLSS,Participant,Shahdol,Q91,91.2,19.0,321.0,5.92
CLSS,Participant,Shahdol,Q91,91.3,2.0,321.0,0.62
CLSS,Participant,Shajapur,Q91,91.1,356.0,385.0,92.47
CLSS,Participant,Shajapur,Q91,91.2,32.0,385.0,8.31
CLSS,Participant,Shajapur,Q91,91.3,2.0,385.0,0.52
CLSS,Participant,Sheopur,Q91,91.1,209.0,234.0,89.32
CLSS,Participant,Sheopur,Q91,91.2,31.0,234.0,13.25
CLSS,Participant,Sheopur,Q91,91.3,2.0,234.0,0.85
CLSS,Participant,Shivpuri,Q91,91.1,374.0,412.0,90.78
CLSS,Participant,Shivpuri,Q91,91.2,42.0,412.0,10.19
CLSS,Participant,Shivpuri,Q91,91.3,5.0,412.0,1.21
CLSS,Participant,Sidhi,Q91,91.1,489.0,517.0,94.58
CLSS,Participant,Sidhi,Q91,91.2,32.0,517.0,6.19
CLSS,Participant,Sidhi,Q91,91.3,6.0,517.0,1.16
CLSS,Participant,Singrauli,Q91,91.1,229.0,251.0,91.24
CLSS,Participant,Singrauli,Q91,91.2,24.0,251.0,9.56
CLSS,Participant,Singrauli,Q91,91.3,0.0,251.0,0.0
CLSS,Participant,Tikamgarh,Q91,91.1,235.0,266.0,88.35
CLSS,Participant,Tikamgarh,Q91,91.2,33.0,266.0,12.41
CLSS,Participant,Tikamgarh,Q91,91.3,2.0,266.0,0.75
CLSS,Participant,Ujjain,Q91,91.1,490.0,548.0,89.42
CLSS,Participant,Ujjain,Q91,91.2,63.0,548.0,11.5
CLSS,Participant,Ujjain,Q91,91.3,1.0,548.0,0.18
CLSS,Participant,Umaria,Q91,91.1,247.0,256.0,96.48
CLSS,Participant,Umaria,Q91,91.2,15.0,256.0,5.86
CLSS,Participant,Umaria,Q91,91.3,1.0,256.0,0.39
CLSS,Participant,Vidisha,Q91,91.1,559.0,612.0,91.34
CLSS,Participant,Vidisha,Q91,91.2,56.0,612.0,9.15
CLSS,Participant,Vidisha,Q91,91.3,6.0,612.0,0.98
CLSS,Participant,Total,Q91,91.1,21588.0,23785.0,90.76
CLSS,Participant,Total,Q91,91.2,2504.0,23785.0,10.53
CLSS,Participant,Total,Q91,91.3,138.0,23785.0,0.58
CLSS,Participant,Agar Malwa,Q95,95_Correct,95.0,239.0,39.75
CLSS,Participant,Alirajpur,Q95,95_Correct,124.0,339.0,36.58
CLSS,Participant,Anuppur,Q95,95_Correct,78.0,278.0,28.06
CLSS,Participant,Ashoknagar,Q95,95_Correct,129.0,347.0,37.18
CLSS,Participant,Balaghat,Q95,95_Correct,274.0,802.0,34.16
CLSS,Participant,Barwani,Q95,95_Correct,196.0,565.0,34.69
CLSS,Participant,Betul,Q95,95_Correct,333.0,951.0,35.02
CLSS,Participant,Bhind,Q95,95_Correct,190.0,637.0,29.83
CLSS,Participant,Bhopal,Q95,95_Correct,117.0,321.0,36.45
CLSS,Participant,Burhanpur,Q95,95_Correct,55.0,147.0,37.41
CLSS,Participant,Chhatarpur,Q95,95_Correct,247.0,720.0,34.31
CLSS,Participant,Chhindwara,Q95,95_Correct,321.0,863.0,37.2
CLSS,Participant,Damoh,Q95,95_Correct,109.0,374.0,29.14
CLSS,Participant,Datia,Q95,95_Correct,106.0,338.0,31.36
CLSS,Participant,Dewas,Q95,95_Correct,1.0,1.0,100.0
CLSS,Participant,Dhar,Q95,95_Correct,324.0,839.0,38.62
CLSS,Participant,Dindori,Q95,95_Correct,108.0,310.0,34.84
CLSS,Participant,Guna,Q95,95_Correct,133.0,404.0,32.92
CLSS,Participant,Gwalior,Q95,95_Correct,185.0,527.0,35.1
CLSS,Participant,Harda,Q95,95_Correct,70.0,220.0,31.82
CLSS,Participant,Indore,Q95,95_Correct,216.0,459.0,47.06
CLSS,Participant,Jabalpur,Q95,95_Correct,173.0,410.0,42.2
CLSS,Participant,Jhabua,Q95,95_Correct,163.0,478.0,34.1
CLSS,Participant,Katni,Q95,95_Correct,160.0,435.0,36.78
CLSS,Participant,Khandwa,Q95,95_Correct,152.0,423.0,35.93
CLSS,Participant,Khargone,Q95,95_Correct,149.0,416.0,35.82
CLSS,Participant,Mandla,Q95,95_Correct,253.0,624.0,40.54
CLSS,Participant,Mandsaur,Q95,95_Correct,178.0,550.0,32.36
CLSS,Participant,Morena,Q95,95_Correct,245.0,731.0,33.52
CLSS,Participant,Narmadapuram,Q95,95_Correct,245.0,585.0,41.88
CLSS,Participant,Narsinghpur,Q95,95_Correct,218.0,471.0,46.28
CLSS,Participant,Neemuch,Q95,95_Correct,130.0,340.0,38.24
CLSS,Participant,Niwari,Q95,95_Correct,52.0,143.0,36.36
CLSS,Participant,Panna,Q95,95_Correct,212.0,614.0,34.53
CLSS,Participant,Raisen,Q95,95_Correct,179.0,546.0,32.78
CLSS,Participant,Rajgarh,Q95,95_Correct,247.0,651.0,37.94
CLSS,Participant,Ratlam,Q95,95_Correct,262.0,760.0,34.47
CLSS,Participant,Rewa,Q95,95_Correct,135.0,397.0,34.01
CLSS,Participant,Sagar,Q95,95_Correct,175.0,479.0,36.53
CLSS,Participant,Satna,Q95,95_Correct,208.0,559.0,37.21
CLSS,Participant,Sehore,Q95,95_Correct,1.0,3.0,33.33
CLSS,Participant,Seoni,Q95,95_Correct,250.0,687.0,36.39
CLSS,Participant,Shahdol,Q95,95_Correct,112.0,321.0,34.89
CLSS,Participant,Shajapur,Q95,95_Correct,153.0,385.0,39.74
CLSS,Participant,Sheopur,Q95,95_Correct,104.0,234.0,44.44
CLSS,Participant,Shivpuri,Q95,95_Correct,115.0,412.0,27.91
CLSS,Participant,Sidhi,Q95,95_Correct,150.0,517.0,29.01
CLSS,Participant,Singrauli,Q95,95_Correct,79.0,251.0,31.47
CLSS,Participant,Tikamgarh,Q95,95_Correct,91.0,266.0,34.21
CLSS,Participant,Ujjain,Q95,95_Correct,198.0,548.0,36.13
CLSS,Participant,Umaria,Q95,95_Correct,101.0,256.0,39.45
CLSS,Participant,Vidisha,Q95,95_Correct,247.0,612.0,40.36
CLSS,Participant,Agar Malwa,Q96,96_Correct,165.0,239.0,69.04
CLSS,Participant,Alirajpur,Q96,96_Correct,210.0,339.0,61.95
CLSS,Participant,Anuppur,Q96,96_Correct,193.0,278.0,69.42
CLSS,Participant,Ashoknagar,Q96,96_Correct,223.0,347.0,64.27
CLSS,Participant,Balaghat,Q96,96_Correct,496.0,802.0,61.85
CLSS,Participant,Barwani,Q96,96_Correct,315.0,565.0,55.75
CLSS,Participant,Betul,Q96,96_Correct,577.0,951.0,60.67
CLSS,Participant,Bhind,Q96,96_Correct,356.0,637.0,55.89
CLSS,Participant,Bhopal,Q96,96_Correct,198.0,321.0,61.68
CLSS,Participant,Burhanpur,Q96,96_Correct,82.0,147.0,55.78
CLSS,Participant,Chhatarpur,Q96,96_Correct,446.0,720.0,61.94
CLSS,Participant,Chhindwara,Q96,96_Correct,563.0,863.0,65.24
CLSS,Participant,Damoh,Q96,96_Correct,211.0,374.0,56.42
CLSS,Participant,Datia,Q96,96_Correct,204.0,338.0,60.36
CLSS,Participant,Dewas,Q96,96_Correct,0.0,1.0,0.0
CLSS,Participant,Dhar,Q96,96_Correct,475.0,839.0,56.62
CLSS,Participant,Dindori,Q96,96_Correct,193.0,310.0,62.26
CLSS,Participant,Guna,Q96,96_Correct,244.0,404.0,60.4
CLSS,Participant,Gwalior,Q96,96_Correct,310.0,527.0,58.82
CLSS,Participant,Harda,Q96,96_Correct,144.0,220.0,65.45
CLSS,Participant,Indore,Q96,96_Correct,314.0,459.0,68.41
CLSS,Participant,Jabalpur,Q96,96_Correct,240.0,410.0,58.54
CLSS,Participant,Jhabua,Q96,96_Correct,280.0,478.0,58.58
CLSS,Participant,Katni,Q96,96_Correct,271.0,435.0,62.3
CLSS,Participant,Khandwa,Q96,96_Correct,273.0,423.0,64.54
CLSS,Participant,Khargone,Q96,96_Correct,241.0,416.0,57.93
CLSS,Participant,Mandla,Q96,96_Correct,368.0,624.0,58.97
CLSS,Participant,Mandsaur,Q96,96_Correct,348.0,550.0,63.27
CLSS,Participant,Morena,Q96,96_Correct,458.0,731.0,62.65
CLSS,Participant,Narmadapuram,Q96,96_Correct,385.0,585.0,65.81
CLSS,Participant,Narsinghpur,Q96,96_Correct,307.0,471.0,65.18
CLSS,Participant,Neemuch,Q96,96_Correct,216.0,340.0,63.53
CLSS,Participant,Niwari,Q96,96_Correct,74.0,143.0,51.75
CLSS,Participant,Panna,Q96,96_Correct,395.0,614.0,64.33
CLSS,Participant,Raisen,Q96,96_Correct,333.0,546.0,60.99
CLSS,Participant,Rajgarh,Q96,96_Correct,413.0,651.0,63.44
CLSS,Participant,Ratlam,Q96,96_Correct,471.0,760.0,61.97
CLSS,Participant,Rewa,Q96,96_Correct,249.0,397.0,62.72
CLSS,Participant,Sagar,Q96,96_Correct,297.0,479.0,62.0
CLSS,Participant,Satna,Q96,96_Correct,353.0,559.0,63.15
CLSS,Participant,Sehore,Q96,96_Correct,2.0,3.0,66.67
CLSS,Participant,Seoni,Q96,96_Correct,403.0,687.0,58.66
CLSS,Participant,Shahdol,Q96,96_Correct,188.0,321.0,58.57
CLSS,Participant,Shajapur,Q96,96_Correct,260.0,385.0,67.53
CLSS,Participant,Sheopur,Q96,96_Correct,165.0,234.0,70.51
CLSS,Participant,Shivpuri,Q96,96_Correct,251.0,412.0,60.92
CLSS,Participant,Sidhi,Q96,96_Correct,343.0,517.0,66.34
CLSS,Participant,Singrauli,Q96,96_Correct,156.0,251.0,62.15
CLSS,Participant,Tikamgarh,Q96,96_Correct,176.0,266.0,66.17
CLSS,Participant,Ujjain,Q96,96_Correct,352.0,548.0,64.23
CLSS,Participant,Umaria,Q96,96_Correct,164.0,256.0,64.06
CLSS,Participant,Vidisha,Q96,96_Correct,407.0,612.0,66.5
CLSS,Participant,Agar Malwa,Q97,97_Correct,91.0,239.0,38.08
CLSS,Participant,Alirajpur,Q97,97_Correct,102.0,339.0,30.09
CLSS,Participant,Anuppur,Q97,97_Correct,89.0,278.0,32.01
CLSS,Participant,Ashoknagar,Q97,97_Correct,100.0,347.0,28.82
CLSS,Participant,Balaghat,Q97,97_Correct,244.0,802.0,30.42
CLSS,Participant,Barwani,Q97,97_Correct,152.0,565.0,26.9
CLSS,Participant,Betul,Q97,97_Correct,314.0,951.0,33.02
CLSS,Participant,Bhind,Q97,97_Correct,201.0,637.0,31.55
CLSS,Participant,Bhopal,Q97,97_Correct,133.0,321.0,41.43
CLSS,Participant,Burhanpur,Q97,97_Correct,48.0,147.0,32.65
CLSS,Participant,Chhatarpur,Q97,97_Correct,210.0,720.0,29.17
CLSS,Participant,Chhindwara,Q97,97_Correct,345.0,863.0,39.98
CLSS,Participant,Damoh,Q97,97_Correct,128.0,374.0,34.22
CLSS,Participant,Datia,Q97,97_Correct,111.0,338.0,32.84
CLSS,Participant,Dewas,Q97,97_Correct,0.0,1.0,0.0
CLSS,Participant,Dhar,Q97,97_Correct,232.0,839.0,27.65
CLSS,Participant,Dindori,Q97,97_Correct,74.0,310.0,23.87
CLSS,Participant,Guna,Q97,97_Correct,133.0,404.0,32.92
CLSS,Participant,Gwalior,Q97,97_Correct,184.0,527.0,34.91
CLSS,Participant,Harda,Q97,97_Correct,89.0,220.0,40.45
CLSS,Participant,Indore,Q97,97_Correct,199.0,459.0,43.36
CLSS,Participant,Jabalpur,Q97,97_Correct,168.0,410.0,40.98
CLSS,Participant,Jhabua,Q97,97_Correct,130.0,478.0,27.2
CLSS,Participant,Katni,Q97,97_Correct,166.0,435.0,38.16
CLSS,Participant,Khandwa,Q97,97_Correct,125.0,423.0,29.55
CLSS,Participant,Khargone,Q97,97_Correct,144.0,416.0,34.62
CLSS,Participant,Mandla,Q97,97_Correct,215.0,624.0,34.46
CLSS,Participant,Mandsaur,Q97,97_Correct,162.0,550.0,29.45
CLSS,Participant,Morena,Q97,97_Correct,244.0,731.0,33.38
CLSS,Participant,Narmadapuram,Q97,97_Correct,233.0,585.0,39.83
CLSS,Participant,Narsinghpur,Q97,97_Correct,167.0,471.0,35.46
CLSS,Participant,Neemuch,Q97,97_Correct,142.0,340.0,41.76
CLSS,Participant,Niwari,Q97,97_Correct,41.0,143.0,28.67
CLSS,Participant,Panna,Q97,97_Correct,206.0,614.0,33.55
CLSS,Participant,Raisen,Q97,97_Correct,189.0,546.0,34.62
CLSS,Participant,Rajgarh,Q97,97_Correct,228.0,651.0,35.02
CLSS,Participant,Ratlam,Q97,97_Correct,262.0,760.0,34.47
CLSS,Participant,Rewa,Q97,97_Correct,148.0,397.0,37.28
CLSS,Participant,Sagar,Q97,97_Correct,165.0,479.0,34.45
CLSS,Participant,Satna,Q97,97_Correct,202.0,559.0,36.14
CLSS,Participant,Sehore,Q97,97_Correct,1.0,3.0,33.33
CLSS,Participant,Seoni,Q97,97_Correct,206.0,687.0,29.99
CLSS,Participant,Shahdol,Q97,97_Correct,101.0,321.0,31.46
CLSS,Participant,Shajapur,Q97,97_Correct,176.0,385.0,45.71
CLSS,Participant,Sheopur,Q97,97_Correct,109.0,234.0,46.58
CLSS,Participant,Shivpuri,Q97,97_Correct,126.0,412.0,30.58
CLSS,Participant,Sidhi,Q97,97_Correct,155.0,517.0,29.98
CLSS,Participant,Singrauli,Q97,97_Correct,57.0,251.0,22.71
CLSS,Participant,Tikamgarh,Q97,97_Correct,86.0,266.0,32.33
CLSS,Participant,Ujjain,Q97,97_Correct,201.0,548.0,36.68
CLSS,Participant,Umaria,Q97,97_Correct,84.0,256.0,32.81
CLSS,Participant,Vidisha,Q97,97_Correct,236.0,612.0,38.56
DO,Observer,Agar Malwa,Q25,25_Correct,2.0,2.0,100.0
DO,Observer,Alirajpur,Q25,25_Correct,2.0,2.0,100.0
DO,Observer,Ashoknagar,Q25,25_Correct,1.0,1.0,100.0
DO,Observer,Balaghat,Q25,25_Correct,1.0,1.0,100.0
DO,Observer,Barwani,Q25,25_Correct,1.0,1.0,100.0
DO,Observer,Betul,Q25,25_Correct,1.0,1.0,100.0
DO,Observer,Bhopal,Q25,25_Correct,1.0,1.0,100.0
DO,Observer,Chhatarpur,Q25,25_Correct,1.0,1.0,100.0
DO,Observer,Chhindwara,Q25,25_Correct,3.0,3.0,100.0
DO,Observer,Damoh,Q25,25_Correct,1.0,1.0,100.0
DO,Observer,Datia,Q25,25_Correct,3.0,3.0,100.0
DO,Observer,Dhar,Q25,25_Correct,2.0,2.0,100.0
DO,Observer,Guna,Q25,25_Correct,3.0,3.0,100.0
DO,Observer,Gwalior,Q25,25_Correct,1.0,1.0,100.0
DO,Observer,Indore,Q25,25_Correct,2.0,2.0,100.0
DO,Observer,Jabalpur,Q25,25_Correct,2.0,2.0,100.0
DO,Observer,Jhabua,Q25,25_Correct,2.0,2.0,100.0
DO,Observer,Katni,Q25,25_Correct,2.0,2.0,100.0
DO,Observer,Khargone,Q25,25_Correct,2.0,2.0,100.0
DO,Observer,Mandla,Q25,25_Correct,1.0,1.0,100.0
DO,Observer,Morena,Q25,25_Correct,1.0,1.0,100.0
DO,Observer,Narmadapuram,Q25,25_Correct,2.0,2.0,100.0
DO,Observer,Narsinghpur,Q25,25_Correct,1.0,1.0,100.0
DO,Observer,Neemuch,Q25,25_Correct,1.0,1.0,100.0
DO,Observer,Niwari,Q25,25_Correct,1.0,1.0,100.0
DO,Observer,Panna,Q25,25_Correct,2.0,2.0,100.0
DO,Observer,Ratlam,Q25,25_Correct,1.0,1.0,100.0
DO,Observer,Rewa,Q25,25_Correct,1.0,1.0,100.0
DO,Observer,Sagar,Q25,25_Correct,1.0,1.0,100.0
DO,Observer,Satna,Q25,25_Correct,1.0,1.0,100.0
DO,Observer,Seoni,Q25,25_Correct,1.0,1.0,100.0
DO,Observer,Shajapur,Q25,25_Correct,2.0,2.0,100.0
DO,Observer,Sheopur,Q25,25_Correct,2.0,2.0,100.0
DO,Observer,Shivpuri,Q25,25_Correct,1.0,1.0,100.0
DO,Observer,Tikamgarh,Q25,25_Correct,3.0,3.0,100.0
DO,Observer,Umaria,Q25,25_Correct,1.0,1.0,100.0
DO,Observer,Total,Q25,25_Correct,56.0,56.0,100.0
DO,Observer,Agar Malwa,Q46,46.1,2.0,2.0,100.0
DO,Observer,Agar Malwa,Q46,46.2,2.0,2.0,100.0
DO,Observer,Agar Malwa,Q46,46.3,2.0,2.0,100.0
DO,Observer,Agar Malwa,Q46,46.4,2.0,2.0,100.0
DO,Observer,Agar Malwa,Q46,46.5,2.0,2.0,100.0
DO,Observer,Agar Malwa,Q46,46.6,2.0,2.0,100.0
DO,Observer,Agar Malwa,Q46,46.7,2.0,2.0,100.0
DO,Observer,Alirajpur,Q46,46.1,2.0,2.0,100.0
DO,Observer,Alirajpur,Q46,46.2,2.0,2.0,100.0
DO,Observer,Alirajpur,Q46,46.3,1.0,2.0,50.0
DO,Observer,Alirajpur,Q46,46.4,2.0,2.0,100.0
DO,Observer,Alirajpur,Q46,46.5,2.0,2.0,100.0
DO,Observer,Alirajpur,Q46,46.6,2.0,2.0,100.0
DO,Observer,Alirajpur,Q46,46.7,2.0,2.0,100.0
DO,Observer,Ashoknagar,Q46,46.1,1.0,1.0,100.0
DO,Observer,Ashoknagar,Q46,46.2,1.0,1.0,100.0
DO,Observer,Ashoknagar,Q46,46.3,1.0,1.0,100.0
DO,Observer,Ashoknagar,Q46,46.4,1.0,1.0,100.0
DO,Observer,Ashoknagar,Q46,46.5,1.0,1.0,100.0
DO,Observer,Ashoknagar,Q46,46.6,1.0,1.0,100.0
DO,Observer,Ashoknagar,Q46,46.7,1.0,1.0,100.0
DO,Observer,Balaghat,Q46,46.1,1.0,1.0,100.0
DO,Observer,Balaghat,Q46,46.2,1.0,1.0,100.0
DO,Observer,Balaghat,Q46,46.3,1.0,1.0,100.0
DO,Observer,Balaghat,Q46,46.4,1.0,1.0,100.0
DO,Observer,Balaghat,Q46,46.5,1.0,1.0,100.0
DO,Observer,Balaghat,Q46,46.6,1.0,1.0,100.0
DO,Observer,Balaghat,Q46,46.7,1.0,1.0,100.0
DO,Observer,Barwani,Q46,46.1,1.0,1.0,100.0
DO,Observer,Barwani,Q46,46.2,1.0,1.0,100.0
DO,Observer,Barwani,Q46,46.3,1.0,1.0,100.0
DO,Observer,Barwani,Q46,46.4,1.0,1.0,100.0
DO,Observer,Barwani,Q46,46.5,1.0,1.0,100.0
DO,Observer,Barwani,Q46,46.6,1.0,1.0,100.0
DO,Observer,Barwani,Q46,46.7,1.0,1.0,100.0
DO,Observer,Betul,Q46,46.1,1.0,1.0,100.0
DO,Observer,Betul,Q46,46.2,0.0,1.0,0.0
DO,Observer,Betul,Q46,46.3,0.0,1.0,0.0
DO,Observer,Betul,Q46,46.4,0.0,1.0,0.0
DO,Observer,Betul,Q46,46.5,0.0,1.0,0.0
DO,Observer,Betul,Q46,46.6,0.0,1.0,0.0
DO,Observer,Betul,Q46,46.7,0.0,1.0,0.0
DO,Observer,Bhopal,Q46,46.1,1.0,1.0,100.0
DO,Observer,Bhopal,Q46,46.2,1.0,1.0,100.0
DO,Observer,Bhopal,Q46,46.3,1.0,1.0,100.0
DO,Observer,Bhopal,Q46,46.4,1.0,1.0,100.0
DO,Observer,Bhopal,Q46,46.5,1.0,1.0,100.0
DO,Observer,Bhopal,Q46,46.6,1.0,1.0,100.0
DO,Observer,Bhopal,Q46,46.7,1.0,1.0,100.0
DO,Observer,Chhatarpur,Q46,46.1,1.0,1.0,100.0
DO,Observer,Chhatarpur,Q46,46.2,1.0,1.0,100.0
DO,Observer,Chhatarpur,Q46,46.3,1.0,1.0,100.0
DO,Observer,Chhatarpur,Q46,46.4,1.0,1.0,100.0
DO,Observer,Chhatarpur,Q46,46.5,1.0,1.0,100.0
DO,Observer,Chhatarpur,Q46,46.6,1.0,1.0,100.0
DO,Observer,Chhatarpur,Q46,46.7,1.0,1.0,100.0
DO,Observer,Chhindwara,Q46,46.1,3.0,3.0,100.0
DO,Observer,Chhindwara,Q46,46.2,3.0,3.0,100.0
DO,Observer,Chhindwara,Q46,46.3,3.0,3.0,100.0
DO,Observer,Chhindwara,Q46,46.4,2.0,3.0,66.67
DO,Observer,Chhindwara,Q46,46.5,3.0,3.0,100.0
DO,Observer,Chhindwara,Q46,46.6,3.0,3.0,100.0
DO,Observer,Chhindwara,Q46,46.7,3.0,3.0,100.0
DO,Observer,Damoh,Q46,46.1,1.0,1.0,100.0
DO,Observer,Damoh,Q46,46.2,1.0,1.0,100.0
DO,Observer,Damoh,Q46,46.3,1.0,1.0,100.0
DO,Observer,Damoh,Q46,46.4,1.0,1.0,100.0
DO,Observer,Damoh,Q46,46.5,1.0,1.0,100.0
DO,Observer,Damoh,Q46,46.6,1.0,1.0,100.0
DO,Observer,Damoh,Q46,46.7,1.0,1.0,100.0
DO,Observer,Datia,Q46,46.1,3.0,3.0,100.0
DO,Observer,Datia,Q46,46.2,3.0,3.0,100.0
DO,Observer,Datia,Q46,46.3,3.0,3.0,100.0
DO,Observer,Datia,Q46,46.4,3.0,3.0,100.0
DO,Observer,Datia,Q46,46.5,3.0,3.0,100.0
DO,Observer,Datia,Q46,46.6,3.0,3.0,100.0
DO,Observer,Datia,Q46,46.7,3.0,3.0,100.0
DO,Observer,Dhar,Q46,46.1,2.0,2.0,100.0
DO,Observer,Dhar,Q46,46.2,2.0,2.0,100.0
DO,Observer,Dhar,Q46,46.3,2.0,2.0,100.0
DO,Observer,Dhar,Q46,46.4,2.0,2.0,100.0
DO,Observer,Dhar,Q46,46.5,2.0,2.0,100.0
DO,Observer,Dhar,Q46,46.6,2.0,2.0,100.0
DO,Observer,Dhar,Q46,46.7,2.0,2.0,100.0
DO,Observer,Guna,Q46,46.1,3.0,3.0,100.0
DO,Observer,Guna,Q46,46.2,3.0,3.0,100.0
DO,Observer,Guna,Q46,46.3,3.0,3.0,100.0
DO,Observer,Guna,Q46,46.4,3.0,3.0,100.0
DO,Observer,Guna,Q46,46.5,3.0,3.0,100.0
DO,Observer,Guna,Q46,46.6,3.0,3.0,100.0
DO,Observer,Guna,Q46,46.7,3.0,3.0,100.0
DO,Observer,Gwalior,Q46,46.1,1.0,1.0,100.0
DO,Observer,Gwalior,Q46,46.2,1.0,1.0,100.0
DO,Observer,Gwalior,Q46,46.3,0.0,1.0,0.0
DO,Observer,Gwalior,Q46,46.4,1.0,1.0,100.0
DO,Observer,Gwalior,Q46,46.5,1.0,1.0,100.0
DO,Observer,Gwalior,Q46,46.6,1.0,1.0,100.0
DO,Observer,Gwalior,Q46,46.7,1.0,1.0,100.0
DO,Observer,Indore,Q46,46.1,2.0,2.0,100.0
DO,Observer,Indore,Q46,46.2,2.0,2.0,100.0
DO,Observer,Indore,Q46,46.3,2.0,2.0,100.0
DO,Observer,Indore,Q46,46.4,2.0,2.0,100.0
DO,Observer,Indore,Q46,46.5,2.0,2.0,100.0
DO,Observer,Indore,Q46,46.6,2.0,2.0,100.0
DO,Observer,Indore,Q46,46.7,2.0,2.0,100.0
DO,Observer,Jabalpur,Q46,46.1,2.0,2.0,100.0
DO,Observer,Jabalpur,Q46,46.2,2.0,2.0,100.0
DO,Observer,Jabalpur,Q46,46.3,2.0,2.0,100.0
DO,Observer,Jabalpur,Q46,46.4,2.0,2.0,100.0
DO,Observer,Jabalpur,Q46,46.5,2.0,2.0,100.0
DO,Observer,Jabalpur,Q46,46.6,2.0,2.0,100.0
DO,Observer,Jabalpur,Q46,46.7,2.0,2.0,100.0
DO,Observer,Jhabua,Q46,46.1,2.0,2.0,100.0
DO,Observer,Jhabua,Q46,46.2,2.0,2.0,100.0
DO,Observer,Jhabua,Q46,46.3,1.0,2.0,50.0
DO,Observer,Jhabua,Q46,46.4,2.0,2.0,100.0
DO,Observer,Jhabua,Q46,46.5,2.0,2.0,100.0
DO,Observer,Jhabua,Q46,46.6,2.0,2.0,100.0
DO,Observer,Jhabua,Q46,46.7,2.0,2.0,100.0
DO,Observer,Katni,Q46,46.1,2.0,2.0,100.0
DO,Observer,Katni,Q46,46.2,2.0,2.0,100.0
DO,Observer,Katni,Q46,46.3,2.0,2.0,100.0
DO,Observer,Katni,Q46,46.4,2.0,2.0,100.0
DO,Observer,Katni,Q46,46.5,2.0,2.0,100.0
DO,Observer,Katni,Q46,46.6,2.0,2.0,100.0
DO,Observer,Katni,Q46,46.7,2.0,2.0,100.0
DO,Observer,Khargone,Q46,46.1,2.0,2.0,100.0
DO,Observer,Khargone,Q46,46.2,2.0,2.0,100.0
DO,Observer,Khargone,Q46,46.3,2.0,2.0,100.0
DO,Observer,Khargone,Q46,46.4,2.0,2.0,100.0
DO,Observer,Khargone,Q46,46.5,2.0,2.0,100.0
DO,Observer,Khargone,Q46,46.6,2.0,2.0,100.0
DO,Observer,Khargone,Q46,46.7,2.0,2.0,100.0
DO,Observer,Mandla,Q46,46.1,1.0,1.0,100.0
DO,Observer,Mandla,Q46,46.2,1.0,1.0,100.0
DO,Observer,Mandla,Q46,46.3,1.0,1.0,100.0
DO,Observer,Mandla,Q46,46.4,1.0,1.0,100.0
DO,Observer,Mandla,Q46,46.5,1.0,1.0,100.0
DO,Observer,Mandla,Q46,46.6,1.0,1.0,100.0
DO,Observer,Mandla,Q46,46.7,1.0,1.0,100.0
DO,Observer,Morena,Q46,46.1,1.0,1.0,100.0
DO,Observer,Morena,Q46,46.2,1.0,1.0,100.0
DO,Observer,Morena,Q46,46.3,1.0,1.0,100.0
DO,Observer,Morena,Q46,46.4,1.0,1.0,100.0
DO,Observer,Morena,Q46,46.5,1.0,1.0,100.0
DO,Observer,Morena,Q46,46.6,1.0,1.0,100.0
DO,Observer,Morena,Q46,46.7,1.0,1.0,100.0
DO,Observer,Narmadapuram,Q46,46.1,2.0,2.0,100.0
DO,Observer,Narmadapuram,Q46,46.2,2.0,2.0,100.0
DO,Observer,Narmadapuram,Q46,46.3,2.0,2.0,100.0
DO,Observer,Narmadapuram,Q46,46.4,2.0,2.0,100.0
DO,Observer,Narmadapuram,Q46,46.5,2.0,2.0,100.0
DO,Observer,Narmadapuram,Q46,46.6,2.0,2.0,100.0
DO,Observer,Narmadapuram,Q46,46.7,2.0,2.0,100.0
DO,Observer,Narsinghpur,Q46,46.1,1.0,1.0,100.0
DO,Observer,Narsinghpur,Q46,46.2,1.0,1.0,100.0
DO,Observer,Narsinghpur,Q46,46.3,1.0,1.0,100.0
DO,Observer,Narsinghpur,Q46,46.4,1.0,1.0,100.0
DO,Observer,Narsinghpur,Q46,46.5,1.0,1.0,100.0
DO,Observer,Narsinghpur,Q46,46.6,1.0,1.0,100.0
DO,Observer,Narsinghpur,Q46,46.7,1.0,1.0,100.0
DO,Observer,Neemuch,Q46,46.1,1.0,1.0,100.0
DO,Observer,Neemuch,Q46,46.2,1.0,1.0,100.0
DO,Observer,Neemuch,Q46,46.3,1.0,1.0,100.0
DO,Observer,Neemuch,Q46,46.4,1.0,1.0,100.0
DO,Observer,Neemuch,Q46,46.5,1.0,1.0,100.0
DO,Observer,Neemuch,Q46,46.6,0.0,1.0,0.0
DO,Observer,Neemuch,Q46,46.7,0.0,1.0,0.0
DO,Observer,Niwari,Q46,46.1,1.0,1.0,100.0
DO,Observer,Niwari,Q46,46.2,1.0,1.0,100.0
DO,Observer,Niwari,Q46,46.3,1.0,1.0,100.0
DO,Observer,Niwari,Q46,46.4,1.0,1.0,100.0
DO,Observer,Niwari,Q46,46.5,1.0,1.0,100.0
DO,Observer,Niwari,Q46,46.6,1.0,1.0,100.0
DO,Observer,Niwari,Q46,46.7,1.0,1.0,100.0
DO,Observer,Panna,Q46,46.1,1.0,2.0,50.0
DO,Observer,Panna,Q46,46.2,1.0,2.0,50.0
DO,Observer,Panna,Q46,46.3,1.0,2.0,50.0
DO,Observer,Panna,Q46,46.4,1.0,2.0,50.0
DO,Observer,Panna,Q46,46.5,1.0,2.0,50.0
DO,Observer,Panna,Q46,46.6,2.0,2.0,100.0
DO,Observer,Panna,Q46,46.7,2.0,2.0,100.0
DO,Observer,Ratlam,Q46,46.1,1.0,1.0,100.0
DO,Observer,Ratlam,Q46,46.2,1.0,1.0,100.0
DO,Observer,Ratlam,Q46,46.3,1.0,1.0,100.0
DO,Observer,Ratlam,Q46,46.4,1.0,1.0,100.0
DO,Observer,Ratlam,Q46,46.5,1.0,1.0,100.0
DO,Observer,Ratlam,Q46,46.6,1.0,1.0,100.0
DO,Observer,Ratlam,Q46,46.7,1.0,1.0,100.0
DO,Observer,Rewa,Q46,46.1,1.0,1.0,100.0
DO,Observer,Rewa,Q46,46.2,1.0,1.0,100.0
DO,Observer,Rewa,Q46,46.3,1.0,1.0,100.0
DO,Observer,Rewa,Q46,46.4,1.0,1.0,100.0
DO,Observer,Rewa,Q46,46.5,1.0,1.0,100.0
DO,Observer,Rewa,Q46,46.6,1.0,1.0,100.0
DO,Observer,Rewa,Q46,46.7,1.0,1.0,100.0
DO,Observer,Sagar,Q46,46.1,1.0,1.0,100.0
DO,Observer,Sagar,Q46,46.2,1.0,1.0,100.0
DO,Observer,Sagar,Q46,46.3,1.0,1.0,100.0
DO,Observer,Sagar,Q46,46.4,1.0,1.0,100.0
DO,Observer,Sagar,Q46,46.5,1.0,1.0,100.0
DO,Observer,Sagar,Q46,46.6,1.0,1.0,100.0
DO,Observer,Sagar,Q46,46.7,1.0,1.0,100.0
DO,Observer,Satna,Q46,46.1,1.0,1.0,100.0
DO,Observer,Satna,Q46,46.2,1.0,1.0,100.0
DO,Observer,Satna,Q46,46.3,1.0,1.0,100.0
DO,Observer,Satna,Q46,46.4,1.0,1.0,100.0
DO,Observer,Satna,Q46,46.5,1.0,1.0,100.0
DO,Observer,Satna,Q46,46.6,1.0,1.0,100.0
DO,Observer,Satna,Q46,46.7,1.0,1.0,100.0
DO,Observer,Seoni,Q46,46.1,1.0,1.0,100.0
DO,Observer,Seoni,Q46,46.2,1.0,1.0,100.0
DO,Observer,Seoni,Q46,46.3,0.0,1.0,0.0
DO,Observer,Seoni,Q46,46.4,1.0,1.0,100.0
DO,Observer,Seoni,Q46,46.5,1.0,1.0,100.0
DO,Observer,Seoni,Q46,46.6,1.0,1.0,100.0
DO,Observer,Seoni,Q46,46.7,1.0,1.0,100.0
DO,Observer,Shajapur,Q46,46.1,2.0,2.0,100.0
DO,Observer,Shajapur,Q46,46.2,2.0,2.0,100.0
DO,Observer,Shajapur,Q46,46.3,2.0,2.0,100.0
DO,Observer,Shajapur,Q46,46.4,2.0,2.0,100.0
DO,Observer,Shajapur,Q46,46.5,2.0,2.0,100.0
DO,Observer,Shajapur,Q46,46.6,2.0,2.0,100.0
DO,Observer,Shajapur,Q46,46.7,2.0,2.0,100.0
DO,Observer,Sheopur,Q46,46.1,2.0,2.0,100.0
DO,Observer,Sheopur,Q46,46.2,2.0,2.0,100.0
DO,Observer,Sheopur,Q46,46.3,2.0,2.0,100.0
DO,Observer,Sheopur,Q46,46.4,2.0,2.0,100.0
DO,Observer,Sheopur,Q46,46.5,2.0,2.0,100.0
DO,Observer,Sheopur,Q46,46.6,2.0,2.0,100.0
DO,Observer,Sheopur,Q46,46.7,2.0,2.0,100.0
DO,Observer,Shivpuri,Q46,46.1,1.0,1.0,100.0
DO,Observer,Shivpuri,Q46,46.2,1.0,1.0,100.0
DO,Observer,Shivpuri,Q46,46.3,1.0,1.0,100.0
DO,Observer,Shivpuri,Q46,46.4,1.0,1.0,100.0
DO,Observer,Shivpuri,Q46,46.5,1.0,1.0,100.0
DO,Observer,Shivpuri,Q46,46.6,0.0,1.0,0.0
DO,Observer,Shivpuri,Q46,46.7,0.0,1.0,0.0
DO,Observer,Tikamgarh,Q46,46.1,3.0,3.0,100.0
DO,Observer,Tikamgarh,Q46,46.2,3.0,3.0,100.0
DO,Observer,Tikamgarh,Q46,46.3,3.0,3.0,100.0
DO,Observer,Tikamgarh,Q46,46.4,3.0,3.0,100.0
DO,Observer,Tikamgarh,Q46,46.5,3.0,3.0,100.0
DO,Observer,Tikamgarh,Q46,46.6,2.0,3.0,66.67
DO,Observer,Tikamgarh,Q46,46.7,2.0,3.0,66.67
DO,Observer,Umaria,Q46,46.1,1.0,1.0,100.0
DO,Observer,Umaria,Q46,46.2,1.0,1.0,100.0
DO,Observer,Umaria,Q46,46.3,1.0,1.0,100.0
DO,Observer,Umaria,Q46,46.4,1.0,1.0,100.0
DO,Observer,Umaria,Q46,46.5,1.0,1.0,100.0
DO,Observer,Umaria,Q46,46.6,1.0,1.0,100.0
DO,Observer,Umaria,Q46,46.7,1.0,1.0,100.0
DO,Observer,Total,Q46,46.1,55.0,56.0,98.21
DO,Observer,Total,Q46,46.2,54.0,56.0,96.43
DO,Observer,Total,Q46,46.3,50.0,56.0,89.29
DO,Observer,Total,Q46,46.4,53.0,56.0,94.64
DO,Observer,Total,Q46,46.5,54.0,56.0,96.43
DO,Observer,Total,Q46,46.6,52.0,56.0,92.86
DO,Observer,Total,Q46,46.7,52.0,56.0,92.86
DO,Observer,Agar Malwa,Q47,47.1,2.0,2.0,100.0
DO,Observer,Agar Malwa,Q47,47.2,2.0,2.0,100.0
DO,Observer,Agar Malwa,Q47,47.3,2.0,2.0,100.0
DO,Observer,Agar Malwa,Q47,47.4,2.0,2.0,100.0
DO,Observer,Agar Malwa,Q47,47.5,2.0,2.0,100.0
DO,Observer,Alirajpur,Q47,47.1,2.0,2.0,100.0
DO,Observer,Alirajpur,Q47,47.2,2.0,2.0,100.0
DO,Observer,Alirajpur,Q47,47.3,2.0,2.0,100.0
DO,Observer,Alirajpur,Q47,47.4,2.0,2.0,100.0
DO,Observer,Alirajpur,Q47,47.5,2.0,2.0,100.0
DO,Observer,Ashoknagar,Q47,47.1,1.0,1.0,100.0
DO,Observer,Ashoknagar,Q47,47.2,1.0,1.0,100.0
DO,Observer,Ashoknagar,Q47,47.3,1.0,1.0,100.0
DO,Observer,Ashoknagar,Q47,47.4,1.0,1.0,100.0
DO,Observer,Ashoknagar,Q47,47.5,1.0,1.0,100.0
DO,Observer,Balaghat,Q47,47.1,1.0,1.0,100.0
DO,Observer,Balaghat,Q47,47.2,1.0,1.0,100.0
DO,Observer,Balaghat,Q47,47.3,1.0,1.0,100.0
DO,Observer,Balaghat,Q47,47.4,1.0,1.0,100.0
DO,Observer,Balaghat,Q47,47.5,1.0,1.0,100.0
DO,Observer,Barwani,Q47,47.1,1.0,1.0,100.0
DO,Observer,Barwani,Q47,47.2,1.0,1.0,100.0
DO,Observer,Barwani,Q47,47.3,1.0,1.0,100.0
DO,Observer,Barwani,Q47,47.4,1.0,1.0,100.0
DO,Observer,Barwani,Q47,47.5,1.0,1.0,100.0
DO,Observer,Betul,Q47,47.1,0.0,1.0,0.0
DO,Observer,Betul,Q47,47.2,0.0,1.0,0.0
DO,Observer,Betul,Q47,47.3,1.0,1.0,100.0
DO,Observer,Betul,Q47,47.4,0.0,1.0,0.0
DO,Observer,Betul,Q47,47.5,0.0,1.0,0.0
DO,Observer,Bhopal,Q47,47.1,1.0,1.0,100.0
DO,Observer,Bhopal,Q47,47.2,1.0,1.0,100.0
DO,Observer,Bhopal,Q47,47.3,1.0,1.0,100.0
DO,Observer,Bhopal,Q47,47.4,1.0,1.0,100.0
DO,Observer,Bhopal,Q47,47.5,1.0,1.0,100.0
DO,Observer,Chhatarpur,Q47,47.1,0.0,1.0,0.0
DO,Observer,Chhatarpur,Q47,47.2,1.0,1.0,100.0
DO,Observer,Chhatarpur,Q47,47.3,1.0,1.0,100.0
DO,Observer,Chhatarpur,Q47,47.4,1.0,1.0,100.0
DO,Observer,Chhatarpur,Q47,47.5,1.0,1.0,100.0
DO,Observer,Chhindwara,Q47,47.1,2.0,3.0,66.67
DO,Observer,Chhindwara,Q47,47.2,3.0,3.0,100.0
DO,Observer,Chhindwara,Q47,47.3,3.0,3.0,100.0
DO,Observer,Chhindwara,Q47,47.4,3.0,3.0,100.0
DO,Observer,Chhindwara,Q47,47.5,3.0,3.0,100.0
DO,Observer,Damoh,Q47,47.1,0.0,1.0,0.0
DO,Observer,Damoh,Q47,47.2,1.0,1.0,100.0
DO,Observer,Damoh,Q47,47.3,1.0,1.0,100.0
DO,Observer,Damoh,Q47,47.4,1.0,1.0,100.0
DO,Observer,Damoh,Q47,47.5,1.0,1.0,100.0
DO,Observer,Datia,Q47,47.1,3.0,3.0,100.0
DO,Observer,Datia,Q47,47.2,3.0,3.0,100.0
DO,Observer,Datia,Q47,47.3,3.0,3.0,100.0
DO,Observer,Datia,Q47,47.4,3.0,3.0,100.0
DO,Observer,Datia,Q47,47.5,3.0,3.0,100.0
DO,Observer,Dhar,Q47,47.1,2.0,2.0,100.0
DO,Observer,Dhar,Q47,47.2,2.0,2.0,100.0
DO,Observer,Dhar,Q47,47.3,2.0,2.0,100.0
DO,Observer,Dhar,Q47,47.4,2.0,2.0,100.0
DO,Observer,Dhar,Q47,47.5,2.0,2.0,100.0
DO,Observer,Guna,Q47,47.1,3.0,3.0,100.0
DO,Observer,Guna,Q47,47.2,3.0,3.0,100.0
DO,Observer,Guna,Q47,47.3,3.0,3.0,100.0
DO,Observer,Guna,Q47,47.4,3.0,3.0,100.0
DO,Observer,Guna,Q47,47.5,3.0,3.0,100.0
DO,Observer,Gwalior,Q47,47.1,0.0,1.0,0.0
DO,Observer,Gwalior,Q47,47.2,1.0,1.0,100.0
DO,Observer,Gwalior,Q47,47.3,0.0,1.0,0.0
DO,Observer,Gwalior,Q47,47.4,1.0,1.0,100.0
DO,Observer,Gwalior,Q47,47.5,1.0,1.0,100.0
DO,Observer,Indore,Q47,47.1,2.0,2.0,100.0
DO,Observer,Indore,Q47,47.2,2.0,2.0,100.0
DO,Observer,Indore,Q47,47.3,2.0,2.0,100.0
DO,Observer,Indore,Q47,47.4,2.0,2.0,100.0
DO,Observer,Indore,Q47,47.5,2.0,2.0,100.0
DO,Observer,Jabalpur,Q47,47.1,1.0,2.0,50.0
DO,Observer,Jabalpur,Q47,47.2,2.0,2.0,100.0
DO,Observer,Jabalpur,Q47,47.3,2.0,2.0,100.0
DO,Observer,Jabalpur,Q47,47.4,2.0,2.0,100.0
DO,Observer,Jabalpur,Q47,47.5,2.0,2.0,100.0
DO,Observer,Jhabua,Q47,47.1,1.0,2.0,50.0
DO,Observer,Jhabua,Q47,47.2,2.0,2.0,100.0
DO,Observer,Jhabua,Q47,47.3,1.0,2.0,50.0
DO,Observer,Jhabua,Q47,47.4,1.0,2.0,50.0
DO,Observer,Jhabua,Q47,47.5,1.0,2.0,50.0
DO,Observer,Katni,Q47,47.1,1.0,2.0,50.0
DO,Observer,Katni,Q47,47.2,2.0,2.0,100.0
DO,Observer,Katni,Q47,47.3,2.0,2.0,100.0
DO,Observer,Katni,Q47,47.4,2.0,2.0,100.0
DO,Observer,Katni,Q47,47.5,2.0,2.0,100.0
DO,Observer,Khargone,Q47,47.1,2.0,2.0,100.0
DO,Observer,Khargone,Q47,47.2,2.0,2.0,100.0
DO,Observer,Khargone,Q47,47.3,2.0,2.0,100.0
DO,Observer,Khargone,Q47,47.4,2.0,2.0,100.0
DO,Observer,Khargone,Q47,47.5,2.0,2.0,100.0
DO,Observer,Mandla,Q47,47.1,1.0,1.0,100.0
DO,Observer,Mandla,Q47,47.2,1.0,1.0,100.0
DO,Observer,Mandla,Q47,47.3,0.0,1.0,0.0
DO,Observer,Mandla,Q47,47.4,1.0,1.0,100.0
DO,Observer,Mandla,Q47,47.5,1.0,1.0,100.0
DO,Observer,Morena,Q47,47.1,1.0,1.0,100.0
DO,Observer,Morena,Q47,47.2,1.0,1.0,100.0
DO,Observer,Morena,Q47,47.3,1.0,1.0,100.0
DO,Observer,Morena,Q47,47.4,1.0,1.0,100.0
DO,Observer,Morena,Q47,47.5,1.0,1.0,100.0
DO,Observer,Narmadapuram,Q47,47.1,2.0,2.0,100.0
DO,Observer,Narmadapuram,Q47,47.2,2.0,2.0,100.0
DO,Observer,Narmadapuram,Q47,47.3,2.0,2.0,100.0
DO,Observer,Narmadapuram,Q47,47.4,2.0,2.0,100.0
DO,Observer,Narmadapuram,Q47,47.5,2.0,2.0,100.0
DO,Observer,Narsinghpur,Q47,47.1,1.0,1.0,100.0
DO,Observer,Narsinghpur,Q47,47.2,1.0,1.0,100.0
DO,Observer,Narsinghpur,Q47,47.3,1.0,1.0,100.0
DO,Observer,Narsinghpur,Q47,47.4,1.0,1.0,100.0
DO,Observer,Narsinghpur,Q47,47.5,1.0,1.0,100.0
DO,Observer,Neemuch,Q47,47.1,1.0,1.0,100.0
DO,Observer,Neemuch,Q47,47.2,1.0,1.0,100.0
DO,Observer,Neemuch,Q47,47.3,1.0,1.0,100.0
DO,Observer,Neemuch,Q47,47.4,1.0,1.0,100.0
DO,Observer,Neemuch,Q47,47.5,0.0,1.0,0.0
DO,Observer,Niwari,Q47,47.1,1.0,1.0,100.0
DO,Observer,Niwari,Q47,47.2,1.0,1.0,100.0
DO,Observer,Niwari,Q47,47.3,1.0,1.0,100.0
DO,Observer,Niwari,Q47,47.4,1.0,1.0,100.0
DO,Observer,Niwari,Q47,47.5,1.0,1.0,100.0
DO,Observer,Panna,Q47,47.1,1.0,2.0,50.0
DO,Observer,Panna,Q47,47.2,1.0,2.0,50.0
DO,Observer,Panna,Q47,47.3,1.0,2.0,50.0
DO,Observer,Panna,Q47,47.4,1.0,2.0,50.0
DO,Observer,Panna,Q47,47.5,2.0,2.0,100.0
DO,Observer,Ratlam,Q47,47.1,0.0,1.0,0.0
DO,Observer,Ratlam,Q47,47.2,0.0,1.0,0.0
DO,Observer,Ratlam,Q47,47.3,1.0,1.0,100.0
DO,Observer,Ratlam,Q47,47.4,1.0,1.0,100.0
DO,Observer,Ratlam,Q47,47.5,1.0,1.0,100.0
DO,Observer,Rewa,Q47,47.1,1.0,1.0,100.0
DO,Observer,Rewa,Q47,47.2,1.0,1.0,100.0
DO,Observer,Rewa,Q47,47.3,1.0,1.0,100.0
DO,Observer,Rewa,Q47,47.4,1.0,1.0,100.0
DO,Observer,Rewa,Q47,47.5,1.0,1.0,100.0
DO,Observer,Sagar,Q47,47.1,1.0,1.0,100.0
DO,Observer,Sagar,Q47,47.2,1.0,1.0,100.0
DO,Observer,Sagar,Q47,47.3,1.0,1.0,100.0
DO,Observer,Sagar,Q47,47.4,1.0,1.0,100.0
DO,Observer,Sagar,Q47,47.5,1.0,1.0,100.0
DO,Observer,Satna,Q47,47.1,1.0,1.0,100.0
DO,Observer,Satna,Q47,47.2,1.0,1.0,100.0
DO,Observer,Satna,Q47,47.3,1.0,1.0,100.0
DO,Observer,Satna,Q47,47.4,1.0,1.0,100.0
DO,Observer,Satna,Q47,47.5,1.0,1.0,100.0
DO,Observer,Seoni,Q47,47.1,1.0,1.0,100.0
DO,Observer,Seoni,Q47,47.2,1.0,1.0,100.0
DO,Observer,Seoni,Q47,47.3,1.0,1.0,100.0
DO,Observer,Seoni,Q47,47.4,1.0,1.0,100.0
DO,Observer,Seoni,Q47,47.5,1.0,1.0,100.0
DO,Observer,Shajapur,Q47,47.1,2.0,2.0,100.0
DO,Observer,Shajapur,Q47,47.2,2.0,2.0,100.0
DO,Observer,Shajapur,Q47,47.3,2.0,2.0,100.0
DO,Observer,Shajapur,Q47,47.4,2.0,2.0,100.0
DO,Observer,Shajapur,Q47,47.5,2.0,2.0,100.0
DO,Observer,Sheopur,Q47,47.1,2.0,2.0,100.0
DO,Observer,Sheopur,Q47,47.2,2.0,2.0,100.0
DO,Observer,Sheopur,Q47,47.3,2.0,2.0,100.0
DO,Observer,Sheopur,Q47,47.4,2.0,2.0,100.0
DO,Observer,Sheopur,Q47,47.5,2.0,2.0,100.0
DO,Observer,Shivpuri,Q47,47.1,1.0,1.0,100.0
DO,Observer,Shivpuri,Q47,47.2,1.0,1.0,100.0
DO,Observer,Shivpuri,Q47,47.3,1.0,1.0,100.0
DO,Observer,Shivpuri,Q47,47.4,1.0,1.0,100.0
DO,Observer,Shivpuri,Q47,47.5,1.0,1.0,100.0
DO,Observer,Tikamgarh,Q47,47.1,3.0,3.0,100.0
DO,Observer,Tikamgarh,Q47,47.2,3.0,3.0,100.0
DO,Observer,Tikamgarh,Q47,47.3,0.0,3.0,0.0
DO,Observer,Tikamgarh,Q47,47.4,3.0,3.0,100.0
DO,Observer,Tikamgarh,Q47,47.5,3.0,3.0,100.0
DO,Observer,Umaria,Q47,47.1,1.0,1.0,100.0
DO,Observer,Umaria,Q47,47.2,1.0,1.0,100.0
DO,Observer,Umaria,Q47,47.3,1.0,1.0,100.0
DO,Observer,Umaria,Q47,47.4,1.0,1.0,100.0
DO,Observer,Umaria,Q47,47.5,1.0,1.0,100.0
DO,Observer,Total,Q47,47.1,46.0,56.0,82.14
DO,Observer,Total,Q47,47.2,53.0,56.0,94.64
DO,Observer,Total,Q47,47.3,49.0,56.0,87.5
DO,Observer,Total,Q47,47.4,53.0,56.0,94.64
DO,Observer,Total,Q47,47.5,53.0,56.0,94.64
DO,Observer,Agar Malwa,Q48,48.1,2.0,2.0,100.0
DO,Observer,Agar Malwa,Q48,48.2,2.0,2.0,100.0
DO,Observer,Agar Malwa,Q48,48.3,2.0,2.0,100.0
DO,Observer,Agar Malwa,Q48,48.4,2.0,2.0,100.0
DO,Observer,Agar Malwa,Q48,48.5,0.0,2.0,0.0
DO,Observer,Alirajpur,Q48,48.1,1.0,2.0,50.0
DO,Observer,Alirajpur,Q48,48.2,2.0,2.0,100.0
DO,Observer,Alirajpur,Q48,48.3,2.0,2.0,100.0
DO,Observer,Alirajpur,Q48,48.4,2.0,2.0,100.0
DO,Observer,Alirajpur,Q48,48.5,0.0,2.0,0.0
DO,Observer,Ashoknagar,Q48,48.1,0.0,1.0,0.0
DO,Observer,Ashoknagar,Q48,48.2,1.0,1.0,100.0
DO,Observer,Ashoknagar,Q48,48.3,1.0,1.0,100.0
DO,Observer,Ashoknagar,Q48,48.4,1.0,1.0,100.0
DO,Observer,Ashoknagar,Q48,48.5,0.0,1.0,0.0
DO,Observer,Balaghat,Q48,48.1,1.0,1.0,100.0
DO,Observer,Balaghat,Q48,48.2,1.0,1.0,100.0
DO,Observer,Balaghat,Q48,48.3,1.0,1.0,100.0
DO,Observer,Balaghat,Q48,48.4,1.0,1.0,100.0
DO,Observer,Balaghat,Q48,48.5,0.0,1.0,0.0
DO,Observer,Barwani,Q48,48.1,1.0,1.0,100.0
DO,Observer,Barwani,Q48,48.2,0.0,1.0,0.0
DO,Observer,Barwani,Q48,48.3,1.0,1.0,100.0
DO,Observer,Barwani,Q48,48.4,0.0,1.0,0.0
DO,Observer,Barwani,Q48,48.5,0.0,1.0,0.0
DO,Observer,Betul,Q48,48.1,0.0,1.0,0.0
DO,Observer,Betul,Q48,48.2,1.0,1.0,100.0
DO,Observer,Betul,Q48,48.3,1.0,1.0,100.0
DO,Observer,Betul,Q48,48.4,1.0,1.0,100.0
DO,Observer,Betul,Q48,48.5,0.0,1.0,0.0
DO,Observer,Bhopal,Q48,48.1,1.0,1.0,100.0
DO,Observer,Bhopal,Q48,48.2,1.0,1.0,100.0
DO,Observer,Bhopal,Q48,48.3,1.0,1.0,100.0
DO,Observer,Bhopal,Q48,48.4,1.0,1.0,100.0
DO,Observer,Bhopal,Q48,48.5,0.0,1.0,0.0
DO,Observer,Chhatarpur,Q48,48.1,1.0,1.0,100.0
DO,Observer,Chhatarpur,Q48,48.2,1.0,1.0,100.0
DO,Observer,Chhatarpur,Q48,48.3,1.0,1.0,100.0
DO,Observer,Chhatarpur,Q48,48.4,1.0,1.0,100.0
DO,Observer,Chhatarpur,Q48,48.5,0.0,1.0,0.0
DO,Observer,Chhindwara,Q48,48.1,1.0,3.0,33.33
DO,Observer,Chhindwara,Q48,48.2,3.0,3.0,100.0
DO,Observer,Chhindwara,Q48,48.3,3.0,3.0,100.0
DO,Observer,Chhindwara,Q48,48.4,3.0,3.0,100.0
DO,Observer,Chhindwara,Q48,48.5,0.0,3.0,0.0
DO,Observer,Damoh,Q48,48.1,1.0,1.0,100.0
DO,Observer,Damoh,Q48,48.2,1.0,1.0,100.0
DO,Observer,Damoh,Q48,48.3,1.0,1.0,100.0
DO,Observer,Damoh,Q48,48.4,1.0,1.0,100.0
DO,Observer,Damoh,Q48,48.5,0.0,1.0,0.0
DO,Observer,Datia,Q48,48.1,1.0,3.0,33.33
DO,Observer,Datia,Q48,48.2,3.0,3.0,100.0
DO,Observer,Datia,Q48,48.3,3.0,3.0,100.0
DO,Observer,Datia,Q48,48.4,1.0,3.0,33.33
DO,Observer,Datia,Q48,48.5,0.0,3.0,0.0
DO,Observer,Dhar,Q48,48.1,2.0,2.0,100.0
DO,Observer,Dhar,Q48,48.2,2.0,2.0,100.0
DO,Observer,Dhar,Q48,48.3,2.0,2.0,100.0
DO,Observer,Dhar,Q48,48.4,2.0,2.0,100.0
DO,Observer,Dhar,Q48,48.5,0.0,2.0,0.0
DO,Observer,Guna,Q48,48.1,2.0,3.0,66.67
DO,Observer,Guna,Q48,48.2,3.0,3.0,100.0
DO,Observer,Guna,Q48,48.3,3.0,3.0,100.0
DO,Observer,Guna,Q48,48.4,3.0,3.0,100.0
DO,Observer,Guna,Q48,48.5,0.0,3.0,0.0
DO,Observer,Gwalior,Q48,48.1,1.0,1.0,100.0
DO,Observer,Gwalior,Q48,48.2,1.0,1.0,100.0
DO,Observer,Gwalior,Q48,48.3,1.0,1.0,100.0
DO,Observer,Gwalior,Q48,48.4,1.0,1.0,100.0
DO,Observer,Gwalior,Q48,48.5,0.0,1.0,0.0
DO,Observer,Indore,Q48,48.1,2.0,2.0,100.0
DO,Observer,Indore,Q48,48.2,2.0,2.0,100.0
DO,Observer,Indore,Q48,48.3,2.0,2.0,100.0
DO,Observer,Indore,Q48,48.4,2.0,2.0,100.0
DO,Observer,Indore,Q48,48.5,1.0,2.0,50.0
DO,Observer,Jabalpur,Q48,48.1,2.0,2.0,100.0
DO,Observer,Jabalpur,Q48,48.2,1.0,2.0,50.0
DO,Observer,Jabalpur,Q48,48.3,2.0,2.0,100.0
DO,Observer,Jabalpur,Q48,48.4,2.0,2.0,100.0
DO,Observer,Jabalpur,Q48,48.5,0.0,2.0,0.0
DO,Observer,Jhabua,Q48,48.1,2.0,2.0,100.0
DO,Observer,Jhabua,Q48,48.2,2.0,2.0,100.0
DO,Observer,Jhabua,Q48,48.3,2.0,2.0,100.0
DO,Observer,Jhabua,Q48,48.4,2.0,2.0,100.0
DO,Observer,Jhabua,Q48,48.5,0.0,2.0,0.0
DO,Observer,Katni,Q48,48.1,2.0,2.0,100.0
DO,Observer,Katni,Q48,48.2,2.0,2.0,100.0
DO,Observer,Katni,Q48,48.3,2.0,2.0,100.0
DO,Observer,Katni,Q48,48.4,2.0,2.0,100.0
DO,Observer,Katni,Q48,48.5,0.0,2.0,0.0
DO,Observer,Khargone,Q48,48.1,1.0,2.0,50.0
DO,Observer,Khargone,Q48,48.2,2.0,2.0,100.0
DO,Observer,Khargone,Q48,48.3,2.0,2.0,100.0
DO,Observer,Khargone,Q48,48.4,2.0,2.0,100.0
DO,Observer,Khargone,Q48,48.5,0.0,2.0,0.0
DO,Observer,Mandla,Q48,48.1,1.0,1.0,100.0
DO,Observer,Mandla,Q48,48.2,1.0,1.0,100.0
DO,Observer,Mandla,Q48,48.3,1.0,1.0,100.0
DO,Observer,Mandla,Q48,48.4,1.0,1.0,100.0
DO,Observer,Mandla,Q48,48.5,0.0,1.0,0.0
DO,Observer,Morena,Q48,48.1,1.0,1.0,100.0
DO,Observer,Morena,Q48,48.2,1.0,1.0,100.0
DO,Observer,Morena,Q48,48.3,1.0,1.0,100.0
DO,Observer,Morena,Q48,48.4,1.0,1.0,100.0
DO,Observer,Morena,Q48,48.5,0.0,1.0,0.0
DO,Observer,Narmadapuram,Q48,48.1,2.0,2.0,100.0
DO,Observer,Narmadapuram,Q48,48.2,2.0,2.0,100.0
DO,Observer,Narmadapuram,Q48,48.3,2.0,2.0,100.0
DO,Observer,Narmadapuram,Q48,48.4,2.0,2.0,100.0
DO,Observer,Narmadapuram,Q48,48.5,0.0,2.0,0.0
DO,Observer,Narsinghpur,Q48,48.1,0.0,1.0,0.0
DO,Observer,Narsinghpur,Q48,48.2,1.0,1.0,100.0
DO,Observer,Narsinghpur,Q48,48.3,1.0,1.0,100.0
DO,Observer,Narsinghpur,Q48,48.4,1.0,1.0,100.0
DO,Observer,Narsinghpur,Q48,48.5,0.0,1.0,0.0
DO,Observer,Neemuch,Q48,48.1,1.0,1.0,100.0
DO,Observer,Neemuch,Q48,48.2,1.0,1.0,100.0
DO,Observer,Neemuch,Q48,48.3,1.0,1.0,100.0
DO,Observer,Neemuch,Q48,48.4,1.0,1.0,100.0
DO,Observer,Neemuch,Q48,48.5,0.0,1.0,0.0
DO,Observer,Niwari,Q48,48.1,1.0,1.0,100.0
DO,Observer,Niwari,Q48,48.2,1.0,1.0,100.0
DO,Observer,Niwari,Q48,48.3,1.0,1.0,100.0
DO,Observer,Niwari,Q48,48.4,1.0,1.0,100.0
DO,Observer,Niwari,Q48,48.5,0.0,1.0,0.0
DO,Observer,Panna,Q48,48.1,2.0,2.0,100.0
DO,Observer,Panna,Q48,48.2,2.0,2.0,100.0
DO,Observer,Panna,Q48,48.3,2.0,2.0,100.0
DO,Observer,Panna,Q48,48.4,2.0,2.0,100.0
DO,Observer,Panna,Q48,48.5,0.0,2.0,0.0
DO,Observer,Ratlam,Q48,48.1,1.0,1.0,100.0
DO,Observer,Ratlam,Q48,48.2,1.0,1.0,100.0
DO,Observer,Ratlam,Q48,48.3,1.0,1.0,100.0
DO,Observer,Ratlam,Q48,48.4,1.0,1.0,100.0
DO,Observer,Ratlam,Q48,48.5,0.0,1.0,0.0
DO,Observer,Rewa,Q48,48.1,1.0,1.0,100.0
DO,Observer,Rewa,Q48,48.2,1.0,1.0,100.0
DO,Observer,Rewa,Q48,48.3,1.0,1.0,100.0
DO,Observer,Rewa,Q48,48.4,1.0,1.0,100.0
DO,Observer,Rewa,Q48,48.5,0.0,1.0,0.0
DO,Observer,Sagar,Q48,48.1,1.0,1.0,100.0
DO,Observer,Sagar,Q48,48.2,1.0,1.0,100.0
DO,Observer,Sagar,Q48,48.3,1.0,1.0,100.0
DO,Observer,Sagar,Q48,48.4,1.0,1.0,100.0
DO,Observer,Sagar,Q48,48.5,0.0,1.0,0.0
DO,Observer,Satna,Q48,48.1,1.0,1.0,100.0
DO,Observer,Satna,Q48,48.2,1.0,1.0,100.0
DO,Observer,Satna,Q48,48.3,1.0,1.0,100.0
DO,Observer,Satna,Q48,48.4,1.0,1.0,100.0
DO,Observer,Satna,Q48,48.5,0.0,1.0,0.0
DO,Observer,Seoni,Q48,48.1,1.0,1.0,100.0
DO,Observer,Seoni,Q48,48.2,1.0,1.0,100.0
DO,Observer,Seoni,Q48,48.3,1.0,1.0,100.0
DO,Observer,Seoni,Q48,48.4,1.0,1.0,100.0
DO,Observer,Seoni,Q48,48.5,0.0,1.0,0.0
DO,Observer,Shajapur,Q48,48.1,2.0,2.0,100.0
DO,Observer,Shajapur,Q48,48.2,2.0,2.0,100.0
DO,Observer,Shajapur,Q48,48.3,2.0,2.0,100.0
DO,Observer,Shajapur,Q48,48.4,2.0,2.0,100.0
DO,Observer,Shajapur,Q48,48.5,0.0,2.0,0.0
DO,Observer,Sheopur,Q48,48.1,2.0,2.0,100.0
DO,Observer,Sheopur,Q48,48.2,2.0,2.0,100.0
DO,Observer,Sheopur,Q48,48.3,2.0,2.0,100.0
DO,Observer,Sheopur,Q48,48.4,2.0,2.0,100.0
DO,Observer,Sheopur,Q48,48.5,0.0,2.0,0.0
DO,Observer,Shivpuri,Q48,48.1,1.0,1.0,100.0
DO,Observer,Shivpuri,Q48,48.2,1.0,1.0,100.0
DO,Observer,Shivpuri,Q48,48.3,1.0,1.0,100.0
DO,Observer,Shivpuri,Q48,48.4,0.0,1.0,0.0
DO,Observer,Shivpuri,Q48,48.5,0.0,1.0,0.0
DO,Observer,Tikamgarh,Q48,48.1,3.0,3.0,100.0
DO,Observer,Tikamgarh,Q48,48.2,3.0,3.0,100.0
DO,Observer,Tikamgarh,Q48,48.3,3.0,3.0,100.0
DO,Observer,Tikamgarh,Q48,48.4,3.0,3.0,100.0
DO,Observer,Tikamgarh,Q48,48.5,0.0,3.0,0.0
DO,Observer,Umaria,Q48,48.1,1.0,1.0,100.0
DO,Observer,Umaria,Q48,48.2,1.0,1.0,100.0
DO,Observer,Umaria,Q48,48.3,1.0,1.0,100.0
DO,Observer,Umaria,Q48,48.4,1.0,1.0,100.0
DO,Observer,Umaria,Q48,48.5,0.0,1.0,0.0
DO,Observer,Total,Q48,48.1,46.0,56.0,82.14
DO,Observer,Total,Q48,48.2,54.0,56.0,96.43
DO,Observer,Total,Q48,48.3,56.0,56.0,100.0
DO,Observer,Total,Q48,48.4,52.0,56.0,92.86
DO,Observer,Total,Q48,48.5,1.0,56.0,1.79
DO,Observer,Agar Malwa,Q51,51.1,1.0,2.0,50.0
DO,Observer,Agar Malwa,Q51,51.2,1.0,2.0,50.0
DO,Observer,Agar Malwa,Q51,51.3,0.0,2.0,0.0
DO,Observer,Alirajpur,Q51,51.1,2.0,2.0,100.0
DO,Observer,Alirajpur,Q51,51.2,0.0,2.0,0.0
DO,Observer,Alirajpur,Q51,51.3,0.0,2.0,0.0
DO,Observer,Ashoknagar,Q51,51.1,1.0,1.0,100.0
DO,Observer,Ashoknagar,Q51,51.2,0.0,1.0,0.0
DO,Observer,Ashoknagar,Q51,51.3,0.0,1.0,0.0
DO,Observer,Balaghat,Q51,51.1,1.0,1.0,100.0
DO,Observer,Balaghat,Q51,51.2,0.0,1.0,0.0
DO,Observer,Balaghat,Q51,51.3,0.0,1.0,0.0
DO,Observer,Barwani,Q51,51.1,0.0,1.0,0.0
DO,Observer,Barwani,Q51,51.2,1.0,1.0,100.0
DO,Observer,Barwani,Q51,51.3,0.0,1.0,0.0
DO,Observer,Betul,Q51,51.1,0.0,1.0,0.0
DO,Observer,Betul,Q51,51.2,1.0,1.0,100.0
DO,Observer,Betul,Q51,51.3,0.0,1.0,0.0
DO,Observer,Bhopal,Q51,51.1,1.0,1.0,100.0
DO,Observer,Bhopal,Q51,51.2,0.0,1.0,0.0
DO,Observer,Bhopal,Q51,51.3,0.0,1.0,0.0
DO,Observer,Chhatarpur,Q51,51.1,0.0,1.0,0.0
DO,Observer,Chhatarpur,Q51,51.2,1.0,1.0,100.0
DO,Observer,Chhatarpur,Q51,51.3,0.0,1.0,0.0
DO,Observer,Chhindwara,Q51,51.1,3.0,3.0,100.0
DO,Observer,Chhindwara,Q51,51.2,0.0,3.0,0.0
DO,Observer,Chhindwara,Q51,51.3,0.0,3.0,0.0
DO,Observer,Damoh,Q51,51.1,0.0,1.0,0.0
DO,Observer,Damoh,Q51,51.2,0.0,1.0,0.0
DO,Observer,Damoh,Q51,51.3,1.0,1.0,100.0
DO,Observer,Datia,Q51,51.1,3.0,3.0,100.0
DO,Observer,Datia,Q51,51.2,0.0,3.0,0.0
DO,Observer,Datia,Q51,51.3,0.0,3.0,0.0
DO,Observer,Dhar,Q51,51.1,2.0,2.0,100.0
DO,Observer,Dhar,Q51,51.2,0.0,2.0,0.0
DO,Observer,Dhar,Q51,51.3,0.0,2.0,0.0
DO,Observer,Guna,Q51,51.1,1.0,3.0,33.33
DO,Observer,Guna,Q51,51.2,0.0,3.0,0.0
DO,Observer,Guna,Q51,51.3,2.0,3.0,66.67
DO,Observer,Gwalior,Q51,51.1,1.0,1.0,100.0
DO,Observer,Gwalior,Q51,51.2,0.0,1.0,0.0
DO,Observer,Gwalior,Q51,51.3,0.0,1.0,0.0
DO,Observer,Indore,Q51,51.1,1.0,2.0,50.0
DO,Observer,Indore,Q51,51.2,1.0,2.0,50.0
DO,Observer,Indore,Q51,51.3,0.0,2.0,0.0
DO,Observer,Jabalpur,Q51,51.1,0.0,2.0,0.0
DO,Observer,Jabalpur,Q51,51.2,0.0,2.0,0.0
DO,Observer,Jabalpur,Q51,51.3,2.0,2.0,100.0
DO,Observer,Jhabua,Q51,51.1,1.0,2.0,50.0
DO,Observer,Jhabua,Q51,51.2,1.0,2.0,50.0
DO,Observer,Jhabua,Q51,51.3,0.0,2.0,0.0
DO,Observer,Katni,Q51,51.1,1.0,2.0,50.0
DO,Observer,Katni,Q51,51.2,1.0,2.0,50.0
DO,Observer,Katni,Q51,51.3,0.0,2.0,0.0
DO,Observer,Khargone,Q51,51.1,0.0,2.0,0.0
DO,Observer,Khargone,Q51,51.2,2.0,2.0,100.0
DO,Observer,Khargone,Q51,51.3,0.0,2.0,0.0
DO,Observer,Mandla,Q51,51.1,1.0,1.0,100.0
DO,Observer,Mandla,Q51,51.2,0.0,1.0,0.0
DO,Observer,Mandla,Q51,51.3,0.0,1.0,0.0
DO,Observer,Morena,Q51,51.1,1.0,1.0,100.0
DO,Observer,Morena,Q51,51.2,0.0,1.0,0.0
DO,Observer,Morena,Q51,51.3,0.0,1.0,0.0
DO,Observer,Narmadapuram,Q51,51.1,2.0,2.0,100.0
DO,Observer,Narmadapuram,Q51,51.2,0.0,2.0,0.0
DO,Observer,Narmadapuram,Q51,51.3,0.0,2.0,0.0
DO,Observer,Narsinghpur,Q51,51.1,0.0,1.0,0.0
DO,Observer,Narsinghpur,Q51,51.2,1.0,1.0,100.0
DO,Observer,Narsinghpur,Q51,51.3,0.0,1.0,0.0
DO,Observer,Neemuch,Q51,51.1,0.0,1.0,0.0
DO,Observer,Neemuch,Q51,51.2,0.0,1.0,0.0
DO,Observer,Neemuch,Q51,51.3,1.0,1.0,100.0
DO,Observer,Niwari,Q51,51.1,1.0,1.0,100.0
DO,Observer,Niwari,Q51,51.2,0.0,1.0,0.0
DO,Observer,Niwari,Q51,51.3,0.0,1.0,0.0
DO,Observer,Panna,Q51,51.1,0.0,2.0,0.0
DO,Observer,Panna,Q51,51.2,2.0,2.0,100.0
DO,Observer,Panna,Q51,51.3,0.0,2.0,0.0
DO,Observer,Ratlam,Q51,51.1,0.0,1.0,0.0
DO,Observer,Ratlam,Q51,51.2,1.0,1.0,100.0
DO,Observer,Ratlam,Q51,51.3,0.0,1.0,0.0
DO,Observer,Rewa,Q51,51.1,0.0,1.0,0.0
DO,Observer,Rewa,Q51,51.2,1.0,1.0,100.0
DO,Observer,Rewa,Q51,51.3,0.0,1.0,0.0
DO,Observer,Sagar,Q51,51.1,1.0,1.0,100.0
DO,Observer,Sagar,Q51,51.2,0.0,1.0,0.0
DO,Observer,Sagar,Q51,51.3,0.0,1.0,0.0
DO,Observer,Satna,Q51,51.1,1.0,1.0,100.0
DO,Observer,Satna,Q51,51.2,0.0,1.0,0.0
DO,Observer,Satna,Q51,51.3,0.0,1.0,0.0
DO,Observer,Seoni,Q51,51.1,0.0,1.0,0.0
DO,Observer,Seoni,Q51,51.2,1.0,1.0,100.0
DO,Observer,Seoni,Q51,51.3,0.0,1.0,0.0
DO,Observer,Shajapur,Q51,51.1,2.0,2.0,100.0
DO,Observer,Shajapur,Q51,51.2,0.0,2.0,0.0
DO,Observer,Shajapur,Q51,51.3,0.0,2.0,0.0
DO,Observer,Sheopur,Q51,51.1,2.0,2.0,100.0
DO,Observer,Sheopur,Q51,51.2,0.0,2.0,0.0
DO,Observer,Sheopur,Q51,51.3,0.0,2.0,0.0
DO,Observer,Shivpuri,Q51,51.1,1.0,1.0,100.0
DO,Observer,Shivpuri,Q51,51.2,0.0,1.0,0.0
DO,Observer,Shivpuri,Q51,51.3,0.0,1.0,0.0
DO,Observer,Tikamgarh,Q51,51.1,0.0,3.0,0.0
DO,Observer,Tikamgarh,Q51,51.2,3.0,3.0,100.0
DO,Observer,Tikamgarh,Q51,51.3,0.0,3.0,0.0
DO,Observer,Umaria,Q51,51.1,1.0,1.0,100.0
DO,Observer,Umaria,Q51,51.2,0.0,1.0,0.0
DO,Observer,Umaria,Q51,51.3,0.0,1.0,0.0
DO,Observer,Total,Q51,51.1,32.0,56.0,57.14
DO,Observer,Total,Q51,51.2,18.0,56.0,32.14
DO,Observer,Total,Q51,51.3,6.0,56.0,10.71
DO,Facilitator,Agar Malwa,Q26,26_Correct,2.0,2.0,100.0
DO,Facilitator,Alirajpur,Q26,26_Correct,3.0,3.0,100.0
DO,Facilitator,Ashoknagar,Q26,26_Correct,2.0,2.0,100.0
DO,Facilitator,Balaghat,Q26,26_Correct,1.0,1.0,100.0
DO,Facilitator,Barwani,Q26,26_Correct,1.0,1.0,100.0
DO,Facilitator,Betul,Q26,26_Correct,2.0,2.0,100.0
DO,Facilitator,Bhopal,Q26,26_Correct,1.0,1.0,100.0
DO,Facilitator,Burhanpur,Q26,26_Correct,2.0,2.0,100.0
DO,Facilitator,Chhindwara,Q26,26_Correct,1.0,1.0,100.0
DO,Facilitator,Damoh,Q26,26_Correct,2.0,2.0,100.0
DO,Facilitator,Datia,Q26,26_Correct,2.0,2.0,100.0
DO,Facilitator,Dhar,Q26,26_Correct,3.0,3.0,100.0
DO,Facilitator,Guna,Q26,26_Correct,1.0,1.0,100.0
DO,Facilitator,Harda,Q26,26_Correct,2.0,2.0,100.0
DO,Facilitator,Indore,Q26,26_Correct,2.0,2.0,100.0
DO,Facilitator,Jabalpur,Q26,26_Correct,1.0,1.0,100.0
DO,Facilitator,Jhabua,Q26,26_Correct,1.0,1.0,100.0
DO,Facilitator,Katni,Q26,26_Correct,2.0,2.0,100.0
DO,Facilitator,Khargone,Q26,26_Correct,2.0,2.0,100.0
DO,Facilitator,Mandla,Q26,26_Correct,2.0,2.0,100.0
DO,Facilitator,Mandsaur,Q26,26_Correct,3.0,3.0,100.0
DO,Facilitator,Morena,Q26,26_Correct,2.0,2.0,100.0
DO,Facilitator,Narmadapuram,Q26,26_Correct,1.0,1.0,100.0
DO,Facilitator,Narsinghpur,Q26,26_Correct,1.0,1.0,100.0
DO,Facilitator,Neemuch,Q26,26_Correct,2.0,2.0,100.0
DO,Facilitator,Niwari,Q26,26_Correct,2.0,2.0,100.0
DO,Facilitator,Panna,Q26,26_Correct,2.0,2.0,100.0
DO,Facilitator,Raisen,Q26,26_Correct,2.0,2.0,100.0
DO,Facilitator,Rajgarh,Q26,26_Correct,1.0,1.0,100.0
DO,Facilitator,Ratlam,Q26,26_Correct,1.0,1.0,100.0
DO,Facilitator,Rewa,Q26,26_Correct,0.0,2.0,0.0
DO,Facilitator,Sagar,Q26,26_Correct,1.0,1.0,100.0
DO,Facilitator,Satna,Q26,26_Correct,2.0,3.0,66.67
DO,Facilitator,Seoni,Q26,26_Correct,1.0,1.0,100.0
DO,Facilitator,Shahdol,Q26,26_Correct,2.0,2.0,100.0
DO,Facilitator,Shajapur,Q26,26_Correct,2.0,2.0,100.0
DO,Facilitator,Sheopur,Q26,26_Correct,2.0,2.0,100.0
DO,Facilitator,Shivpuri,Q26,26_Correct,2.0,2.0,100.0
DO,Facilitator,Sidhi,Q26,26_Correct,2.0,2.0,100.0
DO,Facilitator,Singrauli,Q26,26_Correct,0.0,1.0,0.0
DO,Facilitator,Tikamgarh,Q26,26_Correct,2.0,2.0,100.0
DO,Facilitator,Ujjain,Q26,26_Correct,1.0,1.0,100.0
DO,Facilitator,Umaria,Q26,26_Correct,2.0,2.0,100.0
DO,Facilitator,Vidisha,Q26,26_Correct,2.0,2.0,100.0
DO,Facilitator,Total,Q26,26_Correct,73.0,77.0,94.81
DO,Facilitator,Agar Malwa,Q27,27.1,2.0,2.0,100.0
DO,Facilitator,Agar Malwa,Q27,27.2,2.0,2.0,100.0
DO,Facilitator,Agar Malwa,Q27,27.3,2.0,2.0,100.0
DO,Facilitator,Agar Malwa,Q27,27.4,2.0,2.0,100.0
DO,Facilitator,Agar Malwa,Q27,27.5,2.0,2.0,100.0
DO,Facilitator,Agar Malwa,Q27,27.6,1.0,2.0,50.0
DO,Facilitator,Agar Malwa,Q27,27.7,1.0,2.0,50.0
DO,Facilitator,Agar Malwa,Q27,27.8,0.0,2.0,0.0
DO,Facilitator,Alirajpur,Q27,27.1,3.0,3.0,100.0
DO,Facilitator,Alirajpur,Q27,27.2,3.0,3.0,100.0
DO,Facilitator,Alirajpur,Q27,27.3,3.0,3.0,100.0
DO,Facilitator,Alirajpur,Q27,27.4,3.0,3.0,100.0
DO,Facilitator,Alirajpur,Q27,27.5,3.0,3.0,100.0
DO,Facilitator,Alirajpur,Q27,27.6,3.0,3.0,100.0
DO,Facilitator,Alirajpur,Q27,27.7,3.0,3.0,100.0
DO,Facilitator,Alirajpur,Q27,27.8,0.0,3.0,0.0
DO,Facilitator,Ashoknagar,Q27,27.1,2.0,2.0,100.0
DO,Facilitator,Ashoknagar,Q27,27.2,2.0,2.0,100.0
DO,Facilitator,Ashoknagar,Q27,27.3,2.0,2.0,100.0
DO,Facilitator,Ashoknagar,Q27,27.4,2.0,2.0,100.0
DO,Facilitator,Ashoknagar,Q27,27.5,2.0,2.0,100.0
DO,Facilitator,Ashoknagar,Q27,27.6,2.0,2.0,100.0
DO,Facilitator,Ashoknagar,Q27,27.7,2.0,2.0,100.0
DO,Facilitator,Ashoknagar,Q27,27.8,0.0,2.0,0.0
DO,Facilitator,Balaghat,Q27,27.1,1.0,1.0,100.0
DO,Facilitator,Balaghat,Q27,27.2,1.0,1.0,100.0
DO,Facilitator,Balaghat,Q27,27.3,1.0,1.0,100.0
DO,Facilitator,Balaghat,Q27,27.4,1.0,1.0,100.0
DO,Facilitator,Balaghat,Q27,27.5,1.0,1.0,100.0
DO,Facilitator,Balaghat,Q27,27.6,1.0,1.0,100.0
DO,Facilitator,Balaghat,Q27,27.7,1.0,1.0,100.0
DO,Facilitator,Balaghat,Q27,27.8,0.0,1.0,0.0
DO,Facilitator,Barwani,Q27,27.1,1.0,1.0,100.0
DO,Facilitator,Barwani,Q27,27.2,1.0,1.0,100.0
DO,Facilitator,Barwani,Q27,27.3,1.0,1.0,100.0
DO,Facilitator,Barwani,Q27,27.4,1.0,1.0,100.0
DO,Facilitator,Barwani,Q27,27.5,1.0,1.0,100.0
DO,Facilitator,Barwani,Q27,27.6,1.0,1.0,100.0
DO,Facilitator,Barwani,Q27,27.7,1.0,1.0,100.0
DO,Facilitator,Barwani,Q27,27.8,0.0,1.0,0.0
DO,Facilitator,Betul,Q27,27.1,2.0,2.0,100.0
DO,Facilitator,Betul,Q27,27.2,2.0,2.0,100.0
DO,Facilitator,Betul,Q27,27.3,2.0,2.0,100.0
DO,Facilitator,Betul,Q27,27.4,2.0,2.0,100.0
DO,Facilitator,Betul,Q27,27.5,2.0,2.0,100.0
DO,Facilitator,Betul,Q27,27.6,2.0,2.0,100.0
DO,Facilitator,Betul,Q27,27.7,2.0,2.0,100.0
DO,Facilitator,Betul,Q27,27.8,0.0,2.0,0.0
DO,Facilitator,Bhopal,Q27,27.1,1.0,1.0,100.0
DO,Facilitator,Bhopal,Q27,27.2,0.0,1.0,0.0
DO,Facilitator,Bhopal,Q27,27.3,1.0,1.0,100.0
DO,Facilitator,Bhopal,Q27,27.4,1.0,1.0,100.0
DO,Facilitator,Bhopal,Q27,27.5,1.0,1.0,100.0
DO,Facilitator,Bhopal,Q27,27.6,1.0,1.0,100.0
DO,Facilitator,Bhopal,Q27,27.7,1.0,1.0,100.0
DO,Facilitator,Bhopal,Q27,27.8,1.0,1.0,100.0
DO,Facilitator,Burhanpur,Q27,27.1,2.0,2.0,100.0
DO,Facilitator,Burhanpur,Q27,27.2,2.0,2.0,100.0
DO,Facilitator,Burhanpur,Q27,27.3,2.0,2.0,100.0
DO,Facilitator,Burhanpur,Q27,27.4,2.0,2.0,100.0
DO,Facilitator,Burhanpur,Q27,27.5,2.0,2.0,100.0
DO,Facilitator,Burhanpur,Q27,27.6,2.0,2.0,100.0
DO,Facilitator,Burhanpur,Q27,27.7,2.0,2.0,100.0
DO,Facilitator,Burhanpur,Q27,27.8,0.0,2.0,0.0
DO,Facilitator,Chhindwara,Q27,27.1,1.0,1.0,100.0
DO,Facilitator,Chhindwara,Q27,27.2,1.0,1.0,100.0
DO,Facilitator,Chhindwara,Q27,27.3,1.0,1.0,100.0
DO,Facilitator,Chhindwara,Q27,27.4,1.0,1.0,100.0
DO,Facilitator,Chhindwara,Q27,27.5,1.0,1.0,100.0
DO,Facilitator,Chhindwara,Q27,27.6,1.0,1.0,100.0
DO,Facilitator,Chhindwara,Q27,27.7,1.0,1.0,100.0
DO,Facilitator,Chhindwara,Q27,27.8,1.0,1.0,100.0
DO,Facilitator,Damoh,Q27,27.1,2.0,2.0,100.0
DO,Facilitator,Damoh,Q27,27.2,2.0,2.0,100.0
DO,Facilitator,Damoh,Q27,27.3,2.0,2.0,100.0
DO,Facilitator,Damoh,Q27,27.4,2.0,2.0,100.0
DO,Facilitator,Damoh,Q27,27.5,2.0,2.0,100.0
DO,Facilitator,Damoh,Q27,27.6,2.0,2.0,100.0
DO,Facilitator,Damoh,Q27,27.7,2.0,2.0,100.0
DO,Facilitator,Damoh,Q27,27.8,0.0,2.0,0.0
DO,Facilitator,Datia,Q27,27.1,1.0,2.0,50.0
DO,Facilitator,Datia,Q27,27.2,2.0,2.0,100.0
DO,Facilitator,Datia,Q27,27.3,1.0,2.0,50.0
DO,Facilitator,Datia,Q27,27.4,1.0,2.0,50.0
DO,Facilitator,Datia,Q27,27.5,1.0,2.0,50.0
DO,Facilitator,Datia,Q27,27.6,1.0,2.0,50.0
DO,Facilitator,Datia,Q27,27.7,1.0,2.0,50.0
DO,Facilitator,Datia,Q27,27.8,1.0,2.0,50.0
DO,Facilitator,Dhar,Q27,27.1,3.0,3.0,100.0
DO,Facilitator,Dhar,Q27,27.2,3.0,3.0,100.0
DO,Facilitator,Dhar,Q27,27.3,3.0,3.0,100.0
DO,Facilitator,Dhar,Q27,27.4,3.0,3.0,100.0
DO,Facilitator,Dhar,Q27,27.5,3.0,3.0,100.0
DO,Facilitator,Dhar,Q27,27.6,3.0,3.0,100.0
DO,Facilitator,Dhar,Q27,27.7,3.0,3.0,100.0
DO,Facilitator,Dhar,Q27,27.8,0.0,3.0,0.0
DO,Facilitator,Guna,Q27,27.1,1.0,1.0,100.0
DO,Facilitator,Guna,Q27,27.2,1.0,1.0,100.0
DO,Facilitator,Guna,Q27,27.3,1.0,1.0,100.0
DO,Facilitator,Guna,Q27,27.4,1.0,1.0,100.0
DO,Facilitator,Guna,Q27,27.5,1.0,1.0,100.0
DO,Facilitator,Guna,Q27,27.6,1.0,1.0,100.0
DO,Facilitator,Guna,Q27,27.7,1.0,1.0,100.0
DO,Facilitator,Guna,Q27,27.8,0.0,1.0,0.0
DO,Facilitator,Harda,Q27,27.1,1.0,2.0,50.0
DO,Facilitator,Harda,Q27,27.2,2.0,2.0,100.0
DO,Facilitator,Harda,Q27,27.3,1.0,2.0,50.0
DO,Facilitator,Harda,Q27,27.4,1.0,2.0,50.0
DO,Facilitator,Harda,Q27,27.5,1.0,2.0,50.0
DO,Facilitator,Harda,Q27,27.6,1.0,2.0,50.0
DO,Facilitator,Harda,Q27,27.7,1.0,2.0,50.0
DO,Facilitator,Harda,Q27,27.8,0.0,2.0,0.0
DO,Facilitator,Indore,Q27,27.1,2.0,2.0,100.0
DO,Facilitator,Indore,Q27,27.2,2.0,2.0,100.0
DO,Facilitator,Indore,Q27,27.3,2.0,2.0,100.0
DO,Facilitator,Indore,Q27,27.4,2.0,2.0,100.0
DO,Facilitator,Indore,Q27,27.5,2.0,2.0,100.0
DO,Facilitator,Indore,Q27,27.6,2.0,2.0,100.0
DO,Facilitator,Indore,Q27,27.7,2.0,2.0,100.0
DO,Facilitator,Indore,Q27,27.8,0.0,2.0,0.0
DO,Facilitator,Jabalpur,Q27,27.1,1.0,1.0,100.0
DO,Facilitator,Jabalpur,Q27,27.2,1.0,1.0,100.0
DO,Facilitator,Jabalpur,Q27,27.3,1.0,1.0,100.0
DO,Facilitator,Jabalpur,Q27,27.4,1.0,1.0,100.0
DO,Facilitator,Jabalpur,Q27,27.5,1.0,1.0,100.0
DO,Facilitator,Jabalpur,Q27,27.6,1.0,1.0,100.0
DO,Facilitator,Jabalpur,Q27,27.7,1.0,1.0,100.0
DO,Facilitator,Jabalpur,Q27,27.8,0.0,1.0,0.0
DO,Facilitator,Jhabua,Q27,27.1,1.0,1.0,100.0
DO,Facilitator,Jhabua,Q27,27.2,1.0,1.0,100.0
DO,Facilitator,Jhabua,Q27,27.3,1.0,1.0,100.0
DO,Facilitator,Jhabua,Q27,27.4,1.0,1.0,100.0
DO,Facilitator,Jhabua,Q27,27.5,1.0,1.0,100.0
DO,Facilitator,Jhabua,Q27,27.6,1.0,1.0,100.0
DO,Facilitator,Jhabua,Q27,27.7,1.0,1.0,100.0
DO,Facilitator,Jhabua,Q27,27.8,0.0,1.0,0.0
DO,Facilitator,Katni,Q27,27.1,2.0,2.0,100.0
DO,Facilitator,Katni,Q27,27.2,2.0,2.0,100.0
DO,Facilitator,Katni,Q27,27.3,2.0,2.0,100.0
DO,Facilitator,Katni,Q27,27.4,2.0,2.0,100.0
DO,Facilitator,Katni,Q27,27.5,2.0,2.0,100.0
DO,Facilitator,Katni,Q27,27.6,2.0,2.0,100.0
DO,Facilitator,Katni,Q27,27.7,2.0,2.0,100.0
DO,Facilitator,Katni,Q27,27.8,0.0,2.0,0.0
DO,Facilitator,Khargone,Q27,27.1,2.0,2.0,100.0
DO,Facilitator,Khargone,Q27,27.2,2.0,2.0,100.0
DO,Facilitator,Khargone,Q27,27.3,2.0,2.0,100.0
DO,Facilitator,Khargone,Q27,27.4,2.0,2.0,100.0
DO,Facilitator,Khargone,Q27,27.5,2.0,2.0,100.0
DO,Facilitator,Khargone,Q27,27.6,2.0,2.0,100.0
DO,Facilitator,Khargone,Q27,27.7,2.0,2.0,100.0
DO,Facilitator,Khargone,Q27,27.8,0.0,2.0,0.0
DO,Facilitator,Mandla,Q27,27.1,1.0,2.0,50.0
DO,Facilitator,Mandla,Q27,27.2,2.0,2.0,100.0
DO,Facilitator,Mandla,Q27,27.3,2.0,2.0,100.0
DO,Facilitator,Mandla,Q27,27.4,2.0,2.0,100.0
DO,Facilitator,Mandla,Q27,27.5,2.0,2.0,100.0
DO,Facilitator,Mandla,Q27,27.6,2.0,2.0,100.0
DO,Facilitator,Mandla,Q27,27.7,2.0,2.0,100.0
DO,Facilitator,Mandla,Q27,27.8,0.0,2.0,0.0
DO,Facilitator,Mandsaur,Q27,27.1,3.0,3.0,100.0
DO,Facilitator,Mandsaur,Q27,27.2,3.0,3.0,100.0
DO,Facilitator,Mandsaur,Q27,27.3,3.0,3.0,100.0
DO,Facilitator,Mandsaur,Q27,27.4,3.0,3.0,100.0
DO,Facilitator,Mandsaur,Q27,27.5,3.0,3.0,100.0
DO,Facilitator,Mandsaur,Q27,27.6,3.0,3.0,100.0
DO,Facilitator,Mandsaur,Q27,27.7,3.0,3.0,100.0
DO,Facilitator,Mandsaur,Q27,27.8,0.0,3.0,0.0
DO,Facilitator,Morena,Q27,27.1,2.0,2.0,100.0
DO,Facilitator,Morena,Q27,27.2,2.0,2.0,100.0
DO,Facilitator,Morena,Q27,27.3,2.0,2.0,100.0
DO,Facilitator,Morena,Q27,27.4,2.0,2.0,100.0
DO,Facilitator,Morena,Q27,27.5,2.0,2.0,100.0
DO,Facilitator,Morena,Q27,27.6,2.0,2.0,100.0
DO,Facilitator,Morena,Q27,27.7,2.0,2.0,100.0
DO,Facilitator,Morena,Q27,27.8,0.0,2.0,0.0
DO,Facilitator,Narmadapuram,Q27,27.1,0.0,1.0,0.0
DO,Facilitator,Narmadapuram,Q27,27.2,0.0,1.0,0.0
DO,Facilitator,Narmadapuram,Q27,27.3,0.0,1.0,0.0
DO,Facilitator,Narmadapuram,Q27,27.4,0.0,1.0,0.0
DO,Facilitator,Narmadapuram,Q27,27.5,0.0,1.0,0.0
DO,Facilitator,Narmadapuram,Q27,27.6,0.0,1.0,0.0
DO,Facilitator,Narmadapuram,Q27,27.7,0.0,1.0,0.0
DO,Facilitator,Narmadapuram,Q27,27.8,1.0,1.0,100.0
DO,Facilitator,Narsinghpur,Q27,27.1,1.0,1.0,100.0
DO,Facilitator,Narsinghpur,Q27,27.2,1.0,1.0,100.0
DO,Facilitator,Narsinghpur,Q27,27.3,1.0,1.0,100.0
DO,Facilitator,Narsinghpur,Q27,27.4,1.0,1.0,100.0
DO,Facilitator,Narsinghpur,Q27,27.5,1.0,1.0,100.0
DO,Facilitator,Narsinghpur,Q27,27.6,1.0,1.0,100.0
DO,Facilitator,Narsinghpur,Q27,27.7,1.0,1.0,100.0
DO,Facilitator,Narsinghpur,Q27,27.8,0.0,1.0,0.0
DO,Facilitator,Neemuch,Q27,27.1,2.0,2.0,100.0
DO,Facilitator,Neemuch,Q27,27.2,2.0,2.0,100.0
DO,Facilitator,Neemuch,Q27,27.3,2.0,2.0,100.0
DO,Facilitator,Neemuch,Q27,27.4,2.0,2.0,100.0
DO,Facilitator,Neemuch,Q27,27.5,2.0,2.0,100.0
DO,Facilitator,Neemuch,Q27,27.6,2.0,2.0,100.0
DO,Facilitator,Neemuch,Q27,27.7,2.0,2.0,100.0
DO,Facilitator,Neemuch,Q27,27.8,0.0,2.0,0.0
DO,Facilitator,Niwari,Q27,27.1,2.0,2.0,100.0
DO,Facilitator,Niwari,Q27,27.2,2.0,2.0,100.0
DO,Facilitator,Niwari,Q27,27.3,2.0,2.0,100.0
DO,Facilitator,Niwari,Q27,27.4,2.0,2.0,100.0
DO,Facilitator,Niwari,Q27,27.5,2.0,2.0,100.0
DO,Facilitator,Niwari,Q27,27.6,2.0,2.0,100.0
DO,Facilitator,Niwari,Q27,27.7,2.0,2.0,100.0
DO,Facilitator,Niwari,Q27,27.8,1.0,2.0,50.0
DO,Facilitator,Panna,Q27,27.1,1.0,2.0,50.0
DO,Facilitator,Panna,Q27,27.2,2.0,2.0,100.0
DO,Facilitator,Panna,Q27,27.3,2.0,2.0,100.0
DO,Facilitator,Panna,Q27,27.4,2.0,2.0,100.0
DO,Facilitator,Panna,Q27,27.5,2.0,2.0,100.0
DO,Facilitator,Panna,Q27,27.6,2.0,2.0,100.0
DO,Facilitator,Panna,Q27,27.7,2.0,2.0,100.0
DO,Facilitator,Panna,Q27,27.8,0.0,2.0,0.0
DO,Facilitator,Raisen,Q27,27.1,2.0,2.0,100.0
DO,Facilitator,Raisen,Q27,27.2,2.0,2.0,100.0
DO,Facilitator,Raisen,Q27,27.3,2.0,2.0,100.0
DO,Facilitator,Raisen,Q27,27.4,2.0,2.0,100.0
DO,Facilitator,Raisen,Q27,27.5,2.0,2.0,100.0
DO,Facilitator,Raisen,Q27,27.6,2.0,2.0,100.0
DO,Facilitator,Raisen,Q27,27.7,2.0,2.0,100.0
DO,Facilitator,Raisen,Q27,27.8,0.0,2.0,0.0
DO,Facilitator,Rajgarh,Q27,27.1,1.0,1.0,100.0
DO,Facilitator,Rajgarh,Q27,27.2,1.0,1.0,100.0
DO,Facilitator,Rajgarh,Q27,27.3,1.0,1.0,100.0
DO,Facilitator,Rajgarh,Q27,27.4,1.0,1.0,100.0
DO,Facilitator,Rajgarh,Q27,27.5,1.0,1.0,100.0
DO,Facilitator,Rajgarh,Q27,27.6,1.0,1.0,100.0
DO,Facilitator,Rajgarh,Q27,27.7,1.0,1.0,100.0
DO,Facilitator,Rajgarh,Q27,27.8,0.0,1.0,0.0
DO,Facilitator,Ratlam,Q27,27.1,1.0,1.0,100.0
DO,Facilitator,Ratlam,Q27,27.2,1.0,1.0,100.0
DO,Facilitator,Ratlam,Q27,27.3,1.0,1.0,100.0
DO,Facilitator,Ratlam,Q27,27.4,1.0,1.0,100.0
DO,Facilitator,Ratlam,Q27,27.5,1.0,1.0,100.0
DO,Facilitator,Ratlam,Q27,27.6,1.0,1.0,100.0
DO,Facilitator,Ratlam,Q27,27.7,1.0,1.0,100.0
DO,Facilitator,Ratlam,Q27,27.8,0.0,1.0,0.0
DO,Facilitator,Rewa,Q27,27.1,2.0,2.0,100.0
DO,Facilitator,Rewa,Q27,27.2,2.0,2.0,100.0
DO,Facilitator,Rewa,Q27,27.3,2.0,2.0,100.0
DO,Facilitator,Rewa,Q27,27.4,2.0,2.0,100.0
DO,Facilitator,Rewa,Q27,27.5,2.0,2.0,100.0
DO,Facilitator,Rewa,Q27,27.6,2.0,2.0,100.0
DO,Facilitator,Rewa,Q27,27.7,2.0,2.0,100.0
DO,Facilitator,Rewa,Q27,27.8,1.0,2.0,50.0
DO,Facilitator,Sagar,Q27,27.1,1.0,1.0,100.0
DO,Facilitator,Sagar,Q27,27.2,1.0,1.0,100.0
DO,Facilitator,Sagar,Q27,27.3,1.0,1.0,100.0
DO,Facilitator,Sagar,Q27,27.4,1.0,1.0,100.0
DO,Facilitator,Sagar,Q27,27.5,1.0,1.0,100.0
DO,Facilitator,Sagar,Q27,27.6,1.0,1.0,100.0
DO,Facilitator,Sagar,Q27,27.7,1.0,1.0,100.0
DO,Facilitator,Sagar,Q27,27.8,0.0,1.0,0.0
DO,Facilitator,Satna,Q27,27.1,2.0,3.0,66.67
DO,Facilitator,Satna,Q27,27.2,2.0,3.0,66.67
DO,Facilitator,Satna,Q27,27.3,2.0,3.0,66.67
DO,Facilitator,Satna,Q27,27.4,2.0,3.0,66.67
DO,Facilitator,Satna,Q27,27.5,2.0,3.0,66.67
DO,Facilitator,Satna,Q27,27.6,2.0,3.0,66.67
DO,Facilitator,Satna,Q27,27.7,3.0,3.0,100.0
DO,Facilitator,Satna,Q27,27.8,0.0,3.0,0.0
DO,Facilitator,Seoni,Q27,27.1,1.0,1.0,100.0
DO,Facilitator,Seoni,Q27,27.2,1.0,1.0,100.0
DO,Facilitator,Seoni,Q27,27.3,1.0,1.0,100.0
DO,Facilitator,Seoni,Q27,27.4,1.0,1.0,100.0
DO,Facilitator,Seoni,Q27,27.5,1.0,1.0,100.0
DO,Facilitator,Seoni,Q27,27.6,1.0,1.0,100.0
DO,Facilitator,Seoni,Q27,27.7,1.0,1.0,100.0
DO,Facilitator,Seoni,Q27,27.8,0.0,1.0,0.0
DO,Facilitator,Shahdol,Q27,27.1,2.0,2.0,100.0
DO,Facilitator,Shahdol,Q27,27.2,2.0,2.0,100.0
DO,Facilitator,Shahdol,Q27,27.3,2.0,2.0,100.0
DO,Facilitator,Shahdol,Q27,27.4,2.0,2.0,100.0
DO,Facilitator,Shahdol,Q27,27.5,2.0,2.0,100.0
DO,Facilitator,Shahdol,Q27,27.6,2.0,2.0,100.0
DO,Facilitator,Shahdol,Q27,27.7,2.0,2.0,100.0
DO,Facilitator,Shahdol,Q27,27.8,0.0,2.0,0.0
DO,Facilitator,Shajapur,Q27,27.1,2.0,2.0,100.0
DO,Facilitator,Shajapur,Q27,27.2,2.0,2.0,100.0
DO,Facilitator,Shajapur,Q27,27.3,2.0,2.0,100.0
DO,Facilitator,Shajapur,Q27,27.4,2.0,2.0,100.0
DO,Facilitator,Shajapur,Q27,27.5,2.0,2.0,100.0
DO,Facilitator,Shajapur,Q27,27.6,2.0,2.0,100.0
DO,Facilitator,Shajapur,Q27,27.7,2.0,2.0,100.0
DO,Facilitator,Shajapur,Q27,27.8,0.0,2.0,0.0
DO,Facilitator,Sheopur,Q27,27.1,2.0,2.0,100.0
DO,Facilitator,Sheopur,Q27,27.2,2.0,2.0,100.0
DO,Facilitator,Sheopur,Q27,27.3,2.0,2.0,100.0
DO,Facilitator,Sheopur,Q27,27.4,2.0,2.0,100.0
DO,Facilitator,Sheopur,Q27,27.5,2.0,2.0,100.0
DO,Facilitator,Sheopur,Q27,27.6,2.0,2.0,100.0
DO,Facilitator,Sheopur,Q27,27.7,2.0,2.0,100.0
DO,Facilitator,Sheopur,Q27,27.8,1.0,2.0,50.0
DO,Facilitator,Shivpuri,Q27,27.1,0.0,2.0,0.0
DO,Facilitator,Shivpuri,Q27,27.2,0.0,2.0,0.0
DO,Facilitator,Shivpuri,Q27,27.3,0.0,2.0,0.0
DO,Facilitator,Shivpuri,Q27,27.4,0.0,2.0,0.0
DO,Facilitator,Shivpuri,Q27,27.5,0.0,2.0,0.0
DO,Facilitator,Shivpuri,Q27,27.6,0.0,2.0,0.0
DO,Facilitator,Shivpuri,Q27,27.7,1.0,2.0,50.0
DO,Facilitator,Shivpuri,Q27,27.8,1.0,2.0,50.0
DO,Facilitator,Sidhi,Q27,27.1,2.0,2.0,100.0
DO,Facilitator,Sidhi,Q27,27.2,2.0,2.0,100.0
DO,Facilitator,Sidhi,Q27,27.3,2.0,2.0,100.0
DO,Facilitator,Sidhi,Q27,27.4,2.0,2.0,100.0
DO,Facilitator,Sidhi,Q27,27.5,2.0,2.0,100.0
DO,Facilitator,Sidhi,Q27,27.6,2.0,2.0,100.0
DO,Facilitator,Sidhi,Q27,27.7,2.0,2.0,100.0
DO,Facilitator,Sidhi,Q27,27.8,0.0,2.0,0.0
DO,Facilitator,Singrauli,Q27,27.1,1.0,1.0,100.0
DO,Facilitator,Singrauli,Q27,27.2,1.0,1.0,100.0
DO,Facilitator,Singrauli,Q27,27.3,1.0,1.0,100.0
DO,Facilitator,Singrauli,Q27,27.4,1.0,1.0,100.0
DO,Facilitator,Singrauli,Q27,27.5,1.0,1.0,100.0
DO,Facilitator,Singrauli,Q27,27.6,1.0,1.0,100.0
DO,Facilitator,Singrauli,Q27,27.7,1.0,1.0,100.0
DO,Facilitator,Singrauli,Q27,27.8,1.0,1.0,100.0
DO,Facilitator,Tikamgarh,Q27,27.1,2.0,2.0,100.0
DO,Facilitator,Tikamgarh,Q27,27.2,2.0,2.0,100.0
DO,Facilitator,Tikamgarh,Q27,27.3,2.0,2.0,100.0
DO,Facilitator,Tikamgarh,Q27,27.4,2.0,2.0,100.0
DO,Facilitator,Tikamgarh,Q27,27.5,2.0,2.0,100.0
DO,Facilitator,Tikamgarh,Q27,27.6,2.0,2.0,100.0
DO,Facilitator,Tikamgarh,Q27,27.7,2.0,2.0,100.0
DO,Facilitator,Tikamgarh,Q27,27.8,0.0,2.0,0.0
DO,Facilitator,Ujjain,Q27,27.1,1.0,1.0,100.0
DO,Facilitator,Ujjain,Q27,27.2,1.0,1.0,100.0
DO,Facilitator,Ujjain,Q27,27.3,1.0,1.0,100.0
DO,Facilitator,Ujjain,Q27,27.4,1.0,1.0,100.0
DO,Facilitator,Ujjain,Q27,27.5,1.0,1.0,100.0
DO,Facilitator,Ujjain,Q27,27.6,1.0,1.0,100.0
DO,Facilitator,Ujjain,Q27,27.7,1.0,1.0,100.0
DO,Facilitator,Ujjain,Q27,27.8,0.0,1.0,0.0
DO,Facilitator,Umaria,Q27,27.1,2.0,2.0,100.0
DO,Facilitator,Umaria,Q27,27.2,2.0,2.0,100.0
DO,Facilitator,Umaria,Q27,27.3,2.0,2.0,100.0
DO,Facilitator,Umaria,Q27,27.4,2.0,2.0,100.0
DO,Facilitator,Umaria,Q27,27.5,2.0,2.0,100.0
DO,Facilitator,Umaria,Q27,27.6,2.0,2.0,100.0
DO,Facilitator,Umaria,Q27,27.7,2.0,2.0,100.0
DO,Facilitator,Umaria,Q27,27.8,1.0,2.0,50.0
DO,Facilitator,Vidisha,Q27,27.1,2.0,2.0,100.0
DO,Facilitator,Vidisha,Q27,27.2,2.0,2.0,100.0
DO,Facilitator,Vidisha,Q27,27.3,2.0,2.0,100.0
DO,Facilitator,Vidisha,Q27,27.4,2.0,2.0,100.0
DO,Facilitator,Vidisha,Q27,27.5,1.0,2.0,50.0
DO,Facilitator,Vidisha,Q27,27.6,2.0,2.0,100.0
DO,Facilitator,Vidisha,Q27,27.7,2.0,2.0,100.0
DO,Facilitator,Vidisha,Q27,27.8,0.0,2.0,0.0
DO,Facilitator,Total,Q27,27.1,69.0,77.0,89.61
DO,Facilitator,Total,Q27,27.2,72.0,77.0,93.51
DO,Facilitator,Total,Q27,27.3,71.0,77.0,92.21
DO,Facilitator,Total,Q27,27.4,71.0,77.0,92.21
DO,Facilitator,Total,Q27,27.5,70.0,77.0,90.91
DO,Facilitator,Total,Q27,27.6,70.0,77.0,90.91
DO,Facilitator,Total,Q27,27.7,72.0,77.0,93.51
DO,Facilitator,Total,Q27,27.8,10.0,77.0,12.99
DO,Facilitator,Agar Malwa,Q29,29.1,2.0,2.0,100.0
DO,Facilitator,Agar Malwa,Q29,29.2,2.0,2.0,100.0
DO,Facilitator,Agar Malwa,Q29,29.3,2.0,2.0,100.0
DO,Facilitator,Agar Malwa,Q29,29.4,2.0,2.0,100.0
DO,Facilitator,Alirajpur,Q29,29.1,3.0,3.0,100.0
DO,Facilitator,Alirajpur,Q29,29.2,3.0,3.0,100.0
DO,Facilitator,Alirajpur,Q29,29.3,3.0,3.0,100.0
DO,Facilitator,Alirajpur,Q29,29.4,3.0,3.0,100.0
DO,Facilitator,Ashoknagar,Q29,29.1,0.0,2.0,0.0
DO,Facilitator,Ashoknagar,Q29,29.2,1.0,2.0,50.0
DO,Facilitator,Ashoknagar,Q29,29.3,2.0,2.0,100.0
DO,Facilitator,Ashoknagar,Q29,29.4,2.0,2.0,100.0
DO,Facilitator,Balaghat,Q29,29.1,1.0,1.0,100.0
DO,Facilitator,Balaghat,Q29,29.2,1.0,1.0,100.0
DO,Facilitator,Balaghat,Q29,29.3,1.0,1.0,100.0
DO,Facilitator,Balaghat,Q29,29.4,1.0,1.0,100.0
DO,Facilitator,Barwani,Q29,29.1,0.0,1.0,0.0
DO,Facilitator,Barwani,Q29,29.2,1.0,1.0,100.0
DO,Facilitator,Barwani,Q29,29.3,1.0,1.0,100.0
DO,Facilitator,Barwani,Q29,29.4,1.0,1.0,100.0
DO,Facilitator,Betul,Q29,29.1,1.0,2.0,50.0
DO,Facilitator,Betul,Q29,29.2,2.0,2.0,100.0
DO,Facilitator,Betul,Q29,29.3,2.0,2.0,100.0
DO,Facilitator,Betul,Q29,29.4,2.0,2.0,100.0
DO,Facilitator,Bhopal,Q29,29.1,1.0,1.0,100.0
DO,Facilitator,Bhopal,Q29,29.2,1.0,1.0,100.0
DO,Facilitator,Bhopal,Q29,29.3,1.0,1.0,100.0
DO,Facilitator,Bhopal,Q29,29.4,1.0,1.0,100.0
DO,Facilitator,Burhanpur,Q29,29.1,2.0,2.0,100.0
DO,Facilitator,Burhanpur,Q29,29.2,2.0,2.0,100.0
DO,Facilitator,Burhanpur,Q29,29.3,2.0,2.0,100.0
DO,Facilitator,Burhanpur,Q29,29.4,2.0,2.0,100.0
DO,Facilitator,Chhindwara,Q29,29.1,1.0,1.0,100.0
DO,Facilitator,Chhindwara,Q29,29.2,1.0,1.0,100.0
DO,Facilitator,Chhindwara,Q29,29.3,1.0,1.0,100.0
DO,Facilitator,Chhindwara,Q29,29.4,1.0,1.0,100.0
DO,Facilitator,Damoh,Q29,29.1,2.0,2.0,100.0
DO,Facilitator,Damoh,Q29,29.2,2.0,2.0,100.0
DO,Facilitator,Damoh,Q29,29.3,1.0,2.0,50.0
DO,Facilitator,Damoh,Q29,29.4,2.0,2.0,100.0
DO,Facilitator,Datia,Q29,29.1,2.0,2.0,100.0
DO,Facilitator,Datia,Q29,29.2,2.0,2.0,100.0
DO,Facilitator,Datia,Q29,29.3,2.0,2.0,100.0
DO,Facilitator,Datia,Q29,29.4,2.0,2.0,100.0
DO,Facilitator,Dhar,Q29,29.1,3.0,3.0,100.0
DO,Facilitator,Dhar,Q29,29.2,3.0,3.0,100.0
DO,Facilitator,Dhar,Q29,29.3,3.0,3.0,100.0
DO,Facilitator,Dhar,Q29,29.4,3.0,3.0,100.0
DO,Facilitator,Guna,Q29,29.1,1.0,1.0,100.0
DO,Facilitator,Guna,Q29,29.2,1.0,1.0,100.0
DO,Facilitator,Guna,Q29,29.3,1.0,1.0,100.0
DO,Facilitator,Guna,Q29,29.4,1.0,1.0,100.0
DO,Facilitator,Harda,Q29,29.1,2.0,2.0,100.0
DO,Facilitator,Harda,Q29,29.2,2.0,2.0,100.0
DO,Facilitator,Harda,Q29,29.3,2.0,2.0,100.0
DO,Facilitator,Harda,Q29,29.4,2.0,2.0,100.0
DO,Facilitator,Indore,Q29,29.1,2.0,2.0,100.0
DO,Facilitator,Indore,Q29,29.2,2.0,2.0,100.0
DO,Facilitator,Indore,Q29,29.3,2.0,2.0,100.0
DO,Facilitator,Indore,Q29,29.4,2.0,2.0,100.0
DO,Facilitator,Jabalpur,Q29,29.1,1.0,1.0,100.0
DO,Facilitator,Jabalpur,Q29,29.2,1.0,1.0,100.0
DO,Facilitator,Jabalpur,Q29,29.3,1.0,1.0,100.0
DO,Facilitator,Jabalpur,Q29,29.4,1.0,1.0,100.0
DO,Facilitator,Jhabua,Q29,29.1,1.0,1.0,100.0
DO,Facilitator,Jhabua,Q29,29.2,1.0,1.0,100.0
DO,Facilitator,Jhabua,Q29,29.3,1.0,1.0,100.0
DO,Facilitator,Jhabua,Q29,29.4,1.0,1.0,100.0
DO,Facilitator,Katni,Q29,29.1,2.0,2.0,100.0
DO,Facilitator,Katni,Q29,29.2,2.0,2.0,100.0
DO,Facilitator,Katni,Q29,29.3,2.0,2.0,100.0
DO,Facilitator,Katni,Q29,29.4,2.0,2.0,100.0
DO,Facilitator,Khargone,Q29,29.1,2.0,2.0,100.0
DO,Facilitator,Khargone,Q29,29.2,2.0,2.0,100.0
DO,Facilitator,Khargone,Q29,29.3,2.0,2.0,100.0
DO,Facilitator,Khargone,Q29,29.4,2.0,2.0,100.0
DO,Facilitator,Mandla,Q29,29.1,2.0,2.0,100.0
DO,Facilitator,Mandla,Q29,29.2,1.0,2.0,50.0
DO,Facilitator,Mandla,Q29,29.3,2.0,2.0,100.0
DO,Facilitator,Mandla,Q29,29.4,1.0,2.0,50.0
DO,Facilitator,Mandsaur,Q29,29.1,3.0,3.0,100.0
DO,Facilitator,Mandsaur,Q29,29.2,3.0,3.0,100.0
DO,Facilitator,Mandsaur,Q29,29.3,3.0,3.0,100.0
DO,Facilitator,Mandsaur,Q29,29.4,3.0,3.0,100.0
DO,Facilitator,Morena,Q29,29.1,2.0,2.0,100.0
DO,Facilitator,Morena,Q29,29.2,2.0,2.0,100.0
DO,Facilitator,Morena,Q29,29.3,2.0,2.0,100.0
DO,Facilitator,Morena,Q29,29.4,2.0,2.0,100.0
DO,Facilitator,Narmadapuram,Q29,29.1,1.0,1.0,100.0
DO,Facilitator,Narmadapuram,Q29,29.2,1.0,1.0,100.0
DO,Facilitator,Narmadapuram,Q29,29.3,1.0,1.0,100.0
DO,Facilitator,Narmadapuram,Q29,29.4,1.0,1.0,100.0
DO,Facilitator,Narsinghpur,Q29,29.1,1.0,1.0,100.0
DO,Facilitator,Narsinghpur,Q29,29.2,1.0,1.0,100.0
DO,Facilitator,Narsinghpur,Q29,29.3,1.0,1.0,100.0
DO,Facilitator,Narsinghpur,Q29,29.4,1.0,1.0,100.0
DO,Facilitator,Neemuch,Q29,29.1,2.0,2.0,100.0
DO,Facilitator,Neemuch,Q29,29.2,2.0,2.0,100.0
DO,Facilitator,Neemuch,Q29,29.3,2.0,2.0,100.0
DO,Facilitator,Neemuch,Q29,29.4,2.0,2.0,100.0
DO,Facilitator,Niwari,Q29,29.1,2.0,2.0,100.0
DO,Facilitator,Niwari,Q29,29.2,2.0,2.0,100.0
DO,Facilitator,Niwari,Q29,29.3,2.0,2.0,100.0
DO,Facilitator,Niwari,Q29,29.4,2.0,2.0,100.0
DO,Facilitator,Panna,Q29,29.1,2.0,2.0,100.0
DO,Facilitator,Panna,Q29,29.2,2.0,2.0,100.0
DO,Facilitator,Panna,Q29,29.3,2.0,2.0,100.0
DO,Facilitator,Panna,Q29,29.4,2.0,2.0,100.0
DO,Facilitator,Raisen,Q29,29.1,2.0,2.0,100.0
DO,Facilitator,Raisen,Q29,29.2,2.0,2.0,100.0
DO,Facilitator,Raisen,Q29,29.3,1.0,2.0,50.0
DO,Facilitator,Raisen,Q29,29.4,2.0,2.0,100.0
DO,Facilitator,Rajgarh,Q29,29.1,1.0,1.0,100.0
DO,Facilitator,Rajgarh,Q29,29.2,1.0,1.0,100.0
DO,Facilitator,Rajgarh,Q29,29.3,1.0,1.0,100.0
DO,Facilitator,Rajgarh,Q29,29.4,1.0,1.0,100.0
DO,Facilitator,Ratlam,Q29,29.1,1.0,1.0,100.0
DO,Facilitator,Ratlam,Q29,29.2,1.0,1.0,100.0
DO,Facilitator,Ratlam,Q29,29.3,1.0,1.0,100.0
DO,Facilitator,Ratlam,Q29,29.4,1.0,1.0,100.0
DO,Facilitator,Rewa,Q29,29.1,2.0,2.0,100.0
DO,Facilitator,Rewa,Q29,29.2,2.0,2.0,100.0
DO,Facilitator,Rewa,Q29,29.3,2.0,2.0,100.0
DO,Facilitator,Rewa,Q29,29.4,2.0,2.0,100.0
DO,Facilitator,Sagar,Q29,29.1,1.0,1.0,100.0
DO,Facilitator,Sagar,Q29,29.2,1.0,1.0,100.0
DO,Facilitator,Sagar,Q29,29.3,1.0,1.0,100.0
DO,Facilitator,Sagar,Q29,29.4,1.0,1.0,100.0
DO,Facilitator,Satna,Q29,29.1,3.0,3.0,100.0
DO,Facilitator,Satna,Q29,29.2,3.0,3.0,100.0
DO,Facilitator,Satna,Q29,29.3,3.0,3.0,100.0
DO,Facilitator,Satna,Q29,29.4,3.0,3.0,100.0
DO,Facilitator,Seoni,Q29,29.1,1.0,1.0,100.0
DO,Facilitator,Seoni,Q29,29.2,1.0,1.0,100.0
DO,Facilitator,Seoni,Q29,29.3,1.0,1.0,100.0
DO,Facilitator,Seoni,Q29,29.4,1.0,1.0,100.0
DO,Facilitator,Shahdol,Q29,29.1,2.0,2.0,100.0
DO,Facilitator,Shahdol,Q29,29.2,2.0,2.0,100.0
DO,Facilitator,Shahdol,Q29,29.3,2.0,2.0,100.0
DO,Facilitator,Shahdol,Q29,29.4,2.0,2.0,100.0
DO,Facilitator,Shajapur,Q29,29.1,2.0,2.0,100.0
DO,Facilitator,Shajapur,Q29,29.2,2.0,2.0,100.0
DO,Facilitator,Shajapur,Q29,29.3,2.0,2.0,100.0
DO,Facilitator,Shajapur,Q29,29.4,2.0,2.0,100.0
DO,Facilitator,Sheopur,Q29,29.1,2.0,2.0,100.0
DO,Facilitator,Sheopur,Q29,29.2,2.0,2.0,100.0
DO,Facilitator,Sheopur,Q29,29.3,2.0,2.0,100.0
DO,Facilitator,Sheopur,Q29,29.4,2.0,2.0,100.0
DO,Facilitator,Shivpuri,Q29,29.1,2.0,2.0,100.0
DO,Facilitator,Shivpuri,Q29,29.2,2.0,2.0,100.0
DO,Facilitator,Shivpuri,Q29,29.3,2.0,2.0,100.0
DO,Facilitator,Shivpuri,Q29,29.4,2.0,2.0,100.0
DO,Facilitator,Sidhi,Q29,29.1,1.0,2.0,50.0
DO,Facilitator,Sidhi,Q29,29.2,2.0,2.0,100.0
DO,Facilitator,Sidhi,Q29,29.3,2.0,2.0,100.0
DO,Facilitator,Sidhi,Q29,29.4,2.0,2.0,100.0
DO,Facilitator,Singrauli,Q29,29.1,1.0,1.0,100.0
DO,Facilitator,Singrauli,Q29,29.2,1.0,1.0,100.0
DO,Facilitator,Singrauli,Q29,29.3,1.0,1.0,100.0
DO,Facilitator,Singrauli,Q29,29.4,1.0,1.0,100.0
DO,Facilitator,Tikamgarh,Q29,29.1,2.0,2.0,100.0
DO,Facilitator,Tikamgarh,Q29,29.2,2.0,2.0,100.0
DO,Facilitator,Tikamgarh,Q29,29.3,2.0,2.0,100.0
DO,Facilitator,Tikamgarh,Q29,29.4,2.0,2.0,100.0
DO,Facilitator,Ujjain,Q29,29.1,1.0,1.0,100.0
DO,Facilitator,Ujjain,Q29,29.2,1.0,1.0,100.0
DO,Facilitator,Ujjain,Q29,29.3,1.0,1.0,100.0
DO,Facilitator,Ujjain,Q29,29.4,1.0,1.0,100.0
DO,Facilitator,Umaria,Q29,29.1,2.0,2.0,100.0
DO,Facilitator,Umaria,Q29,29.2,1.0,2.0,50.0
DO,Facilitator,Umaria,Q29,29.3,2.0,2.0,100.0
DO,Facilitator,Umaria,Q29,29.4,2.0,2.0,100.0
DO,Facilitator,Vidisha,Q29,29.1,1.0,2.0,50.0
DO,Facilitator,Vidisha,Q29,29.2,1.0,2.0,50.0
DO,Facilitator,Vidisha,Q29,29.3,2.0,2.0,100.0
DO,Facilitator,Vidisha,Q29,29.4,1.0,2.0,50.0
DO,Facilitator,Total,Q29,29.1,71.0,77.0,92.21
DO,Facilitator,Total,Q29,29.2,73.0,77.0,94.81
DO,Facilitator,Total,Q29,29.3,75.0,77.0,97.4
DO,Facilitator,Total,Q29,29.4,75.0,77.0,97.4
DO,Facilitator,Agar Malwa,Q30,30.1,2.0,2.0,100.0
DO,Facilitator,Agar Malwa,Q30,30.2,2.0,2.0,100.0
DO,Facilitator,Agar Malwa,Q30,30.3,2.0,2.0,100.0
DO,Facilitator,Agar Malwa,Q30,30.4,2.0,2.0,100.0
DO,Facilitator,Alirajpur,Q30,30.1,2.0,3.0,66.67
DO,Facilitator,Alirajpur,Q30,30.2,2.0,3.0,66.67
DO,Facilitator,Alirajpur,Q30,30.3,3.0,3.0,100.0
DO,Facilitator,Alirajpur,Q30,30.4,3.0,3.0,100.0
DO,Facilitator,Ashoknagar,Q30,30.1,2.0,2.0,100.0
DO,Facilitator,Ashoknagar,Q30,30.2,2.0,2.0,100.0
DO,Facilitator,Ashoknagar,Q30,30.3,2.0,2.0,100.0
DO,Facilitator,Ashoknagar,Q30,30.4,2.0,2.0,100.0
DO,Facilitator,Balaghat,Q30,30.1,1.0,1.0,100.0
DO,Facilitator,Balaghat,Q30,30.2,1.0,1.0,100.0
DO,Facilitator,Balaghat,Q30,30.3,1.0,1.0,100.0
DO,Facilitator,Balaghat,Q30,30.4,1.0,1.0,100.0
DO,Facilitator,Barwani,Q30,30.1,1.0,1.0,100.0
DO,Facilitator,Barwani,Q30,30.2,0.0,1.0,0.0
DO,Facilitator,Barwani,Q30,30.3,1.0,1.0,100.0
DO,Facilitator,Barwani,Q30,30.4,1.0,1.0,100.0
DO,Facilitator,Betul,Q30,30.1,1.0,2.0,50.0
DO,Facilitator,Betul,Q30,30.2,2.0,2.0,100.0
DO,Facilitator,Betul,Q30,30.3,2.0,2.0,100.0
DO,Facilitator,Betul,Q30,30.4,2.0,2.0,100.0
DO,Facilitator,Bhopal,Q30,30.1,1.0,1.0,100.0
DO,Facilitator,Bhopal,Q30,30.2,1.0,1.0,100.0
DO,Facilitator,Bhopal,Q30,30.3,1.0,1.0,100.0
DO,Facilitator,Bhopal,Q30,30.4,1.0,1.0,100.0
DO,Facilitator,Burhanpur,Q30,30.1,2.0,2.0,100.0
DO,Facilitator,Burhanpur,Q30,30.2,2.0,2.0,100.0
DO,Facilitator,Burhanpur,Q30,30.3,2.0,2.0,100.0
DO,Facilitator,Burhanpur,Q30,30.4,2.0,2.0,100.0
DO,Facilitator,Chhindwara,Q30,30.1,1.0,1.0,100.0
DO,Facilitator,Chhindwara,Q30,30.2,1.0,1.0,100.0
DO,Facilitator,Chhindwara,Q30,30.3,1.0,1.0,100.0
DO,Facilitator,Chhindwara,Q30,30.4,1.0,1.0,100.0
DO,Facilitator,Damoh,Q30,30.1,1.0,2.0,50.0
DO,Facilitator,Damoh,Q30,30.2,1.0,2.0,50.0
DO,Facilitator,Damoh,Q30,30.3,2.0,2.0,100.0
DO,Facilitator,Damoh,Q30,30.4,2.0,2.0,100.0
DO,Facilitator,Datia,Q30,30.1,2.0,2.0,100.0
DO,Facilitator,Datia,Q30,30.2,1.0,2.0,50.0
DO,Facilitator,Datia,Q30,30.3,2.0,2.0,100.0
DO,Facilitator,Datia,Q30,30.4,2.0,2.0,100.0
DO,Facilitator,Dhar,Q30,30.1,2.0,3.0,66.67
DO,Facilitator,Dhar,Q30,30.2,1.0,3.0,33.33
DO,Facilitator,Dhar,Q30,30.3,3.0,3.0,100.0
DO,Facilitator,Dhar,Q30,30.4,3.0,3.0,100.0
DO,Facilitator,Guna,Q30,30.1,1.0,1.0,100.0
DO,Facilitator,Guna,Q30,30.2,1.0,1.0,100.0
DO,Facilitator,Guna,Q30,30.3,1.0,1.0,100.0
DO,Facilitator,Guna,Q30,30.4,1.0,1.0,100.0
DO,Facilitator,Harda,Q30,30.1,2.0,2.0,100.0
DO,Facilitator,Harda,Q30,30.2,2.0,2.0,100.0
DO,Facilitator,Harda,Q30,30.3,2.0,2.0,100.0
DO,Facilitator,Harda,Q30,30.4,2.0,2.0,100.0
DO,Facilitator,Indore,Q30,30.1,2.0,2.0,100.0
DO,Facilitator,Indore,Q30,30.2,2.0,2.0,100.0
DO,Facilitator,Indore,Q30,30.3,2.0,2.0,100.0
DO,Facilitator,Indore,Q30,30.4,2.0,2.0,100.0
DO,Facilitator,Jabalpur,Q30,30.1,0.0,1.0,0.0
DO,Facilitator,Jabalpur,Q30,30.2,1.0,1.0,100.0
DO,Facilitator,Jabalpur,Q30,30.3,1.0,1.0,100.0
DO,Facilitator,Jabalpur,Q30,30.4,1.0,1.0,100.0
DO,Facilitator,Jhabua,Q30,30.1,1.0,1.0,100.0
DO,Facilitator,Jhabua,Q30,30.2,1.0,1.0,100.0
DO,Facilitator,Jhabua,Q30,30.3,1.0,1.0,100.0
DO,Facilitator,Jhabua,Q30,30.4,1.0,1.0,100.0
DO,Facilitator,Katni,Q30,30.1,1.0,2.0,50.0
DO,Facilitator,Katni,Q30,30.2,2.0,2.0,100.0
DO,Facilitator,Katni,Q30,30.3,2.0,2.0,100.0
DO,Facilitator,Katni,Q30,30.4,2.0,2.0,100.0
DO,Facilitator,Khargone,Q30,30.1,1.0,2.0,50.0
DO,Facilitator,Khargone,Q30,30.2,2.0,2.0,100.0
DO,Facilitator,Khargone,Q30,30.3,2.0,2.0,100.0
DO,Facilitator,Khargone,Q30,30.4,2.0,2.0,100.0
DO,Facilitator,Mandla,Q30,30.1,2.0,2.0,100.0
DO,Facilitator,Mandla,Q30,30.2,1.0,2.0,50.0
DO,Facilitator,Mandla,Q30,30.3,2.0,2.0,100.0
DO,Facilitator,Mandla,Q30,30.4,2.0,2.0,100.0
DO,Facilitator,Mandsaur,Q30,30.1,3.0,3.0,100.0
DO,Facilitator,Mandsaur,Q30,30.2,3.0,3.0,100.0
DO,Facilitator,Mandsaur,Q30,30.3,3.0,3.0,100.0
DO,Facilitator,Mandsaur,Q30,30.4,3.0,3.0,100.0
DO,Facilitator,Morena,Q30,30.1,2.0,2.0,100.0
DO,Facilitator,Morena,Q30,30.2,2.0,2.0,100.0
DO,Facilitator,Morena,Q30,30.3,2.0,2.0,100.0
DO,Facilitator,Morena,Q30,30.4,2.0,2.0,100.0
DO,Facilitator,Narmadapuram,Q30,30.1,1.0,1.0,100.0
DO,Facilitator,Narmadapuram,Q30,30.2,1.0,1.0,100.0
DO,Facilitator,Narmadapuram,Q30,30.3,1.0,1.0,100.0
DO,Facilitator,Narmadapuram,Q30,30.4,1.0,1.0,100.0
DO,Facilitator,Narsinghpur,Q30,30.1,1.0,1.0,100.0
DO,Facilitator,Narsinghpur,Q30,30.2,1.0,1.0,100.0
DO,Facilitator,Narsinghpur,Q30,30.3,1.0,1.0,100.0
DO,Facilitator,Narsinghpur,Q30,30.4,1.0,1.0,100.0
DO,Facilitator,Neemuch,Q30,30.1,2.0,2.0,100.0
DO,Facilitator,Neemuch,Q30,30.2,1.0,2.0,50.0
DO,Facilitator,Neemuch,Q30,30.3,2.0,2.0,100.0
DO,Facilitator,Neemuch,Q30,30.4,2.0,2.0,100.0
DO,Facilitator,Niwari,Q30,30.1,2.0,2.0,100.0
DO,Facilitator,Niwari,Q30,30.2,2.0,2.0,100.0
DO,Facilitator,Niwari,Q30,30.3,2.0,2.0,100.0
DO,Facilitator,Niwari,Q30,30.4,2.0,2.0,100.0
DO,Facilitator,Panna,Q30,30.1,2.0,2.0,100.0
DO,Facilitator,Panna,Q30,30.2,2.0,2.0,100.0
DO,Facilitator,Panna,Q30,30.3,2.0,2.0,100.0
DO,Facilitator,Panna,Q30,30.4,2.0,2.0,100.0
DO,Facilitator,Raisen,Q30,30.1,2.0,2.0,100.0
DO,Facilitator,Raisen,Q30,30.2,2.0,2.0,100.0
DO,Facilitator,Raisen,Q30,30.3,2.0,2.0,100.0
DO,Facilitator,Raisen,Q30,30.4,1.0,2.0,50.0
DO,Facilitator,Rajgarh,Q30,30.1,1.0,1.0,100.0
DO,Facilitator,Rajgarh,Q30,30.2,0.0,1.0,0.0
DO,Facilitator,Rajgarh,Q30,30.3,1.0,1.0,100.0
DO,Facilitator,Rajgarh,Q30,30.4,1.0,1.0,100.0
DO,Facilitator,Ratlam,Q30,30.1,1.0,1.0,100.0
DO,Facilitator,Ratlam,Q30,30.2,1.0,1.0,100.0
DO,Facilitator,Ratlam,Q30,30.3,1.0,1.0,100.0
DO,Facilitator,Ratlam,Q30,30.4,1.0,1.0,100.0
DO,Facilitator,Rewa,Q30,30.1,2.0,2.0,100.0
DO,Facilitator,Rewa,Q30,30.2,2.0,2.0,100.0
DO,Facilitator,Rewa,Q30,30.3,2.0,2.0,100.0
DO,Facilitator,Rewa,Q30,30.4,2.0,2.0,100.0
DO,Facilitator,Sagar,Q30,30.1,1.0,1.0,100.0
DO,Facilitator,Sagar,Q30,30.2,1.0,1.0,100.0
DO,Facilitator,Sagar,Q30,30.3,1.0,1.0,100.0
DO,Facilitator,Sagar,Q30,30.4,1.0,1.0,100.0
DO,Facilitator,Satna,Q30,30.1,2.0,3.0,66.67
DO,Facilitator,Satna,Q30,30.2,3.0,3.0,100.0
DO,Facilitator,Satna,Q30,30.3,3.0,3.0,100.0
DO,Facilitator,Satna,Q30,30.4,3.0,3.0,100.0
DO,Facilitator,Seoni,Q30,30.1,1.0,1.0,100.0
DO,Facilitator,Seoni,Q30,30.2,1.0,1.0,100.0
DO,Facilitator,Seoni,Q30,30.3,1.0,1.0,100.0
DO,Facilitator,Seoni,Q30,30.4,1.0,1.0,100.0
DO,Facilitator,Shahdol,Q30,30.1,2.0,2.0,100.0
DO,Facilitator,Shahdol,Q30,30.2,2.0,2.0,100.0
DO,Facilitator,Shahdol,Q30,30.3,2.0,2.0,100.0
DO,Facilitator,Shahdol,Q30,30.4,2.0,2.0,100.0
DO,Facilitator,Shajapur,Q30,30.1,2.0,2.0,100.0
DO,Facilitator,Shajapur,Q30,30.2,2.0,2.0,100.0
DO,Facilitator,Shajapur,Q30,30.3,2.0,2.0,100.0
DO,Facilitator,Shajapur,Q30,30.4,2.0,2.0,100.0
DO,Facilitator,Sheopur,Q30,30.1,2.0,2.0,100.0
DO,Facilitator,Sheopur,Q30,30.2,2.0,2.0,100.0
DO,Facilitator,Sheopur,Q30,30.3,2.0,2.0,100.0
DO,Facilitator,Sheopur,Q30,30.4,2.0,2.0,100.0
DO,Facilitator,Shivpuri,Q30,30.1,1.0,2.0,50.0
DO,Facilitator,Shivpuri,Q30,30.2,1.0,2.0,50.0
DO,Facilitator,Shivpuri,Q30,30.3,1.0,2.0,50.0
DO,Facilitator,Shivpuri,Q30,30.4,2.0,2.0,100.0
DO,Facilitator,Sidhi,Q30,30.1,1.0,2.0,50.0
DO,Facilitator,Sidhi,Q30,30.2,2.0,2.0,100.0
DO,Facilitator,Sidhi,Q30,30.3,2.0,2.0,100.0
DO,Facilitator,Sidhi,Q30,30.4,2.0,2.0,100.0
DO,Facilitator,Singrauli,Q30,30.1,1.0,1.0,100.0
DO,Facilitator,Singrauli,Q30,30.2,1.0,1.0,100.0
DO,Facilitator,Singrauli,Q30,30.3,1.0,1.0,100.0
DO,Facilitator,Singrauli,Q30,30.4,1.0,1.0,100.0
DO,Facilitator,Tikamgarh,Q30,30.1,2.0,2.0,100.0
DO,Facilitator,Tikamgarh,Q30,30.2,2.0,2.0,100.0
DO,Facilitator,Tikamgarh,Q30,30.3,2.0,2.0,100.0
DO,Facilitator,Tikamgarh,Q30,30.4,2.0,2.0,100.0
DO,Facilitator,Ujjain,Q30,30.1,1.0,1.0,100.0
DO,Facilitator,Ujjain,Q30,30.2,1.0,1.0,100.0
DO,Facilitator,Ujjain,Q30,30.3,1.0,1.0,100.0
DO,Facilitator,Ujjain,Q30,30.4,1.0,1.0,100.0
DO,Facilitator,Umaria,Q30,30.1,2.0,2.0,100.0
DO,Facilitator,Umaria,Q30,30.2,2.0,2.0,100.0
DO,Facilitator,Umaria,Q30,30.3,2.0,2.0,100.0
DO,Facilitator,Umaria,Q30,30.4,2.0,2.0,100.0
DO,Facilitator,Vidisha,Q30,30.1,1.0,2.0,50.0
DO,Facilitator,Vidisha,Q30,30.2,1.0,2.0,50.0
DO,Facilitator,Vidisha,Q30,30.3,2.0,2.0,100.0
DO,Facilitator,Vidisha,Q30,30.4,2.0,2.0,100.0
DO,Facilitator,Total,Q30,30.1,66.0,77.0,85.71
DO,Facilitator,Total,Q30,30.2,66.0,77.0,85.71
DO,Facilitator,Total,Q30,30.3,76.0,77.0,98.7
DO,Facilitator,Total,Q30,30.4,76.0,77.0,98.7
DO,Facilitator,Agar Malwa,Q31,31.1,2.0,2.0,100.0
DO,Facilitator,Agar Malwa,Q31,31.2,0.0,2.0,0.0
DO,Facilitator,Agar Malwa,Q31,31.3,0.0,2.0,0.0
DO,Facilitator,Alirajpur,Q31,31.1,1.0,3.0,33.33
DO,Facilitator,Alirajpur,Q31,31.2,2.0,3.0,66.67
DO,Facilitator,Alirajpur,Q31,31.3,0.0,3.0,0.0
DO,Facilitator,Ashoknagar,Q31,31.1,2.0,2.0,100.0
DO,Facilitator,Ashoknagar,Q31,31.2,0.0,2.0,0.0
DO,Facilitator,Ashoknagar,Q31,31.3,0.0,2.0,0.0
DO,Facilitator,Balaghat,Q31,31.1,0.0,1.0,0.0
DO,Facilitator,Balaghat,Q31,31.2,0.0,1.0,0.0
DO,Facilitator,Balaghat,Q31,31.3,1.0,1.0,100.0
DO,Facilitator,Barwani,Q31,31.1,0.0,1.0,0.0
DO,Facilitator,Barwani,Q31,31.2,1.0,1.0,100.0
DO,Facilitator,Barwani,Q31,31.3,0.0,1.0,0.0
DO,Facilitator,Betul,Q31,31.1,2.0,2.0,100.0
DO,Facilitator,Betul,Q31,31.2,0.0,2.0,0.0
DO,Facilitator,Betul,Q31,31.3,0.0,2.0,0.0
DO,Facilitator,Bhopal,Q31,31.1,1.0,1.0,100.0
DO,Facilitator,Bhopal,Q31,31.2,0.0,1.0,0.0
DO,Facilitator,Bhopal,Q31,31.3,0.0,1.0,0.0
DO,Facilitator,Burhanpur,Q31,31.1,2.0,2.0,100.0
DO,Facilitator,Burhanpur,Q31,31.2,0.0,2.0,0.0
DO,Facilitator,Burhanpur,Q31,31.3,0.0,2.0,0.0
DO,Facilitator,Chhindwara,Q31,31.1,1.0,1.0,100.0
DO,Facilitator,Chhindwara,Q31,31.2,0.0,1.0,0.0
DO,Facilitator,Chhindwara,Q31,31.3,0.0,1.0,0.0
DO,Facilitator,Damoh,Q31,31.1,1.0,2.0,50.0
DO,Facilitator,Damoh,Q31,31.2,1.0,2.0,50.0
DO,Facilitator,Damoh,Q31,31.3,0.0,2.0,0.0
DO,Facilitator,Datia,Q31,31.1,2.0,2.0,100.0
DO,Facilitator,Datia,Q31,31.2,0.0,2.0,0.0
DO,Facilitator,Datia,Q31,31.3,0.0,2.0,0.0
DO,Facilitator,Dhar,Q31,31.1,3.0,3.0,100.0
DO,Facilitator,Dhar,Q31,31.2,0.0,3.0,0.0
DO,Facilitator,Dhar,Q31,31.3,0.0,3.0,0.0
DO,Facilitator,Guna,Q31,31.1,1.0,1.0,100.0
DO,Facilitator,Guna,Q31,31.2,0.0,1.0,0.0
DO,Facilitator,Guna,Q31,31.3,0.0,1.0,0.0
DO,Facilitator,Harda,Q31,31.1,1.0,2.0,50.0
DO,Facilitator,Harda,Q31,31.2,0.0,2.0,0.0
DO,Facilitator,Harda,Q31,31.3,1.0,2.0,50.0
DO,Facilitator,Indore,Q31,31.1,1.0,2.0,50.0
DO,Facilitator,Indore,Q31,31.2,0.0,2.0,0.0
DO,Facilitator,Indore,Q31,31.3,1.0,2.0,50.0
DO,Facilitator,Jabalpur,Q31,31.1,1.0,1.0,100.0
DO,Facilitator,Jabalpur,Q31,31.2,0.0,1.0,0.0
DO,Facilitator,Jabalpur,Q31,31.3,0.0,1.0,0.0
DO,Facilitator,Jhabua,Q31,31.1,1.0,1.0,100.0
DO,Facilitator,Jhabua,Q31,31.2,0.0,1.0,0.0
DO,Facilitator,Jhabua,Q31,31.3,0.0,1.0,0.0
DO,Facilitator,Katni,Q31,31.1,0.0,2.0,0.0
DO,Facilitator,Katni,Q31,31.2,0.0,2.0,0.0
DO,Facilitator,Katni,Q31,31.3,2.0,2.0,100.0
DO,Facilitator,Khargone,Q31,31.1,0.0,2.0,0.0
DO,Facilitator,Khargone,Q31,31.2,1.0,2.0,50.0
DO,Facilitator,Khargone,Q31,31.3,1.0,2.0,50.0
DO,Facilitator,Mandla,Q31,31.1,2.0,2.0,100.0
DO,Facilitator,Mandla,Q31,31.2,0.0,2.0,0.0
DO,Facilitator,Mandla,Q31,31.3,0.0,2.0,0.0
DO,Facilitator,Mandsaur,Q31,31.1,3.0,3.0,100.0
DO,Facilitator,Mandsaur,Q31,31.2,0.0,3.0,0.0
DO,Facilitator,Mandsaur,Q31,31.3,0.0,3.0,0.0
DO,Facilitator,Morena,Q31,31.1,2.0,2.0,100.0
DO,Facilitator,Morena,Q31,31.2,0.0,2.0,0.0
DO,Facilitator,Morena,Q31,31.3,0.0,2.0,0.0
DO,Facilitator,Narmadapuram,Q31,31.1,1.0,1.0,100.0
DO,Facilitator,Narmadapuram,Q31,31.2,0.0,1.0,0.0
DO,Facilitator,Narmadapuram,Q31,31.3,0.0,1.0,0.0
DO,Facilitator,Narsinghpur,Q31,31.1,0.0,1.0,0.0
DO,Facilitator,Narsinghpur,Q31,31.2,0.0,1.0,0.0
DO,Facilitator,Narsinghpur,Q31,31.3,1.0,1.0,100.0
DO,Facilitator,Neemuch,Q31,31.1,0.0,2.0,0.0
DO,Facilitator,Neemuch,Q31,31.2,2.0,2.0,100.0
DO,Facilitator,Neemuch,Q31,31.3,0.0,2.0,0.0
DO,Facilitator,Niwari,Q31,31.1,2.0,2.0,100.0
DO,Facilitator,Niwari,Q31,31.2,0.0,2.0,0.0
DO,Facilitator,Niwari,Q31,31.3,0.0,2.0,0.0
DO,Facilitator,Panna,Q31,31.1,2.0,2.0,100.0
DO,Facilitator,Panna,Q31,31.2,0.0,2.0,0.0
DO,Facilitator,Panna,Q31,31.3,0.0,2.0,0.0
DO,Facilitator,Raisen,Q31,31.1,2.0,2.0,100.0
DO,Facilitator,Raisen,Q31,31.2,0.0,2.0,0.0
DO,Facilitator,Raisen,Q31,31.3,0.0,2.0,0.0
DO,Facilitator,Rajgarh,Q31,31.1,1.0,1.0,100.0
DO,Facilitator,Rajgarh,Q31,31.2,0.0,1.0,0.0
DO,Facilitator,Rajgarh,Q31,31.3,0.0,1.0,0.0
DO,Facilitator,Ratlam,Q31,31.1,1.0,1.0,100.0
DO,Facilitator,Ratlam,Q31,31.2,0.0,1.0,0.0
DO,Facilitator,Ratlam,Q31,31.3,0.0,1.0,0.0
DO,Facilitator,Rewa,Q31,31.1,2.0,2.0,100.0
DO,Facilitator,Rewa,Q31,31.2,0.0,2.0,0.0
DO,Facilitator,Rewa,Q31,31.3,0.0,2.0,0.0
DO,Facilitator,Sagar,Q31,31.1,1.0,1.0,100.0
DO,Facilitator,Sagar,Q31,31.2,0.0,1.0,0.0
DO,Facilitator,Sagar,Q31,31.3,0.0,1.0,0.0
DO,Facilitator,Satna,Q31,31.1,3.0,3.0,100.0
DO,Facilitator,Satna,Q31,31.2,0.0,3.0,0.0
DO,Facilitator,Satna,Q31,31.3,0.0,3.0,0.0
DO,Facilitator,Seoni,Q31,31.1,1.0,1.0,100.0
DO,Facilitator,Seoni,Q31,31.2,0.0,1.0,0.0
DO,Facilitator,Seoni,Q31,31.3,0.0,1.0,0.0
DO,Facilitator,Shahdol,Q31,31.1,1.0,2.0,50.0
DO,Facilitator,Shahdol,Q31,31.2,0.0,2.0,0.0
DO,Facilitator,Shahdol,Q31,31.3,1.0,2.0,50.0
DO,Facilitator,Shajapur,Q31,31.1,2.0,2.0,100.0
DO,Facilitator,Shajapur,Q31,31.2,0.0,2.0,0.0
DO,Facilitator,Shajapur,Q31,31.3,0.0,2.0,0.0
DO,Facilitator,Sheopur,Q31,31.1,1.0,2.0,50.0
DO,Facilitator,Sheopur,Q31,31.2,0.0,2.0,0.0
DO,Facilitator,Sheopur,Q31,31.3,1.0,2.0,50.0
DO,Facilitator,Shivpuri,Q31,31.1,2.0,2.0,100.0
DO,Facilitator,Shivpuri,Q31,31.2,0.0,2.0,0.0
DO,Facilitator,Shivpuri,Q31,31.3,0.0,2.0,0.0
DO,Facilitator,Sidhi,Q31,31.1,2.0,2.0,100.0
DO,Facilitator,Sidhi,Q31,31.2,0.0,2.0,0.0
DO,Facilitator,Sidhi,Q31,31.3,0.0,2.0,0.0
DO,Facilitator,Singrauli,Q31,31.1,0.0,1.0,0.0
DO,Facilitator,Singrauli,Q31,31.2,0.0,1.0,0.0
DO,Facilitator,Singrauli,Q31,31.3,1.0,1.0,100.0
DO,Facilitator,Tikamgarh,Q31,31.1,2.0,2.0,100.0
DO,Facilitator,Tikamgarh,Q31,31.2,0.0,2.0,0.0
DO,Facilitator,Tikamgarh,Q31,31.3,0.0,2.0,0.0
DO,Facilitator,Ujjain,Q31,31.1,1.0,1.0,100.0
DO,Facilitator,Ujjain,Q31,31.2,0.0,1.0,0.0
DO,Facilitator,Ujjain,Q31,31.3,0.0,1.0,0.0
DO,Facilitator,Umaria,Q31,31.1,2.0,2.0,100.0
DO,Facilitator,Umaria,Q31,31.2,0.0,2.0,0.0
DO,Facilitator,Umaria,Q31,31.3,0.0,2.0,0.0
DO,Facilitator,Vidisha,Q31,31.1,2.0,2.0,100.0
DO,Facilitator,Vidisha,Q31,31.2,0.0,2.0,0.0
DO,Facilitator,Vidisha,Q31,31.3,0.0,2.0,0.0
DO,Facilitator,Total,Q31,31.1,60.0,77.0,77.92
DO,Facilitator,Total,Q31,31.2,7.0,77.0,9.09
DO,Facilitator,Total,Q31,31.3,10.0,77.0,12.99
DO,Facilitator,Agar Malwa,Q32,32.1,2.0,2.0,100.0
DO,Facilitator,Agar Malwa,Q32,32.2,0.0,2.0,0.0
DO,Facilitator,Alirajpur,Q32,32.1,3.0,3.0,100.0
DO,Facilitator,Alirajpur,Q32,32.2,0.0,3.0,0.0
DO,Facilitator,Ashoknagar,Q32,32.1,2.0,2.0,100.0
DO,Facilitator,Ashoknagar,Q32,32.2,0.0,2.0,0.0
DO,Facilitator,Balaghat,Q32,32.1,1.0,1.0,100.0
DO,Facilitator,Balaghat,Q32,32.2,0.0,1.0,0.0
DO,Facilitator,Barwani,Q32,32.1,1.0,1.0,100.0
DO,Facilitator,Barwani,Q32,32.2,0.0,1.0,0.0
DO,Facilitator,Betul,Q32,32.1,2.0,2.0,100.0
DO,Facilitator,Betul,Q32,32.2,0.0,2.0,0.0
DO,Facilitator,Bhopal,Q32,32.1,1.0,1.0,100.0
DO,Facilitator,Bhopal,Q32,32.2,0.0,1.0,0.0
DO,Facilitator,Burhanpur,Q32,32.1,2.0,2.0,100.0
DO,Facilitator,Burhanpur,Q32,32.2,0.0,2.0,0.0
DO,Facilitator,Chhindwara,Q32,32.1,1.0,1.0,100.0
DO,Facilitator,Chhindwara,Q32,32.2,0.0,1.0,0.0
DO,Facilitator,Damoh,Q32,32.1,2.0,2.0,100.0
DO,Facilitator,Damoh,Q32,32.2,0.0,2.0,0.0
DO,Facilitator,Datia,Q32,32.1,2.0,2.0,100.0
DO,Facilitator,Datia,Q32,32.2,0.0,2.0,0.0
DO,Facilitator,Dhar,Q32,32.1,3.0,3.0,100.0
DO,Facilitator,Dhar,Q32,32.2,0.0,3.0,0.0
DO,Facilitator,Guna,Q32,32.1,1.0,1.0,100.0
DO,Facilitator,Guna,Q32,32.2,0.0,1.0,0.0
DO,Facilitator,Harda,Q32,32.1,2.0,2.0,100.0
DO,Facilitator,Harda,Q32,32.2,0.0,2.0,0.0
DO,Facilitator,Indore,Q32,32.1,2.0,2.0,100.0
DO,Facilitator,Indore,Q32,32.2,0.0,2.0,0.0
DO,Facilitator,Jabalpur,Q32,32.1,1.0,1.0,100.0
DO,Facilitator,Jabalpur,Q32,32.2,0.0,1.0,0.0
DO,Facilitator,Jhabua,Q32,32.1,1.0,1.0,100.0
DO,Facilitator,Jhabua,Q32,32.2,0.0,1.0,0.0
DO,Facilitator,Katni,Q32,32.1,2.0,2.0,100.0
DO,Facilitator,Katni,Q32,32.2,0.0,2.0,0.0
DO,Facilitator,Khargone,Q32,32.1,2.0,2.0,100.0
DO,Facilitator,Khargone,Q32,32.2,0.0,2.0,0.0
DO,Facilitator,Mandla,Q32,32.1,2.0,2.0,100.0
DO,Facilitator,Mandla,Q32,32.2,0.0,2.0,0.0
DO,Facilitator,Mandsaur,Q32,32.1,3.0,3.0,100.0
DO,Facilitator,Mandsaur,Q32,32.2,0.0,3.0,0.0
DO,Facilitator,Morena,Q32,32.1,2.0,2.0,100.0
DO,Facilitator,Morena,Q32,32.2,0.0,2.0,0.0
DO,Facilitator,Narmadapuram,Q32,32.1,0.0,1.0,0.0
DO,Facilitator,Narmadapuram,Q32,32.2,1.0,1.0,100.0
DO,Facilitator,Narsinghpur,Q32,32.1,1.0,1.0,100.0
DO,Facilitator,Narsinghpur,Q32,32.2,0.0,1.0,0.0
DO,Facilitator,Neemuch,Q32,32.1,2.0,2.0,100.0
DO,Facilitator,Neemuch,Q32,32.2,0.0,2.0,0.0
DO,Facilitator,Niwari,Q32,32.1,2.0,2.0,100.0
DO,Facilitator,Niwari,Q32,32.2,0.0,2.0,0.0
DO,Facilitator,Panna,Q32,32.1,2.0,2.0,100.0
DO,Facilitator,Panna,Q32,32.2,0.0,2.0,0.0
DO,Facilitator,Raisen,Q32,32.1,2.0,2.0,100.0
DO,Facilitator,Raisen,Q32,32.2,0.0,2.0,0.0
DO,Facilitator,Rajgarh,Q32,32.1,1.0,1.0,100.0
DO,Facilitator,Rajgarh,Q32,32.2,0.0,1.0,0.0
DO,Facilitator,Ratlam,Q32,32.1,1.0,1.0,100.0
DO,Facilitator,Ratlam,Q32,32.2,0.0,1.0,0.0
DO,Facilitator,Rewa,Q32,32.1,2.0,2.0,100.0
DO,Facilitator,Rewa,Q32,32.2,0.0,2.0,0.0
DO,Facilitator,Sagar,Q32,32.1,1.0,1.0,100.0
DO,Facilitator,Sagar,Q32,32.2,0.0,1.0,0.0
DO,Facilitator,Satna,Q32,32.1,3.0,3.0,100.0
DO,Facilitator,Satna,Q32,32.2,0.0,3.0,0.0
DO,Facilitator,Seoni,Q32,32.1,1.0,1.0,100.0
DO,Facilitator,Seoni,Q32,32.2,0.0,1.0,0.0
DO,Facilitator,Shahdol,Q32,32.1,2.0,2.0,100.0
DO,Facilitator,Shahdol,Q32,32.2,0.0,2.0,0.0
DO,Facilitator,Shajapur,Q32,32.1,2.0,2.0,100.0
DO,Facilitator,Shajapur,Q32,32.2,0.0,2.0,0.0
DO,Facilitator,Sheopur,Q32,32.1,2.0,2.0,100.0
DO,Facilitator,Sheopur,Q32,32.2,0.0,2.0,0.0
DO,Facilitator,Shivpuri,Q32,32.1,2.0,2.0,100.0
DO,Facilitator,Shivpuri,Q32,32.2,0.0,2.0,0.0
DO,Facilitator,Sidhi,Q32,32.1,2.0,2.0,100.0
DO,Facilitator,Sidhi,Q32,32.2,0.0,2.0,0.0
DO,Facilitator,Singrauli,Q32,32.1,1.0,1.0,100.0
DO,Facilitator,Singrauli,Q32,32.2,0.0,1.0,0.0
DO,Facilitator,Tikamgarh,Q32,32.1,2.0,2.0,100.0
DO,Facilitator,Tikamgarh,Q32,32.2,0.0,2.0,0.0
DO,Facilitator,Ujjain,Q32,32.1,1.0,1.0,100.0
DO,Facilitator,Ujjain,Q32,32.2,0.0,1.0,0.0
DO,Facilitator,Umaria,Q32,32.1,2.0,2.0,100.0
DO,Facilitator,Umaria,Q32,32.2,0.0,2.0,0.0
DO,Facilitator,Vidisha,Q32,32.1,2.0,2.0,100.0
DO,Facilitator,Vidisha,Q32,32.2,0.0,2.0,0.0
DO,Facilitator,Total,Q32,32.1,76.0,77.0,98.7
DO,Facilitator,Total,Q32,32.2,1.0,77.0,1.3
DO,Participant,Agar Malwa,Q34,34_Correct,46.0,51.0,90.2
DO,Participant,Alirajpur,Q34,34_Correct,108.0,110.0,98.18
DO,Participant,Ashoknagar,Q34,34_Correct,75.0,76.0,98.68
DO,Participant,Balaghat,Q34,34_Correct,110.0,110.0,100.0
DO,Participant,Barwani,Q34,34_Correct,98.0,104.0,94.23
DO,Participant,Betul,Q34,34_Correct,129.0,130.0,99.23
DO,Participant,Bhind,Q34,34_Correct,88.0,91.0,96.7
DO,Participant,Bhopal,Q34,34_Correct,57.0,57.0,100.0
DO,Participant,Burhanpur,Q34,34_Correct,29.0,29.0,100.0
DO,Participant,Chhatarpur,Q34,34_Correct,110.0,120.0,91.67
DO,Participant,Chhindwara,Q34,34_Correct,142.0,142.0,100.0
DO,Participant,Damoh,Q34,34_Correct,64.0,66.0,96.97
DO,Participant,Datia,Q34,34_Correct,59.0,59.0,100.0
DO,Participant,Dhar,Q34,34_Correct,87.0,166.0,52.41
DO,Participant,Dindori,Q34,34_Correct,27.0,73.0,36.99
DO,Participant,Guna,Q34,34_Correct,76.0,76.0,100.0
DO,Participant,Gwalior,Q34,34_Correct,83.0,90.0,92.22
DO,Participant,Harda,Q34,34_Correct,38.0,39.0,97.44
DO,Participant,Indore,Q34,34_Correct,74.0,76.0,97.37
DO,Participant,Jabalpur,Q34,34_Correct,91.0,91.0,100.0
DO,Participant,Jhabua,Q34,34_Correct,101.0,101.0,100.0
DO,Participant,Katni,Q34,34_Correct,85.0,87.0,97.7
DO,Participant,Khargone,Q34,34_Correct,152.0,160.0,95.0
DO,Participant,Mandla,Q34,34_Correct,109.0,110.0,99.09
DO,Participant,Mandsaur,Q34,34_Correct,86.0,86.0,100.0
DO,Participant,Morena,Q34,34_Correct,117.0,117.0,100.0
DO,Participant,Narmadapuram,Q34,34_Correct,79.0,79.0,100.0
DO,Participant,Narsinghpur,Q34,34_Correct,86.0,87.0,98.85
DO,Participant,Neemuch,Q34,34_Correct,57.0,57.0,100.0
DO,Participant,Niwari,Q34,34_Correct,30.0,31.0,96.77
DO,Participant,Panna,Q34,34_Correct,101.0,103.0,98.06
DO,Participant,Raisen,Q34,34_Correct,106.0,110.0,96.36
DO,Participant,Rajgarh,Q34,34_Correct,123.0,129.0,95.35
DO,Participant,Ratlam,Q34,34_Correct,111.0,114.0,97.37
DO,Participant,Rewa,Q34,34_Correct,70.0,71.0,98.59
DO,Participant,Sagar,Q34,34_Correct,122.0,122.0,100.0
DO,Participant,Satna,Q34,34_Correct,205.0,206.0,99.51
DO,Participant,Seoni,Q34,34_Correct,121.0,122.0,99.18
DO,Participant,Shahdol,Q34,34_Correct,80.0,83.0,96.39
DO,Participant,Shajapur,Q34,34_Correct,63.0,64.0,98.44
DO,Participant,Sheopur,Q34,34_Correct,50.0,50.0,100.0
DO,Participant,Shivpuri,Q34,34_Correct,99.0,116.0,85.34
DO,Participant,Sidhi,Q34,34_Correct,91.0,92.0,98.91
DO,Participant,Singrauli,Q34,34_Correct,39.0,39.0,100.0
DO,Participant,Tikamgarh,Q34,34_Correct,63.0,68.0,92.65
DO,Participant,Ujjain,Q34,34_Correct,81.0,114.0,71.05
DO,Participant,Umaria,Q34,34_Correct,65.0,65.0,100.0
DO,Participant,Vidisha,Q34,34_Correct,112.0,115.0,97.39
DO,Participant,Total,Q34,34_Correct,4195.0,4454.0,94.19
DO,Participant,Agar Malwa,Q35,35_Correct,36.0,51.0,70.59
DO,Participant,Alirajpur,Q35,35_Correct,69.0,110.0,62.73
DO,Participant,Ashoknagar,Q35,35_Correct,49.0,76.0,64.47
DO,Participant,Balaghat,Q35,35_Correct,89.0,110.0,80.91
DO,Participant,Barwani,Q35,35_Correct,73.0,104.0,70.19
DO,Participant,Betul,Q35,35_Correct,114.0,130.0,87.69
DO,Participant,Bhind,Q35,35_Correct,73.0,91.0,80.22
DO,Participant,Bhopal,Q35,35_Correct,44.0,57.0,77.19
DO,Participant,Burhanpur,Q35,35_Correct,22.0,29.0,75.86
DO,Participant,Chhatarpur,Q35,35_Correct,74.0,120.0,61.67
DO,Participant,Chhindwara,Q35,35_Correct,130.0,142.0,91.55
DO,Participant,Damoh,Q35,35_Correct,49.0,66.0,74.24
DO,Participant,Datia,Q35,35_Correct,39.0,59.0,66.1
DO,Participant,Dhar,Q35,35_Correct,135.0,166.0,81.33
DO,Participant,Dindori,Q35,35_Correct,53.0,73.0,72.6
DO,Participant,Guna,Q35,35_Correct,56.0,76.0,73.68
DO,Participant,Gwalior,Q35,35_Correct,67.0,90.0,74.44
DO,Participant,Harda,Q35,35_Correct,22.0,39.0,56.41
DO,Participant,Indore,Q35,35_Correct,54.0,76.0,71.05
DO,Participant,Jabalpur,Q35,35_Correct,73.0,91.0,80.22
DO,Participant,Jhabua,Q35,35_Correct,72.0,101.0,71.29
DO,Participant,Katni,Q35,35_Correct,68.0,87.0,78.16
DO,Participant,Khargone,Q35,35_Correct,127.0,160.0,79.38
DO,Participant,Mandla,Q35,35_Correct,96.0,110.0,87.27
DO,Participant,Mandsaur,Q35,35_Correct,82.0,86.0,95.35
DO,Participant,Morena,Q35,35_Correct,84.0,117.0,71.79
DO,Participant,Narmadapuram,Q35,35_Correct,65.0,79.0,82.28
DO,Participant,Narsinghpur,Q35,35_Correct,66.0,87.0,75.86
DO,Participant,Neemuch,Q35,35_Correct,45.0,57.0,78.95
DO,Participant,Niwari,Q35,35_Correct,23.0,31.0,74.19
DO,Participant,Panna,Q35,35_Correct,82.0,103.0,79.61
DO,Participant,Raisen,Q35,35_Correct,89.0,110.0,80.91
DO,Participant,Rajgarh,Q35,35_Correct,85.0,129.0,65.89
DO,Participant,Ratlam,Q35,35_Correct,98.0,114.0,85.96
DO,Participant,Rewa,Q35,35_Correct,49.0,71.0,69.01
DO,Participant,Sagar,Q35,35_Correct,89.0,122.0,72.95
DO,Participant,Satna,Q35,35_Correct,165.0,206.0,80.1
DO,Participant,Seoni,Q35,35_Correct,93.0,122.0,76.23
DO,Participant,Shahdol,Q35,35_Correct,73.0,83.0,87.95
DO,Participant,Shajapur,Q35,35_Correct,59.0,64.0,92.19
DO,Participant,Sheopur,Q35,35_Correct,35.0,50.0,70.0
DO,Participant,Shivpuri,Q35,35_Correct,81.0,116.0,69.83
DO,Participant,Sidhi,Q35,35_Correct,74.0,92.0,80.43
DO,Participant,Singrauli,Q35,35_Correct,25.0,39.0,64.1
DO,Participant,Tikamgarh,Q35,35_Correct,54.0,68.0,79.41
DO,Participant,Ujjain,Q35,35_Correct,78.0,114.0,68.42
DO,Participant,Umaria,Q35,35_Correct,47.0,65.0,72.31
DO,Participant,Vidisha,Q35,35_Correct,95.0,115.0,82.61
DO,Participant,Total,Q35,35_Correct,3420.0,4454.0,76.78
DO,Participant,Agar Malwa,Q36,36.1,45.0,51.0,88.24
DO,Participant,Agar Malwa,Q36,36.2,45.0,51.0,88.24
DO,Participant,Agar Malwa,Q36,36.3,44.0,51.0,86.27
DO,Participant,Agar Malwa,Q36,36.4,45.0,51.0,88.24
DO,Participant,Agar Malwa,Q36,36.5,45.0,51.0,88.24
DO,Participant,Agar Malwa,Q36,36.6,46.0,51.0,90.2
DO,Participant,Agar Malwa,Q36,36.7,43.0,51.0,84.31
DO,Participant,Agar Malwa,Q36,36.8,10.0,51.0,19.61
DO,Participant,Alirajpur,Q36,36.1,95.0,110.0,86.36
DO,Participant,Alirajpur,Q36,36.2,95.0,110.0,86.36
DO,Participant,Alirajpur,Q36,36.3,99.0,110.0,90.0
DO,Participant,Alirajpur,Q36,36.4,97.0,110.0,88.18
DO,Participant,Alirajpur,Q36,36.5,93.0,110.0,84.55
DO,Participant,Alirajpur,Q36,36.6,93.0,110.0,84.55
DO,Participant,Alirajpur,Q36,36.7,86.0,110.0,78.18
DO,Participant,Alirajpur,Q36,36.8,40.0,110.0,36.36
DO,Participant,Ashoknagar,Q36,36.1,64.0,76.0,84.21
DO,Participant,Ashoknagar,Q36,36.2,66.0,76.0,86.84
DO,Participant,Ashoknagar,Q36,36.3,71.0,76.0,93.42
DO,Participant,Ashoknagar,Q36,36.4,71.0,76.0,93.42
DO,Participant,Ashoknagar,Q36,36.5,64.0,76.0,84.21
DO,Participant,Ashoknagar,Q36,36.6,68.0,76.0,89.47
DO,Participant,Ashoknagar,Q36,36.7,66.0,76.0,86.84
DO,Participant,Ashoknagar,Q36,36.8,23.0,76.0,30.26
DO,Participant,Balaghat,Q36,36.1,98.0,110.0,89.09
DO,Participant,Balaghat,Q36,36.2,101.0,110.0,91.82
DO,Participant,Balaghat,Q36,36.3,103.0,110.0,93.64
DO,Participant,Balaghat,Q36,36.4,100.0,110.0,90.91
DO,Participant,Balaghat,Q36,36.5,99.0,110.0,90.0
DO,Participant,Balaghat,Q36,36.6,101.0,110.0,91.82
DO,Participant,Balaghat,Q36,36.7,99.0,110.0,90.0
DO,Participant,Balaghat,Q36,36.8,25.0,110.0,22.73
DO,Participant,Barwani,Q36,36.1,84.0,104.0,80.77
DO,Participant,Barwani,Q36,36.2,91.0,104.0,87.5
DO,Participant,Barwani,Q36,36.3,92.0,104.0,88.46
DO,Participant,Barwani,Q36,36.4,100.0,104.0,96.15
DO,Participant,Barwani,Q36,36.5,92.0,104.0,88.46
DO,Participant,Barwani,Q36,36.6,95.0,104.0,91.35
DO,Participant,Barwani,Q36,36.7,92.0,104.0,88.46
DO,Participant,Barwani,Q36,36.8,24.0,104.0,23.08
DO,Participant,Betul,Q36,36.1,115.0,130.0,88.46
DO,Participant,Betul,Q36,36.2,113.0,130.0,86.92
DO,Participant,Betul,Q36,36.3,114.0,130.0,87.69
DO,Participant,Betul,Q36,36.4,120.0,130.0,92.31
DO,Participant,Betul,Q36,36.5,115.0,130.0,88.46
DO,Participant,Betul,Q36,36.6,116.0,130.0,89.23
DO,Participant,Betul,Q36,36.7,108.0,130.0,83.08
DO,Participant,Betul,Q36,36.8,35.0,130.0,26.92
DO,Participant,Bhind,Q36,36.1,81.0,91.0,89.01
DO,Participant,Bhind,Q36,36.2,78.0,91.0,85.71
DO,Participant,Bhind,Q36,36.3,81.0,91.0,89.01
DO,Participant,Bhind,Q36,36.4,82.0,91.0,90.11
DO,Participant,Bhind,Q36,36.5,79.0,91.0,86.81
DO,Participant,Bhind,Q36,36.6,78.0,91.0,85.71
DO,Participant,Bhind,Q36,36.7,74.0,91.0,81.32
DO,Participant,Bhind,Q36,36.8,26.0,91.0,28.57
DO,Participant,Bhopal,Q36,36.1,45.0,57.0,78.95
DO,Participant,Bhopal,Q36,36.2,47.0,57.0,82.46
DO,Participant,Bhopal,Q36,36.3,47.0,57.0,82.46
DO,Participant,Bhopal,Q36,36.4,46.0,57.0,80.7
DO,Participant,Bhopal,Q36,36.5,47.0,57.0,82.46
DO,Participant,Bhopal,Q36,36.6,46.0,57.0,80.7
DO,Participant,Bhopal,Q36,36.7,45.0,57.0,78.95
DO,Participant,Bhopal,Q36,36.8,20.0,57.0,35.09
DO,Participant,Burhanpur,Q36,36.1,27.0,29.0,93.1
DO,Participant,Burhanpur,Q36,36.2,25.0,29.0,86.21
DO,Participant,Burhanpur,Q36,36.3,28.0,29.0,96.55
DO,Participant,Burhanpur,Q36,36.4,26.0,29.0,89.66
DO,Participant,Burhanpur,Q36,36.5,26.0,29.0,89.66
DO,Participant,Burhanpur,Q36,36.6,24.0,29.0,82.76
DO,Participant,Burhanpur,Q36,36.7,24.0,29.0,82.76
DO,Participant,Burhanpur,Q36,36.8,1.0,29.0,3.45
DO,Participant,Chhatarpur,Q36,36.1,98.0,120.0,81.67
DO,Participant,Chhatarpur,Q36,36.2,108.0,120.0,90.0
DO,Participant,Chhatarpur,Q36,36.3,110.0,120.0,91.67
DO,Participant,Chhatarpur,Q36,36.4,106.0,120.0,88.33
DO,Participant,Chhatarpur,Q36,36.5,106.0,120.0,88.33
DO,Participant,Chhatarpur,Q36,36.6,107.0,120.0,89.17
DO,Participant,Chhatarpur,Q36,36.7,103.0,120.0,85.83
DO,Participant,Chhatarpur,Q36,36.8,30.0,120.0,25.0
DO,Participant,Chhindwara,Q36,36.1,133.0,142.0,93.66
DO,Participant,Chhindwara,Q36,36.2,131.0,142.0,92.25
DO,Participant,Chhindwara,Q36,36.3,133.0,142.0,93.66
DO,Participant,Chhindwara,Q36,36.4,135.0,142.0,95.07
DO,Participant,Chhindwara,Q36,36.5,133.0,142.0,93.66
DO,Participant,Chhindwara,Q36,36.6,135.0,142.0,95.07
DO,Participant,Chhindwara,Q36,36.7,127.0,142.0,89.44
DO,Participant,Chhindwara,Q36,36.8,33.0,142.0,23.24
DO,Participant,Damoh,Q36,36.1,57.0,66.0,86.36
DO,Participant,Damoh,Q36,36.2,56.0,66.0,84.85
DO,Participant,Damoh,Q36,36.3,55.0,66.0,83.33
DO,Participant,Damoh,Q36,36.4,57.0,66.0,86.36
DO,Participant,Damoh,Q36,36.5,56.0,66.0,84.85
DO,Participant,Damoh,Q36,36.6,58.0,66.0,87.88
DO,Participant,Damoh,Q36,36.7,57.0,66.0,86.36
DO,Participant,Damoh,Q36,36.8,25.0,66.0,37.88
DO,Participant,Datia,Q36,36.1,45.0,59.0,76.27
DO,Participant,Datia,Q36,36.2,47.0,59.0,79.66
DO,Participant,Datia,Q36,36.3,44.0,59.0,74.58
DO,Participant,Datia,Q36,36.4,48.0,59.0,81.36
DO,Participant,Datia,Q36,36.5,46.0,59.0,77.97
DO,Participant,Datia,Q36,36.6,46.0,59.0,77.97
DO,Participant,Datia,Q36,36.7,46.0,59.0,77.97
DO,Participant,Datia,Q36,36.8,18.0,59.0,30.51
DO,Participant,Dhar,Q36,36.1,137.0,166.0,82.53
DO,Participant,Dhar,Q36,36.2,150.0,166.0,90.36
DO,Participant,Dhar,Q36,36.3,152.0,166.0,91.57
DO,Participant,Dhar,Q36,36.4,152.0,166.0,91.57
DO,Participant,Dhar,Q36,36.5,152.0,166.0,91.57
DO,Participant,Dhar,Q36,36.6,150.0,166.0,90.36
DO,Participant,Dhar,Q36,36.7,151.0,166.0,90.96
DO,Participant,Dhar,Q36,36.8,42.0,166.0,25.3
DO,Participant,Dindori,Q36,36.1,62.0,73.0,84.93
DO,Participant,Dindori,Q36,36.2,66.0,73.0,90.41
DO,Participant,Dindori,Q36,36.3,69.0,73.0,94.52
DO,Participant,Dindori,Q36,36.4,70.0,73.0,95.89
DO,Participant,Dindori,Q36,36.5,64.0,73.0,87.67
DO,Participant,Dindori,Q36,36.6,65.0,73.0,89.04
DO,Participant,Dindori,Q36,36.7,58.0,73.0,79.45
DO,Participant,Dindori,Q36,36.8,17.0,73.0,23.29
DO,Participant,Guna,Q36,36.1,61.0,76.0,80.26
DO,Participant,Guna,Q36,36.2,62.0,76.0,81.58
DO,Participant,Guna,Q36,36.3,67.0,76.0,88.16
DO,Participant,Guna,Q36,36.4,65.0,76.0,85.53
DO,Participant,Guna,Q36,36.5,67.0,76.0,88.16
DO,Participant,Guna,Q36,36.6,63.0,76.0,82.89
DO,Participant,Guna,Q36,36.7,63.0,76.0,82.89
DO,Participant,Guna,Q36,36.8,25.0,76.0,32.89
DO,Participant,Gwalior,Q36,36.1,79.0,90.0,87.78
DO,Participant,Gwalior,Q36,36.2,84.0,90.0,93.33
DO,Participant,Gwalior,Q36,36.3,86.0,90.0,95.56
DO,Participant,Gwalior,Q36,36.4,81.0,90.0,90.0
DO,Participant,Gwalior,Q36,36.5,82.0,90.0,91.11
DO,Participant,Gwalior,Q36,36.6,83.0,90.0,92.22
DO,Participant,Gwalior,Q36,36.7,77.0,90.0,85.56
DO,Participant,Gwalior,Q36,36.8,22.0,90.0,24.44
DO,Participant,Harda,Q36,36.1,31.0,39.0,79.49
DO,Participant,Harda,Q36,36.2,35.0,39.0,89.74
DO,Participant,Harda,Q36,36.3,34.0,39.0,87.18
DO,Participant,Harda,Q36,36.4,35.0,39.0,89.74
DO,Participant,Harda,Q36,36.5,33.0,39.0,84.62
DO,Participant,Harda,Q36,36.6,33.0,39.0,84.62
DO,Participant,Harda,Q36,36.7,33.0,39.0,84.62
DO,Participant,Harda,Q36,36.8,18.0,39.0,46.15
DO,Participant,Indore,Q36,36.1,63.0,76.0,82.89
DO,Participant,Indore,Q36,36.2,70.0,76.0,92.11
DO,Participant,Indore,Q36,36.3,70.0,76.0,92.11
DO,Participant,Indore,Q36,36.4,72.0,76.0,94.74
DO,Participant,Indore,Q36,36.5,70.0,76.0,92.11
DO,Participant,Indore,Q36,36.6,70.0,76.0,92.11
DO,Participant,Indore,Q36,36.7,70.0,76.0,92.11
DO,Participant,Indore,Q36,36.8,19.0,76.0,25.0
DO,Participant,Jabalpur,Q36,36.1,67.0,91.0,73.63
DO,Participant,Jabalpur,Q36,36.2,78.0,91.0,85.71
DO,Participant,Jabalpur,Q36,36.3,78.0,91.0,85.71
DO,Participant,Jabalpur,Q36,36.4,79.0,91.0,86.81
DO,Participant,Jabalpur,Q36,36.5,74.0,91.0,81.32
DO,Participant,Jabalpur,Q36,36.6,74.0,91.0,81.32
DO,Participant,Jabalpur,Q36,36.7,69.0,91.0,75.82
DO,Participant,Jabalpur,Q36,36.8,25.0,91.0,27.47
DO,Participant,Jhabua,Q36,36.1,89.0,101.0,88.12
DO,Participant,Jhabua,Q36,36.2,92.0,101.0,91.09
DO,Participant,Jhabua,Q36,36.3,92.0,101.0,91.09
DO,Participant,Jhabua,Q36,36.4,92.0,101.0,91.09
DO,Participant,Jhabua,Q36,36.5,88.0,101.0,87.13
DO,Participant,Jhabua,Q36,36.6,90.0,101.0,89.11
DO,Participant,Jhabua,Q36,36.7,91.0,101.0,90.1
DO,Participant,Jhabua,Q36,36.8,33.0,101.0,32.67
DO,Participant,Katni,Q36,36.1,65.0,87.0,74.71
DO,Participant,Katni,Q36,36.2,76.0,87.0,87.36
DO,Participant,Katni,Q36,36.3,77.0,87.0,88.51
DO,Participant,Katni,Q36,36.4,75.0,87.0,86.21
DO,Participant,Katni,Q36,36.5,78.0,87.0,89.66
DO,Participant,Katni,Q36,36.6,80.0,87.0,91.95
DO,Participant,Katni,Q36,36.7,75.0,87.0,86.21
DO,Participant,Katni,Q36,36.8,22.0,87.0,25.29
DO,Participant,Khargone,Q36,36.1,136.0,160.0,85.0
DO,Participant,Khargone,Q36,36.2,143.0,160.0,89.38
DO,Participant,Khargone,Q36,36.3,145.0,160.0,90.62
DO,Participant,Khargone,Q36,36.4,145.0,160.0,90.62
DO,Participant,Khargone,Q36,36.5,142.0,160.0,88.75
DO,Participant,Khargone,Q36,36.6,144.0,160.0,90.0
DO,Participant,Khargone,Q36,36.7,136.0,160.0,85.0
DO,Participant,Khargone,Q36,36.8,47.0,160.0,29.38
DO,Participant,Mandla,Q36,36.1,87.0,110.0,79.09
DO,Participant,Mandla,Q36,36.2,89.0,110.0,80.91
DO,Participant,Mandla,Q36,36.3,93.0,110.0,84.55
DO,Participant,Mandla,Q36,36.4,94.0,110.0,85.45
DO,Participant,Mandla,Q36,36.5,92.0,110.0,83.64
DO,Participant,Mandla,Q36,36.6,94.0,110.0,85.45
DO,Participant,Mandla,Q36,36.7,91.0,110.0,82.73
DO,Participant,Mandla,Q36,36.8,29.0,110.0,26.36
DO,Participant,Mandsaur,Q36,36.1,79.0,86.0,91.86
DO,Participant,Mandsaur,Q36,36.2,84.0,86.0,97.67
DO,Participant,Mandsaur,Q36,36.3,82.0,86.0,95.35
DO,Participant,Mandsaur,Q36,36.4,82.0,86.0,95.35
DO,Participant,Mandsaur,Q36,36.5,83.0,86.0,96.51
DO,Participant,Mandsaur,Q36,36.6,81.0,86.0,94.19
DO,Participant,Mandsaur,Q36,36.7,80.0,86.0,93.02
DO,Participant,Mandsaur,Q36,36.8,18.0,86.0,20.93
DO,Participant,Morena,Q36,36.1,97.0,117.0,82.91
DO,Participant,Morena,Q36,36.2,98.0,117.0,83.76
DO,Participant,Morena,Q36,36.3,102.0,117.0,87.18
DO,Participant,Morena,Q36,36.4,102.0,117.0,87.18
DO,Participant,Morena,Q36,36.5,98.0,117.0,83.76
DO,Participant,Morena,Q36,36.6,99.0,117.0,84.62
DO,Participant,Morena,Q36,36.7,95.0,117.0,81.2
DO,Participant,Morena,Q36,36.8,38.0,117.0,32.48
DO,Participant,Narmadapuram,Q36,36.1,66.0,79.0,83.54
DO,Participant,Narmadapuram,Q36,36.2,65.0,79.0,82.28
DO,Participant,Narmadapuram,Q36,36.3,69.0,79.0,87.34
DO,Participant,Narmadapuram,Q36,36.4,71.0,79.0,89.87
DO,Participant,Narmadapuram,Q36,36.5,65.0,79.0,82.28
DO,Participant,Narmadapuram,Q36,36.6,66.0,79.0,83.54
DO,Participant,Narmadapuram,Q36,36.7,65.0,79.0,82.28
DO,Participant,Narmadapuram,Q36,36.8,23.0,79.0,29.11
DO,Participant,Narsinghpur,Q36,36.1,76.0,87.0,87.36
DO,Participant,Narsinghpur,Q36,36.2,79.0,87.0,90.8
DO,Participant,Narsinghpur,Q36,36.3,81.0,87.0,93.1
DO,Participant,Narsinghpur,Q36,36.4,80.0,87.0,91.95
DO,Participant,Narsinghpur,Q36,36.5,79.0,87.0,90.8
DO,Participant,Narsinghpur,Q36,36.6,81.0,87.0,93.1
DO,Participant,Narsinghpur,Q36,36.7,77.0,87.0,88.51
DO,Participant,Narsinghpur,Q36,36.8,23.0,87.0,26.44
DO,Participant,Neemuch,Q36,36.1,52.0,57.0,91.23
DO,Participant,Neemuch,Q36,36.2,47.0,57.0,82.46
DO,Participant,Neemuch,Q36,36.3,52.0,57.0,91.23
DO,Participant,Neemuch,Q36,36.4,54.0,57.0,94.74
DO,Participant,Neemuch,Q36,36.5,50.0,57.0,87.72
DO,Participant,Neemuch,Q36,36.6,50.0,57.0,87.72
DO,Participant,Neemuch,Q36,36.7,48.0,57.0,84.21
DO,Participant,Neemuch,Q36,36.8,24.0,57.0,42.11
DO,Participant,Niwari,Q36,36.1,25.0,31.0,80.65
DO,Participant,Niwari,Q36,36.2,29.0,31.0,93.55
DO,Participant,Niwari,Q36,36.3,26.0,31.0,83.87
DO,Participant,Niwari,Q36,36.4,27.0,31.0,87.1
DO,Participant,Niwari,Q36,36.5,26.0,31.0,83.87
DO,Participant,Niwari,Q36,36.6,26.0,31.0,83.87
DO,Participant,Niwari,Q36,36.7,27.0,31.0,87.1
DO,Participant,Niwari,Q36,36.8,4.0,31.0,12.9
DO,Participant,Panna,Q36,36.1,90.0,103.0,87.38
DO,Participant,Panna,Q36,36.2,91.0,103.0,88.35
DO,Participant,Panna,Q36,36.3,93.0,103.0,90.29
DO,Participant,Panna,Q36,36.4,96.0,103.0,93.2
DO,Participant,Panna,Q36,36.5,92.0,103.0,89.32
DO,Participant,Panna,Q36,36.6,92.0,103.0,89.32
DO,Participant,Panna,Q36,36.7,92.0,103.0,89.32
DO,Participant,Panna,Q36,36.8,21.0,103.0,20.39
DO,Participant,Raisen,Q36,36.1,95.0,110.0,86.36
DO,Participant,Raisen,Q36,36.2,97.0,110.0,88.18
DO,Participant,Raisen,Q36,36.3,98.0,110.0,89.09
DO,Participant,Raisen,Q36,36.4,100.0,110.0,90.91
DO,Participant,Raisen,Q36,36.5,95.0,110.0,86.36
DO,Participant,Raisen,Q36,36.6,96.0,110.0,87.27
DO,Participant,Raisen,Q36,36.7,91.0,110.0,82.73
DO,Participant,Raisen,Q36,36.8,21.0,110.0,19.09
DO,Participant,Rajgarh,Q36,36.1,120.0,129.0,93.02
DO,Participant,Rajgarh,Q36,36.2,122.0,129.0,94.57
DO,Participant,Rajgarh,Q36,36.3,123.0,129.0,95.35
DO,Participant,Rajgarh,Q36,36.4,118.0,129.0,91.47
DO,Participant,Rajgarh,Q36,36.5,120.0,129.0,93.02
DO,Participant,Rajgarh,Q36,36.6,119.0,129.0,92.25
DO,Participant,Rajgarh,Q36,36.7,116.0,129.0,89.92
DO,Participant,Rajgarh,Q36,36.8,32.0,129.0,24.81
DO,Participant,Ratlam,Q36,36.1,108.0,114.0,94.74
DO,Participant,Ratlam,Q36,36.2,100.0,114.0,87.72
DO,Participant,Ratlam,Q36,36.3,105.0,114.0,92.11
DO,Participant,Ratlam,Q36,36.4,108.0,114.0,94.74
DO,Participant,Ratlam,Q36,36.5,102.0,114.0,89.47
DO,Participant,Ratlam,Q36,36.6,101.0,114.0,88.6
DO,Participant,Ratlam,Q36,36.7,97.0,114.0,85.09
DO,Participant,Ratlam,Q36,36.8,31.0,114.0,27.19
DO,Participant,Rewa,Q36,36.1,60.0,71.0,84.51
DO,Participant,Rewa,Q36,36.2,61.0,71.0,85.92
DO,Participant,Rewa,Q36,36.3,61.0,71.0,85.92
DO,Participant,Rewa,Q36,36.4,65.0,71.0,91.55
DO,Participant,Rewa,Q36,36.5,60.0,71.0,84.51
DO,Participant,Rewa,Q36,36.6,60.0,71.0,84.51
DO,Participant,Rewa,Q36,36.7,57.0,71.0,80.28
DO,Participant,Rewa,Q36,36.8,24.0,71.0,33.8
DO,Participant,Sagar,Q36,36.1,104.0,122.0,85.25
DO,Participant,Sagar,Q36,36.2,106.0,122.0,86.89
DO,Participant,Sagar,Q36,36.3,104.0,122.0,85.25
DO,Participant,Sagar,Q36,36.4,108.0,122.0,88.52
DO,Participant,Sagar,Q36,36.5,108.0,122.0,88.52
DO,Participant,Sagar,Q36,36.6,107.0,122.0,87.7
DO,Participant,Sagar,Q36,36.7,104.0,122.0,85.25
DO,Participant,Sagar,Q36,36.8,25.0,122.0,20.49
DO,Participant,Satna,Q36,36.1,177.0,206.0,85.92
DO,Participant,Satna,Q36,36.2,186.0,206.0,90.29
DO,Participant,Satna,Q36,36.3,190.0,206.0,92.23
DO,Participant,Satna,Q36,36.4,195.0,206.0,94.66
DO,Participant,Satna,Q36,36.5,187.0,206.0,90.78
DO,Participant,Satna,Q36,36.6,188.0,206.0,91.26
DO,Participant,Satna,Q36,36.7,180.0,206.0,87.38
DO,Participant,Satna,Q36,36.8,48.0,206.0,23.3
DO,Participant,Seoni,Q36,36.1,101.0,122.0,82.79
DO,Participant,Seoni,Q36,36.2,109.0,122.0,89.34
DO,Participant,Seoni,Q36,36.3,112.0,122.0,91.8
DO,Participant,Seoni,Q36,36.4,112.0,122.0,91.8
DO,Participant,Seoni,Q36,36.5,106.0,122.0,86.89
DO,Participant,Seoni,Q36,36.6,105.0,122.0,86.07
DO,Participant,Seoni,Q36,36.7,99.0,122.0,81.15
DO,Participant,Seoni,Q36,36.8,42.0,122.0,34.43
DO,Participant,Shahdol,Q36,36.1,69.0,83.0,83.13
DO,Participant,Shahdol,Q36,36.2,72.0,83.0,86.75
DO,Participant,Shahdol,Q36,36.3,76.0,83.0,91.57
DO,Participant,Shahdol,Q36,36.4,74.0,83.0,89.16
DO,Participant,Shahdol,Q36,36.5,74.0,83.0,89.16
DO,Participant,Shahdol,Q36,36.6,78.0,83.0,93.98
DO,Participant,Shahdol,Q36,36.7,75.0,83.0,90.36
DO,Participant,Shahdol,Q36,36.8,26.0,83.0,31.33
DO,Participant,Shajapur,Q36,36.1,61.0,64.0,95.31
DO,Participant,Shajapur,Q36,36.2,62.0,64.0,96.88
DO,Participant,Shajapur,Q36,36.3,61.0,64.0,95.31
DO,Participant,Shajapur,Q36,36.4,61.0,64.0,95.31
DO,Participant,Shajapur,Q36,36.5,60.0,64.0,93.75
DO,Participant,Shajapur,Q36,36.6,60.0,64.0,93.75
DO,Participant,Shajapur,Q36,36.7,60.0,64.0,93.75
DO,Participant,Shajapur,Q36,36.8,12.0,64.0,18.75
DO,Participant,Sheopur,Q36,36.1,43.0,50.0,86.0
DO,Participant,Sheopur,Q36,36.2,43.0,50.0,86.0
DO,Participant,Sheopur,Q36,36.3,45.0,50.0,90.0
DO,Participant,Sheopur,Q36,36.4,43.0,50.0,86.0
DO,Participant,Sheopur,Q36,36.5,44.0,50.0,88.0
DO,Participant,Sheopur,Q36,36.6,45.0,50.0,90.0
DO,Participant,Sheopur,Q36,36.7,40.0,50.0,80.0
DO,Participant,Sheopur,Q36,36.8,9.0,50.0,18.0
DO,Participant,Shivpuri,Q36,36.1,98.0,116.0,84.48
DO,Participant,Shivpuri,Q36,36.2,94.0,116.0,81.03
DO,Participant,Shivpuri,Q36,36.3,94.0,116.0,81.03
DO,Participant,Shivpuri,Q36,36.4,97.0,116.0,83.62
DO,Participant,Shivpuri,Q36,36.5,94.0,116.0,81.03
DO,Participant,Shivpuri,Q36,36.6,95.0,116.0,81.9
DO,Participant,Shivpuri,Q36,36.7,92.0,116.0,79.31
DO,Participant,Shivpuri,Q36,36.8,28.0,116.0,24.14
DO,Participant,Sidhi,Q36,36.1,83.0,92.0,90.22
DO,Participant,Sidhi,Q36,36.2,89.0,92.0,96.74
DO,Participant,Sidhi,Q36,36.3,88.0,92.0,95.65
DO,Participant,Sidhi,Q36,36.4,90.0,92.0,97.83
DO,Participant,Sidhi,Q36,36.5,87.0,92.0,94.57
DO,Participant,Sidhi,Q36,36.6,88.0,92.0,95.65
DO,Participant,Sidhi,Q36,36.7,83.0,92.0,90.22
DO,Participant,Sidhi,Q36,36.8,25.0,92.0,27.17
DO,Participant,Singrauli,Q36,36.1,31.0,39.0,79.49
DO,Participant,Singrauli,Q36,36.2,32.0,39.0,82.05
DO,Participant,Singrauli,Q36,36.3,31.0,39.0,79.49
DO,Participant,Singrauli,Q36,36.4,34.0,39.0,87.18
DO,Participant,Singrauli,Q36,36.5,31.0,39.0,79.49
DO,Participant,Singrauli,Q36,36.6,32.0,39.0,82.05
DO,Participant,Singrauli,Q36,36.7,30.0,39.0,76.92
DO,Participant,Singrauli,Q36,36.8,16.0,39.0,41.03
DO,Participant,Tikamgarh,Q36,36.1,61.0,68.0,89.71
DO,Participant,Tikamgarh,Q36,36.2,59.0,68.0,86.76
DO,Participant,Tikamgarh,Q36,36.3,62.0,68.0,91.18
DO,Participant,Tikamgarh,Q36,36.4,64.0,68.0,94.12
DO,Participant,Tikamgarh,Q36,36.5,60.0,68.0,88.24
DO,Participant,Tikamgarh,Q36,36.6,64.0,68.0,94.12
DO,Participant,Tikamgarh,Q36,36.7,61.0,68.0,89.71
DO,Participant,Tikamgarh,Q36,36.8,9.0,68.0,13.24
DO,Participant,Ujjain,Q36,36.1,90.0,114.0,78.95
DO,Participant,Ujjain,Q36,36.2,102.0,114.0,89.47
DO,Participant,Ujjain,Q36,36.3,103.0,114.0,90.35
DO,Participant,Ujjain,Q36,36.4,105.0,114.0,92.11
DO,Participant,Ujjain,Q36,36.5,102.0,114.0,89.47
DO,Participant,Ujjain,Q36,36.6,101.0,114.0,88.6
DO,Participant,Ujjain,Q36,36.7,96.0,114.0,84.21
DO,Participant,Ujjain,Q36,36.8,30.0,114.0,26.32
DO,Participant,Umaria,Q36,36.1,58.0,65.0,89.23
DO,Participant,Umaria,Q36,36.2,61.0,65.0,93.85
DO,Participant,Umaria,Q36,36.3,62.0,65.0,95.38
DO,Participant,Umaria,Q36,36.4,63.0,65.0,96.92
DO,Participant,Umaria,Q36,36.5,62.0,65.0,95.38
DO,Participant,Umaria,Q36,36.6,61.0,65.0,93.85
DO,Participant,Umaria,Q36,36.7,57.0,65.0,87.69
DO,Participant,Umaria,Q36,36.8,24.0,65.0,36.92
DO,Participant,Vidisha,Q36,36.1,115.0,115.0,100.0
DO,Participant,Vidisha,Q36,36.2,114.0,115.0,99.13
DO,Participant,Vidisha,Q36,36.3,114.0,115.0,99.13
DO,Participant,Vidisha,Q36,36.4,115.0,115.0,100.0
DO,Participant,Vidisha,Q36,36.5,114.0,115.0,99.13
DO,Participant,Vidisha,Q36,36.6,114.0,115.0,99.13
DO,Participant,Vidisha,Q36,36.7,108.0,115.0,93.91
DO,Participant,Vidisha,Q36,36.8,21.0,115.0,18.26
DO,Participant,Total,Q36,36.1,3823.0,4454.0,85.83
DO,Participant,Total,Q36,36.2,3950.0,4454.0,88.68
DO,Participant,Total,Q36,36.3,4018.0,4454.0,90.21
DO,Participant,Total,Q36,36.4,4057.0,4454.0,91.09
DO,Participant,Total,Q36,36.5,3942.0,4454.0,88.5
DO,Participant,Total,Q36,36.6,3968.0,4454.0,89.09
DO,Participant,Total,Q36,36.7,3814.0,4454.0,85.63
DO,Participant,Total,Q36,36.8,1183.0,4454.0,26.56
DO,Participant,Agar Malwa,Q37,37.1,45.0,51.0,88.24
DO,Participant,Agar Malwa,Q37,37.2,46.0,51.0,90.2
DO,Participant,Agar Malwa,Q37,37.3,39.0,51.0,76.47
DO,Participant,Agar Malwa,Q37,37.4,40.0,51.0,78.43
DO,Participant,Agar Malwa,Q37,37.5,40.0,51.0,78.43
DO,Participant,Alirajpur,Q37,37.1,95.0,110.0,86.36
DO,Participant,Alirajpur,Q37,37.2,101.0,110.0,91.82
DO,Participant,Alirajpur,Q37,37.3,97.0,110.0,88.18
DO,Participant,Alirajpur,Q37,37.4,99.0,110.0,90.0
DO,Participant,Alirajpur,Q37,37.5,90.0,110.0,81.82
DO,Participant,Ashoknagar,Q37,37.1,70.0,76.0,92.11
DO,Participant,Ashoknagar,Q37,37.2,73.0,76.0,96.05
DO,Participant,Ashoknagar,Q37,37.3,74.0,76.0,97.37
DO,Participant,Ashoknagar,Q37,37.4,72.0,76.0,94.74
DO,Participant,Ashoknagar,Q37,37.5,69.0,76.0,90.79
DO,Participant,Balaghat,Q37,37.1,107.0,110.0,97.27
DO,Participant,Balaghat,Q37,37.2,105.0,110.0,95.45
DO,Participant,Balaghat,Q37,37.3,106.0,110.0,96.36
DO,Participant,Balaghat,Q37,37.4,105.0,110.0,95.45
DO,Participant,Balaghat,Q37,37.5,102.0,110.0,92.73
DO,Participant,Barwani,Q37,37.1,97.0,104.0,93.27
DO,Participant,Barwani,Q37,37.2,101.0,104.0,97.12
DO,Participant,Barwani,Q37,37.3,100.0,104.0,96.15
DO,Participant,Barwani,Q37,37.4,99.0,104.0,95.19
DO,Participant,Barwani,Q37,37.5,96.0,104.0,92.31
DO,Participant,Betul,Q37,37.1,121.0,130.0,93.08
DO,Participant,Betul,Q37,37.2,126.0,130.0,96.92
DO,Participant,Betul,Q37,37.3,127.0,130.0,97.69
DO,Participant,Betul,Q37,37.4,121.0,130.0,93.08
DO,Participant,Betul,Q37,37.5,114.0,130.0,87.69
DO,Participant,Bhind,Q37,37.1,84.0,91.0,92.31
DO,Participant,Bhind,Q37,37.2,82.0,91.0,90.11
DO,Participant,Bhind,Q37,37.3,84.0,91.0,92.31
DO,Participant,Bhind,Q37,37.4,80.0,91.0,87.91
DO,Participant,Bhind,Q37,37.5,73.0,91.0,80.22
DO,Participant,Bhopal,Q37,37.1,55.0,57.0,96.49
DO,Participant,Bhopal,Q37,37.2,56.0,57.0,98.25
DO,Participant,Bhopal,Q37,37.3,55.0,57.0,96.49
DO,Participant,Bhopal,Q37,37.4,55.0,57.0,96.49
DO,Participant,Bhopal,Q37,37.5,53.0,57.0,92.98
DO,Participant,Burhanpur,Q37,37.1,23.0,29.0,79.31
DO,Participant,Burhanpur,Q37,37.2,27.0,29.0,93.1
DO,Participant,Burhanpur,Q37,37.3,26.0,29.0,89.66
DO,Participant,Burhanpur,Q37,37.4,26.0,29.0,89.66
DO,Participant,Burhanpur,Q37,37.5,15.0,29.0,51.72
DO,Participant,Chhatarpur,Q37,37.1,108.0,120.0,90.0
DO,Participant,Chhatarpur,Q37,37.2,116.0,120.0,96.67
DO,Participant,Chhatarpur,Q37,37.3,112.0,120.0,93.33
DO,Participant,Chhatarpur,Q37,37.4,115.0,120.0,95.83
DO,Participant,Chhatarpur,Q37,37.5,113.0,120.0,94.17
DO,Participant,Chhindwara,Q37,37.1,132.0,142.0,92.96
DO,Participant,Chhindwara,Q37,37.2,138.0,142.0,97.18
DO,Participant,Chhindwara,Q37,37.3,135.0,142.0,95.07
DO,Participant,Chhindwara,Q37,37.4,135.0,142.0,95.07
DO,Participant,Chhindwara,Q37,37.5,132.0,142.0,92.96
DO,Participant,Damoh,Q37,37.1,58.0,66.0,87.88
DO,Participant,Damoh,Q37,37.2,60.0,66.0,90.91
DO,Participant,Damoh,Q37,37.3,62.0,66.0,93.94
DO,Participant,Damoh,Q37,37.4,59.0,66.0,89.39
DO,Participant,Damoh,Q37,37.5,55.0,66.0,83.33
DO,Participant,Datia,Q37,37.1,55.0,59.0,93.22
DO,Participant,Datia,Q37,37.2,57.0,59.0,96.61
DO,Participant,Datia,Q37,37.3,55.0,59.0,93.22
DO,Participant,Datia,Q37,37.4,52.0,59.0,88.14
DO,Participant,Datia,Q37,37.5,55.0,59.0,93.22
DO,Participant,Dhar,Q37,37.1,155.0,166.0,93.37
DO,Participant,Dhar,Q37,37.2,161.0,166.0,96.99
DO,Participant,Dhar,Q37,37.3,100.0,166.0,60.24
DO,Participant,Dhar,Q37,37.4,154.0,166.0,92.77
DO,Participant,Dhar,Q37,37.5,154.0,166.0,92.77
DO,Participant,Dindori,Q37,37.1,62.0,73.0,84.93
DO,Participant,Dindori,Q37,37.2,68.0,73.0,93.15
DO,Participant,Dindori,Q37,37.3,34.0,73.0,46.58
DO,Participant,Dindori,Q37,37.4,65.0,73.0,89.04
DO,Participant,Dindori,Q37,37.5,16.0,73.0,21.92
DO,Participant,Guna,Q37,37.1,72.0,76.0,94.74
DO,Participant,Guna,Q37,37.2,73.0,76.0,96.05
DO,Participant,Guna,Q37,37.3,73.0,76.0,96.05
DO,Participant,Guna,Q37,37.4,74.0,76.0,97.37
DO,Participant,Guna,Q37,37.5,70.0,76.0,92.11
DO,Participant,Gwalior,Q37,37.1,85.0,90.0,94.44
DO,Participant,Gwalior,Q37,37.2,85.0,90.0,94.44
DO,Participant,Gwalior,Q37,37.3,81.0,90.0,90.0
DO,Participant,Gwalior,Q37,37.4,83.0,90.0,92.22
DO,Participant,Gwalior,Q37,37.5,80.0,90.0,88.89
DO,Participant,Harda,Q37,37.1,38.0,39.0,97.44
DO,Participant,Harda,Q37,37.2,37.0,39.0,94.87
DO,Participant,Harda,Q37,37.3,35.0,39.0,89.74
DO,Participant,Harda,Q37,37.4,35.0,39.0,89.74
DO,Participant,Harda,Q37,37.5,24.0,39.0,61.54
DO,Participant,Indore,Q37,37.1,71.0,76.0,93.42
DO,Participant,Indore,Q37,37.2,75.0,76.0,98.68
DO,Participant,Indore,Q37,37.3,73.0,76.0,96.05
DO,Participant,Indore,Q37,37.4,74.0,76.0,97.37
DO,Participant,Indore,Q37,37.5,74.0,76.0,97.37
DO,Participant,Jabalpur,Q37,37.1,81.0,91.0,89.01
DO,Participant,Jabalpur,Q37,37.2,86.0,91.0,94.51
DO,Participant,Jabalpur,Q37,37.3,86.0,91.0,94.51
DO,Participant,Jabalpur,Q37,37.4,81.0,91.0,89.01
DO,Participant,Jabalpur,Q37,37.5,81.0,91.0,89.01
DO,Participant,Jhabua,Q37,37.1,95.0,101.0,94.06
DO,Participant,Jhabua,Q37,37.2,99.0,101.0,98.02
DO,Participant,Jhabua,Q37,37.3,94.0,101.0,93.07
DO,Participant,Jhabua,Q37,37.4,94.0,101.0,93.07
DO,Participant,Jhabua,Q37,37.5,90.0,101.0,89.11
DO,Participant,Katni,Q37,37.1,83.0,87.0,95.4
DO,Participant,Katni,Q37,37.2,82.0,87.0,94.25
DO,Participant,Katni,Q37,37.3,84.0,87.0,96.55
DO,Participant,Katni,Q37,37.4,81.0,87.0,93.1
DO,Participant,Katni,Q37,37.5,80.0,87.0,91.95
DO,Participant,Khargone,Q37,37.1,151.0,160.0,94.38
DO,Participant,Khargone,Q37,37.2,152.0,160.0,95.0
DO,Participant,Khargone,Q37,37.3,153.0,160.0,95.62
DO,Participant,Khargone,Q37,37.4,153.0,160.0,95.62
DO,Participant,Khargone,Q37,37.5,61.0,160.0,38.12
DO,Participant,Mandla,Q37,37.1,105.0,110.0,95.45
DO,Participant,Mandla,Q37,37.2,102.0,110.0,92.73
DO,Participant,Mandla,Q37,37.3,104.0,110.0,94.55
DO,Participant,Mandla,Q37,37.4,105.0,110.0,95.45
DO,Participant,Mandla,Q37,37.5,104.0,110.0,94.55
DO,Participant,Mandsaur,Q37,37.1,80.0,86.0,93.02
DO,Participant,Mandsaur,Q37,37.2,85.0,86.0,98.84
DO,Participant,Mandsaur,Q37,37.3,85.0,86.0,98.84
DO,Participant,Mandsaur,Q37,37.4,82.0,86.0,95.35
DO,Participant,Mandsaur,Q37,37.5,84.0,86.0,97.67
DO,Participant,Morena,Q37,37.1,108.0,117.0,92.31
DO,Participant,Morena,Q37,37.2,110.0,117.0,94.02
DO,Participant,Morena,Q37,37.3,107.0,117.0,91.45
DO,Participant,Morena,Q37,37.4,106.0,117.0,90.6
DO,Participant,Morena,Q37,37.5,101.0,117.0,86.32
DO,Participant,Narmadapuram,Q37,37.1,71.0,79.0,89.87
DO,Participant,Narmadapuram,Q37,37.2,76.0,79.0,96.2
DO,Participant,Narmadapuram,Q37,37.3,76.0,79.0,96.2
DO,Participant,Narmadapuram,Q37,37.4,72.0,79.0,91.14
DO,Participant,Narmadapuram,Q37,37.5,70.0,79.0,88.61
DO,Participant,Narsinghpur,Q37,37.1,78.0,87.0,89.66
DO,Participant,Narsinghpur,Q37,37.2,83.0,87.0,95.4
DO,Participant,Narsinghpur,Q37,37.3,82.0,87.0,94.25
DO,Participant,Narsinghpur,Q37,37.4,85.0,87.0,97.7
DO,Participant,Narsinghpur,Q37,37.5,22.0,87.0,25.29
DO,Participant,Neemuch,Q37,37.1,56.0,57.0,98.25
DO,Participant,Neemuch,Q37,37.2,56.0,57.0,98.25
DO,Participant,Neemuch,Q37,37.3,53.0,57.0,92.98
DO,Participant,Neemuch,Q37,37.4,53.0,57.0,92.98
DO,Participant,Neemuch,Q37,37.5,51.0,57.0,89.47
DO,Participant,Niwari,Q37,37.1,25.0,31.0,80.65
DO,Participant,Niwari,Q37,37.2,29.0,31.0,93.55
DO,Participant,Niwari,Q37,37.3,29.0,31.0,93.55
DO,Participant,Niwari,Q37,37.4,19.0,31.0,61.29
DO,Participant,Niwari,Q37,37.5,27.0,31.0,87.1
DO,Participant,Panna,Q37,37.1,102.0,103.0,99.03
DO,Participant,Panna,Q37,37.2,97.0,103.0,94.17
DO,Participant,Panna,Q37,37.3,96.0,103.0,93.2
DO,Participant,Panna,Q37,37.4,97.0,103.0,94.17
DO,Participant,Panna,Q37,37.5,90.0,103.0,87.38
DO,Participant,Raisen,Q37,37.1,106.0,110.0,96.36
DO,Participant,Raisen,Q37,37.2,105.0,110.0,95.45
DO,Participant,Raisen,Q37,37.3,101.0,110.0,91.82
DO,Participant,Raisen,Q37,37.4,100.0,110.0,90.91
DO,Participant,Raisen,Q37,37.5,80.0,110.0,72.73
DO,Participant,Rajgarh,Q37,37.1,124.0,129.0,96.12
DO,Participant,Rajgarh,Q37,37.2,125.0,129.0,96.9
DO,Participant,Rajgarh,Q37,37.3,123.0,129.0,95.35
DO,Participant,Rajgarh,Q37,37.4,121.0,129.0,93.8
DO,Participant,Rajgarh,Q37,37.5,114.0,129.0,88.37
DO,Participant,Ratlam,Q37,37.1,111.0,114.0,97.37
DO,Participant,Ratlam,Q37,37.2,108.0,114.0,94.74
DO,Participant,Ratlam,Q37,37.3,108.0,114.0,94.74
DO,Participant,Ratlam,Q37,37.4,105.0,114.0,92.11
DO,Participant,Ratlam,Q37,37.5,101.0,114.0,88.6
DO,Participant,Rewa,Q37,37.1,64.0,71.0,90.14
DO,Participant,Rewa,Q37,37.2,64.0,71.0,90.14
DO,Participant,Rewa,Q37,37.3,65.0,71.0,91.55
DO,Participant,Rewa,Q37,37.4,65.0,71.0,91.55
DO,Participant,Rewa,Q37,37.5,49.0,71.0,69.01
DO,Participant,Sagar,Q37,37.1,112.0,122.0,91.8
DO,Participant,Sagar,Q37,37.2,114.0,122.0,93.44
DO,Participant,Sagar,Q37,37.3,117.0,122.0,95.9
DO,Participant,Sagar,Q37,37.4,109.0,122.0,89.34
DO,Participant,Sagar,Q37,37.5,109.0,122.0,89.34
DO,Participant,Satna,Q37,37.1,177.0,206.0,85.92
DO,Participant,Satna,Q37,37.2,196.0,206.0,95.15
DO,Participant,Satna,Q37,37.3,194.0,206.0,94.17
DO,Participant,Satna,Q37,37.4,186.0,206.0,90.29
DO,Participant,Satna,Q37,37.5,186.0,206.0,90.29
DO,Participant,Seoni,Q37,37.1,118.0,122.0,96.72
DO,Participant,Seoni,Q37,37.2,120.0,122.0,98.36
DO,Participant,Seoni,Q37,37.3,113.0,122.0,92.62
DO,Participant,Seoni,Q37,37.4,114.0,122.0,93.44
DO,Participant,Seoni,Q37,37.5,107.0,122.0,87.7
DO,Participant,Shahdol,Q37,37.1,73.0,83.0,87.95
DO,Participant,Shahdol,Q37,37.2,82.0,83.0,98.8
DO,Participant,Shahdol,Q37,37.3,76.0,83.0,91.57
DO,Participant,Shahdol,Q37,37.4,77.0,83.0,92.77
DO,Participant,Shahdol,Q37,37.5,74.0,83.0,89.16
DO,Participant,Shajapur,Q37,37.1,63.0,64.0,98.44
DO,Participant,Shajapur,Q37,37.2,63.0,64.0,98.44
DO,Participant,Shajapur,Q37,37.3,60.0,64.0,93.75
DO,Participant,Shajapur,Q37,37.4,61.0,64.0,95.31
DO,Participant,Shajapur,Q37,37.5,59.0,64.0,92.19
DO,Participant,Sheopur,Q37,37.1,46.0,50.0,92.0
DO,Participant,Sheopur,Q37,37.2,49.0,50.0,98.0
DO,Participant,Sheopur,Q37,37.3,47.0,50.0,94.0
DO,Participant,Sheopur,Q37,37.4,46.0,50.0,92.0
DO,Participant,Sheopur,Q37,37.5,45.0,50.0,90.0
DO,Participant,Shivpuri,Q37,37.1,100.0,116.0,86.21
DO,Participant,Shivpuri,Q37,37.2,107.0,116.0,92.24
DO,Participant,Shivpuri,Q37,37.3,91.0,116.0,78.45
DO,Participant,Shivpuri,Q37,37.4,98.0,116.0,84.48
DO,Participant,Shivpuri,Q37,37.5,94.0,116.0,81.03
DO,Participant,Sidhi,Q37,37.1,87.0,92.0,94.57
DO,Participant,Sidhi,Q37,37.2,92.0,92.0,100.0
DO,Participant,Sidhi,Q37,37.3,92.0,92.0,100.0
DO,Participant,Sidhi,Q37,37.4,89.0,92.0,96.74
DO,Participant,Sidhi,Q37,37.5,88.0,92.0,95.65
DO,Participant,Singrauli,Q37,37.1,36.0,39.0,92.31
DO,Participant,Singrauli,Q37,37.2,39.0,39.0,100.0
DO,Participant,Singrauli,Q37,37.3,38.0,39.0,97.44
DO,Participant,Singrauli,Q37,37.4,37.0,39.0,94.87
DO,Participant,Singrauli,Q37,37.5,34.0,39.0,87.18
DO,Participant,Tikamgarh,Q37,37.1,64.0,68.0,94.12
DO,Participant,Tikamgarh,Q37,37.2,66.0,68.0,97.06
DO,Participant,Tikamgarh,Q37,37.3,62.0,68.0,91.18
DO,Participant,Tikamgarh,Q37,37.4,64.0,68.0,94.12
DO,Participant,Tikamgarh,Q37,37.5,63.0,68.0,92.65
DO,Participant,Ujjain,Q37,37.1,91.0,114.0,79.82
DO,Participant,Ujjain,Q37,37.2,107.0,114.0,93.86
DO,Participant,Ujjain,Q37,37.3,97.0,114.0,85.09
DO,Participant,Ujjain,Q37,37.4,105.0,114.0,92.11
DO,Participant,Ujjain,Q37,37.5,98.0,114.0,85.96
DO,Participant,Umaria,Q37,37.1,62.0,65.0,95.38
DO,Participant,Umaria,Q37,37.2,61.0,65.0,93.85
DO,Participant,Umaria,Q37,37.3,61.0,65.0,93.85
DO,Participant,Umaria,Q37,37.4,62.0,65.0,95.38
DO,Participant,Umaria,Q37,37.5,60.0,65.0,92.31
DO,Participant,Vidisha,Q37,37.1,108.0,115.0,93.91
DO,Participant,Vidisha,Q37,37.2,114.0,115.0,99.13
DO,Participant,Vidisha,Q37,37.3,113.0,115.0,98.26
DO,Participant,Vidisha,Q37,37.4,113.0,115.0,98.26
DO,Participant,Vidisha,Q37,37.5,107.0,115.0,93.04
DO,Participant,Total,Q37,37.1,4110.0,4454.0,92.28
DO,Participant,Total,Q37,37.2,4256.0,4454.0,95.55
DO,Participant,Total,Q37,37.3,4075.0,4454.0,91.49
DO,Participant,Total,Q37,37.4,4123.0,4454.0,92.57
DO,Participant,Total,Q37,37.5,3754.0,4454.0,84.28
DO,Participant,Agar Malwa,Q38,38.1,46.0,51.0,90.2
DO,Participant,Agar Malwa,Q38,38.2,44.0,51.0,86.27
DO,Participant,Agar Malwa,Q38,38.3,45.0,51.0,88.24
DO,Participant,Agar Malwa,Q38,38.4,45.0,51.0,88.24
DO,Participant,Agar Malwa,Q38,38.5,43.0,51.0,84.31
DO,Participant,Alirajpur,Q38,38.1,102.0,110.0,92.73
DO,Participant,Alirajpur,Q38,38.2,82.0,110.0,74.55
DO,Participant,Alirajpur,Q38,38.3,95.0,110.0,86.36
DO,Participant,Alirajpur,Q38,38.4,95.0,110.0,86.36
DO,Participant,Alirajpur,Q38,38.5,89.0,110.0,80.91
DO,Participant,Ashoknagar,Q38,38.1,72.0,76.0,94.74
DO,Participant,Ashoknagar,Q38,38.2,58.0,76.0,76.32
DO,Participant,Ashoknagar,Q38,38.3,68.0,76.0,89.47
DO,Participant,Ashoknagar,Q38,38.4,70.0,76.0,92.11
DO,Participant,Ashoknagar,Q38,38.5,68.0,76.0,89.47
DO,Participant,Balaghat,Q38,38.1,105.0,110.0,95.45
DO,Participant,Balaghat,Q38,38.2,98.0,110.0,89.09
DO,Participant,Balaghat,Q38,38.3,106.0,110.0,96.36
DO,Participant,Balaghat,Q38,38.4,104.0,110.0,94.55
DO,Participant,Balaghat,Q38,38.5,101.0,110.0,91.82
DO,Participant,Barwani,Q38,38.1,99.0,104.0,95.19
DO,Participant,Barwani,Q38,38.2,81.0,104.0,77.88
DO,Participant,Barwani,Q38,38.3,97.0,104.0,93.27
DO,Participant,Barwani,Q38,38.4,97.0,104.0,93.27
DO,Participant,Barwani,Q38,38.5,97.0,104.0,93.27
DO,Participant,Betul,Q38,38.1,125.0,130.0,96.15
DO,Participant,Betul,Q38,38.2,117.0,130.0,90.0
DO,Participant,Betul,Q38,38.3,120.0,130.0,92.31
DO,Participant,Betul,Q38,38.4,121.0,130.0,93.08
DO,Participant,Betul,Q38,38.5,120.0,130.0,92.31
DO,Participant,Bhind,Q38,38.1,83.0,91.0,91.21
DO,Participant,Bhind,Q38,38.2,75.0,91.0,82.42
DO,Participant,Bhind,Q38,38.3,79.0,91.0,86.81
DO,Participant,Bhind,Q38,38.4,83.0,91.0,91.21
DO,Participant,Bhind,Q38,38.5,77.0,91.0,84.62
DO,Participant,Bhopal,Q38,38.1,56.0,57.0,98.25
DO,Participant,Bhopal,Q38,38.2,52.0,57.0,91.23
DO,Participant,Bhopal,Q38,38.3,52.0,57.0,91.23
DO,Participant,Bhopal,Q38,38.4,56.0,57.0,98.25
DO,Participant,Bhopal,Q38,38.5,54.0,57.0,94.74
DO,Participant,Burhanpur,Q38,38.1,27.0,29.0,93.1
DO,Participant,Burhanpur,Q38,38.2,21.0,29.0,72.41
DO,Participant,Burhanpur,Q38,38.3,25.0,29.0,86.21
DO,Participant,Burhanpur,Q38,38.4,27.0,29.0,93.1
DO,Participant,Burhanpur,Q38,38.5,26.0,29.0,89.66
DO,Participant,Chhatarpur,Q38,38.1,114.0,120.0,95.0
DO,Participant,Chhatarpur,Q38,38.2,106.0,120.0,88.33
DO,Participant,Chhatarpur,Q38,38.3,114.0,120.0,95.0
DO,Participant,Chhatarpur,Q38,38.4,113.0,120.0,94.17
DO,Participant,Chhatarpur,Q38,38.5,113.0,120.0,94.17
DO,Participant,Chhindwara,Q38,38.1,140.0,142.0,98.59
DO,Participant,Chhindwara,Q38,38.2,133.0,142.0,93.66
DO,Participant,Chhindwara,Q38,38.3,135.0,142.0,95.07
DO,Participant,Chhindwara,Q38,38.4,136.0,142.0,95.77
DO,Participant,Chhindwara,Q38,38.5,131.0,142.0,92.25
DO,Participant,Damoh,Q38,38.1,63.0,66.0,95.45
DO,Participant,Damoh,Q38,38.2,57.0,66.0,86.36
DO,Participant,Damoh,Q38,38.3,60.0,66.0,90.91
DO,Participant,Damoh,Q38,38.4,58.0,66.0,87.88
DO,Participant,Damoh,Q38,38.5,57.0,66.0,86.36
DO,Participant,Datia,Q38,38.1,56.0,59.0,94.92
DO,Participant,Datia,Q38,38.2,54.0,59.0,91.53
DO,Participant,Datia,Q38,38.3,53.0,59.0,89.83
DO,Participant,Datia,Q38,38.4,52.0,59.0,88.14
DO,Participant,Datia,Q38,38.5,51.0,59.0,86.44
DO,Participant,Dhar,Q38,38.1,161.0,166.0,96.99
DO,Participant,Dhar,Q38,38.2,144.0,166.0,86.75
DO,Participant,Dhar,Q38,38.3,157.0,166.0,94.58
DO,Participant,Dhar,Q38,38.4,156.0,166.0,93.98
DO,Participant,Dhar,Q38,38.5,151.0,166.0,90.96
DO,Participant,Dindori,Q38,38.1,66.0,73.0,90.41
DO,Participant,Dindori,Q38,38.2,59.0,73.0,80.82
DO,Participant,Dindori,Q38,38.3,65.0,73.0,89.04
DO,Participant,Dindori,Q38,38.4,67.0,73.0,91.78
DO,Participant,Dindori,Q38,38.5,61.0,73.0,83.56
DO,Participant,Guna,Q38,38.1,73.0,76.0,96.05
DO,Participant,Guna,Q38,38.2,67.0,76.0,88.16
DO,Participant,Guna,Q38,38.3,71.0,76.0,93.42
DO,Participant,Guna,Q38,38.4,72.0,76.0,94.74
DO,Participant,Guna,Q38,38.5,68.0,76.0,89.47
DO,Participant,Gwalior,Q38,38.1,85.0,90.0,94.44
DO,Participant,Gwalior,Q38,38.2,83.0,90.0,92.22
DO,Participant,Gwalior,Q38,38.3,79.0,90.0,87.78
DO,Participant,Gwalior,Q38,38.4,84.0,90.0,93.33
DO,Participant,Gwalior,Q38,38.5,78.0,90.0,86.67
DO,Participant,Harda,Q38,38.1,38.0,39.0,97.44
DO,Participant,Harda,Q38,38.2,38.0,39.0,97.44
DO,Participant,Harda,Q38,38.3,34.0,39.0,87.18
DO,Participant,Harda,Q38,38.4,38.0,39.0,97.44
DO,Participant,Harda,Q38,38.5,36.0,39.0,92.31
DO,Participant,Indore,Q38,38.1,75.0,76.0,98.68
DO,Participant,Indore,Q38,38.2,71.0,76.0,93.42
DO,Participant,Indore,Q38,38.3,73.0,76.0,96.05
DO,Participant,Indore,Q38,38.4,73.0,76.0,96.05
DO,Participant,Indore,Q38,38.5,73.0,76.0,96.05
DO,Participant,Jabalpur,Q38,38.1,86.0,91.0,94.51
DO,Participant,Jabalpur,Q38,38.2,80.0,91.0,87.91
DO,Participant,Jabalpur,Q38,38.3,83.0,91.0,91.21
DO,Participant,Jabalpur,Q38,38.4,83.0,91.0,91.21
DO,Participant,Jabalpur,Q38,38.5,82.0,91.0,90.11
DO,Participant,Jhabua,Q38,38.1,99.0,101.0,98.02
DO,Participant,Jhabua,Q38,38.2,87.0,101.0,86.14
DO,Participant,Jhabua,Q38,38.3,95.0,101.0,94.06
DO,Participant,Jhabua,Q38,38.4,94.0,101.0,93.07
DO,Participant,Jhabua,Q38,38.5,90.0,101.0,89.11
DO,Participant,Katni,Q38,38.1,85.0,87.0,97.7
DO,Participant,Katni,Q38,38.2,75.0,87.0,86.21
DO,Participant,Katni,Q38,38.3,78.0,87.0,89.66
DO,Participant,Katni,Q38,38.4,77.0,87.0,88.51
DO,Participant,Katni,Q38,38.5,79.0,87.0,90.8
DO,Participant,Khargone,Q38,38.1,154.0,160.0,96.25
DO,Participant,Khargone,Q38,38.2,142.0,160.0,88.75
DO,Participant,Khargone,Q38,38.3,149.0,160.0,93.12
DO,Participant,Khargone,Q38,38.4,153.0,160.0,95.62
DO,Participant,Khargone,Q38,38.5,145.0,160.0,90.62
DO,Participant,Mandla,Q38,38.1,101.0,110.0,91.82
DO,Participant,Mandla,Q38,38.2,98.0,110.0,89.09
DO,Participant,Mandla,Q38,38.3,103.0,110.0,93.64
DO,Participant,Mandla,Q38,38.4,104.0,110.0,94.55
DO,Participant,Mandla,Q38,38.5,102.0,110.0,92.73
DO,Participant,Mandsaur,Q38,38.1,85.0,86.0,98.84
DO,Participant,Mandsaur,Q38,38.2,84.0,86.0,97.67
DO,Participant,Mandsaur,Q38,38.3,84.0,86.0,97.67
DO,Participant,Mandsaur,Q38,38.4,86.0,86.0,100.0
DO,Participant,Mandsaur,Q38,38.5,85.0,86.0,98.84
DO,Participant,Morena,Q38,38.1,110.0,117.0,94.02
DO,Participant,Morena,Q38,38.2,103.0,117.0,88.03
DO,Participant,Morena,Q38,38.3,102.0,117.0,87.18
DO,Participant,Morena,Q38,38.4,109.0,117.0,93.16
DO,Participant,Morena,Q38,38.5,106.0,117.0,90.6
DO,Participant,Narmadapuram,Q38,38.1,77.0,79.0,97.47
DO,Participant,Narmadapuram,Q38,38.2,75.0,79.0,94.94
DO,Participant,Narmadapuram,Q38,38.3,74.0,79.0,93.67
DO,Participant,Narmadapuram,Q38,38.4,72.0,79.0,91.14
DO,Participant,Narmadapuram,Q38,38.5,70.0,79.0,88.61
DO,Participant,Narsinghpur,Q38,38.1,86.0,87.0,98.85
DO,Participant,Narsinghpur,Q38,38.2,82.0,87.0,94.25
DO,Participant,Narsinghpur,Q38,38.3,81.0,87.0,93.1
DO,Participant,Narsinghpur,Q38,38.4,85.0,87.0,97.7
DO,Participant,Narsinghpur,Q38,38.5,82.0,87.0,94.25
DO,Participant,Neemuch,Q38,38.1,52.0,57.0,91.23
DO,Participant,Neemuch,Q38,38.2,50.0,57.0,87.72
DO,Participant,Neemuch,Q38,38.3,53.0,57.0,92.98
DO,Participant,Neemuch,Q38,38.4,55.0,57.0,96.49
DO,Participant,Neemuch,Q38,38.5,51.0,57.0,89.47
DO,Participant,Niwari,Q38,38.1,27.0,31.0,87.1
DO,Participant,Niwari,Q38,38.2,26.0,31.0,83.87
DO,Participant,Niwari,Q38,38.3,25.0,31.0,80.65
DO,Participant,Niwari,Q38,38.4,30.0,31.0,96.77
DO,Participant,Niwari,Q38,38.5,26.0,31.0,83.87
DO,Participant,Panna,Q38,38.1,95.0,103.0,92.23
DO,Participant,Panna,Q38,38.2,91.0,103.0,88.35
DO,Participant,Panna,Q38,38.3,90.0,103.0,87.38
DO,Participant,Panna,Q38,38.4,93.0,103.0,90.29
DO,Participant,Panna,Q38,38.5,89.0,103.0,86.41
DO,Participant,Raisen,Q38,38.1,105.0,110.0,95.45
DO,Participant,Raisen,Q38,38.2,97.0,110.0,88.18
DO,Participant,Raisen,Q38,38.3,98.0,110.0,89.09
DO,Participant,Raisen,Q38,38.4,101.0,110.0,91.82
DO,Participant,Raisen,Q38,38.5,97.0,110.0,88.18
DO,Participant,Rajgarh,Q38,38.1,127.0,129.0,98.45
DO,Participant,Rajgarh,Q38,38.2,124.0,129.0,96.12
DO,Participant,Rajgarh,Q38,38.3,123.0,129.0,95.35
DO,Participant,Rajgarh,Q38,38.4,125.0,129.0,96.9
DO,Participant,Rajgarh,Q38,38.5,123.0,129.0,95.35
DO,Participant,Ratlam,Q38,38.1,110.0,114.0,96.49
DO,Participant,Ratlam,Q38,38.2,95.0,114.0,83.33
DO,Participant,Ratlam,Q38,38.3,102.0,114.0,89.47
DO,Participant,Ratlam,Q38,38.4,109.0,114.0,95.61
DO,Participant,Ratlam,Q38,38.5,100.0,114.0,87.72
DO,Participant,Rewa,Q38,38.1,66.0,71.0,92.96
DO,Participant,Rewa,Q38,38.2,58.0,71.0,81.69
DO,Participant,Rewa,Q38,38.3,63.0,71.0,88.73
DO,Participant,Rewa,Q38,38.4,66.0,71.0,92.96
DO,Participant,Rewa,Q38,38.5,61.0,71.0,85.92
DO,Participant,Sagar,Q38,38.1,116.0,122.0,95.08
DO,Participant,Sagar,Q38,38.2,110.0,122.0,90.16
DO,Participant,Sagar,Q38,38.3,113.0,122.0,92.62
DO,Participant,Sagar,Q38,38.4,115.0,122.0,94.26
DO,Participant,Sagar,Q38,38.5,109.0,122.0,89.34
DO,Participant,Satna,Q38,38.1,199.0,206.0,96.6
DO,Participant,Satna,Q38,38.2,185.0,206.0,89.81
DO,Participant,Satna,Q38,38.3,191.0,206.0,92.72
DO,Participant,Satna,Q38,38.4,195.0,206.0,94.66
DO,Participant,Satna,Q38,38.5,184.0,206.0,89.32
DO,Participant,Seoni,Q38,38.1,119.0,122.0,97.54
DO,Participant,Seoni,Q38,38.2,107.0,122.0,87.7
DO,Participant,Seoni,Q38,38.3,116.0,122.0,95.08
DO,Participant,Seoni,Q38,38.4,114.0,122.0,93.44
DO,Participant,Seoni,Q38,38.5,110.0,122.0,90.16
DO,Participant,Shahdol,Q38,38.1,82.0,83.0,98.8
DO,Participant,Shahdol,Q38,38.2,73.0,83.0,87.95
DO,Participant,Shahdol,Q38,38.3,80.0,83.0,96.39
DO,Participant,Shahdol,Q38,38.4,79.0,83.0,95.18
DO,Participant,Shahdol,Q38,38.5,76.0,83.0,91.57
DO,Participant,Shajapur,Q38,38.1,64.0,64.0,100.0
DO,Participant,Shajapur,Q38,38.2,62.0,64.0,96.88
DO,Participant,Shajapur,Q38,38.3,62.0,64.0,96.88
DO,Participant,Shajapur,Q38,38.4,62.0,64.0,96.88
DO,Participant,Shajapur,Q38,38.5,62.0,64.0,96.88
DO,Participant,Sheopur,Q38,38.1,48.0,50.0,96.0
DO,Participant,Sheopur,Q38,38.2,49.0,50.0,98.0
DO,Participant,Sheopur,Q38,38.3,46.0,50.0,92.0
DO,Participant,Sheopur,Q38,38.4,48.0,50.0,96.0
DO,Participant,Sheopur,Q38,38.5,47.0,50.0,94.0
DO,Participant,Shivpuri,Q38,38.1,105.0,116.0,90.52
DO,Participant,Shivpuri,Q38,38.2,93.0,116.0,80.17
DO,Participant,Shivpuri,Q38,38.3,89.0,116.0,76.72
DO,Participant,Shivpuri,Q38,38.4,98.0,116.0,84.48
DO,Participant,Shivpuri,Q38,38.5,92.0,116.0,79.31
DO,Participant,Sidhi,Q38,38.1,91.0,92.0,98.91
DO,Participant,Sidhi,Q38,38.2,84.0,92.0,91.3
DO,Participant,Sidhi,Q38,38.3,89.0,92.0,96.74
DO,Participant,Sidhi,Q38,38.4,90.0,92.0,97.83
DO,Participant,Sidhi,Q38,38.5,88.0,92.0,95.65
DO,Participant,Singrauli,Q38,38.1,39.0,39.0,100.0
DO,Participant,Singrauli,Q38,38.2,34.0,39.0,87.18
DO,Participant,Singrauli,Q38,38.3,35.0,39.0,89.74
DO,Participant,Singrauli,Q38,38.4,38.0,39.0,97.44
DO,Participant,Singrauli,Q38,38.5,35.0,39.0,89.74
DO,Participant,Tikamgarh,Q38,38.1,64.0,68.0,94.12
DO,Participant,Tikamgarh,Q38,38.2,58.0,68.0,85.29
DO,Participant,Tikamgarh,Q38,38.3,61.0,68.0,89.71
DO,Participant,Tikamgarh,Q38,38.4,63.0,68.0,92.65
DO,Participant,Tikamgarh,Q38,38.5,60.0,68.0,88.24
DO,Participant,Ujjain,Q38,38.1,103.0,114.0,90.35
DO,Participant,Ujjain,Q38,38.2,98.0,114.0,85.96
DO,Participant,Ujjain,Q38,38.3,105.0,114.0,92.11
DO,Participant,Ujjain,Q38,38.4,105.0,114.0,92.11
DO,Participant,Ujjain,Q38,38.5,97.0,114.0,85.09
DO,Participant,Umaria,Q38,38.1,63.0,65.0,96.92
DO,Participant,Umaria,Q38,38.2,61.0,65.0,93.85
DO,Participant,Umaria,Q38,38.3,63.0,65.0,96.92
DO,Participant,Umaria,Q38,38.4,64.0,65.0,98.46
DO,Participant,Umaria,Q38,38.5,64.0,65.0,98.46
DO,Participant,Vidisha,Q38,38.1,113.0,115.0,98.26
DO,Participant,Vidisha,Q38,38.2,107.0,115.0,93.04
DO,Participant,Vidisha,Q38,38.3,111.0,115.0,96.52
DO,Participant,Vidisha,Q38,38.4,114.0,115.0,99.13
DO,Participant,Vidisha,Q38,38.5,112.0,115.0,97.39
DO,Participant,Total,Q38,38.1,4257.0,4454.0,95.58
DO,Participant,Total,Q38,38.2,3928.0,4454.0,88.19
DO,Participant,Total,Q38,38.3,4092.0,4454.0,91.87
DO,Participant,Total,Q38,38.4,4174.0,4454.0,93.71
DO,Participant,Total,Q38,38.5,4018.0,4454.0,90.21
DO,Participant,Agar Malwa,Q39,39.1,47.0,51.0,92.16
DO,Participant,Agar Malwa,Q39,39.2,43.0,51.0,84.31
DO,Participant,Agar Malwa,Q39,39.3,44.0,51.0,86.27
DO,Participant,Alirajpur,Q39,39.1,92.0,110.0,83.64
DO,Participant,Alirajpur,Q39,39.2,95.0,110.0,86.36
DO,Participant,Alirajpur,Q39,39.3,103.0,110.0,93.64
DO,Participant,Ashoknagar,Q39,39.1,70.0,76.0,92.11
DO,Participant,Ashoknagar,Q39,39.2,64.0,76.0,84.21
DO,Participant,Ashoknagar,Q39,39.3,69.0,76.0,90.79
DO,Participant,Balaghat,Q39,39.1,101.0,110.0,91.82
DO,Participant,Balaghat,Q39,39.2,103.0,110.0,93.64
DO,Participant,Balaghat,Q39,39.3,106.0,110.0,96.36
DO,Participant,Barwani,Q39,39.1,96.0,104.0,92.31
DO,Participant,Barwani,Q39,39.2,95.0,104.0,91.35
DO,Participant,Barwani,Q39,39.3,100.0,104.0,96.15
DO,Participant,Betul,Q39,39.1,120.0,130.0,92.31
DO,Participant,Betul,Q39,39.2,120.0,130.0,92.31
DO,Participant,Betul,Q39,39.3,121.0,130.0,93.08
DO,Participant,Bhind,Q39,39.1,76.0,91.0,83.52
DO,Participant,Bhind,Q39,39.2,80.0,91.0,87.91
DO,Participant,Bhind,Q39,39.3,81.0,91.0,89.01
DO,Participant,Bhopal,Q39,39.1,48.0,57.0,84.21
DO,Participant,Bhopal,Q39,39.2,48.0,57.0,84.21
DO,Participant,Bhopal,Q39,39.3,56.0,57.0,98.25
DO,Participant,Burhanpur,Q39,39.1,28.0,29.0,96.55
DO,Participant,Burhanpur,Q39,39.2,25.0,29.0,86.21
DO,Participant,Burhanpur,Q39,39.3,26.0,29.0,89.66
DO,Participant,Chhatarpur,Q39,39.1,108.0,120.0,90.0
DO,Participant,Chhatarpur,Q39,39.2,115.0,120.0,95.83
DO,Participant,Chhatarpur,Q39,39.3,115.0,120.0,95.83
DO,Participant,Chhindwara,Q39,39.1,129.0,142.0,90.85
DO,Participant,Chhindwara,Q39,39.2,135.0,142.0,95.07
DO,Participant,Chhindwara,Q39,39.3,134.0,142.0,94.37
DO,Participant,Damoh,Q39,39.1,60.0,66.0,90.91
DO,Participant,Damoh,Q39,39.2,63.0,66.0,95.45
DO,Participant,Damoh,Q39,39.3,60.0,66.0,90.91
DO,Participant,Datia,Q39,39.1,42.0,59.0,71.19
DO,Participant,Datia,Q39,39.2,50.0,59.0,84.75
DO,Participant,Datia,Q39,39.3,50.0,59.0,84.75
DO,Participant,Dhar,Q39,39.1,142.0,166.0,85.54
DO,Participant,Dhar,Q39,39.2,158.0,166.0,95.18
DO,Participant,Dhar,Q39,39.3,155.0,166.0,93.37
DO,Participant,Dindori,Q39,39.1,54.0,73.0,73.97
DO,Participant,Dindori,Q39,39.2,62.0,73.0,84.93
DO,Participant,Dindori,Q39,39.3,68.0,73.0,93.15
DO,Participant,Guna,Q39,39.1,67.0,76.0,88.16
DO,Participant,Guna,Q39,39.2,72.0,76.0,94.74
DO,Participant,Guna,Q39,39.3,72.0,76.0,94.74
DO,Participant,Gwalior,Q39,39.1,78.0,90.0,86.67
DO,Participant,Gwalior,Q39,39.2,83.0,90.0,92.22
DO,Participant,Gwalior,Q39,39.3,83.0,90.0,92.22
DO,Participant,Harda,Q39,39.1,27.0,39.0,69.23
DO,Participant,Harda,Q39,39.2,35.0,39.0,89.74
DO,Participant,Harda,Q39,39.3,36.0,39.0,92.31
DO,Participant,Indore,Q39,39.1,72.0,76.0,94.74
DO,Participant,Indore,Q39,39.2,70.0,76.0,92.11
DO,Participant,Indore,Q39,39.3,74.0,76.0,97.37
DO,Participant,Jabalpur,Q39,39.1,84.0,91.0,92.31
DO,Participant,Jabalpur,Q39,39.2,86.0,91.0,94.51
DO,Participant,Jabalpur,Q39,39.3,84.0,91.0,92.31
DO,Participant,Jhabua,Q39,39.1,85.0,101.0,84.16
DO,Participant,Jhabua,Q39,39.2,88.0,101.0,87.13
DO,Participant,Jhabua,Q39,39.3,94.0,101.0,93.07
DO,Participant,Katni,Q39,39.1,75.0,87.0,86.21
DO,Participant,Katni,Q39,39.2,78.0,87.0,89.66
DO,Participant,Katni,Q39,39.3,78.0,87.0,89.66
DO,Participant,Khargone,Q39,39.1,135.0,160.0,84.38
DO,Participant,Khargone,Q39,39.2,149.0,160.0,93.12
DO,Participant,Khargone,Q39,39.3,148.0,160.0,92.5
DO,Participant,Mandla,Q39,39.1,102.0,110.0,92.73
DO,Participant,Mandla,Q39,39.2,99.0,110.0,90.0
DO,Participant,Mandla,Q39,39.3,104.0,110.0,94.55
DO,Participant,Mandsaur,Q39,39.1,81.0,86.0,94.19
DO,Participant,Mandsaur,Q39,39.2,81.0,86.0,94.19
DO,Participant,Mandsaur,Q39,39.3,83.0,86.0,96.51
DO,Participant,Morena,Q39,39.1,107.0,117.0,91.45
DO,Participant,Morena,Q39,39.2,103.0,117.0,88.03
DO,Participant,Morena,Q39,39.3,108.0,117.0,92.31
DO,Participant,Narmadapuram,Q39,39.1,76.0,79.0,96.2
DO,Participant,Narmadapuram,Q39,39.2,71.0,79.0,89.87
DO,Participant,Narmadapuram,Q39,39.3,72.0,79.0,91.14
DO,Participant,Narsinghpur,Q39,39.1,77.0,87.0,88.51
DO,Participant,Narsinghpur,Q39,39.2,82.0,87.0,94.25
DO,Participant,Narsinghpur,Q39,39.3,80.0,87.0,91.95
DO,Participant,Neemuch,Q39,39.1,50.0,57.0,87.72
DO,Participant,Neemuch,Q39,39.2,52.0,57.0,91.23
DO,Participant,Neemuch,Q39,39.3,55.0,57.0,96.49
DO,Participant,Niwari,Q39,39.1,26.0,31.0,83.87
DO,Participant,Niwari,Q39,39.2,25.0,31.0,80.65
DO,Participant,Niwari,Q39,39.3,30.0,31.0,96.77
DO,Participant,Panna,Q39,39.1,94.0,103.0,91.26
DO,Participant,Panna,Q39,39.2,93.0,103.0,90.29
DO,Participant,Panna,Q39,39.3,94.0,103.0,91.26
DO,Participant,Raisen,Q39,39.1,91.0,110.0,82.73
DO,Participant,Raisen,Q39,39.2,99.0,110.0,90.0
DO,Participant,Raisen,Q39,39.3,106.0,110.0,96.36
DO,Participant,Rajgarh,Q39,39.1,114.0,129.0,88.37
DO,Participant,Rajgarh,Q39,39.2,117.0,129.0,90.7
DO,Participant,Rajgarh,Q39,39.3,120.0,129.0,93.02
DO,Participant,Ratlam,Q39,39.1,101.0,114.0,88.6
DO,Participant,Ratlam,Q39,39.2,101.0,114.0,88.6
DO,Participant,Ratlam,Q39,39.3,107.0,114.0,93.86
DO,Participant,Rewa,Q39,39.1,60.0,71.0,84.51
DO,Participant,Rewa,Q39,39.2,60.0,71.0,84.51
DO,Participant,Rewa,Q39,39.3,63.0,71.0,88.73
DO,Participant,Sagar,Q39,39.1,110.0,122.0,90.16
DO,Participant,Sagar,Q39,39.2,113.0,122.0,92.62
DO,Participant,Sagar,Q39,39.3,115.0,122.0,94.26
DO,Participant,Satna,Q39,39.1,173.0,206.0,83.98
DO,Participant,Satna,Q39,39.2,197.0,206.0,95.63
DO,Participant,Satna,Q39,39.3,197.0,206.0,95.63
DO,Participant,Seoni,Q39,39.1,115.0,122.0,94.26
DO,Participant,Seoni,Q39,39.2,117.0,122.0,95.9
DO,Participant,Seoni,Q39,39.3,116.0,122.0,95.08
DO,Participant,Shahdol,Q39,39.1,69.0,83.0,83.13
DO,Participant,Shahdol,Q39,39.2,73.0,83.0,87.95
DO,Participant,Shahdol,Q39,39.3,79.0,83.0,95.18
DO,Participant,Shajapur,Q39,39.1,60.0,64.0,93.75
DO,Participant,Shajapur,Q39,39.2,64.0,64.0,100.0
DO,Participant,Shajapur,Q39,39.3,62.0,64.0,96.88
DO,Participant,Sheopur,Q39,39.1,45.0,50.0,90.0
DO,Participant,Sheopur,Q39,39.2,44.0,50.0,88.0
DO,Participant,Sheopur,Q39,39.3,47.0,50.0,94.0
DO,Participant,Shivpuri,Q39,39.1,94.0,116.0,81.03
DO,Participant,Shivpuri,Q39,39.2,93.0,116.0,80.17
DO,Participant,Shivpuri,Q39,39.3,104.0,116.0,89.66
DO,Participant,Sidhi,Q39,39.1,85.0,92.0,92.39
DO,Participant,Sidhi,Q39,39.2,89.0,92.0,96.74
DO,Participant,Sidhi,Q39,39.3,88.0,92.0,95.65
DO,Participant,Singrauli,Q39,39.1,32.0,39.0,82.05
DO,Participant,Singrauli,Q39,39.2,36.0,39.0,92.31
DO,Participant,Singrauli,Q39,39.3,37.0,39.0,94.87
DO,Participant,Tikamgarh,Q39,39.1,58.0,68.0,85.29
DO,Participant,Tikamgarh,Q39,39.2,66.0,68.0,97.06
DO,Participant,Tikamgarh,Q39,39.3,66.0,68.0,97.06
DO,Participant,Ujjain,Q39,39.1,101.0,114.0,88.6
DO,Participant,Ujjain,Q39,39.2,104.0,114.0,91.23
DO,Participant,Ujjain,Q39,39.3,99.0,114.0,86.84
DO,Participant,Umaria,Q39,39.1,59.0,65.0,90.77
DO,Participant,Umaria,Q39,39.2,59.0,65.0,90.77
DO,Participant,Umaria,Q39,39.3,63.0,65.0,96.92
DO,Participant,Vidisha,Q39,39.1,108.0,115.0,93.91
DO,Participant,Vidisha,Q39,39.2,111.0,115.0,96.52
DO,Participant,Vidisha,Q39,39.3,113.0,115.0,98.26
DO,Participant,Total,Q39,39.1,3924.0,4454.0,88.1
DO,Participant,Total,Q39,39.2,4066.0,4454.0,91.29
DO,Participant,Total,Q39,39.3,4165.0,4454.0,93.51
DO,Participant,Agar Malwa,Q43,43_Correct,27.0,51.0,52.94
DO,Participant,Alirajpur,Q43,43_Correct,45.0,110.0,40.91
DO,Participant,Ashoknagar,Q43,43_Correct,29.0,76.0,38.16
DO,Participant,Balaghat,Q43,43_Correct,31.0,110.0,28.18
DO,Participant,Barwani,Q43,43_Correct,30.0,104.0,28.85
DO,Participant,Betul,Q43,43_Correct,53.0,130.0,40.77
DO,Participant,Bhind,Q43,43_Correct,21.0,91.0,23.08
DO,Participant,Bhopal,Q43,43_Correct,21.0,57.0,36.84
DO,Participant,Burhanpur,Q43,43_Correct,7.0,29.0,24.14
DO,Participant,Chhatarpur,Q43,43_Correct,56.0,120.0,46.67
DO,Participant,Chhindwara,Q43,43_Correct,51.0,142.0,35.92
DO,Participant,Damoh,Q43,43_Correct,29.0,66.0,43.94
DO,Participant,Datia,Q43,43_Correct,16.0,59.0,27.12
DO,Participant,Dhar,Q43,43_Correct,78.0,166.0,46.99
DO,Participant,Dindori,Q43,43_Correct,23.0,73.0,31.51
DO,Participant,Guna,Q43,43_Correct,23.0,76.0,30.26
DO,Participant,Gwalior,Q43,43_Correct,46.0,90.0,51.11
DO,Participant,Harda,Q43,43_Correct,15.0,39.0,38.46
DO,Participant,Indore,Q43,43_Correct,29.0,76.0,38.16
DO,Participant,Jabalpur,Q43,43_Correct,46.0,91.0,50.55
DO,Participant,Jhabua,Q43,43_Correct,33.0,101.0,32.67
DO,Participant,Katni,Q43,43_Correct,32.0,87.0,36.78
DO,Participant,Khargone,Q43,43_Correct,66.0,160.0,41.25
DO,Participant,Mandla,Q43,43_Correct,45.0,110.0,40.91
DO,Participant,Mandsaur,Q43,43_Correct,34.0,86.0,39.53
DO,Participant,Morena,Q43,43_Correct,32.0,117.0,27.35
DO,Participant,Narmadapuram,Q43,43_Correct,36.0,79.0,45.57
DO,Participant,Narsinghpur,Q43,43_Correct,33.0,87.0,37.93
DO,Participant,Neemuch,Q43,43_Correct,20.0,57.0,35.09
DO,Participant,Niwari,Q43,43_Correct,5.0,31.0,16.13
DO,Participant,Panna,Q43,43_Correct,37.0,103.0,35.92
DO,Participant,Raisen,Q43,43_Correct,48.0,110.0,43.64
DO,Participant,Rajgarh,Q43,43_Correct,54.0,129.0,41.86
DO,Participant,Ratlam,Q43,43_Correct,39.0,114.0,34.21
DO,Participant,Rewa,Q43,43_Correct,30.0,71.0,42.25
DO,Participant,Sagar,Q43,43_Correct,46.0,122.0,37.7
DO,Participant,Satna,Q43,43_Correct,75.0,206.0,36.41
DO,Participant,Seoni,Q43,43_Correct,49.0,122.0,40.16
DO,Participant,Shahdol,Q43,43_Correct,34.0,83.0,40.96
DO,Participant,Shajapur,Q43,43_Correct,31.0,64.0,48.44
DO,Participant,Sheopur,Q43,43_Correct,22.0,50.0,44.0
DO,Participant,Shivpuri,Q43,43_Correct,27.0,116.0,23.28
DO,Participant,Sidhi,Q43,43_Correct,35.0,92.0,38.04
DO,Participant,Singrauli,Q43,43_Correct,13.0,39.0,33.33
DO,Participant,Tikamgarh,Q43,43_Correct,23.0,68.0,33.82
DO,Participant,Ujjain,Q43,43_Correct,49.0,114.0,42.98
DO,Participant,Umaria,Q43,43_Correct,29.0,65.0,44.62
DO,Participant,Vidisha,Q43,43_Correct,44.0,115.0,38.26
DO,Participant,Total,Q43,43_Correct,1697.0,4454.0,38.1
DO,Participant,Agar Malwa,Q44,44_Correct,34.0,51.0,66.67
DO,Participant,Alirajpur,Q44,44_Correct,61.0,110.0,55.45
DO,Participant,Ashoknagar,Q44,44_Correct,49.0,76.0,64.47
DO,Participant,Balaghat,Q44,44_Correct,70.0,110.0,63.64
DO,Participant,Barwani,Q44,44_Correct,67.0,104.0,64.42
DO,Participant,Betul,Q44,44_Correct,87.0,130.0,66.92
DO,Participant,Bhind,Q44,44_Correct,51.0,91.0,56.04
DO,Participant,Bhopal,Q44,44_Correct,45.0,57.0,78.95
DO,Participant,Burhanpur,Q44,44_Correct,21.0,29.0,72.41
DO,Participant,Chhatarpur,Q44,44_Correct,85.0,120.0,70.83
DO,Participant,Chhindwara,Q44,44_Correct,101.0,142.0,71.13
DO,Participant,Damoh,Q44,44_Correct,43.0,66.0,65.15
DO,Participant,Datia,Q44,44_Correct,31.0,59.0,52.54
DO,Participant,Dhar,Q44,44_Correct,111.0,166.0,66.87
DO,Participant,Dindori,Q44,44_Correct,48.0,73.0,65.75
DO,Participant,Guna,Q44,44_Correct,54.0,76.0,71.05
DO,Participant,Gwalior,Q44,44_Correct,47.0,90.0,52.22
DO,Participant,Harda,Q44,44_Correct,23.0,39.0,58.97
DO,Participant,Indore,Q44,44_Correct,57.0,76.0,75.0
DO,Participant,Jabalpur,Q44,44_Correct,68.0,91.0,74.73
DO,Participant,Jhabua,Q44,44_Correct,63.0,101.0,62.38
DO,Participant,Katni,Q44,44_Correct,60.0,87.0,68.97
DO,Participant,Khargone,Q44,44_Correct,96.0,160.0,60.0
DO,Participant,Mandla,Q44,44_Correct,84.0,110.0,76.36
DO,Participant,Mandsaur,Q44,44_Correct,61.0,86.0,70.93
DO,Participant,Morena,Q44,44_Correct,64.0,117.0,54.7
DO,Participant,Narmadapuram,Q44,44_Correct,53.0,79.0,67.09
DO,Participant,Narsinghpur,Q44,44_Correct,62.0,87.0,71.26
DO,Participant,Neemuch,Q44,44_Correct,38.0,57.0,66.67
DO,Participant,Niwari,Q44,44_Correct,19.0,31.0,61.29
DO,Participant,Panna,Q44,44_Correct,82.0,103.0,79.61
DO,Participant,Raisen,Q44,44_Correct,84.0,110.0,76.36
DO,Participant,Rajgarh,Q44,44_Correct,71.0,129.0,55.04
DO,Participant,Ratlam,Q44,44_Correct,70.0,114.0,61.4
DO,Participant,Rewa,Q44,44_Correct,52.0,71.0,73.24
DO,Participant,Sagar,Q44,44_Correct,75.0,122.0,61.48
DO,Participant,Satna,Q44,44_Correct,146.0,206.0,70.87
DO,Participant,Seoni,Q44,44_Correct,75.0,122.0,61.48
DO,Participant,Shahdol,Q44,44_Correct,61.0,83.0,73.49
DO,Participant,Shajapur,Q44,44_Correct,51.0,64.0,79.69
DO,Participant,Sheopur,Q44,44_Correct,42.0,50.0,84.0
DO,Participant,Shivpuri,Q44,44_Correct,69.0,116.0,59.48
DO,Participant,Sidhi,Q44,44_Correct,69.0,92.0,75.0
DO,Participant,Singrauli,Q44,44_Correct,19.0,39.0,48.72
DO,Participant,Tikamgarh,Q44,44_Correct,49.0,68.0,72.06
DO,Participant,Ujjain,Q44,44_Correct,71.0,114.0,62.28
DO,Participant,Umaria,Q44,44_Correct,54.0,65.0,83.08
DO,Participant,Vidisha,Q44,44_Correct,78.0,115.0,67.83
DO,Participant,Total,Q44,44_Correct,2971.0,4454.0,66.7
DO,Participant,Agar Malwa,Q45,45_Correct,16.0,51.0,31.37
DO,Participant,Alirajpur,Q45,45_Correct,36.0,110.0,32.73
DO,Participant,Ashoknagar,Q45,45_Correct,31.0,76.0,40.79
DO,Participant,Balaghat,Q45,45_Correct,36.0,110.0,32.73
DO,Participant,Barwani,Q45,45_Correct,35.0,104.0,33.65
DO,Participant,Betul,Q45,45_Correct,52.0,130.0,40.0
DO,Participant,Bhind,Q45,45_Correct,19.0,91.0,20.88
DO,Participant,Bhopal,Q45,45_Correct,22.0,57.0,38.6
DO,Participant,Burhanpur,Q45,45_Correct,14.0,29.0,48.28
DO,Participant,Chhatarpur,Q45,45_Correct,49.0,120.0,40.83
DO,Participant,Chhindwara,Q45,45_Correct,60.0,142.0,42.25
DO,Participant,Damoh,Q45,45_Correct,26.0,66.0,39.39
DO,Participant,Datia,Q45,45_Correct,13.0,59.0,22.03
DO,Participant,Dhar,Q45,45_Correct,45.0,166.0,27.11
DO,Participant,Dindori,Q45,45_Correct,26.0,73.0,35.62
DO,Participant,Guna,Q45,45_Correct,35.0,76.0,46.05
DO,Participant,Gwalior,Q45,45_Correct,32.0,90.0,35.56
DO,Participant,Harda,Q45,45_Correct,10.0,39.0,25.64
DO,Participant,Indore,Q45,45_Correct,37.0,76.0,48.68
DO,Participant,Jabalpur,Q45,45_Correct,41.0,91.0,45.05
DO,Participant,Jhabua,Q45,45_Correct,35.0,101.0,34.65
DO,Participant,Katni,Q45,45_Correct,31.0,87.0,35.63
DO,Participant,Khargone,Q45,45_Correct,71.0,160.0,44.38
DO,Participant,Mandla,Q45,45_Correct,56.0,110.0,50.91
DO,Participant,Mandsaur,Q45,45_Correct,37.0,86.0,43.02
DO,Participant,Morena,Q45,45_Correct,34.0,117.0,29.06
DO,Participant,Narmadapuram,Q45,45_Correct,31.0,79.0,39.24
DO,Participant,Narsinghpur,Q45,45_Correct,46.0,87.0,52.87
DO,Participant,Neemuch,Q45,45_Correct,31.0,57.0,54.39
DO,Participant,Niwari,Q45,45_Correct,4.0,31.0,12.9
DO,Participant,Panna,Q45,45_Correct,51.0,103.0,49.51
DO,Participant,Raisen,Q45,45_Correct,52.0,110.0,47.27
DO,Participant,Rajgarh,Q45,45_Correct,42.0,129.0,32.56
DO,Participant,Ratlam,Q45,45_Correct,50.0,114.0,43.86
DO,Participant,Rewa,Q45,45_Correct,45.0,71.0,63.38
DO,Participant,Sagar,Q45,45_Correct,51.0,122.0,41.8
DO,Participant,Satna,Q45,45_Correct,75.0,206.0,36.41
DO,Participant,Seoni,Q45,45_Correct,50.0,122.0,40.98
DO,Participant,Shahdol,Q45,45_Correct,37.0,83.0,44.58
DO,Participant,Shajapur,Q45,45_Correct,22.0,64.0,34.38
DO,Participant,Sheopur,Q45,45_Correct,28.0,50.0,56.0
DO,Participant,Shivpuri,Q45,45_Correct,26.0,116.0,22.41
DO,Participant,Sidhi,Q45,45_Correct,34.0,92.0,36.96
DO,Participant,Singrauli,Q45,45_Correct,8.0,39.0,20.51
DO,Participant,Tikamgarh,Q45,45_Correct,29.0,68.0,42.65
DO,Participant,Ujjain,Q45,45_Correct,46.0,114.0,40.35
DO,Participant,Umaria,Q45,45_Correct,33.0,65.0,50.77
DO,Participant,Vidisha,Q45,45_Correct,61.0,115.0,53.04
DO,Participant,Total,Q45,45_Correct,1751.0,4454.0,39.31
