EmployeeCode,EmployeeName,DistrictName,BlockName,ClusterName,RoleName,DesignationName
AZ8244,Anjali Shrivastava,Agar Malwa,AGAR,"23510804309, GOVT. HSS EXCELL. AGAR",प्रतिभागी,शिक्षक
AZ7759,Shamshad Kureshi,Agar Malwa,AGAR,"23510809705, GOVT. H.S.  BAPCHA . AGAR",प्रतिभागी,शिक्षक
BS6655,Indira Rajora,Agar Malwa,AGAR,"23510809705, GOVT. H.S.  BAPCHA . AGAR",प्रतिभागी,शिक्षक
BU3283,Gayatri Soni,Agar Malwa,AGAR,"23510809705, GOVT. H.S.  BAPCHA . AGAR",प्रतिभागी,शिक्षक
BZ4301,Bhag Chand Dangi,Agar Malwa,AGAR,"23510809705, GOVT. H.S.  BAPCHA . AGAR",प्रतिभागी,शिक्षक
AZ8060,Neelam Verma,Agar Malwa,AGAR,"23510802105, GOVT. HS PALDA AGAR",प्रतिभागी,शिक्षक
AZ8350,Sajjan Singh Rathore,Agar Malwa,AGAR,"23510802105, GOVT. HS PALDA AGAR",प्रतिभागी,शिक्षक
BU2997,Yasmeen Bee,Agar Malwa,AGAR,"23510802105, GOVT. HS PALDA AGAR",प्रतिभागी,शिक्षक
BJ9624,Jagdish Bhilala,Agar Malwa,AGAR,"23510809812, GOVT. H.S.S . GIRLS . AGAR",प्रतिभागी,शिक्षक
BO3510,Lata Srivastav,Agar Malwa,AGAR,"23510809812, GOVT. H.S.S . GIRLS . AGAR",प्रतिभागी,शिक्षक
AZ7882,Dharmendra Singh Rathore,Agar Malwa,AGAR,"23510803114, GOVT. H.S.S. TANODIYA",प्रतिभागी,शिक्षक
AZ8030,Pop Singh,Agar Malwa,AGAR,"23510803114, GOVT. H.S.S. TANODIYA",प्रतिभागी,शिक्षक
AZ8159,Prahlad Singh Rathore,Agar Malwa,AGAR,"23510803114, GOVT. H.S.S. TANODIYA",प्रतिभागी,शिक्षक
BA5374,Nilesh Rathore,Agar Malwa,AGAR,"23510803114, GOVT. H.S.S. TANODIYA",प्रतिभागी,शिक्षक
AZ8196,Devilal Malviya,Agar Malwa,AGAR,"23510804213, GOVT. H.S. PIPLONKALAN",प्रतिभागी,शिक्षक
BA2815,Prabhulal Sharma,Agar Malwa,AGAR,"23510804213, GOVT. H.S. PIPLONKALAN",प्रतिभागी,शिक्षक
CB9277,MUKESH KOTLE,Agar Malwa,AGAR,"23510804213, GOVT. H.S. PIPLONKALAN",प्रतिभागी,शिक्षक
AZ8045,Manoj Sharma,Agar Malwa,AGAR,"23510802703, GIRLS P.S. KANAD",प्रतिभागी,शिक्षक
BO3457,Gokul Prasad Chauhan,Agar Malwa,AGAR,"23510802703, GIRLS P.S. KANAD",प्रतिभागी,शिक्षक
BW8674,Ravi Kumar Solanki,Agar Malwa,AGAR,"23510802719, GOVT. H.S.S . KANAD",प्रतिभागी,शिक्षक
AZ7740,SANDHYA BHATNAGAR,Agar Malwa,BAROD,"23510100203, GOVT. HS JAMLI",प्रतिभागी,शिक्षक
AZ7896,Madanlal Sharma,Agar Malwa,BAROD,"23510100203, GOVT. HS JAMLI",प्रतिभागी,शिक्षक
AZ7929,Jitendra Jain,Agar Malwa,BAROD,"23510100203, GOVT. HS JAMLI",प्रतिभागी,शिक्षक
AZ8131,Satish Upadhyaya,Agar Malwa,BAROD,"23510100203, GOVT. HS JAMLI",प्रतिभागी,शिक्षक
BD9661,Manoj Kumar Bhatnagar,Agar Malwa,BAROD,"23510100203, GOVT. HS JAMLI",प्रतिभागी,शिक्षक
BR4545,Balveer Varma,Agar Malwa,BAROD,"23510100203, GOVT. HS JAMLI",प्रतिभागी,शिक्षक
CA4358,ANANT SHARMA,Agar Malwa,BAROD,"23510100203, GOVT. HS JAMLI",प्रतिभागी,शिक्षक
AZ8955,Naresh Kumar Jain,Agar Malwa,BAROD,"23510108509, GOVT. H. S- SUDWAS",प्रतिभागी,शिक्षक
AZ9072,Narayan Prasad Bhavasar,Agar Malwa,BAROD,"23510111006, GOVT. HS. KHAJURI BAROD",प्रतिभागी,शिक्षक
BZ4630,Hukum Singh Sisodia,Agar Malwa,BAROD,"23510111006, GOVT. HS. KHAJURI BAROD",प्रतिभागी,शिक्षक
BY9087,Man Singh,Agar Malwa,BAROD,"23510110823, GOVT. H.S.S. EXCELL. BAROD",प्रतिभागी,शिक्षक
CD5460,SANTOSH VYAS,Agar Malwa,BAROD,"23510110823, GOVT. H.S.S. EXCELL. BAROD",प्रतिभागी,शिक्षक
AZ8105,Narayan Lal Nagadiya,Agar Malwa,BAROD,"23510104004, GOVT. HSS BIJANAGRI",प्रतिभागी,शिक्षक
AZ8926,Chandrashekhar Sharma,Agar Malwa,BAROD,"23510104004, GOVT. HSS BIJANAGRI",प्रतिभागी,शिक्षक
BA2506,Jagdish Chandra Dangi,Agar Malwa,BAROD,"23510104004, GOVT. HSS BIJANAGRI",प्रतिभागी,शिक्षक
CA8517,RIZWAN KHAN,Agar Malwa,BAROD,"23510104004, GOVT. HSS BIJANAGRI",प्रतिभागी,शिक्षक
AZ7864,Kavita Soni,Agar Malwa,BAROD,"23510105404, GOVT. HS AMBADEV",प्रतिभागी,शिक्षक
AZ8141,Bhagwati Bagwan,Agar Malwa,BAROD,"23510105404, GOVT. HS AMBADEV",प्रतिभागी,सीएसी
BX7265,Jyoti Gupta,Agar Malwa,BAROD,"23510105404, GOVT. HS AMBADEV",प्रतिभागी,शिक्षक
BX7332,Sajjan Singh Gujar,Agar Malwa,BAROD,"23510105404, GOVT. HS AMBADEV",प्रतिभागी,सीएसी
BY9626,Pirulal Jaadame,Agar Malwa,BAROD,"23510105404, GOVT. HS AMBADEV",प्रतिभागी,शिक्षक
AZ8998,Suresh Kumar Yogi,Agar Malwa,BAROD,"23510110822, GOVT. H.S.S. GIRLS . BAROD",प्रतिभागी,शिक्षक
AZ9129,Pankaj Kumar Jain,Agar Malwa,BAROD,"23510110822, GOVT. H.S.S. GIRLS . BAROD",प्रतिभागी,शिक्षक
BA1302,Sonam Jain,Agar Malwa,BAROD,"23510110822, GOVT. H.S.S. GIRLS . BAROD",प्रतिभागी,शिक्षक
BA2088,Vallabh Prasad Patidar,Agar Malwa,NALKHEDA,"23510202128, GOVT. H.S.S. EXCEL. NALKHEDA",प्रतिभागी,शिक्षक
BA2147,Arti Soni,Agar Malwa,NALKHEDA,"23510202128, GOVT. H.S.S. EXCEL. NALKHEDA",प्रतिभागी,शिक्षक
BA2211,Ashok Kumar Nagar,Agar Malwa,NALKHEDA,"23510202128, GOVT. H.S.S. EXCEL. NALKHEDA",प्रतिभागी,शिक्षक
BA2214,Kamlesh Tiwari,Agar Malwa,NALKHEDA,"23510202128, GOVT. H.S.S. EXCEL. NALKHEDA",प्रतिभागी,शिक्षक
BV9556,Nayan Singh Sondiya,Agar Malwa,NALKHEDA,"23510202128, GOVT. H.S.S. EXCEL. NALKHEDA",प्रतिभागी,शिक्षक
CD1825,VISHAL JAIN,Agar Malwa,NALKHEDA,"23510202128, GOVT. H.S.S. EXCEL. NALKHEDA",प्रतिभागी,शिक्षक
AZ8303,Mahesh Kumar Soni,Agar Malwa,NALKHEDA,"23510202127, GOVT. H.S.S. GIRLS . NALKHEDA",प्रतिभागी,शिक्षक
AZ9125,Yusuf Mohammad,Agar Malwa,NALKHEDA,"23510202127, GOVT. H.S.S. GIRLS . NALKHEDA",प्रतिभागी,शिक्षक
BT2714,Radheshyam Gurjar,Agar Malwa,NALKHEDA,"23510202127, GOVT. H.S.S. GIRLS . NALKHEDA",प्रतिभागी,शिक्षक
BA1719,Mohanlal Patidar,Agar Malwa,NALKHEDA,"23510200207, GOVT. H.S.S. SUIGAON",प्रतिभागी,शिक्षक
BA2093,Narayan Singh Songara,Agar Malwa,NALKHEDA,"23510200207, GOVT. H.S.S. SUIGAON",प्रतिभागी,शिक्षक
BA2106,Pramod Carpenter,Agar Malwa,NALKHEDA,"23510200207, GOVT. H.S.S. SUIGAON",प्रतिभागी,शिक्षक
BA2315,Mahesh Chand Patidar,Agar Malwa,NALKHEDA,"23510200207, GOVT. H.S.S. SUIGAON",प्रतिभागी,शिक्षक
BA5091,Saroj Jain,Agar Malwa,NALKHEDA,"23510200207, GOVT. H.S.S. SUIGAON",प्रतिभागी,शिक्षक
BZ1821,Ramesh Chand Mali,Agar Malwa,NALKHEDA,"23510200207, GOVT. H.S.S. SUIGAON",प्रतिभागी,शिक्षक
AU3437,Mukesh Patidar,Agar Malwa,NALKHEDA,"23510204106, GOVT. H.S. PILWAS",प्रतिभागी,शिक्षक
BA2095,Govind Kher,Agar Malwa,NALKHEDA,"23510204106, GOVT. H.S. PILWAS",प्रतिभागी,शिक्षक
BA2393,Mukesh Kumar Patidar,Agar Malwa,NALKHEDA,"23510204106, GOVT. H.S. PILWAS",प्रतिभागी,शिक्षक
BA2509,Sh. Badrilal Chouhan,Agar Malwa,NALKHEDA,"23510204106, GOVT. H.S. PILWAS",प्रतिभागी,शिक्षक
BA2270,Radheshyam Bhilala,Agar Malwa,NALKHEDA,"23510205709, GOVT. H.S.S.BADAGAON",प्रतिभागी,शिक्षक
BA2332,Kalusingh Pejwal,Agar Malwa,NALKHEDA,"23510205709, GOVT. H.S.S.BADAGAON",प्रतिभागी,शिक्षक
BA2338,Omprakash Tiwari,Agar Malwa,NALKHEDA,"23510205709, GOVT. H.S.S.BADAGAON",प्रतिभागी,शिक्षक
BA2356,Ram Lal Parmar,Agar Malwa,NALKHEDA,"23510205709, GOVT. H.S.S.BADAGAON",प्रतिभागी,शिक्षक
BA2363,Rajendra Soni,Agar Malwa,NALKHEDA,"23510205709, GOVT. H.S.S.BADAGAON",प्रतिभागी,शिक्षक
BA2434,Pannalal Verma,Agar Malwa,NALKHEDA,"23510205709, GOVT. H.S.S.BADAGAON",प्रतिभागी,शिक्षक
BX5343,Purusottam Begana,Agar Malwa,NALKHEDA,"23510205709, GOVT. H.S.S.BADAGAON",प्रतिभागी,शिक्षक
CB7620,BRAJESH BHILALA,Agar Malwa,NALKHEDA,"23510205709, GOVT. H.S.S.BADAGAON",प्रतिभागी,शिक्षक
CD5491,NAMRATA MANDAL,Agar Malwa,NALKHEDA,"23510205709, GOVT. H.S.S.BADAGAON",प्रतिभागी,शिक्षक
BA5010,Gunmala Jain,Agar Malwa,SUSNER,"23510300126, GOVT. H.S.S. GIRLS . SUSNER",प्रतिभागी,शिक्षक
BA5085,Asha Aosara,Agar Malwa,SUSNER,"23510300126, GOVT. H.S.S. GIRLS . SUSNER",प्रतिभागी,शिक्षक
BQ7273,Brajesh Patidar,Agar Malwa,SUSNER,"23510300126, GOVT. H.S.S. GIRLS . SUSNER",प्रतिभागी,शिक्षक
BS6731,Shudhatma Jain,Agar Malwa,SUSNER,"23510300126, GOVT. H.S.S. GIRLS . SUSNER",प्रतिभागी,शिक्षक
BW3548,Bhoopendra Singh Jhala,Agar Malwa,SUSNER,"23510300126, GOVT. H.S.S. GIRLS . SUSNER",प्रतिभागी,शिक्षक
BZ6890,Rambabu Dangi,Agar Malwa,SUSNER,"23510300126, GOVT. H.S.S. GIRLS . SUSNER",प्रतिभागी,शिक्षक
AU4618,Kanhaiyalal Sharma,Agar Malwa,SUSNER,"23510308109, GOVT. H.S.S. DONGARGAON",प्रतिभागी,शिक्षक
BA4728,Ishaq Mohammad Mansuri,Agar Malwa,SUSNER,"23510308109, GOVT. H.S.S. DONGARGAON",प्रतिभागी,शिक्षक
BA4753,Kailash Chandra Dangi,Agar Malwa,SUSNER,"23510308109, GOVT. H.S.S. DONGARGAON",प्रतिभागी,शिक्षक
BA4969,Ramesh Chand Dangi,Agar Malwa,SUSNER,"23510308109, GOVT. H.S.S. DONGARGAON",प्रतिभागी,शिक्षक
BA4700,Mohanlal Gurjar,Agar Malwa,SUSNER,"23510301403, GOVT HS DEHRIYA SOYAT",प्रतिभागी,शिक्षक
BO3595,Shivshanker Nai,Agar Malwa,SUSNER,"23510301403, GOVT HS DEHRIYA SOYAT",प्रतिभागी,शिक्षक
BU3271,Ram Bilas Patidar,Agar Malwa,SUSNER,"23510301403, GOVT HS DEHRIYA SOYAT",प्रतिभागी,शिक्षक
AZ7900,Shivnarayan Kadra,Agar Malwa,SUSNER,"23510300414, GOVT. H.S.S.MODI",प्रतिभागी,सीएसी
AZ9112,Balakrishn Bansiya,Agar Malwa,SUSNER,"23510300414, GOVT. H.S.S.MODI",प्रतिभागी,शिक्षक
AZ9181,Babulal Bansiya,Agar Malwa,SUSNER,"23510300414, GOVT. H.S.S.MODI",प्रतिभागी,शिक्षक
BW9004,RAMBABU DANGI,Agar Malwa,SUSNER,"23510300414, GOVT. H.S.S.MODI",प्रतिभागी,शिक्षक
BX7269,Pavan Singh Chouhan,Agar Malwa,SUSNER,"23510300414, GOVT. H.S.S.MODI",प्रतिभागी,शिक्षक
AZ7781,Babulal Sharma,Agar Malwa,SUSNER,"23510310421, GOVT. H.S.S.. SOYATKALAN",प्रतिभागी,शिक्षक
BA2339,Ramchandra Mina,Agar Malwa,SUSNER,"23510310421, GOVT. H.S.S.. SOYATKALAN",प्रतिभागी,शिक्षक
BA4676,Laxmi Narayan Rathore,Agar Malwa,SUSNER,"23510310421, GOVT. H.S.S.. SOYATKALAN",प्रतिभागी,शिक्षक
BA4986,Siddhu Singh Songara,Agar Malwa,SUSNER,"23510310421, GOVT. H.S.S.. SOYATKALAN",प्रतिभागी,शिक्षक
BA5096,Balchand Atodia,Agar Malwa,SUSNER,"23510310421, GOVT. H.S.S.. SOYATKALAN",प्रतिभागी,शिक्षक
BT2703,Pavan Kumar Aacharya,Agar Malwa,SUSNER,"23510310421, GOVT. H.S.S.. SOYATKALAN",प्रतिभागी,शिक्षक
BV6047,Bhupendra Singh Jhala,Agar Malwa,SUSNER,"23510310421, GOVT. H.S.S.. SOYATKALAN",प्रतिभागी,शिक्षक
BY8881,Kamlesh Kushwah,Agar Malwa,SUSNER,"23510310421, GOVT. H.S.S.. SOYATKALAN",प्रतिभागी,शिक्षक
CB8180,PUNIT BHATI,Agar Malwa,SUSNER,"23510310421, GOVT. H.S.S.. SOYATKALAN",प्रतिभागी,शिक्षक
BA2394,Ramesh Chandra Samrawat,Agar Malwa,SUSNER,"23510300125, GOVT. H.S.S.EXCELL. SUSNER",प्रतिभागी,शिक्षक
BA5025,Sangita Jain,Agar Malwa,SUSNER,"23510300125, GOVT. H.S.S.EXCELL. SUSNER",प्रतिभागी,शिक्षक
BA5040,Satish Kumar,Agar Malwa,SUSNER,"23510300125, GOVT. H.S.S.EXCELL. SUSNER",प्रतिभागी,शिक्षक
BA5217,Jagdish Bhil,Agar Malwa,SUSNER,"23510300125, GOVT. H.S.S.EXCELL. SUSNER",प्रतिभागी,शिक्षक
BA5218,Ramnaryan Bhilala,Agar Malwa,SUSNER,"23510300125, GOVT. H.S.S.EXCELL. SUSNER",प्रतिभागी,शिक्षक
BT5905,Prem Chand Mehar,Agar Malwa,SUSNER,"23510300125, GOVT. H.S.S.EXCELL. SUSNER",प्रतिभागी,शिक्षक
AM5398,Ramlal Makwana,Alirajpur,ALIRAJPUR,"23490204011, GOVT. H.S.S. ALIRAJPUR(BUS STAND)",प्रतिभागी,शिक्षक
BJ6106,Vyanktesh Murthy,Alirajpur,ALIRAJPUR,"23490204011, GOVT. H.S.S. ALIRAJPUR(BUS STAND)",प्रतिभागी,शिक्षक
BK5054,Sangita Vaghela,Alirajpur,ALIRAJPUR,"23490204011, GOVT. H.S.S. ALIRAJPUR(BUS STAND)",प्रतिभागी,शिक्षक
BK9585,Ramsingh Chouhan,Alirajpur,ALIRAJPUR,"23490204011, GOVT. H.S.S. ALIRAJPUR(BUS STAND)",प्रतिभागी,शिक्षक
BK9608,Lalsingh Rawat,Alirajpur,ALIRAJPUR,"23490204011, GOVT. H.S.S. ALIRAJPUR(BUS STAND)",प्रतिभागी,शिक्षक
BK9612,Malsingh Rawat,Alirajpur,ALIRAJPUR,"23490204011, GOVT. H.S.S. ALIRAJPUR(BUS STAND)",प्रतिभागी,शिक्षक
BK9629,Ramesh Rawat,Alirajpur,ALIRAJPUR,"23490204011, GOVT. H.S.S. ALIRAJPUR(BUS STAND)",प्रतिभागी,शिक्षक
BO7789,Aruna Panwar,Alirajpur,ALIRAJPUR,"23490204011, GOVT. H.S.S. ALIRAJPUR(BUS STAND)",प्रतिभागी,शिक्षक
BJ5234,Kailash Chandra Verma,Alirajpur,ALIRAJPUR,"23490209122, GOVT.  H.S.S. NANPUR",प्रतिभागी,शिक्षक
BK4829,Chandar Singh Solanki,Alirajpur,ALIRAJPUR,"23490209122, GOVT.  H.S.S. NANPUR",प्रतिभागी,शिक्षक
BK5741,Jagdish Aske,Alirajpur,ALIRAJPUR,"23490209122, GOVT.  H.S.S. NANPUR",प्रतिभागी,शिक्षक
BM4773,Bhim Singh Nigawal,Alirajpur,ALIRAJPUR,"23490209122, GOVT.  H.S.S. NANPUR",प्रतिभागी,शिक्षक
BO6041,Ajmersingh Tagor,Alirajpur,ALIRAJPUR,"23490209122, GOVT.  H.S.S. NANPUR",प्रतिभागी,शिक्षक
BT4323,Surendra Singh Chouhan,Alirajpur,ALIRAJPUR,"23490209122, GOVT.  H.S.S. NANPUR",प्रतिभागी,शिक्षक
BJ4745,Sunita Dawar,Alirajpur,ALIRAJPUR,"23490213402, GOVT. H.S. CHICHALGURA",प्रतिभागी,शिक्षक
BK4849,Sardarsingh Gavle,Alirajpur,ALIRAJPUR,"23490213402, GOVT. H.S. CHICHALGURA",प्रतिभागी,शिक्षक
BK5424,Reena Parihar,Alirajpur,ALIRAJPUR,"23490213402, GOVT. H.S. CHICHALGURA",प्रतिभागी,शिक्षक
BO5973,Sangita Rathore,Alirajpur,ALIRAJPUR,"23490213402, GOVT. H.S. CHICHALGURA",प्रतिभागी,शिक्षक
BR9622,Chandresh Vaghela,Alirajpur,ALIRAJPUR,"23490213402, GOVT. H.S. CHICHALGURA",प्रतिभागी,शिक्षक
BJ2413,Nawal Singh Jamra,Alirajpur,ALIRAJPUR,"23490207407, GOVT. H.S.S. BADI",प्रतिभागी,शिक्षक
BJ7268,Sangeeta Mori,Alirajpur,ALIRAJPUR,"23490207407, GOVT. H.S.S. BADI",प्रतिभागी,शिक्षक
BK4729,SMT- ARTI Chouhan,Alirajpur,ALIRAJPUR,"23490207407, GOVT. H.S.S. BADI",प्रतिभागी,शिक्षक
BK4731,Sena Rawat,Alirajpur,ALIRAJPUR,"23490207407, GOVT. H.S.S. BADI",प्रतिभागी,शिक्षक
BK4750,Praveen Kolee,Alirajpur,ALIRAJPUR,"23490207407, GOVT. H.S.S. BADI",प्रतिभागी,शिक्षक
BK4756,Meera Chouhan,Alirajpur,ALIRAJPUR,"23490207407, GOVT. H.S.S. BADI",प्रतिभागी,शिक्षक
BK4811,Narusingh Chohan,Alirajpur,ALIRAJPUR,"23490202111, GOVT. H.S. AJANDA",प्रतिभागी,शिक्षक
BK9627,Sardarsingh Solanki,Alirajpur,ALIRAJPUR,"23490202111, GOVT. H.S. AJANDA",प्रतिभागी,सीएसी
BK4814,Sanjay Kanesh,Alirajpur,ALIRAJPUR,"23490202608, GOVT. H.S. AMBARI",प्रतिभागी,शिक्षक
BK4816,Setansingh Bhavar,Alirajpur,ALIRAJPUR,"23490204013, GOVT. H.S.S. ALIRAJPUR(BAHARPURA)",प्रतिभागी,शिक्षक
BS7344,Sapna Baghel,Alirajpur,ALIRAJPUR,"23490204013, GOVT. H.S.S. ALIRAJPUR(BAHARPURA)",प्रतिभागी,शिक्षक
BT4267,Premlata Mahawar,Alirajpur,ALIRAJPUR,"23490204013, GOVT. H.S.S. ALIRAJPUR(BAHARPURA)",प्रतिभागी,शिक्षक
BJ1919,Kalusingh Chouhan,Alirajpur,ALIRAJPUR,"23490210708, GOVT. H.S. KHARKUA",प्रतिभागी,शिक्षक
BK4815,Dineshchandra Rathore,Alirajpur,ALIRAJPUR,"23490210708, GOVT. H.S. KHARKUA",प्रतिभागी,शिक्षक
BK4854,Vandana Kirad,Alirajpur,ALIRAJPUR,"23490210708, GOVT. H.S. KHARKUA",प्रतिभागी,शिक्षक
BK4927,Khumsingh Solanki,Alirajpur,ALIRAJPUR,"23490210708, GOVT. H.S. KHARKUA",प्रतिभागी,शिक्षक
BK4953,PREETIBALA DAWAR,Alirajpur,ALIRAJPUR,"23490210708, GOVT. H.S. KHARKUA",प्रतिभागी,शिक्षक
BK4962,Mamta Rathore,Alirajpur,ALIRAJPUR,"23490210708, GOVT. H.S. KHARKUA",प्रतिभागी,शिक्षक
BK8714,Chainsingh Mandloi,Alirajpur,ALIRAJPUR,"23490210708, GOVT. H.S. KHARKUA",प्रतिभागी,शिक्षक
BM4796,Savalsingh Chouhan,Alirajpur,ALIRAJPUR,"23490210708, GOVT. H.S. KHARKUA",प्रतिभागी,शिक्षक
BM4803,Saradarsingh Kannoj,Alirajpur,ALIRAJPUR,"23490210708, GOVT. H.S. KHARKUA",प्रतिभागी,शिक्षक
BN9923,Raju Baghel,Alirajpur,ALIRAJPUR,"23490210708, GOVT. H.S. KHARKUA",प्रतिभागी,शिक्षक
BO7793,Rakesh Rathore,Alirajpur,ALIRAJPUR,"23490210708, GOVT. H.S. KHARKUA",प्रतिभागी,शिक्षक
BO7797,Bheru Singh Baghel,Alirajpur,ALIRAJPUR,"23490210708, GOVT. H.S. KHARKUA",प्रतिभागी,शिक्षक
BP5591,Vesta Dudve,Alirajpur,ALIRAJPUR,"23490210708, GOVT. H.S. KHARKUA",प्रतिभागी,शिक्षक
BT4261,Magan Bhinde,Alirajpur,ALIRAJPUR,"23490210708, GOVT. H.S. KHARKUA",प्रतिभागी,शिक्षक
BT4325,Ghanshyam Rathore,Alirajpur,ALIRAJPUR,"23490210708, GOVT. H.S. KHARKUA",प्रतिभागी,शिक्षक
BT7979,Sharda Chouhan,Alirajpur,ALIRAJPUR,"23490210708, GOVT. H.S. KHARKUA",प्रतिभागी,शिक्षक
BK4947,Sangita Kanesh,Alirajpur,ALIRAJPUR,"23490202112, GOVT. H.SS.. LAXMANI",प्रतिभागी,शिक्षक
BK4956,Barma Bhinde,Alirajpur,ALIRAJPUR,"23490202112, GOVT. H.SS.. LAXMANI",प्रतिभागी,शिक्षक
BK9610,Vijaylaxmi Modi,Alirajpur,ALIRAJPUR,"23490202112, GOVT. H.SS.. LAXMANI",प्रतिभागी,शिक्षक
BM4775,Kishan Singh Chouhan,Alirajpur,ALIRAJPUR,"23490202112, GOVT. H.SS.. LAXMANI",प्रतिभागी,शिक्षक
BN8725,seema parmar,Alirajpur,ALIRAJPUR,"23490202112, GOVT. H.SS.. LAXMANI",प्रतिभागी,शिक्षक
BO5866,Sushma Tomar,Alirajpur,ALIRAJPUR,"23490202112, GOVT. H.SS.. LAXMANI",प्रतिभागी,शिक्षक
BT6501,Narpat Dawar,Alirajpur,ALIRAJPUR,"23490202112, GOVT. H.SS.. LAXMANI",प्रतिभागी,शिक्षक
CC6297,AARTI SHAH,Alirajpur,ALIRAJPUR,"23490202112, GOVT. H.SS.. LAXMANI",प्रतिभागी,शिक्षक
CC6484,SANJAY CHOUHAN,Alirajpur,ALIRAJPUR,"23490202112, GOVT. H.SS.. LAXMANI",प्रतिभागी,शिक्षक
CC6886,GANESH BAGHEL,Alirajpur,ALIRAJPUR,"23490202112, GOVT. H.SS.. LAXMANI",प्रतिभागी,शिक्षक
AG1455,CHHEETRA CHOUHAN,Alirajpur,ALIRAJPUR,"23490202609, GOVT. H.S. THODSINDHI",प्रतिभागी,शिक्षक
BK9611,Barda Chouhan,Alirajpur,ALIRAJPUR,"23490202609, GOVT. H.S. THODSINDHI",प्रतिभागी,शिक्षक
AJ5272,Nirmala Bhatiya,Alirajpur,ALIRAJPUR,"23490207915, GOVT. H.S.S. AMBUA",प्रतिभागी,शिक्षक
BK4752,Bhikansingh Mandloi,Alirajpur,ALIRAJPUR,"23490207915, GOVT. H.S.S. AMBUA",प्रतिभागी,शिक्षक
BK4770,Geeta Mandloi,Alirajpur,ALIRAJPUR,"23490207915, GOVT. H.S.S. AMBUA",प्रतिभागी,शिक्षक
BK4824,Sardar Singh Chouhan,Alirajpur,ALIRAJPUR,"23490207915, GOVT. H.S.S. AMBUA",प्रतिभागी,शिक्षक
BK4922,Ramila Chouhan,Alirajpur,ALIRAJPUR,"23490204805, GOVT. H.S.S. BORKHAR ( 1 TO 12)",प्रतिभागी,शिक्षक
BK9578,Maya Tomar,Alirajpur,ALIRAJPUR,"23490204805, GOVT. H.S.S. BORKHAR ( 1 TO 12)",प्रतिभागी,शिक्षक
BK9593,Kavita Tawar,Alirajpur,ALIRAJPUR,"23490204805, GOVT. H.S.S. BORKHAR ( 1 TO 12)",प्रतिभागी,शिक्षक
BN4302,Mukam Chouhan,Alirajpur,ALIRAJPUR,"23490204805, GOVT. H.S.S. BORKHAR ( 1 TO 12)",प्रतिभागी,शिक्षक
BO6039,BABITA SOLANKI,Alirajpur,ALIRAJPUR,"23490204805, GOVT. H.S.S. BORKHAR ( 1 TO 12)",प्रतिभागी,शिक्षक
BK4971,Sunita Choungad,Alirajpur,ALIRAJPUR,"23490209121, GOVT. H.S.S NANPUR",प्रतिभागी,शिक्षक
BO9738,Reena Mujhalda,Alirajpur,ALIRAJPUR,"23490209121, GOVT. H.S.S NANPUR",प्रतिभागी,शिक्षक
BU8981,Bhupendra Jadhav,Alirajpur,ALIRAJPUR,"23490209121, GOVT. H.S.S NANPUR",प्रतिभागी,शिक्षक
BJ4542,Shashindra Bariya,Alirajpur,BHABARA,"23490705328, GOVT. EXCE. H.S.S. BHABRA",प्रतिभागी,शिक्षक
BJ4547,Sardarsingh Bhanvar,Alirajpur,BHABARA,"23490705328, GOVT. EXCE. H.S.S. BHABRA",प्रतिभागी,शिक्षक
BJ4552,Ramkha Rawat,Alirajpur,BHABARA,"23490705328, GOVT. EXCE. H.S.S. BHABRA",प्रतिभागी,शिक्षक
CC6480,NARENDRA SINGH AJNAR,Alirajpur,BHABARA,"23490705328, GOVT. EXCE. H.S.S. BHABRA",प्रतिभागी,शिक्षक
BJ4540,Mamta Vani,Alirajpur,BHABARA,"23490705326, GOVT. H.S.S. BHABRA",प्रतिभागी,शिक्षक
BJ4889,Kamalsingh Mavi,Alirajpur,BHABARA,"23490705326, GOVT. H.S.S. BHABRA",प्रतिभागी,शिक्षक
BJ6400,Sheela Chouhan,Alirajpur,BHABARA,"23490705326, GOVT. H.S.S. BHABRA",प्रतिभागी,शिक्षक
BJ6430,Sardarsingh Chouhan,Alirajpur,BHABARA,"23490705326, GOVT. H.S.S. BHABRA",प्रतिभागी,शिक्षक
BN9671,Rajesh Hihor,Alirajpur,BHABARA,"23490705326, GOVT. H.S.S. BHABRA",प्रतिभागी,शिक्षक
BO6025,Rajeshwari Rawat,Alirajpur,BHABARA,"23490705326, GOVT. H.S.S. BHABRA",प्रतिभागी,शिक्षक
BV1131,Sushma Bariya,Alirajpur,BHABARA,"23490705326, GOVT. H.S.S. BHABRA",प्रतिभागी,शिक्षक
BJ4666,Kalusingh Chouhan,Alirajpur,BHABARA,"23490705025, GOVT. GIRLS H.S. BARJHAR",प्रतिभागी,शिक्षक
BJ4960,Dalsingh Chouhan,Alirajpur,BHABARA,"23490705025, GOVT. GIRLS H.S. BARJHAR",प्रतिभागी,शिक्षक
BJ4611,Dalsingh Baghel,Alirajpur,BHABARA,"23490700213, GOVT. H.S. BARAKHUTAJA",प्रतिभागी,शिक्षक
BJ4478,Kamlavati Badgotya,Alirajpur,BHABARA,"23490705327, GOVT. H.S. BHURAGHATA",प्रतिभागी,शिक्षक
BJ4487,Anita Vasava,Alirajpur,BHABARA,"23490705327, GOVT. H.S. BHURAGHATA",प्रतिभागी,शिक्षक
BJ4763,Shantilal Vaskel,Alirajpur,BHABARA,"23490705327, GOVT. H.S. BHURAGHATA",प्रतिभागी,शिक्षक
BJ4881,Navalsingh Nalvaya,Alirajpur,BHABARA,"23490700807, GOVT. H.S. DEVLI",प्रतिभागी,शिक्षक
BJ4491,Aarti Jain,Alirajpur,BHABARA,"23490702912, GOVT. H.S.S. SEJAWARA",प्रतिभागी,शिक्षक
BJ4396,Vesta Avasiya,Alirajpur,BHABARA,"23490702010, GOVT. H.S.S. JHIRAN",प्रतिभागी,शिक्षक
BT6339,Reeta Bhuriya,Alirajpur,BHABARA,"23490702010, GOVT. H.S.S. JHIRAN",प्रतिभागी,शिक्षक
CE7579,MANORAMA KOURAV,Alirajpur,BHABARA,"23490702010, GOVT. H.S.S. JHIRAN",प्रतिभागी,शिक्षक
BJ4924,Jeklina Parmar,Alirajpur,JOBAT,"23490101535, GOVT. EXCE. H.S.S. JOBAT",प्रतिभागी,शिक्षक
BK5436,Sanjula Dawar,Alirajpur,JOBAT,"23490101535, GOVT. EXCE. H.S.S. JOBAT",प्रतिभागी,शिक्षक
BK5447,Keshar Ajnar,Alirajpur,JOBAT,"23490101535, GOVT. EXCE. H.S.S. JOBAT",प्रतिभागी,शिक्षक
BK5466,Gaytri Gundiya,Alirajpur,JOBAT,"23490101535, GOVT. EXCE. H.S.S. JOBAT",प्रतिभागी,शिक्षक
BN8789,Pankaj Mourya,Alirajpur,JOBAT,"23490101535, GOVT. EXCE. H.S.S. JOBAT",प्रतिभागी,शिक्षक
BP3065,Thawala Dawar,Alirajpur,JOBAT,"23490101535, GOVT. EXCE. H.S.S. JOBAT",प्रतिभागी,शिक्षक
CF2134,POOJA PAL,Alirajpur,JOBAT,"23490101535, GOVT. EXCE. H.S.S. JOBAT",प्रतिभागी,शिक्षक
BK5497,Jagdish Chandra Gawali,Alirajpur,JOBAT,"23490101536, GOVT. GIRLS H.S.S. JOBAT",प्रतिभागी,शिक्षक
BO7890,Ramsingh Chouhan,Alirajpur,JOBAT,"23490101536, GOVT. GIRLS H.S.S. JOBAT",प्रतिभागी,शिक्षक
CC6171,MUKESH RAWAT,Alirajpur,JOBAT,"23490101536, GOVT. GIRLS H.S.S. JOBAT",प्रतिभागी,शिक्षक
BO7444,Sandeep Baghel,Alirajpur,JOBAT,"23490103208, GOVT. HSS DABDI",प्रतिभागी,शिक्षक
BO7965,Chatarsingh Baghel,Alirajpur,JOBAT,"23490103208, GOVT. HSS DABDI",प्रतिभागी,शिक्षक
BJ2264,Chandar Singh Dawar,Alirajpur,JOBAT,"23490107605, GOVT. H.S. THAPLI",प्रतिभागी,शिक्षक
BJ6168,Feeroj Khan,Alirajpur,JOBAT,"23490107605, GOVT. H.S. THAPLI",प्रतिभागी,शिक्षक
BJ2310,Pratap Singh Solanki,Alirajpur,JOBAT,"23490106511, GOVT. H.S. KANWARA",प्रतिभागी,शिक्षक
BJ2344,Bhuwansingh Rawat,Alirajpur,JOBAT,"23490106511, GOVT. H.S. KANWARA",प्रतिभागी,शिक्षक
BJ2943,Lalsingh Dawar,Alirajpur,JOBAT,"23490106511, GOVT. H.S. KANWARA",प्रतिभागी,शिक्षक
BJ3135,Chandarsingh Dharve,Alirajpur,JOBAT,"23490106511, GOVT. H.S. KANWARA",प्रतिभागी,शिक्षक
BJ5428,Ganpatsingh Moray,Alirajpur,JOBAT,"23490106511, GOVT. H.S. KANWARA",प्रतिभागी,शिक्षक
BM4799,KUSUM MAURYA,Alirajpur,JOBAT,"23490106511, GOVT. H.S. KANWARA",प्रतिभागी,शिक्षक
BN5339,Than Singh Bhaidiya,Alirajpur,JOBAT,"23490106511, GOVT. H.S. KANWARA",प्रतिभागी,शिक्षक
BN8775,Ida Sinhg Chouhan,Alirajpur,JOBAT,"23490106511, GOVT. H.S. KANWARA",प्रतिभागी,शिक्षक
BN9685,Malsingh Tegor,Alirajpur,JOBAT,"23490106511, GOVT. H.S. KANWARA",प्रतिभागी,शिक्षक
CC2799,NARSINGH RAJPOOT,Alirajpur,JOBAT,"23490106511, GOVT. H.S. KANWARA",प्रतिभागी,शिक्षक
CC6071,SANJAY RAWAT,Alirajpur,JOBAT,"23490106511, GOVT. H.S. KANWARA",प्रतिभागी,शिक्षक
BJ5613,Sunil Kumar Malviya,Alirajpur,JOBAT,"23490108903, GOVT. H.S. NEHATARA",प्रतिभागी,शिक्षक
BK6374,Kla Baghel,Alirajpur,JOBAT,"23490108903, GOVT. H.S. NEHATARA",प्रतिभागी,शिक्षक
BN8839,Onkar Singh Kanesh,Alirajpur,JOBAT,"23490108903, GOVT. H.S. NEHATARA",प्रतिभागी,शिक्षक
CC4725,VINOD PATELIYA,Alirajpur,JOBAT,"23490108903, GOVT. H.S. NEHATARA",प्रतिभागी,शिक्षक
BJ6427,Sandeep Patil,Alirajpur,JOBAT,"23490103411, GOVT. H.S. UBALAD",प्रतिभागी,शिक्षक
BK5438,Sajjansingh Chuohan,Alirajpur,JOBAT,"23490103411, GOVT. H.S. UBALAD",प्रतिभागी,शिक्षक
BP3050,Keramsingh Dudve,Alirajpur,JOBAT,"23490103411, GOVT. H.S. UBALAD",प्रतिभागी,शिक्षक
BT2305,Jitendra Singh Chouhan,Alirajpur,JOBAT,"23490103411, GOVT. H.S. UBALAD",प्रतिभागी,शिक्षक
BT4314,Sachin Add,Alirajpur,JOBAT,"23490103411, GOVT. H.S. UBALAD",प्रतिभागी,शिक्षक
CC3386,SACHIN MORYA,Alirajpur,JOBAT,"23490103411, GOVT. H.S. UBALAD",प्रतिभागी,शिक्षक
BK5490,Pramod Sharma,Alirajpur,JOBAT,"23490139604, GOVT. H.S.S. KHATTALI",प्रतिभागी,शिक्षक
BN8783,Geeta Guthriya,Alirajpur,JOBAT,"23490139604, GOVT. H.S.S. KHATTALI",प्रतिभागी,शिक्षक
BN9712,Jalamsingh Harwal,Alirajpur,JOBAT,"23490139604, GOVT. H.S.S. KHATTALI",प्रतिभागी,शिक्षक
BO7877,Bahadursingh Guthriya,Alirajpur,JOBAT,"23490139604, GOVT. H.S.S. KHATTALI",प्रतिभागी,शिक्षक
BS1302,Shivraj Dawar,Alirajpur,JOBAT,"23490139604, GOVT. H.S.S. KHATTALI",प्रतिभागी,शिक्षक
BO5851,JITENDRA TAWLI,Alirajpur,KATTHIWARA,"23490300106, GOVT. H.S.S PHOOLMAL",प्रतिभागी,शिक्षक
BQ9709,Ramesh Dawar,Alirajpur,KATTHIWARA,"23490300106, GOVT. H.S.S PHOOLMAL",प्रतिभागी,शिक्षक
BJ4509,Dina Dawar,Alirajpur,KATTHIWARA,"23490303212, GOVT. H.S.S. AMKHUT",प्रतिभागी,शिक्षक
BJ3820,Norsingh Mehda,Alirajpur,KATTHIWARA,"23490311409, GOVT. H.S.S. CHANDPUR",प्रतिभागी,शिक्षक
BN8699,Rekha Gupta,Alirajpur,KATTHIWARA,"23490311409, GOVT. H.S.S. CHANDPUR",प्रतिभागी,शिक्षक
BO5883,Dhansingh Chouhan,Alirajpur,KATTHIWARA,"23490311409, GOVT. H.S.S. CHANDPUR",प्रतिभागी,शिक्षक
BJ6538,Arjun Singh Jadav,Alirajpur,KATTHIWARA,"23490304617, GOVT. EXCE. H.S.S. KATTHIWARA",प्रतिभागी,शिक्षक
CC6070,MADHURI DOHARE,Alirajpur,KATTHIWARA,"23490307901, HS   AMBADABERI",प्रतिभागी,शिक्षक
BJ6362,Savita Tomar,Alirajpur,KATTHIWARA,"23490306906, GOVT. H.S. DHYANA",प्रतिभागी,शिक्षक
BJ6539,Antar Dudva,Alirajpur,KATTHIWARA,"23490306906, GOVT. H.S. DHYANA",प्रतिभागी,शिक्षक
BJ6545,Kalawati Tomar,Alirajpur,KATTHIWARA,"23490306906, GOVT. H.S. DHYANA",प्रतिभागी,शिक्षक
BJ1848,Anarsingh Kharat,Alirajpur,SONDWA,"23490600107, GOVT. H.S. KULWAT",प्रतिभागी,शिक्षक
BJ6380,Turli Bondad,Alirajpur,SONDWA,"23490600107, GOVT. H.S. KULWAT",प्रतिभागी,शिक्षक
BL8801,Dhansingh Chamelka,Alirajpur,SONDWA,"23490600107, GOVT. H.S. KULWAT",प्रतिभागी,शिक्षक
BL8832,Sabalsingh Kanasya,Alirajpur,SONDWA,"23490600107, GOVT. H.S. KULWAT",प्रतिभागी,शिक्षक
BM1325,Bhagwan Singh Rawat,Alirajpur,SONDWA,"23490600107, GOVT. H.S. KULWAT",प्रतिभागी,शिक्षक
BN9853,Mur Singh Sastiya,Alirajpur,SONDWA,"23490600107, GOVT. H.S. KULWAT",प्रतिभागी,शिक्षक
BQ1949,Narendra Singh Solanki,Alirajpur,SONDWA,"23490600107, GOVT. H.S. KULWAT",प्रतिभागी,शिक्षक
BR8913,Mukesh Dodawa,Alirajpur,SONDWA,"23490600107, GOVT. H.S. KULWAT",प्रतिभागी,शिक्षक
BT9395,karsingh kanesh,Alirajpur,SONDWA,"23490600107, GOVT. H.S. KULWAT",प्रतिभागी,सीएसी
BJ1925,Rangit Singh Rathwa,Alirajpur,SONDWA,"23490605107, GOVT. H. S. KUNDWAT",प्रतिभागी,शिक्षक
CF1918,ARVIND PACHALASIYA,Alirajpur,SONDWA,"23490605107, GOVT. H. S. KUNDWAT",प्रतिभागी,शिक्षक
BT7318,Nisar Makrani,Alirajpur,SONDWA,"23490611407, GOVT. H.S. MATHWAD",प्रतिभागी,शिक्षक
BT9384,Surekha Solanki,Alirajpur,SONDWA,"23490611407, GOVT. H.S. MATHWAD",प्रतिभागी,शिक्षक
BU2644,Rajendra Singh Baghel,Alirajpur,SONDWA,"23490611407, GOVT. H.S. MATHWAD",प्रतिभागी,शिक्षक
BU2650,Papita Chouhan,Alirajpur,SONDWA,"23490611407, GOVT. H.S. MATHWAD",प्रतिभागी,शिक्षक
CE8191,PADAMSINGH TOMAR,Alirajpur,SONDWA,"23490609206, GOVT. H.S. SILOTA",प्रतिभागी,शिक्षक
BJ1896,Jhadar Dawar,Alirajpur,SONDWA,"23490606108, GOVT. H.S.S. UMARALI",प्रतिभागी,शिक्षक
BL8831,Bhagalsingh Solanki,Alirajpur,SONDWA,"23490606108, GOVT. H.S.S. UMARALI",प्रतिभागी,शिक्षक
BP1023,Malsingh Ohariya,Alirajpur,SONDWA,"23490606108, GOVT. H.S.S. UMARALI",प्रतिभागी,शिक्षक
BL8809,Ram Singh,Alirajpur,SONDWA,"23490601408, GOVT. H.S. UMARATH",प्रतिभागी,शिक्षक
BL8870,Shantilal Ohariya,Alirajpur,SONDWA,"23490601408, GOVT. H.S. UMARATH",प्रतिभागी,शिक्षक
BO9624,Shahanaj Khan,Alirajpur,SONDWA,"23490601408, GOVT. H.S. UMARATH",प्रतिभागी,शिक्षक
BT5357,Shobharam Ningwal,Alirajpur,SONDWA,"23490601408, GOVT. H.S. UMARATH",प्रतिभागी,शिक्षक
BZ8077,Kam Solanki,Alirajpur,SONDWA,"23490601408, GOVT. H.S. UMARATH",प्रतिभागी,शिक्षक
AG2594,Radhu Singh Chouhan,Alirajpur,SONDWA,"23490607613, GOVT. H.S. WALPUR",प्रतिभागी,शिक्षक
BK5024,Fadla Ohariya,Alirajpur,SONDWA,"23490607613, GOVT. H.S. WALPUR",प्रतिभागी,शिक्षक
BJ1802,Sushila Bhaidiya,Alirajpur,SONDWA,"23490610109, GOVT. H.S.S. BAKHATGARH",प्रतिभागी,शिक्षक
BN9914,Karam Sastia,Alirajpur,SONDWA,"23490610109, GOVT. H.S.S. BAKHATGARH",प्रतिभागी,शिक्षक
BR6560,Usha Maurya,Alirajpur,SONDWA,"23490610109, GOVT. H.S.S. BAKHATGARH",प्रतिभागी,शिक्षक
BJ3678,Dilipsingh Khutiya,Alirajpur,SONDWA,"23490604112, GOVT. H.S.S. CHHAKTALA",प्रतिभागी,शिक्षक
BN9534,Ishwar Singh Chouhan,Alirajpur,SONDWA,"23490604112, GOVT. H.S.S. CHHAKTALA",प्रतिभागी,शिक्षक
CC5650,NILESH BHAYDIYA,Alirajpur,SONDWA,"23490604112, GOVT. H.S.S. CHHAKTALA",प्रतिभागी,शिक्षक
CE8140,MAKNA NINGWAL,Alirajpur,SONDWA,"23490604112, GOVT. H.S.S. CHHAKTALA",प्रतिभागी,शिक्षक
CF4244,RAMDAS THAKRAW,Alirajpur,SONDWA,"23490604112, GOVT. H.S.S. CHHAKTALA",प्रतिभागी,शिक्षक
BJ6286,Jitendra Chouhan,Alirajpur,SONDWA,"23490600414, HSS SONDWA",प्रतिभागी,शिक्षक
BL8823,Durga Rathod,Alirajpur,SONDWA,"23490600414, HSS SONDWA",प्रतिभागी,शिक्षक
BL8836,Rayalee Sastiya,Alirajpur,SONDWA,"23490600414, HSS SONDWA",प्रतिभागी,शिक्षक
BO9662,Ratansingh Sastiya,Alirajpur,SONDWA,"23490600414, HSS SONDWA",प्रतिभागी,शिक्षक
BO9847,Geeta Jamra,Alirajpur,SONDWA,"23490600414, HSS SONDWA",प्रतिभागी,शिक्षक
BJ3507,Sawansingh Baghel,Alirajpur,UDAYGARH,"23490504615, GOVT. H.S. BORI",प्रतिभागी,शिक्षक
BN9591,Gyansingh Bhaghel,Alirajpur,UDAYGARH,"23490504615, GOVT. H.S. BORI",प्रतिभागी,शिक्षक
BN9706,Kalamsingh Bamniya,Alirajpur,UDAYGARH,"23490504615, GOVT. H.S. BORI",प्रतिभागी,शिक्षक
BR8441,Kushal Singh Chouhan,Alirajpur,UDAYGARH,"23490504615, GOVT. H.S. BORI",प्रतिभागी,शिक्षक
BN9020,Hiru Chouhan,Alirajpur,UDAYGARH,"23490509205, GOVT. GIRLS H.S. BORJHAR",प्रतिभागी,शिक्षक
BN3726,Kailash Dudve,Alirajpur,UDAYGARH,"23490508504, GOVT. H.S. BARI JUWARI",प्रतिभागी,शिक्षक
BN8756,Sekdiya Ningwal,Alirajpur,UDAYGARH,"23490508504, GOVT. H.S. BARI JUWARI",प्रतिभागी,शिक्षक
BJ3754,Ajaysingh Rawat,Alirajpur,UDAYGARH,"23490506207, GOVT. H.S. KALUWAT",प्रतिभागी,शिक्षक
BN9704,Shukhama Morya,Alirajpur,UDAYGARH,"23490504614, GOVT. H.S.S. BORI",प्रतिभागी,शिक्षक
BO6892,Susila Dawar,Alirajpur,UDAYGARH,"23490503105, GOVT. H.S.S. KANAKAKAR (1 TO 12)",प्रतिभागी,शिक्षक
BU3627,Vandana Sisodiya,Alirajpur,UDAYGARH,"23490503105, GOVT. H.S.S. KANAKAKAR (1 TO 12)",प्रतिभागी,शिक्षक
BX2920,Sunil Hindoliya,Alirajpur,UDAYGARH,"23490503105, GOVT. H.S.S. KANAKAKAR (1 TO 12)",प्रतिभागी,शिक्षक
BL5834,Thawarsingh Bamniya,Alirajpur,UDAYGARH,"23490505022, GOVT. EXCE. H.S.S. UDAIGARH",प्रतिभागी,शिक्षक
BM1384,Rajendra Kumar Dabgar,Alirajpur,UDAYGARH,"23490505022, GOVT. EXCE. H.S.S. UDAIGARH",प्रतिभागी,शिक्षक
BO6904,Bhure Singh Mandloi,Alirajpur,UDAYGARH,"23490505022, GOVT. EXCE. H.S.S. UDAIGARH",प्रतिभागी,शिक्षक
BF7350,Khushendra Kumar Padwar,Anuppur,ANUPPUR,"23470112118, GOVT. HSS BOYS, RAJNAGAR COLLARI",प्रतिभागी,शिक्षक
BF7788,Awadhraj Singh,Anuppur,ANUPPUR,"23470112118, GOVT. HSS BOYS, RAJNAGAR COLLARI",प्रतिभागी,शिक्षक
BF7930,Rajneesh Sahu,Anuppur,ANUPPUR,"23470112118, GOVT. HSS BOYS, RAJNAGAR COLLARI",प्रतिभागी,शिक्षक
BF7931,Mistar Kumar Gupta,Anuppur,ANUPPUR,"23470112118, GOVT. HSS BOYS, RAJNAGAR COLLARI",प्रतिभागी,शिक्षक
BG1223,Mamta Kachhwaha,Anuppur,ANUPPUR,"23470112118, GOVT. HSS BOYS, RAJNAGAR COLLARI",प्रतिभागी,शिक्षक
BM8387,Rishi Kumar Rajak,Anuppur,ANUPPUR,"23470112118, GOVT. HSS BOYS, RAJNAGAR COLLARI",प्रतिभागी,शिक्षक
BF6797,Lal Singh Dhurve,Anuppur,ANUPPUR,"23470104306, GOVT. HSS MALGA",प्रतिभागी,शिक्षक
BG1265,Pushpraj Singh,Anuppur,ANUPPUR,"23470104306, GOVT. HSS MALGA",प्रतिभागी,शिक्षक
BF6771,Puran Singh Kanwar,Anuppur,ANUPPUR,"23470104405, GOVT. HSS BHAD",प्रतिभागी,शिक्षक
BF6801,Rekha Manjhi,Anuppur,ANUPPUR,"23470104405, GOVT. HSS BHAD",प्रतिभागी,शिक्षक
BF9406,Vijay Singh Maravi,Anuppur,ANUPPUR,"23470104405, GOVT. HSS BHAD",प्रतिभागी,शिक्षक
BF7133,Suresh Kumar Kewat,Anuppur,ANUPPUR,"23470101614, GOVT. HSS VIDYA NIKETAN BHADARA COLLIERY",प्रतिभागी,शिक्षक
BF8257,Umesh Kumar Kewat,Anuppur,ANUPPUR,"23470101614, GOVT. HSS VIDYA NIKETAN BHADARA COLLIERY",प्रतिभागी,शिक्षक
BF8351,Heera Lal Panika,Anuppur,ANUPPUR,"23470101614, GOVT. HSS VIDYA NIKETAN BHADARA COLLIERY",प्रतिभागी,शिक्षक
BF9274,Apolina Toppo,Anuppur,ANUPPUR,"23470101614, GOVT. HSS VIDYA NIKETAN BHADARA COLLIERY",प्रतिभागी,शिक्षक
CC3622,ANIL CHAUDHARY,Anuppur,ANUPPUR,"23470101614, GOVT. HSS VIDYA NIKETAN BHADARA COLLIERY",प्रतिभागी,शिक्षक
BF7129,Anil Kumar Singh,Anuppur,ANUPPUR,"23470102403, GOVT. HS LAMATOLA",प्रतिभागी,शिक्षक
BF7834,Lakhan Singh Dhurwey,Anuppur,ANUPPUR,"23470102403, GOVT. HS LAMATOLA",प्रतिभागी,शिक्षक
BG1333,Chandrawati Kulhara,Anuppur,ANUPPUR,"23470104918, GOVT. HSS JAMUNA COLLIERY",प्रतिभागी,शिक्षक
BF8253,Ashok Yadav,Anuppur,ANUPPUR,"23470106306, GOVT. HSS DEOGAWAN",प्रतिभागी,शिक्षक
BF8342,Shankar Dayal Gupta,Anuppur,ANUPPUR,"23470110814, GOVT. HSS BAMHANI",प्रतिभागी,शिक्षक
BF8304,Vrindapuri Goswami,Anuppur,JAITHARI,"23470606717, GOVT. HSS PHUNGA",प्रतिभागी,शिक्षक
BF8318,Kamal Singh,Anuppur,JAITHARI,"23470606717, GOVT. HSS PHUNGA",प्रतिभागी,शिक्षक
BR9380,Mejhren Tigga,Anuppur,JAITHARI,"23470606717, GOVT. HSS PHUNGA",प्रतिभागी,शिक्षक
BZ3544,Rajendra Prasad Sahu,Anuppur,JAITHARI,"23470606717, GOVT. HSS PHUNGA",प्रतिभागी,शिक्षक
BF6888,Anosh Rawalkar,Anuppur,JAITHARI,"23470611138, GOVT. HSS EXCELLENCE, ANUPPUR",प्रतिभागी,शिक्षक
BF6913,Ranjeeta Gupta,Anuppur,JAITHARI,"23470611138, GOVT. HSS EXCELLENCE, ANUPPUR",प्रतिभागी,शिक्षक
BF7175,Sunita Gupta,Anuppur,JAITHARI,"23470611138, GOVT. HSS EXCELLENCE, ANUPPUR",प्रतिभागी,शिक्षक
BH9965,Tara Kewat,Anuppur,JAITHARI,"23470611138, GOVT. HSS EXCELLENCE, ANUPPUR",प्रतिभागी,शिक्षक
BS7161,Kiran Pandey,Anuppur,JAITHARI,"23470611138, GOVT. HSS EXCELLENCE, ANUPPUR",प्रतिभागी,शिक्षक
CC3627,RAJKUMARI KANWAR,Anuppur,JAITHARI,"23470611138, GOVT. HSS EXCELLENCE, ANUPPUR",प्रतिभागी,शिक्षक
CC4486,SANGEETA PATEL,Anuppur,JAITHARI,"23470611138, GOVT. HSS EXCELLENCE, ANUPPUR",प्रतिभागी,शिक्षक
CD8423,SAVITA PRAJAPATI,Anuppur,JAITHARI,"23470611138, GOVT. HSS EXCELLENCE, ANUPPUR",प्रतिभागी,शिक्षक
BF7282,Anil Singh,Anuppur,JAITHARI,"23470615713, GOVT. HSS CHACHAI",प्रतिभागी,शिक्षक
BF7311,Rajesh Kumar Patkar,Anuppur,JAITHARI,"23470615713, GOVT. HSS CHACHAI",प्रतिभागी,शिक्षक
CA3353,Sushila Ojha,Anuppur,JAITHARI,"23470615713, GOVT. HSS CHACHAI",प्रतिभागी,शिक्षक
BF7138,Seema Chourasiya,Anuppur,JAITHARI,"23470609905, GOVT. HSS PATANAKALA",प्रतिभागी,शिक्षक
BF8242,Ramlakhan Mishra,Anuppur,JAITHARI,"23470609905, GOVT. HSS PATANAKALA",प्रतिभागी,शिक्षक
BF8906,Ranjan Prajapati,Anuppur,JAITHARI,"23470609905, GOVT. HSS PATANAKALA",प्रतिभागी,शिक्षक
AF6827,Ful Kumari Toppo,Anuppur,JAITHARI,"23470612605, GOVT. HSS SAKARA",प्रतिभागी,शिक्षक
AR5653,Prafull Chandra Lakra,Anuppur,JAITHARI,"23470612605, GOVT. HSS SAKARA",प्रतिभागी,शिक्षक
BF6893,Prarthna Prajapati,Anuppur,JAITHARI,"23470612605, GOVT. HSS SAKARA",प्रतिभागी,शिक्षक
BQ7648,Bhageshwari Dhurve,Anuppur,JAITHARI,"23470612605, GOVT. HSS SAKARA",प्रतिभागी,शिक्षक
BU5313,Kartik Singh Dhurve,Anuppur,JAITHARI,"23470612605, GOVT. HSS SAKARA",प्रतिभागी,शिक्षक
BX9925,Rajkumar Singh,Anuppur,JAITHARI,"23470606206, GOVT. HSS PIPARIYA",प्रतिभागी,शिक्षक
BF7110,Devendra Singh,Anuppur,JAITHARI,"23470614206, GOVT. HSS GAURELA",प्रतिभागी,शिक्षक
BF8482,Shankar Lal Rathour,Anuppur,JAITHARI,"23470603208, GOVT. HSS AMGAVA",प्रतिभागी,शिक्षक
BF9082,Kodulal Kol,Anuppur,JAITHARI,"23470603208, GOVT. HSS AMGAVA",प्रतिभागी,शिक्षक
BF8478,Gajadhar Prasad Kewat,Anuppur,JAITHARI,"23470609431, GOVT. HSS EXCELLELCE JAITHARI",प्रतिभागी,शिक्षक
BF8597,Shyam Gee Misra,Anuppur,JAITHARI,"23470609431, GOVT. HSS EXCELLELCE JAITHARI",प्रतिभागी,शिक्षक
BF8601,Rajnarayan Shukla,Anuppur,JAITHARI,"23470609431, GOVT. HSS EXCELLELCE JAITHARI",प्रतिभागी,शिक्षक
BR5995,Usha Patil,Anuppur,JAITHARI,"23470609431, GOVT. HSS EXCELLELCE JAITHARI",प्रतिभागी,शिक्षक
BF6774,Komal Prasad Kewat,Anuppur,JAITHARI,"23470604613, GOVT. HSS BOYS CHOLNA",प्रतिभागी,शिक्षक
BF8797,Suresh Singh Uikey,Anuppur,JAITHARI,"23470604613, GOVT. HSS BOYS CHOLNA",प्रतिभागी,शिक्षक
BF8894,Sanjay Kumar Mishra,Anuppur,JAITHARI,"23470604613, GOVT. HSS BOYS CHOLNA",प्रतिभागी,शिक्षक
BF9136,Shushil Kumar Singh,Anuppur,JAITHARI,"23470604613, GOVT. HSS BOYS CHOLNA",प्रतिभागी,शिक्षक
BF9167,Kunwar Singh Rathour,Anuppur,JAITHARI,"23470604613, GOVT. HSS BOYS CHOLNA",प्रतिभागी,शिक्षक
BS6443,Jyantee Uratee,Anuppur,JAITHARI,"23470604613, GOVT. HSS BOYS CHOLNA",प्रतिभागी,शिक्षक
AI4897,Kailash Ram Bhagat,Anuppur,JAITHARI,"23470601112, GOVT. HSS VENKETNAGAR",प्रतिभागी,शिक्षक
BF8649,Meera Langheer,Anuppur,JAITHARI,"23470601112, GOVT. HSS VENKETNAGAR",प्रतिभागी,शिक्षक
BF8687,Ganesh Singh Dhurwe,Anuppur,JAITHARI,"23470602012, GOVT. HSS GIRLS PONDI",प्रतिभागी,शिक्षक
BH7994,Ramayan Singh,Anuppur,JAITHARI,"23470602012, GOVT. HSS GIRLS PONDI",प्रतिभागी,शिक्षक
BF9261,Ram Susheel Dwivedi,Anuppur,KOTMA,"23470806338, GOVT. HSS EXCELLENCE,  KOTMA",प्रतिभागी,शिक्षक
BQ1985,Shree Bhushan Singh Bada,Anuppur,KOTMA,"23470806338, GOVT. HSS EXCELLENCE,  KOTMA",प्रतिभागी,शिक्षक
BS1063,Hemant Baiga,Anuppur,KOTMA,"23470806338, GOVT. HSS EXCELLENCE,  KOTMA",प्रतिभागी,शिक्षक
BF9315,Meena Soni,Anuppur,KOTMA,"23470806339, GOVT. HSS GIRLS,  KOTMA",प्रतिभागी,शिक्षक
BF9558,Dharmjeet Kol,Anuppur,KOTMA,"23470807304, GOVT. HS REUSA",प्रतिभागी,शिक्षक
BF9562,Raja Ram Singh,Anuppur,KOTMA,"23470807304, GOVT. HS REUSA",प्रतिभागी,शिक्षक
BS1065,Krishna Pal Singh,Anuppur,KOTMA,"23470807304, GOVT. HS REUSA",प्रतिभागी,शिक्षक
BF6638,Rakesh Kumar Sharma,Anuppur,KOTMA,"23470803544, GOVT. HSS BOYS, BIJURI",प्रतिभागी,शिक्षक
BF7794,Neeta Nigam,Anuppur,KOTMA,"23470803544, GOVT. HSS BOYS, BIJURI",प्रतिभागी,शिक्षक
BF7977,Purushottam Kumar Tomar,Anuppur,KOTMA,"23470803544, GOVT. HSS BOYS, BIJURI",प्रतिभागी,शिक्षक
BF7981,Ganga Ram Panika,Anuppur,KOTMA,"23470803544, GOVT. HSS BOYS, BIJURI",प्रतिभागी,शिक्षक
BF9304,Raghuveer Singh Kushram,Anuppur,KOTMA,"23470803544, GOVT. HSS BOYS, BIJURI",प्रतिभागी,शिक्षक
BF9306,AMITABH KUMAR JAISWAL,Anuppur,KOTMA,"23470803544, GOVT. HSS BOYS, BIJURI",प्रतिभागी,शिक्षक
BS1062,Uma Kol,Anuppur,KOTMA,"23470803544, GOVT. HSS BOYS, BIJURI",प्रतिभागी,शिक्षक
BT7297,Suresh Singh Gond,Anuppur,KOTMA,"23470803544, GOVT. HSS BOYS, BIJURI",प्रतिभागी,शिक्षक
BF7916,Rajesh Kumar Shukla,Anuppur,KOTMA,"23470800109, GOVT. HSS BAHERABANDH",प्रतिभागी,शिक्षक
BF9270,Lalita Latoriya,Anuppur,KOTMA,"23470800109, GOVT. HSS BAHERABANDH",प्रतिभागी,शिक्षक
BF9296,Angad Lal Panika,Anuppur,KOTMA,"23470800109, GOVT. HSS BAHERABANDH",प्रतिभागी,शिक्षक
BF9313,Ashok Kumar Mahra,Anuppur,KOTMA,"23470800109, GOVT. HSS BAHERABANDH",प्रतिभागी,शिक्षक
BU7617,Vishnujayant Gupta,Anuppur,KOTMA,"23470800109, GOVT. HSS BAHERABANDH",प्रतिभागी,शिक्षक
BG1698,Titra Singh Maravi,Anuppur,PUSHPRAJ GARH,"23471103106, GOVT. HS GIRLS, KARPA",प्रतिभागी,शिक्षक
BQ9857,Akhilesh Kumar Shyam,Anuppur,PUSHPRAJ GARH,"23471103106, GOVT. HS GIRLS, KARPA",प्रतिभागी,शिक्षक
BF7479,Lal Ji Singh,Anuppur,PUSHPRAJ GARH,"23471127204, GOVT. HSS LEDHARA",प्रतिभागी,शिक्षक
BF9862,Ramesh Kumar Dwivedi,Anuppur,PUSHPRAJ GARH,"23471127204, GOVT. HSS LEDHARA",प्रतिभागी,शिक्षक
BF7618,Vishambhar Prasad Ahirwar,Anuppur,PUSHPRAJ GARH,"23471119910, GOVT. HS RAJENDRAGRAM",प्रतिभागी,शिक्षक
BC1518,Ram Prasad Singh,Anuppur,PUSHPRAJ GARH,"23471119706, GOVT. HSS LAKHOURA",प्रतिभागी,शिक्षक
BF6717,Sunita Devi Maravi,Anuppur,PUSHPRAJ GARH,"23471119706, GOVT. HSS LAKHOURA",प्रतिभागी,शिक्षक
BF7612,Shivkumari Dhurve,Anuppur,PUSHPRAJ GARH,"23471119706, GOVT. HSS LAKHOURA",प्रतिभागी,शिक्षक
BF9720,K.N Shyam,Anuppur,PUSHPRAJ GARH,"23471119706, GOVT. HSS LAKHOURA",प्रतिभागी,शिक्षक
BS8364,Jyoti Dhurvey,Anuppur,PUSHPRAJ GARH,"23471119706, GOVT. HSS LAKHOURA",प्रतिभागी,शिक्षक
BF7763,Arun Kumar Singh,Anuppur,PUSHPRAJ GARH,"23471111108, GOVT. HSS BHEJARI",प्रतिभागी,शिक्षक
BF7993,Martand Singh,Anuppur,PUSHPRAJ GARH,"23471111108, GOVT. HSS BHEJARI",प्रतिभागी,शिक्षक
BF9641,Munni Shyam,Anuppur,PUSHPRAJ GARH,"23471111108, GOVT. HSS BHEJARI",प्रतिभागी,शिक्षक
BF9717,Bela Lovmesh,Anuppur,PUSHPRAJ GARH,"23471111108, GOVT. HSS BHEJARI",प्रतिभागी,शिक्षक
BU6031,Sushil Kumar Dwivedi,Anuppur,PUSHPRAJ GARH,"23471111108, GOVT. HSS BHEJARI",प्रतिभागी,शिक्षक
BV4191,Kedar Prasad Chandravanshi,Anuppur,PUSHPRAJ GARH,"23471111108, GOVT. HSS BHEJARI",प्रतिभागी,शिक्षक
BF7351,Bhog Singh,Anuppur,PUSHPRAJ GARH,"23471106808, GOVT. HSS KHATI",प्रतिभागी,शिक्षक
BF7541,Bhagya Bati 0,Anuppur,PUSHPRAJ GARH,"23471106808, GOVT. HSS KHATI",प्रतिभागी,शिक्षक
BF7463,Ramlal Manjhi,Anuppur,PUSHPRAJ GARH,"23471105412, GOVT. HSS DAMEHADI",प्रतिभागी,शिक्षक
BF8103,Ramesh Singh Dhurwey,Anuppur,PUSHPRAJ GARH,"23471105412, GOVT. HSS DAMEHADI",प्रतिभागी,शिक्षक
BI1159,Susheela Dhurwe,Anuppur,PUSHPRAJ GARH,"23471105412, GOVT. HSS DAMEHADI",प्रतिभागी,शिक्षक
CC5700,JITENDRA PARIHAR,Anuppur,PUSHPRAJ GARH,"23471105412, GOVT. HSS DAMEHADI",प्रतिभागी,शिक्षक
BF9028,Deelan Singh,Anuppur,PUSHPRAJ GARH,"23471118912, GOVT. HS LEELA TOLA",प्रतिभागी,शिक्षक
BF9050,SANTOSH KUMAR SINGH DHURVE,Anuppur,PUSHPRAJ GARH,"23471117111, GOVT. HSS GIRLS, BENIBARI",प्रतिभागी,शिक्षक
BG1470,Nanaku Singh Marko,Anuppur,PUSHPRAJ GARH,"23471122309, GOVT. HSS EATOUR",प्रतिभागी,शिक्षक
BG1695,Nirpat Singh,Anuppur,PUSHPRAJ GARH,"23471122309, GOVT. HSS EATOUR",प्रतिभागी,शिक्षक
AC1601,Jay Kumar Dubey,Ashoknagar,ASHOKNAGAR,"23460240101, GOVT. HSS NO. 1  ASHOKNAGAR",प्रतिभागी,शिक्षक
AC3346,Rajesh Singh Raghuvanshi,Ashoknagar,ASHOKNAGAR,"23460240101, GOVT. HSS NO. 1  ASHOKNAGAR",प्रतिभागी,सीएसी
AC3815,Santosh Chandel,Ashoknagar,ASHOKNAGAR,"23460240101, GOVT. HSS NO. 1  ASHOKNAGAR",प्रतिभागी,शिक्षक
AC4509,Bhushan Singh Sisodia,Ashoknagar,ASHOKNAGAR,"23460240101, GOVT. HSS NO. 1  ASHOKNAGAR",प्रतिभागी,शिक्षक
AK4595,Upendra Sharma,Ashoknagar,ASHOKNAGAR,"23460240101, GOVT. HSS NO. 1  ASHOKNAGAR",प्रतिभागी,शिक्षक
AQ7811,Sadhna Gupata,Ashoknagar,ASHOKNAGAR,"23460240101, GOVT. HSS NO. 1  ASHOKNAGAR",प्रतिभागी,शिक्षक
BT5921,Vinod Singh Jat,Ashoknagar,ASHOKNAGAR,"23460240101, GOVT. HSS NO. 1  ASHOKNAGAR",प्रतिभागी,शिक्षक
BX8499,Sachin Kumar Jain,Ashoknagar,ASHOKNAGAR,"23460240101, GOVT. HSS NO. 1  ASHOKNAGAR",प्रतिभागी,शिक्षक
BZ1798,Krishnaveer Singh Yadav,Ashoknagar,ASHOKNAGAR,"23460240101, GOVT. HSS NO. 1  ASHOKNAGAR",प्रतिभागी,शिक्षक
AC2341,Imrat Lal Mundele,Ashoknagar,ASHOKNAGAR,"23460209307, GOVT. HSS RAJPUR",प्रतिभागी,शिक्षक
BS1715,Rajni Yadav,Ashoknagar,ASHOKNAGAR,"23460209307, GOVT. HSS RAJPUR",प्रतिभागी,शिक्षक
CD9808,MAHESH PAL,Ashoknagar,ASHOKNAGAR,"23460209307, GOVT. HSS RAJPUR",प्रतिभागी,शिक्षक
AC2484,Vandna Jain,Ashoknagar,ASHOKNAGAR,"23460216106, GOVT. HS SONERA",प्रतिभागी,शिक्षक
AK1958,Dhananjay Singh Raghubanshi,Ashoknagar,ASHOKNAGAR,"23460216106, GOVT. HS SONERA",प्रतिभागी,शिक्षक
BU7912,Dharamvir Sahu,Ashoknagar,ASHOKNAGAR,"23460216106, GOVT. HS SONERA",प्रतिभागी,शिक्षक
AC1487,Rampal Singh Raghuwanshi,Ashoknagar,ASHOKNAGAR,"23460201905, GOVT. HSS RAONSAR",प्रतिभागी,शिक्षक
AC1506,Amar Lal Jatav,Ashoknagar,ASHOKNAGAR,"23460201905, GOVT. HSS RAONSAR",प्रतिभागी,शिक्षक
AC2354,Raghuraj Singh,Ashoknagar,ASHOKNAGAR,"23460201905, GOVT. HSS RAONSAR",प्रतिभागी,शिक्षक
AC2492,Priyanka Raghuwanshi,Ashoknagar,ASHOKNAGAR,"23460201905, GOVT. HSS RAONSAR",प्रतिभागी,शिक्षक
AC3475,Preeti Yadav,Ashoknagar,ASHOKNAGAR,"23460201905, GOVT. HSS RAONSAR",प्रतिभागी,शिक्षक
AC4486,Sitaram Sharma,Ashoknagar,ASHOKNAGAR,"23460201905, GOVT. HSS RAONSAR",प्रतिभागी,शिक्षक
BO4918,Rajendra Kumar Soni,Ashoknagar,ASHOKNAGAR,"23460201905, GOVT. HSS RAONSAR",प्रतिभागी,शिक्षक
BV9075,Mukesh Raghuwanshi,Ashoknagar,ASHOKNAGAR,"23460201905, GOVT. HSS RAONSAR",प्रतिभागी,शिक्षक
AC1610,Prakash Meena,Ashoknagar,ASHOKNAGAR,"23460209418, GOVT. HS SHADHORA",प्रतिभागी,शिक्षक
AC2077,Raghuveer Raghuwanshi,Ashoknagar,ASHOKNAGAR,"23460209418, GOVT. HS SHADHORA",प्रतिभागी,शिक्षक
AC4460,Bharat Kumar Sharma,Ashoknagar,ASHOKNAGAR,"23460209418, GOVT. HS SHADHORA",प्रतिभागी,शिक्षक
CB8127,PRASHANT SHIVHARE,Ashoknagar,ASHOKNAGAR,"23460209418, GOVT. HS SHADHORA",प्रतिभागी,शिक्षक
AC1513,Rajkumar Raghuwanshi,Ashoknagar,ASHOKNAGAR,"23460209419, GOVT. HSS EXCELLENCE, SHADORA",प्रतिभागी,शिक्षक
AC1515,Aarti Yadav,Ashoknagar,ASHOKNAGAR,"23460209419, GOVT. HSS EXCELLENCE, SHADORA",प्रतिभागी,शिक्षक
AC1587,Archana Asawara,Ashoknagar,ASHOKNAGAR,"23460209419, GOVT. HSS EXCELLENCE, SHADORA",प्रतिभागी,शिक्षक
BQ9738,Veer Singh Shikari,Ashoknagar,ASHOKNAGAR,"23460209419, GOVT. HSS EXCELLENCE, SHADORA",प्रतिभागी,शिक्षक
AC1498,Deepika Gupta,Ashoknagar,ASHOKNAGAR,"23460218607, GOVT.HSS KACHNAR",प्रतिभागी,शिक्षक
BS7078,Santosh Kumar Sharma,Ashoknagar,ASHOKNAGAR,"23460218607, GOVT.HSS KACHNAR",प्रतिभागी,शिक्षक
AC1569,Kuldeep Singh Raghuwanshi,Ashoknagar,ASHOKNAGAR,"23460240201, GOVT. HSS EXCELLENCE, ASHOKNAGAR",प्रतिभागी,शिक्षक
AC2166,Alka Jain,Ashoknagar,ASHOKNAGAR,"23460240201, GOVT. HSS EXCELLENCE, ASHOKNAGAR",प्रतिभागी,शिक्षक
AC2214,Suman Soni,Ashoknagar,ASHOKNAGAR,"23460240201, GOVT. HSS EXCELLENCE, ASHOKNAGAR",प्रतिभागी,शिक्षक
AC2420,Mithlesh Raghuwanshi,Ashoknagar,ASHOKNAGAR,"23460240201, GOVT. HSS EXCELLENCE, ASHOKNAGAR",प्रतिभागी,शिक्षक
AC3022,Mamta Mehrotra,Ashoknagar,ASHOKNAGAR,"23460240201, GOVT. HSS EXCELLENCE, ASHOKNAGAR",प्रतिभागी,शिक्षक
AC3469,Amjad Khan,Ashoknagar,ASHOKNAGAR,"23460240201, GOVT. HSS EXCELLENCE, ASHOKNAGAR",प्रतिभागी,शिक्षक
AC3794,Om Prakash,Ashoknagar,ASHOKNAGAR,"23460240201, GOVT. HSS EXCELLENCE, ASHOKNAGAR",प्रतिभागी,शिक्षक
BS3954,Babulal Adiwasi,Ashoknagar,ASHOKNAGAR,"23460240201, GOVT. HSS EXCELLENCE, ASHOKNAGAR",प्रतिभागी,शिक्षक
BS6004,Jageshwari Raghuwanshi,Ashoknagar,ASHOKNAGAR,"23460240201, GOVT. HSS EXCELLENCE, ASHOKNAGAR",प्रतिभागी,शिक्षक
BX6377,Rashmi Raghuwanshi,Ashoknagar,ASHOKNAGAR,"23460240201, GOVT. HSS EXCELLENCE, ASHOKNAGAR",प्रतिभागी,शिक्षक
BX9596,Hemlata Tiwari,Ashoknagar,ASHOKNAGAR,"23460240201, GOVT. HSS EXCELLENCE, ASHOKNAGAR",प्रतिभागी,शिक्षक
CB9680,DILIP RAGHUWANSHI,Ashoknagar,ASHOKNAGAR,"23460240201, GOVT. HSS EXCELLENCE, ASHOKNAGAR",प्रतिभागी,शिक्षक
AC1648,Sanjeev Kumar Sharma,Ashoknagar,ASHOKNAGAR,"23460239601, GOVT. HSS GIRLS, ASHOKNAGAR",प्रतिभागी,शिक्षक
AC1853,Nirupma Saxena,Ashoknagar,ASHOKNAGAR,"23460239601, GOVT. HSS GIRLS, ASHOKNAGAR",प्रतिभागी,शिक्षक
AC2168,Sadhna Jain,Ashoknagar,ASHOKNAGAR,"23460239601, GOVT. HSS GIRLS, ASHOKNAGAR",प्रतिभागी,शिक्षक
AC2281,Rajeshwari Parihar,Ashoknagar,ASHOKNAGAR,"23460239601, GOVT. HSS GIRLS, ASHOKNAGAR",प्रतिभागी,शिक्षक
AC2356,Mukesh Soni,Ashoknagar,ASHOKNAGAR,"23460239601, GOVT. HSS GIRLS, ASHOKNAGAR",प्रतिभागी,शिक्षक
AC2503,Ashok Kushwah,Ashoknagar,ASHOKNAGAR,"23460239601, GOVT. HSS GIRLS, ASHOKNAGAR",प्रतिभागी,शिक्षक
BR9539,Gulnar Bee,Ashoknagar,ASHOKNAGAR,"23460239601, GOVT. HSS GIRLS, ASHOKNAGAR",प्रतिभागी,शिक्षक
BS1638,Anita Birthare,Ashoknagar,ASHOKNAGAR,"23460239601, GOVT. HSS GIRLS, ASHOKNAGAR",प्रतिभागी,शिक्षक
BT1499,Kshama Bohare,Ashoknagar,ASHOKNAGAR,"23460239601, GOVT. HSS GIRLS, ASHOKNAGAR",प्रतिभागी,शिक्षक
AC1668,Devi Singh Adivashi,Ashoknagar,ASHOKNAGAR,"23460208406, GOVT. HSS JHEELA",प्रतिभागी,शिक्षक
CB8128,SUSHEEL RAGHUWANSHI,Ashoknagar,ASHOKNAGAR,"23460208406, GOVT. HSS JHEELA",प्रतिभागी,सीएसी
AC2800,Shailendra Singh Kshatri,Ashoknagar,CHANDERI,"23460501403, GOVT. HS GARENTHI",प्रतिभागी,शिक्षक
AC2885,Arjun Singh,Ashoknagar,CHANDERI,"23460501403, GOVT. HS GARENTHI",प्रतिभागी,शिक्षक
AC2943,Ajad Singh Solanki,Ashoknagar,CHANDERI,"23460501403, GOVT. HS GARENTHI",प्रतिभागी,शिक्षक
CF1069,SATYENDRA KUMAR IKLODIA,Ashoknagar,CHANDERI,"23460501403, GOVT. HS GARENTHI",प्रतिभागी,शिक्षक
AC2556,Manoj Kumar Shrivastava,Ashoknagar,CHANDERI,"23460520202, GOVT. HSS GIRLS, CHANDERI",प्रतिभागी,शिक्षक
AC2569,Sarita Jain,Ashoknagar,CHANDERI,"23460520202, GOVT. HSS GIRLS, CHANDERI",प्रतिभागी,शिक्षक
AC2583,Atal Bihari Tiwari,Ashoknagar,CHANDERI,"23460520202, GOVT. HSS GIRLS, CHANDERI",प्रतिभागी,शिक्षक
AC3092,Sundarlal Koli,Ashoknagar,CHANDERI,"23460520202, GOVT. HSS GIRLS, CHANDERI",प्रतिभागी,शिक्षक
BX2389,Mohammad Naim Ansari,Ashoknagar,CHANDERI,"23460520202, GOVT. HSS GIRLS, CHANDERI",प्रतिभागी,शिक्षक
BZ6339,Mukesh Jatav,Ashoknagar,CHANDERI,"23460520202, GOVT. HSS GIRLS, CHANDERI",प्रतिभागी,शिक्षक
AC2731,Shashiwala Sharma,Ashoknagar,CHANDERI,"23460520302, GOVT. HSS EXCELLENCE, CHANDERI",प्रतिभागी,शिक्षक
AK2070,Narayan Das Koli,Ashoknagar,CHANDERI,"23460520302, GOVT. HSS EXCELLENCE, CHANDERI",प्रतिभागी,शिक्षक
BO2538,Ram Chran Lal Ahirwar,Ashoknagar,CHANDERI,"23460520302, GOVT. HSS EXCELLENCE, CHANDERI",प्रतिभागी,शिक्षक
CB8826,NANSHI SHEIKH,Ashoknagar,CHANDERI,"23460520302, GOVT. HSS EXCELLENCE, CHANDERI",प्रतिभागी,शिक्षक
CE4789,MAHENDRA SINGH BHADOLIYA,Ashoknagar,CHANDERI,"23460520302, GOVT. HSS EXCELLENCE, CHANDERI",प्रतिभागी,शिक्षक
CF1065,MUKESH BHARGAVA,Ashoknagar,CHANDERI,"23460520302, GOVT. HSS EXCELLENCE, CHANDERI",प्रतिभागी,शिक्षक
AC2537,Ramesh Kumar Bitoriya,Ashoknagar,CHANDERI,"23460506804, GOVT. HS AMROD",प्रतिभागी,सीएसी
AC2893,Ram Singh Kirar,Ashoknagar,CHANDERI,"23460506804, GOVT. HS AMROD",प्रतिभागी,शिक्षक
BZ8435,Mahesh Babele,Ashoknagar,CHANDERI,"23460507709, GOVT. HS PRANPUR",प्रतिभागी,शिक्षक
CD7788,AZAD MANSURI,Ashoknagar,CHANDERI,"23460507709, GOVT. HS PRANPUR",प्रतिभागी,शिक्षक
AC3398,Hemant Kumar Raghuwanshi,Ashoknagar,ISAGARH,"23460707103, GOVT. HS AJLESHWAR",प्रतिभागी,शिक्षक
AC3450,Darshan Singh Raghuwanshi,Ashoknagar,ISAGARH,"23460707103, GOVT. HS AJLESHWAR",प्रतिभागी,शिक्षक
BY3349,Rajesh Singh,Ashoknagar,ISAGARH,"23460707103, GOVT. HS AJLESHWAR",प्रतिभागी,शिक्षक
AC3243,Maharaj Singh Yadav,Ashoknagar,ISAGARH,"23460703105, GOVT. HSS MAHIDPUR",प्रतिभागी,शिक्षक
AC3753,Arun Prakash,Ashoknagar,ISAGARH,"23460703105, GOVT. HSS MAHIDPUR",प्रतिभागी,शिक्षक
BY9174,Jevan Lal,Ashoknagar,ISAGARH,"23460703105, GOVT. HSS MAHIDPUR",प्रतिभागी,शिक्षक
AC3455,Rajkumar Singh,Ashoknagar,ISAGARH,"23460713803, GOVT. HS DHURRA",प्रतिभागी,शिक्षक
AK4514,Sunil Kumar Kothari,Ashoknagar,ISAGARH,"23460713803, GOVT. HS DHURRA",प्रतिभागी,शिक्षक
AC3777,Chandresh Singh Raghuwanshi,Ashoknagar,ISAGARH,"23460706203, GOVT. HS RAJTALA",प्रतिभागी,शिक्षक
BS1303,Pradeep Kumar Jain,Ashoknagar,ISAGARH,"23460706203, GOVT. HS RAJTALA",प्रतिभागी,शिक्षक
BT8189,Sunil Kumar Raghuwanshi,Ashoknagar,ISAGARH,"23460706203, GOVT. HS RAJTALA",प्रतिभागी,शिक्षक
BT8641,Sachendra Kushwah,Ashoknagar,ISAGARH,"23460706203, GOVT. HS RAJTALA",प्रतिभागी,शिक्षक
BT8803,Kusum Dawar,Ashoknagar,ISAGARH,"23460706203, GOVT. HS RAJTALA",प्रतिभागी,शिक्षक
AC3271,Raghuvir Prasad Sharma,Ashoknagar,ISAGARH,"23460704810, GOVT. HS DHAKONI",प्रतिभागी,शिक्षक
AC3374,Arvinda Singh Raghuwanshi,Ashoknagar,ISAGARH,"23460704810, GOVT. HS DHAKONI",प्रतिभागी,अन्य
AC3387,Krishngopal Goswami,Ashoknagar,ISAGARH,"23460704810, GOVT. HS DHAKONI",प्रतिभागी,शिक्षक
AC3807,Anand Kumar Mudgil,Ashoknagar,ISAGARH,"23460704810, GOVT. HS DHAKONI",प्रतिभागी,शिक्षक
AC3830,Moti Lal Ujjaini,Ashoknagar,ISAGARH,"23460700709, GOVT. HSS KADAVAYA",प्रतिभागी,शिक्षक
CE5619,NEERAJ SHARMA,Ashoknagar,ISAGARH,"23460700709, GOVT. HSS KADAVAYA",प्रतिभागी,शिक्षक
AC3865,Sunil Kumar Sharma,Ashoknagar,ISAGARH,"23460711403, GOVT. HSS PARSOL",प्रतिभागी,शिक्षक
BU2286,Rachana Paliya,Ashoknagar,ISAGARH,"23460711403, GOVT. HSS PARSOL",प्रतिभागी,शिक्षक
AC3266,Yudhisthar Singh,Ashoknagar,ISAGARH,"23460702412, GOVT. HSS NAI SARAY",प्रतिभागी,शिक्षक
AC3307,Chandrabhan Singh Raghuwanshi,Ashoknagar,ISAGARH,"23460702412, GOVT. HSS NAI SARAY",प्रतिभागी,शिक्षक
AC3588,Bhanu Prakash Sharma,Ashoknagar,ISAGARH,"23460702412, GOVT. HSS NAI SARAY",प्रतिभागी,शिक्षक
AC3924,Ramkrishan Singh Raghuwanshi,Ashoknagar,ISAGARH,"23460702412, GOVT. HSS NAI SARAY",प्रतिभागी,शिक्षक
BQ7120,Narendra Kumar Kori,Ashoknagar,ISAGARH,"23460702412, GOVT. HSS NAI SARAY",प्रतिभागी,शिक्षक
BX9619,Rashmi Raghuwanshi,Ashoknagar,ISAGARH,"23460702412, GOVT. HSS NAI SARAY",प्रतिभागी,शिक्षक
BZ4155,Jyoti Kori,Ashoknagar,ISAGARH,"23460702412, GOVT. HSS NAI SARAY",प्रतिभागी,शिक्षक
AC3840,Bifai Khakha,Ashoknagar,ISAGARH,"23460722503, GOVT. HSS GIRLS, ESHAGARH",प्रतिभागी,शिक्षक
CE6549,NAVEEN MOURYA,Ashoknagar,ISAGARH,"23460722503, GOVT. HSS GIRLS, ESHAGARH",प्रतिभागी,शिक्षक
AC3309,Ramnivas Sharma,Ashoknagar,ISAGARH,"23460722502, GOVT. HSS EXCELLENCE, ESHAGARH",प्रतिभागी,शिक्षक
AC3404,Madhav Singh Jatav,Ashoknagar,ISAGARH,"23460722502, GOVT. HSS EXCELLENCE, ESHAGARH",प्रतिभागी,शिक्षक
AC3970,Pran Singh Adivhasi,Ashoknagar,ISAGARH,"23460722502, GOVT. HSS EXCELLENCE, ESHAGARH",प्रतिभागी,शिक्षक
BX7876,AKHTAR KHAN,Ashoknagar,ISAGARH,"23460722502, GOVT. HSS EXCELLENCE, ESHAGARH",प्रतिभागी,शिक्षक
BY2414,Asharam Rai,Ashoknagar,ISAGARH,"23460722502, GOVT. HSS EXCELLENCE, ESHAGARH",प्रतिभागी,शिक्षक
BY7757,Hariom Singh Raghuwanshi,Ashoknagar,ISAGARH,"23460722502, GOVT. HSS EXCELLENCE, ESHAGARH",प्रतिभागी,शिक्षक
AC4110,Arun Kumar Raghuwanshi,Ashoknagar,MUNGAOLI,"23460815410, GOVT. HSS ATHAI KHEDA",प्रतिभागी,शिक्षक
AC4242,Niraj Shrivastav,Ashoknagar,MUNGAOLI,"23460815410, GOVT. HSS ATHAI KHEDA",प्रतिभागी,शिक्षक
AC4803,Hari Narayan Ahirwar,Ashoknagar,MUNGAOLI,"23460815410, GOVT. HSS ATHAI KHEDA",प्रतिभागी,शिक्षक
AC4144,Hemlata Prabhakar,Ashoknagar,MUNGAOLI,"23460801204, GOVT. HS MADAUKHEDI",प्रतिभागी,शिक्षक
AC4692,Kaluram Pawar,Ashoknagar,MUNGAOLI,"23460801204, GOVT. HS MADAUKHEDI",प्रतिभागी,शिक्षक
BQ5447,Asheesh Kumar Rai,Ashoknagar,MUNGAOLI,"23460801204, GOVT. HS MADAUKHEDI",प्रतिभागी,शिक्षक
AC4131,Akhilesh Kumar Marken,Ashoknagar,MUNGAOLI,"23460804609, GOVT. HSS SEHRAI",प्रतिभागी,शिक्षक
AC4146,Yadvendra Singh Yadav,Ashoknagar,MUNGAOLI,"23460804609, GOVT. HSS SEHRAI",प्रतिभागी,शिक्षक
AC4200,Chandresh Kumar Narvariya,Ashoknagar,MUNGAOLI,"23460804609, GOVT. HSS SEHRAI",प्रतिभागी,शिक्षक
AC4482,Gotilal Ahirwar,Ashoknagar,MUNGAOLI,"23460804609, GOVT. HSS SEHRAI",प्रतिभागी,शिक्षक
BQ2992,REENA SAILOR,Ashoknagar,MUNGAOLI,"23460804609, GOVT. HSS SEHRAI",प्रतिभागी,शिक्षक
BW8022,Manoj Yadav,Ashoknagar,MUNGAOLI,"23460804609, GOVT. HSS SEHRAI",प्रतिभागी,शिक्षक
BX9182,Mohar Singh Yadav,Ashoknagar,MUNGAOLI,"23460804609, GOVT. HSS SEHRAI",प्रतिभागी,शिक्षक
AC4142,PRAMILA BAIS,Ashoknagar,MUNGAOLI,"23460833702, GOVT. HSS GIRLS, MUNGAOLI",प्रतिभागी,शिक्षक
AC4488,Himanshu Sharma,Ashoknagar,MUNGAOLI,"23460833702, GOVT. HSS GIRLS, MUNGAOLI",प्रतिभागी,शिक्षक
BA1714,Jyoti Pancholi,Ashoknagar,MUNGAOLI,"23460833702, GOVT. HSS GIRLS, MUNGAOLI",प्रतिभागी,शिक्षक
BX6405,Nand Kishore,Ashoknagar,MUNGAOLI,"23460833702, GOVT. HSS GIRLS, MUNGAOLI",प्रतिभागी,शिक्षक
BZ4145,Jyotee Chaudhari,Ashoknagar,MUNGAOLI,"23460833702, GOVT. HSS GIRLS, MUNGAOLI",प्रतिभागी,शिक्षक
AC4272,Vinod Chandel,Ashoknagar,MUNGAOLI,"23460826302, GOVT. HSS EXCELLENCE, MUNGAOLI",प्रतिभागी,शिक्षक
AC4372,Meena Jain,Ashoknagar,MUNGAOLI,"23460826302, GOVT. HSS EXCELLENCE, MUNGAOLI",प्रतिभागी,शिक्षक
AC4491,Sushma Rajput,Ashoknagar,MUNGAOLI,"23460826302, GOVT. HSS EXCELLENCE, MUNGAOLI",प्रतिभागी,शिक्षक
AC4769,Ashok Kumar Shrivastava,Ashoknagar,MUNGAOLI,"23460826302, GOVT. HSS EXCELLENCE, MUNGAOLI",प्रतिभागी,शिक्षक
AC4821,Saeeda Bee,Ashoknagar,MUNGAOLI,"23460826302, GOVT. HSS EXCELLENCE, MUNGAOLI",प्रतिभागी,शिक्षक
AC4297,Rajiv Jain,Ashoknagar,MUNGAOLI,"23460817914, GOVT.H.S.S.PIPRAI",प्रतिभागी,शिक्षक
AC4468,Rekha Vishwakarma,Ashoknagar,MUNGAOLI,"23460817914, GOVT.H.S.S.PIPRAI",प्रतिभागी,शिक्षक
AC4164,Rajesh Kumar Khare,Ashoknagar,MUNGAOLI,"23460800110, GOVT. HSS MALHARGARH",प्रतिभागी,शिक्षक
BZ5382,Devendra Singh Parihar,Ashoknagar,MUNGAOLI,"23460800110, GOVT. HSS MALHARGARH",प्रतिभागी,शिक्षक
AC4669,Ramvati Ahirwar,Ashoknagar,MUNGAOLI,"23460818311, GOVT. HSS BAHADUR PUR",प्रतिभागी,शिक्षक
CE1351,RAI BHIL,Ashoknagar,MUNGAOLI,"23460818311, GOVT. HSS BAHADUR PUR",प्रतिभागी,शिक्षक
CE9299,SOMAT SINGH LODHI,Ashoknagar,MUNGAOLI,"23460818311, GOVT. HSS BAHADUR PUR",प्रतिभागी,शिक्षक
BT3976,Manisha Hadge,Balaghat,BAIHAR,"23450917407, G GIRLS HSS BAIHAR",प्रतिभागी,शिक्षक
BY1633,Suman Saiyam,Balaghat,BAIHAR,"23450917407, G GIRLS HSS BAIHAR",प्रतिभागी,शिक्षक
CC2483,SHAILENDRA BORKER,Balaghat,BAIHAR,"23450917407, G GIRLS HSS BAIHAR",प्रतिभागी,शिक्षक
CD7129,MANJESH Wahne,Balaghat,BAIHAR,"23450917407, G GIRLS HSS BAIHAR",प्रतिभागी,शिक्षक
AZ2632,Bhumendra Kumar,Balaghat,BAIHAR,"23450901306, GOVT. GHSS BHANDARI",प्रतिभागी,शिक्षक
BU9542,Parvati Dhurwey,Balaghat,BAIHAR,"23450901306, GOVT. GHSS BHANDARI",प्रतिभागी,शिक्षक
BZ5375,Chandraprakash Bhalekar,Balaghat,BAIHAR,"23450901306, GOVT. GHSS BHANDARI",प्रतिभागी,शिक्षक
BZ1708,Rangee Lal Pandre,Balaghat,BAIHAR,"23450914904, GOVT. HSS PATHARI",प्रतिभागी,शिक्षक
AC5921,Debilal Chaudhari,Balaghat,BAIHAR,"23450907304, GOVT. HSS BITHALI",प्रतिभागी,शिक्षक
AC7758,Naresh Kumar Baghel,Balaghat,BAIHAR,"23450907304, GOVT. HSS BITHALI",प्रतिभागी,शिक्षक
AD3608,Mohan Lal Ujgaonkar,Balaghat,BAIHAR,"23450907304, GOVT. HSS BITHALI",प्रतिभागी,शिक्षक
BR7685,Lokesh Deshmukh,Balaghat,BAIHAR,"23450907304, GOVT. HSS BITHALI",प्रतिभागी,शिक्षक
CC1725,AMIT RANA,Balaghat,BAIHAR,"23450907304, GOVT. HSS BITHALI",प्रतिभागी,शिक्षक
CC3833,VAISHALI NAGOSE,Balaghat,BAIHAR,"23450907304, GOVT. HSS BITHALI",प्रतिभागी,शिक्षक
CC4580,DIPIKA MASKHARE,Balaghat,BAIHAR,"23450907304, GOVT. HSS BITHALI",प्रतिभागी,शिक्षक
CC5505,DEVEERATNA BISEN,Balaghat,BAIHAR,"23450907304, GOVT. HSS BITHALI",प्रतिभागी,शिक्षक
AC7732,Gita Choube,Balaghat,BAIHAR,"23450913506, GOVT. HSS PARSAMAU",प्रतिभागी,शिक्षक
CF3975,Kavita Banwale,Balaghat,BAIHAR,"23450913506, GOVT. HSS PARSAMAU",प्रतिभागी,शिक्षक
AZ2534,Sunita Dhurve,Balaghat,BAIHAR,"23450910311, GOVT. HSS GARDHI",प्रतिभागी,शिक्षक
BY2805,Premchand Deshmukh,Balaghat,BAIHAR,"23450910311, GOVT. HSS GARDHI",प्रतिभागी,शिक्षक
CA2035,Rajesh Dhurwey,Balaghat,BAIHAR,"23450910311, GOVT. HSS GARDHI",प्रतिभागी,शिक्षक
AC7633,Sukhram Kushre,Balaghat,BAIHAR,"23450905205, GOVT. HS JAITPURI",प्रतिभागी,शिक्षक
BN8324,Chandrasen Baghel,Balaghat,BAIHAR,"23450905205, GOVT. HS JAITPURI",प्रतिभागी,शिक्षक
AC7700,Shalinee Meravi,Balaghat,BAIHAR,"23450917406, GOVT. EXCLLENCE HSS BAIHAR",प्रतिभागी,शिक्षक
CB1325,VANDANA MINJ,Balaghat,BAIHAR,"23450917406, GOVT. EXCLLENCE HSS BAIHAR",प्रतिभागी,शिक्षक
AD1137,Koushal Nandanvar,Balaghat,BALAGHAT,"23450114312, Govt. HSS CHANGOTOLA",प्रतिभागी,शिक्षक
AD2170,Sahodara Warkade,Balaghat,BALAGHAT,"23450114312, Govt. HSS CHANGOTOLA",प्रतिभागी,शिक्षक
BX5275,Rameshwar Gautam,Balaghat,BALAGHAT,"23450114312, Govt. HSS CHANGOTOLA",प्रतिभागी,शिक्षक
AC6540,Sangita Uikey,Balaghat,BALAGHAT,"23450115708, Govt. HSS LAMTA",प्रतिभागी,शिक्षक
AD1203,Raj Kumar Pardhi,Balaghat,BALAGHAT,"23450115708, Govt. HSS LAMTA",प्रतिभागी,शिक्षक
BJ8840,Prabhudayal Dhurwe,Balaghat,BALAGHAT,"23450115708, Govt. HSS LAMTA",प्रतिभागी,शिक्षक
BQ3888,Sarwan Singh Uikey,Balaghat,BALAGHAT,"23450115708, Govt. HSS LAMTA",प्रतिभागी,शिक्षक
BQ8991,Aulesh Bansod,Balaghat,BALAGHAT,"23450115708, Govt. HSS LAMTA",प्रतिभागी,शिक्षक
BY4398,Tikesh Bisen,Balaghat,BALAGHAT,"23450115708, Govt. HSS LAMTA",प्रतिभागी,शिक्षक
BR9162,Manoj Kumar Ganvir,Balaghat,BALAGHAT,"23450104905, Govt. HSS CHAREGAON",प्रतिभागी,शिक्षक
BU6745,Asha Palewar,Balaghat,BALAGHAT,"23450104905, Govt. HSS CHAREGAON",प्रतिभागी,शिक्षक
AC9195,Lakhan Lal Choudhary,Balaghat,BALAGHAT,"23450109504, Govt. HSS KUMHARI",प्रतिभागी,शिक्षक
AC9842,Kshitij Chouhan,Balaghat,BALAGHAT,"23450109504, Govt. HSS KUMHARI",प्रतिभागी,शिक्षक
BQ8479,Durgesh Kumar Mohare,Balaghat,BALAGHAT,"23450109504, Govt. HSS KUMHARI",प्रतिभागी,शिक्षक
BQ8576,Nilesh Nema,Balaghat,BALAGHAT,"23450109504, Govt. HSS KUMHARI",प्रतिभागी,शिक्षक
BU5123,Sarju Prasad Sonekar,Balaghat,BALAGHAT,"23450109504, Govt. HSS KUMHARI",प्रतिभागी,शिक्षक
BV7570,Pawan Sapate,Balaghat,BALAGHAT,"23450109504, Govt. HSS KUMHARI",प्रतिभागी,शिक्षक
BQ1336,Rashmi Tembhare,Balaghat,BALAGHAT,"23450101421, Govt. HSS BHARWELI",प्रतिभागी,शिक्षक
BR7552,Smita Bhoutekar,Balaghat,BALAGHAT,"23450101421, Govt. HSS BHARWELI",प्रतिभागी,शिक्षक
AC5278,Bhuvneshwari Choudhry,Balaghat,BALAGHAT,"23450122048, Govt. HSS GIRLS, MLB BALAGHAT",प्रतिभागी,शिक्षक
AC6533,Neeta Patle,Balaghat,BALAGHAT,"23450122048, Govt. HSS GIRLS, MLB BALAGHAT",प्रतिभागी,शिक्षक
AC7749,Shobha Gautam,Balaghat,BALAGHAT,"23450122048, Govt. HSS GIRLS, MLB BALAGHAT",प्रतिभागी,शिक्षक
AD1026,Neelima Bisen,Balaghat,BALAGHAT,"23450122048, Govt. HSS GIRLS, MLB BALAGHAT",प्रतिभागी,शिक्षक
AD1054,Sangeeta Gautam,Balaghat,BALAGHAT,"23450122048, Govt. HSS GIRLS, MLB BALAGHAT",प्रतिभागी,शिक्षक
AD1376,Mina Parashar,Balaghat,BALAGHAT,"23450122048, Govt. HSS GIRLS, MLB BALAGHAT",प्रतिभागी,शिक्षक
AD1398,Durga Bhoyerkar,Balaghat,BALAGHAT,"23450122048, Govt. HSS GIRLS, MLB BALAGHAT",प्रतिभागी,शिक्षक
AZ2511,Nisha Gupta,Balaghat,BALAGHAT,"23450122048, Govt. HSS GIRLS, MLB BALAGHAT",प्रतिभागी,शिक्षक
BK2695,Himeshwari Sharnagat,Balaghat,BALAGHAT,"23450122048, Govt. HSS GIRLS, MLB BALAGHAT",प्रतिभागी,शिक्षक
BN3292,Uttam Kumar Thakre,Balaghat,BALAGHAT,"23450122048, Govt. HSS GIRLS, MLB BALAGHAT",प्रतिभागी,शिक्षक
BQ4513,Akashwari Bisen,Balaghat,BALAGHAT,"23450122048, Govt. HSS GIRLS, MLB BALAGHAT",प्रतिभागी,शिक्षक
BR8184,Archana Shukla,Balaghat,BALAGHAT,"23450122048, Govt. HSS GIRLS, MLB BALAGHAT",प्रतिभागी,शिक्षक
BR9797,Sunita Sewaiwar,Balaghat,BALAGHAT,"23450122048, Govt. HSS GIRLS, MLB BALAGHAT",प्रतिभागी,शिक्षक
BW1739,Padyama Gondane,Balaghat,BALAGHAT,"23450122048, Govt. HSS GIRLS, MLB BALAGHAT",प्रतिभागी,शिक्षक
BX8699,Aaradhna Lilhare,Balaghat,BALAGHAT,"23450122048, Govt. HSS GIRLS, MLB BALAGHAT",प्रतिभागी,शिक्षक
BY3108,BHARTI Khemlal Lilhare,Balaghat,BALAGHAT,"23450122048, Govt. HSS GIRLS, MLB BALAGHAT",प्रतिभागी,शिक्षक
BY4385,Sanjay Kumar Choudhary,Balaghat,BALAGHAT,"23450122048, Govt. HSS GIRLS, MLB BALAGHAT",प्रतिभागी,शिक्षक
CA6544,SAGAR DHABALE,Balaghat,BALAGHAT,"23450122048, Govt. HSS GIRLS, MLB BALAGHAT",प्रतिभागी,शिक्षक
CA6766,PRANAY KASHYAP,Balaghat,BALAGHAT,"23450122048, Govt. HSS GIRLS, MLB BALAGHAT",प्रतिभागी,शिक्षक
AD1303,Pusu Lal Maskare,Balaghat,BALAGHAT,"23450108202, Govt. HSS NAVEGAON 13-14",प्रतिभागी,शिक्षक
AD2033,Chandrashekhar Ramteke,Balaghat,BALAGHAT,"23450108202, Govt. HSS NAVEGAON 13-14",प्रतिभागी,शिक्षक
AD2066,Sharad Soulakhe,Balaghat,BALAGHAT,"23450108202, Govt. HSS NAVEGAON 13-14",प्रतिभागी,शिक्षक
AM7080,Rajeshwar Nagpure,Balaghat,BALAGHAT,"23450108202, Govt. HSS NAVEGAON 13-14",प्रतिभागी,शिक्षक
BN1976,Suman Parashar,Balaghat,BALAGHAT,"23450110713, Govt. HSS BOYS, HATTA",प्रतिभागी,शिक्षक
BP9062,Nooteshwari Bhagat,Balaghat,BALAGHAT,"23450110713, Govt. HSS BOYS, HATTA",प्रतिभागी,शिक्षक
BV8484,Lokesh Bhagat,Balaghat,BALAGHAT,"23450110713, Govt. HSS BOYS, HATTA",प्रतिभागी,शिक्षक
AD2804,Khelan Ptale,Balaghat,BIRSA,"23451009209, GOVT. HSS GIRLS, BIRSA",प्रतिभागी,शिक्षक
AD3050,Sakuntala Meshram,Balaghat,BIRSA,"23451009209, GOVT. HSS GIRLS, BIRSA",प्रतिभागी,शिक्षक
BJ9141,Arti Turkar,Balaghat,BIRSA,"23451009209, GOVT. HSS GIRLS, BIRSA",प्रतिभागी,शिक्षक
BJ9263,Chandrakala Uke,Balaghat,BIRSA,"23451009209, GOVT. HSS GIRLS, BIRSA",प्रतिभागी,शिक्षक
BK4273,Ajay Chouksey,Balaghat,BIRSA,"23451009209, GOVT. HSS GIRLS, BIRSA",प्रतिभागी,शिक्षक
AD2968,Rajkumar Tedavi,Balaghat,BIRSA,"23451015508, GOVT. HSS MANEGAON",प्रतिभागी,शिक्षक
AC8591,Sri Madhoprasad Domde,Balaghat,BIRSA,"23451016605, Govt. HSS DABRI 13-14",प्रतिभागी,शिक्षक
AE4181,Tilak Chand Narnoure,Balaghat,BIRSA,"23451016605, Govt. HSS DABRI 13-14",प्रतिभागी,शिक्षक
AZ2615,Dudeshwar Gurde,Balaghat,BIRSA,"23451016605, Govt. HSS DABRI 13-14",प्रतिभागी,शिक्षक
BK4277,Manish Kumar Bele,Balaghat,BIRSA,"23451016605, Govt. HSS DABRI 13-14",प्रतिभागी,शिक्षक
BK4279,C.P. Khandelkar,Balaghat,BIRSA,"23451016605, Govt. HSS DABRI 13-14",प्रतिभागी,शिक्षक
BN2202,Yamuna Damahe,Balaghat,BIRSA,"23451016605, Govt. HSS DABRI 13-14",प्रतिभागी,शिक्षक
BY2591,Ghanshyam Basone,Balaghat,BIRSA,"23451016605, Govt. HSS DABRI 13-14",प्रतिभागी,सीएसी
AC8532,Jhanaklal Bisen,Balaghat,BIRSA,"23451020806, GOVT. HS SONGUDDA",प्रतिभागी,शिक्षक
BY5677,Ghanshyam Lilhare,Balaghat,BIRSA,"23451020806, GOVT. HS SONGUDDA",प्रतिभागी,सीएसी
CC5832,CHANDRAKANT CHAUDHRI,Balaghat,BIRSA,"23451020806, GOVT. HS SONGUDDA",प्रतिभागी,शिक्षक
AC7682,Shashikala Tilgam,Balaghat,BIRSA,"23451009708, GOVT. HSS MALAJKHAND",प्रतिभागी,शिक्षक
AC8449,Sunita Jagne,Balaghat,BIRSA,"23451009708, GOVT. HSS MALAJKHAND",प्रतिभागी,शिक्षक
BJ9223,Revansingh Parte,Balaghat,BIRSA,"23451009708, GOVT. HSS MALAJKHAND",प्रतिभागी,शिक्षक
BJ9240,Balram Singh Meravi,Balaghat,BIRSA,"23451009708, GOVT. HSS MALAJKHAND",प्रतिभागी,शिक्षक
BR3917,Roop Chand Chouhan,Balaghat,BIRSA,"23451009708, GOVT. HSS MALAJKHAND",प्रतिभागी,शिक्षक
BV4672,Rukmani Bisen,Balaghat,BIRSA,"23451009708, GOVT. HSS MALAJKHAND",प्रतिभागी,शिक्षक
AC8451,Sri Rajendra Choudhry,Balaghat,BIRSA,"23451018007, GOVT. HSS PALHERA",प्रतिभागी,शिक्षक
BJ9088,Anita Pardhi,Balaghat,BIRSA,"23451018007, GOVT. HSS PALHERA",प्रतिभागी,शिक्षक
BJ9253,Mohendra Patle,Balaghat,BIRSA,"23451006107, GOVT. HSS MANDAI",प्रतिभागी,शिक्षक
AD2887,S.K. Nagpure,Balaghat,BIRSA,"23451021711, GOVT. HSS MOHGAON",प्रतिभागी,शिक्षक
BJ9239,Shailesh Ramteke,Balaghat,BIRSA,"23451021711, GOVT. HSS MOHGAON",प्रतिभागी,शिक्षक
BV1392,Gyaneshwari Bisen,Balaghat,BIRSA,"23451021711, GOVT. HSS MOHGAON",प्रतिभागी,शिक्षक
AD2796,M.R. Shiv,Balaghat,BIRSA,"23451007405, GOVT. HSS KACHNARI",प्रतिभागी,शिक्षक
BJ9093,Mukesh Kumar Ukey,Balaghat,BIRSA,"23451007405, GOVT. HSS KACHNARI",प्रतिभागी,शिक्षक
BY2615,Neha Sonwane,Balaghat,BIRSA,"23451007405, GOVT. HSS KACHNARI",प्रतिभागी,शिक्षक
AC8534,Bhagirathi Panche,Balaghat,BIRSA,"23451011309, GOVT. HSS DAMOH",प्रतिभागी,शिक्षक
AC9655,Premlata Bisen,Balaghat,BIRSA,"23451011309, GOVT. HSS DAMOH",प्रतिभागी,शिक्षक
CE9719,LAXMI NAGPURE,Balaghat,BIRSA,"23451011309, GOVT. HSS DAMOH",प्रतिभागी,शिक्षक
BK3365,Tan Singh,Balaghat,KATANGI,"23450312919, Govt. HSS EXCELLENCE, KATANGI",प्रतिभागी,शिक्षक
BQ7959,Mukesh Kumar Bisen,Balaghat,KATANGI,"23450312919, Govt. HSS EXCELLENCE, KATANGI",प्रतिभागी,शिक्षक
BY5487,Mithlesh Neware,Balaghat,KATANGI,"23450312919, Govt. HSS EXCELLENCE, KATANGI",प्रतिभागी,शिक्षक
CA9858,VAISHNAVI SONWANE,Balaghat,KATANGI,"23450312919, Govt. HSS EXCELLENCE, KATANGI",प्रतिभागी,शिक्षक
AC6933,Nandkishor Patle,Balaghat,KATANGI,"23450307505, Govt. HS KATEDARA",प्रतिभागी,शिक्षक
AY8256,Nanda Walde,Balaghat,KATANGI,"23450307505, Govt. HS KATEDARA",प्रतिभागी,शिक्षक
BW3375,Chainlal Patle,Balaghat,KATANGI,"23450307505, Govt. HS KATEDARA",प्रतिभागी,शिक्षक
BY7596,RAHUL SELOKAR,Balaghat,KATANGI,"23450307505, Govt. HS KATEDARA",प्रतिभागी,शिक्षक
CD5839,YAMINI BISEN,Balaghat,KATANGI,"23450307505, Govt. HS KATEDARA",प्रतिभागी,शिक्षक
AC9111,Surendra Kumar Turkar,Balaghat,KATANGI,"23450306004, Govt. HSS JAM",प्रतिभागी,शिक्षक
AD2526,Pratap Singh Marskole,Balaghat,KATANGI,"23450306004, Govt. HSS JAM",प्रतिभागी,शिक्षक
AD2959,Krishna Patle,Balaghat,KATANGI,"23450306004, Govt. HSS JAM",प्रतिभागी,शिक्षक
AD3913,Laxmi Bisen,Balaghat,KATANGI,"23450306004, Govt. HSS JAM",प्रतिभागी,शिक्षक
BZ7556,Tekchand Parihar,Balaghat,KATANGI,"23450306004, Govt. HSS JAM",प्रतिभागी,शिक्षक
7798751411,Aakash Nanhe   ,Balaghat,KATANGI,"23450302908, Govt. HSS MAHKEPAR",प्रतिभागी,शिक्षक
7898371612,Shriram  Dhurvey ,Balaghat,KATANGI,"23450302908, Govt. HSS MAHKEPAR",प्रतिभागी,अन्य
9754714024,Rahul Kumar Shende ,Balaghat,KATANGI,"23450302908, Govt. HSS MAHKEPAR",प्रतिभागी,शिक्षक
BX9102,Mahesh Kumar Thakur,Balaghat,KATANGI,"23450302908, Govt. HSS MAHKEPAR",प्रतिभागी,शिक्षक
AC6997,Vimla Rana,Balaghat,KATANGI,"23450312920, Govt. HSS GIRLS, KATANGI",प्रतिभागी,शिक्षक
AC9085,Abha Verma,Balaghat,KATANGI,"23450312920, Govt. HSS GIRLS, KATANGI",प्रतिभागी,शिक्षक
AC9145,Miss Usha Masurkar,Balaghat,KATANGI,"23450312920, Govt. HSS GIRLS, KATANGI",प्रतिभागी,शिक्षक
AD3830,Rupsingh Patle,Balaghat,KATANGI,"23450312920, Govt. HSS GIRLS, KATANGI",प्रतिभागी,सीएसी
AD4265,Dipendra Kumar Deshmukh,Balaghat,KATANGI,"23450312920, Govt. HSS GIRLS, KATANGI",प्रतिभागी,शिक्षक
AS4158,Puspalata Shende,Balaghat,KATANGI,"23450312920, Govt. HSS GIRLS, KATANGI",प्रतिभागी,शिक्षक
AZ2483,Gayatri Tembhare,Balaghat,KATANGI,"23450312920, Govt. HSS GIRLS, KATANGI",प्रतिभागी,शिक्षक
BM9525,Tilakchand Bhairam,Balaghat,KATANGI,"23450312920, Govt. HSS GIRLS, KATANGI",प्रतिभागी,शिक्षक
BU4541,Mamta Parihar,Balaghat,KATANGI,"23450312920, Govt. HSS GIRLS, KATANGI",प्रतिभागी,शिक्षक
BV1638,Pravesh Kumar Patle,Balaghat,KATANGI,"23450312920, Govt. HSS GIRLS, KATANGI",प्रतिभागी,शिक्षक
BW3262,Jitendra Kumar Patle,Balaghat,KATANGI,"23450312920, Govt. HSS GIRLS, KATANGI",प्रतिभागी,शिक्षक
BX8801,Shobha Choudhary,Balaghat,KATANGI,"23450312920, Govt. HSS GIRLS, KATANGI",प्रतिभागी,शिक्षक
BY2614,Khushwant Amuley,Balaghat,KATANGI,"23450312920, Govt. HSS GIRLS, KATANGI",प्रतिभागी,शिक्षक
CC1331,ARCHANA Raut,Balaghat,KATANGI,"23450312920, Govt. HSS GIRLS, KATANGI",प्रतिभागी,शिक्षक
6265957341,Naveen Kumar Thakre ,Balaghat,KATANGI,"23450314506, Govt. HS TEKADI (KA)",प्रतिभागी,शिक्षक
7898856264,Dalendra  Patle ,Balaghat,KATANGI,"23450314506, Govt. HS TEKADI (KA)",प्रतिभागी,शिक्षक
8770865412,Vinay  Bhagat ,Balaghat,KATANGI,"23450314506, Govt. HS TEKADI (KA)",प्रतिभागी,शिक्षक
9669075443,Topsingh  Parihar ,Balaghat,KATANGI,"23450314506, Govt. HS TEKADI (KA)",प्रतिभागी,शिक्षक
AC6946,Rajkumar Marskole,Balaghat,KATANGI,"23450314506, Govt. HS TEKADI (KA)",प्रतिभागी,शिक्षक
BJ8637,Mithlesh Shrivastava,Balaghat,KATANGI,"23450314506, Govt. HS TEKADI (KA)",प्रतिभागी,शिक्षक
BV5786,Monakshi Patle,Balaghat,KATANGI,"23450314506, Govt. HS TEKADI (KA)",प्रतिभागी,शिक्षक
CB2928,ANIL DAHARWAL,Balaghat,KATANGI,"23450314506, Govt. HS TEKADI (KA)",प्रतिभागी,शिक्षक
8485841397,Shivcharan  Gautam ,Balaghat,KATANGI,"23450308906, Govt. HS BAMHNI",प्रतिभागी,शिक्षक
AC6967,Chotelala Goutam,Balaghat,KATANGI,"23450308906, Govt. HS BAMHNI",प्रतिभागी,शिक्षक
BJ8622,Bhimrao Ramteke,Balaghat,KATANGI,"23450308906, Govt. HS BAMHNI",प्रतिभागी,शिक्षक
BM9217,Lokesh Kumar Gautam,Balaghat,KATANGI,"23450308906, Govt. HS BAMHNI",प्रतिभागी,शिक्षक
BM9376,Chandraprabha Jambhudkar,Balaghat,KATANGI,"23450308906, Govt. HS BAMHNI",प्रतिभागी,शिक्षक
AC6657,Rashmi Turkar,Balaghat,KHAIRLANJI,"23450409112, Govt. HSS EXCELLENCE, KHAIRLANJI",प्रतिभागी,शिक्षक
AC7515,Ashok Bisen,Balaghat,KHAIRLANJI,"23450409112, Govt. HSS EXCELLENCE, KHAIRLANJI",प्रतिभागी,शिक्षक
AC7744,Ghanshyam Maskare,Balaghat,KHAIRLANJI,"23450409112, Govt. HSS EXCELLENCE, KHAIRLANJI",प्रतिभागी,शिक्षक
AC8457,Lokchand Patle,Balaghat,KHAIRLANJI,"23450409112, Govt. HSS EXCELLENCE, KHAIRLANJI",प्रतिभागी,शिक्षक
BK4186,Bharati Eadpache,Balaghat,KHAIRLANJI,"23450409112, Govt. HSS EXCELLENCE, KHAIRLANJI",प्रतिभागी,शिक्षक
BQ3750,Suresh Palewar,Balaghat,KHAIRLANJI,"23450409112, Govt. HSS EXCELLENCE, KHAIRLANJI",प्रतिभागी,शिक्षक
BR8170,Prabha Bisen,Balaghat,KHAIRLANJI,"23450409112, Govt. HSS EXCELLENCE, KHAIRLANJI",प्रतिभागी,शिक्षक
BX5943,Manju Harinkhede,Balaghat,KHAIRLANJI,"23450409112, Govt. HSS EXCELLENCE, KHAIRLANJI",प्रतिभागी,शिक्षक
BX6924,Nitesh Kumar Themaskar,Balaghat,KHAIRLANJI,"23450409112, Govt. HSS EXCELLENCE, KHAIRLANJI",प्रतिभागी,शिक्षक
9303911934,Punit Kumar Turkar ,Balaghat,KHAIRLANJI,"23450401107, Govt. HSS AMAI 13-14",प्रतिभागी,शिक्षक
BM8249,Vinod Kumar Choudhary,Balaghat,KHAIRLANJI,"23450401107, Govt. HSS AMAI 13-14",प्रतिभागी,शिक्षक
BY6317,Hemant Atre,Balaghat,KHAIRLANJI,"23450401107, Govt. HSS AMAI 13-14",प्रतिभागी,शिक्षक
AC6816,Shiv Prasad,Balaghat,KHAIRLANJI,"23450402806, Govt. HSS MIRGPUR",प्रतिभागी,शिक्षक
AC9304,Yugal Kishor Bisen,Balaghat,KHAIRLANJI,"23450402806, Govt. HSS MIRGPUR",प्रतिभागी,शिक्षक
AD2725,Mahendra Singh Solanki,Balaghat,KHAIRLANJI,"23450402806, Govt. HSS MIRGPUR",प्रतिभागी,शिक्षक
AT2356,Khilesh Kumar Walde,Balaghat,KHAIRLANJI,"23450402806, Govt. HSS MIRGPUR",प्रतिभागी,शिक्षक
CB7845,ABHIMANYU BORKAR,Balaghat,KHAIRLANJI,"23450402806, Govt. HSS MIRGPUR",प्रतिभागी,शिक्षक
7879771121,Nitesh Kumar Kumbhre ,Balaghat,KHAIRLANJI,"23450410606, Govt. HSS KATORI",प्रतिभागी,शिक्षक
8888508976,Shivdas  Bhure ,Balaghat,KHAIRLANJI,"23450410606, Govt. HSS KATORI",प्रतिभागी,शिक्षक
8959294524,Sarju Prasad Bisen ,Balaghat,KHAIRLANJI,"23450410606, Govt. HSS KATORI",प्रतिभागी,शिक्षक
9158236020,Kamalprasad  Choudhary ,Balaghat,KHAIRLANJI,"23450410606, Govt. HSS KATORI",प्रतिभागी,शिक्षक
AC6678,Kamini Naidu,Balaghat,KHAIRLANJI,"23450410606, Govt. HSS KATORI",प्रतिभागी,शिक्षक
AC9277,Kailash Kumar Rangari,Balaghat,KHAIRLANJI,"23450410606, Govt. HSS KATORI",प्रतिभागी,शिक्षक
AD3140,Ajay Marskole,Balaghat,KHAIRLANJI,"23450410606, Govt. HSS KATORI",प्रतिभागी,शिक्षक
BK4572,Chunnilal Nagpure,Balaghat,KHAIRLANJI,"23450410606, Govt. HSS KATORI",प्रतिभागी,शिक्षक
BS4104,Kartika Meshram,Balaghat,KHAIRLANJI,"23450410606, Govt. HSS KATORI",प्रतिभागी,शिक्षक
BU1446,Sangita Borkar,Balaghat,KHAIRLANJI,"23450410606, Govt. HSS KATORI",प्रतिभागी,शिक्षक
BW1608,Virendra Songade,Balaghat,KHAIRLANJI,"23450410606, Govt. HSS KATORI",प्रतिभागी,शिक्षक
BZ1471,Shashank Dinesh Malewar,Balaghat,KHAIRLANJI,"23450410606, Govt. HSS KATORI",प्रतिभागी,शिक्षक
AD3155,Hemchand Devgade,Balaghat,KHAIRLANJI,"23450406208, Govt. HSS ARAMBHA",प्रतिभागी,शिक्षक
BS4101,Ashok Lilhare,Balaghat,KHAIRLANJI,"23450406208, Govt. HSS ARAMBHA",प्रतिभागी,शिक्षक
BZ1786,Virendra Kumar Baghele,Balaghat,KHAIRLANJI,"23450406208, Govt. HSS ARAMBHA",प्रतिभागी,शिक्षक
BZ2731,Kavindra Darwade,Balaghat,KHAIRLANJI,"23450406208, Govt. HSS ARAMBHA",प्रतिभागी,शिक्षक
AC7359,Parmesh Kumar Marskole,Balaghat,KHAIRLANJI,"23450405006, Govt. HSS BHENDARA",प्रतिभागी,शिक्षक
AC8851,Salikram Parte,Balaghat,KHAIRLANJI,"23450405006, Govt. HSS BHENDARA",प्रतिभागी,शिक्षक
AC8855,Laldas Bansod,Balaghat,KHAIRLANJI,"23450405006, Govt. HSS BHENDARA",प्रतिभागी,शिक्षक
AC8871,Priti Patle,Balaghat,KHAIRLANJI,"23450405006, Govt. HSS BHENDARA",प्रतिभागी,शिक्षक
AD3162,Deleeram Patle,Balaghat,KHAIRLANJI,"23450405006, Govt. HSS BHENDARA",प्रतिभागी,शिक्षक
BX6834,Jagdesh Prasad Bisen,Balaghat,KHAIRLANJI,"23450405006, Govt. HSS BHENDARA",प्रतिभागी,शिक्षक
BX9772,Nimisha Rahangdale,Balaghat,KHAIRLANJI,"23450405006, Govt. HSS BHENDARA",प्रतिभागी,शिक्षक
BY7454,Mukesh Kumar Vaghamare,Balaghat,KHAIRLANJI,"23450405006, Govt. HSS BHENDARA",प्रतिभागी,शिक्षक
BZ6252,Rajendra Turkar,Balaghat,KHAIRLANJI,"23450405006, Govt. HSS BHENDARA",प्रतिभागी,शिक्षक
BZ8059,Shailendra Ukeshwar,Balaghat,KHAIRLANJI,"23450405006, Govt. HSS BHENDARA",प्रतिभागी,शिक्षक
AH9362,Govind Marskole,Balaghat,KIRNAPUR,"23450207513, Govt. HSS EXCELLENCE, KIRNAPUR",प्रतिभागी,शिक्षक
AU9761,Shailesh Joshi,Balaghat,KIRNAPUR,"23450207513, Govt. HSS EXCELLENCE, KIRNAPUR",प्रतिभागी,शिक्षक
BJ8291,Surekha Bhimte,Balaghat,KIRNAPUR,"23450202807, Govt. HS GIRLS, HIRRI",प्रतिभागी,शिक्षक
BM9907,Saraswati Gwalvanshi,Balaghat,KIRNAPUR,"23450202807, Govt. HS GIRLS, HIRRI",प्रतिभागी,शिक्षक
CB1409,JATIN BHALADHARE,Balaghat,KIRNAPUR,"23450202807, Govt. HS GIRLS, HIRRI",प्रतिभागी,शिक्षक
AD1773,Rita Meshram,Balaghat,KIRNAPUR,"23450207514, Govt. HSS GIRLS, KIRNAPUR",प्रतिभागी,शिक्षक
BR1546,Vasudev Kushrahe,Balaghat,KIRNAPUR,"23450207514, Govt. HSS GIRLS, KIRNAPUR",प्रतिभागी,शिक्षक
BU1127,Ashok Kumar Uikey,Balaghat,KIRNAPUR,"23450207514, Govt. HSS GIRLS, KIRNAPUR",प्रतिभागी,शिक्षक
BV1174,Rahul Neware,Balaghat,KIRNAPUR,"23450207514, Govt. HSS GIRLS, KIRNAPUR",प्रतिभागी,शिक्षक
BV8268,Paras Badhai,Balaghat,KIRNAPUR,"23450207514, Govt. HSS GIRLS, KIRNAPUR",प्रतिभागी,शिक्षक
BX8692,Neteshwari Pardhi,Balaghat,KIRNAPUR,"23450207514, Govt. HSS GIRLS, KIRNAPUR",प्रतिभागी,शिक्षक
BY7490,Vimleshwari Kokote,Balaghat,KIRNAPUR,"23450207514, Govt. HSS GIRLS, KIRNAPUR",प्रतिभागी,शिक्षक
AC5200,Premkumar Kumhalkar,Balaghat,KIRNAPUR,"23450216406, Govt. HSS RAJEGAON",प्रतिभागी,शिक्षक
AZ1149,Manisha Ganesh Sendre,Balaghat,KIRNAPUR,"23450216406, Govt. HSS RAJEGAON",प्रतिभागी,शिक्षक
BP9279,Sangeeta Panche,Balaghat,KIRNAPUR,"23450216406, Govt. HSS RAJEGAON",प्रतिभागी,शिक्षक
BQ3356,Sapna Bawankar,Balaghat,KIRNAPUR,"23450216406, Govt. HSS RAJEGAON",प्रतिभागी,शिक्षक
BY4581,Kirtima Bhaladhare,Balaghat,KIRNAPUR,"23450216406, Govt. HSS RAJEGAON",प्रतिभागी,शिक्षक
BJ7953,Manoj Kumar Bramhe,Balaghat,KIRNAPUR,"23450201906, Govt. HSS SALETEKA 13-14",प्रतिभागी,शिक्षक
BR9518,Leena Pichode,Balaghat,KIRNAPUR,"23450201906, Govt. HSS SALETEKA 13-14",प्रतिभागी,शिक्षक
BT2315,Dileep Kumar Baheshwar,Balaghat,KIRNAPUR,"23450201906, Govt. HSS SALETEKA 13-14",प्रतिभागी,शिक्षक
BU7385,Neha Tembhre,Balaghat,KIRNAPUR,"23450201906, Govt. HSS SALETEKA 13-14",प्रतिभागी,शिक्षक
BY6576,Hemlata Bisen,Balaghat,KIRNAPUR,"23450201906, Govt. HSS SALETEKA 13-14",प्रतिभागी,शिक्षक
BR1704,Umesh Kumar Dashhare,Balaghat,KIRNAPUR,"23450221001, Govt. HSS KUNDA MOHGAON",प्रतिभागी,शिक्षक
BT4600,Bhojraj Katre,Balaghat,KIRNAPUR,"23450221001, Govt. HSS KUNDA MOHGAON",प्रतिभागी,शिक्षक
BN5007,Dhanendra Bambure,Balaghat,KIRNAPUR,"23450204906, Govt. HSS MATE 13-14",प्रतिभागी,शिक्षक
BQ6670,Sarita Gautam,Balaghat,KIRNAPUR,"23450204906, Govt. HSS MATE 13-14",प्रतिभागी,शिक्षक
BZ3274,Lilendra Kumar Patle,Balaghat,KIRNAPUR,"23450204906, Govt. HSS MATE 13-14",प्रतिभागी,शिक्षक
CB5670,RAGHURAJ BAHE,Balaghat,KIRNAPUR,"23450204906, Govt. HSS MATE 13-14",प्रतिभागी,शिक्षक
CC2399,RAJKUMAR MARSKOLE,Balaghat,KIRNAPUR,"23450204906, Govt. HSS MATE 13-14",प्रतिभागी,शिक्षक
AC6192,Surendra Singh Pandre,Balaghat,LAL BURRA,"23450602107, Govt. HSS KHAMARIYA",प्रतिभागी,शिक्षक
AC7825,Kiran Kumre,Balaghat,LAL BURRA,"23450602107, Govt. HSS KHAMARIYA",प्रतिभागी,शिक्षक
AC9286,Ratnamala Shailendra Gaure,Balaghat,LAL BURRA,"23450602107, Govt. HSS KHAMARIYA",प्रतिभागी,शिक्षक
AD3149,Nandkishor Vatti,Balaghat,LAL BURRA,"23450602107, Govt. HSS KHAMARIYA",प्रतिभागी,शिक्षक
BR8144,Kiran Kumar Patle,Balaghat,LAL BURRA,"23450602107, Govt. HSS KHAMARIYA",प्रतिभागी,शिक्षक
BX8025,Anil Lilhare,Balaghat,LAL BURRA,"23450602107, Govt. HSS KHAMARIYA",प्रतिभागी,शिक्षक
AC7262,Nandlal Chandeshwar,Balaghat,LAL BURRA,"23450615513, Govt. HSS EXCELLENCE, LALBURRA",प्रतिभागी,शिक्षक
AC7283,Nitu Sonwane,Balaghat,LAL BURRA,"23450615513, Govt. HSS EXCELLENCE, LALBURRA",प्रतिभागी,शिक्षक
BK4190,Hemnandni Deshmukh,Balaghat,LAL BURRA,"23450615513, Govt. HSS EXCELLENCE, LALBURRA",प्रतिभागी,शिक्षक
BR1693,Tanveer Khan,Balaghat,LAL BURRA,"23450615513, Govt. HSS EXCELLENCE, LALBURRA",प्रतिभागी,शिक्षक
AC6762,Kalpna Tande,Balaghat,LAL BURRA,"23450612006, Govt. HSS BIRSOLA",प्रतिभागी,शिक्षक
AC7260,Sapna Nikose,Balaghat,LAL BURRA,"23450612006, Govt. HSS BIRSOLA",प्रतिभागी,शिक्षक
AC7569,Prem Kishor Sonekar,Balaghat,LAL BURRA,"23450612006, Govt. HSS BIRSOLA",प्रतिभागी,शिक्षक
AC9513,Ganesh Bisen,Balaghat,LAL BURRA,"23450612006, Govt. HSS BIRSOLA",प्रतिभागी,शिक्षक
BQ8994,Rabins Daharwal,Balaghat,LAL BURRA,"23450612006, Govt. HSS BIRSOLA",प्रतिभागी,शिक्षक
BX5245,Panchamlal Thakre,Balaghat,LAL BURRA,"23450612006, Govt. HSS BIRSOLA",प्रतिभागी,शिक्षक
BX7525,Anjulata Vishwakarma,Balaghat,LAL BURRA,"23450612006, Govt. HSS BIRSOLA",प्रतिभागी,शिक्षक
AC6783,Shyamlal Kindarle,Balaghat,LAL BURRA,"23450613503, Govt. HSS GIRLS, AMOLI",प्रतिभागी,शिक्षक
AC8346,Shashikala Rangare,Balaghat,LAL BURRA,"23450613503, Govt. HSS GIRLS, AMOLI",प्रतिभागी,शिक्षक
AD1945,Rekha Meshram,Balaghat,LAL BURRA,"23450613503, Govt. HSS GIRLS, AMOLI",प्रतिभागी,शिक्षक
BT5847,Komendra Bhoyer,Balaghat,LAL BURRA,"23450604406, Govt. HSS JAM",प्रतिभागी,शिक्षक
AC5703,Govind Pandre,Balaghat,LAL BURRA,"23450606005, Govt. HSS NEWARGAON  (LA)",प्रतिभागी,शिक्षक
AC7823,Manjula Rahangdale,Balaghat,LAL BURRA,"23450606005, Govt. HSS NEWARGAON  (LA)",प्रतिभागी,शिक्षक
AC8225,Basundray Goutam,Balaghat,LAL BURRA,"23450606005, Govt. HSS NEWARGAON  (LA)",प्रतिभागी,शिक्षक
AC8357,Samendra Parte,Balaghat,LAL BURRA,"23450606005, Govt. HSS NEWARGAON  (LA)",प्रतिभागी,शिक्षक
AC8668,Devendra Kumar Khairwar,Balaghat,LAL BURRA,"23450606005, Govt. HSS NEWARGAON  (LA)",प्रतिभागी,शिक्षक
AC8681,Lekhram Chamarulal Gautam,Balaghat,LAL BURRA,"23450606005, Govt. HSS NEWARGAON  (LA)",प्रतिभागी,शिक्षक
AC8685,Ghumeshvari Goutam,Balaghat,LAL BURRA,"23450606005, Govt. HSS NEWARGAON  (LA)",प्रतिभागी,शिक्षक
BU2693,Geeteshwari Harinkhede,Balaghat,LAL BURRA,"23450606005, Govt. HSS NEWARGAON  (LA)",प्रतिभागी,शिक्षक
AC6939,Dharmendra Kumar Bombarde,Balaghat,LAL BURRA,"23450610106, Govt. HSS KANKI",प्रतिभागी,शिक्षक
AC8100,Sanjay Kumar Baghel,Balaghat,LAL BURRA,"23450610106, Govt. HSS KANKI",प्रतिभागी,शिक्षक
AC9493,Manish Kumar Meshram,Balaghat,LAL BURRA,"23450610106, Govt. HSS KANKI",प्रतिभागी,शिक्षक
BK4550,Rajendra Turkar,Balaghat,LAL BURRA,"23450610106, Govt. HSS KANKI",प्रतिभागी,शिक्षक
BM8724,Durga Jhalpe,Balaghat,LAL BURRA,"23450610106, Govt. HSS KANKI",प्रतिभागी,शिक्षक
BT1898,Gaytri Rahangdale,Balaghat,LAL BURRA,"23450610106, Govt. HSS KANKI",प्रतिभागी,शिक्षक
CD2390,KAILASH GHRADE,Balaghat,LAL BURRA,"23450610106, Govt. HSS KANKI",प्रतिभागी,शिक्षक
AT3878,Dilip Kumar Mahobia,Balaghat,LANJI,"23450801121, Govt. HSS EXCELLENCE, LANJI",प्रतिभागी,शिक्षक
AC6202,Rekha Gharte,Balaghat,LANJI,"23450801122, Govt. HSS GIRLS, LANJI",प्रतिभागी,शिक्षक
BN5778,Seema Chouke,Balaghat,LANJI,"23450801122, Govt. HSS GIRLS, LANJI",प्रतिभागी,शिक्षक
BQ9096,Krishna Das Vaishnaw,Balaghat,LANJI,"23450801122, Govt. HSS GIRLS, LANJI",प्रतिभागी,शिक्षक
BR2510,Sunil Kumar Randive,Balaghat,LANJI,"23450801122, Govt. HSS GIRLS, LANJI",प्रतिभागी,शिक्षक
BR2978,Damayanti Bankde,Balaghat,LANJI,"23450801122, Govt. HSS GIRLS, LANJI",प्रतिभागी,शिक्षक
BY3894,Kishor Kumar Pardhi,Balaghat,LANJI,"23450801122, Govt. HSS GIRLS, LANJI",प्रतिभागी,शिक्षक
BY8709,Santosh Patle,Balaghat,LANJI,"23450801122, Govt. HSS GIRLS, LANJI",प्रतिभागी,शिक्षक
AC5998,Dhaleshwar Kawre,Balaghat,LANJI,"23450809204, Govt. HSS MANERI",प्रतिभागी,शिक्षक
BQ8135,Chandrashekhar Gnoraker,Balaghat,LANJI,"23450809204, Govt. HSS MANERI",प्रतिभागी,शिक्षक
BT2803,Sushil Kumar Borkar,Balaghat,LANJI,"23450809204, Govt. HSS MANERI",प्रतिभागी,शिक्षक
BX9139,Mahesh Kumar Lilhare,Balaghat,LANJI,"23450809204, Govt. HSS MANERI",प्रतिभागी,शिक्षक
BY3485,Swati Meharban,Balaghat,LANJI,"23450809204, Govt. HSS MANERI",प्रतिभागी,शिक्षक
BZ7560,Shadann Khobragde,Balaghat,LANJI,"23450809204, Govt. HSS MANERI",प्रतिभागी,शिक्षक
AC5381,Punamdas Lilhare,Balaghat,LANJI,"23450811007, Govt. HSS BAHELA",प्रतिभागी,शिक्षक
AC8445,Dileshwari Farde,Balaghat,LANJI,"23450811007, Govt. HSS BAHELA",प्रतिभागी,शिक्षक
AC8544,Yogendra Kumar Fulmare,Balaghat,LANJI,"23450811007, Govt. HSS BAHELA",प्रतिभागी,शिक्षक
BQ6346,Ramniwas Awasare,Balaghat,LANJI,"23450811007, Govt. HSS BAHELA",प्रतिभागी,शिक्षक
CB3605,VIJAY LADE,Balaghat,LANJI,"23450811007, Govt. HSS BAHELA",प्रतिभागी,शिक्षक
AC6144,Bhikulal Karulal Nagpure,Balaghat,LANJI,"23450802807, Govt. HSS KARANJA",प्रतिभागी,शिक्षक
AC6148,Santosh Borkar,Balaghat,LANJI,"23450802807, Govt. HSS KARANJA",प्रतिभागी,शिक्षक
BK3306,Geeta Barbudhe,Balaghat,LANJI,"23450802807, Govt. HSS KARANJA",प्रतिभागी,शिक्षक
BQ1055,Manisha Sachin Chavhan,Balaghat,LANJI,"23450802807, Govt. HSS KARANJA",प्रतिभागी,शिक्षक
BQ6478,Geeta Manojkumar Doye,Balaghat,LANJI,"23450802807, Govt. HSS KARANJA",प्रतिभागी,शिक्षक
BQ9093,Gangeshwari Uike,Balaghat,LANJI,"23450802807, Govt. HSS KARANJA",प्रतिभागी,शिक्षक
BY1620,Sumeshwari Uprade,Balaghat,LANJI,"23450802807, Govt. HSS KARANJA",प्रतिभागी,शिक्षक
AC6221,Indira Bedre,Balaghat,LANJI,"23450809811, Govt. HSS BHANEGAON",प्रतिभागी,शिक्षक
AC6222,Durga Harde,Balaghat,LANJI,"23450809811, Govt. HSS BHANEGAON",प्रतिभागी,शिक्षक
AC6227,Dinesh Kumar Thakre,Balaghat,LANJI,"23450809811, Govt. HSS BHANEGAON",प्रतिभागी,शिक्षक
BK2600,Arjun Gurde,Balaghat,LANJI,"23450809811, Govt. HSS BHANEGAON",प्रतिभागी,शिक्षक
BV5055,Manoj Kumar Barmate,Balaghat,LANJI,"23450809811, Govt. HSS BHANEGAON",प्रतिभागी,शिक्षक
BX9288,Munnalal Kore,Balaghat,LANJI,"23450809811, Govt. HSS BHANEGAON",प्रतिभागी,शिक्षक
BY8309,Kailash Vairagade,Balaghat,LANJI,"23450809811, Govt. HSS BHANEGAON",प्रतिभागी,शिक्षक
CD5890,VARSHA DHARDE,Balaghat,LANJI,"23450809811, Govt. HSS BHANEGAON",प्रतिभागी,शिक्षक
AC5308,Kunwar Lal Bisen,Balaghat,LANJI,"23450812008, Govt. HSS MOHJHARI",प्रतिभागी,शिक्षक
AC6002,Khumraj Turkar,Balaghat,LANJI,"23450812008, Govt. HSS MOHJHARI",प्रतिभागी,शिक्षक
BS5535,Mangru Lal Tekam,Balaghat,LANJI,"23450812008, Govt. HSS MOHJHARI",प्रतिभागी,शिक्षक
AC6376,Bhojendra Ghormare,Balaghat,LANJI,"23450807210, Govt. HSS TEMNI",प्रतिभागी,शिक्षक
BV1375,Shashibala Kashyap,Balaghat,LANJI,"23450807210, Govt. HSS TEMNI",प्रतिभागी,शिक्षक
AD3208,Laxmi Chand Amule,Balaghat,PARASWADA,"23450502512, GOVT. HSS EXCELLENCE, PARASWADA",प्रतिभागी,शिक्षक
AD3255,M.K. Deshmukh,Balaghat,PARASWADA,"23450502512, GOVT. HSS EXCELLENCE, PARASWADA",प्रतिभागी,शिक्षक
AD3431,Laxmi Prasad Bhourgade,Balaghat,PARASWADA,"23450502512, GOVT. HSS EXCELLENCE, PARASWADA",प्रतिभागी,शिक्षक
AD3590,Nirmala Chandre,Balaghat,PARASWADA,"23450502512, GOVT. HSS EXCELLENCE, PARASWADA",प्रतिभागी,शिक्षक
AD3616,Ramesh Tembhare,Balaghat,PARASWADA,"23450502512, GOVT. HSS EXCELLENCE, PARASWADA",प्रतिभागी,शिक्षक
AD3631,Topram Choudhary,Balaghat,PARASWADA,"23450502512, GOVT. HSS EXCELLENCE, PARASWADA",प्रतिभागी,शिक्षक
AD3695,Ramesh Rahangdale,Balaghat,PARASWADA,"23450502512, GOVT. HSS EXCELLENCE, PARASWADA",प्रतिभागी,शिक्षक
BT6978,Raju Ukey,Balaghat,PARASWADA,"23450502512, GOVT. HSS EXCELLENCE, PARASWADA",प्रतिभागी,शिक्षक
BV1158,Svarnlata Pardhi,Balaghat,PARASWADA,"23450502512, GOVT. HSS EXCELLENCE, PARASWADA",प्रतिभागी,शिक्षक
AD3548,S.K. Baghel,Balaghat,PARASWADA,"23450505406, GOVT. HSS CHANDANA",प्रतिभागी,शिक्षक
CC2275,RAJESHWARI RAHANGDALE,Balaghat,PARASWADA,"23450505406, GOVT. HSS CHANDANA",प्रतिभागी,शिक्षक
CC3217,NEHA MANESHWAR,Balaghat,PARASWADA,"23450505406, GOVT. HSS CHANDANA",प्रतिभागी,शिक्षक
AD3267,Rajesh Khobragade,Balaghat,PARASWADA,"23450508505, GOVT. HS THEMA",प्रतिभागी,शिक्षक
AD3248,Mahesh Rana,Balaghat,PARASWADA,"23450519505, GOVT. HS BODA",प्रतिभागी,शिक्षक
AD3722,Pancham Singh,Balaghat,PARASWADA,"23450519505, GOVT. HS BODA",प्रतिभागी,शिक्षक
BT6361,Yojna Varade,Balaghat,PARASWADA,"23450519505, GOVT. HS BODA",प्रतिभागी,शिक्षक
BY6931,Shishupal Tembhare,Balaghat,PARASWADA,"23450519505, GOVT. HS BODA",प्रतिभागी,शिक्षक
CC6710,ANUPAMA MESHRAM,Balaghat,PARASWADA,"23450519505, GOVT. HS BODA",प्रतिभागी,शिक्षक
AD4328,Sundarlal Patle,Balaghat,PARASWADA,"23450513205, GOVT. HSS KUMADEHI",प्रतिभागी,शिक्षक
AC7685,Pratima Rawate,Balaghat,PARASWADA,"23450512014, GOVT. HSS UKWA",प्रतिभागी,शिक्षक
AD3348,Laxmikant Rangire,Balaghat,PARASWADA,"23450512014, GOVT. HSS UKWA",प्रतिभागी,शिक्षक
AD3793,Rampal Patle,Balaghat,PARASWADA,"23450512014, GOVT. HSS UKWA",प्रतिभागी,शिक्षक
AD4169,Sharad Nagpure,Balaghat,PARASWADA,"23450512014, GOVT. HSS UKWA",प्रतिभागी,शिक्षक
BK3045,Surendra Kumar Meharban,Balaghat,PARASWADA,"23450512014, GOVT. HSS UKWA",प्रतिभागी,शिक्षक
BN6324,Aakansha Mishra,Balaghat,PARASWADA,"23450512014, GOVT. HSS UKWA",प्रतिभागी,शिक्षक
AD3465,Dilip Kumar Vadichar,Balaghat,PARASWADA,"23450511904, GOVT. HS TANTATOLA",प्रतिभागी,शिक्षक
CC1813,SANJAY TEMBHEKAR,Balaghat,PARASWADA,"23450511904, GOVT. HS TANTATOLA",प्रतिभागी,शिक्षक
CC7471,NILENDRA CHOUHAN,Balaghat,PARASWADA,"23450511904, GOVT. HS TANTATOLA",प्रतिभागी,शिक्षक
CC7472,HIMESHWARI KARANDE,Balaghat,PARASWADA,"23450511904, GOVT. HS TANTATOLA",प्रतिभागी,शिक्षक
CF1950,LIKESH GHORMARE,Balaghat,PARASWADA,"23450511904, GOVT. HS TANTATOLA",प्रतिभागी,शिक्षक
AC7712,Jugal Kishor Sahu,Balaghat,PARASWADA,"23450516403, GOVT. HSS DORA",प्रतिभागी,शिक्षक
AD3219,Tumendra Kumar Bisen,Balaghat,PARASWADA,"23450516403, GOVT. HSS DORA",प्रतिभागी,शिक्षक
AC6652,Vineeta Shrivastava,Balaghat,WARA SEONI,"23450706734, Govt. HSS GIRLS, K.NEHRU, WARASEONI",प्रतिभागी,शिक्षक
BT6313,Harsha Dufare,Balaghat,WARA SEONI,"23450706734, Govt. HSS GIRLS, K.NEHRU, WARASEONI",प्रतिभागी,शिक्षक
AC6784,Suresh Thakre,Balaghat,WARA SEONI,"23450706733, Govt. HSS EXCELLENCE, T.B., WARASEONI",प्रतिभागी,शिक्षक
BW9488,Kanchan Bokade,Balaghat,WARA SEONI,"23450706733, Govt. HSS EXCELLENCE, T.B., WARASEONI",प्रतिभागी,शिक्षक
BX8043,Jhuleshwari Turkar,Balaghat,WARA SEONI,"23450706733, Govt. HSS EXCELLENCE, T.B., WARASEONI",प्रतिभागी,शिक्षक
CD6587,RAKSHA BISEN,Balaghat,WARA SEONI,"23450706733, Govt. HSS EXCELLENCE, T.B., WARASEONI",प्रतिभागी,शिक्षक
AD2142,Manisha Jangitwar,Balaghat,WARA SEONI,"23450706505, Govt. HSS ALEJHARI",प्रतिभागी,शिक्षक
BP9418,Ivraj Kumar Rinayat,Balaghat,WARA SEONI,"23450706505, Govt. HSS ALEJHARI",प्रतिभागी,शिक्षक
BQ6170,Rajesh Patle,Balaghat,WARA SEONI,"23450706505, Govt. HSS ALEJHARI",प्रतिभागी,शिक्षक
AC8092,Mahesh Prasad Maskhare,Balaghat,WARA SEONI,"23450703705, Govt. HSS MEDHAKI",प्रतिभागी,शिक्षक
AC9313,Topendra Baghele,Balaghat,WARA SEONI,"23450703705, Govt. HSS MEDHAKI",प्रतिभागी,शिक्षक
AZ2169,Varsha Baghele,Balaghat,WARA SEONI,"23450703705, Govt. HSS MEDHAKI",प्रतिभागी,शिक्षक
BS3210,Suryarekha Dahate,Balaghat,WARA SEONI,"23450703705, Govt. HSS MEDHAKI",प्रतिभागी,शिक्षक
BU3552,Manjusha Madame,Balaghat,WARA SEONI,"23450703705, Govt. HSS MEDHAKI",प्रतिभागी,शिक्षक
BV8305,Amritlal Maneshwar,Balaghat,WARA SEONI,"23450703705, Govt. HSS MEDHAKI",प्रतिभागी,शिक्षक
BX2030,Umendra Fulchand Choure,Balaghat,WARA SEONI,"23450703705, Govt. HSS MEDHAKI",प्रतिभागी,शिक्षक
BX8059,Manju Madavi,Balaghat,WARA SEONI,"23450703705, Govt. HSS MEDHAKI",प्रतिभागी,शिक्षक
BX9257,Nilamchand Bhagat,Balaghat,WARA SEONI,"23450703705, Govt. HSS MEDHAKI",प्रतिभागी,शिक्षक
AC7694,Prabhavati Idapache,Balaghat,WARA SEONI,"23450713406, Govt. HSS JHALIWADA",प्रतिभागी,शिक्षक
AC8170,Pratap Dewangan,Balaghat,WARA SEONI,"23450713406, Govt. HSS JHALIWADA",प्रतिभागी,शिक्षक
AZ5596,Shailendra Singh Bais,Balaghat,WARA SEONI,"23450713406, Govt. HSS JHALIWADA",प्रतिभागी,शिक्षक
BS5095,Atesh Kumar Patle,Balaghat,WARA SEONI,"23450713406, Govt. HSS JHALIWADA",प्रतिभागी,शिक्षक
BT4725,Manikram Dahate,Balaghat,WARA SEONI,"23450713406, Govt. HSS JHALIWADA",प्रतिभागी,शिक्षक
BU2888,Govanti Shiv,Balaghat,WARA SEONI,"23450713406, Govt. HSS JHALIWADA",प्रतिभागी,शिक्षक
BX8349,Delendra Singh Deshmukh,Balaghat,WARA SEONI,"23450713406, Govt. HSS JHALIWADA",प्रतिभागी,शिक्षक
CB5041,ASHA KATRE,Balaghat,WARA SEONI,"23450713406, Govt. HSS JHALIWADA",प्रतिभागी,शिक्षक
AC9364,Hitendra Kumar Salame,Balaghat,WARA SEONI,"23450709507, Govt. HSS BUDBUDA",प्रतिभागी,शिक्षक
AC9367,Krishnkumar Choudhrey,Balaghat,WARA SEONI,"23450709507, Govt. HSS BUDBUDA",प्रतिभागी,शिक्षक
AZ2549,Jyoti Nagdeve,Balaghat,WARA SEONI,"23450709507, Govt. HSS BUDBUDA",प्रतिभागी,शिक्षक
BQ8421,Ratanlal Biranwar,Balaghat,WARA SEONI,"23450709507, Govt. HSS BUDBUDA",प्रतिभागी,शिक्षक
BQ9082,Savita Rinayat,Balaghat,WARA SEONI,"23450709507, Govt. HSS BUDBUDA",प्रतिभागी,शिक्षक
BV9616,Anita Jaitwar,Balaghat,WARA SEONI,"23450709507, Govt. HSS BUDBUDA",प्रतिभागी,शिक्षक
BZ6343,Reena Bopche,Balaghat,WARA SEONI,"23450709507, Govt. HSS BUDBUDA",प्रतिभागी,शिक्षक
AD4762,Saroj Barve,Barwani,BARWANI,"23280309697, GOVT. HS GIRLS BARWANI (1 TO 10)",प्रतिभागी,शिक्षक
AD6898,Lalit Soni,Barwani,BARWANI,"23280309697, GOVT. HS GIRLS BARWANI (1 TO 10)",प्रतिभागी,शिक्षक
AD7318,Aruna Sen,Barwani,BARWANI,"23280309697, GOVT. HS GIRLS BARWANI (1 TO 10)",प्रतिभागी,शिक्षक
AD7325,Gyani Dawar,Barwani,BARWANI,"23280309697, GOVT. HS GIRLS BARWANI (1 TO 10)",प्रतिभागी,शिक्षक
AD7330,Riddhi Yadav,Barwani,BARWANI,"23280309697, GOVT. HS GIRLS BARWANI (1 TO 10)",प्रतिभागी,शिक्षक
AD7436,Sunita Shukla,Barwani,BARWANI,"23280309697, GOVT. HS GIRLS BARWANI (1 TO 10)",प्रतिभागी,शिक्षक
AD7881,Himaxi Kakesvar,Barwani,BARWANI,"23280309697, GOVT. HS GIRLS BARWANI (1 TO 10)",प्रतिभागी,शिक्षक
AD8706,Rashmi Meghwal,Barwani,BARWANI,"23280309697, GOVT. HS GIRLS BARWANI (1 TO 10)",प्रतिभागी,शिक्षक
AD8894,Manjula Chouhan,Barwani,BARWANI,"23280309697, GOVT. HS GIRLS BARWANI (1 TO 10)",प्रतिभागी,शिक्षक
AD8907,Kailash Pawar,Barwani,BARWANI,"23280309697, GOVT. HS GIRLS BARWANI (1 TO 10)",प्रतिभागी,सीएसी
AJ3885,Kirtibala Rathore,Barwani,BARWANI,"23280309697, GOVT. HS GIRLS BARWANI (1 TO 10)",प्रतिभागी,शिक्षक
BP6060,Vijay wagh,Barwani,BARWANI,"23280309697, GOVT. HS GIRLS BARWANI (1 TO 10)",प्रतिभागी,शिक्षक
BQ4563,Kalpana Makwane,Barwani,BARWANI,"23280309697, GOVT. HS GIRLS BARWANI (1 TO 10)",प्रतिभागी,शिक्षक
BS2702,Archana Chouhan,Barwani,BARWANI,"23280309697, GOVT. HS GIRLS BARWANI (1 TO 10)",प्रतिभागी,शिक्षक
BX1061,Kamlesh Mukati,Barwani,BARWANI,"23280309697, GOVT. HS GIRLS BARWANI (1 TO 10)",प्रतिभागी,शिक्षक
CB5767,SAKHARAM GUJAR,Barwani,BARWANI,"23280309697, GOVT. HS GIRLS BARWANI (1 TO 10)",प्रतिभागी,शिक्षक
CB6793,KAMALA BARELA,Barwani,BARWANI,"23280309697, GOVT. HS GIRLS BARWANI (1 TO 10)",प्रतिभागी,शिक्षक
CB7455,BHARTI SURYAWANSHI,Barwani,BARWANI,"23280309697, GOVT. HS GIRLS BARWANI (1 TO 10)",प्रतिभागी,शिक्षक
CC4865,NILIMA BRAHMANE,Barwani,BARWANI,"23280309697, GOVT. HS GIRLS BARWANI (1 TO 10)",प्रतिभागी,शिक्षक
AD4766,Mrs. Sangita Purohit,Barwani,BARWANI,"23280307519, GOVT. HS SILAVAD (1 TO 10)",प्रतिभागी,शिक्षक
AD7337,Leena Dawar,Barwani,BARWANI,"23280307519, GOVT. HS SILAVAD (1 TO 10)",प्रतिभागी,शिक्षक
AD7408,Rajesh Ratoda,Barwani,BARWANI,"23280307519, GOVT. HS SILAVAD (1 TO 10)",प्रतिभागी,शिक्षक
AD8888,Jagdish Singh Awasya,Barwani,BARWANI,"23280307519, GOVT. HS SILAVAD (1 TO 10)",प्रतिभागी,शिक्षक
AD8911,Rajesh Palsikar,Barwani,BARWANI,"23280307519, GOVT. HS SILAVAD (1 TO 10)",प्रतिभागी,शिक्षक
AD8984,Babulal Awasya,Barwani,BARWANI,"23280307519, GOVT. HS SILAVAD (1 TO 10)",प्रतिभागी,शिक्षक
BS6686,Vijay Vasave,Barwani,BARWANI,"23280307519, GOVT. HS SILAVAD (1 TO 10)",प्रतिभागी,शिक्षक
AD8893,Rakesh Jogi,Barwani,BARWANI,"23280304205, HSS BHAWTI",प्रतिभागी,शिक्षक
BP6256,Dashrath Randha,Barwani,BARWANI,"23280304205, HSS BHAWTI",प्रतिभागी,शिक्षक
BY6772,Sakharam Nargawe,Barwani,BARWANI,"23280304205, HSS BHAWTI",प्रतिभागी,शिक्षक
CC7036,SUNANDA BHOJ,Barwani,BARWANI,"23280304205, HSS BHAWTI",प्रतिभागी,शिक्षक
CC7064,RAVI SOLANKI,Barwani,BARWANI,"23280304205, HSS BHAWTI",प्रतिभागी,शिक्षक
BJ4469,Mahendra Goyal,Barwani,BARWANI,"23280308814, HSS TALWADA BUJURG",प्रतिभागी,शिक्षक
BV5658,Kamal Singh Baghel,Barwani,BARWANI,"23280308814, HSS TALWADA BUJURG",प्रतिभागी,शिक्षक
AD4412,Anil Joshi,Barwani,BARWANI,"23280309696, GOVT. HS BARWANI (1 TO 10)",प्रतिभागी,शिक्षक
AD4478,Priyanka Thakur,Barwani,BARWANI,"23280309696, GOVT. HS BARWANI (1 TO 10)",प्रतिभागी,शिक्षक
AD7376,ANITA MUJALDE,Barwani,BARWANI,"23280309696, GOVT. HS BARWANI (1 TO 10)",प्रतिभागी,शिक्षक
AD8897,Kirti Sukla,Barwani,BARWANI,"23280309696, GOVT. HS BARWANI (1 TO 10)",प्रतिभागी,शिक्षक
AD8898,Basanti Vaskale,Barwani,BARWANI,"23280309696, GOVT. HS BARWANI (1 TO 10)",प्रतिभागी,शिक्षक
AD8925,Seema Baghel,Barwani,BARWANI,"23280309696, GOVT. HS BARWANI (1 TO 10)",प्रतिभागी,शिक्षक
AE1851,Suresh Pathod,Barwani,BARWANI,"23280309696, GOVT. HS BARWANI (1 TO 10)",प्रतिभागी,शिक्षक
BP1268,Yogendra Dixit,Barwani,BARWANI,"23280309696, GOVT. HS BARWANI (1 TO 10)",प्रतिभागी,शिक्षक
BY4675,Mamta Parihar,Barwani,BARWANI,"23280309696, GOVT. HS BARWANI (1 TO 10)",प्रतिभागी,शिक्षक
CE1921,RACHNA VERMA,Barwani,BARWANI,"23280309696, GOVT. HS BARWANI (1 TO 10)",प्रतिभागी,शिक्षक
AD7307,Ekaram More,Barwani,BARWANI,"23280300604, HS BHURA KUA",प्रतिभागी,शिक्षक
AD8957,Hirdaram Chouhan,Barwani,BARWANI,"23280300604, HS BHURA KUA",प्रतिभागी,शिक्षक
CF5607,PRABHU SOLANKI,Barwani,BARWANI,"23280300604, HS BHURA KUA",प्रतिभागी,शिक्षक
CF6294,ROSHANI NARGAVE,Barwani,BARWANI,"23280300604, HS BHURA KUA",प्रतिभागी,शिक्षक
CC1439,SAIPALEE SOLANKI,Barwani,BARWANI,"23280306115, GOVT. HSS MENIMATA (6 TO 12)",प्रतिभागी,शिक्षक
CF2076,PYARSINGH JAMRE,Barwani,BARWANI,"23280306115, GOVT. HSS MENIMATA (6 TO 12)",प्रतिभागी,शिक्षक
CF2077,YESHWANT WASKEL,Barwani,BARWANI,"23280306115, GOVT. HSS MENIMATA (6 TO 12)",प्रतिभागी,शिक्षक
AD6078,Radha Mandloi,Barwani,BARWANI,"23280303114, GOVT. HSS REHGUN (1 TO 12)",प्रतिभागी,शिक्षक
AD8936,Manoj Sen,Barwani,BARWANI,"23280303114, GOVT. HSS REHGUN (1 TO 12)",प्रतिभागी,शिक्षक
AJ3841,Ajay Kumar Panchal,Barwani,BARWANI,"23280303114, GOVT. HSS REHGUN (1 TO 12)",प्रतिभागी,शिक्षक
BQ6160,Dinesh Yadav,Barwani,BARWANI,"23280303114, GOVT. HSS REHGUN (1 TO 12)",प्रतिभागी,शिक्षक
AD7440,Rakhi Pandit,Barwani,BARWANI,"23280309306, GOVT. HS TALUN (1 TO 10)",प्रतिभागी,शिक्षक
AD8891,Manisha Solanki,Barwani,BARWANI,"23280309306, GOVT. HS TALUN (1 TO 10)",प्रतिभागी,शिक्षक
AD8943,Sunita Kag,Barwani,BARWANI,"23280309306, GOVT. HS TALUN (1 TO 10)",प्रतिभागी,शिक्षक
AD9299,Aarti Gupta,Barwani,BARWANI,"23280309306, GOVT. HS TALUN (1 TO 10)",प्रतिभागी,शिक्षक
AD9665,Shila Sisodiya,Barwani,BARWANI,"23280309306, GOVT. HS TALUN (1 TO 10)",प्रतिभागी,शिक्षक
BT6184,Bhavna Dhangar,Barwani,BARWANI,"23280309306, GOVT. HS TALUN (1 TO 10)",प्रतिभागी,शिक्षक
AD7411,Abdul Talib Patel,Barwani,BARWANI,"23280307520, GOVT. HSS SILAWAD (6 TO 12)",प्रतिभागी,शिक्षक
AD7829,Rajiram Naharve,Barwani,BARWANI,"23280307520, GOVT. HSS SILAWAD (6 TO 12)",प्रतिभागी,शिक्षक
AZ8481,Rameshwar Mandloi,Barwani,BARWANI,"23280307520, GOVT. HSS SILAWAD (6 TO 12)",प्रतिभागी,शिक्षक
AD6483,Deva Jamre,Barwani,NIWALI,"23281104608, GOVT. HSS GAVADI (1 TO 12)",प्रतिभागी,शिक्षक
AD7476,Rupesh Pawar,Barwani,NIWALI,"23281104608, GOVT. HSS GAVADI (1 TO 12)",प्रतिभागी,शिक्षक
AD8533,Kashiram Kanoje,Barwani,NIWALI,"23281104608, GOVT. HSS GAVADI (1 TO 12)",प्रतिभागी,शिक्षक
AD8534,Bhiyan Singh Dharwe,Barwani,NIWALI,"23281104608, GOVT. HSS GAVADI (1 TO 12)",प्रतिभागी,शिक्षक
AD8539,Shobharam Ramsingh,Barwani,NIWALI,"23281104608, GOVT. HSS GAVADI (1 TO 12)",प्रतिभागी,शिक्षक
AD8540,Ramesh Jadav,Barwani,NIWALI,"23281104608, GOVT. HSS GAVADI (1 TO 12)",प्रतिभागी,शिक्षक
AD6507,Dhanraj Rathod,Barwani,NIWALI,"23281102616, GOVT. HS JOGWADA (6 TO 10)",प्रतिभागी,शिक्षक
AD8366,Pavan Kumar Patidar,Barwani,NIWALI,"23281102616, GOVT. HS JOGWADA (6 TO 10)",प्रतिभागी,शिक्षक
AD8360,Sheetal Sharma,Barwani,NIWALI,"23281101304, GOVT. HS KANPURI (1 TO 10)",प्रतिभागी,शिक्षक
AD8362,Deepa Tadole,Barwani,NIWALI,"23281101304, GOVT. HS KANPURI (1 TO 10)",प्रतिभागी,शिक्षक
AD8510,Rajendra Piplode,Barwani,NIWALI,"23281101304, GOVT. HS KANPURI (1 TO 10)",प्रतिभागी,शिक्षक
AD8530,Sakaram Aarya,Barwani,NIWALI,"23281101304, GOVT. HS KANPURI (1 TO 10)",प्रतिभागी,शिक्षक
AD6241,Radheshyam Solanki,Barwani,NIWALI,"23281101806, GOVT. HS MORGUN (6 TO 10)",प्रतिभागी,शिक्षक
AD6508,Mukesh Patidar,Barwani,NIWALI,"23281101806, GOVT. HS MORGUN (6 TO 10)",प्रतिभागी,शिक्षक
AD8379,Ramanuj Soni,Barwani,NIWALI,"23281101806, GOVT. HS MORGUN (6 TO 10)",प्रतिभागी,शिक्षक
AD6249,Santosh Rathod,Barwani,NIWALI,"23281108210, HS VAJHAR",प्रतिभागी,शिक्षक
AD8505,Subhash Chandra Bhalse,Barwani,NIWALI,"23281108210, HS VAJHAR",प्रतिभागी,शिक्षक
CF4968,MOTI SINGH JATAV,Barwani,NIWALI,"23281108210, HS VAJHAR",प्रतिभागी,शिक्षक
AD6205,Rajendra Senani,Barwani,NIWALI,"23281106408, GOVT. HSS CHATLI (1 TO 12)",प्रतिभागी,शिक्षक
BP9541,Nilesh Bharti,Barwani,NIWALI,"23281106408, GOVT. HSS CHATLI (1 TO 12)",प्रतिभागी,शिक्षक
CC1668,DINESH KANOJE,Barwani,NIWALI,"23281106408, GOVT. HSS CHATLI (1 TO 12)",प्रतिभागी,शिक्षक
AD6528,Anita Barde,Barwani,NIWALI,"23281100129, GOVT. HSS GIRLS NIWALI (1 TO 12)",प्रतिभागी,शिक्षक
AD6529,Hukum Tadve,Barwani,NIWALI,"23281100129, GOVT. HSS GIRLS NIWALI (1 TO 12)",प्रतिभागी,शिक्षक
AD8371,Purnima Patel,Barwani,NIWALI,"23281100129, GOVT. HSS GIRLS NIWALI (1 TO 12)",प्रतिभागी,शिक्षक
AD8485,Manjula Chohan,Barwani,NIWALI,"23281100129, GOVT. HSS GIRLS NIWALI (1 TO 12)",प्रतिभागी,शिक्षक
AD6524,Sanjay Gupta,Barwani,NIWALI,"23281100128, GOVT. HSS NIWALI (1 TO 12)",प्रतिभागी,शिक्षक
AD7489,Meena Dawar,Barwani,NIWALI,"23281100128, GOVT. HSS NIWALI (1 TO 12)",प्रतिभागी,शिक्षक
AD8501,Shivram Jadav,Barwani,NIWALI,"23281100128, GOVT. HSS NIWALI (1 TO 12)",प्रतिभागी,शिक्षक
AD8571,Bhuwansingh Arya,Barwani,NIWALI,"23281100128, GOVT. HSS NIWALI (1 TO 12)",प्रतिभागी,शिक्षक
AD5521,Madhukar Yeshikar,Barwani,PANSEMAL,"23280707317, GOVT. HSS BOYS KHETIYA (1 TO 12)",प्रतिभागी,शिक्षक
AD8097,Vivek Dasharath Patil,Barwani,PANSEMAL,"23280707317, GOVT. HSS BOYS KHETIYA (1 TO 12)",प्रतिभागी,शिक्षक
AD8210,Sunita Chouhan,Barwani,PANSEMAL,"23280707317, GOVT. HSS BOYS KHETIYA (1 TO 12)",प्रतिभागी,शिक्षक
AD8232,Manisha Sakade,Barwani,PANSEMAL,"23280707317, GOVT. HSS BOYS KHETIYA (1 TO 12)",प्रतिभागी,शिक्षक
AD7954,Shivram Jadav,Barwani,PANSEMAL,"23280708820, HS BOYS PANSEMAL",प्रतिभागी,शिक्षक
AD8151,Joyti Kulkarni,Barwani,PANSEMAL,"23280708820, HS BOYS PANSEMAL",प्रतिभागी,शिक्षक
AO4982,Gabbar Makvane,Barwani,PANSEMAL,"23280708820, HS BOYS PANSEMAL",प्रतिभागी,शिक्षक
CD6844,PRAVIN PATEL,Barwani,PANSEMAL,"23280708820, HS BOYS PANSEMAL",प्रतिभागी,शिक्षक
AD8096,Sakuntala Chohan,Barwani,PANSEMAL,"23280700809, HS DONDWADA",प्रतिभागी,शिक्षक
AD8105,Surekha Jadhav,Barwani,PANSEMAL,"23280700809, HS DONDWADA",प्रतिभागी,शिक्षक
AD8660,Anil Patel,Barwani,PANSEMAL,"23280700809, HS DONDWADA",प्रतिभागी,शिक्षक
BW7179,Rajendra Varude,Barwani,PANSEMAL,"23280700809, HS DONDWADA",प्रतिभागी,शिक्षक
AD7018,Anita Yadav,Barwani,PANSEMAL,"23280708822, GOVT. HSS GIRLS PANSEMAL (1 TO 12)",प्रतिभागी,शिक्षक
AD8039,Darasingh Bhosale,Barwani,PANSEMAL,"23280708822, GOVT. HSS GIRLS PANSEMAL (1 TO 12)",प्रतिभागी,शिक्षक
AD8133,Rajesh Chohan,Barwani,PANSEMAL,"23280708822, GOVT. HSS GIRLS PANSEMAL (1 TO 12)",प्रतिभागी,शिक्षक
AD8179,Ashok Varma,Barwani,PANSEMAL,"23280708822, GOVT. HSS GIRLS PANSEMAL (1 TO 12)",प्रतिभागी,शिक्षक
AD8181,Bhimraw Jadhaw,Barwani,PANSEMAL,"23280708822, GOVT. HSS GIRLS PANSEMAL (1 TO 12)",प्रतिभागी,शिक्षक
AD8661,Narendra Kumar Awasthi,Barwani,PANSEMAL,"23280708822, GOVT. HSS GIRLS PANSEMAL (1 TO 12)",प्रतिभागी,शिक्षक
AS5838,Nehrbya Jadhaw,Barwani,PANSEMAL,"23280708822, GOVT. HSS GIRLS PANSEMAL (1 TO 12)",प्रतिभागी,शिक्षक
BU2884,Rupsing Bhosle,Barwani,PANSEMAL,"23280708822, GOVT. HSS GIRLS PANSEMAL (1 TO 12)",प्रतिभागी,शिक्षक
BU6902,Sonali Bagle,Barwani,PANSEMAL,"23280708822, GOVT. HSS GIRLS PANSEMAL (1 TO 12)",प्रतिभागी,शिक्षक
AD8209,Kailash Jadhav,Barwani,PANSEMAL,"23280704907, HS JALGON",प्रतिभागी,शिक्षक
AD7148,Arvind Subhash Patel,Barwani,PANSEMAL,"23280703005, HSS MALFA",प्रतिभागी,शिक्षक
BW7978,Ravindra Suryavanshi,Barwani,PANSEMAL,"23280703005, HSS MALFA",प्रतिभागी,शिक्षक
BW9460,Gopal Jadhaw,Barwani,PANSEMAL,"23280703005, HSS MALFA",प्रतिभागी,शिक्षक
CF6404,SONU SOLANKI,Barwani,PANSEMAL,"23280700611, GOVT. HS MOYDA (1 TO 10)",प्रतिभागी,शिक्षक
AD6265,Subhash Bhosle,Barwani,PANSEMAL,"23280703205, GOVT. HS TEMLA (1 TO 10)",प्रतिभागी,शिक्षक
CC6910,MADHURI VASAWE,Barwani,PANSEMAL,"23280703205, GOVT. HS TEMLA (1 TO 10)",प्रतिभागी,शिक्षक
AD6929,Sukhalal Ganpat,Barwani,PATI,"23280405317, HS BOYS PATI",प्रतिभागी,शिक्षक
AD7154,Zirmal Ravat,Barwani,PATI,"23280405317, HS BOYS PATI",प्रतिभागी,शिक्षक
AD7219,Sachin Joshi,Barwani,PATI,"23280405317, HS BOYS PATI",प्रतिभागी,शिक्षक
AD9875,Anil Sonwane,Barwani,PATI,"23280405317, HS BOYS PATI",प्रतिभागी,शिक्षक
BK7280,Rameshwar Badole,Barwani,PATI,"23280405317, HS BOYS PATI",प्रतिभागी,शिक्षक
AD6962,Jagdish Solanki,Barwani,PATI,"23280408305, HSS CHOUKI",प्रतिभागी,शिक्षक
AO7140,Khumsingh Dawar,Barwani,PATI,"23280408305, HSS CHOUKI",प्रतिभागी,शिक्षक
CF4483,HIMANSHU PATIDAR,Barwani,PATI,"23280408305, HSS CHOUKI",प्रतिभागी,शिक्षक
AD5318,Heeralal Jamre,Barwani,PATI,"23280405209, GOVT. HS GANDHAWAL (1 TO 10)",प्रतिभागी,शिक्षक
AD7113,Shantilal Jadhav,Barwani,PATI,"23280405209, GOVT. HS GANDHAWAL (1 TO 10)",प्रतिभागी,शिक्षक
AD6114,Pratapsingh Nargave,Barwani,PATI,"23280400710, HSS LIMBI",प्रतिभागी,शिक्षक
AD6081,Raju Harwal,Barwani,PATI,"23280402008, HS OSADA",प्रतिभागी,शिक्षक
AD6845,Sanjay Mukati,Barwani,PATI,"23280402008, HS OSADA",प्रतिभागी,शिक्षक
AD8775,Rubi Bag,Barwani,PATI,"23280402008, HS OSADA",प्रतिभागी,शिक्षक
AD7316,Ajara Khan,Barwani,PATI,"23280406905, HS THAN",प्रतिभागी,शिक्षक
AD6085,Nilesh Bhawsar,Barwani,PATI,"23280405319, HSS PATI",प्रतिभागी,शिक्षक
AD7210,Vandawan Nargave,Barwani,PATI,"23280405319, HSS PATI",प्रतिभागी,शिक्षक
AD7413,Najma Beg,Barwani,PATI,"23280405319, HSS PATI",प्रतिभागी,शिक्षक
AO4955,Mahendra Patel,Barwani,PATI,"23280405319, HSS PATI",प्रतिभागी,शिक्षक
AD6907,Kamalsingh Nargave,Barwani,PATI,"23280405318, GOVT. HSS GIRLS PATI (6 TO 12)",प्रतिभागी,शिक्षक
AD5879,Patliya Chouhan,Barwani,RAJPUR,"23280105809, HS BALSAMUD",प्रतिभागी,शिक्षक
AD5922,Vipin Rathod,Barwani,RAJPUR,"23280105809, HS BALSAMUD",प्रतिभागी,शिक्षक
CF3878,MEENA WASKALE,Barwani,RAJPUR,"23280102707, GOVT. HS BILWANI (1 TO 10)",प्रतिभागी,शिक्षक
AD5837,Mahesh Bhalse,Barwani,RAJPUR,"23280114313, GOVT. HS INDRAPUR (1 TO 10)",प्रतिभागी,शिक्षक
BJ1277,Mayaram More,Barwani,RAJPUR,"23280114313, GOVT. HS INDRAPUR (1 TO 10)",प्रतिभागी,शिक्षक
CC6908,SUBHASH JAMRE,Barwani,RAJPUR,"23280114313, GOVT. HS INDRAPUR (1 TO 10)",प्रतिभागी,शिक्षक
AD4459,Dinesh Solanki,Barwani,RAJPUR,"23280106608, HS KHAJURI",प्रतिभागी,शिक्षक
AD5623,Kaluram Khanna,Barwani,RAJPUR,"23280106608, HS KHAJURI",प्रतिभागी,शिक्षक
AD5969,Rajesh Jamre,Barwani,RAJPUR,"23280106608, HS KHAJURI",प्रतिभागी,शिक्षक
BV8750,Dilip Prajapat,Barwani,RAJPUR,"23280106608, HS KHAJURI",प्रतिभागी,शिक्षक
CC3594,MITHLESH JATAV,Barwani,RAJPUR,"23280106608, HS KHAJURI",प्रतिभागी,शिक्षक
AD5964,Shanta Mujalde,Barwani,RAJPUR,"23280115004, GOVT. HS PIPRI BUJURG (6 TO 10)",प्रतिभागी,शिक्षक
AD6497,Laxman Romde,Barwani,RAJPUR,"23280115004, GOVT. HS PIPRI BUJURG (6 TO 10)",प्रतिभागी,शिक्षक
AD6932,Ganesh Soni,Barwani,RAJPUR,"23280115004, GOVT. HS PIPRI BUJURG (6 TO 10)",प्रतिभागी,शिक्षक
AO8875,Shobharam Mujalde,Barwani,RAJPUR,"23280115004, GOVT. HS PIPRI BUJURG (6 TO 10)",प्रतिभागी,शिक्षक
BJ4667,Suresh Mujalada,Barwani,RAJPUR,"23280115004, GOVT. HS PIPRI BUJURG (6 TO 10)",प्रतिभागी,शिक्षक
CC5950,KIRAN SOLANKI,Barwani,RAJPUR,"23280111204, HS SALI TANDA",प्रतिभागी,शिक्षक
AD5824,Rajaram Badole,Barwani,RAJPUR,"23280105011, GOVT. HS UPLA (6 TO 10)",प्रतिभागी,शिक्षक
AE1155,Bihari Rawat,Barwani,RAJPUR,"23280105011, GOVT. HS UPLA (6 TO 10)",प्रतिभागी,शिक्षक
AD4620,Jyoti Bai,Barwani,RAJPUR,"23280107125, GOVT. HSS BOYS PALSUD (6 TO 12)",प्रतिभागी,शिक्षक
AD5914,Sajjansingh Mujalde,Barwani,RAJPUR,"23280101120, HSS GIRLS OJHAR",प्रतिभागी,सीएसी
AD5139,Jamsingh Pidiya,Barwani,RAJPUR,"23280107126, GOVT. HSS GIRLS PALSUD (1 TO 12)",प्रतिभागी,शिक्षक
AD4551,Rameshvar Muzalde,Barwani,RAJPUR,"23280104125, GOVT. HSS GIRLS RAJPUR (1 TO 12)",प्रतिभागी,शिक्षक
AD5833,Rajubai Yadav,Barwani,RAJPUR,"23280104125, GOVT. HSS GIRLS RAJPUR (1 TO 12)",प्रतिभागी,शिक्षक
BJ1283,Mamta Mujalde,Barwani,RAJPUR,"23280104125, GOVT. HSS GIRLS RAJPUR (1 TO 12)",प्रतिभागी,शिक्षक
AD4454,Sadhana Nigwal,Barwani,RAJPUR,"23280103818, HSS JULWANIYA",प्रतिभागी,शिक्षक
AD4495,Arvind Soni,Barwani,RAJPUR,"23280103818, HSS JULWANIYA",प्रतिभागी,शिक्षक
AD5928,Sita Baghel,Barwani,RAJPUR,"23280103818, HSS JULWANIYA",प्रतिभागी,शिक्षक
AD7981,Sadhana Mandloi,Barwani,RAJPUR,"23280103818, HSS JULWANIYA",प्रतिभागी,शिक्षक
AO8357,Tersingh Chouhan,Barwani,RAJPUR,"23280103818, HSS JULWANIYA",प्रतिभागी,शिक्षक
AD4560,Prakash Khanna,Barwani,RAJPUR,"23280111804, GOVT. HSS KASEL (1 TO 12)",प्रतिभागी,शिक्षक
AD5856,Mamta Dawar,Barwani,RAJPUR,"23280111804, GOVT. HSS KASEL (1 TO 12)",प्रतिभागी,शिक्षक
AD5861,Tukaram Chouhan,Barwani,RAJPUR,"23280111804, GOVT. HSS KASEL (1 TO 12)",प्रतिभागी,शिक्षक
AD6484,Chandrkala Parmar,Barwani,RAJPUR,"23280111804, GOVT. HSS KASEL (1 TO 12)",प्रतिभागी,शिक्षक
AD5777,Dinesh Bhabar,Barwani,RAJPUR,"23280101420, HSS NAGALWADI",प्रतिभागी,शिक्षक
AD4547,Anita Gore,Barwani,SENDHWA,"23280509857, HS BOYS SENDHWA",प्रतिभागी,शिक्षक
AD9675,Sunita Sulya,Barwani,SENDHWA,"23280509857, HS BOYS SENDHWA",प्रतिभागी,शिक्षक
AD9223,Mahesh Jaiswal,Barwani,SENDHWA,"23280509515, GOVT. HSS CHACHRIYA PATI (1 TO 12)",प्रतिभागी,शिक्षक
AD9255,Shobharam Dawar,Barwani,SENDHWA,"23280509515, GOVT. HSS CHACHRIYA PATI (1 TO 12)",प्रतिभागी,शिक्षक
CF4676,SAKHARAM DAWAR,Barwani,SENDHWA,"23280509515, GOVT. HSS CHACHRIYA PATI (1 TO 12)",प्रतिभागी,शिक्षक
CF4679,BIRBAL AARYA,Barwani,SENDHWA,"23280509515, GOVT. HSS CHACHRIYA PATI (1 TO 12)",प्रतिभागी,शिक्षक
AD9291,Tukaram Jadhaw,Barwani,SENDHWA,"23280501205, HS DUGANI",प्रतिभागी,शिक्षक
AD9301,Deepak Veshnaw,Barwani,SENDHWA,"23280501205, HS DUGANI",प्रतिभागी,शिक्षक
AD9682,Sitaram Dawar,Barwani,SENDHWA,"23280507906, GOVT. HS GERUGHATI (1 TO 10)",प्रतिभागी,शिक्षक
BS5647,Jitendra Gupta,Barwani,SENDHWA,"23280507906, GOVT. HS GERUGHATI (1 TO 10)",प्रतिभागी,शिक्षक
CC6344,ANARSINGH MORE,Barwani,SENDHWA,"23280507906, GOVT. HS GERUGHATI (1 TO 10)",प्रतिभागी,शिक्षक
AD9321,Kailash Isi,Barwani,SENDHWA,"23280505817, HSS GIRLS BALWADI",प्रतिभागी,शिक्षक
CC3034,KASHIRAM MANDLOI,Barwani,SENDHWA,"23280505817, HSS GIRLS BALWADI",प्रतिभागी,शिक्षक
AD9036,Omakar Sagre,Barwani,SENDHWA,"23280510306, GOVT. HS JHIRI JAMLI (1 TO 10)",प्रतिभागी,शिक्षक
AD9450,Lalsingh Bhatt,Barwani,SENDHWA,"23280510306, GOVT. HS JHIRI JAMLI (1 TO 10)",प्रतिभागी,शिक्षक
BO5318,Kshitij Rane,Barwani,SENDHWA,"23280514223, GOVT. HSS JHOPALI (1 TO 12)",प्रतिभागी,शिक्षक
BS8280,Bhavsingh Jadhav,Barwani,SENDHWA,"23280514223, GOVT. HSS JHOPALI (1 TO 12)",प्रतिभागी,शिक्षक
AD9247,Shivram Malviya,Barwani,SENDHWA,"23280506112, GOVT. HS KAMOD (1 TO 10)",प्रतिभागी,शिक्षक
BP8580,Sitaram Dudve,Barwani,SENDHWA,"23280506112, GOVT. HS KAMOD (1 TO 10)",प्रतिभागी,शिक्षक
AD9098,Rajak Mansoori,Barwani,SENDHWA,"23280508804, GOVT. HS MOHAN PADAWA (1 TO 10)",प्रतिभागी,शिक्षक
AD9107,Jyoti Dudwe,Barwani,SENDHWA,"23280508804, GOVT. HS MOHAN PADAWA (1 TO 10)",प्रतिभागी,शिक्षक
AD9111,Anwar Khan,Barwani,SENDHWA,"23280508804, GOVT. HS MOHAN PADAWA (1 TO 10)",प्रतिभागी,शिक्षक
AE1210,Deepak Shinde,Barwani,SENDHWA,"23280508804, GOVT. HS MOHAN PADAWA (1 TO 10)",प्रतिभागी,शिक्षक
BM8926,Rina Sonwane,Barwani,SENDHWA,"23280508804, GOVT. HS MOHAN PADAWA (1 TO 10)",प्रतिभागी,शिक्षक
BU1295,Amjad Khan,Barwani,SENDHWA,"23280508804, GOVT. HS MOHAN PADAWA (1 TO 10)",प्रतिभागी,शिक्षक
AO4946,Bhurla Patel,Barwani,SENDHWA,"23280515207, GOVT. HS MAHEDGAON (1 TO 10)",प्रतिभागी,शिक्षक
AD9054,Rampyari Solanki,Barwani,SENDHWA,"23280502218, HSS DHANORA",प्रतिभागी,शिक्षक
AE1221,Brajmohan Garg,Barwani,SENDHWA,"23280502218, HSS DHANORA",प्रतिभागी,शिक्षक
BS2929,Aasharam Vaskale,Barwani,SENDHWA,"23280502218, HSS DHANORA",प्रतिभागी,शिक्षक
BS2930,Ramesh Mehta,Barwani,SENDHWA,"23280502218, HSS DHANORA",प्रतिभागी,शिक्षक
BY2269,Pooja Malviya,Barwani,SENDHWA,"23280502218, HSS DHANORA",प्रतिभागी,शिक्षक
AD9340,Bhikla Solanki,Barwani,SENDHWA,"23280500109, GOVT. HSS DHAWLI (1 TO 12)",प्रतिभागी,शिक्षक
AD9860,Vinod Saste,Barwani,SENDHWA,"23280500109, GOVT. HSS DHAWLI (1 TO 12)",प्रतिभागी,शिक्षक
BU2883,Mahendra Dodwal,Barwani,SENDHWA,"23280500109, GOVT. HSS DHAWLI (1 TO 12)",प्रतिभागी,शिक्षक
AD9102,Kamla Jadhav,Barwani,SENDHWA,"23280509859, GOVT. HSS GIRLS SENDHWA (1 TO 12)",प्रतिभागी,शिक्षक
AD9709,Pratibha Khede,Barwani,SENDHWA,"23280509859, GOVT. HSS GIRLS SENDHWA (1 TO 12)",प्रतिभागी,शिक्षक
AD9732,Sangeeta Verma,Barwani,SENDHWA,"23280509859, GOVT. HSS GIRLS SENDHWA (1 TO 12)",प्रतिभागी,शिक्षक
CC1498,SUMER BARDE,Barwani,SENDHWA,"23280509859, GOVT. HSS GIRLS SENDHWA (1 TO 12)",प्रतिभागी,शिक्षक
AE1245,Jalam Singh Waskle,Barwani,THIKRI,"23281611205, GOVT. HS KHURAMPURA (1 TO 10)",प्रतिभागी,शिक्षक
AE1421,Nihalshingh Jamre,Barwani,THIKRI,"23281611205, GOVT. HS KHURAMPURA (1 TO 10)",प्रतिभागी,शिक्षक
AE1506,Omprakash Badole,Barwani,THIKRI,"23281611205, GOVT. HS KHURAMPURA (1 TO 10)",प्रतिभागी,शिक्षक
AE1894,Shantilal Mukati,Barwani,THIKRI,"23281611205, GOVT. HS KHURAMPURA (1 TO 10)",प्रतिभागी,शिक्षक
BX1801,Sandeepsingh Silawat,Barwani,THIKRI,"23281611205, GOVT. HS KHURAMPURA (1 TO 10)",प्रतिभागी,शिक्षक
AE1432,Mahesh Chouan,Barwani,THIKRI,"23281608406, GOVT. HS RANGAON DEB (1 TO 10)",प्रतिभागी,शिक्षक
AP5048,Kashiram Badole,Barwani,THIKRI,"23281608406, GOVT. HS RANGAON DEB (1 TO 10)",प्रतिभागी,शिक्षक
CF2334,RAKESH KUSHWAH,Barwani,THIKRI,"23281608406, GOVT. HS RANGAON DEB (1 TO 10)",प्रतिभागी,शिक्षक
CF4310,DHARMENDRA DHAKAR,Barwani,THIKRI,"23281608406, GOVT. HS RANGAON DEB (1 TO 10)",प्रतिभागी,शिक्षक
AD4457,Mohan Baghel,Barwani,THIKRI,"23281605612, GOVT. HS TALWADA DEB (1 TO 10)",प्रतिभागी,शिक्षक
AE1858,Sima Mukati,Barwani,THIKRI,"23281605612, GOVT. HS TALWADA DEB (1 TO 10)",प्रतिभागी,शिक्षक
AE1256,Radheshyam Verma,Barwani,THIKRI,"23281601712, HSS BARUFATAK",प्रतिभागी,शिक्षक
AE1827,Hanif Khan,Barwani,THIKRI,"23281601712, HSS BARUFATAK",प्रतिभागी,शिक्षक
CC6305,MUNENDRA NAMDEV,Barwani,THIKRI,"23281601712, HSS BARUFATAK",प्रतिभागी,शिक्षक
AD6864,Motilal Arya,Barwani,THIKRI,"23281605135, HSS BOYS ANJAD",प्रतिभागी,शिक्षक
AD6952,Akhilesh Shukla,Barwani,THIKRI,"23281605135, HSS BOYS ANJAD",प्रतिभागी,शिक्षक
AE1444,Hiralal Chohan,Barwani,THIKRI,"23281605135, HSS BOYS ANJAD",प्रतिभागी,शिक्षक
AE1552,Mansaram Badole,Barwani,THIKRI,"23281605135, HSS BOYS ANJAD",प्रतिभागी,शिक्षक
AE1844,Chatarsingh Solanki,Barwani,THIKRI,"23281605135, HSS BOYS ANJAD",प्रतिभागी,शिक्षक
AE1846,Rameshwar Waskle,Barwani,THIKRI,"23281605135, HSS BOYS ANJAD",प्रतिभागी,शिक्षक
AE1854,Rajesh Barde,Barwani,THIKRI,"23281605135, HSS BOYS ANJAD",प्रतिभागी,शिक्षक
AE1878,Raju Parmar,Barwani,THIKRI,"23281605135, HSS BOYS ANJAD",प्रतिभागी,शिक्षक
AE1883,Rakha Mandloi,Barwani,THIKRI,"23281605135, HSS BOYS ANJAD",प्रतिभागी,शिक्षक
AE2053,Manisha Patidar,Barwani,THIKRI,"23281605135, HSS BOYS ANJAD",प्रतिभागी,शिक्षक
BU6379,Varsha Shinde,Barwani,THIKRI,"23281605135, HSS BOYS ANJAD",प्रतिभागी,शिक्षक
CE9866,SANJAY MORE,Barwani,THIKRI,"23281605135, HSS BOYS ANJAD",प्रतिभागी,शिक्षक
CF2325,REENA SITOLE,Barwani,THIKRI,"23281605135, HSS BOYS ANJAD",प्रतिभागी,शिक्षक
AD5443,Chandan Verma,Barwani,THIKRI,"23281605821, GOVT. HSS THIKRI (6 TO 12)",प्रतिभागी,शिक्षक
AD6423,Sunita Nagar,Barwani,THIKRI,"23281605821, GOVT. HSS THIKRI (6 TO 12)",प्रतिभागी,शिक्षक
AD6591,Pratibha Alawe,Barwani,THIKRI,"23281605821, GOVT. HSS THIKRI (6 TO 12)",प्रतिभागी,शिक्षक
AE1265,Rajendra Rathod,Barwani,THIKRI,"23281605821, GOVT. HSS THIKRI (6 TO 12)",प्रतिभागी,शिक्षक
AE1341,Sanjay Yadav,Barwani,THIKRI,"23281605821, GOVT. HSS THIKRI (6 TO 12)",प्रतिभागी,सीएसी
AE1800,Radheshyam Mandloi,Barwani,THIKRI,"23281605821, GOVT. HSS THIKRI (6 TO 12)",प्रतिभागी,शिक्षक
AE1885,Jagannath Yadev,Barwani,THIKRI,"23281605821, GOVT. HSS THIKRI (6 TO 12)",प्रतिभागी,शिक्षक
AE1887,Moh.Mustak Sufi,Barwani,THIKRI,"23281605821, GOVT. HSS THIKRI (6 TO 12)",प्रतिभागी,शिक्षक
AE2182,Sheela Kanade,Barwani,THIKRI,"23281605821, GOVT. HSS THIKRI (6 TO 12)",प्रतिभागी,शिक्षक
AE1299,Kailash Rajne,Barwani,THIKRI,"23281601210, GOVT. HSS DAWANA (1 TO 12)",प्रतिभागी,शिक्षक
AE1311,Parmanand Kumavat,Barwani,THIKRI,"23281601210, GOVT. HSS DAWANA (1 TO 12)",प्रतिभागी,शिक्षक
AE1428,Babulal Waske,Barwani,THIKRI,"23281601210, GOVT. HSS DAWANA (1 TO 12)",प्रतिभागी,शिक्षक
AE1862,Minaxi Solanki,Barwani,THIKRI,"23281601210, GOVT. HSS DAWANA (1 TO 12)",प्रतिभागी,शिक्षक
AE1863,Kiran Yadav,Barwani,THIKRI,"23281601210, GOVT. HSS DAWANA (1 TO 12)",प्रतिभागी,शिक्षक
AE1351,Sarla Mori,Barwani,THIKRI,"23281600911, GOVT. HSS KUA (1 TO 12)",प्रतिभागी,शिक्षक
AE1830,Rakesh Patidar,Barwani,THIKRI,"23281600911, GOVT. HSS KUA (1 TO 12)",प्रतिभागी,शिक्षक
AD4544,Sandhya Bhargav,Barwani,THIKRI,"23281601610, GOVT. HSS MANDWADA (1 TO 12)",प्रतिभागी,शिक्षक
AD7871,Omaprakash Varma,Barwani,THIKRI,"23281601610, GOVT. HSS MANDWADA (1 TO 12)",प्रतिभागी,शिक्षक
AE1485,Laxminarayan Solanki,Barwani,THIKRI,"23281601610, GOVT. HSS MANDWADA (1 TO 12)",प्रतिभागी,शिक्षक
AE1843,Sevanti Dhangar,Barwani,THIKRI,"23281601610, GOVT. HSS MANDWADA (1 TO 12)",प्रतिभागी,शिक्षक
AE1881,Sangita Solanki,Barwani,THIKRI,"23281601610, GOVT. HSS MANDWADA (1 TO 12)",प्रतिभागी,शिक्षक
CB5007,SANJAY VERMA,Barwani,THIKRI,"23281601610, GOVT. HSS MANDWADA (1 TO 12)",प्रतिभागी,शिक्षक
AE2526,Vasudha Vishwakarma,Betul,AMLA,"23350101230, GOVT. HSS EXCELLENCE AMLA",प्रतिभागी,शिक्षक
AE2978,Surendra Kumar Dhurvey,Betul,AMLA,"23350101230, GOVT. HSS EXCELLENCE AMLA",प्रतिभागी,शिक्षक
AE7074,Kavita Dubey,Betul,AMLA,"23350101230, GOVT. HSS EXCELLENCE AMLA",प्रतिभागी,शिक्षक
AF2399,Rekha Ubnare,Betul,AMLA,"23350101230, GOVT. HSS EXCELLENCE AMLA",प्रतिभागी,शिक्षक
BQ7021,Kanchan Bala Malviya,Betul,AMLA,"23350101230, GOVT. HSS EXCELLENCE AMLA",प्रतिभागी,शिक्षक
BT1611,Ranjana Borkar,Betul,AMLA,"23350101230, GOVT. HSS EXCELLENCE AMLA",प्रतिभागी,शिक्षक
BU4638,Mamta Malvi,Betul,AMLA,"23350101230, GOVT. HSS EXCELLENCE AMLA",प्रतिभागी,शिक्षक
BV5883,Geeta Nagle,Betul,AMLA,"23350101230, GOVT. HSS EXCELLENCE AMLA",प्रतिभागी,शिक्षक
AE7231,Tosh Kumar Malvi,Betul,AMLA,"23350101231, GOVT. HSS GIRLS AMLA",प्रतिभागी,शिक्षक
AL5830,Leelawanti Atulkar,Betul,AMLA,"23350101231, GOVT. HSS GIRLS AMLA",प्रतिभागी,शिक्षक
BT2287,Manihsa Jain,Betul,AMLA,"23350101231, GOVT. HSS GIRLS AMLA",प्रतिभागी,शिक्षक
BT2984,Madhuri Dhurve,Betul,AMLA,"23350101231, GOVT. HSS GIRLS AMLA",प्रतिभागी,शिक्षक
BT2986,Kailash Kumar Chouhan,Betul,AMLA,"23350101231, GOVT. HSS GIRLS AMLA",प्रतिभागी,शिक्षक
AE7011,Golman Singh,Betul,AMLA,"23350115304, GOVT HSS CHHAWAL",प्रतिभागी,शिक्षक
BX6975,Santosh Kaslekar,Betul,AMLA,"23350115304, GOVT HSS CHHAWAL",प्रतिभागी,शिक्षक
CB7333,ASHWINI KAWADKAR,Betul,AMLA,"23350115304, GOVT HSS CHHAWAL",प्रतिभागी,शिक्षक
CC6188,POOJA PARSAI,Betul,AMLA,"23350115304, GOVT HSS CHHAWAL",प्रतिभागी,शिक्षक
CD6583,VARSHA RAHANGDALE,Betul,AMLA,"23350115304, GOVT HSS CHHAWAL",प्रतिभागी,शिक्षक
AE7197,Pradeep Waiker,Betul,AMLA,"23350104605, GOVT. HSS CHIPANYA PIPARIYA",प्रतिभागी,शिक्षक
AM1183,Jagdeesh Mathankar,Betul,AMLA,"23350104605, GOVT. HSS CHIPANYA PIPARIYA",प्रतिभागी,शिक्षक
AE7194,Savita Soni,Betul,AMLA,"23350107406, GOVT. HSS BORDEHI",प्रतिभागी,शिक्षक
AE7382,Sunita Uikey,Betul,AMLA,"23350107406, GOVT. HSS BORDEHI",प्रतिभागी,शिक्षक
AF1704,Amita Bhawarkar,Betul,AMLA,"23350107406, GOVT. HSS BORDEHI",प्रतिभागी,शिक्षक
BT1213,Sangeeta Malviya,Betul,AMLA,"23350107406, GOVT. HSS BORDEHI",प्रतिभागी,शिक्षक
BY7621,Narsingh Dhurve,Betul,AMLA,"23350107406, GOVT. HSS BORDEHI",प्रतिभागी,शिक्षक
AE3430,Dileep Singh Chaudhari,Betul,AMLA,"23350108510, GOVT HSS KHEDLI BAZAR",प्रतिभागी,शिक्षक
BS5567,Nilesh Kumar Raghuwanshi,Betul,AMLA,"23350108510, GOVT HSS KHEDLI BAZAR",प्रतिभागी,शिक्षक
BU6523,Kamalkishor Sahu,Betul,AMLA,"23350100106, GOVT. HSS MORKHA",प्रतिभागी,शिक्षक
BV8338,Pawan Deshmukh,Betul,AMLA,"23350100106, GOVT. HSS MORKHA",प्रतिभागी,शिक्षक
BV8341,Keval Raghuvanshi,Betul,AMLA,"23350100106, GOVT. HSS MORKHA",प्रतिभागी,शिक्षक
BW4001,Shrimati Purba Deshmukh,Betul,AMLA,"23350100106, GOVT. HSS MORKHA",प्रतिभागी,शिक्षक
BO7448,Eaknath Mahatkar,Betul,AMLA,"23350111304, GOVT. HSS UMARIYA",प्रतिभागी,शिक्षक
BR3349,Nand Kishor Choukiker,Betul,AMLA,"23350111304, GOVT. HSS UMARIYA",प्रतिभागी,शिक्षक
CB7789,ROSHNI KAWADE,Betul,ATHNER,"23350200718, GOVT. HSS EXCELLENCE ATHNER",प्रतिभागी,शिक्षक
AE5401,Chetan Kumar Satpute,Betul,ATHNER,"23350202704, GOVT. HS JAWRA",प्रतिभागी,शिक्षक
AE5410,Sunita Narware.,Betul,ATHNER,"23350202704, GOVT. HS JAWRA",प्रतिभागी,शिक्षक
AE6542,Madhukumar Pataiya,Betul,ATHNER,"23350202704, GOVT. HS JAWRA",प्रतिभागी,शिक्षक
BQ7725,Sunita Pataiya,Betul,ATHNER,"23350202704, GOVT. HS JAWRA",प्रतिभागी,शिक्षक
CC5117,CHHAYA DONGRE,Betul,ATHNER,"23350202704, GOVT. HS JAWRA",प्रतिभागी,शिक्षक
BS5458,Chandrakanta Pattaiya,Betul,ATHNER,"23350207404, GOVT. HSS DEHGUD",प्रतिभागी,शिक्षक
CC5750,PRIYANKA KAURAV,Betul,ATHNER,"23350207404, GOVT. HSS DEHGUD",प्रतिभागी,शिक्षक
CF2003,MADHULIKA KHANDAHE,Betul,ATHNER,"23350207404, GOVT. HSS DEHGUD",प्रतिभागी,शिक्षक
BY9369,Yamuna Pandram,Betul,ATHNER,"23350209506, GOVT. HSS SATNER",प्रतिभागी,शिक्षक
AE5841,Manish Kumar Bhorse,Betul,ATHNER,"23350205407, GOVT. HSS HIDLI",प्रतिभागी,शिक्षक
AE5307,Ramu Dhadse,Betul,ATHNER,"23350200106, GOVT HSS KAWLA",प्रतिभागी,शिक्षक
AE5505,Surju Uikey,Betul,ATHNER,"23350200106, GOVT HSS KAWLA",प्रतिभागी,शिक्षक
AE8276,Rameshwar Barskar,Betul,ATHNER,"23350200106, GOVT HSS KAWLA",प्रतिभागी,शिक्षक
BR8996,Narayan Manohare,Betul,ATHNER,"23350200106, GOVT HSS KAWLA",प्रतिभागी,शिक्षक
BS3623,Sangeeta Rathod,Betul,BETUL,"23350321403, GOVT HSS AGRI. BETUL BAZAR",प्रतिभागी,शिक्षक
BV5384,Sanjay Sujane,Betul,BETUL,"23350321403, GOVT HSS AGRI. BETUL BAZAR",प्रतिभागी,शिक्षक
BV7358,Kavita Moukhede,Betul,BETUL,"23350321403, GOVT HSS AGRI. BETUL BAZAR",प्रतिभागी,शिक्षक
AE3435,Vidyabala Gayakwad,Betul,BETUL,"23350320901, GOVT HSS GIRLS BETUL BAZAR",प्रतिभागी,शिक्षक
AE6965,Shyam Kishore Patil,Betul,BETUL,"23350320901, GOVT HSS GIRLS BETUL BAZAR",प्रतिभागी,शिक्षक
BW3852,Amol Panker,Betul,BETUL,"23350320901, GOVT HSS GIRLS BETUL BAZAR",प्रतिभागी,शिक्षक
AE2620,Ritesh Kumar Pathade,Betul,BETUL,"23350324905, GOVT HSS GIRLS BETUL GANJ BETUL",प्रतिभागी,शिक्षक
AE5874,Archana Chouhan,Betul,BETUL,"23350324905, GOVT HSS GIRLS BETUL GANJ BETUL",प्रतिभागी,शिक्षक
AE6046,Rajni Waiker,Betul,BETUL,"23350324905, GOVT HSS GIRLS BETUL GANJ BETUL",प्रतिभागी,शिक्षक
AE6675,Pratima Dhote,Betul,BETUL,"23350324905, GOVT HSS GIRLS BETUL GANJ BETUL",प्रतिभागी,शिक्षक
AE6820,Chandrawati Uikey,Betul,BETUL,"23350324905, GOVT HSS GIRLS BETUL GANJ BETUL",प्रतिभागी,शिक्षक
AE7292,Manjula Chaurasiya,Betul,BETUL,"23350324905, GOVT HSS GIRLS BETUL GANJ BETUL",प्रतिभागी,शिक्षक
AK4840,Sanjay Vadukle,Betul,BETUL,"23350324905, GOVT HSS GIRLS BETUL GANJ BETUL",प्रतिभागी,शिक्षक
BS3033,Lalita Deshmukh,Betul,BETUL,"23350324905, GOVT HSS GIRLS BETUL GANJ BETUL",प्रतिभागी,शिक्षक
BS3097,Sharda Soni,Betul,BETUL,"23350324905, GOVT HSS GIRLS BETUL GANJ BETUL",प्रतिभागी,शिक्षक
AE2567,Meena Evnay,Betul,BETUL,"23350301206, GOVT HSS BHADUS",प्रतिभागी,शिक्षक
AE6858,Sanju Kumar Dhurve,Betul,BETUL,"23350301206, GOVT HSS BHADUS",प्रतिभागी,शिक्षक
AE6966,Harshita Ghodki,Betul,BETUL,"23350301206, GOVT HSS BHADUS",प्रतिभागी,शिक्षक
AE9787,Sarasvati Bathri,Betul,BETUL,"23350301206, GOVT HSS BHADUS",प्रतिभागी,शिक्षक
BR6795,Mannu Kasde,Betul,BETUL,"23350301206, GOVT HSS BHADUS",प्रतिभागी,शिक्षक
BS2050,Yogita Malvi,Betul,BETUL,"23350301206, GOVT HSS BHADUS",प्रतिभागी,शिक्षक
BS5288,Sangeeta Pal,Betul,BETUL,"23350301206, GOVT HSS BHADUS",प्रतिभागी,शिक्षक
BX2173,Sunil Kumar Purve,Betul,BETUL,"23350301206, GOVT HSS BHADUS",प्रतिभागी,शिक्षक
AE3346,Rajesh Soni,Betul,BETUL,"23350314307, GOVT HSS JEEN",प्रतिभागी,शिक्षक
AE3481,Ratnamala Thakur,Betul,BETUL,"23350314307, GOVT HSS JEEN",प्रतिभागी,शिक्षक
BQ5834,Seema Warte,Betul,BETUL,"23350314307, GOVT HSS JEEN",प्रतिभागी,शिक्षक
BU2971,Premlal Evne,Betul,BETUL,"23350314307, GOVT HSS JEEN",प्रतिभागी,शिक्षक
BV7313,Shanta Vadukle,Betul,BETUL,"23350314307, GOVT HSS JEEN",प्रतिभागी,शिक्षक
AE2577,Sapna Dhurvey,Betul,BETUL,"23350315905, GOVT HSS KHANDARA",प्रतिभागी,शिक्षक
AE2584,Ashok Kumar Sabare,Betul,BETUL,"23350315905, GOVT HSS KHANDARA",प्रतिभागी,शिक्षक
AE4007,Khemraj Morle,Betul,BETUL,"23350315905, GOVT HSS KHANDARA",प्रतिभागी,शिक्षक
AL6903,Gaytri Bamne,Betul,BETUL,"23350315905, GOVT HSS KHANDARA",प्रतिभागी,शिक्षक
BO8406,SONALI KATHOTIYA,Betul,BETUL,"23350315905, GOVT HSS KHANDARA",प्रतिभागी,शिक्षक
BS2906,Pramodini Zerbade,Betul,BETUL,"23350315905, GOVT HSS KHANDARA",प्रतिभागी,शिक्षक
BS3298,Bharati Soni,Betul,BETUL,"23350315905, GOVT HSS KHANDARA",प्रतिभागी,शिक्षक
AE2401,Parasram Kawade,Betul,BETUL,"23350317603, GOVT HSS KODAROTI",प्रतिभागी,शिक्षक
AE2984,Sadhuram Chicham,Betul,BETUL,"23350317603, GOVT HSS KODAROTI",प्रतिभागी,शिक्षक
AE9739,Vijay Kumar Barpete,Betul,BETUL,"23350317603, GOVT HSS KODAROTI",प्रतिभागी,शिक्षक
BB3967,Radha Marskole,Betul,BETUL,"23350317603, GOVT HSS KODAROTI",प्रतिभागी,शिक्षक
BS2335,Pushplata Sahu,Betul,BETUL,"23350317603, GOVT HSS KODAROTI",प्रतिभागी,शिक्षक
BS2752,Ritu Karole,Betul,BETUL,"23350317603, GOVT HSS KODAROTI",प्रतिभागी,शिक्षक
BS5079,Nitesh Bhawsar,Betul,BETUL,"23350317603, GOVT HSS KODAROTI",प्रतिभागी,शिक्षक
BS8035,Sunita Kolekar,Betul,BETUL,"23350317603, GOVT HSS KODAROTI",प्रतिभागी,शिक्षक
BX2047,Vishakha Rathore,Betul,BETUL,"23350317603, GOVT HSS KODAROTI",प्रतिभागी,शिक्षक
AE2590,Sukhdev Warkade,Betul,BETUL,"23350306205, GOVT HSS NAHIYA",प्रतिभागी,शिक्षक
AE3747,Kishanlal Malviya,Betul,BETUL,"23350306205, GOVT HSS NAHIYA",प्रतिभागी,शिक्षक
AE6631,Madhu Sonare,Betul,BETUL,"23350306205, GOVT HSS NAHIYA",प्रतिभागी,शिक्षक
AE8612,Narsinghrao Harode,Betul,BETUL,"23350306205, GOVT HSS NAHIYA",प्रतिभागी,शिक्षक
BS2745,Ramkrishna Manothe,Betul,BETUL,"23350306205, GOVT HSS NAHIYA",प्रतिभागी,शिक्षक
BS5278,Sudhakar Gawhade,Betul,BETUL,"23350306205, GOVT HSS NAHIYA",प्रतिभागी,शिक्षक
BW7801,Lata Athole,Betul,BETUL,"23350306205, GOVT HSS NAHIYA",प्रतिभागी,शिक्षक
AE6666,Neel Singh Sisodiya,Betul,BETUL,"23350310506, GOVT HSS SEHRA",प्रतिभागी,शिक्षक
AE8348,B. Patil,Betul,BETUL,"23350310506, GOVT HSS SEHRA",प्रतिभागी,शिक्षक
AL4134,Rekha Waikar,Betul,BETUL,"23350310506, GOVT HSS SEHRA",प्रतिभागी,शिक्षक
AL7474,Lalit Kumar Pohekar,Betul,BETUL,"23350310506, GOVT HSS SEHRA",प्रतिभागी,शिक्षक
BS5304,Anusuiya Wamankar,Betul,BETUL,"23350310506, GOVT HSS SEHRA",प्रतिभागी,शिक्षक
BT1168,Mina Ghaghare,Betul,BETUL,"23350310506, GOVT HSS SEHRA",प्रतिभागी,शिक्षक
BU6315,Satish Kumar Jhallare,Betul,BETUL,"23350310506, GOVT HSS SEHRA",प्रतिभागी,शिक्षक
BV5032,Shyam Kumar Namdeo,Betul,BETUL,"23350310506, GOVT HSS SEHRA",प्रतिभागी,शिक्षक
BV5193,Vaishali Dadhore,Betul,BETUL,"23350310506, GOVT HSS SEHRA",प्रतिभागी,शिक्षक
AE6969,Anita Dhote,Betul,BETUL,"23350322403, GOVT. HSS GIRLS M.L.B. BETUL",प्रतिभागी,शिक्षक
AE6987,Sunita Uikey,Betul,BETUL,"23350322403, GOVT. HSS GIRLS M.L.B. BETUL",प्रतिभागी,शिक्षक
AE8402,Virendra Kumar Jain,Betul,BETUL,"23350322403, GOVT. HSS GIRLS M.L.B. BETUL",प्रतिभागी,शिक्षक
AE8404,Vasanti Deshpande,Betul,BETUL,"23350322403, GOVT. HSS GIRLS M.L.B. BETUL",प्रतिभागी,शिक्षक
BQ9149,Kanchan Pawar,Betul,BETUL,"23350322403, GOVT. HSS GIRLS M.L.B. BETUL",प्रतिभागी,शिक्षक
BS5295,Suresh Kumar Lokhande,Betul,BETUL,"23350322403, GOVT. HSS GIRLS M.L.B. BETUL",प्रतिभागी,शिक्षक
BV8642,Nimisha Dwivedi,Betul,BETUL,"23350322403, GOVT. HSS GIRLS M.L.B. BETUL",प्रतिभागी,शिक्षक
CB7919,NEHA UBNARE,Betul,BETUL,"23350322403, GOVT. HSS GIRLS M.L.B. BETUL",प्रतिभागी,शिक्षक
AE8357,Jyoti Kawadkar,Betul,BHAINSDEHI,"23350413315, GOVT. HSS GIRLS BHAINSDEHI",प्रतिभागी,शिक्षक
BK1331,Vinayak Sonare,Betul,BHAINSDEHI,"23350413315, GOVT. HSS GIRLS BHAINSDEHI",प्रतिभागी,शिक्षक
BW7529,Shubhra Patne,Betul,BHAINSDEHI,"23350413315, GOVT. HSS GIRLS BHAINSDEHI",प्रतिभागी,शिक्षक
BX2529,Bharat Khandait,Betul,BHAINSDEHI,"23350413315, GOVT. HSS GIRLS BHAINSDEHI",प्रतिभागी,शिक्षक
CC5112,PRIYANKA TOMAR,Betul,BHAINSDEHI,"23350413315, GOVT. HSS GIRLS BHAINSDEHI",प्रतिभागी,शिक्षक
BS4513,Alkesh Malviya,Betul,BHAINSDEHI,"23350413705, GOVT. HS BARHAPUR",प्रतिभागी,शिक्षक
AE4349,Dilip Wadiwa,Betul,BHAINSDEHI,"23350408006, GOVT. HSS CHILKAPUR",प्रतिभागी,शिक्षक
AE6170,Panchkala Gatkine,Betul,BHAINSDEHI,"23350408006, GOVT. HSS CHILKAPUR",प्रतिभागी,शिक्षक
AE4481,Nawalsingh Kangale,Betul,BHAINSDEHI,"23350403903, GOVT. HSS DHABA",प्रतिभागी,शिक्षक
AE4615,Ramesh Kumar Geed,Betul,BHAINSDEHI,"23350403903, GOVT. HSS DHABA",प्रतिभागी,शिक्षक
AE5727,Lalsing Uikey,Betul,BHAINSDEHI,"23350403903, GOVT. HSS DHABA",प्रतिभागी,शिक्षक
BV7499,Ajazoddin Qazi,Betul,BHAINSDEHI,"23350403903, GOVT. HSS DHABA",प्रतिभागी,सीएसी
AE4457,Sushila Panse,Betul,BHAINSDEHI,"23350411507, GOVT. HSS JHALLAR",प्रतिभागी,शिक्षक
AE4670,Moujilal Uikey,Betul,BHAINSDEHI,"23350411507, GOVT. HSS JHALLAR",प्रतिभागी,शिक्षक
AE5844,Yogwati Suryawanshi,Betul,BHAINSDEHI,"23350411507, GOVT. HSS JHALLAR",प्रतिभागी,शिक्षक
AE6192,Sangita Patil,Betul,BHAINSDEHI,"23350411507, GOVT. HSS JHALLAR",प्रतिभागी,शिक्षक
AE8355,Pranjali Patil,Betul,BHAINSDEHI,"23350411507, GOVT. HSS JHALLAR",प्रतिभागी,शिक्षक
AF1203,Pramod Kumar Manker,Betul,BHAINSDEHI,"23350411507, GOVT. HSS JHALLAR",प्रतिभागी,शिक्षक
BT5734,Sandhya Ghormare,Betul,BHAINSDEHI,"23350411507, GOVT. HSS JHALLAR",प्रतिभागी,शिक्षक
BT6244,Leena Patil,Betul,BHAINSDEHI,"23350411507, GOVT. HSS JHALLAR",प्रतिभागी,शिक्षक
BT6930,Deepa Patankar,Betul,BHAINSDEHI,"23350411507, GOVT. HSS JHALLAR",प्रतिभागी,शिक्षक
BW9694,Amit Kumar Thite,Betul,BHAINSDEHI,"23350411507, GOVT. HSS JHALLAR",प्रतिभागी,शिक्षक
AE8814,Geetika Verma,Betul,BHAINSDEHI,"23350401906, GOVT. HS KHAMLA",प्रतिभागी,शिक्षक
AE8331,Sunita Likhitkar,Betul,BHAINSDEHI,"23350406705, GOVT. HSS SAWALMENDA",प्रतिभागी,शिक्षक
AE4350,Shweta Nawange,Betul,BHAINSDEHI,"23350411004, GOVT. HSS VIJAYGRAM",प्रतिभागी,शिक्षक
AF1255,Nanakram Dhurve,Betul,BHAINSDEHI,"23350411004, GOVT. HSS VIJAYGRAM",प्रतिभागी,शिक्षक
BP8097,Pradeep Kumar Mahale,Betul,BHAINSDEHI,"23350411004, GOVT. HSS VIJAYGRAM",प्रतिभागी,शिक्षक
BT1625,Lalita Akhande,Betul,BHAINSDEHI,"23350411004, GOVT. HSS VIJAYGRAM",प्रतिभागी,शिक्षक
AE5825,Rajesh Malviya,Betul,BHIMPUR,"23350505713, GOVT. HSS EXCELLENCE SCHOOL BHIMPUR",प्रतिभागी,शिक्षक
AE5976,Nehru Singh Nagale,Betul,BHIMPUR,"23350505713, GOVT. HSS EXCELLENCE SCHOOL BHIMPUR",प्रतिभागी,शिक्षक
BS5448,Ramsingh Uikey,Betul,BHIMPUR,"23350505713, GOVT. HSS EXCELLENCE SCHOOL BHIMPUR",प्रतिभागी,शिक्षक
BQ3295,Baliram Kakodiya,Betul,BHIMPUR,"23350513607, GOVT. HSS DAMJIPURA",प्रतिभागी,शिक्षक
BS5440,Yogesh Kanathey,Betul,BHIMPUR,"23350513607, GOVT. HSS DAMJIPURA",प्रतिभागी,शिक्षक
BT1511,Chandar Singh Saicher,Betul,BHIMPUR,"23350513607, GOVT. HSS DAMJIPURA",प्रतिभागी,शिक्षक
AE5801,Keshri Kasde,Betul,BHIMPUR,"23350500106, GOVT. HS ADRSH DHANORA",प्रतिभागी,शिक्षक
AE8818,Ganesh Evne,Betul,BHIMPUR,"23350500106, GOVT. HS ADRSH DHANORA",प्रतिभागी,अन्य
BQ7752,Gyanchand Dhurve,Betul,BHIMPUR,"23350506204, GOVT. HSS RATANPUR",प्रतिभागी,शिक्षक
AE5911,Bhama Singh Kumare,Betul,BHIMPUR,"23350504905, GOVT. HSS NANDA",प्रतिभागी,सीएसी
AE5916,Lalitram Yadav,Betul,BHIMPUR,"23350504905, GOVT. HSS NANDA",प्रतिभागी,शिक्षक
BV6086,Sangita Bihare,Betul,BHIMPUR,"23350504905, GOVT. HSS NANDA",प्रतिभागी,शिक्षक
AE6008,Navneet Barmase,Betul,BHIMPUR,"23350513803, GOVT. HSS PRABHUDHANA",प्रतिभागी,सीएसी
AE6197,Lalita Koushik,Betul,BHIMPUR,"23350513803, GOVT. HSS PRABHUDHANA",प्रतिभागी,शिक्षक
AE8815,Raju Athnere,Betul,BHIMPUR,"23350513803, GOVT. HSS PRABHUDHANA",प्रतिभागी,बीएसी
BQ3201,Rekha Patil,Betul,BHIMPUR,"23350513803, GOVT. HSS PRABHUDHANA",प्रतिभागी,शिक्षक
BV4424,Satish Yaduwanshi,Betul,BHIMPUR,"23350513803, GOVT. HSS PRABHUDHANA",प्रतिभागी,शिक्षक
BQ3208,Rekha Bankhede,Betul,BHIMPUR,"23350503704, GOVT.HS CHILLOR",प्रतिभागी,शिक्षक
BQ3317,Pankaj Chouhan,Betul,BHIMPUR,"23350503704, GOVT.HS CHILLOR",प्रतिभागी,शिक्षक
CF5686,RAJKUMAR KAVADE,Betul,BHIMPUR,"23350503704, GOVT.HS CHILLOR",प्रतिभागी,शिक्षक
CF5687,MANISH DHURVE,Betul,BHIMPUR,"23350503704, GOVT.HS CHILLOR",प्रतिभागी,शिक्षक
CF8460,DEVENDRA AHAKE,Betul,BHIMPUR,"23350503704, GOVT.HS CHILLOR",प्रतिभागी,शिक्षक
AE6340,Shankar Damale,Betul,BHIMPUR,"23350508407, GOVT HSS CHANDU",प्रतिभागी,शिक्षक
CC7642,RAJESH AHIRWAR,Betul,BHIMPUR,"23350508407, GOVT HSS CHANDU",प्रतिभागी,शिक्षक
AE6031,Surajlal Parte,Betul,BHIMPUR,"23350501805, GOVT HSS GURUWA PIPRIYA",प्रतिभागी,शिक्षक
AE6247,Gulabrao Patankar,Betul,BHIMPUR,"23350501805, GOVT HSS GURUWA PIPRIYA",प्रतिभागी,शिक्षक
AE6370,Krishna Rao Akhande,Betul,BHIMPUR,"23350501805, GOVT HSS GURUWA PIPRIYA",प्रतिभागी,शिक्षक
BT2302,Prabhudayal Chilhate,Betul,BHIMPUR,"23350501805, GOVT HSS GURUWA PIPRIYA",प्रतिभागी,शिक्षक
BV6576,Aruna Amrute,Betul,BHIMPUR,"23350501805, GOVT HSS GURUWA PIPRIYA",प्रतिभागी,शिक्षक
AE7646,Ramsingh Warkade,Betul,CHICHOLI,"23350600115, GOVT. HSS GIRLS CHICHOLI",प्रतिभागी,शिक्षक
AE7868,Vinod Kumar Arya,Betul,CHICHOLI,"23350600115, GOVT. HSS GIRLS CHICHOLI",प्रतिभागी,शिक्षक
AE8712,Sunil Kumar Sunariya,Betul,CHICHOLI,"23350600115, GOVT. HSS GIRLS CHICHOLI",प्रतिभागी,शिक्षक
AE8784,Hariram Uikey,Betul,CHICHOLI,"23350600115, GOVT. HSS GIRLS CHICHOLI",प्रतिभागी,शिक्षक
AE8791,Geeta Arya,Betul,CHICHOLI,"23350600115, GOVT. HSS GIRLS CHICHOLI",प्रतिभागी,शिक्षक
AE8797,Shivraj Evene,Betul,CHICHOLI,"23350600115, GOVT. HSS GIRLS CHICHOLI",प्रतिभागी,शिक्षक
AE8823,Mukesh Masodker,Betul,CHICHOLI,"23350600115, GOVT. HSS GIRLS CHICHOLI",प्रतिभागी,शिक्षक
CE7354,NEELAM KAITHWAS,Betul,CHICHOLI,"23350600115, GOVT. HSS GIRLS CHICHOLI",प्रतिभागी,शिक्षक
AE3927,Anita Jhod,Betul,CHICHOLI,"23350600114, GOVT. HSS EXCELLENCE CHICHOLI",प्रतिभागी,शिक्षक
AE7620,Leena Rathor,Betul,CHICHOLI,"23350600114, GOVT. HSS EXCELLENCE CHICHOLI",प्रतिभागी,शिक्षक
AE7627,Sujata Ukey,Betul,CHICHOLI,"23350600114, GOVT. HSS EXCELLENCE CHICHOLI",प्रतिभागी,शिक्षक
AE7659,Sandhya Gohite,Betul,CHICHOLI,"23350600114, GOVT. HSS EXCELLENCE CHICHOLI",प्रतिभागी,शिक्षक
BT7294,Rajkumar Rathore,Betul,CHICHOLI,"23350600114, GOVT. HSS EXCELLENCE CHICHOLI",प्रतिभागी,शिक्षक
BU8928,Pravin Kumar Uikey,Betul,CHICHOLI,"23350600114, GOVT. HSS EXCELLENCE CHICHOLI",प्रतिभागी,शिक्षक
BU4722,Ashok Evane,Betul,CHICHOLI,"23350605505, GOVT. HSS PATAKHEDA",प्रतिभागी,शिक्षक
AE7628,Silash Kumar Kerketta,Betul,CHICHOLI,"23350606303, GOVT. HSS NASIRABAD",प्रतिभागी,शिक्षक
CC3753,LALITA KOSHE,Betul,CHICHOLI,"23350606303, GOVT. HSS NASIRABAD",प्रतिभागी,शिक्षक
AE7560,Roopdas Yadav,Betul,CHICHOLI,"23350604405, GOVT. HSS CHIRAPATLA",प्रतिभागी,शिक्षक
AE8786,Kishorilal Uikey,Betul,CHICHOLI,"23350604405, GOVT. HSS CHIRAPATLA",प्रतिभागी,शिक्षक
BU3522,Rameshwar Narnaware,Betul,CHICHOLI,"23350604405, GOVT. HSS CHIRAPATLA",प्रतिभागी,शिक्षक
AE7621,Mamta Uikey,Betul,CHICHOLI,"23350603603, GOVT. HSS HARDU",प्रतिभागी,शिक्षक
AE7666,Gendlal Uikey,Betul,CHICHOLI,"23350603603, GOVT. HSS HARDU",प्रतिभागी,शिक्षक
AE7880,Nandusing Uikey,Betul,CHICHOLI,"23350603603, GOVT. HSS HARDU",प्रतिभागी,शिक्षक
CE7350,KAMLESH IVNE,Betul,CHICHOLI,"23350603603, GOVT. HSS HARDU",प्रतिभागी,शिक्षक
AZ7758,Sarita Satanker,Betul,GHORADONGRI,"23350705414, GOVT. HSS GHORADONGRI",प्रतिभागी,शिक्षक
BO3654,Priti Nigam,Betul,GHORADONGRI,"23350705414, GOVT. HSS GHORADONGRI",प्रतिभागी,शिक्षक
BX5174,Rinee Rathore,Betul,GHORADONGRI,"23350705414, GOVT. HSS GHORADONGRI",प्रतिभागी,शिक्षक
CF2581,SURESH BASEDIYA,Betul,GHORADONGRI,"23350705414, GOVT. HSS GHORADONGRI",प्रतिभागी,शिक्षक
AE4188,Archana Uikey,Betul,GHORADONGRI,"23350712404, GOVT. HSS JUWADI",प्रतिभागी,शिक्षक
AE4189,Sarika Kale,Betul,GHORADONGRI,"23350712404, GOVT. HSS JUWADI",प्रतिभागी,शिक्षक
AE9960,Deepak Jain,Betul,GHORADONGRI,"23350712404, GOVT. HSS JUWADI",प्रतिभागी,शिक्षक
AF2223,Vachchhala Khatarkar,Betul,GHORADONGRI,"23350712404, GOVT. HSS JUWADI",प्रतिभागी,शिक्षक
BS6955,Kamla Chandelkar,Betul,GHORADONGRI,"23350712404, GOVT. HSS JUWADI",प्रतिभागी,शिक्षक
BT1013,Pramila Kadwey,Betul,GHORADONGRI,"23350712404, GOVT. HSS JUWADI",प्रतिभागी,शिक्षक
BW3823,Mamta Surana,Betul,GHORADONGRI,"23350712404, GOVT. HSS JUWADI",प्रतिभागी,शिक्षक
AE4207,CHINDHYA KADWAY,Betul,GHORADONGRI,"23350723103, GOVT. HSS SHOBHAPUR COLONY",प्रतिभागी,शिक्षक
AF2531,Laxmen Patankar,Betul,GHORADONGRI,"23350723103, GOVT. HSS SHOBHAPUR COLONY",प्रतिभागी,शिक्षक
BS3293,Rooplal Ghaghre,Betul,GHORADONGRI,"23350723103, GOVT. HSS SHOBHAPUR COLONY",प्रतिभागी,शिक्षक
AE4259,Raju Kumar Bethe,Betul,GHORADONGRI,"23350704213, GOVT. HSS BOYS SARNI",प्रतिभागी,सीएसी
AE2538,Shashi Saire,Betul,GHORADONGRI,"23350708609, GOVT. HSS PADHAR",प्रतिभागी,शिक्षक
AE4224,Devendra Kumar Galphat,Betul,GHORADONGRI,"23350708609, GOVT. HSS PADHAR",प्रतिभागी,शिक्षक
AE4265,Mamta Tripathi,Betul,GHORADONGRI,"23350708609, GOVT. HSS PADHAR",प्रतिभागी,शिक्षक
AO8278,Ritu Khandahe,Betul,GHORADONGRI,"23350708609, GOVT. HSS PADHAR",प्रतिभागी,शिक्षक
BT9683,Aabha Deshmukh,Betul,GHORADONGRI,"23350708609, GOVT. HSS PADHAR",प्रतिभागी,शिक्षक
BY2969,Premlata Jhade,Betul,GHORADONGRI,"23350708609, GOVT. HSS PADHAR",प्रतिभागी,शिक्षक
AE3945,Madhu Kumar Makode,Betul,GHORADONGRI,"23350709703, GOVT. HS KHADARA",प्रतिभागी,शिक्षक
BU2809,Rashmi Namdeo,Betul,GHORADONGRI,"23350709703, GOVT. HS KHADARA",प्रतिभागी,शिक्षक
CC5099,JEETENDRA JHARBADE,Betul,GHORADONGRI,"23350709703, GOVT. HS KHADARA",प्रतिभागी,शिक्षक
AE4234,Ashok Salaam,Betul,GHORADONGRI,"23350703011, GOVT. HSS CHOPNA",प्रतिभागी,शिक्षक
AF1933,Ghudiya Singh Dhurve,Betul,GHORADONGRI,"23350703011, GOVT. HSS CHOPNA",प्रतिभागी,शिक्षक
AF2469,Suneel Kumar Malvee,Betul,GHORADONGRI,"23350703011, GOVT. HSS CHOPNA",प्रतिभागी,सीएसी
CC1720,AMIT TIWARI,Betul,GHORADONGRI,"23350703011, GOVT. HSS CHOPNA",प्रतिभागी,शिक्षक
CF6425,NEHA GAWHADE,Betul,GHORADONGRI,"23350703011, GOVT. HSS CHOPNA",प्रतिभागी,शिक्षक
AF1914,Nirmal Singh Erapache,Betul,GHORADONGRI,"23350713503, GOVT. HS NISCHINTPUR",प्रतिभागी,शिक्षक
CC5113,PUJA MANDAL,Betul,GHORADONGRI,"23350713503, GOVT. HS NISCHINTPUR",प्रतिभागी,शिक्षक
AE4200,Vandana Bele,Betul,GHORADONGRI,"23350704806, GOVT. HS BATKIDOH",प्रतिभागी,शिक्षक
AE4237,Ramlal Parte,Betul,GHORADONGRI,"23350704806, GOVT. HS BATKIDOH",प्रतिभागी,शिक्षक
AA5995,Meena Gujre,Betul,MULTAI,"23350814803, GOVT. HSS GIRLS MULTAI",प्रतिभागी,शिक्षक
AE3411,Nilambari Mane,Betul,MULTAI,"23350814803, GOVT. HSS GIRLS MULTAI",प्रतिभागी,शिक्षक
AF1682,Sanju Kumar Barode,Betul,MULTAI,"23350814803, GOVT. HSS GIRLS MULTAI",प्रतिभागी,शिक्षक
AL5834,Anita Rathour,Betul,MULTAI,"23350814803, GOVT. HSS GIRLS MULTAI",प्रतिभागी,शिक्षक
BQ9187,Anita Kose,Betul,MULTAI,"23350814803, GOVT. HSS GIRLS MULTAI",प्रतिभागी,शिक्षक
BR4036,Pritibala Pandole,Betul,MULTAI,"23350814803, GOVT. HSS GIRLS MULTAI",प्रतिभागी,शिक्षक
BR9865,Sarita Chandelkar,Betul,MULTAI,"23350814803, GOVT. HSS GIRLS MULTAI",प्रतिभागी,शिक्षक
BS3312,Neeta Soni,Betul,MULTAI,"23350814803, GOVT. HSS GIRLS MULTAI",प्रतिभागी,शिक्षक
BS5245,Pushpa Mohabe,Betul,MULTAI,"23350814803, GOVT. HSS GIRLS MULTAI",प्रतिभागी,शिक्षक
BT1574,Hemlata Pawar,Betul,MULTAI,"23350814803, GOVT. HSS GIRLS MULTAI",प्रतिभागी,शिक्षक
BU4212,Kailash Hingve,Betul,MULTAI,"23350814803, GOVT. HSS GIRLS MULTAI",प्रतिभागी,शिक्षक
BV7349,Laxmi Deshmukh,Betul,MULTAI,"23350814803, GOVT. HSS GIRLS MULTAI",प्रतिभागी,शिक्षक
BW1335,Dayanand Pawar,Betul,MULTAI,"23350814803, GOVT. HSS GIRLS MULTAI",प्रतिभागी,शिक्षक
AE2700,Vimla Nirapure,Betul,MULTAI,"23350814601, GOVT. HSS EXCELLENCE MULTAI",प्रतिभागी,शिक्षक
AE2702,Suresh Pawar,Betul,MULTAI,"23350814601, GOVT. HSS EXCELLENCE MULTAI",प्रतिभागी,शिक्षक
AE3086,Tota Ram Khandait,Betul,MULTAI,"23350814601, GOVT. HSS EXCELLENCE MULTAI",प्रतिभागी,शिक्षक
AE3711,Prabhavati Pawar,Betul,MULTAI,"23350814601, GOVT. HSS EXCELLENCE MULTAI",प्रतिभागी,शिक्षक
AE4198,Sarita Pawar,Betul,MULTAI,"23350814601, GOVT. HSS EXCELLENCE MULTAI",प्रतिभागी,शिक्षक
BQ1391,Savitree Raghuwanshi,Betul,MULTAI,"23350814601, GOVT. HSS EXCELLENCE MULTAI",प्रतिभागी,शिक्षक
BQ9192,Raju Wadekar,Betul,MULTAI,"23350814601, GOVT. HSS EXCELLENCE MULTAI",प्रतिभागी,शिक्षक
BT1525,Babita Pardhi,Betul,MULTAI,"23350814601, GOVT. HSS EXCELLENCE MULTAI",प्रतिभागी,शिक्षक
BT4536,Harsha Patil,Betul,MULTAI,"23350814601, GOVT. HSS EXCELLENCE MULTAI",प्रतिभागी,शिक्षक
CD5229,NEETU SISODIYA,Betul,MULTAI,"23350814601, GOVT. HSS EXCELLENCE MULTAI",प्रतिभागी,शिक्षक
AE7013,Rekha Barskar,Betul,MULTAI,"23350806606, GOVT. HSS SAIKHEDA",प्रतिभागी,शिक्षक
BW7000,Sunita Deshmukh,Betul,MULTAI,"23350806606, GOVT. HSS SAIKHEDA",प्रतिभागी,शिक्षक
AE3252,Anita Gawande,Betul,MULTAI,"23350811106, GOVT. HSS JOULKHEDA",प्रतिभागी,शिक्षक
BC9526,Mandakini Chourase,Betul,MULTAI,"23350811106, GOVT. HSS JOULKHEDA",प्रतिभागी,शिक्षक
BP7945,Roshanlal Amrute,Betul,MULTAI,"23350811106, GOVT. HSS JOULKHEDA",प्रतिभागी,शिक्षक
AE3872,Sanjay Padam,Betul,MULTAI,"23350812206, GOVT. HSS KHEDI KORT",प्रतिभागी,शिक्षक
AE7010,Chitrarekha Dhote,Betul,MULTAI,"23350812206, GOVT. HSS KHEDI KORT",प्रतिभागी,शिक्षक
BS2747,Sarang Patrikar,Betul,MULTAI,"23350812206, GOVT. HSS KHEDI KORT",प्रतिभागी,शिक्षक
AE6898,Rati Ram Raghuvanshi,Betul,MULTAI,"23350801009, GOVT. HSS DUNAWA",प्रतिभागी,शिक्षक
AA5760,Shanta Vaikar,Betul,MULTAI,"23350802006, GOVT. HSS BARKHED",प्रतिभागी,शिक्षक
AE2670,Pradeep Tatere,Betul,MULTAI,"23350802006, GOVT. HSS BARKHED",प्रतिभागी,शिक्षक
AE3611,Baburao Malviya,Betul,MULTAI,"23350802006, GOVT. HSS BARKHED",प्रतिभागी,शिक्षक
AE3621,Ballu Chikane,Betul,MULTAI,"23350802006, GOVT. HSS BARKHED",प्रतिभागी,शिक्षक
AE3757,Narayan Nirapure,Betul,MULTAI,"23350802006, GOVT. HSS BARKHED",प्रतिभागी,शिक्षक
AE3808,Sukiya Salame,Betul,MULTAI,"23350802006, GOVT. HSS BARKHED",प्रतिभागी,शिक्षक
CB5279,SANTOSH GAKRE,Betul,MULTAI,"23350802006, GOVT. HSS BARKHED",प्रतिभागी,शिक्षक
AE3409,Ranjit Kumar Saravgir,Betul,PRABHAT PATTAN,"23350900112, GOVT. HSS EXCELLENCE PRABHAT PATTAN",प्रतिभागी,शिक्षक
BT2293,Prakash Kumar Khavse,Betul,PRABHAT PATTAN,"23350900112, GOVT. HSS EXCELLENCE PRABHAT PATTAN",प्रतिभागी,शिक्षक
AE3349,Sanjay Khadagade,Betul,PRABHAT PATTAN,"23350900113, GOVT. HSS GIRLS PRABHAT PATTAN",प्रतिभागी,शिक्षक
BT2327,Kamlesh Pawar,Betul,PRABHAT PATTAN,"23350900113, GOVT. HSS GIRLS PRABHAT PATTAN",प्रतिभागी,शिक्षक
BV2200,Sahadev Satpute,Betul,PRABHAT PATTAN,"23350900113, GOVT. HSS GIRLS PRABHAT PATTAN",प्रतिभागी,शिक्षक
AE3844,Sunil Bele,Betul,PRABHAT PATTAN,"23350901207, GOVT. HSS GHATBIROLI",प्रतिभागी,शिक्षक
AE9115,Panjabsingh Nagde,Betul,PRABHAT PATTAN,"23350901207, GOVT. HSS GHATBIROLI",प्रतिभागी,शिक्षक
AF1346,Vinod Deshmukh,Betul,PRABHAT PATTAN,"23350901207, GOVT. HSS GHATBIROLI",प्रतिभागी,शिक्षक
AF1391,Jaydeo Satpute,Betul,PRABHAT PATTAN,"23350901207, GOVT. HSS GHATBIROLI",प्रतिभागी,शिक्षक
AF1698,Jyoti Shivahare,Betul,PRABHAT PATTAN,"23350901207, GOVT. HSS GHATBIROLI",प्रतिभागी,शिक्षक
BX2111,Lata Choudhary,Betul,PRABHAT PATTAN,"23350901207, GOVT. HSS GHATBIROLI",प्रतिभागी,शिक्षक
AA5521,Kanhaiya Sahu,Betul,PRABHAT PATTAN,"23350904910, GOVT. HSS BIRUL BAZAR",प्रतिभागी,शिक्षक
AE3372,Vibhuti Bhushan Deshmukh,Betul,PRABHAT PATTAN,"23350904910, GOVT. HSS BIRUL BAZAR",प्रतिभागी,शिक्षक
AE3373,Haridas Barpete,Betul,PRABHAT PATTAN,"23350904910, GOVT. HSS BIRUL BAZAR",प्रतिभागी,शिक्षक
AE3427,Sanjay Chouhan,Betul,PRABHAT PATTAN,"23350904910, GOVT. HSS BIRUL BAZAR",प्रतिभागी,शिक्षक
AF1726,Durgadas Mathanker,Betul,PRABHAT PATTAN,"23350904910, GOVT. HSS BIRUL BAZAR",प्रतिभागी,शिक्षक
BO2792,Nirmala Binjhade,Betul,PRABHAT PATTAN,"23350904910, GOVT. HSS BIRUL BAZAR",प्रतिभागी,शिक्षक
BU5628,Ravishankar Deshmukh,Betul,PRABHAT PATTAN,"23350904910, GOVT. HSS BIRUL BAZAR",प्रतिभागी,शिक्षक
BY4402,Krishna Rao Deshmukh,Betul,PRABHAT PATTAN,"23350904910, GOVT. HSS BIRUL BAZAR",प्रतिभागी,शिक्षक
AF1576,Geeta Mathankar,Betul,PRABHAT PATTAN,"23350905910, GOVT. HSS MASOD",प्रतिभागी,शिक्षक
9165467456,Hariram  Beley ,Betul,PRABHAT PATTAN,"23350908805, GOVT. HSS GEHUBARSA",प्रतिभागी,शिक्षक
AF1498,Kishori Kumre,Betul,PRABHAT PATTAN,"23350908805, GOVT. HSS GEHUBARSA",प्रतिभागी,शिक्षक
AF1601,Munnilal Parte,Betul,PRABHAT PATTAN,"23350908805, GOVT. HSS GEHUBARSA",प्रतिभागी,शिक्षक
AF1605,Rekha Kumare,Betul,PRABHAT PATTAN,"23350908805, GOVT. HSS GEHUBARSA",प्रतिभागी,शिक्षक
AF1614,Tensingh Kumre,Betul,PRABHAT PATTAN,"23350908805, GOVT. HSS GEHUBARSA",प्रतिभागी,शिक्षक
BS7821,Kailash Kumar Baraskar,Betul,PRABHAT PATTAN,"23350908805, GOVT. HSS GEHUBARSA",प्रतिभागी,शिक्षक
BV2154,MAMTA PATANKAR,Betul,PRABHAT PATTAN,"23350908805, GOVT. HSS GEHUBARSA",प्रतिभागी,शिक्षक
AE3360,Namdeo Potfode,Betul,PRABHAT PATTAN,"23350907507, GOVT, HSS BISNOOR",प्रतिभागी,शिक्षक
AF1563,Rajesh Pawar,Betul,PRABHAT PATTAN,"23350907507, GOVT, HSS BISNOOR",प्रतिभागी,शिक्षक
AF1578,Subani Dhurve,Betul,PRABHAT PATTAN,"23350907507, GOVT, HSS BISNOOR",प्रतिभागी,शिक्षक
BV7334,Santosh Barskar,Betul,PRABHAT PATTAN,"23350907507, GOVT, HSS BISNOOR",प्रतिभागी,शिक्षक
AE2859,Bindu Namdeo,Betul,SHAHPUR,"23351003912, GOVT. HSS GIRLS SHAHPUR",प्रतिभागी,शिक्षक
AE6428,Rajesh Kumar Chourey,Betul,SHAHPUR,"23351003912, GOVT. HSS GIRLS SHAHPUR",प्रतिभागी,शिक्षक
AE6440,Abhilasha Parsai,Betul,SHAHPUR,"23351003912, GOVT. HSS GIRLS SHAHPUR",प्रतिभागी,शिक्षक
AE6442,Yogita Verma,Betul,SHAHPUR,"23351003912, GOVT. HSS GIRLS SHAHPUR",प्रतिभागी,शिक्षक
BS5977,Ananda Komre,Betul,SHAHPUR,"23351003912, GOVT. HSS GIRLS SHAHPUR",प्रतिभागी,शिक्षक
CC5788,LATA THAKUR,Betul,SHAHPUR,"23351003912, GOVT. HSS GIRLS SHAHPUR",प्रतिभागी,शिक्षक
AE2805,Ramprasad Dhurve,Betul,SHAHPUR,"23351010104, GOVT. HS KUNDI",प्रतिभागी,शिक्षक
AE5192,Shashi Gawhade,Betul,SHAHPUR,"23351010104, GOVT. HS KUNDI",प्रतिभागी,शिक्षक
AE5585,Munnalal Tumram,Betul,SHAHPUR,"23351010104, GOVT. HS KUNDI",प्रतिभागी,शिक्षक
AE6425,Nanakram Verma,Betul,SHAHPUR,"23351010104, GOVT. HS KUNDI",प्रतिभागी,शिक्षक
BQ3332,Snehlata Baraskar,Betul,SHAHPUR,"23351010104, GOVT. HS KUNDI",प्रतिभागी,शिक्षक
BT1523,Sajjan Singh Marskole,Betul,SHAHPUR,"23351010104, GOVT. HS KUNDI",प्रतिभागी,शिक्षक
BY4825,Barkha Singare,Betul,SHAHPUR,"23351010104, GOVT. HS KUNDI",प्रतिभागी,शिक्षक
CC7649,BIMI JAIN,Betul,SHAHPUR,"23351010104, GOVT. HS KUNDI",प्रतिभागी,शिक्षक
CC7655,SONALI YADAV,Betul,SHAHPUR,"23351010104, GOVT. HS KUNDI",प्रतिभागी,शिक्षक
CE8808,KAMLESH KUMAR DONGRE,Betul,SHAHPUR,"23351010104, GOVT. HS KUNDI",प्रतिभागी,शिक्षक
AE6458,Manoj Adlak,Betul,SHAHPUR,"23351008014, GOVT. HSS GIRLS BHOURA",प्रतिभागी,शिक्षक
AF2000,Ashok Shivade,Betul,SHAHPUR,"23351008014, GOVT. HSS GIRLS BHOURA",प्रतिभागी,शिक्षक
AE5116,Karansingh Dhurve,Betul,SHAHPUR,"23351005804, GOVT.HSS BIJADEHI",प्रतिभागी,शिक्षक
AE6459,Gotamsing Suhane,Betul,SHAHPUR,"23351007105, GOVT. HS DHODHRAMAU",प्रतिभागी,शिक्षक
AE6445,Amita Bhardwaj,Betul,SHAHPUR,"23351008506, GOVT. HSS KESIYA",प्रतिभागी,शिक्षक
BR5206,Satish Mahajan,Betul,SHAHPUR,"23351008506, GOVT. HSS KESIYA",प्रतिभागी,शिक्षक
CC5797,KARUNA RAGHUWANSHI,Betul,SHAHPUR,"23351008506, GOVT. HSS KESIYA",प्रतिभागी,शिक्षक
AE6409,Santlal Uikey,Betul,SHAHPUR,"23351009205, GOVT. HS TARA",प्रतिभागी,शिक्षक
BG4401,Rakesh Dixit,Bhind,ATER,"23030604406, GOVT. HSS JAWASA",प्रतिभागी,शिक्षक
BG4420,Kamlesh Kumar,Bhind,ATER,"23030604406, GOVT. HSS JAWASA",प्रतिभागी,शिक्षक
BG4833,Rajesh Singh Kushwah,Bhind,ATER,"23030604406, GOVT. HSS JAWASA",प्रतिभागी,शिक्षक
BN5506,Rakesh Kumar,Bhind,ATER,"23030604406, GOVT. HSS JAWASA",प्रतिभागी,शिक्षक
BQ6475,Saroj Chauhan,Bhind,ATER,"23030604406, GOVT. HSS JAWASA",प्रतिभागी,शिक्षक
BU2419,Vandna Chauhan,Bhind,ATER,"23030604406, GOVT. HSS JAWASA",प्रतिभागी,शिक्षक
BU4559,Sangeeta Kosal,Bhind,ATER,"23030604406, GOVT. HSS JAWASA",प्रतिभागी,शिक्षक
BX7507,Dileep Pandey,Bhind,ATER,"23030604406, GOVT. HSS JAWASA",प्रतिभागी,शिक्षक
BG2748,Avadhesh Kumar Sharma,Bhind,ATER,"23030622012, GOVT. HSS EXCELENCE, ATER",प्रतिभागी,शिक्षक
BG8232,Rajesh Kumar Sharma,Bhind,ATER,"23030622012, GOVT. HSS EXCELENCE, ATER",प्रतिभागी,शिक्षक
BG8248,Smita Dixit,Bhind,ATER,"23030622012, GOVT. HSS EXCELENCE, ATER",प्रतिभागी,शिक्षक
CD2594,VANIJYA RAW,Bhind,ATER,"23030622012, GOVT. HSS EXCELENCE, ATER",प्रतिभागी,शिक्षक
BG4072,Shivkumar Goyal,Bhind,ATER,"23030611906, GOVT. HS BAROHI",प्रतिभागी,शिक्षक
BG4125,Satyendra Singh,Bhind,ATER,"23030611906, GOVT. HS BAROHI",प्रतिभागी,शिक्षक
BG4455,Manju Shakya,Bhind,ATER,"23030611906, GOVT. HS BAROHI",प्रतिभागी,शिक्षक
BG5125,Anil Kumar Joshi,Bhind,ATER,"23030611906, GOVT. HS BAROHI",प्रतिभागी,शिक्षक
BQ3894,Vivek Kumar Srivastava,Bhind,ATER,"23030611906, GOVT. HS BAROHI",प्रतिभागी,शिक्षक
AT3271,Sunil Kumar Baghel,Bhind,ATER,"23030614303, GOVT. HS PAWAI",प्रतिभागी,शिक्षक
BX7500,Mukesh Raipuriya,Bhind,ATER,"23030614303, GOVT. HS PAWAI",प्रतिभागी,शिक्षक
BG3880,Dharmveer Singh Bhadauria,Bhind,ATER,"23030610814, GOVT. HSS MASOORI",प्रतिभागी,शिक्षक
BG4438,Charan Singh,Bhind,ATER,"23030610814, GOVT. HSS MASOORI",प्रतिभागी,शिक्षक
BG8390,Usha Jayswal,Bhind,ATER,"23030610814, GOVT. HSS MASOORI",प्रतिभागी,शिक्षक
BY1161,Sonu Chokotiya,Bhind,ATER,"23030610814, GOVT. HSS MASOORI",प्रतिभागी,शिक्षक
BZ3774,Pawan Singh Rathore,Bhind,ATER,"23030610814, GOVT. HSS MASOORI",प्रतिभागी,शिक्षक
AZ9565,Vasudev Singh,Bhind,ATER,"23030618305, GOVT. HSS UDOTGRAH",प्रतिभागी,शिक्षक
BG2742,Rakesh Kumar Ojha,Bhind,ATER,"23030618305, GOVT. HSS UDOTGRAH",प्रतिभागी,शिक्षक
BG2759,Beerendra Singh Gurjar,Bhind,ATER,"23030618305, GOVT. HSS UDOTGRAH",प्रतिभागी,शिक्षक
BG2762,Arvindra Singh Bhadouria,Bhind,ATER,"23030618305, GOVT. HSS UDOTGRAH",प्रतिभागी,शिक्षक
BG3753,Manoj Kumar Jayant,Bhind,ATER,"23030618305, GOVT. HSS UDOTGRAH",प्रतिभागी,शिक्षक
BG4528,Dilleeram Kushwah,Bhind,ATER,"23030618305, GOVT. HSS UDOTGRAH",प्रतिभागी,शिक्षक
BG4530,Geeta Devi,Bhind,ATER,"23030618305, GOVT. HSS UDOTGRAH",प्रतिभागी,शिक्षक
BG8479,Rakesh Singh Bhadoriya,Bhind,ATER,"23030618305, GOVT. HSS UDOTGRAH",प्रतिभागी,शिक्षक
BG8492,Kaptan Singh,Bhind,ATER,"23030618305, GOVT. HSS UDOTGRAH",प्रतिभागी,शिक्षक
BG8574,Sanjeet Kumar Xalxo,Bhind,ATER,"23030618305, GOVT. HSS UDOTGRAH",प्रतिभागी,शिक्षक
BN5479,Kamlesh Babu Nagar,Bhind,ATER,"23030618305, GOVT. HSS UDOTGRAH",प्रतिभागी,शिक्षक
BN6880,Suresh Singh,Bhind,ATER,"23030618305, GOVT. HSS UDOTGRAH",प्रतिभागी,शिक्षक
BU3297,Avadh Kishor,Bhind,ATER,"23030618305, GOVT. HSS UDOTGRAH",प्रतिभागी,शिक्षक
BY7306,Amar Singh,Bhind,ATER,"23030618305, GOVT. HSS UDOTGRAH",प्रतिभागी,शिक्षक
BG4139,Surendra Singh Baghel,Bhind,ATER,"23030616804, GOVT. HSS JAMSARA",प्रतिभागी,शिक्षक
BG4274,Subhash Bansal,Bhind,ATER,"23030616804, GOVT. HSS JAMSARA",प्रतिभागी,शिक्षक
AU8213,Prathvipal Singh Bhadauriya,Bhind,ATER,"23030607208, GOVT. HSS KISHUPURA",प्रतिभागी,शिक्षक
BG8526,Kaushal Kishor Sharma,Bhind,ATER,"23030607208, GOVT. HSS KISHUPURA",प्रतिभागी,शिक्षक
BG8615,Kok Singh Bhadauria,Bhind,ATER,"23030607208, GOVT. HSS KISHUPURA",प्रतिभागी,शिक्षक
BY9274,SANTOSH SINGH,Bhind,ATER,"23030607208, GOVT. HSS KISHUPURA",प्रतिभागी,शिक्षक
AU6824,Manoj Pandey,Bhind,ATER,"23030602906, GOVT. HS BADAPURA",प्रतिभागी,शिक्षक
BT6170,Brajendra Sharma,Bhind,ATER,"23030602906, GOVT. HS BADAPURA",प्रतिभागी,शिक्षक
BX7514,Arvind Kumar,Bhind,ATER,"23030602906, GOVT. HS BADAPURA",प्रतिभागी,शिक्षक
CC2447,SAGAR TOMAR,Bhind,ATER,"23030602906, GOVT. HS BADAPURA",प्रतिभागी,शिक्षक
BG3882,Yogendra Singh Bhadoria,Bhind,ATER,"23030600505, GOVT. HSS MANEPURA",प्रतिभागी,शिक्षक
BR2571,Ajay Singh Bhadouriya,Bhind,ATER,"23030600505, GOVT. HSS MANEPURA",प्रतिभागी,शिक्षक
BR8550,Rakesh Sharma,Bhind,ATER,"23030600505, GOVT. HSS MANEPURA",प्रतिभागी,शिक्षक
BS9927,Anuradha Sengar,Bhind,ATER,"23030600505, GOVT. HSS MANEPURA",प्रतिभागी,शिक्षक
BZ2252,Vikash Singh,Bhind,ATER,"23030600505, GOVT. HSS MANEPURA",प्रतिभागी,शिक्षक
BG2157,Ashok Singh Bhadoriya,Bhind,BHIND,"23030414114, GOVT. HS NUNHATA",प्रतिभागी,शिक्षक
BG4551,Suman Devi Kushwah,Bhind,BHIND,"23030414114, GOVT. HS NUNHATA",प्रतिभागी,शिक्षक
BG4836,Ravindra Kumar Shakya,Bhind,BHIND,"23030414114, GOVT. HS NUNHATA",प्रतिभागी,शिक्षक
BG7645,Balvir Singh Chauhan,Bhind,BHIND,"23030414114, GOVT. HS NUNHATA",प्रतिभागी,शिक्षक
BT1374,Pooja Kushwah,Bhind,BHIND,"23030414114, GOVT. HS NUNHATA",प्रतिभागी,शिक्षक
BU8033,Manoj Kumar,Bhind,BHIND,"23030414114, GOVT. HS NUNHATA",प्रतिभागी,शिक्षक
BX5560,Ashwani Tiwari,Bhind,BHIND,"23030414114, GOVT. HS NUNHATA",प्रतिभागी,शिक्षक
BG4852,Amit Kumar Jain,Bhind,BHIND,"23030409605, GOVT. HS KOT",प्रतिभागी,शिक्षक
BG3637,Manoj Bhadouriya,Bhind,BHIND,"23030417407, GOVT. HS BARAKALAN",प्रतिभागी,शिक्षक
BG4002,Ram Sanjeevan Bhardwaj,Bhind,BHIND,"23030417407, GOVT. HS BARAKALAN",प्रतिभागी,शिक्षक
BG4807,Jitendra Tiwari,Bhind,BHIND,"23030417407, GOVT. HS BARAKALAN",प्रतिभागी,शिक्षक
BG4832,Rajesh Singh Kushwah,Bhind,BHIND,"23030417407, GOVT. HS BARAKALAN",प्रतिभागी,शिक्षक
BG4855,Abha Mishra,Bhind,BHIND,"23030417407, GOVT. HS BARAKALAN",प्रतिभागी,शिक्षक
BG4857,Manju Kushwah,Bhind,BHIND,"23030417407, GOVT. HS BARAKALAN",प्रतिभागी,शिक्षक
BG5246,Devendra Kumar Budholiya,Bhind,BHIND,"23030417407, GOVT. HS BARAKALAN",प्रतिभागी,शिक्षक
BG7577,Seema Soni,Bhind,BHIND,"23030417407, GOVT. HS BARAKALAN",प्रतिभागी,शिक्षक
BG7938,Harnath Singh,Bhind,BHIND,"23030417407, GOVT. HS BARAKALAN",प्रतिभागी,शिक्षक
BT8534,Som Singh,Bhind,BHIND,"23030417407, GOVT. HS BARAKALAN",प्रतिभागी,शिक्षक
BT9732,Dulare Singh Moroliya,Bhind,BHIND,"23030417407, GOVT. HS BARAKALAN",प्रतिभागी,शिक्षक
BU1049,Rajesh Singh Gidoliya,Bhind,BHIND,"23030417407, GOVT. HS BARAKALAN",प्रतिभागी,शिक्षक
BU2094,Rama Kushwah,Bhind,BHIND,"23030417407, GOVT. HS BARAKALAN",प्रतिभागी,शिक्षक
BU8300,Nareshpal Singh Chouhan,Bhind,BHIND,"23030417407, GOVT. HS BARAKALAN",प्रतिभागी,शिक्षक
BG3232,Brijendra Singh Kushwah,Bhind,BHIND,"23030403507, GOVT. HS DIDI KHURD",प्रतिभागी,शिक्षक
BG5152,Krishnkanta Kanta,Bhind,BHIND,"23030403507, GOVT. HS DIDI KHURD",प्रतिभागी,शिक्षक
BT9890,Arvindra Kumar Ojha,Bhind,BHIND,"23030403507, GOVT. HS DIDI KHURD",प्रतिभागी,शिक्षक
AI7028,Rashmiranjana Bhadoriya,Bhind,BHIND,"23030406215, GOVT. HSS UMARI",प्रतिभागी,शिक्षक
BG4883,Arvind Kumar Dohare,Bhind,BHIND,"23030406215, GOVT. HSS UMARI",प्रतिभागी,शिक्षक
BG7626,Shashi Prabha,Bhind,BHIND,"23030406215, GOVT. HSS UMARI",प्रतिभागी,शिक्षक
BU8059,Ramprakash Rapuria,Bhind,BHIND,"23030406215, GOVT. HSS UMARI",प्रतिभागी,शिक्षक
BD8738,Mahendra Singh Kushwah,Bhind,BHIND,"23030416715, GOVT. HS BABEDI",प्रतिभागी,शिक्षक
BG4118,Rajendra Prasad,Bhind,BHIND,"23030416715, GOVT. HS BABEDI",प्रतिभागी,शिक्षक
BN8073,Vijay Singh Lahariya,Bhind,BHIND,"23030416715, GOVT. HS BABEDI",प्रतिभागी,शिक्षक
BV5187,Akhilesh Singh Kushwah,Bhind,BHIND,"23030416715, GOVT. HS BABEDI",प्रतिभागी,शिक्षक
BX5385,Vivek Dube,Bhind,BHIND,"23030416715, GOVT. HS BABEDI",प्रतिभागी,शिक्षक
9617050411,Omprakash  Tomar ,Bhind,BHIND,"23030402905, GOVT. HSS BHAVANPURA",प्रतिभागी,शिक्षक
BF3820,Vandana Bhadoriya,Bhind,BHIND,"23030402905, GOVT. HSS BHAVANPURA",प्रतिभागी,सीएसी
BG3859,Mahendra Dingh,Bhind,BHIND,"23030402905, GOVT. HSS BHAVANPURA",प्रतिभागी,शिक्षक
BG4387,Narendrasingh Singh,Bhind,BHIND,"23030402905, GOVT. HSS BHAVANPURA",प्रतिभागी,शिक्षक
BG7522,Devendra Singh,Bhind,BHIND,"23030402905, GOVT. HSS BHAVANPURA",प्रतिभागी,शिक्षक
BN4596,Mamta Singh,Bhind,BHIND,"23030402905, GOVT. HSS BHAVANPURA",प्रतिभागी,शिक्षक
BU4429,Avanish Shukla,Bhind,BHIND,"23030402905, GOVT. HSS BHAVANPURA",प्रतिभागी,शिक्षक
BW2631,Balram Singh Bhadauria,Bhind,BHIND,"23030402905, GOVT. HSS BHAVANPURA",प्रतिभागी,शिक्षक
BW6596,Anil Kumar Chaturvedi,Bhind,BHIND,"23030402905, GOVT. HSS BHAVANPURA",प्रतिभागी,शिक्षक
BX3476,Pratik Dixit,Bhind,BHIND,"23030402905, GOVT. HSS BHAVANPURA",प्रतिभागी,शिक्षक
CB9284,SOHAN Yadav,Bhind,BHIND,"23030402905, GOVT. HSS BHAVANPURA",प्रतिभागी,शिक्षक
BG4357,Satya Prakash Sharma,Bhind,BHIND,"23030411707, GOVT. HSS BILAO",प्रतिभागी,शिक्षक
BS6584,Brijesh Singh Yadav,Bhind,BHIND,"23030411707, GOVT. HSS BILAO",प्रतिभागी,शिक्षक
BU1042,Kamal Singh Kushwah,Bhind,BHIND,"23030411707, GOVT. HSS BILAO",प्रतिभागी,शिक्षक
BY4546,Anil Sengar,Bhind,BHIND,"23030411707, GOVT. HSS BILAO",प्रतिभागी,शिक्षक
BG4432,Hemlata Moojoriya,Bhind,BHIND,"23030419809, GOVT. HSS NO. 2, BHIND",प्रतिभागी,शिक्षक
BG4904,Pushpa Tiwari,Bhind,BHIND,"23030419809, GOVT. HSS NO. 2, BHIND",प्रतिभागी,शिक्षक
BG7465,Radha Kushwah,Bhind,BHIND,"23030419809, GOVT. HSS NO. 2, BHIND",प्रतिभागी,शिक्षक
BG7554,Manoj Kumar Yadav,Bhind,BHIND,"23030419809, GOVT. HSS NO. 2, BHIND",प्रतिभागी,शिक्षक
BG7786,Rekha Jain,Bhind,BHIND,"23030419809, GOVT. HSS NO. 2, BHIND",प्रतिभागी,शिक्षक
BG8030,Pradeep Singh Tomar,Bhind,BHIND,"23030419809, GOVT. HSS NO. 2, BHIND",प्रतिभागी,शिक्षक
BT9789,Arun Singh Chauhan,Bhind,BHIND,"23030419809, GOVT. HSS NO. 2, BHIND",प्रतिभागी,शिक्षक
BU1359,Pradeep Singh Chauhan,Bhind,BHIND,"23030419809, GOVT. HSS NO. 2, BHIND",प्रतिभागी,शिक्षक
BU1439,Sanjeev Jain,Bhind,BHIND,"23030419809, GOVT. HSS NO. 2, BHIND",प्रतिभागी,शिक्षक
BW2883,Saurabh Singh,Bhind,BHIND,"23030419809, GOVT. HSS NO. 2, BHIND",प्रतिभागी,शिक्षक
BW5567,Kiran Sharma,Bhind,BHIND,"23030419809, GOVT. HSS NO. 2, BHIND",प्रतिभागी,शिक्षक
BT1388,Manorama Bhadoriya,Bhind,BHIND,"23030408008, GOVT. HS BAJHAI",प्रतिभागी,शिक्षक
BT3502,Anurudha Singh Sengar,Bhind,BHIND,"23030408008, GOVT. HS BAJHAI",प्रतिभागी,शिक्षक
BU3553,Sangeeta Yadav,Bhind,BHIND,"23030408008, GOVT. HS BAJHAI",प्रतिभागी,शिक्षक
BU6237,Ramnarayan Singh Kushwah,Bhind,BHIND,"23030408008, GOVT. HS BAJHAI",प्रतिभागी,शिक्षक
BG4077,Rajeev Singh Tomar,Bhind,BHIND,"23030419808, GOVT. HSS GIRLS, MLB, BHIND",प्रतिभागी,शिक्षक
BG4824,Anuragni Sharma,Bhind,BHIND,"23030419808, GOVT. HSS GIRLS, MLB, BHIND",प्रतिभागी,शिक्षक
BG4862,Asha Gupta,Bhind,BHIND,"23030419808, GOVT. HSS GIRLS, MLB, BHIND",प्रतिभागी,शिक्षक
BG8842,Radha Raman,Bhind,BHIND,"23030419808, GOVT. HSS GIRLS, MLB, BHIND",प्रतिभागी,शिक्षक
BS4537,Manish Kumar Joshi,Bhind,BHIND,"23030419808, GOVT. HSS GIRLS, MLB, BHIND",प्रतिभागी,शिक्षक
BT1950,Pratibha Sharma,Bhind,BHIND,"23030419808, GOVT. HSS GIRLS, MLB, BHIND",प्रतिभागी,शिक्षक
BZ3753,Vikash Sharma,Bhind,BHIND,"23030419808, GOVT. HSS GIRLS, MLB, BHIND",प्रतिभागी,शिक्षक
CB4186,ANAMIKA SHARMA,Bhind,BHIND,"23030419808, GOVT. HSS GIRLS, MLB, BHIND",प्रतिभागी,शिक्षक
BE4893,Janak Singh,Bhind,BHIND,"23030410613, GOVT. HSS AKODA",प्रतिभागी,शिक्षक
BG6215,Sunil Singh Bhadoriya,Bhind,BHIND,"23030410613, GOVT. HSS AKODA",प्रतिभागी,सीएसी
BT9306,Arti Yadav,Bhind,BHIND,"23030410613, GOVT. HSS AKODA",प्रतिभागी,शिक्षक
BU1048,Rajesh Kumar Pandey,Bhind,BHIND,"23030410613, GOVT. HSS AKODA",प्रतिभागी,शिक्षक
BU8894,Varsha Jain,Bhind,BHIND,"23030410613, GOVT. HSS AKODA",प्रतिभागी,शिक्षक
BU2985,Chhaya Singh,Bhind,BHIND,"23030408805, GOVT. HS TEHNGUR",प्रतिभागी,शिक्षक
BU4433,Ramrudra Singh Sengar,Bhind,BHIND,"23030408805, GOVT. HS TEHNGUR",प्रतिभागी,शिक्षक
BG2337,Ramkrishan Mahor,Bhind,GOHAD,"23030719006, GOVT. HSS SARVA",प्रतिभागी,शिक्षक
BG2794,Sucheta Shrivastava,Bhind,GOHAD,"23030719006, GOVT. HSS SARVA",प्रतिभागी,शिक्षक
BS9767,Reshma Lohiya,Bhind,GOHAD,"23030719006, GOVT. HSS SARVA",प्रतिभागी,शिक्षक
BG8684,Harendra Singh Parmar,Bhind,GOHAD,"23030710507, GOVT. HS GURUNANAK, RAYATPURA",प्रतिभागी,शिक्षक
BG8687,Banwari Bhagel,Bhind,GOHAD,"23030710507, GOVT. HS GURUNANAK, RAYATPURA",प्रतिभागी,शिक्षक
BG8695,Ramhet Singh,Bhind,GOHAD,"23030710507, GOVT. HS GURUNANAK, RAYATPURA",प्रतिभागी,शिक्षक
BV8089,Sachin Kumar Namdev,Bhind,GOHAD,"23030710507, GOVT. HS GURUNANAK, RAYATPURA",प्रतिभागी,शिक्षक
CD3450,ANAND SINGH,Bhind,GOHAD,"23030710507, GOVT. HS GURUNANAK, RAYATPURA",प्रतिभागी,शिक्षक
BG3149,Rajesh Tripathi,Bhind,GOHAD,"23030711104, GOVT. HSS SHERPUR",प्रतिभागी,शिक्षक
BG3970,Anil Kumar Kaushal,Bhind,GOHAD,"23030711104, GOVT. HSS SHERPUR",प्रतिभागी,शिक्षक
BG8725,Anil Kumar Sharma,Bhind,GOHAD,"23030711104, GOVT. HSS SHERPUR",प्रतिभागी,शिक्षक
BG8770,Mahesh Kumar,Bhind,GOHAD,"23030711104, GOVT. HSS SHERPUR",प्रतिभागी,शिक्षक
BQ1926,Sanjay Kumar Chaurasiya,Bhind,GOHAD,"23030711104, GOVT. HSS SHERPUR",प्रतिभागी,शिक्षक
CB1352,RACHANA TOMAR,Bhind,GOHAD,"23030711104, GOVT. HSS SHERPUR",प्रतिभागी,शिक्षक
BG8707,Shobhana Parmar,Bhind,GOHAD,"23030707106, GOVT. HSS KHANETA",प्रतिभागी,शिक्षक
BG8852,Brajendra Singh Tomar,Bhind,GOHAD,"23030707106, GOVT. HSS KHANETA",प्रतिभागी,शिक्षक
BO4081,Dileep Singh Narwariya,Bhind,GOHAD,"23030707106, GOVT. HSS KHANETA",प्रतिभागी,शिक्षक
BG2853,Anil Kumar Korku,Bhind,GOHAD,"23030714108, GOVT. HS BIRKHADI",प्रतिभागी,शिक्षक
BG3102,Dinesh Singh Mourya,Bhind,GOHAD,"23030714108, GOVT. HS BIRKHADI",प्रतिभागी,शिक्षक
BG3215,Preeti NIM,Bhind,GOHAD,"23030714108, GOVT. HS BIRKHADI",प्रतिभागी,शिक्षक
BG4179,Sugar Singh,Bhind,GOHAD,"23030714108, GOVT. HS BIRKHADI",प्रतिभागी,शिक्षक
BG5550,Ramkumar Sharma,Bhind,GOHAD,"23030714108, GOVT. HS BIRKHADI",प्रतिभागी,शिक्षक
BG5567,Rajni Gurjar,Bhind,GOHAD,"23030714108, GOVT. HS BIRKHADI",प्रतिभागी,शिक्षक
BG8859,Urmila Devi,Bhind,GOHAD,"23030714108, GOVT. HS BIRKHADI",प्रतिभागी,शिक्षक
CE1304,CHANDNI JADON,Bhind,GOHAD,"23030714108, GOVT. HS BIRKHADI",प्रतिभागी,शिक्षक
BG2845,Suneeta Sharma,Bhind,GOHAD,"23030714505, GOVT. HS BHAGWASA",प्रतिभागी,शिक्षक
BG4246,Govind Singh,Bhind,GOHAD,"23030714505, GOVT. HS BHAGWASA",प्रतिभागी,शिक्षक
BG5831,Sunil Batham,Bhind,GOHAD,"23030714505, GOVT. HS BHAGWASA",प्रतिभागी,शिक्षक
BG5886,Surendra Singh Chaursiya,Bhind,GOHAD,"23030714505, GOVT. HS BHAGWASA",प्रतिभागी,शिक्षक
BG8604,Krishnasworoop Sharma,Bhind,GOHAD,"23030714505, GOVT. HS BHAGWASA",प्रतिभागी,शिक्षक
BG8786,Mahesh Sharma,Bhind,GOHAD,"23030714505, GOVT. HS BHAGWASA",प्रतिभागी,शिक्षक
BU1358,Ashish Upadhyay,Bhind,GOHAD,"23030714505, GOVT. HS BHAGWASA",प्रतिभागी,शिक्षक
AL1610,Dinesh Kumar Sharma,Bhind,GOHAD,"23030721168, GOVT. HSS GIRLS, GOHAD",प्रतिभागी,शिक्षक
BG5943,Vishram Singh Raypuriya,Bhind,GOHAD,"23030721168, GOVT. HSS GIRLS, GOHAD",प्रतिभागी,शिक्षक
BG2795,Ramshes Sharma,Bhind,GOHAD,"23030721167, GOVT. HSS EXCELENCE , GOHAD",प्रतिभागी,शिक्षक
BG5592,Neeraj Shirivastava,Bhind,GOHAD,"23030721167, GOVT. HSS EXCELENCE , GOHAD",प्रतिभागी,शिक्षक
BG7881,Khemnarayan Sharma,Bhind,GOHAD,"23030721167, GOVT. HSS EXCELENCE , GOHAD",प्रतिभागी,शिक्षक
BN4059,Sweety Shrivastava,Bhind,GOHAD,"23030721167, GOVT. HSS EXCELENCE , GOHAD",प्रतिभागी,शिक्षक
BW3222,Narendra Singh Parihar,Bhind,GOHAD,"23030721167, GOVT. HSS EXCELENCE , GOHAD",प्रतिभागी,शिक्षक
CC5252,RICHA TOMAR,Bhind,GOHAD,"23030721167, GOVT. HSS EXCELENCE , GOHAD",प्रतिभागी,शिक्षक
BT4680,Vinay Dixit,Bhind,GOHAD,"23030718003, GOVT. HS AICHAYA",प्रतिभागी,शिक्षक
BU6248,Archana Dubey,Bhind,GOHAD,"23030718003, GOVT. HS AICHAYA",प्रतिभागी,शिक्षक
BG1788,Mahesh Prasad Sharma,Bhind,GOHAD,"23030700704, GOVT. HS JHANKARI",प्रतिभागी,शिक्षक
BU6159,Ashok Kumar Singh,Bhind,GOHAD,"23030700704, GOVT. HS JHANKARI",प्रतिभागी,शिक्षक
BG2849,Raj Kumar,Bhind,GOHAD,"23030718550, GOVT. HSS GIRLS, MAU",प्रतिभागी,शिक्षक
BG1892,Neelam Giri,Bhind,GOHAD,"23030705604, GOVT. HS ANDHIYARI KHURD",प्रतिभागी,शिक्षक
BG1895,Manish Singh Yadav,Bhind,GOHAD,"23030705604, GOVT. HS ANDHIYARI KHURD",प्रतिभागी,शिक्षक
BV7461,Rahul Singh,Bhind,GOHAD,"23030705604, GOVT. HS ANDHIYARI KHURD",प्रतिभागी,शिक्षक
BX4433,Dharmbeer Singh,Bhind,GOHAD,"23030705604, GOVT. HS ANDHIYARI KHURD",प्रतिभागी,शिक्षक
BG6852,Brijendra Singh Kushwah,Bhind,LAHAR,"23030500146, GOVT. HSS EXCELENCE, LAHAR",प्रतिभागी,शिक्षक
BG6939,Sunildatt Singh,Bhind,LAHAR,"23030500146, GOVT. HSS EXCELENCE, LAHAR",प्रतिभागी,शिक्षक
BG6940,Lokendrasingh Singh,Bhind,LAHAR,"23030500146, GOVT. HSS EXCELENCE, LAHAR",प्रतिभागी,शिक्षक
BP9630,Abdhesh Kumar Mudhotiya,Bhind,LAHAR,"23030500146, GOVT. HSS EXCELENCE, LAHAR",प्रतिभागी,शिक्षक
BU5348,Babali Rathor,Bhind,LAHAR,"23030500146, GOVT. HSS EXCELENCE, LAHAR",प्रतिभागी,शिक्षक
BW3322,Anjali Singh,Bhind,LAHAR,"23030500146, GOVT. HSS EXCELENCE, LAHAR",प्रतिभागी,शिक्षक
CD5146,GAURAVSINGH BHADAURIYA,Bhind,LAHAR,"23030500146, GOVT. HSS EXCELENCE, LAHAR",प्रतिभागी,शिक्षक
CD5429,CHANDRA RAIPURIA,Bhind,LAHAR,"23030500146, GOVT. HSS EXCELENCE, LAHAR",प्रतिभागी,शिक्षक
BG3069,Raghuraj Singh Rajawat,Bhind,LAHAR,"23030500147, GOVT. HSS GIRLS, LAHAR",प्रतिभागी,शिक्षक
BG6346,Shailendra Kumar Chaudhary,Bhind,LAHAR,"23030500147, GOVT. HSS GIRLS, LAHAR",प्रतिभागी,शिक्षक
BS7182,Devendra Kumar Shrivastava,Bhind,LAHAR,"23030500147, GOVT. HSS GIRLS, LAHAR",प्रतिभागी,शिक्षक
BY4544,Shiv Kumar Narwaria,Bhind,LAHAR,"23030502205, GOVT. HSS AJNAR",प्रतिभागी,शिक्षक
CD3424,SURENDRA SINGH,Bhind,LAHAR,"23030502205, GOVT. HSS AJNAR",प्रतिभागी,शिक्षक
BG4019,Mamta Devi,Bhind,LAHAR,"23030505709, GOVT. HSS ASWAR",प्रतिभागी,शिक्षक
BG5450,Surendra Kumar Tripathi,Bhind,LAHAR,"23030505709, GOVT. HSS ASWAR",प्रतिभागी,शिक्षक
BG6725,Badri Prasad Sakya,Bhind,LAHAR,"23030505709, GOVT. HSS ASWAR",प्रतिभागी,शिक्षक
BQ3506,Dinesh Chandra Purviya,Bhind,LAHAR,"23030505709, GOVT. HSS ASWAR",प्रतिभागी,शिक्षक
BU1313,Pramod Shakya,Bhind,LAHAR,"23030505709, GOVT. HSS ASWAR",प्रतिभागी,शिक्षक
BU8094,Shailendra Singh,Bhind,LAHAR,"23030505709, GOVT. HSS ASWAR",प्रतिभागी,शिक्षक
BG6734,Ramesh Singh Rathore,Bhind,LAHAR,"23030504906, GOVT. HS DEVARI",प्रतिभागी,शिक्षक
BQ9051,Susheel Narwariya,Bhind,LAHAR,"23030504906, GOVT. HS DEVARI",प्रतिभागी,शिक्षक
BU2350,Narayandas Kushwah,Bhind,LAHAR,"23030504906, GOVT. HS DEVARI",प्रतिभागी,शिक्षक
BG5008,Satendra Singh,Bhind,LAHAR,"23030510433, GOVT. HSS DABOH",प्रतिभागी,शिक्षक
BG6667,Ramnarayan Sakya,Bhind,LAHAR,"23030510433, GOVT. HSS DABOH",प्रतिभागी,शिक्षक
BQ2063,Arun Kumar Sharma,Bhind,LAHAR,"23030510433, GOVT. HSS DABOH",प्रतिभागी,शिक्षक
BY6505,Anil Kumar,Bhind,LAHAR,"23030510433, GOVT. HSS DABOH",प्रतिभागी,शिक्षक
BG6723,Satynarayan Sharma,Bhind,LAHAR,"23030510432, GOVT. HS GIRLS, DABOH",प्रतिभागी,शिक्षक
BT3388,Kalyan Singh Kaurav,Bhind,LAHAR,"23030510432, GOVT. HS GIRLS, DABOH",प्रतिभागी,शिक्षक
BX3980,Marutraj Singh Kaurav,Bhind,LAHAR,"23030510432, GOVT. HS GIRLS, DABOH",प्रतिभागी,शिक्षक
BX8805,Manju Gupta,Bhind,LAHAR,"23030510432, GOVT. HS GIRLS, DABOH",प्रतिभागी,शिक्षक
BG4960,Indrajeet Singh Gurjar,Bhind,LAHAR,"23030516708, GOVT. HSS BOYS, ALAMPUR",प्रतिभागी,शिक्षक
BG5013,Ramkumar Gupta,Bhind,LAHAR,"23030516708, GOVT. HSS BOYS, ALAMPUR",प्रतिभागी,सीएसी
BG5039,Ramesh Chand Mahor,Bhind,LAHAR,"23030516708, GOVT. HSS BOYS, ALAMPUR",प्रतिभागी,शिक्षक
BG6825,Yogendra Kumar Prajapati,Bhind,LAHAR,"23030516708, GOVT. HSS BOYS, ALAMPUR",प्रतिभागी,शिक्षक
BG7041,Sanjeev Kumar Gupta,Bhind,LAHAR,"23030516708, GOVT. HSS BOYS, ALAMPUR",प्रतिभागी,शिक्षक
BT2905,Devendra Kumar Sharma,Bhind,LAHAR,"23030516708, GOVT. HSS BOYS, ALAMPUR",प्रतिभागी,शिक्षक
BG2956,Lal Jeet Singh Gurjar,Bhind,MEHGAON,"23030312435, GOVT. HSS GORMI",प्रतिभागी,शिक्षक
BG8717,Bachan Singh Narwaria,Bhind,MEHGAON,"23030312435, GOVT. HSS GORMI",प्रतिभागी,शिक्षक
BU9743,Neeraj Dixit,Bhind,MEHGAON,"23030312435, GOVT. HSS GORMI",प्रतिभागी,शिक्षक
BG6142,Bheekam Singh,Bhind,MEHGAON,"23030312434, GOVT. HS GIRLS, GORMI",प्रतिभागी,शिक्षक
BG6203,Ram Singh Dohare,Bhind,MEHGAON,"23030312434, GOVT. HS GIRLS, GORMI",प्रतिभागी,शिक्षक
BW8162,Madhuraj Singh Narwaria,Bhind,MEHGAON,"23030312434, GOVT. HS GIRLS, GORMI",प्रतिभागी,शिक्षक
BZ3870,Ajit Singh Narvariya,Bhind,MEHGAON,"23030312434, GOVT. HS GIRLS, GORMI",प्रतिभागी,शिक्षक
AR6136,Dharm Singh,Bhind,MEHGAON,"23030301509, GOVT.HSS HARIKSHA",प्रतिभागी,शिक्षक
BG3974,Dharmendra Singh Kushwaha,Bhind,MEHGAON,"23030321805, GOVT. HS NUNHAD",प्रतिभागी,शिक्षक
BG6225,Prashant Singh Bhadoriya,Bhind,MEHGAON,"23030321805, GOVT. HS NUNHAD",प्रतिभागी,शिक्षक
BN1624,Ramashankar Dhankare,Bhind,MEHGAON,"23030321805, GOVT. HS NUNHAD",प्रतिभागी,शिक्षक
BW1643,Satendra Tiwari,Bhind,MEHGAON,"23030321805, GOVT. HS NUNHAD",प्रतिभागी,शिक्षक
CB2236,AJAN SINGH,Bhind,MEHGAON,"23030321805, GOVT. HS NUNHAD",प्रतिभागी,शिक्षक
BG2362,Vijaylaxmi Trivedi,Bhind,MEHGAON,"23030322708, GOVT. HSS MANHAD",प्रतिभागी,शिक्षक
BG3274,Jyoti Sharma,Bhind,MEHGAON,"23030322708, GOVT. HSS MANHAD",प्रतिभागी,शिक्षक
BT7490,Rachana Jadon,Bhind,MEHGAON,"23030322708, GOVT. HSS MANHAD",प्रतिभागी,शिक्षक
BT7491,Prenshi Tiwari,Bhind,MEHGAON,"23030322708, GOVT. HSS MANHAD",प्रतिभागी,शिक्षक
BY3191,Rajveer Narwariya,Bhind,MEHGAON,"23030322708, GOVT. HSS MANHAD",प्रतिभागी,शिक्षक
CC3580,MUKESH SINGH,Bhind,MEHGAON,"23030322708, GOVT. HSS MANHAD",प्रतिभागी,शिक्षक
BG3218,Param Dhameshwar Shrivastava,Bhind,MEHGAON,"23030317505, GOVT. HSS BARHAD",प्रतिभागी,शिक्षक
BG3724,Uday Singh Maurya,Bhind,MEHGAON,"23030317505, GOVT. HSS BARHAD",प्रतिभागी,शिक्षक
BW9073,Vineeta Khare,Bhind,MEHGAON,"23030317505, GOVT. HSS BARHAD",प्रतिभागी,शिक्षक
BG3246,Usha Soni,Bhind,MEHGAON,"23030316457, GOVT. HSS EXCELENCE, MEHGAON",प्रतिभागी,शिक्षक
BG3461,Rajendra Kumar Arya,Bhind,MEHGAON,"23030316457, GOVT. HSS EXCELENCE, MEHGAON",प्रतिभागी,शिक्षक
BG3548,Sabal Singh Narwaria,Bhind,MEHGAON,"23030316457, GOVT. HSS EXCELENCE, MEHGAON",प्रतिभागी,शिक्षक
BG3689,Lata Choudhari,Bhind,MEHGAON,"23030316457, GOVT. HSS EXCELENCE, MEHGAON",प्रतिभागी,शिक्षक
BU3302,Sadhana Singh,Bhind,MEHGAON,"23030316457, GOVT. HSS EXCELENCE, MEHGAON",प्रतिभागी,शिक्षक
CA3911,Neetu Dubey,Bhind,MEHGAON,"23030316457, GOVT. HSS EXCELENCE, MEHGAON",प्रतिभागी,शिक्षक
BG2402,Brijesh Tiwari,Bhind,MEHGAON,"23030304508, GOVT. HS GADPARA",प्रतिभागी,शिक्षक
BG3692,Karnal Singh,Bhind,MEHGAON,"23030304508, GOVT. HS GADPARA",प्रतिभागी,शिक्षक
BT7729,Srikant Tripathi,Bhind,MEHGAON,"23030304508, GOVT. HS GADPARA",प्रतिभागी,शिक्षक
BW1414,Hari Singh Suman,Bhind,MEHGAON,"23030304508, GOVT. HS GADPARA",प्रतिभागी,सीएसी
BY4447,Kankesh Kansotiya,Bhind,MEHGAON,"23030304508, GOVT. HS GADPARA",प्रतिभागी,शिक्षक
BO6859,Phool Singh,Bhind,MEHGAON,"23030310303, GOVT. HS JARSENA",प्रतिभागी,शिक्षक
BO6880,Saroj Yadav,Bhind,MEHGAON,"23030310303, GOVT. HS JARSENA",प्रतिभागी,शिक्षक
AL3112,Rajeshkumar Rajouriya,Bhind,MEHGAON,"23030310705, GOVT. HS KANATHAR",प्रतिभागी,शिक्षक
AT2249,Pejaram Bairraiya,Bhind,MEHGAON,"23030310705, GOVT. HS KANATHAR",प्रतिभागी,शिक्षक
BG3227,Bhagwati Prasad,Bhind,MEHGAON,"23030310705, GOVT. HS KANATHAR",प्रतिभागी,शिक्षक
BG7329,Than Singh Gurjar,Bhind,MEHGAON,"23030310705, GOVT. HS KANATHAR",प्रतिभागी,शिक्षक
BU1409,Harendra Singh,Bhind,MEHGAON,"23030310705, GOVT. HS KANATHAR",प्रतिभागी,शिक्षक
BV3815,Ram Varan,Bhind,MEHGAON,"23030310705, GOVT. HS KANATHAR",प्रतिभागी,शिक्षक
BW5975,Umesh Kumar,Bhind,MEHGAON,"23030310705, GOVT. HS KANATHAR",प्रतिभागी,शिक्षक
BW5997,Aradhana Verma,Bhind,MEHGAON,"23030310705, GOVT. HS KANATHAR",प्रतिभागी,शिक्षक
AK4648,Rajeev Mishra,Bhind,MEHGAON,"23030308620, GOVT. HSS AMAYAN",प्रतिभागी,शिक्षक
BG2380,Uday Raj Singh,Bhind,MEHGAON,"23030303408, GOVT. HS BHAROLI",प्रतिभागी,शिक्षक
BG3702,Rateeram Shakywar,Bhind,MEHGAON,"23030303408, GOVT. HS BHAROLI",प्रतिभागी,शिक्षक
BY1531,Madan Singh Bhadoriya,Bhind,MEHGAON,"23030303408, GOVT. HS BHAROLI",प्रतिभागी,शिक्षक
BG1931,Satyaprakash Gautam,Bhind,RAUN,"23030200127, GOVT. HS GIRLS, MIHONA",प्रतिभागी,शिक्षक
BG2057,Rajiv Kumar Pachauri,Bhind,RAUN,"23030200127, GOVT. HS GIRLS, MIHONA",प्रतिभागी,शिक्षक
BG2103,Arun Singh Kushwah,Bhind,RAUN,"23030200127, GOVT. HS GIRLS, MIHONA",प्रतिभागी,शिक्षक
BT9004,Avinash Sharma,Bhind,RAUN,"23030200127, GOVT. HS GIRLS, MIHONA",प्रतिभागी,शिक्षक
BY2503,Deependra Singh,Bhind,RAUN,"23030200127, GOVT. HS GIRLS, MIHONA",प्रतिभागी,शिक्षक
BG4872,Avdhesh Kumar Mishra,Bhind,RAUN,"23030208814, GOVT. HS MACHHAND",प्रतिभागी,शिक्षक
BQ2221,Anoop Mishra,Bhind,RAUN,"23030208814, GOVT. HS MACHHAND",प्रतिभागी,शिक्षक
AT6206,Karuna Verma,Bhind,RAUN,"23030200126, GOVT. HSS MIHONA",प्रतिभागी,शिक्षक
BG2467,Pankaj Singh Chauhan,Bhind,RAUN,"23030200126, GOVT. HSS MIHONA",प्रतिभागी,शिक्षक
BN4671,gyanendra Singh Kushwah,Bhind,RAUN,"23030200126, GOVT. HSS MIHONA",प्रतिभागी,शिक्षक
BG2521,Surendra Singh Gurjar,Bhind,RAUN,"23030200711, GOVT. HS JETPURA MADHI",प्रतिभागी,शिक्षक
BG2592,Rachna Chauhan,Bhind,RAUN,"23030200711, GOVT. HS JETPURA MADHI",प्रतिभागी,शिक्षक
BN3370,Shiv Kumar Singh,Bhind,RAUN,"23030200711, GOVT. HS JETPURA MADHI",प्रतिभागी,शिक्षक
BP2032,BHAGWAN SINGH BAGHEL BHAGWAN SINGH BAGHEL,Bhind,RAUN,"23030200711, GOVT. HS JETPURA MADHI",प्रतिभागी,शिक्षक
BZ8356,Suryapal Kushwaha,Bhind,RAUN,"23030200711, GOVT. HS JETPURA MADHI",प्रतिभागी,शिक्षक
CD9250,SUBHASH SHRIVASTAVA,Bhind,RAUN,"23030200711, GOVT. HS JETPURA MADHI",प्रतिभागी,शिक्षक
AI5299,Rajkumar Parihar,Bhind,RAUN,"23030207802, GOVT. HS JASAWALI",प्रतिभागी,शिक्षक
BG2033,Raghwram Sharma,Bhind,RAUN,"23030207802, GOVT. HS JASAWALI",प्रतिभागी,शिक्षक
BG2256,Yaduveer Singh,Bhind,RAUN,"23030207802, GOVT. HS JASAWALI",प्रतिभागी,शिक्षक
BY2593,Sulaxmi Chohan,Bhind,RAUN,"23030207802, GOVT. HS JASAWALI",प्रतिभागी,शिक्षक
BG2607,Sudarshan Swaroop,Bhind,RAUN,"23030200508, GOVT. HSS MEHDHWA",प्रतिभागी,शिक्षक
CB9926,RADHA DEVI,Bhind,RAUN,"23030200508, GOVT. HSS MEHDHWA",प्रतिभागी,शिक्षक
BG2603,Udaybhan Singh Baghel,Bhind,RAUN,"23030200219, GOVT. HSS EXCELENCE, RAUN",प्रतिभागी,शिक्षक
BG8014,Shailendra Singh Kushwah,Bhind,RAUN,"23030200219, GOVT. HSS EXCELENCE, RAUN",प्रतिभागी,शिक्षक
BN4237,Vinod Kumar Pachauri,Bhind,RAUN,"23030200219, GOVT. HSS EXCELENCE, RAUN",प्रतिभागी,शिक्षक
CB3484,ASHISH SHRIVASTAVA,Bhind,RAUN,"23030200219, GOVT. HSS EXCELENCE, RAUN",प्रतिभागी,शिक्षक
BN9603,Zubeda Khan,Bhopal,BERASIA,"23320125506, GOVT HSS SOHAYA CLASS 9 TO 12",प्रतिभागी,शिक्षक
AA4090,Dushyanti Soni,Bhopal,BERASIA,"23320129258, GOVT HSS BOYS, BERASIA  CLASS 6 TO 12",प्रतिभागी,शिक्षक
AA5278,Naval Singh Dhurwey,Bhopal,BERASIA,"23320129258, GOVT HSS BOYS, BERASIA  CLASS 6 TO 12",प्रतिभागी,शिक्षक
BO8189,Omprakash Ahirwar,Bhopal,BERASIA,"23320129258, GOVT HSS BOYS, BERASIA  CLASS 6 TO 12",प्रतिभागी,शिक्षक
BP3296,Ravishankar Sharma,Bhopal,BERASIA,"23320129258, GOVT HSS BOYS, BERASIA  CLASS 6 TO 12",प्रतिभागी,शिक्षक
BP3308,Sangeeta Burde,Bhopal,BERASIA,"23320129258, GOVT HSS BOYS, BERASIA  CLASS 6 TO 12",प्रतिभागी,शिक्षक
BP3347,Nazma Siddiqui,Bhopal,BERASIA,"23320129258, GOVT HSS BOYS, BERASIA  CLASS 6 TO 12",प्रतिभागी,शिक्षक
BP3715,Bhupendra Singh Rajput,Bhopal,BERASIA,"23320129258, GOVT HSS BOYS, BERASIA  CLASS 6 TO 12",प्रतिभागी,शिक्षक
BU2164,Maharaj Singh Meena,Bhopal,BERASIA,"23320129258, GOVT HSS BOYS, BERASIA  CLASS 6 TO 12",प्रतिभागी,शिक्षक
AA4733,Uday Bhanu Singh Yadav,Bhopal,BERASIA,"23320129259, GOVT HSS GIRLS, SAROJINI NAIDU BERASIA",प्रतिभागी,शिक्षक
AA5357,Phool Singh Vishwakarma,Bhopal,BERASIA,"23320129259, GOVT HSS GIRLS, SAROJINI NAIDU BERASIA",प्रतिभागी,शिक्षक
BD7759,Dipty Shrivastava,Bhopal,BERASIA,"23320129259, GOVT HSS GIRLS, SAROJINI NAIDU BERASIA",प्रतिभागी,शिक्षक
BO4606,Shakeel Ahmad Qureshi,Bhopal,BERASIA,"23320129259, GOVT HSS GIRLS, SAROJINI NAIDU BERASIA",प्रतिभागी,शिक्षक
BO4619,Ashok Kushwaha,Bhopal,BERASIA,"23320129259, GOVT HSS GIRLS, SAROJINI NAIDU BERASIA",प्रतिभागी,शिक्षक
BX9347,Dinesh Vishwakarma,Bhopal,BERASIA,"23320110008, GOVT HSS GUNGA",प्रतिभागी,शिक्षक
BX9791,Jodharam Gurjar,Bhopal,BERASIA,"23320110008, GOVT HSS GUNGA",प्रतिभागी,शिक्षक
AA4712,Inder Singh Dangi,Bhopal,BERASIA,"23320110206, GOVT HSS HARRAKHEDA",प्रतिभागी,शिक्षक
AA5046,Rekha Bhargava,Bhopal,BERASIA,"23320110206, GOVT HSS HARRAKHEDA",प्रतिभागी,शिक्षक
AA5050,Himmat Singh Rajput,Bhopal,BERASIA,"23320110206, GOVT HSS HARRAKHEDA",प्रतिभागी,शिक्षक
AA5056,Girjesh Kumar,Bhopal,BERASIA,"23320110206, GOVT HSS HARRAKHEDA",प्रतिभागी,शिक्षक
BC6999,Rajkishori Lakada,Bhopal,BERASIA,"23320110206, GOVT HSS HARRAKHEDA",प्रतिभागी,शिक्षक
BJ8084,Thansingh Ahirwar,Bhopal,BERASIA,"23320110206, GOVT HSS HARRAKHEDA",प्रतिभागी,शिक्षक
BP1109,Dilip Verma,Bhopal,BERASIA,"23320110206, GOVT HSS HARRAKHEDA",प्रतिभागी,शिक्षक
BP1129,Ikram Khan,Bhopal,BERASIA,"23320110206, GOVT HSS HARRAKHEDA",प्रतिभागी,शिक्षक
AA4093,Raja Ram Ahirwar,Bhopal,BERASIA,"23320117806, GOVT HSS LALARIYA",प्रतिभागी,शिक्षक
AA4095,Gopal Prasad Saxena,Bhopal,BERASIA,"23320117806, GOVT HSS LALARIYA",प्रतिभागी,शिक्षक
AA4097,Sameena Sultan Khan Rana,Bhopal,BERASIA,"23320117806, GOVT HSS LALARIYA",प्रतिभागी,शिक्षक
AA5097,Rajendra Singh Rajput,Bhopal,BERASIA,"23320117806, GOVT HSS LALARIYA",प्रतिभागी,शिक्षक
AA5343,Radheshyam Chouksey,Bhopal,BERASIA,"23320117806, GOVT HSS LALARIYA",प्रतिभागी,शिक्षक
BN9606,Islam Khan,Bhopal,BERASIA,"23320117806, GOVT HSS LALARIYA",प्रतिभागी,शिक्षक
BY2945,PRIYANKA Chourasiya,Bhopal,BERASIA,"23320117806, GOVT HSS LALARIYA",प्रतिभागी,शिक्षक
BK3865,Bilkis Khan,Bhopal,BERASIA,"23320120607, GOVT HSS NAJEERABAD",प्रतिभागी,शिक्षक
BO8202,Akhilesh Saxena,Bhopal,BERASIA,"23320120607, GOVT HSS NAJEERABAD",प्रतिभागी,शिक्षक
BR8534,Indar Singh Sondhiya,Bhopal,BERASIA,"23320120607, GOVT HSS NAJEERABAD",प्रतिभागी,शिक्षक
BT7668,Anis Khan,Bhopal,BERASIA,"23320120607, GOVT HSS NAJEERABAD",प्रतिभागी,शिक्षक
BT7670,Mahesh Kumar Navik,Bhopal,BERASIA,"23320120607, GOVT HSS NAJEERABAD",प्रतिभागी,शिक्षक
BY1862,Mamta Kushwah,Bhopal,BERASIA,"23320120607, GOVT HSS NAJEERABAD",प्रतिभागी,शिक्षक
BY1864,Laxman Singh,Bhopal,BERASIA,"23320120607, GOVT HSS NAJEERABAD",प्रतिभागी,सीएसी
BY5121,Bharat Singh Ahirwar,Bhopal,BERASIA,"23320120607, GOVT HSS NAJEERABAD",प्रतिभागी,सीएसी
BY6818,Suvarana Sharma Urf Dimpal,Bhopal,BERASIA,"23320120607, GOVT HSS NAJEERABAD",प्रतिभागी,शिक्षक
BZ5236,Anita Rinayat,Bhopal,BERASIA,"23320120607, GOVT HSS NAJEERABAD",प्रतिभागी,शिक्षक
AS3091,Yogita Suryawanshi,Bhopal,BERASIA,"23320124510, GOVT HSS RUNAHA",प्रतिभागी,शिक्षक
BK2370,Anisa Ishrat,Bhopal,BERASIA,"23320124510, GOVT HSS RUNAHA",प्रतिभागी,शिक्षक
BK3956,Krishnapal Singh,Bhopal,BERASIA,"23320124510, GOVT HSS RUNAHA",प्रतिभागी,शिक्षक
AA4997,Sandhya Bharagava,Bhopal,BERASIA,"23320107308, GOVT HS DHAMARRA",प्रतिभागी,शिक्षक
BT5891,Kanta Prasad Pawar,Bhopal,BERASIA,"23320107308, GOVT HS DHAMARRA",प्रतिभागी,शिक्षक
BR7884,Preeti Gupta,Bhopal,BERASIA,"23320111307, GOVT HS JAMUSAR KALAN",प्रतिभागी,शिक्षक
BZ7451,Ritesh Pandey,Bhopal,BERASIA,"23320111307, GOVT HS JAMUSAR KALAN",प्रतिभागी,शिक्षक
AA4671,Premnarayan Gurjar,Bhopal,BERASIA,"23320121306, GOVT HSS NAYSAMAND Class 1 to 12",प्रतिभागी,सीएसी
BK3887,Harendra Singh,Bhopal,BERASIA,"23320121306, GOVT HSS NAYSAMAND Class 1 to 12",प्रतिभागी,शिक्षक
BO8188,Mehrvan Singh Gurjar,Bhopal,BERASIA,"23320121306, GOVT HSS NAYSAMAND Class 1 to 12",प्रतिभागी,शिक्षक
BY2860,Premnarayan Dangi,Bhopal,BERASIA,"23320121306, GOVT HSS NAYSAMAND Class 1 to 12",प्रतिभागी,शिक्षक
BO4589,Razia Ali,Bhopal,PHANDA RURAL,"23320205706, GOVT HSS ENNTKHEDI",प्रतिभागी,शिक्षक
BP1899,Neha Asharma,Bhopal,PHANDA RURAL,"23320205706, GOVT HSS ENNTKHEDI",प्रतिभागी,सीएसी
BP3329,Rajesh Kumar Sahu,Bhopal,PHANDA RURAL,"23320205706, GOVT HSS ENNTKHEDI",प्रतिभागी,शिक्षक
BP3560,Navneet Chouhan,Bhopal,PHANDA RURAL,"23320205706, GOVT HSS ENNTKHEDI",प्रतिभागी,शिक्षक
BV2500,Om Prakash Verma,Bhopal,PHANDA RURAL,"23320205706, GOVT HSS ENNTKHEDI",प्रतिभागी,शिक्षक
BX9971,Bhawanee Deen Ahirwar,Bhopal,PHANDA RURAL,"23320205706, GOVT HSS ENNTKHEDI",प्रतिभागी,शिक्षक
AA4205,Jyoti Gupta,Bhopal,PHANDA RURAL,"23320210507, GOVT HSS MUGALIYA CHHAP",प्रतिभागी,शिक्षक
AA4206,Sandeep Bhargava,Bhopal,PHANDA RURAL,"23320210507, GOVT HSS MUGALIYA CHHAP",प्रतिभागी,शिक्षक
AL4991,Keerti Pathak,Bhopal,PHANDA RURAL,"23320210507, GOVT HSS MUGALIYA CHHAP",प्रतिभागी,शिक्षक
AY2631,Manish Gupta,Bhopal,PHANDA RURAL,"23320210507, GOVT HSS MUGALIYA CHHAP",प्रतिभागी,शिक्षक
BW8051,Aradhna Band,Bhopal,PHANDA RURAL,"23320210507, GOVT HSS MUGALIYA CHHAP",प्रतिभागी,शिक्षक
BY3474,Sangeeta Pandey,Bhopal,PHANDA RURAL,"23320210507, GOVT HSS MUGALIYA CHHAP",प्रतिभागी,शिक्षक
AA4246,Jayashree Thakre,Bhopal,PHANDA RURAL,"23320211603, GOVT HSS PADARIA KACHHI",प्रतिभागी,शिक्षक
AB1288,Hem Kumar Prajapati,Bhopal,PHANDA RURAL,"23320211603, GOVT HSS PADARIA KACHHI",प्रतिभागी,शिक्षक
AE8838,Neel Kusum Kujur,Bhopal,PHANDA RURAL,"23320211603, GOVT HSS PADARIA KACHHI",प्रतिभागी,शिक्षक
BP3668,Kaushal Kishor Chaurasia,Bhopal,PHANDA RURAL,"23320211603, GOVT HSS PADARIA KACHHI",प्रतिभागी,शिक्षक
BR7147,Manju Malviya,Bhopal,PHANDA RURAL,"23320211603, GOVT HSS PADARIA KACHHI",प्रतिभागी,शिक्षक
BR7594,Abhilasha Pateriya,Bhopal,PHANDA RURAL,"23320211603, GOVT HSS PADARIA KACHHI",प्रतिभागी,शिक्षक
BR7968,JYOTI SAHU,Bhopal,PHANDA RURAL,"23320211603, GOVT HSS PADARIA KACHHI",प्रतिभागी,शिक्षक
AA5207,Vandana Saxena,Bhopal,PHANDA RURAL,"23320212504, GOVT HSS PARWALIA SADAK",प्रतिभागी,शिक्षक
AE7631,Jyoti Sahu,Bhopal,PHANDA RURAL,"23320212504, GOVT HSS PARWALIA SADAK",प्रतिभागी,शिक्षक
AK5090,Hariprasad Mehar,Bhopal,PHANDA RURAL,"23320212504, GOVT HSS PARWALIA SADAK",प्रतिभागी,शिक्षक
BR6946,Pushpa Uikey,Bhopal,PHANDA RURAL,"23320212504, GOVT HSS PARWALIA SADAK",प्रतिभागी,शिक्षक
BR6948,Rajesh Agrawal,Bhopal,PHANDA RURAL,"23320212504, GOVT HSS PARWALIA SADAK",प्रतिभागी,शिक्षक
BR8118,Neetu Sharma,Bhopal,PHANDA RURAL,"23320212504, GOVT HSS PARWALIA SADAK",प्रतिभागी,शिक्षक
BR8120,Gunta Choukikar,Bhopal,PHANDA RURAL,"23320212504, GOVT HSS PARWALIA SADAK",प्रतिभागी,शिक्षक
BY2471,Rajesh Sahu,Bhopal,PHANDA RURAL,"23320212504, GOVT HSS PARWALIA SADAK",प्रतिभागी,शिक्षक
CB7961,KHUSHYAL NAGBANSHI,Bhopal,PHANDA RURAL,"23320212504, GOVT HSS PARWALIA SADAK",प्रतिभागी,शिक्षक
BA5434,Rambabu Verma,Bhopal,PHANDA RURAL,"23320212709, GOVT HSS MAHARANA PRATAP PHANDA KALAN (HARIHAR NAGAR)",प्रतिभागी,शिक्षक
AA4327,Sirmait Bai,Bhopal,PHANDA RURAL,"23320214707, GOVT HSS CHANDR SHEKAHR AZAD RATIBARH",प्रतिभागी,शिक्षक
AA8231,Ritula Verma,Bhopal,PHANDA RURAL,"23320214707, GOVT HSS CHANDR SHEKAHR AZAD RATIBARH",प्रतिभागी,शिक्षक
AK1716,Suman Gour,Bhopal,PHANDA RURAL,"23320214707, GOVT HSS CHANDR SHEKAHR AZAD RATIBARH",प्रतिभागी,शिक्षक
BK4298,Rajesh Upadhyay,Bhopal,PHANDA RURAL,"23320214707, GOVT HSS CHANDR SHEKAHR AZAD RATIBARH",प्रतिभागी,शिक्षक
BP4243,Sangeeta Jaiswal,Bhopal,PHANDA RURAL,"23320214707, GOVT HSS CHANDR SHEKAHR AZAD RATIBARH",प्रतिभागी,शिक्षक
BQ6548,Pratibha Rajput,Bhopal,PHANDA RURAL,"23320214707, GOVT HSS CHANDR SHEKAHR AZAD RATIBARH",प्रतिभागी,शिक्षक
BQ6554,Rekha Dwivedi,Bhopal,PHANDA RURAL,"23320214707, GOVT HSS CHANDR SHEKAHR AZAD RATIBARH",प्रतिभागी,शिक्षक
BY3527,Vinay Band,Bhopal,PHANDA RURAL,"23320214707, GOVT HSS CHANDR SHEKAHR AZAD RATIBARH",प्रतिभागी,शिक्षक
AA2253,Jainendra Kumar Pandey,Bhopal,PHANDA RURAL,"23320216004, GOVT HS MANGAL PANDEY SUKHI SEVANIA",प्रतिभागी,शिक्षक
AA2277,Prem Singh Keer,Bhopal,PHANDA RURAL,"23320216004, GOVT HS MANGAL PANDEY SUKHI SEVANIA",प्रतिभागी,शिक्षक
BP8710,Vipin Kumar Gohiya,Bhopal,PHANDA RURAL,"23320216004, GOVT HS MANGAL PANDEY SUKHI SEVANIA",प्रतिभागी,शिक्षक
BQ5914,Vijay Singh Narwariya,Bhopal,PHANDA RURAL,"23320216004, GOVT HS MANGAL PANDEY SUKHI SEVANIA",प्रतिभागी,शिक्षक
BR6947,Sunita Damde,Bhopal,PHANDA RURAL,"23320216004, GOVT HS MANGAL PANDEY SUKHI SEVANIA",प्रतिभागी,शिक्षक
CD7331,ANKITA KUMARI,Bhopal,PHANDA RURAL,"23320216004, GOVT HS MANGAL PANDEY SUKHI SEVANIA",प्रतिभागी,शिक्षक
AA3845,Shabana Ahmed,Bhopal,PHANDA RURAL,"23320202205, GOVT HSS BAGRODA",प्रतिभागी,शिक्षक
AL5743,Ashutosh Bhardwaj,Bhopal,PHANDA RURAL,"23320202205, GOVT HSS BAGRODA",प्रतिभागी,शिक्षक
BP3335,Anjula Navik,Bhopal,PHANDA RURAL,"23320202205, GOVT HSS BAGRODA",प्रतिभागी,शिक्षक
BP4657,Sanjay Amodkar,Bhopal,PHANDA RURAL,"23320202205, GOVT HSS BAGRODA",प्रतिभागी,शिक्षक
BR1079,Sandeep Kumar Gupta,Bhopal,PHANDA RURAL,"23320202205, GOVT HSS BAGRODA",प्रतिभागी,शिक्षक
BR7438,Sonal Buchke,Bhopal,PHANDA RURAL,"23320202205, GOVT HSS BAGRODA",प्रतिभागी,शिक्षक
AA5774,Gulab Tomar,Bhopal,PHANDA RURAL,"23320211803, GOVT HS NIPANIYA JAAT",प्रतिभागी,शिक्षक
AK1101,Vishal Saxena,Bhopal,PHANDA RURAL,"23320211803, GOVT HS NIPANIYA JAAT",प्रतिभागी,शिक्षक
AK5024,Pushpa Sharma,Bhopal,PHANDA RURAL,"23320211803, GOVT HS NIPANIYA JAAT",प्रतिभागी,शिक्षक
AU9494,Arjun Singh Mehar,Bhopal,PHANDA RURAL,"23320211803, GOVT HS NIPANIYA JAAT",प्रतिभागी,शिक्षक
BF3402,Rana Parveen,Bhopal,PHANDA RURAL,"23320211803, GOVT HS NIPANIYA JAAT",प्रतिभागी,शिक्षक
BO7111,Santosh Kumar Yadav,Bhopal,PHANDA RURAL,"23320211803, GOVT HS NIPANIYA JAAT",प्रतिभागी,शिक्षक
BP3590,Vijay Kumar Gujare,Bhopal,PHANDA RURAL,"23320211803, GOVT HS NIPANIYA JAAT",प्रतिभागी,शिक्षक
BP9320,Rubeena Parveen,Bhopal,PHANDA RURAL,"23320211803, GOVT HS NIPANIYA JAAT",प्रतिभागी,शिक्षक
BV3181,Pooja Parashar,Bhopal,PHANDA RURAL,"23320211803, GOVT HS NIPANIYA JAAT",प्रतिभागी,शिक्षक
BN9609,Santosh Kumar Basone,Bhopal,PHANDA URBAN NEW,"23320300423, GOVT HSS BOYS, BAIRAGARH",प्रतिभागी,शिक्षक
BW6192,Jaya Choubey,Bhopal,PHANDA URBAN NEW,"23320300423, GOVT HSS BOYS, BAIRAGARH",प्रतिभागी,शिक्षक
BY5601,Lokesh Kumar Ahirwar,Bhopal,PHANDA URBAN NEW,"23320300423, GOVT HSS BOYS, BAIRAGARH",प्रतिभागी,शिक्षक
BZ7306,Farha Khan,Bhopal,PHANDA URBAN NEW,"23320300423, GOVT HSS BOYS, BAIRAGARH",प्रतिभागी,शिक्षक
AA3483,Arpana Choubey,Bhopal,PHANDA URBAN NEW,"23320302913, GOVT HSS GIRLS, GOVINDPURA, BHEL",प्रतिभागी,शिक्षक
BN7567,Shikha Vishnoi,Bhopal,PHANDA URBAN NEW,"23320302913, GOVT HSS GIRLS, GOVINDPURA, BHEL",प्रतिभागी,शिक्षक
AA3076,Alka Sharma,Bhopal,PHANDA URBAN NEW,"23320300712, GOVT HSS GIRLS, KASTURBA",प्रतिभागी,शिक्षक
AL8392,Shakun Ahirwar,Bhopal,PHANDA URBAN NEW,"23320300712, GOVT HSS GIRLS, KASTURBA",प्रतिभागी,शिक्षक
BY1913,Manisha Kulshreshtha,Bhopal,PHANDA URBAN NEW,"23320300712, GOVT HSS GIRLS, KASTURBA",प्रतिभागी,शिक्षक
BQ8751,Swati Nigam,Bhopal,PHANDA URBAN NEW,"23320303021, GOVT HSS MAHATMA GANDHI BHEL",प्रतिभागी,शिक्षक
BW5962,Sunita Singh,Bhopal,PHANDA URBAN NEW,"23320303021, GOVT HSS MAHATMA GANDHI BHEL",प्रतिभागी,शिक्षक
CB2618,SHEETAL MALVIYA,Bhopal,PHANDA URBAN NEW,"23320303021, GOVT HSS MAHATMA GANDHI BHEL",प्रतिभागी,शिक्षक
AA2356,Archana Kelkar,Bhopal,PHANDA URBAN NEW,"23320302007, GOVT HSS ARERA COLONY NAVEEN (OLD CAMPION)",प्रतिभागी,शिक्षक
AA2473,Archana Dwivedi,Bhopal,PHANDA URBAN NEW,"23320302007, GOVT HSS ARERA COLONY NAVEEN (OLD CAMPION)",प्रतिभागी,शिक्षक
AY2022,Sapna Choubey,Bhopal,PHANDA URBAN NEW,"23320302007, GOVT HSS ARERA COLONY NAVEEN (OLD CAMPION)",प्रतिभागी,शिक्षक
BY2418,Rekha Yadav,Bhopal,PHANDA URBAN NEW,"23320302007, GOVT HSS ARERA COLONY NAVEEN (OLD CAMPION)",प्रतिभागी,शिक्षक
AA3781,Ashok Namdev,Bhopal,PHANDA URBAN NEW,"23320303905, GOVT HSS DR. SHYAMA PRASAD MUKHARJEE KOLAR AKBARPUR",प्रतिभागी,शिक्षक
AU2029,Deepti Shrivastava,Bhopal,PHANDA URBAN NEW,"23320303905, GOVT HSS DR. SHYAMA PRASAD MUKHARJEE KOLAR AKBARPUR",प्रतिभागी,शिक्षक
BR7583,Megha Ahirwar,Bhopal,PHANDA URBAN NEW,"23320303905, GOVT HSS DR. SHYAMA PRASAD MUKHARJEE KOLAR AKBARPUR",प्रतिभागी,शिक्षक
BY8462,Sarika Mehra,Bhopal,PHANDA URBAN NEW,"23320303905, GOVT HSS DR. SHYAMA PRASAD MUKHARJEE KOLAR AKBARPUR",प्रतिभागी,शिक्षक
AA2270,Sanjay Rai,Bhopal,PHANDA URBAN OLD,"23320401926, GOVT HSS GIRLS, BARKHEDI, JAHANGIRABAD",प्रतिभागी,शिक्षक
AA3664,Azra Sherwani,Bhopal,PHANDA URBAN OLD,"23320401926, GOVT HSS GIRLS, BARKHEDI, JAHANGIRABAD",प्रतिभागी,शिक्षक
AA3987,Vishakha Choudhary,Bhopal,PHANDA URBAN OLD,"23320401926, GOVT HSS GIRLS, BARKHEDI, JAHANGIRABAD",प्रतिभागी,शिक्षक
AH5918,Rashmi Gupta,Bhopal,PHANDA URBAN OLD,"23320401926, GOVT HSS GIRLS, BARKHEDI, JAHANGIRABAD",प्रतिभागी,शिक्षक
BQ1835,Sunita Sahu,Bhopal,PHANDA URBAN OLD,"23320401926, GOVT HSS GIRLS, BARKHEDI, JAHANGIRABAD",प्रतिभागी,शिक्षक
BW8237,Praveen Bani,Bhopal,PHANDA URBAN OLD,"23320401926, GOVT HSS GIRLS, BARKHEDI, JAHANGIRABAD",प्रतिभागी,शिक्षक
BZ3615,Santosh Kumar Ahirwar,Bhopal,PHANDA URBAN OLD,"23320401926, GOVT HSS GIRLS, BARKHEDI, JAHANGIRABAD",प्रतिभागी,शिक्षक
CC9127,ANISHA NEMA,Bhopal,PHANDA URBAN OLD,"23320401926, GOVT HSS GIRLS, BARKHEDI, JAHANGIRABAD",प्रतिभागी,शिक्षक
AA2592,Devki Chouhan,Bhopal,PHANDA URBAN OLD,"23320401927, GOVT HSS GIRLS, JAHANGIRABAD",प्रतिभागी,शिक्षक
AT5081,Ashish Nagar,Bhopal,PHANDA URBAN OLD,"23320401927, GOVT HSS GIRLS, JAHANGIRABAD",प्रतिभागी,शिक्षक
AU6540,Gayatri Gavli,Bhopal,PHANDA URBAN OLD,"23320401927, GOVT HSS GIRLS, JAHANGIRABAD",प्रतिभागी,शिक्षक
BY6703,Kavita Shrivastava,Bhopal,PHANDA URBAN OLD,"23320401927, GOVT HSS GIRLS, JAHANGIRABAD",प्रतिभागी,शिक्षक
AA1843,Mamta Kotiya,Bhopal,PHANDA URBAN OLD,"23320402032, GOVT HSS GIRLS, STATION AREA",प्रतिभागी,शिक्षक
AA1996,Bhanwar Lal Panwar,Bhopal,PHANDA URBAN OLD,"23320402032, GOVT HSS GIRLS, STATION AREA",प्रतिभागी,शिक्षक
AA2413,Rounaq Rais Khan,Bhopal,PHANDA URBAN OLD,"23320402032, GOVT HSS GIRLS, STATION AREA",प्रतिभागी,शिक्षक
AA3633,Namita Gohatre,Bhopal,PHANDA URBAN OLD,"23320402032, GOVT HSS GIRLS, STATION AREA",प्रतिभागी,शिक्षक
AC4162,Shahida Bano Khan,Bhopal,PHANDA URBAN OLD,"23320402032, GOVT HSS GIRLS, STATION AREA",प्रतिभागी,शिक्षक
AA1116,Pushpa Rai,Bhopal,PHANDA URBAN OLD,"23320400516, GOVT HSS GIRLS, SULTANIA",प्रतिभागी,शिक्षक
AA3724,Anil Lakhani,Bhopal,PHANDA URBAN OLD,"23320400516, GOVT HSS GIRLS, SULTANIA",प्रतिभागी,शिक्षक
AA4076,Shahana Siddiqui,Bhopal,PHANDA URBAN OLD,"23320400516, GOVT HSS GIRLS, SULTANIA",प्रतिभागी,शिक्षक
AA4930,Prem Narayan Shrivas,Bhopal,PHANDA URBAN OLD,"23320400516, GOVT HSS GIRLS, SULTANIA",प्रतिभागी,सीएसी
AT9571,Mehmood Khan,Bhopal,PHANDA URBAN OLD,"23320400516, GOVT HSS GIRLS, SULTANIA",प्रतिभागी,शिक्षक
AV1245,Kauser Quadri,Bhopal,PHANDA URBAN OLD,"23320400516, GOVT HSS GIRLS, SULTANIA",प्रतिभागी,शिक्षक
BH5868,Syed Anas Ali,Bhopal,PHANDA URBAN OLD,"23320400516, GOVT HSS GIRLS, SULTANIA",प्रतिभागी,शिक्षक
BP3287,Alok Kumar Jain,Bhopal,PHANDA URBAN OLD,"23320400516, GOVT HSS GIRLS, SULTANIA",प्रतिभागी,शिक्षक
BQ2789,Kalpana Garg,Bhopal,PHANDA URBAN OLD,"23320400516, GOVT HSS GIRLS, SULTANIA",प्रतिभागी,शिक्षक
BS3606,Sultana Khan,Bhopal,PHANDA URBAN OLD,"23320400516, GOVT HSS GIRLS, SULTANIA",प्रतिभागी,शिक्षक
BS4902,Irfana Kauser,Bhopal,PHANDA URBAN OLD,"23320400516, GOVT HSS GIRLS, SULTANIA",प्रतिभागी,शिक्षक
AA1136,Asmat Begum,Bhopal,PHANDA URBAN OLD,"23320401127, GOVT HSS BOYS, STATION AREA",प्रतिभागी,शिक्षक
AA4284,Manoj Kumar Patwa,Bhopal,PHANDA URBAN OLD,"23320401127, GOVT HSS BOYS, STATION AREA",प्रतिभागी,शिक्षक
AE8344,Sudha Choudhary,Bhopal,PHANDA URBAN OLD,"23320401127, GOVT HSS BOYS, STATION AREA",प्रतिभागी,शिक्षक
AT7903,Jitendra Singh,Bhopal,PHANDA URBAN OLD,"23320401127, GOVT HSS BOYS, STATION AREA",प्रतिभागी,शिक्षक
AU6902,Vijay Laxmi Ahirwar,Bhopal,PHANDA URBAN OLD,"23320401127, GOVT HSS BOYS, STATION AREA",प्रतिभागी,शिक्षक
BP1982,Deepa Thakur,Bhopal,PHANDA URBAN OLD,"23320401127, GOVT HSS BOYS, STATION AREA",प्रतिभागी,शिक्षक
BP3570,Poonam Saxena,Bhopal,PHANDA URBAN OLD,"23320401127, GOVT HSS BOYS, STATION AREA",प्रतिभागी,शिक्षक
BP4278,Sandeep Saxena,Bhopal,PHANDA URBAN OLD,"23320401127, GOVT HSS BOYS, STATION AREA",प्रतिभागी,शिक्षक
BS7360,Renu Tiwari,Bhopal,PHANDA URBAN OLD,"23320401127, GOVT HSS BOYS, STATION AREA",प्रतिभागी,शिक्षक
BV9092,Sonu Sharma,Bhopal,PHANDA URBAN OLD,"23320401127, GOVT HSS BOYS, STATION AREA",प्रतिभागी,शिक्षक
AA2384,Savitri Pradhan,Bhopal,PHANDA URBAN OLD,"23320400636, GOVT HSS NISHATPURA",प्रतिभागी,शिक्षक
AA2760,Narendra Chandrawat,Bhopal,PHANDA URBAN OLD,"23320400636, GOVT HSS NISHATPURA",प्रतिभागी,शिक्षक
AA8987,Chandrakanta Raikwar,Bhopal,PHANDA URBAN OLD,"23320400636, GOVT HSS NISHATPURA",प्रतिभागी,शिक्षक
AH1601,Vaishali Dufare,Bhopal,PHANDA URBAN OLD,"23320400636, GOVT HSS NISHATPURA",प्रतिभागी,शिक्षक
AS2063,Sucheta Kaurav,Bhopal,PHANDA URBAN OLD,"23320400636, GOVT HSS NISHATPURA",प्रतिभागी,शिक्षक
BK2150,Sangeeta Bhatnagar,Bhopal,PHANDA URBAN OLD,"23320400636, GOVT HSS NISHATPURA",प्रतिभागी,शिक्षक
BU5602,Nilesh Sharma,Bhopal,PHANDA URBAN OLD,"23320400636, GOVT HSS NISHATPURA",प्रतिभागी,शिक्षक
CB2524,MAMTA MOHOBE,Bhopal,PHANDA URBAN OLD,"23320400636, GOVT HSS NISHATPURA",प्रतिभागी,शिक्षक
AF3328,Reshma Dubey,Burhanpur,BURHANPUR,"23480216806, GOVT. HSS GIRLS, BURHANPUR",प्रतिभागी,शिक्षक
AF4385,Asha Thosare,Burhanpur,BURHANPUR,"23480216806, GOVT. HSS GIRLS, BURHANPUR",प्रतिभागी,शिक्षक
AF2671,Shahnaz Ansari,Burhanpur,BURHANPUR,"23480216504, GOVT. URDU GIRLS HSS HARIRPURA BURHANPUR",प्रतिभागी,शिक्षक
AF3476,Mushtaque Ahmed Nizami,Burhanpur,BURHANPUR,"23480216504, GOVT. URDU GIRLS HSS HARIRPURA BURHANPUR",प्रतिभागी,शिक्षक
AF3540,Prakash Dhurve,Burhanpur,BURHANPUR,"23480216504, GOVT. URDU GIRLS HSS HARIRPURA BURHANPUR",प्रतिभागी,शिक्षक
AF4737,Sunita Harchand Sirture,Burhanpur,BURHANPUR,"23480216504, GOVT. URDU GIRLS HSS HARIRPURA BURHANPUR",प्रतिभागी,शिक्षक
AN9047,Waseem Uddin,Burhanpur,BURHANPUR,"23480216504, GOVT. URDU GIRLS HSS HARIRPURA BURHANPUR",प्रतिभागी,शिक्षक
AN9124,Meera Magre,Burhanpur,BURHANPUR,"23480216504, GOVT. URDU GIRLS HSS HARIRPURA BURHANPUR",प्रतिभागी,शिक्षक
AO8275,Aijaz Ahmed Ansari,Burhanpur,BURHANPUR,"23480216504, GOVT. URDU GIRLS HSS HARIRPURA BURHANPUR",प्रतिभागी,शिक्षक
BZ2898,Mukesh Kamle,Burhanpur,BURHANPUR,"23480216504, GOVT. URDU GIRLS HSS HARIRPURA BURHANPUR",प्रतिभागी,शिक्षक
BZ3793,Ibrahim Saheb,Burhanpur,BURHANPUR,"23480216504, GOVT. URDU GIRLS HSS HARIRPURA BURHANPUR",प्रतिभागी,शिक्षक
CD8979,TANZIRUL BEG,Burhanpur,BURHANPUR,"23480216504, GOVT. URDU GIRLS HSS HARIRPURA BURHANPUR",प्रतिभागी,शिक्षक
AF3931,Shaikh Saeed,Burhanpur,BURHANPUR,"23480208806, GOVT. HSS LONI",प्रतिभागी,शिक्षक
AF3311,Shashikant Patil,Burhanpur,BURHANPUR,"23480206413, GOVT.  HSS ICHHAPUR",प्रतिभागी,शिक्षक
AF3636,Harichandra Shamrao Mahajan,Burhanpur,BURHANPUR,"23480206413, GOVT.  HSS ICHHAPUR",प्रतिभागी,शिक्षक
BT8528,Ravindra Choudhary,Burhanpur,BURHANPUR,"23480206413, GOVT.  HSS ICHHAPUR",प्रतिभागी,शिक्षक
BY2542,KAMLESH PANJRAYE,Burhanpur,BURHANPUR,"23480206413, GOVT.  HSS ICHHAPUR",प्रतिभागी,शिक्षक
AF5018,Nitin Santosh Patil,Burhanpur,BURHANPUR,"23480218206, GOVT. HSS SHAHPUR",प्रतिभागी,शिक्षक
AF5038,Gyaneshwer Hari Mahajan,Burhanpur,BURHANPUR,"23480218206, GOVT. HSS SHAHPUR",प्रतिभागी,शिक्षक
BX3886,Prachi Mahajan,Burhanpur,BURHANPUR,"23480218206, GOVT. HSS SHAHPUR",प्रतिभागी,शिक्षक
AF2939,Sanjay Rodekar,Burhanpur,BURHANPUR,"23480204205, GOVT.  HSS DARIAPUR",प्रतिभागी,शिक्षक
AF4319,Habiba Ansari,Burhanpur,BURHANPUR,"23480204205, GOVT.  HSS DARIAPUR",प्रतिभागी,शिक्षक
BQ8267,Bhaskar Sao,Burhanpur,BURHANPUR,"23480204205, GOVT.  HSS DARIAPUR",प्रतिभागी,शिक्षक
BX8230,Madan Mourya,Burhanpur,BURHANPUR,"23480204205, GOVT.  HSS DARIAPUR",प्रतिभागी,शिक्षक
BX8252,Syed Imran Meer,Burhanpur,BURHANPUR,"23480204205, GOVT.  HSS DARIAPUR",प्रतिभागी,शिक्षक
BX8446,Vitthal Kushwah,Burhanpur,BURHANPUR,"23480204205, GOVT.  HSS DARIAPUR",प्रतिभागी,शिक्षक
AF3656,Gyaneshwar Salve,Burhanpur,BURHANPUR,"23480205211, DHANU SHRAWAN MAHAJAN GOVT. HSS PHOPNAR",प्रतिभागी,शिक्षक
AF3771,Prabhavati Mahajan,Burhanpur,BURHANPUR,"23480205211, DHANU SHRAWAN MAHAJAN GOVT. HSS PHOPNAR",प्रतिभागी,शिक्षक
AF4744,Vinod Ingale,Burhanpur,BURHANPUR,"23480205211, DHANU SHRAWAN MAHAJAN GOVT. HSS PHOPNAR",प्रतिभागी,शिक्षक
BY2222,Dipsingh Rathod,Burhanpur,BURHANPUR,"23480205211, DHANU SHRAWAN MAHAJAN GOVT. HSS PHOPNAR",प्रतिभागी,शिक्षक
BY3260,Praveen Vankhede,Burhanpur,BURHANPUR,"23480205211, DHANU SHRAWAN MAHAJAN GOVT. HSS PHOPNAR",प्रतिभागी,बीएसी
BY3267,Harshali Avinash Raipurkar,Burhanpur,BURHANPUR,"23480205211, DHANU SHRAWAN MAHAJAN GOVT. HSS PHOPNAR",प्रतिभागी,शिक्षक
BY3274,Kiran Lokhande,Burhanpur,BURHANPUR,"23480205211, DHANU SHRAWAN MAHAJAN GOVT. HSS PHOPNAR",प्रतिभागी,शिक्षक
BY3286,Nanhu Rathod,Burhanpur,BURHANPUR,"23480205211, DHANU SHRAWAN MAHAJAN GOVT. HSS PHOPNAR",प्रतिभागी,शिक्षक
AF3641,Vasant Sitaram Kakde,Burhanpur,BURHANPUR,"23480200510, GOVT. HS AMBA",प्रतिभागी,शिक्षक
AF3137,Bharti Badgujar,Burhanpur,BURHANPUR,"23480202809, GOVT.  HSS BORI BUJURG",प्रतिभागी,शिक्षक
AF3256,Paramsingh Waskle,Burhanpur,BURHANPUR,"23480202809, GOVT.  HSS BORI BUJURG",प्रतिभागी,शिक्षक
BT2902,Dinesh Chouhan,Burhanpur,BURHANPUR,"23480202809, GOVT.  HSS BORI BUJURG",प्रतिभागी,शिक्षक
AF3121,Sushila Chouhan,Burhanpur,BURHANPUR,"23480204815, GOVT. HSS EXCELLENCE , DHULKOT",प्रतिभागी,शिक्षक
AF3090,Manoj Kulkarni,Burhanpur,BURHANPUR,"23480210407, GOVT.  HSS NIMBOLA",प्रतिभागी,शिक्षक
AF3106,Rajendra Singh Dangi,Burhanpur,BURHANPUR,"23480210407, GOVT.  HSS NIMBOLA",प्रतिभागी,शिक्षक
AF3327,Anuradha Kaithwas,Burhanpur,BURHANPUR,"23480210407, GOVT.  HSS NIMBOLA",प्रतिभागी,शिक्षक
AF3634,Kailash Patil,Burhanpur,BURHANPUR,"23480210407, GOVT.  HSS NIMBOLA",प्रतिभागी,शिक्षक
BZ7051,Amol Hanote,Burhanpur,BURHANPUR,"23480210407, GOVT.  HSS NIMBOLA",प्रतिभागी,शिक्षक
AF3207,Gorelal Chouhan,Burhanpur,BURHANPUR,"23480202506, GOVT.  HSS BODARLI",प्रतिभागी,शिक्षक
AF4265,Ajamal Rathore,Burhanpur,BURHANPUR,"23480202506, GOVT.  HSS BODARLI",प्रतिभागी,शिक्षक
AF3929,Nandkishore Jagnnath,Burhanpur,KHAKNAR,"23480500206, GOVT. HSS AMBADA",प्रतिभागी,शिक्षक
AF3982,SARLA CHANDRAKANT WAGHE,Burhanpur,KHAKNAR,"23480500206, GOVT. HSS AMBADA",प्रतिभागी,शिक्षक
BR9742,Vaishali Ramesh Patil,Burhanpur,KHAKNAR,"23480500206, GOVT. HSS AMBADA",प्रतिभागी,शिक्षक
BY3764,Bhushan Patil,Burhanpur,KHAKNAR,"23480500206, GOVT. HSS AMBADA",प्रतिभागी,शिक्षक
AF3670,Manisha Patil,Burhanpur,KHAKNAR,"23480514602, GOVT.  HSS  BHATKHEDA",प्रतिभागी,शिक्षक
AF3956,Bhawna Choudhary,Burhanpur,KHAKNAR,"23480514602, GOVT.  HSS  BHATKHEDA",प्रतिभागी,शिक्षक
AO3439,Shailendra Kumar Chawada,Burhanpur,KHAKNAR,"23480514602, GOVT.  HSS  BHATKHEDA",प्रतिभागी,शिक्षक
BR9754,Ashish Kumar Dubey,Burhanpur,KHAKNAR,"23480514602, GOVT.  HSS  BHATKHEDA",प्रतिभागी,शिक्षक
AF4126,Ajay Barpande,Burhanpur,KHAKNAR,"23480503610, GOVT. HSS DOIFORIA",प्रतिभागी,शिक्षक
AF4105,Smita Maheshware,Burhanpur,KHAKNAR,"23480506206, GOVT. HSS EXCELLENCE, KHAKNAR",प्रतिभागी,शिक्षक
BU7704,Archana Phund,Burhanpur,KHAKNAR,"23480506206, GOVT. HSS EXCELLENCE, KHAKNAR",प्रतिभागी,शिक्षक
BU7882,Sopan Patil,Burhanpur,KHAKNAR,"23480506206, GOVT. HSS EXCELLENCE, KHAKNAR",प्रतिभागी,शिक्षक
AF3672,Durga Bai,Burhanpur,KHAKNAR,"23480508007, GOVT. HSS NAVARA",प्रतिभागी,शिक्षक
BR9748,Meena Kumari Yadav,Burhanpur,KHAKNAR,"23480508007, GOVT. HSS NAVARA",प्रतिभागी,शिक्षक
AF2885,Shraddha Dubey,Burhanpur,KHAKNAR,"23480514902, GOVT. HSS NEPANAGAR",प्रतिभागी,शिक्षक
AF3589,Tara Sharma,Burhanpur,KHAKNAR,"23480514902, GOVT. HSS NEPANAGAR",प्रतिभागी,शिक्षक
AF3868,Sukhram Patel,Burhanpur,KHAKNAR,"23480514902, GOVT. HSS NEPANAGAR",प्रतिभागी,शिक्षक
BY7861,Yuvraj Sultane,Burhanpur,KHAKNAR,"23480514902, GOVT. HSS NEPANAGAR",प्रतिभागी,शिक्षक
CF7637,RAKHI NAGLE,Burhanpur,KHAKNAR,"23480514902, GOVT. HSS NEPANAGAR",प्रतिभागी,शिक्षक
AF4188,Neeta Wadekar,Burhanpur,KHAKNAR,"23480512410, GOVT.  HSS SIRPUR",प्रतिभागी,शिक्षक
BP3698,Anita Naganpuriya,Burhanpur,KHAKNAR,"23480512410, GOVT.  HSS SIRPUR",प्रतिभागी,शिक्षक
BY3740,Maya Ingle,Burhanpur,KHAKNAR,"23480512410, GOVT.  HSS SIRPUR",प्रतिभागी,शिक्षक
BP3697,Rajesh Khere,Burhanpur,KHAKNAR,"23480513109, GOVT.  HSS TUKAITHAD",प्रतिभागी,शिक्षक
BU2882,Bhura Ajnare,Burhanpur,KHAKNAR,"23480513109, GOVT.  HSS TUKAITHAD",प्रतिभागी,शिक्षक
CC6995,DEEPA SHARMA,Burhanpur,KHAKNAR,"23480513109, GOVT.  HSS TUKAITHAD",प्रतिभागी,शिक्षक
CG1861,SAPNA GAWLE,Burhanpur,KHAKNAR,"23480513109, GOVT.  HSS TUKAITHAD",प्रतिभागी,शिक्षक
8719099696,Makhan Lal Ahirwar ,Chhatarpur,BADAMALAHARA,"23090107604, GOVT. HS MAHARAJGANJ",प्रतिभागी,अन्य
AF6345,Jitendra Singh Chauhan,Chhatarpur,BADAMALAHARA,"23090107604, GOVT. HS MAHARAJGANJ",प्रतिभागी,सीएसी
BX4120,Dinesh Kumar Yadav,Chhatarpur,BADAMALAHARA,"23090107604, GOVT. HS MAHARAJGANJ",प्रतिभागी,शिक्षक
AF6824,Ram Gopal Pandey,Chhatarpur,BADAMALAHARA,"23090105908, GOVT. HS SENDHPA",प्रतिभागी,शिक्षक
BY5299,Daulat Ahirwar,Chhatarpur,BADAMALAHARA,"23090105908, GOVT. HS SENDHPA",प्रतिभागी,शिक्षक
AF7931,Jugal Kishor Lodhi,Chhatarpur,BADAMALAHARA,"23090107304, GOVT. HS SIMARIYA",प्रतिभागी,शिक्षक
AF7662,Aradhna Mishra,Chhatarpur,BADAMALAHARA,"23090101820, GOVT. HSS BOYS BADAMALEHRA",प्रतिभागी,शिक्षक
AF7689,Indra Jain,Chhatarpur,BADAMALAHARA,"23090101820, GOVT. HSS BOYS BADAMALEHRA",प्रतिभागी,शिक्षक
AF7706,Harinarayan Mishra,Chhatarpur,BADAMALAHARA,"23090101820, GOVT. HSS BOYS BADAMALEHRA",प्रतिभागी,शिक्षक
AF8085,SANJEEV KUMAR JAIN,Chhatarpur,BADAMALAHARA,"23090101820, GOVT. HSS BOYS BADAMALEHRA",प्रतिभागी,शिक्षक
BW9469,Vipin Kumar Jain,Chhatarpur,BADAMALAHARA,"23090101820, GOVT. HSS BOYS BADAMALEHRA",प्रतिभागी,शिक्षक
AF6444,Rajesh Parmar,Chhatarpur,BADAMALAHARA,"23090111416, GOVT. HSS GHUWARA",प्रतिभागी,शिक्षक
AF6662,Mohan Singh Thakur,Chhatarpur,BADAMALAHARA,"23090111416, GOVT. HSS GHUWARA",प्रतिभागी,शिक्षक
AF6831,Ram Naresh Pathak,Chhatarpur,BADAMALAHARA,"23090111416, GOVT. HSS GHUWARA",प्रतिभागी,शिक्षक
BV9399,Manoj Kumar Jain,Chhatarpur,BADAMALAHARA,"23090111416, GOVT. HSS GHUWARA",प्रतिभागी,शिक्षक
CC1116,KAMLESH SONI,Chhatarpur,BADAMALAHARA,"23090111416, GOVT. HSS GHUWARA",प्रतिभागी,शिक्षक
CD1921,RAMESH AHIRWAR,Chhatarpur,BADAMALAHARA,"23090111416, GOVT. HSS GHUWARA",प्रतिभागी,शिक्षक
AF5843,Vijay Kumar Tiwari,Chhatarpur,BADAMALAHARA,"23090101821, GOVT. HSS GIRLS BADAMALEHRA",प्रतिभागी,शिक्षक
AF7922,Sunita Jain,Chhatarpur,BADAMALAHARA,"23090101821, GOVT. HSS GIRLS BADAMALEHRA",प्रतिभागी,शिक्षक
BT6988,Jyoti Jain,Chhatarpur,BADAMALAHARA,"23090101821, GOVT. HSS GIRLS BADAMALEHRA",प्रतिभागी,शिक्षक
9644835481,Vinod Prasad Awasthi ,Chhatarpur,BADAMALAHARA,"23090113807, GOVT. HSS BAMNORA KALAN",प्रतिभागी,शिक्षक
CE7743,MANOJ AHIRWAR,Chhatarpur,BADAMALAHARA,"23090113807, GOVT. HSS BAMNORA KALAN",प्रतिभागी,शिक्षक
AF9082,Rudra Pratap Mishra,Chhatarpur,BADAMALAHARA,"23090105606, GOVT. HSS BANDHA",प्रतिभागी,शिक्षक
AF9093,Mayank Kumar Rathour,Chhatarpur,BADAMALAHARA,"23090105606, GOVT. HSS BANDHA",प्रतिभागी,शिक्षक
CB7301,RAJKUMAR PRAJAPATI,Chhatarpur,BADAMALAHARA,"23090105606, GOVT. HSS BANDHA",प्रतिभागी,शिक्षक
AF6500,Munna Lal Dubey,Chhatarpur,BADAMALAHARA,"23090108911, GOVT. HSS BHAGWA",प्रतिभागी,शिक्षक
BZ2969,Rajkumar Ahirwar,Chhatarpur,BADAMALAHARA,"23090108911, GOVT. HSS BHAGWA",प्रतिभागी,शिक्षक
BZ5678,Aakanksha Jain,Chhatarpur,BADAMALAHARA,"23090108911, GOVT. HSS BHAGWA",प्रतिभागी,शिक्षक
CB2442,SANDEEP GARG,Chhatarpur,BADAMALAHARA,"23090108911, GOVT. HSS BHAGWA",प्रतिभागी,शिक्षक
CD1918,ANKITA PATAIRIYA,Chhatarpur,BADAMALAHARA,"23090108911, GOVT. HSS BHAGWA",प्रतिभागी,शिक्षक
AF6631,Saroj Jain,Chhatarpur,BADAMALAHARA,"23090111417, GOVT. HSS GIRLS GHUWARA",प्रतिभागी,शिक्षक
AF6677,Neelam Shrivastava,Chhatarpur,BADAMALAHARA,"23090111417, GOVT. HSS GIRLS GHUWARA",प्रतिभागी,शिक्षक
AF7587,Archana Jain,Chhatarpur,BADAMALAHARA,"23090111417, GOVT. HSS GIRLS GHUWARA",प्रतिभागी,शिक्षक
AF9794,Raj Kishor Ahirwar,Chhatarpur,BARIGARH,"23090409414, GOVT. GIRLS HS BARIGARH",प्रतिभागी,शिक्षक
AG1029,Pradeep Kumar Singh,Chhatarpur,BARIGARH,"23090409414, GOVT. GIRLS HS BARIGARH",प्रतिभागी,शिक्षक
BT5470,Ranmat Singh Sisaudiya,Chhatarpur,BARIGARH,"23090409414, GOVT. GIRLS HS BARIGARH",प्रतिभागी,शिक्षक
CB2435,KAUVED AHIRWAR,Chhatarpur,BARIGARH,"23090409414, GOVT. GIRLS HS BARIGARH",प्रतिभागी,शिक्षक
AG1303,Ram Babu Tiwari,Chhatarpur,BARIGARH,"23090406307, GOVT. HSS KHADDI",प्रतिभागी,शिक्षक
AG1351,Hari Krishna Shukla,Chhatarpur,BARIGARH,"23090406307, GOVT. HSS KHADDI",प्रतिभागी,शिक्षक
AG1414,Prachi Tiwari,Chhatarpur,BARIGARH,"23090406307, GOVT. HSS KHADDI",प्रतिभागी,शिक्षक
AG1415,Pravesh Kumari,Chhatarpur,BARIGARH,"23090406307, GOVT. HSS KHADDI",प्रतिभागी,शिक्षक
BS7933,Manorama Rajput,Chhatarpur,BARIGARH,"23090406307, GOVT. HSS KHADDI",प्रतिभागी,शिक्षक
BX2743,Vinod Kumar Trivedi,Chhatarpur,BARIGARH,"23090406307, GOVT. HSS KHADDI",प्रतिभागी,शिक्षक
BX8045,Priyanka Shrivastava,Chhatarpur,BARIGARH,"23090406307, GOVT. HSS KHADDI",प्रतिभागी,शिक्षक
BY2524,Laxmi Ahirwar,Chhatarpur,BARIGARH,"23090406307, GOVT. HSS KHADDI",प्रतिभागी,शिक्षक
BZ7655,Rajaram Anuragi,Chhatarpur,BARIGARH,"23090406307, GOVT. HSS KHADDI",प्रतिभागी,शिक्षक
AF9786,Raspal Luhar,Chhatarpur,BARIGARH,"23090406804, GOVT. HS MAHYABA",प्रतिभागी,शिक्षक
AG1244,Bhola Prasad Patel,Chhatarpur,BARIGARH,"23090406804, GOVT. HS MAHYABA",प्रतिभागी,शिक्षक
BW3037,Himmatlal Patel,Chhatarpur,BARIGARH,"23090406804, GOVT. HS MAHYABA",प्रतिभागी,शिक्षक
AF9923,Pramod Kumar Gupta,Chhatarpur,BARIGARH,"23090408403, GOVT. HSS NAAHARPUR",प्रतिभागी,शिक्षक
BT6066,Lalbabu Patel,Chhatarpur,BARIGARH,"23090408403, GOVT. HSS NAAHARPUR",प्रतिभागी,शिक्षक
BX8315,Shyam Babu Pal,Chhatarpur,BARIGARH,"23090409415, GOVT. HSS EXCELLENCE BARIGARH",प्रतिभागी,शिक्षक
BX9444,Ram Singh,Chhatarpur,BARIGARH,"23090409415, GOVT. HSS EXCELLENCE BARIGARH",प्रतिभागी,शिक्षक
AF9741,Nirdosh Ekka,Chhatarpur,BARIGARH,"23090402609, GOVT. HSS GAURIHAR",प्रतिभागी,शिक्षक
AG1256,Omprakash Pandey,Chhatarpur,BARIGARH,"23090402609, GOVT. HSS GAURIHAR",प्रतिभागी,शिक्षक
AG3911,Ramkumar Pal,Chhatarpur,BARIGARH,"23090402609, GOVT. HSS GAURIHAR",प्रतिभागी,शिक्षक
BO1915,Piragiya Pal,Chhatarpur,BARIGARH,"23090402609, GOVT. HSS GAURIHAR",प्रतिभागी,शिक्षक
AF9879,Rakesh Kumar Ahirwar,Chhatarpur,BARIGARH,"23090412611, GOVT. HSS SARBAI",प्रतिभागी,शिक्षक
AF9880,Kailash Narayan Soni,Chhatarpur,BARIGARH,"23090412611, GOVT. HSS SARBAI",प्रतिभागी,शिक्षक
AF9933,Farhana Khan,Chhatarpur,BARIGARH,"23090412611, GOVT. HSS SARBAI",प्रतिभागी,शिक्षक
AG1217,Rajkishor Patel,Chhatarpur,BARIGARH,"23090412611, GOVT. HSS SARBAI",प्रतिभागी,शिक्षक
AT3349,Hari Ram Prajapati,Chhatarpur,BARIGARH,"23090412611, GOVT. HSS SARBAI",प्रतिभागी,शिक्षक
BO2186,Ramsharan Mishra,Chhatarpur,BARIGARH,"23090412611, GOVT. HSS SARBAI",प्रतिभागी,शिक्षक
BS4817,Ramswaroop Bhurji,Chhatarpur,BARIGARH,"23090412611, GOVT. HSS SARBAI",प्रतिभागी,शिक्षक
BX3399,Satybrat Shukla,Chhatarpur,BARIGARH,"23090412611, GOVT. HSS SARBAI",प्रतिभागी,शिक्षक
BX6192,Asha Ram Pal,Chhatarpur,BARIGARH,"23090412611, GOVT. HSS SARBAI",प्रतिभागी,शिक्षक
BY9957,Ramphal Patel,Chhatarpur,BARIGARH,"23090412611, GOVT. HSS SARBAI",प्रतिभागी,शिक्षक
AF8463,Sadik Mohammad,Chhatarpur,BIJAWAR,"23090300230, GOVT. BOYS HSS BIJAWAR",प्रतिभागी,शिक्षक
AF8472,Rubina Sahin,Chhatarpur,BIJAWAR,"23090300231, GOVT. HSS GIRLS BIJAWAR",प्रतिभागी,शिक्षक
BU3175,Sarika Kulshrestha,Chhatarpur,BIJAWAR,"23090307711, GOVT. HSS ANGORE",प्रतिभागी,शिक्षक
BY3333,Sangita Prajapati,Chhatarpur,BIJAWAR,"23090307711, GOVT. HSS ANGORE",प्रतिभागी,शिक्षक
BZ6705,Manish Deo Soni,Chhatarpur,BIJAWAR,"23090307711, GOVT. HSS ANGORE",प्रतिभागी,शिक्षक
AF8228,Pooran Lal Yadav,Chhatarpur,BIJAWAR,"23090308411, GOVT. HSS GULGANJ",प्रतिभागी,शिक्षक
AF8516,Iqbal Khan,Chhatarpur,BIJAWAR,"23090308411, GOVT. HSS GULGANJ",प्रतिभागी,शिक्षक
AF9159,Rafiq Ahmed Khan,Chhatarpur,BIJAWAR,"23090308411, GOVT. HSS GULGANJ",प्रतिभागी,शिक्षक
AF9163,Hari Om Gangele,Chhatarpur,BIJAWAR,"23090308411, GOVT. HSS GULGANJ",प्रतिभागी,शिक्षक
AF9200,Lallan Ahirwar,Chhatarpur,BIJAWAR,"23090308411, GOVT. HSS GULGANJ",प्रतिभागी,शिक्षक
BY1154,Ram Prasad Kumhar,Chhatarpur,BIJAWAR,"23090308411, GOVT. HSS GULGANJ",प्रतिभागी,शिक्षक
7773841374,Rajmangal  Pandey ,Chhatarpur,BIJAWAR,"23090301903, GOVT. HSS KHERAKALA",प्रतिभागी,अन्य
9340510867,Satyendra Tiwari   ,Chhatarpur,BIJAWAR,"23090301903, GOVT. HSS KHERAKALA",प्रतिभागी,शिक्षक
AF8354,Bhagunta Ahirwar,Chhatarpur,BIJAWAR,"23090301903, GOVT. HSS KHERAKALA",प्रतिभागी,शिक्षक
AT3165,Arvind Singh Yadav,Chhatarpur,BIJAWAR,"23090301903, GOVT. HSS KHERAKALA",प्रतिभागी,शिक्षक
BR8026,Sushila Dubey,Chhatarpur,BIJAWAR,"23090301903, GOVT. HSS KHERAKALA",प्रतिभागी,शिक्षक
CD3572,BEERENDRA VERMA,Chhatarpur,BIJAWAR,"23090301903, GOVT. HSS KHERAKALA",प्रतिभागी,शिक्षक
7477245327,Kajal Pathak   ,Chhatarpur,BIJAWAR,"23090302608, GOVT. HSS GIRLS  KISHANGARH",प्रतिभागी,शिक्षक
7723885643,Bhagwat  Gond ,Chhatarpur,BIJAWAR,"23090302608, GOVT. HSS GIRLS  KISHANGARH",प्रतिभागी,शिक्षक
7974530642,Uttam Singh Lodhi   ,Chhatarpur,BIJAWAR,"23090302608, GOVT. HSS GIRLS  KISHANGARH",प्रतिभागी,शिक्षक
8357941313,Udal  Singh ,Chhatarpur,BIJAWAR,"23090302608, GOVT. HSS GIRLS  KISHANGARH",प्रतिभागी,अन्य
BS7628,Umakanti Kuderiya,Chhatarpur,BIJAWAR,"23090302608, GOVT. HSS GIRLS  KISHANGARH",प्रतिभागी,शिक्षक
AF8500,Santosh Kumar Ahirwar,Chhatarpur,BIJAWAR,"23090303806, GOVT HSS PIPAT PANAGAR",प्रतिभागी,शिक्षक
AG2947,Rajababu Gupta,Chhatarpur,BIJAWAR,"23090303806, GOVT HSS PIPAT PANAGAR",प्रतिभागी,शिक्षक
AG3877,Ashok Mishra,Chhatarpur,BIJAWAR,"23090303806, GOVT HSS PIPAT PANAGAR",प्रतिभागी,शिक्षक
BX4651,Manoj Kumar Chaurasia,Chhatarpur,BIJAWAR,"23090303806, GOVT HSS PIPAT PANAGAR",प्रतिभागी,शिक्षक
AG3897,Kailash Chandra Jatav,Chhatarpur,BIJAWAR,"23090304414, GOVT. HSS SATAI",प्रतिभागी,शिक्षक
BQ9539,Arun Pratap Singh Tomar,Chhatarpur,BIJAWAR,"23090304414, GOVT. HSS SATAI",प्रतिभागी,शिक्षक
BX2539,Alka Singh,Chhatarpur,BIJAWAR,"23090304414, GOVT. HSS SATAI",प्रतिभागी,शिक्षक
AF5774,Mahendra Kumar Napit,Chhatarpur,BUXWAHA,"23090202316, GOVT.HS  GIRLS BUXWAHA -2",प्रतिभागी,शिक्षक
AF5781,Anita Jain,Chhatarpur,BUXWAHA,"23090202316, GOVT.HS  GIRLS BUXWAHA -2",प्रतिभागी,शिक्षक
AF6055,Lata Bilthare,Chhatarpur,BUXWAHA,"23090202316, GOVT.HS  GIRLS BUXWAHA -2",प्रतिभागी,शिक्षक
BQ8851,Santosh Kumar Ahirwar,Chhatarpur,BUXWAHA,"23090202316, GOVT.HS  GIRLS BUXWAHA -2",प्रतिभागी,शिक्षक
BV3117,Surendra Kumar Jain,Chhatarpur,BUXWAHA,"23090202316, GOVT.HS  GIRLS BUXWAHA -2",प्रतिभागी,शिक्षक
AF9102,Sapna Jain,Chhatarpur,BUXWAHA,"23090204705, GOVT. HSS DARGUWA",प्रतिभागी,शिक्षक
BU4693,Moti Sen,Chhatarpur,BUXWAHA,"23090204705, GOVT. HSS DARGUWA",प्रतिभागी,शिक्षक
BZ7847,Prapti Asati,Chhatarpur,BUXWAHA,"23090201104, GOVT. HS NIWAR",प्रतिभागी,शिक्षक
AF5882,Santosh Rai,Chhatarpur,BUXWAHA,"23090206710, GOVT. HSS BAJNA",प्रतिभागी,शिक्षक
AF6037,Brajendra Kumar Lodhi,Chhatarpur,BUXWAHA,"23090205207, GOVT. HSS BAMHORI",प्रतिभागी,शिक्षक
AF5797,Hemlata Thakur,Chhatarpur,BUXWAHA,"23090202317, GOVT HSS EXCELLANCE BUXWAHA",प्रतिभागी,शिक्षक
AF7435,Jag Mohan Pidaha,Chhatarpur,ISHANAGAAR,"23090509203, GOVT. HSS BRAJPURA",प्रतिभागी,शिक्षक
AG1393,Jyoti Lata Ahirwar,Chhatarpur,ISHANAGAAR,"23090509203, GOVT. HSS BRAJPURA",प्रतिभागी,शिक्षक
AS8688,Sandhya Singh,Chhatarpur,ISHANAGAAR,"23090509203, GOVT. HSS BRAJPURA",प्रतिभागी,शिक्षक
BU7685,Neelam Prajapati,Chhatarpur,ISHANAGAAR,"23090509203, GOVT. HSS BRAJPURA",प्रतिभागी,शिक्षक
BQ5823,Vimla Raikwar,Chhatarpur,ISHANAGAAR,"23090502005, GOVT. HSS DHARARI",प्रतिभागी,शिक्षक
BT5032,Sunita Gupta,Chhatarpur,ISHANAGAAR,"23090502005, GOVT. HSS DHARARI",प्रतिभागी,शिक्षक
BW7685,Prabeen Kumar Jain,Chhatarpur,ISHANAGAAR,"23090502005, GOVT. HSS DHARARI",प्रतिभागी,शिक्षक
BX3272,Anjali Rawat,Chhatarpur,ISHANAGAAR,"23090502005, GOVT. HSS DHARARI",प्रतिभागी,शिक्षक
BY4359,Rampal Prajapati,Chhatarpur,ISHANAGAAR,"23090502005, GOVT. HSS DHARARI",प्रतिभागी,शिक्षक
AF7082,Dinesh Chandra Patel,Chhatarpur,ISHANAGAAR,"23090512208, GOVT. HSS MAATGUWA",प्रतिभागी,शिक्षक
BQ5583,Braj Narayan Awasthi,Chhatarpur,ISHANAGAAR,"23090512208, GOVT. HSS MAATGUWA",प्रतिभागी,शिक्षक
BX2757,Ramakant Dwivedi,Chhatarpur,ISHANAGAAR,"23090512208, GOVT. HSS MAATGUWA",प्रतिभागी,शिक्षक
AF7331,Ramakant Shrivastava,Chhatarpur,ISHANAGAAR,"23090500103, GOVT. HS PADARIYA",प्रतिभागी,शिक्षक
AS9000,Vikash Kumar Sen,Chhatarpur,ISHANAGAAR,"23090500103, GOVT. HS PADARIYA",प्रतिभागी,शिक्षक
AT1789,Pawan Kumar Mishra,Chhatarpur,ISHANAGAAR,"23090500103, GOVT. HS PADARIYA",प्रतिभागी,शिक्षक
BD2185,Soniya Mehrotra,Chhatarpur,ISHANAGAAR,"23090500103, GOVT. HS PADARIYA",प्रतिभागी,शिक्षक
BT3840,Arjun Singh Yadav,Chhatarpur,ISHANAGAAR,"23090500103, GOVT. HS PADARIYA",प्रतिभागी,शिक्षक
CB5632,PREETI ARJARIYA,Chhatarpur,ISHANAGAAR,"23090500103, GOVT. HS PADARIYA",प्रतिभागी,शिक्षक
BN4801,Durjan Singh Suryawanshi,Chhatarpur,ISHANAGAAR,"23090510804, GOVT. HSS SALAIYA",प्रतिभागी,शिक्षक
BQ9128,Pranu Singh Parihar,Chhatarpur,ISHANAGAAR,"23090510804, GOVT. HSS SALAIYA",प्रतिभागी,शिक्षक
BX2734,Swadesh Kumar Chaurasia,Chhatarpur,ISHANAGAAR,"23090510804, GOVT. HSS SALAIYA",प्रतिभागी,शिक्षक
BY6176,Sudeep Kumar Soni,Chhatarpur,ISHANAGAAR,"23090510804, GOVT. HSS SALAIYA",प्रतिभागी,शिक्षक
BZ2322,Pushpendra Kumar Namdev,Chhatarpur,ISHANAGAAR,"23090510804, GOVT. HSS SALAIYA",प्रतिभागी,शिक्षक
AT1164,Dev Prakash Tripathi,Chhatarpur,ISHANAGAAR,"23090529436, GOVT. HSS HATWARA, CHP",प्रतिभागी,शिक्षक
BC9676,Mritunjay Vishwakarma,Chhatarpur,ISHANAGAAR,"23090529436, GOVT. HSS HATWARA, CHP",प्रतिभागी,शिक्षक
BW7617,Sunita Devi Ahirwar,Chhatarpur,ISHANAGAAR,"23090529436, GOVT. HSS HATWARA, CHP",प्रतिभागी,शिक्षक
AF5339,Shankar Lal Ahirwar,Chhatarpur,ISHANAGAAR,"23090505013, GOVT. HSS ISHANAGAR.",प्रतिभागी,शिक्षक
AG2118,Sita Dubey,Chhatarpur,ISHANAGAAR,"23090505013, GOVT. HSS ISHANAGAR.",प्रतिभागी,शिक्षक
BU8182,Shyam Agrawal,Chhatarpur,ISHANAGAAR,"23090505013, GOVT. HSS ISHANAGAR.",प्रतिभागी,शिक्षक
BZ3683,Pushplata Rai,Chhatarpur,ISHANAGAAR,"23090505013, GOVT. HSS ISHANAGAR.",प्रतिभागी,शिक्षक
BZ7921,Lala Bhai Pal,Chhatarpur,ISHANAGAAR,"23090505013, GOVT. HSS ISHANAGAR.",प्रतिभागी,शिक्षक
CC4353,GOURI SAHU,Chhatarpur,ISHANAGAAR,"23090505013, GOVT. HSS ISHANAGAR.",प्रतिभागी,शिक्षक
AF9167,Rakhi Gupta,Chhatarpur,ISHANAGAAR,"23090503304, GOVT. HSS MAHEBA",प्रतिभागी,शिक्षक
AG3943,Rameshchandra Richariya,Chhatarpur,ISHANAGAAR,"23090503304, GOVT. HSS MAHEBA",प्रतिभागी,शिक्षक
BR4695,Ranjna Thapak,Chhatarpur,ISHANAGAAR,"23090503304, GOVT. HSS MAHEBA",प्रतिभागी,शिक्षक
BT8626,Seema Goher,Chhatarpur,ISHANAGAAR,"23090503304, GOVT. HSS MAHEBA",प्रतिभागी,शिक्षक
BY5807,Kamlesh Kumar Namdev,Chhatarpur,ISHANAGAAR,"23090503304, GOVT. HSS MAHEBA",प्रतिभागी,शिक्षक
AF5168,Anil Kumar Gupta,Chhatarpur,ISHANAGAAR,"23090529435, GOVT. HSS GIRLS, M.L.B. CHP",प्रतिभागी,शिक्षक
AF6791,Neelu Tiwari,Chhatarpur,ISHANAGAAR,"23090529435, GOVT. HSS GIRLS, M.L.B. CHP",प्रतिभागी,शिक्षक
AF8213,Aysha Khatoon,Chhatarpur,ISHANAGAAR,"23090529435, GOVT. HSS GIRLS, M.L.B. CHP",प्रतिभागी,शिक्षक
AF9868,Shyam Karan Pal,Chhatarpur,ISHANAGAAR,"23090529435, GOVT. HSS GIRLS, M.L.B. CHP",प्रतिभागी,शिक्षक
AY4349,Manohar Singh Rajput,Chhatarpur,ISHANAGAAR,"23090529435, GOVT. HSS GIRLS, M.L.B. CHP",प्रतिभागी,शिक्षक
BR3664,Shail Sisodia,Chhatarpur,ISHANAGAAR,"23090529435, GOVT. HSS GIRLS, M.L.B. CHP",प्रतिभागी,शिक्षक
BS7036,Nidhi Tiwari,Chhatarpur,ISHANAGAAR,"23090529435, GOVT. HSS GIRLS, M.L.B. CHP",प्रतिभागी,शिक्षक
AF8465,Shafeek Ahmad,Chhatarpur,ISHANAGAAR,"23090529210, GOVT. HSS WARD NO 2, CHHATARPUR",प्रतिभागी,शिक्षक
AG3421,Sangita Gupta,Chhatarpur,ISHANAGAAR,"23090529210, GOVT. HSS WARD NO 2, CHHATARPUR",प्रतिभागी,शिक्षक
AS9025,Nisha Sen,Chhatarpur,ISHANAGAAR,"23090529210, GOVT. HSS WARD NO 2, CHHATARPUR",प्रतिभागी,शिक्षक
BD1249,Manoj Kumar Gupta,Chhatarpur,ISHANAGAAR,"23090529210, GOVT. HSS WARD NO 2, CHHATARPUR",प्रतिभागी,शिक्षक
BS5128,Urmila Vishwkarma,Chhatarpur,ISHANAGAAR,"23090529210, GOVT. HSS WARD NO 2, CHHATARPUR",प्रतिभागी,शिक्षक
BT9863,Brajendra Singh Yadav,Chhatarpur,ISHANAGAAR,"23090529210, GOVT. HSS WARD NO 2, CHHATARPUR",प्रतिभागी,शिक्षक
AF5726,Jitendra Kumar Tiwari,Chhatarpur,ISHANAGAAR,"23090510305, GOVT.  HSS PANOTHA",प्रतिभागी,शिक्षक
BO4503,Rajesh Kumar Vishwakarma,Chhatarpur,ISHANAGAAR,"23090510305, GOVT.  HSS PANOTHA",प्रतिभागी,शिक्षक
BY2699,Kishan Lal Ahirwar,Chhatarpur,ISHANAGAAR,"23090510305, GOVT.  HSS PANOTHA",प्रतिभागी,शिक्षक
AF8750,Shivratan Patel,Chhatarpur,LAUNDI,"23090612303, GOVT. HS BANSHIYA",प्रतिभागी,शिक्षक
BN8124,Umesh Kumar Patel,Chhatarpur,LAUNDI,"23090612303, GOVT. HS BANSHIYA",प्रतिभागी,शिक्षक
AF8618,Babulal Prajapati,Chhatarpur,LAUNDI,"23090607604, GOVT. HSS CHHATI BAMHORI",प्रतिभागी,शिक्षक
AF8801,Vinod Kumar Kerketta,Chhatarpur,LAUNDI,"23090607604, GOVT. HSS CHHATI BAMHORI",प्रतिभागी,सीएसी
BV3085,Jagprasad Rajput,Chhatarpur,LAUNDI,"23090607604, GOVT. HSS CHHATI BAMHORI",प्रतिभागी,शिक्षक
BX7238,Kamta Prasad Shiklwar,Chhatarpur,LAUNDI,"23090607604, GOVT. HSS CHHATI BAMHORI",प्रतिभागी,शिक्षक
AG1495,Nirmal Lakra,Chhatarpur,LAUNDI,"23090605204, GOVT. HS KATAHARA",प्रतिभागी,शिक्षक
AG3503,Thakurdeen Ahirwar,Chhatarpur,LAUNDI,"23090605204, GOVT. HS KATAHARA",प्रतिभागी,शिक्षक
CE8793,GAJRAJ NA,Chhatarpur,LAUNDI,"23090605204, GOVT. HS KATAHARA",प्रतिभागी,शिक्षक
AG1637,Chheda Lal Yadav,Chhatarpur,LAUNDI,"23090608505, GOVT. HSS PATHA",प्रतिभागी,शिक्षक
AG3215,Gauri Shankar Kushwaha,Chhatarpur,LAUNDI,"23090608505, GOVT. HSS PATHA",प्रतिभागी,शिक्षक
BN2543,Raj Narayan Sahu,Chhatarpur,LAUNDI,"23090602603, GOVT. HS TEHANGA",प्रतिभागी,शिक्षक
BW6395,Suresh Kumar Sahu,Chhatarpur,LAUNDI,"23090602603, GOVT. HS TEHANGA",प्रतिभागी,शिक्षक
BX8112,Dhirendra Kumar Singh,Chhatarpur,LAUNDI,"23090602603, GOVT. HS TEHANGA",प्रतिभागी,शिक्षक
BY4497,Ajay Kumar Awasthi,Chhatarpur,LAUNDI,"23090602603, GOVT. HS TEHANGA",प्रतिभागी,शिक्षक
BY4503,Bhupat Kushwaha,Chhatarpur,LAUNDI,"23090602603, GOVT. HS TEHANGA",प्रतिभागी,शिक्षक
BY3001,Sunil Kumar Tiwari,Chhatarpur,LAUNDI,"23090605723, GOVT. HSS BOYS CHANDLA",प्रतिभागी,शिक्षक
AF5541,Vivek Kumar Chaturvedi,Chhatarpur,LAUNDI,"23090601442, GOVT. HSS EXCELLENCE, LAUNDI",प्रतिभागी,शिक्षक
AF8702,Rajkishor Mishra,Chhatarpur,LAUNDI,"23090601442, GOVT. HSS EXCELLENCE, LAUNDI",प्रतिभागी,शिक्षक
AF9838,Chhote Lal Tiwari,Chhatarpur,LAUNDI,"23090601442, GOVT. HSS EXCELLENCE, LAUNDI",प्रतिभागी,शिक्षक
AG3501,Mahima Chakravarti,Chhatarpur,LAUNDI,"23090601442, GOVT. HSS EXCELLENCE, LAUNDI",प्रतिभागी,शिक्षक
BQ7297,Mahesh Kumar Pandey,Chhatarpur,LAUNDI,"23090601442, GOVT. HSS EXCELLENCE, LAUNDI",प्रतिभागी,शिक्षक
BU3715,Pooja Mishra,Chhatarpur,LAUNDI,"23090601442, GOVT. HSS EXCELLENCE, LAUNDI",प्रतिभागी,शिक्षक
AF8809,Kuber Pal Ahirwar,Chhatarpur,LAUNDI,"23090605724, GOVT. HSS GIRLS CHANDLA",प्रतिभागी,शिक्षक
BY2949,Hari Ram Prajapati,Chhatarpur,LAUNDI,"23090605724, GOVT. HSS GIRLS CHANDLA",प्रतिभागी,शिक्षक
AF5557,Sushma Singh,Chhatarpur,LAUNDI,"23090601443, GOVT. HSS GIRLS LAUNDI",प्रतिभागी,शिक्षक
AF9709,Abertius Toppo,Chhatarpur,LAUNDI,"23090601443, GOVT. HSS GIRLS LAUNDI",प्रतिभागी,शिक्षक
AG1731,Dev Datt Anuragi,Chhatarpur,LAUNDI,"23090601443, GOVT. HSS GIRLS LAUNDI",प्रतिभागी,शिक्षक
AG1735,Munna Khan,Chhatarpur,LAUNDI,"23090601443, GOVT. HSS GIRLS LAUNDI",प्रतिभागी,शिक्षक
AG3375,Raju Khan,Chhatarpur,LAUNDI,"23090601443, GOVT. HSS GIRLS LAUNDI",प्रतिभागी,शिक्षक
BT5475,Bhola Prasad Ahirwar,Chhatarpur,LAUNDI,"23090601443, GOVT. HSS GIRLS LAUNDI",प्रतिभागी,शिक्षक
9617495041,Umesh Kumar Awasthi ,Chhatarpur,LAUNDI,"23090609008, GOVT. HSS BACHHON",प्रतिभागी,शिक्षक
AF8635,Satyendra Kumar Dohre,Chhatarpur,NOWGONG,"23090704867, GOVT. HS MODEL NOWGONG",प्रतिभागी,शिक्षक
AG2975,Ramkripal Prajapati,Chhatarpur,NOWGONG,"23090704867, GOVT. HS MODEL NOWGONG",प्रतिभागी,शिक्षक
BC2647,Jageshwar Prasad Prazapati,Chhatarpur,NOWGONG,"23090704867, GOVT. HS MODEL NOWGONG",प्रतिभागी,शिक्षक
BX1745,Nandani Rai,Chhatarpur,NOWGONG,"23090704867, GOVT. HS MODEL NOWGONG",प्रतिभागी,शिक्षक
BY3847,Rama Rawat,Chhatarpur,NOWGONG,"23090704867, GOVT. HS MODEL NOWGONG",प्रतिभागी,शिक्षक
AG3440,Jagdish Chandra Chaurasia,Chhatarpur,NOWGONG,"23090702707, GOVT. HS KURRAHA",प्रतिभागी,शिक्षक
9794648499,Ram  Deen ,Chhatarpur,NOWGONG,"23090707938, GOVT. BOYS  HSS HARPALPUR",प्रतिभागी,शिक्षक
AF9293,Prem Chandra Pateriya,Chhatarpur,NOWGONG,"23090707938, GOVT. BOYS  HSS HARPALPUR",प्रतिभागी,शिक्षक
AF9327,Rakesh Kumar Kumhar,Chhatarpur,NOWGONG,"23090707938, GOVT. BOYS  HSS HARPALPUR",प्रतिभागी,शिक्षक
AF6080,Ashwani Kumar Sachan,Chhatarpur,NOWGONG,"23090704868, GOVT. EXCELLANCE HSS NOWGONG",प्रतिभागी,शिक्षक
AF6086,Bharti Mishra,Chhatarpur,NOWGONG,"23090704868, GOVT. EXCELLANCE HSS NOWGONG",प्रतिभागी,शिक्षक
AF7049,Kasi Prasad Prajapati,Chhatarpur,NOWGONG,"23090704868, GOVT. EXCELLANCE HSS NOWGONG",प्रतिभागी,शिक्षक
BS5002,Nishi Gupta,Chhatarpur,NOWGONG,"23090704868, GOVT. EXCELLANCE HSS NOWGONG",प्रतिभागी,शिक्षक
BX4934,Halku Prasad Kori,Chhatarpur,NOWGONG,"23090702825, GOVT. HSS GIRLS GARHI MALEHRA",प्रतिभागी,शिक्षक
BQ7962,Hemlata Ahirwar,Chhatarpur,NOWGONG,"23090707937, GOVT. GIRLS HSS HARPALPUR",प्रतिभागी,शिक्षक
AF6860,Jaipal Singh,Chhatarpur,NOWGONG,"23090704869, GOVT. HSS GIRLS  NOWGONG",प्रतिभागी,शिक्षक
AG2610,Dayaram Ahirwar,Chhatarpur,NOWGONG,"23090704869, GOVT. HSS GIRLS  NOWGONG",प्रतिभागी,शिक्षक
AG2611,Rajendra Singh Rajpoot,Chhatarpur,NOWGONG,"23090704869, GOVT. HSS GIRLS  NOWGONG",प्रतिभागी,शिक्षक
AG2898,Sushil Kumar Vaidya,Chhatarpur,NOWGONG,"23090704869, GOVT. HSS GIRLS  NOWGONG",प्रतिभागी,शिक्षक
AG3163,Parma Nand Pandey,Chhatarpur,NOWGONG,"23090704869, GOVT. HSS GIRLS  NOWGONG",प्रतिभागी,सीएसी
BQ9486,Manju Bharti,Chhatarpur,NOWGONG,"23090704869, GOVT. HSS GIRLS  NOWGONG",प्रतिभागी,शिक्षक
BT1035,Jyoti Mishra,Chhatarpur,NOWGONG,"23090704869, GOVT. HSS GIRLS  NOWGONG",प्रतिभागी,शिक्षक
BW6522,Deepti Shrivas,Chhatarpur,NOWGONG,"23090704869, GOVT. HSS GIRLS  NOWGONG",प्रतिभागी,शिक्षक
BZ3800,Rakesh Kumar,Chhatarpur,NOWGONG,"23090704869, GOVT. HSS GIRLS  NOWGONG",प्रतिभागी,शिक्षक
AF5281,Anguri Devi Chaurasia,Chhatarpur,NOWGONG,"23090708921, GOVT. HSS EXCELLANCE NEHRU MAHAR",प्रतिभागी,शिक्षक
AF6063,Arvind Kumar Chaurasia,Chhatarpur,NOWGONG,"23090708921, GOVT. HSS EXCELLANCE NEHRU MAHAR",प्रतिभागी,शिक्षक
BS3418,Anshul Pandey,Chhatarpur,NOWGONG,"23090708921, GOVT. HSS EXCELLANCE NEHRU MAHAR",प्रतिभागी,शिक्षक
CA2751,Laxmichandra Chaurasiya,Chhatarpur,NOWGONG,"23090708921, GOVT. HSS EXCELLANCE NEHRU MAHAR",प्रतिभागी,शिक्षक
AF6965,Mohan Lal Ahirwar,Chhatarpur,NOWGONG,"23090709912, GOVT. HSS ALIPURA",प्रतिभागी,शिक्षक
BS3091,Roli Nigam,Chhatarpur,NOWGONG,"23090709912, GOVT. HSS ALIPURA",प्रतिभागी,शिक्षक
BS3419,MURLY MANOHAR CHAUBEY,Chhatarpur,NOWGONG,"23090709912, GOVT. HSS ALIPURA",प्रतिभागी,शिक्षक
BS8749,Rashmi Verma,Chhatarpur,NOWGONG,"23090709912, GOVT. HSS ALIPURA",प्रतिभागी,शिक्षक
BT7726,PRATIMA TIWARI,Chhatarpur,NOWGONG,"23090709912, GOVT. HSS ALIPURA",प्रतिभागी,शिक्षक
BZ4793,Pramod Kumar Mishra,Chhatarpur,NOWGONG,"23090709912, GOVT. HSS ALIPURA",प्रतिभागी,शिक्षक
AF7227,Jaykishor Pandey,Chhatarpur,RAJNAGAR,"23090812203, GOVT. HS GOMAKALA",प्रतिभागी,शिक्षक
AG3276,Rammilan Yadav,Chhatarpur,RAJNAGAR,"23090812203, GOVT. HS GOMAKALA",प्रतिभागी,शिक्षक
AG3293,Kanhaiya Lal Kondar,Chhatarpur,RAJNAGAR,"23090812203, GOVT. HS GOMAKALA",प्रतिभागी,शिक्षक
AT1896,Satish Kumar Tiwari,Chhatarpur,RAJNAGAR,"23090812203, GOVT. HS GOMAKALA",प्रतिभागी,शिक्षक
BZ3051,Jaikaran Tiwari,Chhatarpur,RAJNAGAR,"23090812203, GOVT. HS GOMAKALA",प्रतिभागी,शिक्षक
AG3294,Mohammad Ishaque,Chhatarpur,RAJNAGAR,"23090818004, GOVT. HSS RANGUWA",प्रतिभागी,शिक्षक
AG3422,Rakesh Kumar Gupta,Chhatarpur,RAJNAGAR,"23090818004, GOVT. HSS RANGUWA",प्रतिभागी,शिक्षक
AG3681,Chhedi Lal,Chhatarpur,RAJNAGAR,"23090818004, GOVT. HSS RANGUWA",प्रतिभागी,शिक्षक
AT1951,Vikas Kumar Sen,Chhatarpur,RAJNAGAR,"23090818004, GOVT. HSS RANGUWA",प्रतिभागी,शिक्षक
AG3365,Ghanshyam Patel,Chhatarpur,RAJNAGAR,"23090809420, GOVT. BHSS EXCELLANCE RAJNAGAR",प्रतिभागी,शिक्षक
BV9393,Sanjay Kumar Sahu,Chhatarpur,RAJNAGAR,"23090809420, GOVT. BHSS EXCELLANCE RAJNAGAR",प्रतिभागी,शिक्षक
CB3222,VIJAY YADAV,Chhatarpur,RAJNAGAR,"23090809420, GOVT. BHSS EXCELLANCE RAJNAGAR",प्रतिभागी,शिक्षक
CC5459,KAMALDEEP KACHHAWAHA,Chhatarpur,RAJNAGAR,"23090809420, GOVT. BHSS EXCELLANCE RAJNAGAR",प्रतिभागी,शिक्षक
AF5241,Purshottam Das Pathak,Chhatarpur,RAJNAGAR,"23090809421, GOVT. HSS GIRLS RAJNAGAR",प्रतिभागी,शिक्षक
AG3291,Meena Jain,Chhatarpur,RAJNAGAR,"23090809421, GOVT. HSS GIRLS RAJNAGAR",प्रतिभागी,शिक्षक
AG3436,Radha Agrawal,Chhatarpur,RAJNAGAR,"23090809421, GOVT. HSS GIRLS RAJNAGAR",प्रतिभागी,शिक्षक
AF6976,Nanhe Bhai Patel,Chhatarpur,RAJNAGAR,"23090816505, GOVT. HSS BASARI",प्रतिभागी,शिक्षक
AF7072,Karan Singh Parmar,Chhatarpur,RAJNAGAR,"23090816505, GOVT. HSS BASARI",प्रतिभागी,शिक्षक
AG3477,Anita Yadav,Chhatarpur,RAJNAGAR,"23090816505, GOVT. HSS BASARI",प्रतिभागी,शिक्षक
AG3511,Kailash Kumar Patel,Chhatarpur,RAJNAGAR,"23090816505, GOVT. HSS BASARI",प्रतिभागी,सीएसी
BY1739,Manoj Kumar Pandey,Chhatarpur,RAJNAGAR,"23090816505, GOVT. HSS BASARI",प्रतिभागी,शिक्षक
BZ2778,Gokul Ahirwar,Chhatarpur,RAJNAGAR,"23090816505, GOVT. HSS BASARI",प्रतिभागी,शिक्षक
AG3718,Savitri Gupta,Chhatarpur,RAJNAGAR,"23090813210, GOVT. HSS CHANDRANAGAR",प्रतिभागी,शिक्षक
CC8927,MUKESH KUMAR GUPTA,Chhatarpur,RAJNAGAR,"23090813210, GOVT. HSS CHANDRANAGAR",प्रतिभागी,शिक्षक
AF6958,Jwala Prasad Shukla,Chhatarpur,RAJNAGAR,"23090806011, GOVT. HSS GANJ",प्रतिभागी,शिक्षक
AS9239,Sant Kumar Agrawal,Chhatarpur,RAJNAGAR,"23090806011, GOVT. HSS GANJ",प्रतिभागी,शिक्षक
BW8287,Rameshwar Prasad Sahu,Chhatarpur,RAJNAGAR,"23090806011, GOVT. HSS GANJ",प्रतिभागी,शिक्षक
AF8647,Chenu Kondar,Chhatarpur,RAJNAGAR,"23090805104, GOVT. HSS GHOORA",प्रतिभागी,शिक्षक
AF8876,Arti Tiwari,Chhatarpur,RAJNAGAR,"23090805104, GOVT. HSS GHOORA",प्रतिभागी,शिक्षक
AF8882,Suchita Khare,Chhatarpur,RAJNAGAR,"23090805104, GOVT. HSS GHOORA",प्रतिभागी,शिक्षक
BY2683,Pramod Kumar Dubey,Chhatarpur,RAJNAGAR,"23090805104, GOVT. HSS GHOORA",प्रतिभागी,शिक्षक
BZ3262,Satish Tiwari,Chhatarpur,RAJNAGAR,"23090805104, GOVT. HSS GHOORA",प्रतिभागी,शिक्षक
CB6446,GHANSHYAM PATEL,Chhatarpur,RAJNAGAR,"23090805104, GOVT. HSS GHOORA",प्रतिभागी,शिक्षक
AF6982,Kalicharan Vishvkarma,Chhatarpur,RAJNAGAR,"23090814704, GOVT. HSS JHAMTULI",प्रतिभागी,शिक्षक
AF8888,Santosh Kumar Tiwari,Chhatarpur,RAJNAGAR,"23090814704, GOVT. HSS JHAMTULI",प्रतिभागी,शिक्षक
AG3797,Bachchu Lal Patel,Chhatarpur,RAJNAGAR,"23090814704, GOVT. HSS JHAMTULI",प्रतिभागी,शिक्षक
BV9612,Chitra Jain,Chhatarpur,RAJNAGAR,"23090814704, GOVT. HSS JHAMTULI",प्रतिभागी,शिक्षक
CC9914,NONELAL YADAV,Chhatarpur,RAJNAGAR,"23090814704, GOVT. HSS JHAMTULI",प्रतिभागी,शिक्षक
CE5346,PRAVEEN KUMAR NAGAR,Chhatarpur,RAJNAGAR,"23090814704, GOVT. HSS JHAMTULI",प्रतिभागी,शिक्षक
AG3746,Krishnapal Singh Rathor,Chhatarpur,RAJNAGAR,"23090810129, GOVT. HSS KHAJURAHO",प्रतिभागी,शिक्षक
AG3766,Mahesh Kumar Tiwari,Chhatarpur,RAJNAGAR,"23090810129, GOVT. HSS KHAJURAHO",प्रतिभागी,शिक्षक
BR1114,Abrar Quraishi,Chhatarpur,RAJNAGAR,"23090810129, GOVT. HSS KHAJURAHO",प्रतिभागी,शिक्षक
BY7942,Nathuram Patel,Chhatarpur,RAJNAGAR,"23090810129, GOVT. HSS KHAJURAHO",प्रतिभागी,शिक्षक
BZ5139,Nitin Kumar Chouksey,Chhindwara,AMARWADA,"23430902006, Govt. HSS Hirri",प्रतिभागी,शिक्षक
CB5906,VINEETA NAYAK,Chhindwara,AMARWADA,"23430902006, Govt. HSS Hirri",प्रतिभागी,शिक्षक
AG6806,Malti Chore,Chhindwara,AMARWADA,"23430915728, Govt. HSS Girls Amarwara",प्रतिभागी,शिक्षक
AG7145,Vaishali Hedau,Chhindwara,AMARWADA,"23430915728, Govt. HSS Girls Amarwara",प्रतिभागी,शिक्षक
AH3945,Sheela Sindrami,Chhindwara,AMARWADA,"23430915728, Govt. HSS Girls Amarwara",प्रतिभागी,शिक्षक
BY7273,SULOCHANA PATLE,Chhindwara,AMARWADA,"23430915728, Govt. HSS Girls Amarwara",प्रतिभागी,शिक्षक
BU6049,Kavita Patwa,Chhindwara,AMARWADA,"23430908805, Govt. HSS Lachuaa",प्रतिभागी,शिक्षक
9329654238,Deepak Uikey   ,Chhindwara,AMARWADA,"23430905908, Govt. HSS Pounar",प्रतिभागी,शिक्षक
AG6876,Mantlal Kumare,Chhindwara,AMARWADA,"23430905908, Govt. HSS Pounar",प्रतिभागी,शिक्षक
AG6897,Ramprasad Marskole,Chhindwara,AMARWADA,"23430905908, Govt. HSS Pounar",प्रतिभागी,शिक्षक
AG7255,Omprakash Singotiya,Chhindwara,AMARWADA,"23430905908, Govt. HSS Pounar",प्रतिभागी,शिक्षक
BR8687,Sapna Sailvar,Chhindwara,AMARWADA,"23430900506, Govt. HSS Sonpur",प्रतिभागी,शिक्षक
AG6750,Chhuttulal DHURVE,Chhindwara,AMARWADA,"23430907609, Govt. HSS Ghoghri",प्रतिभागी,शिक्षक
AG6986,Laxmiprasad Uikey,Chhindwara,AMARWADA,"23430907609, Govt. HSS Ghoghri",प्रतिभागी,शिक्षक
AG7000,Atal Singh Raj,Chhindwara,AMARWADA,"23430907609, Govt. HSS Ghoghri",प्रतिभागी,शिक्षक
BV4446,Umadevi Dhurve,Chhindwara,AMARWADA,"23430907609, Govt. HSS Ghoghri",प्रतिभागी,शिक्षक
BV4644,Jagesh Dehariya,Chhindwara,AMARWADA,"23430907609, Govt. HSS Ghoghri",प्रतिभागी,शिक्षक
BV5095,Ghnshyam Dehariya,Chhindwara,AMARWADA,"23430907609, Govt. HSS Ghoghri",प्रतिभागी,शिक्षक
BY7274,Anil Kumar Kawreti,Chhindwara,AMARWADA,"23430907609, Govt. HSS Ghoghri",प्रतिभागी,शिक्षक
BY9722,Abhilesh Uikey,Chhindwara,AMARWADA,"23430907609, Govt. HSS Ghoghri",प्रतिभागी,शिक्षक
BR5375,Parlal Dhurwe,Chhindwara,AMARWADA,"23430914003, Govt. HS Saliwada Sharda",प्रतिभागी,शिक्षक
BU5637,Anil Kumar Verma,Chhindwara,AMARWADA,"23430914003, Govt. HS Saliwada Sharda",प्रतिभागी,शिक्षक
AG7016,Mamta Nagwanshi,Chhindwara,AMARWADA,"23430910716, Govt. HSS Singodi",प्रतिभागी,शिक्षक
AG7126,Badri Prasad Verma,Chhindwara,AMARWADA,"23430910716, Govt. HSS Singodi",प्रतिभागी,शिक्षक
AG7134,Sujata Dongre,Chhindwara,AMARWADA,"23430910716, Govt. HSS Singodi",प्रतिभागी,शिक्षक
BR5633,Nirmla Ghorse,Chhindwara,AMARWADA,"23430910716, Govt. HSS Singodi",प्रतिभागी,शिक्षक
BT1992,Roohi Shabanam,Chhindwara,AMARWADA,"23430910716, Govt. HSS Singodi",प्रतिभागी,शिक्षक
BV4484,Bhavna Matkar,Chhindwara,AMARWADA,"23430910716, Govt. HSS Singodi",प्रतिभागी,शिक्षक
BQ2049,Sunil Kumar Parte,Chhindwara,BICHHUA,"23430700104, Govt. HSS Moya",प्रतिभागी,शिक्षक
BR7988,Sunil Deshmukh,Chhindwara,BICHHUA,"23430700104, Govt. HSS Moya",प्रतिभागी,शिक्षक
BT7561,Shivkumar Chouriya,Chhindwara,BICHHUA,"23430700104, Govt. HSS Moya",प्रतिभागी,शिक्षक
BV5969,Rajaram Solanky,Chhindwara,BICHHUA,"23430700104, Govt. HSS Moya",प्रतिभागी,शिक्षक
BY8588,Uma Girhare,Chhindwara,BICHHUA,"23430700104, Govt. HSS Moya",प्रतिभागी,शिक्षक
AE6291,Savita Uikey,Chhindwara,BICHHUA,"23430701019, Govt. HSS Excellence Bichua",प्रतिभागी,शिक्षक
AG3996,Jiyanlal Mahent,Chhindwara,BICHHUA,"23430701019, Govt. HSS Excellence Bichua",प्रतिभागी,शिक्षक
AG8901,Shyam Ratne,Chhindwara,BICHHUA,"23430701019, Govt. HSS Excellence Bichua",प्रतिभागी,शिक्षक
BU9648,Keshri Prasad Deshmukh,Chhindwara,BICHHUA,"23430701019, Govt. HSS Excellence Bichua",प्रतिभागी,शिक्षक
BV5889,Dinesh Kumar Sherke,Chhindwara,BICHHUA,"23430701019, Govt. HSS Excellence Bichua",प्रतिभागी,शिक्षक
CC4567,PUSHAPA SAHU,Chhindwara,BICHHUA,"23430701019, Govt. HSS Excellence Bichua",प्रतिभागी,शिक्षक
CC4568,USHA SAHU,Chhindwara,BICHHUA,"23430701019, Govt. HSS Excellence Bichua",प्रतिभागी,शिक्षक
AG4643,Prabhakar Nagre,Chhindwara,BICHHUA,"23430707308, GOVT. HSS KHAMARPANI",प्रतिभागी,शिक्षक
AG8107,Jitendra Kumar Mate,Chhindwara,BICHHUA,"23430707308, GOVT. HSS KHAMARPANI",प्रतिभागी,शिक्षक
BY8028,Love Mahatpure,Chhindwara,BICHHUA,"23430707308, GOVT. HSS KHAMARPANI",प्रतिभागी,शिक्षक
AG4688,Shekh Alfaz,Chhindwara,BICHHUA,"23430704106, Govt. HSS Khamra",प्रतिभागी,शिक्षक
AG8762,Komalprasad Borkar,Chhindwara,BICHHUA,"23430704106, Govt. HSS Khamra",प्रतिभागी,शिक्षक
AG8877,Babanrao Bannaith,Chhindwara,BICHHUA,"23430704106, Govt. HSS Khamra",प्रतिभागी,शिक्षक
BV4454,Santosh Pandre,Chhindwara,BICHHUA,"23430704106, Govt. HSS Khamra",प्रतिभागी,शिक्षक
CC2022,SHUBHAM RAGHUWANSHI,Chhindwara,BICHHUA,"23430704106, Govt. HSS Khamra",प्रतिभागी,शिक्षक
AG4213,Damodar Sindram,Chhindwara,BICHHUA,"23430709405, GOVT. HSS BADOSA",प्रतिभागी,शिक्षक
AG4230,Dilip Thakre,Chhindwara,BICHHUA,"23430709405, GOVT. HSS BADOSA",प्रतिभागी,शिक्षक
AG4636,Manjusha Prajapati,Chhindwara,BICHHUA,"23430709405, GOVT. HSS BADOSA",प्रतिभागी,शिक्षक
BU4863,Sanjay Kamble,Chhindwara,BICHHUA,"23430709405, GOVT. HSS BADOSA",प्रतिभागी,शिक्षक
AG7846,Motilal Sarathe,Chhindwara,BICHHUA,"23430711702, Govt. HSS Dhanegaon",प्रतिभागी,शिक्षक
AH3012,Aprana Sharma,Chhindwara,CHHINDWARA,"23430100226, Govt. HSS Chandangaon",प्रतिभागी,शिक्षक
AH3665,Devkaran Sherke,Chhindwara,CHHINDWARA,"23430100226, Govt. HSS Chandangaon",प्रतिभागी,शिक्षक
AH3666,Mamta Kolare,Chhindwara,CHHINDWARA,"23430100226, Govt. HSS Chandangaon",प्रतिभागी,शिक्षक
AH5217,Sarita Dhurve,Chhindwara,CHHINDWARA,"23430100226, Govt. HSS Chandangaon",प्रतिभागी,शिक्षक
BN2951,Sanjay Kumar Chouriya,Chhindwara,CHHINDWARA,"23430100226, Govt. HSS Chandangaon",प्रतिभागी,शिक्षक
BU9656,Adil Khan,Chhindwara,CHHINDWARA,"23430100226, Govt. HSS Chandangaon",प्रतिभागी,शिक्षक
CD6523,NEETU CHOURIYA,Chhindwara,CHHINDWARA,"23430100226, Govt. HSS Chandangaon",प्रतिभागी,शिक्षक
AE3850,Sangeeta Chourasia,Chhindwara,CHHINDWARA,"23430102405, Govt. HSS Kuhiya",प्रतिभागी,शिक्षक
AH3278,Pradeep Kumar Jain,Chhindwara,CHHINDWARA,"23430102405, Govt. HSS Kuhiya",प्रतिभागी,शिक्षक
BR5689,Savita Sahu,Chhindwara,CHHINDWARA,"23430102405, Govt. HSS Kuhiya",प्रतिभागी,शिक्षक
BV8253,Rashmi Soni,Chhindwara,CHHINDWARA,"23430102405, Govt. HSS Kuhiya",प्रतिभागी,शिक्षक
AH2576,Nirmal Singh Thakur,Chhindwara,CHHINDWARA,"23430109007, Govt. HSS Bangaon",प्रतिभागी,शिक्षक
AH2731,Arvind Vishwakarma,Chhindwara,CHHINDWARA,"23430109007, Govt. HSS Bangaon",प्रतिभागी,शिक्षक
AH3428,Rambharos Baghel,Chhindwara,CHHINDWARA,"23430109007, Govt. HSS Bangaon",प्रतिभागी,शिक्षक
AH3913,Kavita Awasthi,Chhindwara,CHHINDWARA,"23430109007, Govt. HSS Bangaon",प्रतिभागी,शिक्षक
BU6888,Anuradha Tiwari,Chhindwara,CHHINDWARA,"23430109007, Govt. HSS Bangaon",प्रतिभागी,शिक्षक
AH1888,Jagdeesh Prasad Uikey,Chhindwara,CHHINDWARA,"23430108308, Govt. HSS Ner",प्रतिभागी,शिक्षक
BR5646,Arti Sahu,Chhindwara,CHHINDWARA,"23430108308, Govt. HSS Ner",प्रतिभागी,शिक्षक
AH3951,Santosh KUMAR SURYAWANSHI,Chhindwara,CHHINDWARA,"23430110505, Govt. HSS Kaparwadi",प्रतिभागी,शिक्षक
BQ8279,Ruksana Ansari,Chhindwara,CHHINDWARA,"23430110505, Govt. HSS Kaparwadi",प्रतिभागी,शिक्षक
BR3299,Swarna Bansod,Chhindwara,CHHINDWARA,"23430110505, Govt. HSS Kaparwadi",प्रतिभागी,शिक्षक
BR4842,Mateswari Dehariya,Chhindwara,CHHINDWARA,"23430110505, Govt. HSS Kaparwadi",प्रतिभागी,शिक्षक
BS2738,Lalita Sareyam,Chhindwara,CHHINDWARA,"23430110505, Govt. HSS Kaparwadi",प्रतिभागी,शिक्षक
BZ3071,Manoj Kumar Wankhade,Chhindwara,CHHINDWARA,"23430110505, Govt. HSS Kaparwadi",प्रतिभागी,शिक्षक
AG6913,Shiv Kumar Mahore,Chhindwara,CHHINDWARA,"23430106805, Govt. HSS Bohnakhairi",प्रतिभागी,शिक्षक
AG7106,ISLAM Mansuri,Chhindwara,CHHINDWARA,"23430106805, Govt. HSS Bohnakhairi",प्रतिभागी,शिक्षक
AH3886,Amarjeet Sillam,Chhindwara,CHHINDWARA,"23430106805, Govt. HSS Bohnakhairi",प्रतिभागी,शिक्षक
AH5226,Naziya Qureshi,Chhindwara,CHHINDWARA,"23430106805, Govt. HSS Bohnakhairi",प्रतिभागी,शिक्षक
AT8051,Ritesh Kumar Malviya,Chhindwara,CHHINDWARA,"23430106805, Govt. HSS Bohnakhairi",प्रतिभागी,शिक्षक
BR5636,Noorjahan Khan,Chhindwara,CHHINDWARA,"23430106805, Govt. HSS Bohnakhairi",प्रतिभागी,शिक्षक
BT4860,Geeta Uikey,Chhindwara,CHHINDWARA,"23430106805, Govt. HSS Bohnakhairi",प्रतिभागी,शिक्षक
AG5049,Reena Dhurve,Chhindwara,CHHINDWARA,"23430112920, Govt. HSS Rohnakala",प्रतिभागी,शिक्षक
AH3592,Omprakash Verma,Chhindwara,CHHINDWARA,"23430112920, Govt. HSS Rohnakala",प्रतिभागी,शिक्षक
BV7083,Sapana Chourasia,Chhindwara,CHHINDWARA,"23430112920, Govt. HSS Rohnakala",प्रतिभागी,शिक्षक
CB5078,SANGEETA SHARATHE,Chhindwara,CHHINDWARA,"23430112920, Govt. HSS Rohnakala",प्रतिभागी,शिक्षक
AG8489,Rambai Dhakariya,Chhindwara,CHHINDWARA,"23430115613, Govt. HSS (Girls) MLB Chhindwara",प्रतिभागी,शिक्षक
AH2694,Vimla Kumre,Chhindwara,CHHINDWARA,"23430115613, Govt. HSS (Girls) MLB Chhindwara",प्रतिभागी,शिक्षक
AH3290,Alka Bais,Chhindwara,CHHINDWARA,"23430115613, Govt. HSS (Girls) MLB Chhindwara",प्रतिभागी,शिक्षक
AH3936,Kishor Usrethe,Chhindwara,CHHINDWARA,"23430115613, Govt. HSS (Girls) MLB Chhindwara",प्रतिभागी,शिक्षक
AH4542,Akhilesh Bhardwaj,Chhindwara,CHHINDWARA,"23430115613, Govt. HSS (Girls) MLB Chhindwara",प्रतिभागी,शिक्षक
AH5359,Shailja Sharma,Chhindwara,CHHINDWARA,"23430115613, Govt. HSS (Girls) MLB Chhindwara",प्रतिभागी,शिक्षक
AU2674,Mamta Jaiswal,Chhindwara,CHHINDWARA,"23430115613, Govt. HSS (Girls) MLB Chhindwara",प्रतिभागी,शिक्षक
BS6411,Mamta Sahu,Chhindwara,CHHINDWARA,"23430115613, Govt. HSS (Girls) MLB Chhindwara",प्रतिभागी,शिक्षक
BU5641,Kirti Gavande,Chhindwara,CHHINDWARA,"23430115613, Govt. HSS (Girls) MLB Chhindwara",प्रतिभागी,शिक्षक
BU6052,Shilpa Sahu,Chhindwara,CHHINDWARA,"23430115613, Govt. HSS (Girls) MLB Chhindwara",प्रतिभागी,शिक्षक
BV5552,Savitri Solanki,Chhindwara,CHHINDWARA,"23430115613, Govt. HSS (Girls) MLB Chhindwara",प्रतिभागी,शिक्षक
BP9302,Geeta Suryawanshi,Chhindwara,CHHINDWARA,"23430113707, Govt. HSS (Girls) Girls Kailashnagar",प्रतिभागी,शिक्षक
AG9973,Arun Athneriya,Chhindwara,CHHINDWARA,"23430104910, Govt. HSS Sonakhar",प्रतिभागी,शिक्षक
AH2812,Abha Bhargava,Chhindwara,CHHINDWARA,"23430104910, Govt. HSS Sonakhar",प्रतिभागी,शिक्षक
BR6936,Niraj Piple,Chhindwara,CHHINDWARA,"23430104910, Govt. HSS Sonakhar",प्रतिभागी,शिक्षक
BU2274,Mamta Yaduwanshi,Chhindwara,CHHINDWARA,"23430104910, Govt. HSS Sonakhar",प्रतिभागी,शिक्षक
BY7413,Dipti Choubey,Chhindwara,CHHINDWARA,"23430104910, Govt. HSS Sonakhar",प्रतिभागी,शिक्षक
CD7855,SONALEE YADAV,Chhindwara,CHHINDWARA,"23430104910, Govt. HSS Sonakhar",प्रतिभागी,शिक्षक
CF6549,KAUSHAL TANDEKAR,Chhindwara,CHHINDWARA,"23430104910, Govt. HSS Sonakhar",प्रतिभागी,शिक्षक
AH3829,Nadira Jahan Qureshi,Chhindwara,CHOURAI,"23431116403, GOVT HSS CHOURAI",प्रतिभागी,शिक्षक
BS5670,Neelam Verma,Chhindwara,CHOURAI,"23431116403, GOVT HSS CHOURAI",प्रतिभागी,शिक्षक
BS5677,Teejeshwari Goutam,Chhindwara,CHOURAI,"23431116403, GOVT HSS CHOURAI",प्रतिभागी,शिक्षक
BU1778,Rambhawan Pancheshwar,Chhindwara,CHOURAI,"23431110204, Govt. HSS Sakh",प्रतिभागी,शिक्षक
BS7147,Savitri Dongre,Chhindwara,CHOURAI,"23431105605, Govt. HSS JHILMILI",प्रतिभागी,शिक्षक
BW1944,Banti Rangare,Chhindwara,CHOURAI,"23431105605, Govt. HSS JHILMILI",प्रतिभागी,शिक्षक
CF3771,PRATIMA VERMA,Chhindwara,CHOURAI,"23431116506, Govt. HSS Panjara",प्रतिभागी,शिक्षक
AH4088,Kishan Lal Verma,Chhindwara,CHOURAI,"23431113919, Govt. HSS (Boys) Chand",प्रतिभागी,शिक्षक
AH4474,Ramdayal Kumre,Chhindwara,CHOURAI,"23431113919, Govt. HSS (Boys) Chand",प्रतिभागी,शिक्षक
AU2022,Swati Jain,Chhindwara,CHOURAI,"23431113919, Govt. HSS (Boys) Chand",प्रतिभागी,शिक्षक
BT9366,Rakshita Patwa,Chhindwara,CHOURAI,"23431113919, Govt. HSS (Boys) Chand",प्रतिभागी,शिक्षक
BV9401,Ritesh Raghuwanshi,Chhindwara,CHOURAI,"23431113205, Govt. HSS Badgaon",प्रतिभागी,शिक्षक
BW6005,Suchit Kumar Meshram,Chhindwara,CHOURAI,"23431100107, Govt. HSS Hiwarkhedi",प्रतिभागी,शिक्षक
AG8891,Rajesh Upadhyay,Chhindwara,CHOURAI,"23431103005, Govt. HSS Binzawada",प्रतिभागी,शिक्षक
BO2149,Shekhar Thakur,Chhindwara,CHOURAI,"23431103005, Govt. HSS Binzawada",प्रतिभागी,शिक्षक
BS7461,Havanlal Uikey,Chhindwara,CHOURAI,"23431103005, Govt. HSS Binzawada",प्रतिभागी,शिक्षक
BT6084,Vijay Kumar Gautam,Chhindwara,CHOURAI,"23431103005, Govt. HSS Binzawada",प्रतिभागी,शिक्षक
BU2992,Pragya Dubey,Chhindwara,CHOURAI,"23431103005, Govt. HSS Binzawada",प्रतिभागी,शिक्षक
CF6553,PRASHANT PATEL,Chhindwara,HARRAI,"23431015214, Govt. HSS Batkakhapa",प्रतिभागी,शिक्षक
CF6694,MAHESWAR THAKUR,Chhindwara,HARRAI,"23431015214, Govt. HSS Batkakhapa",प्रतिभागी,शिक्षक
AG6836,Saroopi Kumare,Chhindwara,HARRAI,"23431028018, Govt. HSS (Girls) Harrai",प्रतिभागी,शिक्षक
AG9007,Mohan Singh Dhurve,Chhindwara,HARRAI,"23431028018, Govt. HSS (Girls) Harrai",प्रतिभागी,शिक्षक
BX2436,Kamlesh Nagwanshi,Chhindwara,HARRAI,"23431028018, Govt. HSS (Girls) Harrai",प्रतिभागी,शिक्षक
CC5177,AARTI BIRTHARE,Chhindwara,HARRAI,"23431028018, Govt. HSS (Girls) Harrai",प्रतिभागी,शिक्षक
CC6027,SHRUTI NAGAICH,Chhindwara,HARRAI,"23431028018, Govt. HSS (Girls) Harrai",प्रतिभागी,शिक्षक
CF1132,HARIOM VISHWAKARMA,Chhindwara,HARRAI,"23431028018, Govt. HSS (Girls) Harrai",प्रतिभागी,शिक्षक
AG9230,Kishor Kumar Dhurvey,Chhindwara,HARRAI,"23431000910, Govt. HSS Surlakhapa",प्रतिभागी,शिक्षक
AG9289,Govind Prasad Dehariya,Chhindwara,HARRAI,"23431000910, Govt. HSS Surlakhapa",प्रतिभागी,शिक्षक
BR9236,Shivkumari Verma,Chhindwara,HARRAI,"23431000910, Govt. HSS Surlakhapa",प्रतिभागी,शिक्षक
AG9131,Saraswati Inwati,Chhindwara,HARRAI,"23431009003, GOVT. HSS GAIRPANI",प्रतिभागी,शिक्षक
CF3762,GANESH YADAV,Chhindwara,HARRAI,"23431009003, GOVT. HSS GAIRPANI",प्रतिभागी,शिक्षक
AG9277,Shekh Zahid Mansuri,Chhindwara,HARRAI,"23431017106, GOVT. HSS DHANORA",प्रतिभागी,शिक्षक
BT1648,Khemchand Dehariya,Chhindwara,HARRAI,"23431017106, GOVT. HSS DHANORA",प्रतिभागी,शिक्षक
BT1684,Rupa Dhurve,Chhindwara,HARRAI,"23431017106, GOVT. HSS DHANORA",प्रतिभागी,शिक्षक
BV9115,Abhilasha Dehariya,Chhindwara,HARRAI,"23431017106, GOVT. HSS DHANORA",प्रतिभागी,शिक्षक
CE7528,Vikramjeet Singotiya,Chhindwara,HARRAI,"23431017106, GOVT. HSS DHANORA",प्रतिभागी,शिक्षक
BS6384,Meena Pandram,Chhindwara,HARRAI,"23431000108, GOVT. HS BHUMKA",प्रतिभागी,शिक्षक
CC4408,HEMRAJ RAJAK,Chhindwara,HARRAI,"23431002706, Govt. HS Partapur",प्रतिभागी,शिक्षक
AG7214,Tekam Parvatee,Chhindwara,HARRAI,"23431016006, GOVT. HS BARGI",प्रतिभागी,शिक्षक
AG8923,Sunil Kumar Dehariya,Chhindwara,HARRAI,"23431016006, GOVT. HS BARGI",प्रतिभागी,शिक्षक
BS6413,Chandrabhan Ahakey,Chhindwara,HARRAI,"23431016006, GOVT. HS BARGI",प्रतिभागी,शिक्षक
CC1362,SARVESH MEHRA,Chhindwara,HARRAI,"23431016006, GOVT. HS BARGI",प्रतिभागी,शिक्षक
CF5130,Rambhajan Garg,Chhindwara,HARRAI,"23431016006, GOVT. HS BARGI",प्रतिभागी,शिक्षक
AG8764,Summilal Bhardia,Chhindwara,HARRAI,"23431018807, GOVT. HS ATARIYA",प्रतिभागी,शिक्षक
AG8831,Sumar Lal Bharti,Chhindwara,HARRAI,"23431018807, GOVT. HS ATARIYA",प्रतिभागी,शिक्षक
CF5149,DEVKEE MARKAM,Chhindwara,HARRAI,"23431018807, GOVT. HS ATARIYA",प्रतिभागी,शिक्षक
BV5242,Meghnath Daheriya,Chhindwara,JUNNARDEO,"23430409106, GOVT. HSS GHANA UMARI",प्रतिभागी,शिक्षक
BW2974,Chandrabhan Dongre,Chhindwara,JUNNARDEO,"23430409106, GOVT. HSS GHANA UMARI",प्रतिभागी,शिक्षक
BY8373,Pratibha Sorgile,Chhindwara,JUNNARDEO,"23430409106, GOVT. HSS GHANA UMARI",प्रतिभागी,अन्य
AG7543,Nitin Kumar Nagle,Chhindwara,JUNNARDEO,"23430414508, GOVT. HSS GHORAWADI KHURD",प्रतिभागी,शिक्षक
BT2505,Dinesh Uprale,Chhindwara,JUNNARDEO,"23430414508, GOVT. HSS GHORAWADI KHURD",प्रतिभागी,शिक्षक
BV7699,Parwati Arsey,Chhindwara,JUNNARDEO,"23430414508, GOVT. HSS GHORAWADI KHURD",प्रतिभागी,शिक्षक
AG7838,Mahesh Kumar Sahu,Chhindwara,JUNNARDEO,"23430414620, GOVT. HSS (BOYS) DAMUA",प्रतिभागी,शिक्षक
AG8225,Sumarti Seelu,Chhindwara,JUNNARDEO,"23430414620, GOVT. HSS (BOYS) DAMUA",प्रतिभागी,शिक्षक
AG8112,Seema Panchpandey,Chhindwara,JUNNARDEO,"23430400118, GOVT. HSS PALACHORAI",प्रतिभागी,शिक्षक
AG8120,Satish Sahu,Chhindwara,JUNNARDEO,"23430400118, GOVT. HSS PALACHORAI",प्रतिभागी,शिक्षक
AG8613,Virendra Prajapati,Chhindwara,JUNNARDEO,"23430400118, GOVT. HSS PALACHORAI",प्रतिभागी,शिक्षक
AG8645,Ramdas Uikey,Chhindwara,JUNNARDEO,"23430400118, GOVT. HSS PALACHORAI",प्रतिभागी,शिक्षक
CB6334,SANGEETA DEHARIYA,Chhindwara,JUNNARDEO,"23430400118, GOVT. HSS PALACHORAI",प्रतिभागी,शिक्षक
CC7857,VINITA TOMAR,Chhindwara,JUNNARDEO,"23430400118, GOVT. HSS PALACHORAI",प्रतिभागी,शिक्षक
CE2415,SHIVANAND SAHU,Chhindwara,JUNNARDEO,"23430400118, GOVT. HSS PALACHORAI",प्रतिभागी,शिक्षक
AG7501,Savitarani Verma,Chhindwara,JUNNARDEO,"23430401230, GOVT. HSS EXCELLENCE JUNNARDEO",प्रतिभागी,शिक्षक
CC7677,KANCHAN SAHU,Chhindwara,JUNNARDEO,"23430401230, GOVT. HSS EXCELLENCE JUNNARDEO",प्रतिभागी,शिक्षक
CD5626,PRIYANKA TIWARI,Chhindwara,JUNNARDEO,"23430401230, GOVT. HSS EXCELLENCE JUNNARDEO",प्रतिभागी,शिक्षक
CD5632,HIMANI KADAK,Chhindwara,JUNNARDEO,"23430401230, GOVT. HSS EXCELLENCE JUNNARDEO",प्रतिभागी,शिक्षक
AG8265,Gannilal Kumre,Chhindwara,JUNNARDEO,"23430422809, GOVT. HSS BILAVAR KALA",प्रतिभागी,शिक्षक
BV7684,Hemita Pawar,Chhindwara,JUNNARDEO,"23430422809, GOVT. HSS BILAVAR KALA",प्रतिभागी,शिक्षक
BZ1215,Ramakant Vaishnav,Chhindwara,JUNNARDEO,"23430422809, GOVT. HSS BILAVAR KALA",प्रतिभागी,शिक्षक
AG6121,Prabha Dhurve,Chhindwara,JUNNARDEO,"23430402507, GOVT. HSS HANOTIYA",प्रतिभागी,शिक्षक
AG8030,M K Mohne,Chhindwara,JUNNARDEO,"23430402507, GOVT. HSS HANOTIYA",प्रतिभागी,शिक्षक
AG8522,Dashrath Pandram,Chhindwara,JUNNARDEO,"23430402507, GOVT. HSS HANOTIYA",प्रतिभागी,शिक्षक
BQ3938,RITU BELVANSHI,Chhindwara,JUNNARDEO,"23430402507, GOVT. HSS HANOTIYA",प्रतिभागी,शिक्षक
CC7410,SONU SOLANKARI,Chhindwara,JUNNARDEO,"23430402507, GOVT. HSS HANOTIYA",प्रतिभागी,शिक्षक
CF3752,MONIKA MASTKAR,Chhindwara,JUNNARDEO,"23430402507, GOVT. HSS HANOTIYA",प्रतिभागी,शिक्षक
BX4826,Suhaga Pawar,Chhindwara,JUNNARDEO,"23430406706, GOVT. HSS BHATODIYA KALA",प्रतिभागी,शिक्षक
CC7373,ROSHNEE PAWAR,Chhindwara,JUNNARDEO,"23430406706, GOVT. HSS BHATODIYA KALA",प्रतिभागी,शिक्षक
AG8128,Ramsingh Markam,Chhindwara,JUNNARDEO,"23430420706, GOVT. HS SANGAKHEDA",प्रतिभागी,शिक्षक
AG8249,Nareshkumar Uikey,Chhindwara,JUNNARDEO,"23430420706, GOVT. HS SANGAKHEDA",प्रतिभागी,शिक्षक
AG7624,Gyanendra Kumar Sharma,Chhindwara,JUNNARDEO,"23430415903, GOVT. HSS NANDAN",प्रतिभागी,शिक्षक
AG7542,Anita Salwe,Chhindwara,JUNNARDEO,"23430405305, Govt. HSS Bamhanwara",प्रतिभागी,शिक्षक
AG8520,Rajkukumar Sahare,Chhindwara,JUNNARDEO,"23430405305, Govt. HSS Bamhanwara",प्रतिभागी,शिक्षक
AG8602,Shama Parveen,Chhindwara,JUNNARDEO,"23430405305, Govt. HSS Bamhanwara",प्रतिभागी,शिक्षक
BQ6544,Raja Ritesh Malviya,Chhindwara,JUNNARDEO,"23430405305, Govt. HSS Bamhanwara",प्रतिभागी,शिक्षक
BR7161,Tulsiram Sahu,Chhindwara,JUNNARDEO,"23430405305, Govt. HSS Bamhanwara",प्रतिभागी,शिक्षक
AG5011,Maneeta Deshmukh,Chhindwara,MOHKHED,"23430204512, Govt. HSS Umaranala",प्रतिभागी,शिक्षक
AG9912,Panjabrav Dongare,Chhindwara,MOHKHED,"23430204512, Govt. HSS Umaranala",प्रतिभागी,शिक्षक
AH1263,Vishwajeet Singh Jainwar,Chhindwara,MOHKHED,"23430204512, Govt. HSS Umaranala",प्रतिभागी,शिक्षक
AP7386,Shalini Malvia,Chhindwara,MOHKHED,"23430204512, Govt. HSS Umaranala",प्रतिभागी,शिक्षक
BU1775,Kalpana Gadge,Chhindwara,MOHKHED,"23430204512, Govt. HSS Umaranala",प्रतिभागी,शिक्षक
AG9914,Ramesh Bhalavi,Chhindwara,MOHKHED,"23430211807, Govt. HSS Sawari Bazar",प्रतिभागी,शिक्षक
AH1521,Sumitra Kumre,Chhindwara,MOHKHED,"23430211807, Govt. HSS Sawari Bazar",प्रतिभागी,शिक्षक
BV8342,Rajesh Kumar Dhare,Chhindwara,MOHKHED,"23430211807, Govt. HSS Sawari Bazar",प्रतिभागी,शिक्षक
AH1074,Sandhya Kadwe,Chhindwara,MOHKHED,"23430203006, Govt. HSS Sillewani",प्रतिभागी,शिक्षक
AH1649,Anil Kumar Kothekar,Chhindwara,MOHKHED,"23430203006, Govt. HSS Sillewani",प्रतिभागी,शिक्षक
AG9857,Ajay Kumar Dhurve,Chhindwara,MOHKHED,"23430211205, Govt. HSS KAMTHI",प्रतिभागी,शिक्षक
AH3838,Savitri Dhurve,Chhindwara,MOHKHED,"23430211205, Govt. HSS KAMTHI",प्रतिभागी,शिक्षक
BN4002,Pushpa Bhade,Chhindwara,MOHKHED,"23430211205, Govt. HSS KAMTHI",प्रतिभागी,शिक्षक
BS9663,Hitesh Kumar Batghare,Chhindwara,MOHKHED,"23430211205, Govt. HSS KAMTHI",प्रतिभागी,शिक्षक
BT5129,Anil Mastkar,Chhindwara,MOHKHED,"23430211205, Govt. HSS KAMTHI",प्रतिभागी,सीएसी
BV6536,Anjali Kamle,Chhindwara,MOHKHED,"23430211205, Govt. HSS KAMTHI",प्रतिभागी,शिक्षक
BW4663,Jyoti Karade,Chhindwara,MOHKHED,"23430211205, Govt. HSS KAMTHI",प्रतिभागी,शिक्षक
AG9986,Kailash Mohabey,Chhindwara,MOHKHED,"23430215107, Govt. HSS Lavaghogri",प्रतिभागी,शिक्षक
BQ4420,Laxmi Kushram,Chhindwara,MOHKHED,"23430215107, Govt. HSS Lavaghogri",प्रतिभागी,शिक्षक
BT7635,Raju Gulbake,Chhindwara,MOHKHED,"23430215906, Govt. HS Heerawadi",प्रतिभागी,शिक्षक
BW3850,SHASHIPRABHA PAWAR,Chhindwara,MOHKHED,"23430215906, Govt. HS Heerawadi",प्रतिभागी,शिक्षक
BW4957,Jouhari Dhurwe,Chhindwara,MOHKHED,"23430215906, Govt. HS Heerawadi",प्रतिभागी,शिक्षक
AE2595,Shivprsad Invati,Chhindwara,MOHKHED,"23430206206, Govt. HSS Sarangbihari",प्रतिभागी,शिक्षक
AG9738,Mahent Kumar Uikey,Chhindwara,MOHKHED,"23430206206, Govt. HSS Sarangbihari",प्रतिभागी,शिक्षक
AG9809,Dharmendra Singh Inwati,Chhindwara,MOHKHED,"23430206206, Govt. HSS Sarangbihari",प्रतिभागी,शिक्षक
AB3172,Sharmila MISHRA,Chhindwara,MOHKHED,"23430208608, Govt. HSS Linga",प्रतिभागी,शिक्षक
AG7265,Kamal Pahadey,Chhindwara,MOHKHED,"23430208608, Govt. HSS Linga",प्रतिभागी,शिक्षक
AG9740,Shivkumar Narvare,Chhindwara,MOHKHED,"23430208608, Govt. HSS Linga",प्रतिभागी,शिक्षक
AG9853,SANJANA Sisodiya,Chhindwara,MOHKHED,"23430208608, Govt. HSS Linga",प्रतिभागी,शिक्षक
AG9890,Gokal Prasad Ratne,Chhindwara,MOHKHED,"23430208608, Govt. HSS Linga",प्रतिभागी,शिक्षक
BU6885,Kamal Prasad Uikey,Chhindwara,MOHKHED,"23430208608, Govt. HSS Linga",प्रतिभागी,शिक्षक
BV6337,Sunita Chouriya,Chhindwara,MOHKHED,"23430208608, Govt. HSS Linga",प्रतिभागी,शिक्षक
BV6691,Madhuri Suryawanshi,Chhindwara,MOHKHED,"23430208608, Govt. HSS Linga",प्रतिभागी,शिक्षक
BW8559,Yogita Vaish,Chhindwara,MOHKHED,"23430208608, Govt. HSS Linga",प्रतिभागी,शिक्षक
AH1633,Pushpa Sanjay Balpande,Chhindwara,PANDHURNA,"23430801003, Govt. HSS LBS Excellence Pandhurna",प्रतिभागी,शिक्षक
AH1749,Manzoor Ahmed Mohammad Sarwar,Chhindwara,PANDHURNA,"23430801003, Govt. HSS LBS Excellence Pandhurna",प्रतिभागी,शिक्षक
BN6244,Devanand Shelke,Chhindwara,PANDHURNA,"23430801003, Govt. HSS LBS Excellence Pandhurna",प्रतिभागी,शिक्षक
BQ1030,SEEMA DHURVE,Chhindwara,PANDHURNA,"23430801003, Govt. HSS LBS Excellence Pandhurna",प्रतिभागी,शिक्षक
BS6810,Sukanlal Uikey,Chhindwara,PANDHURNA,"23430801003, Govt. HSS LBS Excellence Pandhurna",प्रतिभागी,शिक्षक
AH1875,Yashoda Masram,Chhindwara,PANDHURNA,"23430804908, Govt. HSS Seoni Pandhurna",प्रतिभागी,शिक्षक
AH1903,Sumedha Ramteke,Chhindwara,PANDHURNA,"23430804908, Govt. HSS Seoni Pandhurna",प्रतिभागी,शिक्षक
BP4799,Minakshi Bramhe,Chhindwara,PANDHURNA,"23430804908, Govt. HSS Seoni Pandhurna",प्रतिभागी,शिक्षक
AG8418,Dnyaneshwar Barve,Chhindwara,PANDHURNA,"23430805307, Govt. HSS Badchicholi",प्रतिभागी,शिक्षक
AH1851,Ranjana Sawade,Chhindwara,PANDHURNA,"23430805307, Govt. HSS Badchicholi",प्रतिभागी,शिक्षक
AH2022,Ramesh Dharpure,Chhindwara,PANDHURNA,"23430805307, Govt. HSS Badchicholi",प्रतिभागी,शिक्षक
AH2324,Madhukar Choudhari,Chhindwara,PANDHURNA,"23430805307, Govt. HSS Badchicholi",प्रतिभागी,शिक्षक
BV4349,Ranjita Nashine,Chhindwara,PANDHURNA,"23430805307, Govt. HSS Badchicholi",प्रतिभागी,शिक्षक
BV6448,Sunanda Vinod Thosar,Chhindwara,PANDHURNA,"23430805307, Govt. HSS Badchicholi",प्रतिभागी,शिक्षक
AH1541,Mohan Kinkar,Chhindwara,PANDHURNA,"23430808209, Govt. HSS Sanjay Gandhi Tigaon",प्रतिभागी,शिक्षक
AH1936,Kishoree Bobde,Chhindwara,PANDHURNA,"23430808209, Govt. HSS Sanjay Gandhi Tigaon",प्रतिभागी,शिक्षक
BR7232,Jaishri Nawghare,Chhindwara,PANDHURNA,"23430808209, Govt. HSS Sanjay Gandhi Tigaon",प्रतिभागी,शिक्षक
BT4499,Rajendra Kumar Gayakwad,Chhindwara,PANDHURNA,"23430808209, Govt. HSS Sanjay Gandhi Tigaon",प्रतिभागी,शिक्षक
AH1724,Dhanraj Paradkar,Chhindwara,PANDHURNA,"23430809305, Govt. HSS Mangurli",प्रतिभागी,शिक्षक
BT4114,Sneha Lonkar,Chhindwara,PANDHURNA,"23430809305, Govt. HSS Mangurli",प्रतिभागी,शिक्षक
BU1151,Pravin Kharate,Chhindwara,PANDHURNA,"23430809305, Govt. HSS Mangurli",प्रतिभागी,शिक्षक
BW9345,Mukesh Thosre,Chhindwara,PANDHURNA,"23430809305, Govt. HSS Mangurli",प्रतिभागी,शिक्षक
BX5801,Jasvant Pawar,Chhindwara,PANDHURNA,"23430811605, Govt. HSS Ambada",प्रतिभागी,शिक्षक
AG9208,Dharasyam Sarode,Chhindwara,PANDHURNA,"23430815904, Govt. HSS Pathai",प्रतिभागी,शिक्षक
AH2111,Yashwant Bansod,Chhindwara,PANDHURNA,"23430815904, Govt. HSS Pathai",प्रतिभागी,शिक्षक
BV2688,Madhawlal Nayak,Chhindwara,PANDHURNA,"23430815904, Govt. HSS Pathai",प्रतिभागी,शिक्षक
AH2544,Mukesh Pal,Chhindwara,PARASIA,"23430301121, Govt. HSS (Girls) Adarsh Parasiya",प्रतिभागी,शिक्षक
AH3447,Satish Kumar Nelson,Chhindwara,PARASIA,"23430301121, Govt. HSS (Girls) Adarsh Parasiya",प्रतिभागी,शिक्षक
AM2004,Sandhya Singh,Chhindwara,PARASIA,"23430301121, Govt. HSS (Girls) Adarsh Parasiya",प्रतिभागी,शिक्षक
BT1042,Sangeeta Uikey,Chhindwara,PARASIA,"23430301121, Govt. HSS (Girls) Adarsh Parasiya",प्रतिभागी,शिक्षक
BT1991,Meenakshi Rai,Chhindwara,PARASIA,"23430301121, Govt. HSS (Girls) Adarsh Parasiya",प्रतिभागी,शिक्षक
CC9660,KEETENDRA MARSKOLE,Chhindwara,PARASIA,"23430301121, Govt. HSS (Girls) Adarsh Parasiya",प्रतिभागी,शिक्षक
CD3834,PALLAVI MISHRA,Chhindwara,PARASIA,"23430301121, Govt. HSS (Girls) Adarsh Parasiya",प्रतिभागी,शिक्षक
AG5748,Gangadhar Dhurve,Chhindwara,PARASIA,"23430304620, Govt. HSS (Boys) Badkuhi",प्रतिभागी,शिक्षक
BS8945,Kiran Verma,Chhindwara,PARASIA,"23430304620, Govt. HSS (Boys) Badkuhi",प्रतिभागी,शिक्षक
AG4880,Kishanlal Uikey,Chhindwara,PARASIA,"23430319604, Govt. HSS Dungariya Titra",प्रतिभागी,शिक्षक
BR3215,Laxmi Uikey,Chhindwara,PARASIA,"23430319604, Govt. HSS Dungariya Titra",प्रतिभागी,शिक्षक
BU3031,Ashok Kumar Malviya,Chhindwara,PARASIA,"23430319604, Govt. HSS Dungariya Titra",प्रतिभागी,शिक्षक
AG4804,Aarti Yadav,Chhindwara,PARASIA,"23430316409, Govt. HSS Rawanwada",प्रतिभागी,शिक्षक
BQ5781,Sohan Lal Deharia,Chhindwara,PARASIA,"23430316409, Govt. HSS Rawanwada",प्रतिभागी,शिक्षक
AG5906,Shyam Kumar Gunhare,Chhindwara,PARASIA,"23430315104, Govt. HSS Palatwada",प्रतिभागी,बीएसी
AG8771,Shakti Kumar Uikey,Chhindwara,PARASIA,"23430315104, Govt. HSS Palatwada",प्रतिभागी,शिक्षक
AG4947,Deepak Kumar Sahu,Chhindwara,PARASIA,"23430314304, Govt. HS Marai",प्रतिभागी,शिक्षक
AG7548,Geeta Uikey,Chhindwara,PARASIA,"23430314304, Govt. HS Marai",प्रतिभागी,शिक्षक
AH3371,Archana Bunkar,Chhindwara,PARASIA,"23430314304, Govt. HS Marai",प्रतिभागी,शिक्षक
AH3739,Meena Tumram,Chhindwara,PARASIA,"23430314304, Govt. HS Marai",प्रतिभागी,शिक्षक
BY2086,Roopsingh Baghel,Chhindwara,PARASIA,"23430314304, Govt. HS Marai",प्रतिभागी,शिक्षक
AG4966,Raju Pawar,Chhindwara,PARASIA,"23430313205, Govt. HSS Kanhergaon",प्रतिभागी,शिक्षक
AG5283,Aklesh Belwanshi,Chhindwara,PARASIA,"23430313205, Govt. HSS Kanhergaon",प्रतिभागी,शिक्षक
AG9768,Ratna Kumre,Chhindwara,PARASIA,"23430313205, Govt. HSS Kanhergaon",प्रतिभागी,शिक्षक
AH2855,Shiv Kumar Sable,Chhindwara,PARASIA,"23430313205, Govt. HSS Kanhergaon",प्रतिभागी,शिक्षक
BQ8741,Madhu Sharma,Chhindwara,PARASIA,"23430313205, Govt. HSS Kanhergaon",प्रतिभागी,शिक्षक
BU1541,Sewak Ram Pal,Chhindwara,PARASIA,"23430313205, Govt. HSS Kanhergaon",प्रतिभागी,शिक्षक
BV5869,Kekai Sahu,Chhindwara,PARASIA,"23430313205, Govt. HSS Kanhergaon",प्रतिभागी,शिक्षक
AG4760,Radheshyam Bandewar,Chhindwara,PARASIA,"23430307418, Govt. HSS Umreth",प्रतिभागी,शिक्षक
AG5145,Jaydew Pawar,Chhindwara,PARASIA,"23430307418, Govt. HSS Umreth",प्रतिभागी,शिक्षक
AG5203,Manoj Kumar Soni,Chhindwara,PARASIA,"23430307418, Govt. HSS Umreth",प्रतिभागी,शिक्षक
AG6802,Kiran Dehariya,Chhindwara,PARASIA,"23430307418, Govt. HSS Umreth",प्रतिभागी,शिक्षक
BQ3868,Seema Markam,Chhindwara,PARASIA,"23430307418, Govt. HSS Umreth",प्रतिभागी,शिक्षक
BR4282,Shivprasad Uikey,Chhindwara,PARASIA,"23430307418, Govt. HSS Umreth",प्रतिभागी,शिक्षक
BS8663,Savitree Uikey,Chhindwara,PARASIA,"23430307418, Govt. HSS Umreth",प्रतिभागी,शिक्षक
BV9219,Amit Kushwaha,Chhindwara,PARASIA,"23430307418, Govt. HSS Umreth",प्रतिभागी,शिक्षक
BW8837,Sukhman Belwanshi,Chhindwara,PARASIA,"23430307418, Govt. HSS Umreth",प्रतिभागी,शिक्षक
BR9320,Madan Kumar Dhurvey,Chhindwara,PARASIA,"23430308706, Govt. HSS Mordongri",प्रतिभागी,शिक्षक
BU5957,Sudama Charpe,Chhindwara,PARASIA,"23430308706, Govt. HSS Mordongri",प्रतिभागी,शिक्षक
BV5181,Suresh Bhalavi,Chhindwara,PARASIA,"23430308706, Govt. HSS Mordongri",प्रतिभागी,शिक्षक
CB6620,PEETAMBAR KHOBARIYA,Chhindwara,PARASIA,"23430308706, Govt. HSS Mordongri",प्रतिभागी,शिक्षक
AG4738,Shiv Prasad Bhawarkar,Chhindwara,PARASIA,"23430302836, Govt. HSS Newton Chikhli",प्रतिभागी,शिक्षक
BP4283,Kamlesh Uikey,Chhindwara,PARASIA,"23430302836, Govt. HSS Newton Chikhli",प्रतिभागी,शिक्षक
BR1648,Sohanlal Enwati,Chhindwara,PARASIA,"23430302836, Govt. HSS Newton Chikhli",प्रतिभागी,शिक्षक
AH5192,Sanjay Vishwakarma,Chhindwara,SAUSAR,"23430615901, Govt. HSS Excellence Sausar",प्रतिभागी,शिक्षक
BP1914,Praveen Gurao,Chhindwara,SAUSAR,"23430615901, Govt. HSS Excellence Sausar",प्रतिभागी,शिक्षक
BS7262,Pratibha Bisen,Chhindwara,SAUSAR,"23430615901, Govt. HSS Excellence Sausar",प्रतिभागी,शिक्षक
BU1760,Janrao Paradkar,Chhindwara,SAUSAR,"23430615901, Govt. HSS Excellence Sausar",प्रतिभागी,शिक्षक
BY5896,Seema Dufare,Chhindwara,SAUSAR,"23430615901, Govt. HSS Excellence Sausar",प्रतिभागी,शिक्षक
AH5271,Neeru Guru,Chhindwara,SAUSAR,"23430615801, Govt. HSS (Girls) Sausar",प्रतिभागी,शिक्षक
BY4844,Sharda Wadode,Chhindwara,SAUSAR,"23430615801, Govt. HSS (Girls) Sausar",प्रतिभागी,शिक्षक
AH4911,Ajay Dhok,Chhindwara,SAUSAR,"23430617301, Govt. HSS DKM Mohgaon",प्रतिभागी,शिक्षक
AH5244,Mahesh Singh Gaud,Chhindwara,SAUSAR,"23430617301, Govt. HSS DKM Mohgaon",प्रतिभागी,शिक्षक
BF4833,Deepak Kadave,Chhindwara,SAUSAR,"23430617301, Govt. HSS DKM Mohgaon",प्रतिभागी,शिक्षक
AH4931,Kishor Choudhari,Chhindwara,SAUSAR,"23430604116, Govt. HSS Pipla Narayanwar",प्रतिभागी,शिक्षक
AH4990,Sunil Premraj Kothe,Chhindwara,SAUSAR,"23430604116, Govt. HSS Pipla Narayanwar",प्रतिभागी,शिक्षक
AH5252,Chandrashekhar Salbarde,Chhindwara,SAUSAR,"23430604116, Govt. HSS Pipla Narayanwar",प्रतिभागी,शिक्षक
AH5538,Usha Sahare,Chhindwara,SAUSAR,"23430604116, Govt. HSS Pipla Narayanwar",प्रतिभागी,शिक्षक
BV6119,Amol Chhaware,Chhindwara,SAUSAR,"23430605409, Govt. HSS Paradasinga",प्रतिभागी,शिक्षक
BV2093,Deepak Bodhe,Chhindwara,SAUSAR,"23430607104, Govt. HSS Ghoti",प्रतिभागी,शिक्षक
AG6423,B L Sahu,Chhindwara,TAMIA,"23430500106, GOVT. HSS LAHGADUA",प्रतिभागी,शिक्षक
AG6557,Kachan Raut,Chhindwara,TAMIA,"23430500106, GOVT. HSS LAHGADUA",प्रतिभागी,शिक्षक
BR1969,Shambhu Dubey,Chhindwara,TAMIA,"23430500106, GOVT. HSS LAHGADUA",प्रतिभागी,शिक्षक
BR7142,Tabassum Mansuri,Chhindwara,TAMIA,"23430500106, GOVT. HSS LAHGADUA",प्रतिभागी,शिक्षक
CF7807,NARENDRA YADAV,Chhindwara,TAMIA,"23430516906, Govt. HSS Jhirpa",प्रतिभागी,शिक्षक
BU5804,Makhanlal Bharti,Chhindwara,TAMIA,"23430501604, GOVT. HSS JAITPUR",प्रतिभागी,शिक्षक
AG6099,Chunnilal Parteti,Chhindwara,TAMIA,"23430504607, Govt. HSS Nagri",प्रतिभागी,शिक्षक
AG6478,Ghanshyam Varma,Chhindwara,TAMIA,"23430504607, Govt. HSS Nagri",प्रतिभागी,शिक्षक
AG6331,Kamal Sing Badiwa,Chhindwara,TAMIA,"23430509007, GOVT. HSS KURSIDHANA",प्रतिभागी,शिक्षक
BS6409,Gopal Titware,Chhindwara,TAMIA,"23430509007, GOVT. HSS KURSIDHANA",प्रतिभागी,शिक्षक
AG6359,Malti Dhurve,Chhindwara,TAMIA,"23430514108, GOVT. HSS CHAWALPANI",प्रतिभागी,शिक्षक
CC5899,JEETENDRA KIRAR,Chhindwara,TAMIA,"23430514108, GOVT. HSS CHAWALPANI",प्रतिभागी,शिक्षक
AH5914,Manish Kumar Chaubey,Damoh,BATIYAGARH,"23120705024, GOVT HSS EXCELLENCE, BATIYAGARH",प्रतिभागी,शिक्षक
AH6136,Shiv Kumar Gautam,Damoh,BATIYAGARH,"23120705024, GOVT HSS EXCELLENCE, BATIYAGARH",प्रतिभागी,शिक्षक
AH6196,Shukram Rawat,Damoh,BATIYAGARH,"23120705024, GOVT HSS EXCELLENCE, BATIYAGARH",प्रतिभागी,शिक्षक
BZ1487,Mohammad Shaheed Khan,Damoh,BATIYAGARH,"23120705024, GOVT HSS EXCELLENCE, BATIYAGARH",प्रतिभागी,शिक्षक
AH5754,Sita Dubey,Damoh,BATIYAGARH,"23120700203, GOVT HS RIYANA",प्रतिभागी,शिक्षक
BR1253,Rajendra Prasad Kurmi,Damoh,BATIYAGARH,"23120700203, GOVT HS RIYANA",प्रतिभागी,शिक्षक
BY6406,Shukla Shriram,Damoh,BATIYAGARH,"23120700203, GOVT HS RIYANA",प्रतिभागी,शिक्षक
AT2318,Ramcharan Ahirwar,Damoh,BATIYAGARH,"23120703009, GOVT HSS KHADERI",प्रतिभागी,शिक्षक
BU1124,Prabha Singh Rai,Damoh,BATIYAGARH,"23120703009, GOVT HSS KHADERI",प्रतिभागी,शिक्षक
BX4390,DALCHAND BAIN,Damoh,BATIYAGARH,"23120703009, GOVT HSS KHADERI",प्रतिभागी,शिक्षक
AH6213,Kamlesh Kumar Goutam,Damoh,BATIYAGARH,"23120708509, GOVT HSS MAGRON",प्रतिभागी,शिक्षक
AH6281,Anjulata Yadav,Damoh,BATIYAGARH,"23120708509, GOVT HSS MAGRON",प्रतिभागी,शिक्षक
AH6325,Santosh Kumar Goswami,Damoh,BATIYAGARH,"23120708509, GOVT HSS MAGRON",प्रतिभागी,शिक्षक
AH6442,Basant Kumar Soni,Damoh,BATIYAGARH,"23120708509, GOVT HSS MAGRON",प्रतिभागी,शिक्षक
AI2525,Dwarka Prasad Sahu,Damoh,BATIYAGARH,"23120708509, GOVT HSS MAGRON",प्रतिभागी,शिक्षक
CD9798,POOJA PATEL,Damoh,BATIYAGARH,"23120708509, GOVT HSS MAGRON",प्रतिभागी,शिक्षक
BQ8957,Vimal Kumar Patel,Damoh,BATIYAGARH,"23120702706, GOVT HSS PHATEHPUR",प्रतिभागी,शिक्षक
AH6449,Munna Lal Ahirwal,Damoh,BATIYAGARH,"23120704103, GOVT HS RONSARA",प्रतिभागी,शिक्षक
BU5144,Bakhat Singh Thakur,Damoh,BATIYAGARH,"23120704103, GOVT HS RONSARA",प्रतिभागी,शिक्षक
AK4953,Pooja Parihar,Damoh,DAMOH,"23120310514, GOVT HSS GIRLS, DAMOH",प्रतिभागी,शिक्षक
AI1277,Bhupendra Singh Thakur,Damoh,DAMOH,"23120305906, GOVT HS BILAI",प्रतिभागी,शिक्षक
AH7124,Sishendra Kumar Pandey,Damoh,DAMOH,"23120307120, GOVT HSS GIRLS, HINDORIYA",प्रतिभागी,शिक्षक
AH8667,Anita Seth,Damoh,DAMOH,"23120307120, GOVT HSS GIRLS, HINDORIYA",प्रतिभागी,शिक्षक
AI2240,Ghanshyam Ahirwar,Damoh,DAMOH,"23120307120, GOVT HSS GIRLS, HINDORIYA",प्रतिभागी,शिक्षक
BT7749,Mahendra Soni,Damoh,DAMOH,"23120307120, GOVT HSS GIRLS, HINDORIYA",प्रतिभागी,शिक्षक
BY8865,Sandhya Ahirwar,Damoh,DAMOH,"23120307120, GOVT HSS GIRLS, HINDORIYA",प्रतिभागी,शिक्षक
AH7149,Prabhudayal Choubey,Damoh,DAMOH,"23120305311, GOVT HSS BANSA TARKHEDA",प्रतिभागी,शिक्षक
AH9834,Anurag Jain,Damoh,DAMOH,"23120305311, GOVT HSS BANSA TARKHEDA",प्रतिभागी,शिक्षक
AI1303,Pushpa Jain,Damoh,DAMOH,"23120305311, GOVT HSS BANSA TARKHEDA",प्रतिभागी,शिक्षक
BR6995,Seema Jha,Damoh,DAMOH,"23120305311, GOVT HSS BANSA TARKHEDA",प्रतिभागी,शिक्षक
BU9413,Vijay Sahu,Damoh,DAMOH,"23120305311, GOVT HSS BANSA TARKHEDA",प्रतिभागी,शिक्षक
AI1692,Rupesh Nema Bhatiyara,Damoh,DAMOH,"23120310212, GOVT HSS BANDAK PUR",प्रतिभागी,शिक्षक
BI1756,Archana Dhurve,Damoh,DAMOH,"23120310212, GOVT HSS BANDAK PUR",प्रतिभागी,शिक्षक
BT5980,Anil Kumar Mishra,Damoh,DAMOH,"23120310212, GOVT HSS BANDAK PUR",प्रतिभागी,शिक्षक
BT5981,Kailash Asati,Damoh,DAMOH,"23120310212, GOVT HSS BANDAK PUR",प्रतिभागी,शिक्षक
BT1458,Shradha Urmaliya,Damoh,DAMOH,"23120302007, GOVT HSS BALAKOT",प्रतिभागी,शिक्षक
BW1054,Dilip Kumar Dubey,Damoh,DAMOH,"23120302007, GOVT HSS BALAKOT",प्रतिभागी,शिक्षक
CE3981,NAVEEN KUMAR,Damoh,DAMOH,"23120302007, GOVT HSS BALAKOT",प्रतिभागी,शिक्षक
AH5769,Santosh Kumar Patel,Damoh,DAMOH,"23120310810, GOVT HS HIRDEPUR",प्रतिभागी,शिक्षक
AH6653,Ishwar Chandra Chakrawarti,Damoh,DAMOH,"23120310810, GOVT HS HIRDEPUR",प्रतिभागी,शिक्षक
AI1323,Anshu Dubey,Damoh,DAMOH,"23120310810, GOVT HS HIRDEPUR",प्रतिभागी,शिक्षक
AI2239,Sarita Pandey,Damoh,DAMOH,"23120310810, GOVT HS HIRDEPUR",प्रतिभागी,शिक्षक
BW3718,Nanakram Ahirwal,Damoh,DAMOH,"23120310810, GOVT HS HIRDEPUR",प्रतिभागी,शिक्षक
BQ9513,Kalpana Khare,Damoh,DAMOH,"23120304004, GOVT HSS MUDIA",प्रतिभागी,शिक्षक
CD3799,ASHISH AWASTHI,Damoh,DAMOH,"23120302603, GOVT HSS IMALIYA GHAT",प्रतिभागी,शिक्षक
AH7689,Bhuvani Prasad Soni,Damoh,DAMOH,"23120317611, GOVT HSS GIRLS, FUTERA WARD 3",प्रतिभागी,शिक्षक
AH8524,Ashok Vishwakarma,Damoh,DAMOH,"23120317611, GOVT HSS GIRLS, FUTERA WARD 3",प्रतिभागी,शिक्षक
BT6706,Vani Jain,Damoh,DAMOH,"23120317611, GOVT HSS GIRLS, FUTERA WARD 3",प्रतिभागी,शिक्षक
AH9050,Nutan Jain,Damoh,DAMOH,"23120307818, GOVT HSS ABHANA",प्रतिभागी,शिक्षक
AI2293,Anita Thakur,Damoh,DAMOH,"23120307818, GOVT HSS ABHANA",प्रतिभागी,शिक्षक
AH9506,Savita Jain,Damoh,DAMOH,"23120313105, GOVT HS TOURI",प्रतिभागी,शिक्षक
AI1934,Deepti Rai,Damoh,DAMOH,"23120313105, GOVT HS TOURI",प्रतिभागी,शिक्षक
AI2090,Prahlad Singh Thakur,Damoh,DAMOH,"23120313105, GOVT HS TOURI",प्रतिभागी,शिक्षक
BR3074,Rashmi Thakur,Damoh,DAMOH,"23120313105, GOVT HS TOURI",प्रतिभागी,शिक्षक
BS2573,Anita Athya,Damoh,DAMOH,"23120313105, GOVT HS TOURI",प्रतिभागी,शिक्षक
BV3093,Devi Lodhi,Damoh,DAMOH,"23120313105, GOVT HS TOURI",प्रतिभागी,शिक्षक
BW4468,Narayan Singh,Damoh,DAMOH,"23120313105, GOVT HS TOURI",प्रतिभागी,शिक्षक
CA4516,SUNIL Kumar Dubey,Damoh,DAMOH,"23120313105, GOVT HS TOURI",प्रतिभागी,शिक्षक
AH9285,Pooran Lal Ahirwar,Damoh,HATTA,"23120409109, GOVT HSS RAJPURA",प्रतिभागी,शिक्षक
AH6288,Laxmi Tantuway,Damoh,HATTA,"23120408004, GOVT HSS KANTEE",प्रतिभागी,शिक्षक
AH9156,Nandlal Ahirwar,Damoh,HATTA,"23120408004, GOVT HSS KANTEE",प्रतिभागी,शिक्षक
AH9048,Leelawati Vishvakarma,Damoh,HATTA,"23120411208, GOVT HSS GIRLS, NAVODAYA WARD",प्रतिभागी,शिक्षक
AH9222,Rakesh Kumar Jangriya,Damoh,HATTA,"23120411208, GOVT HSS GIRLS, NAVODAYA WARD",प्रतिभागी,शिक्षक
AH8969,Raju Prasad Ahirwar,Damoh,HATTA,"23120406610, GOVT HSS RANEH",प्रतिभागी,शिक्षक
AH9043,Laxmi Prasad Kori,Damoh,HATTA,"23120406610, GOVT HSS RANEH",प्रतिभागी,शिक्षक
AT3777,Deepak Kumar Sen,Damoh,HATTA,"23120406610, GOVT HSS RANEH",प्रतिभागी,शिक्षक
BX1895,Brajesh Kumar Chakrawarti,Damoh,HATTA,"23120406610, GOVT HSS RANEH",प्रतिभागी,शिक्षक
AH9132,Mahendra Choudhary,Damoh,HATTA,"23120405411, GOVT HSS HINOTAKALA",प्रतिभागी,शिक्षक
AH9140,Bhagwati Kori,Damoh,HATTA,"23120405411, GOVT HSS HINOTAKALA",प्रतिभागी,शिक्षक
BY3242,Archana Kori,Damoh,HATTA,"23120405411, GOVT HSS HINOTAKALA",प्रतिभागी,शिक्षक
BO9849,Baboo Lal Rajak,Damoh,JABERA,"23120601012, GOVT HSS SINGRAMPUR",प्रतिभागी,शिक्षक
BX2012,Akhlesh Singh Kshattri,Damoh,JABERA,"23120601012, GOVT HSS SINGRAMPUR",प्रतिभागी,शिक्षक
BY7172,Rani Vishwakarma,Damoh,JABERA,"23120601012, GOVT HSS SINGRAMPUR",प्रतिभागी,शिक्षक
AH9927,Narendra Singh Lodhi,Damoh,JABERA,"23120608915, GOVT HSS GIRLS, JABERA",प्रतिभागी,सीएसी
AI2320,Rajesh Kumar Jain,Damoh,JABERA,"23120608915, GOVT HSS GIRLS, JABERA",प्रतिभागी,शिक्षक
BR5117,Prakash Dhangar,Damoh,JABERA,"23120608915, GOVT HSS GIRLS, JABERA",प्रतिभागी,शिक्षक
BT2157,Ramkishor Sharma,Damoh,JABERA,"23120608915, GOVT HSS GIRLS, JABERA",प्रतिभागी,शिक्षक
AH9554,Manish Kumar Jain,Damoh,JABERA,"23120608914, GOVT HSS EXCELLENCE, JABERA",प्रतिभागी,शिक्षक
AH9798,Hari Singh Thakur,Damoh,JABERA,"23120608914, GOVT HSS EXCELLENCE, JABERA",प्रतिभागी,शिक्षक
AH9830,Sukh Singh,Damoh,JABERA,"23120608914, GOVT HSS EXCELLENCE, JABERA",प्रतिभागी,शिक्षक
AH9935,Sushil Kumar Jain,Damoh,JABERA,"23120608914, GOVT HSS EXCELLENCE, JABERA",प्रतिभागी,शिक्षक
BU3444,Mahendra Kumar Mahra,Damoh,JABERA,"23120608914, GOVT HSS EXCELLENCE, JABERA",प्रतिभागी,शिक्षक
BU6841,Kamlesh Kumar Koshta,Damoh,JABERA,"23120608914, GOVT HSS EXCELLENCE, JABERA",प्रतिभागी,सीएसी
AI1027,Madan Gopal,Damoh,JABERA,"23120600519, GOVT HSS NOHTA",प्रतिभागी,शिक्षक
BW2584,Bandna Kushwaha,Damoh,JABERA,"23120600519, GOVT HSS NOHTA",प्रतिभागी,शिक्षक
BX1252,Deepak Upadhyay,Damoh,JABERA,"23120600519, GOVT HSS NOHTA",प्रतिभागी,शिक्षक
BZ3155,Mukesh Singh Gound,Damoh,JABERA,"23120600519, GOVT HSS NOHTA",प्रतिभागी,शिक्षक
CE5288,SATYAM SINGH,Damoh,JABERA,"23120600519, GOVT HSS NOHTA",प्रतिभागी,शिक्षक
CE5291,BRHAMJEET SINGH RAJPOOT,Damoh,JABERA,"23120600519, GOVT HSS NOHTA",प्रतिभागी,शिक्षक
CE5294,BHAWANI SHARMA,Damoh,JABERA,"23120600519, GOVT HSS NOHTA",प्रतिभागी,शिक्षक
AH9691,Jeevan Lal Ahirwar,Damoh,JABERA,"23120603806, GOVT HSS CHOUPRA",प्रतिभागी,शिक्षक
AI1033,Rachna Rai,Damoh,JABERA,"23120603806, GOVT HSS CHOUPRA",प्रतिभागी,शिक्षक
BO9810,Rathmesh Jain,Damoh,JABERA,"23120609210, GOVT HSS BAMHOREE",प्रतिभागी,शिक्षक
BU2711,Bhagat Singh Lodhi,Damoh,JABERA,"23120609210, GOVT HSS BAMHOREE",प्रतिभागी,शिक्षक
AH9563,Gopal Singh Thakur,Damoh,JABERA,"23120604911, GOVT HSS BANWAR",प्रतिभागी,शिक्षक
AI1003,Lallu Athya,Damoh,JABERA,"23120604911, GOVT HSS BANWAR",प्रतिभागी,शिक्षक
AI1024,Pramod Kumar Khare,Damoh,JABERA,"23120604911, GOVT HSS BANWAR",प्रतिभागी,शिक्षक
AI1066,Asharam Ahirwar,Damoh,JABERA,"23120604911, GOVT HSS BANWAR",प्रतिभागी,शिक्षक
AI2822,Halki Bai Raikwar,Damoh,JABERA,"23120604911, GOVT HSS BANWAR",प्रतिभागी,शिक्षक
BU6741,Vishvnath Singh Thakur,Damoh,JABERA,"23120604911, GOVT HSS BANWAR",प्रतिभागी,शिक्षक
6264680854,Rahul Sahu   ,Damoh,PATERA,"23120101518, GOVT HSS EXCELLENCE, PATERA",प्रतिभागी,अन्य
AI1582,Shekh Ikbal,Damoh,PATERA,"23120101518, GOVT HSS EXCELLENCE, PATERA",प्रतिभागी,शिक्षक
AI1654,Tara Namdeo,Damoh,PATERA,"23120101518, GOVT HSS EXCELLENCE, PATERA",प्रतिभागी,शिक्षक
AI3110,Shekh Moosa Khan,Damoh,PATERA,"23120101518, GOVT HSS EXCELLENCE, PATERA",प्रतिभागी,शिक्षक
BJ8124,Rajesh Kumar Chourasiya,Damoh,PATERA,"23120101518, GOVT HSS EXCELLENCE, PATERA",प्रतिभागी,शिक्षक
BQ4148,Kalpana Tamrakar,Damoh,PATERA,"23120101518, GOVT HSS EXCELLENCE, PATERA",प्रतिभागी,शिक्षक
BQ5406,Kamla Athya,Damoh,PATERA,"23120101518, GOVT HSS EXCELLENCE, PATERA",प्रतिभागी,शिक्षक
BQ7668,Vibha Jain,Damoh,PATERA,"23120101518, GOVT HSS EXCELLENCE, PATERA",प्रतिभागी,शिक्षक
BT1924,Aarti Soni,Damoh,PATERA,"23120101518, GOVT HSS EXCELLENCE, PATERA",प्रतिभागी,शिक्षक
BU2406,Ahsan Muhammad Khan,Damoh,PATERA,"23120101518, GOVT HSS EXCELLENCE, PATERA",प्रतिभागी,शिक्षक
BW3716,Shaheen Khan,Damoh,PATERA,"23120101518, GOVT HSS EXCELLENCE, PATERA",प्रतिभागी,शिक्षक
BX4752,Santosh Tantuway,Damoh,PATERA,"23120101518, GOVT HSS EXCELLENCE, PATERA",प्रतिभागी,शिक्षक
BX8348,Madhvi Jain,Damoh,PATERA,"23120101518, GOVT HSS EXCELLENCE, PATERA",प्रतिभागी,शिक्षक
BW7720,Badri Yadav,Damoh,PATERA,"23120101206, GOVT HSS KUMHARI",प्रतिभागी,शिक्षक
BP6208,Lakhan Lal,Damoh,PATERA,"23120105405, GOVT HS MAGHGUWAN PATOOL",प्रतिभागी,शिक्षक
BS7694,Damodar Kori,Damoh,PATERA,"23120105405, GOVT HS MAGHGUWAN PATOOL",प्रतिभागी,शिक्षक
AI1225,Santosh Singh Lodhi,Damoh,PATERA,"23120120002, GOVT HS PATERIA (DEVDONGRA)",प्रतिभागी,शिक्षक
AI1227,Surendra Kumar Mehra,Damoh,PATERA,"23120120002, GOVT HS PATERIA (DEVDONGRA)",प्रतिभागी,शिक्षक
AI1258,Sewakram Ahirwar,Damoh,PATERA,"23120120002, GOVT HS PATERIA (DEVDONGRA)",प्रतिभागी,शिक्षक
AI1422,Suresh Singh Lodhi,Damoh,PATERA,"23120120002, GOVT HS PATERIA (DEVDONGRA)",प्रतिभागी,शिक्षक
CD3468,GURJEET KOUR PASRIJA,Damoh,PATERA,"23120120002, GOVT HS PATERIA (DEVDONGRA)",प्रतिभागी,शिक्षक
AH6257,Laxmi Prasad Yadav,Damoh,PATERA,"23120105207, GOVT HSS LUHAREE",प्रतिभागी,शिक्षक
AH9006,Jeevan Lal Ahirwar,Damoh,PATERA,"23120105207, GOVT HSS LUHAREE",प्रतिभागी,शिक्षक
AT1785,Anantram Ahirwar,Damoh,PATERA,"23120105207, GOVT HSS LUHAREE",प्रतिभागी,शिक्षक
AH6131,Satish Kumar Mishra,Damoh,PATERA,"23120105107, GOVT HS BANGAWN",प्रतिभागी,शिक्षक
BQ7889,Devendra Singh Rajput,Damoh,PATERA,"23120105107, GOVT HS BANGAWN",प्रतिभागी,शिक्षक
BT5707,Jyoti Agrawal,Damoh,PATERA,"23120105107, GOVT HS BANGAWN",प्रतिभागी,शिक्षक
BY2964,Rita Chourasia,Damoh,PATERA,"23120105107, GOVT HS BANGAWN",प्रतिभागी,शिक्षक
BY9155,Hemant Kumar Ahirwar,Damoh,PATERA,"23120105107, GOVT HS BANGAWN",प्रतिभागी,शिक्षक
AH7088,Jyoti Mishra,Damoh,PATHARIA,"23120200127, GOVT HSS EXCELLENCE, PATHARIYA",प्रतिभागी,शिक्षक
AI1849,Ajay Kumar Sahu,Damoh,PATHARIA,"23120200127, GOVT HSS EXCELLENCE, PATHARIYA",प्रतिभागी,शिक्षक
CD3490,NISHTHA JAIN,Damoh,PATHARIA,"23120200127, GOVT HSS EXCELLENCE, PATHARIYA",प्रतिभागी,शिक्षक
BR8796,Preeti Saraf,Damoh,PATHARIA,"23120202908, GOVT HSS BANSAKALA",प्रतिभागी,शिक्षक
AI1644,Nonelal Bansal,Damoh,PATHARIA,"23120204506, GOVT HS BOTRAI",प्रतिभागी,शिक्षक
BT8033,Krishan Kant Tiwari,Damoh,PATHARIA,"23120208214, GOVT HS NARSINGHARH",प्रतिभागी,शिक्षक
BV3554,Deepak Kumar Patel,Damoh,PATHARIA,"23120208214, GOVT HS NARSINGHARH",प्रतिभागी,शिक्षक
BV4400,Aanand Kumar Khare,Damoh,PATHARIA,"23120208214, GOVT HS NARSINGHARH",प्रतिभागी,शिक्षक
AH6147,Chittar Singh Thakur,Damoh,TENDUKHEDA,"23120500119, GOVT HSS GIRLS, TENDUKHEDA",प्रतिभागी,शिक्षक
AH8324,Mitthoo Lal Gound,Damoh,TENDUKHEDA,"23120500119, GOVT HSS GIRLS, TENDUKHEDA",प्रतिभागी,शिक्षक
AI1841,Veeranlal Soni,Damoh,TENDUKHEDA,"23120500119, GOVT HSS GIRLS, TENDUKHEDA",प्रतिभागी,शिक्षक
AI2021,Santosh Kumar Pradhan,Damoh,TENDUKHEDA,"23120500119, GOVT HSS GIRLS, TENDUKHEDA",प्रतिभागी,शिक्षक
AI2336,Sushma Shukla,Damoh,TENDUKHEDA,"23120500119, GOVT HSS GIRLS, TENDUKHEDA",प्रतिभागी,शिक्षक
BR6587,Deepti Modi,Damoh,TENDUKHEDA,"23120500119, GOVT HSS GIRLS, TENDUKHEDA",प्रतिभागी,शिक्षक
AB6164,Bharat Kumar Sahu,Damoh,TENDUKHEDA,"23120500118, GOVT HSS BOYS, EXCELLENCE, TENDUKHEDA",प्रतिभागी,शिक्षक
AI1936,Neelmani Namdev,Damoh,TENDUKHEDA,"23120500118, GOVT HSS BOYS, EXCELLENCE, TENDUKHEDA",प्रतिभागी,शिक्षक
AI1993,Devi Shanker Yadav,Damoh,TENDUKHEDA,"23120500118, GOVT HSS BOYS, EXCELLENCE, TENDUKHEDA",प्रतिभागी,शिक्षक
AI2355,Rammulal Ahirwal,Damoh,TENDUKHEDA,"23120509107, GOVT HSS SAILWADA",प्रतिभागी,शिक्षक
AI2409,Randheer Thakur,Damoh,TENDUKHEDA,"23120509107, GOVT HSS SAILWADA",प्रतिभागी,शिक्षक
BV5110,Satyendra Jain,Damoh,TENDUKHEDA,"23120509107, GOVT HSS SAILWADA",प्रतिभागी,शिक्षक
AI1896,Khilan Singh Thakur,Damoh,TENDUKHEDA,"23120509909, GOVT HSS SARRA",प्रतिभागी,शिक्षक
BY5366,Mahesh Prasad Sen,Damoh,TENDUKHEDA,"23120509909, GOVT HSS SARRA",प्रतिभागी,शिक्षक
AI2059,Bhagwandas Sen,Damoh,TENDUKHEDA,"23120502905, GOVT HSS PURA",प्रतिभागी,शिक्षक
AI2092,Anarat Singh,Damoh,TENDUKHEDA,"23120502905, GOVT HSS PURA",प्रतिभागी,अन्य
AI2188,Bharose Lal Ahirwar,Damoh,TENDUKHEDA,"23120502905, GOVT HSS PURA",प्रतिभागी,शिक्षक
AI2193,Prabhudas Aharwal,Damoh,TENDUKHEDA,"23120502905, GOVT HSS PURA",प्रतिभागी,शिक्षक
CE9434,SHRASHTI SAHU,Damoh,TENDUKHEDA,"23120502905, GOVT HSS PURA",प्रतिभागी,शिक्षक
AH7461,Keerat Singh Ravat,Damoh,TENDUKHEDA,"23120503306, GOVT HSS JHALON",प्रतिभागी,शिक्षक
AI2124,Manmohan Ahirwal,Damoh,TENDUKHEDA,"23120503306, GOVT HSS JHALON",प्रतिभागी,शिक्षक
AI2176,Bharat Singh Thakur,Damoh,TENDUKHEDA,"23120500410, GOVT HSS TEJGARH",प्रतिभागी,शिक्षक
AI3651,Sandesh Kumar Tripathi,Datia,BHANDER,"23050313906, GOVT HSS EXCELLENCE BHANDER",प्रतिभागी,शिक्षक
AI3907,Veerendra Singh Unya,Datia,BHANDER,"23050313907, GOVT HSS GIRLS BHANDER",प्रतिभागी,सीएसी
AI4042,Dashrath Singh Lodhi,Datia,BHANDER,"23050313907, GOVT HSS GIRLS BHANDER",प्रतिभागी,शिक्षक
AI6036,Komal Singh Baghel,Datia,BHANDER,"23050313907, GOVT HSS GIRLS BHANDER",प्रतिभागी,शिक्षक
BA4954,Ramesh Diwakar,Datia,BHANDER,"23050313907, GOVT HSS GIRLS BHANDER",प्रतिभागी,शिक्षक
BZ4129,Sadhna Rai,Datia,BHANDER,"23050313907, GOVT HSS GIRLS BHANDER",प्रतिभागी,शिक्षक
CA9666,MANISH GUPTA,Datia,BHANDER,"23050313907, GOVT HSS GIRLS BHANDER",प्रतिभागी,शिक्षक
CB9085,ARCHANA DOHRE,Datia,BHANDER,"23050313907, GOVT HSS GIRLS BHANDER",प्रतिभागी,शिक्षक
AI3930,Parma Nand Sajoniya,Datia,BHANDER,"23050311604, GOVT HS GONDAN",प्रतिभागी,शिक्षक
AI5373,Kalyan Singh,Datia,BHANDER,"23050311604, GOVT HS GONDAN",प्रतिभागी,शिक्षक
AI3333,Madan Mohan,Datia,BHANDER,"23050302903, GOVT HS SALETRA",प्रतिभागी,शिक्षक
AI3915,Sumani Khan,Datia,BHANDER,"23050302903, GOVT HS SALETRA",प्रतिभागी,शिक्षक
BY8125,Govind Singh Niranjan,Datia,BHANDER,"23050302903, GOVT HS SALETRA",प्रतिभागी,शिक्षक
BZ4146,Parashuram Dohare,Datia,BHANDER,"23050302903, GOVT HS SALETRA",प्रतिभागी,शिक्षक
AI3460,Santosh Kumar Rajak,Datia,BHANDER,"23050312503, GOVT HS BHALKA",प्रतिभागी,शिक्षक
AI3516,Sharmishtha Pandey,Datia,BHANDER,"23050312503, GOVT HS BHALKA",प्रतिभागी,शिक्षक
AI4037,Narendra Laxakar,Datia,BHANDER,"23050312503, GOVT HS BHALKA",प्रतिभागी,शिक्षक
AI4314,Savitri Raykwar,Datia,BHANDER,"23050312503, GOVT HS BHALKA",प्रतिभागी,शिक्षक
AI6531,Rajendra Prasad Jatav,Datia,BHANDER,"23050312503, GOVT HS BHALKA",प्रतिभागी,शिक्षक
AI6580,Surendra Singh Rajput,Datia,BHANDER,"23050312503, GOVT HS BHALKA",प्रतिभागी,शिक्षक
AI3709,Ghanshyam Dubey,Datia,BHANDER,"23050305304, GOVT HS PANDOKHAR",प्रतिभागी,शिक्षक
BY6748,Jeetendra Kumar Chaurasiya,Datia,BHANDER,"23050305304, GOVT HS PANDOKHAR",प्रतिभागी,शिक्षक
AI3544,Mithai Lal Kushwaha,Datia,BHANDER,"23050305804, GOVT HSS KHIRIYAALAM",प्रतिभागी,शिक्षक
BT5199,Akhlesh Kumar Jatav,Datia,BHANDER,"23050305804, GOVT HSS KHIRIYAALAM",प्रतिभागी,शिक्षक
AI4317,Prem Sai Painkra,Datia,DATIA,"23050117007, GOVT. HSS UPRAON",प्रतिभागी,शिक्षक
AI4325,Gangaram Jatav,Datia,DATIA,"23050117007, GOVT. HSS UPRAON",प्रतिभागी,सीएसी
AI5407,Sachin Dev,Datia,DATIA,"23050117007, GOVT. HSS UPRAON",प्रतिभागी,शिक्षक
AI5656,Rekha Ahirwar,Datia,DATIA,"23050117007, GOVT. HSS UPRAON",प्रतिभागी,शिक्षक
AI6771,Prafulla Lakda,Datia,DATIA,"23050117007, GOVT. HSS UPRAON",प्रतिभागी,शिक्षक
BA9429,Neelesh Kumar,Datia,DATIA,"23050117007, GOVT. HSS UPRAON",प्रतिभागी,सीएसी
BA9698,Kailash Narayan Tiwari,Datia,DATIA,"23050117007, GOVT. HSS UPRAON",प्रतिभागी,शिक्षक
BY1993,Vinay Kumar Sharma,Datia,DATIA,"23050117007, GOVT. HSS UPRAON",प्रतिभागी,शिक्षक
AI5617,Teresa Ekka,Datia,DATIA,"23050119209, GOVT. HSS NO 2 DATIA",प्रतिभागी,शिक्षक
AI5330,Kishor Sharma,Datia,DATIA,"23050115004, GOVT. HSS  EARAI",प्रतिभागी,शिक्षक
AI7092,Usha Mahor,Datia,DATIA,"23050115004, GOVT. HSS  EARAI",प्रतिभागी,शिक्षक
BN5356,Thakur Das Parihar,Datia,DATIA,"23050115004, GOVT. HSS  EARAI",प्रतिभागी,शिक्षक
AI4762,Archana Rawat,Datia,DATIA,"23050113716, GOVT. HSS UNAO",प्रतिभागी,शिक्षक
AI5650,Linus Tigga,Datia,DATIA,"23050108004, GOVT. HSS JOUHARIYA",प्रतिभागी,शिक्षक
AI5104,Lokpati Goswami,Datia,DATIA,"23050112704, GOVT. HSS CHIRULA",प्रतिभागी,शिक्षक
AI5432,Pooran Lal Prajapati,Datia,DATIA,"23050112704, GOVT. HSS CHIRULA",प्रतिभागी,शिक्षक
BA9700,Seema Sharma,Datia,DATIA,"23050112704, GOVT. HSS CHIRULA",प्रतिभागी,शिक्षक
BN8016,Anita Yogi,Datia,DATIA,"23050112704, GOVT. HSS CHIRULA",प्रतिभागी,शिक्षक
AI5261,Bhagwat Singh Kamariya,Datia,DATIA,"23050136310, GOVT HSS  JIGNA",प्रतिभागी,शिक्षक
AI5902,Sanjay Kumar Chaturvedi,Datia,DATIA,"23050136310, GOVT HSS  JIGNA",प्रतिभागी,शिक्षक
AL1606,Anil Kumar Pathak,Datia,DATIA,"23050136310, GOVT HSS  JIGNA",प्रतिभागी,शिक्षक
BQ1284,Neelima Chaudhary,Datia,DATIA,"23050136310, GOVT HSS  JIGNA",प्रतिभागी,शिक्षक
BQ1572,Akhlesh Gupta,Datia,DATIA,"23050136310, GOVT HSS  JIGNA",प्रतिभागी,शिक्षक
BT3960,Vikram Singh,Datia,DATIA,"23050136310, GOVT HSS  JIGNA",प्रतिभागी,शिक्षक
BY1338,Ramprakash Sharma,Datia,DATIA,"23050136310, GOVT HSS  JIGNA",प्रतिभागी,शिक्षक
BY8432,Navdeep Sharma,Datia,DATIA,"23050136310, GOVT HSS  JIGNA",प्रतिभागी,शिक्षक
AI5351,Komal Singh,Datia,DATIA,"23050134204, GOVT HS HOLIPURA (Class 1-10)",प्रतिभागी,शिक्षक
AI5372,Puspendra Singh Thakur,Datia,DATIA,"23050134204, GOVT HS HOLIPURA (Class 1-10)",प्रतिभागी,शिक्षक
AI5520,Preyambada Priti Dhengula,Datia,DATIA,"23050134204, GOVT HS HOLIPURA (Class 1-10)",प्रतिभागी,शिक्षक
AI5704,Anil Kumar Toppo,Datia,DATIA,"23050134204, GOVT HS HOLIPURA (Class 1-10)",प्रतिभागी,शिक्षक
AL1670,Ram Batoli Sahu,Datia,DATIA,"23050134204, GOVT HS HOLIPURA (Class 1-10)",प्रतिभागी,शिक्षक
AZ9124,Balbir Singh Rajput,Datia,DATIA,"23050134204, GOVT HS HOLIPURA (Class 1-10)",प्रतिभागी,शिक्षक
BX3454,Raj Kumar Gautam,Datia,DATIA,"23050134204, GOVT HS HOLIPURA (Class 1-10)",प्रतिभागी,शिक्षक
AI3195,Larang Say Ram,Datia,DATIA,"23050121103, GOVT HSS KUMHEDI",प्रतिभागी,शिक्षक
AI4396,Rajesh Datt Rawat,Datia,DATIA,"23050121103, GOVT HSS KUMHEDI",प्रतिभागी,शिक्षक
AI4803,Pankaj Shrivastava,Datia,DATIA,"23050121103, GOVT HSS KUMHEDI",प्रतिभागी,शिक्षक
AI6013,Chhatrashal Singh Yadav,Datia,DATIA,"23050121103, GOVT HSS KUMHEDI",प्रतिभागी,शिक्षक
AI6465,Saroj Sharma,Datia,DATIA,"23050121103, GOVT HSS KUMHEDI",प्रतिभागी,शिक्षक
BQ4477,Mukesh Kumar Patwa,Datia,DATIA,"23050121103, GOVT HSS KUMHEDI",प्रतिभागी,शिक्षक
BQ4542,Sunil Kushwaha,Datia,DATIA,"23050121103, GOVT HSS KUMHEDI",प्रतिभागी,शिक्षक
BX5689,Ravikant Tiwari,Datia,DATIA,"23050121103, GOVT HSS KUMHEDI",प्रतिभागी,शिक्षक
BY1870,Mool Chand Ahirwar,Datia,DATIA,"23050121103, GOVT HSS KUMHEDI",प्रतिभागी,शिक्षक
BZ5470,Gyan Singh Baghel,Datia,DATIA,"23050121103, GOVT HSS KUMHEDI",प्रतिभागी,शिक्षक
AI5259,Rajesh Singh Tomar,Datia,DATIA,"23050100907, GOVT. HSS BIKAR",प्रतिभागी,शिक्षक
AI6377,Shiv Kumar Upadhyay,Datia,DATIA,"23050100907, GOVT. HSS BIKAR",प्रतिभागी,शिक्षक
BU9098,Udayveer Singh,Datia,DATIA,"23050100907, GOVT. HSS BIKAR",प्रतिभागी,शिक्षक
BZ5861,Akwar Khan Mansoori,Datia,DATIA,"23050100907, GOVT. HSS BIKAR",प्रतिभागी,शिक्षक
BP8160,Hemlata Verma,Datia,DATIA,"23050111504, GOVT. HS BASWAHA",प्रतिभागी,शिक्षक
BX7726,Lavkumar Yogi,Datia,DATIA,"23050110319, GOVT. HSS BASAI",प्रतिभागी,अन्य
AI5050,Neelam Tripathi,Datia,DATIA,"23050100104, GOVT.  HSS  BARDHUAN",प्रतिभागी,शिक्षक
BX8925,Sobaran Singh,Datia,DATIA,"23050100104, GOVT.  HSS  BARDHUAN",प्रतिभागी,शिक्षक
AI3359,Shakuntla Singh,Datia,DATIA,"23050141003, GOVT HS CIVIL LINES",प्रतिभागी,शिक्षक
AI5161,Jender Minj,Datia,DATIA,"23050141003, GOVT HS CIVIL LINES",प्रतिभागी,शिक्षक
AI5210,Madhuri Saxena,Datia,DATIA,"23050141003, GOVT HS CIVIL LINES",प्रतिभागी,शिक्षक
BV9051,Rakhi Arjariya,Datia,DATIA,"23050141003, GOVT HS CIVIL LINES",प्रतिभागी,शिक्षक
AI4624,Ramhet Kashyap,Datia,DATIA,"23050142302, GOVT HSS BADONI",प्रतिभागी,शिक्षक
AI4978,Rakesh Kumar Chokotiya,Datia,DATIA,"23050142302, GOVT HSS BADONI",प्रतिभागी,शिक्षक
AI5337,Vijay Singh Parihar,Datia,DATIA,"23050142302, GOVT HSS BADONI",प्रतिभागी,शिक्षक
AI5664,Anand Kumar Kamriya,Datia,DATIA,"23050142302, GOVT HSS BADONI",प्रतिभागी,शिक्षक
AI6735,Radha Narvariya,Datia,DATIA,"23050142302, GOVT HSS BADONI",प्रतिभागी,शिक्षक
BT9596,Neelma Purohit,Datia,DATIA,"23050142302, GOVT HSS BADONI",प्रतिभागी,शिक्षक
CC3262,ASHA AHIRWAR,Datia,DATIA,"23050142302, GOVT HSS BADONI",प्रतिभागी,शिक्षक
AI6912,Megh Singh Parihar,Datia,SEONDHA,"23050203005, GOVT HSS MAGROL",प्रतिभागी,शिक्षक
AI6937,Janved Singh Shakywar,Datia,SEONDHA,"23050203005, GOVT HSS MAGROL",प्रतिभागी,शिक्षक
BP8359,Arvind Kumar,Datia,SEONDHA,"23050203005, GOVT HSS MAGROL",प्रतिभागी,शिक्षक
BZ5507,Amit Kumar Samadhiya,Datia,SEONDHA,"23050203005, GOVT HSS MAGROL",प्रतिभागी,शिक्षक
AI6428,Deepak Singh Yadav,Datia,SEONDHA,"23050231207, GOVT HSS EXCELLENCE SEONDHA",प्रतिभागी,शिक्षक
BW9992,Reeta Saxena,Datia,SEONDHA,"23050231207, GOVT HSS EXCELLENCE SEONDHA",प्रतिभागी,शिक्षक
BX7191,Kalyan Singh,Datia,SEONDHA,"23050231208, GOVT HSS GIRLS SEONDHA",प्रतिभागी,शिक्षक
AI3203,Raj Kumar Khangat,Datia,SEONDHA,"23050219314, GOVT HSS BHAGUAPURA",प्रतिभागी,शिक्षक
AI6539,Brajlata Sharma,Datia,SEONDHA,"23050219314, GOVT HSS BHAGUAPURA",प्रतिभागी,शिक्षक
AI6778,Ramprakash Rajput,Datia,SEONDHA,"23050219314, GOVT HSS BHAGUAPURA",प्रतिभागी,शिक्षक
BZ3640,Mahavir Prasad,Datia,SEONDHA,"23050219314, GOVT HSS BHAGUAPURA",प्रतिभागी,शिक्षक
AI6236,Jay Prakash Rajput,Datia,SEONDHA,"23050203212, GOVT HSS DIGUAN",प्रतिभागी,शिक्षक
AI6354,Rakesh Kumar Prajapati,Datia,SEONDHA,"23050203212, GOVT HSS DIGUAN",प्रतिभागी,शिक्षक
AI6360,Raju Jatav,Datia,SEONDHA,"23050203212, GOVT HSS DIGUAN",प्रतिभागी,शिक्षक
AI6598,Satish Kumar Tiwari,Datia,SEONDHA,"23050203212, GOVT HSS DIGUAN",प्रतिभागी,सीएसी
AI6822,Lakshman Singh Rajput,Datia,SEONDHA,"23050203212, GOVT HSS DIGUAN",प्रतिभागी,शिक्षक
AL1499,Deendayal Rajpoot,Datia,SEONDHA,"23050215617, GOVT HSS THARET",प्रतिभागी,शिक्षक
BU4085,Lakhan Singh Parihar,Datia,SEONDHA,"23050215617, GOVT HSS THARET",प्रतिभागी,शिक्षक
BY2141,Ramnivas Jatav,Datia,SEONDHA,"23050215617, GOVT HSS THARET",प्रतिभागी,शिक्षक
AI7074,Lal Singh Kushwaha,Datia,SEONDHA,"23050204705, GOVT HSS KUDARI",प्रतिभागी,शिक्षक
AI3855,Sadhna Verma,Datia,SEONDHA,"23050233304, GOVT HSS BOYS INDERGARH",प्रतिभागी,शिक्षक
AI3867,Jiwanti Bara,Datia,SEONDHA,"23050233304, GOVT HSS BOYS INDERGARH",प्रतिभागी,शिक्षक
AI6183,Rajesh Kumar Sharma,Datia,SEONDHA,"23050233304, GOVT HSS BOYS INDERGARH",प्रतिभागी,शिक्षक
AI6823,Harish Chandra,Datia,SEONDHA,"23050233304, GOVT HSS BOYS INDERGARH",प्रतिभागी,शिक्षक
AI6995,Bir Singh Baghel,Datia,SEONDHA,"23050233304, GOVT HSS BOYS INDERGARH",प्रतिभागी,शिक्षक
BN3868,Mithlesh Chouhan,Datia,SEONDHA,"23050233304, GOVT HSS BOYS INDERGARH",प्रतिभागी,शिक्षक
BP3536,Dhanwanti Shakya,Datia,SEONDHA,"23050233304, GOVT HSS BOYS INDERGARH",प्रतिभागी,शिक्षक
BP7183,Rajendra Karn,Datia,SEONDHA,"23050233304, GOVT HSS BOYS INDERGARH",प्रतिभागी,शिक्षक
AI6891,Atmaram Jatav,Datia,SEONDHA,"23050233205, GOVT HSS GIRLS INDERGARH",प्रतिभागी,शिक्षक
AL3191,Siyasharan Gupta,Datia,SEONDHA,"23050233205, GOVT HSS GIRLS INDERGARH",प्रतिभागी,शिक्षक
BQ1576,Sadhana Sihare,Datia,SEONDHA,"23050233205, GOVT HSS GIRLS INDERGARH",प्रतिभागी,शिक्षक
BQ5303,Ekarar Khan,Datia,SEONDHA,"23050233205, GOVT HSS GIRLS INDERGARH",प्रतिभागी,शिक्षक
BU4141,Surendra Singh Kushwah,Datia,SEONDHA,"23050233205, GOVT HSS GIRLS INDERGARH",प्रतिभागी,शिक्षक
BU5009,Ramnaresh Kushwah,Datia,SEONDHA,"23050233205, GOVT HSS GIRLS INDERGARH",प्रतिभागी,शिक्षक
AI6482,Kuvr Singh Kundoliya,Datia,SEONDHA,"23050205405, GOVT HSS RARUARAI",प्रतिभागी,शिक्षक
BW1240,Rani Verma,Datia,SEONDHA,"23050205405, GOVT HSS RARUARAI",प्रतिभागी,शिक्षक
AI6575,Bharat Singh Rawat,Datia,SEONDHA,"23050208807, GOVT HSS UCHAD",प्रतिभागी,शिक्षक
AI6693,Daulat Singh Jatav,Datia,SEONDHA,"23050208807, GOVT HSS UCHAD",प्रतिभागी,शिक्षक
BN5169,Ravindra Kumar Chhari,Datia,SEONDHA,"23050208807, GOVT HSS UCHAD",प्रतिभागी,शिक्षक
AI6799,Sitaram Prajapati,Datia,SEONDHA,"23050223204, GOVT NEW HS BHADOUL",प्रतिभागी,शिक्षक
BN5379,Larangsai Kujur,Datia,SEONDHA,"23050223204, GOVT NEW HS BHADOUL",प्रतिभागी,शिक्षक
AV4474,Mansingh Chouhan,Dhar,BADNAVAR,"23250112210, HSS TILGARA",प्रतिभागी,शिक्षक
BQ2727,Leela Dodve,Dhar,BADNAVAR,"23250112210, HSS TILGARA",प्रतिभागी,शिक्षक
BN6772,Hariram Choudhari,Dhar,BADNAVAR,"23250102316, HSS BIDWAL (CLASS 1 TO 12)",प्रतिभागी,शिक्षक
BN7062,Sandhya Tiwari,Dhar,BADNAVAR,"23250102316, HSS BIDWAL (CLASS 1 TO 12)",प्रतिभागी,शिक्षक
BN8920,Ramlal Rathod,Dhar,BADNAVAR,"23250102316, HSS BIDWAL (CLASS 1 TO 12)",प्रतिभागी,शिक्षक
BQ1132,Shweta Joshi,Dhar,BADNAVAR,"23250102316, HSS BIDWAL (CLASS 1 TO 12)",प्रतिभागी,शिक्षक
CB5710,DEEPAK MADARIYA,Dhar,BADNAVAR,"23250120303, HSS BHAINSOLA",प्रतिभागी,शिक्षक
BN5539,Krishna Nathavat,Dhar,BADNAVAR,"23250108208, HSS KACHHIBARODA",प्रतिभागी,शिक्षक
BN5558,Suman Alawa,Dhar,BADNAVAR,"23250108208, HSS KACHHIBARODA",प्रतिभागी,शिक्षक
BV8974,Ganesh Kumar Bamboree,Dhar,BADNAVAR,"23250108208, HSS KACHHIBARODA",प्रतिभागी,शिक्षक
BR5393,Rajshri Solanki,Dhar,BADNAVAR,"23250109210, HS KHEDA (CLASS 1 TO 10)",प्रतिभागी,शिक्षक
BS7035,Keramsingh Jamod,Dhar,BADNAVAR,"23250109210, HS KHEDA (CLASS 1 TO 10)",प्रतिभागी,शिक्षक
BP8601,Hamir Singh Jarman,Dhar,BADNAVAR,"23250121901, HSS KARODKALA (CLASS 1 TO 12)",प्रतिभागी,शिक्षक
AI7791,Dinesh Rathore,Dhar,BADNAVAR,"23250109919, HSS NAGDA",प्रतिभागी,शिक्षक
AJ5193,Ashok Kumar Patidar,Dhar,BADNAVAR,"23250109919, HSS NAGDA",प्रतिभागी,शिक्षक
AS8566,Khadak Singh Bamniya,Dhar,BADNAVAR,"23250109919, HSS NAGDA",प्रतिभागी,शिक्षक
AV8847,Seema Morya,Dhar,BADNAVAR,"23250109919, HSS NAGDA",प्रतिभागी,शिक्षक
BN7018,Bhavesh Panchal,Dhar,BADNAVAR,"23250109919, HSS NAGDA",प्रतिभागी,शिक्षक
BD9858,Pankaj Kumar Jarma,Dhar,BADNAVAR,"23250113215, HSS BAKHATGARH",प्रतिभागी,शिक्षक
BN6655,Makbul Ahmed Mansoori,Dhar,BADNAVAR,"23250113215, HSS BAKHATGARH",प्रतिभागी,शिक्षक
CD4029,RINKA DAWAR,Dhar,BADNAVAR,"23250113215, HSS BAKHATGARH",प्रतिभागी,शिक्षक
AI7566,Priti Sharma,Dhar,BADNAVAR,"23250100933, HSS KANVAN",प्रतिभागी,शिक्षक
BN7038,Chhaganlal Jat,Dhar,BADNAVAR,"23250100933, HSS KANVAN",प्रतिभागी,शिक्षक
BN7096,Kailashchandra Ninama,Dhar,BADNAVAR,"23250100933, HSS KANVAN",प्रतिभागी,शिक्षक
BN7109,Ramesh Chandra Chouhan,Dhar,BADNAVAR,"23250100933, HSS KANVAN",प्रतिभागी,शिक्षक
AS6389,Ramsingh Rawat,Dhar,BADNAVAR,"23250123902, HSS MODEL SCHOOL BADNAWAR",प्रतिभागी,शिक्षक
BN6756,Anjana Nigam,Dhar,BADNAVAR,"23250123902, HSS MODEL SCHOOL BADNAWAR",प्रतिभागी,शिक्षक
BN7050,Lalu Prasad Gayakwad,Dhar,BADNAVAR,"23250123902, HSS MODEL SCHOOL BADNAWAR",प्रतिभागी,शिक्षक
BN7056,Sanjay Rathod,Dhar,BADNAVAR,"23250123902, HSS MODEL SCHOOL BADNAWAR",प्रतिभागी,शिक्षक
BN7289,Anand Kale,Dhar,BADNAVAR,"23250123902, HSS MODEL SCHOOL BADNAWAR",प्रतिभागी,शिक्षक
BQ2407,Dariyaw Singh Bhide,Dhar,BADNAVAR,"23250123902, HSS MODEL SCHOOL BADNAWAR",प्रतिभागी,शिक्षक
BN3751,Gattu Singh Chouhan,Dhar,BADNAVAR,"23250104511, HSS DHOLANA",प्रतिभागी,शिक्षक
AJ4654,Vijay Bhavsar,Dhar,BAGH,"23250206434, HSS EXCELLENCE BAGH",प्रतिभागी,शिक्षक
AD8549,Jagat Mandloi,Dhar,BAGH,"23250202812, GOVT. H.S AAGAR",प्रतिभागी,सीएसी
BN5577,Angoorbala Bhanwar,Dhar,BAGH,"23250202812, GOVT. H.S AAGAR",प्रतिभागी,शिक्षक
BQ2583,Mansingh Minawa,Dhar,BAGH,"23250202812, GOVT. H.S AAGAR",प्रतिभागी,शिक्षक
CC3139,SHIBA MANSURI,Dhar,BAGH,"23250202812, GOVT. H.S AAGAR",प्रतिभागी,शिक्षक
CC3140,DINESH KUMBHKAR,Dhar,BAGH,"23250202812, GOVT. H.S AAGAR",प्रतिभागी,शिक्षक
BH5239,Jamsingh Mandloi,Dhar,BAGH,"23250203807, HS  AKHADA",प्रतिभागी,शिक्षक
BS7824,Inder Mori,Dhar,BAGH,"23250203807, HS  AKHADA",प्रतिभागी,शिक्षक
AJ3271,Gangaram Gehlot,Dhar,BAGH,"23250200310, GOVT. HSS GHATBORI",प्रतिभागी,शिक्षक
AJ3275,Dharmendra Randa,Dhar,BAGH,"23250200310, GOVT. HSS GHATBORI",प्रतिभागी,शिक्षक
AJ4568,Bhanwar Singh Mori,Dhar,BAGH,"23250200310, GOVT. HSS GHATBORI",प्रतिभागी,शिक्षक
AJ4607,Sikadarsingh Chouhan,Dhar,BAGH,"23250200310, GOVT. HSS GHATBORI",प्रतिभागी,शिक्षक
BO2236,RELAM JAMRA,Dhar,BAGH,"23250200310, GOVT. HSS GHATBORI",प्रतिभागी,शिक्षक
CC1421,KIRAN RAWAT,Dhar,BAGH,"23250200310, GOVT. HSS GHATBORI",प्रतिभागी,शिक्षक
CC3951,NANDAN BAIRWA,Dhar,BAGH,"23250200310, GOVT. HSS GHATBORI",प्रतिभागी,शिक्षक
CC3953,RAMKISHOR SHAKYA,Dhar,BAGH,"23250200310, GOVT. HSS GHATBORI",प्रतिभागी,शिक्षक
CC3954,JITENDRA PARIHAR,Dhar,BAGH,"23250200310, GOVT. HSS GHATBORI",प्रतिभागी,शिक्षक
AJ4658,Lalsingh Kharat,Dhar,BAGH,"23250206210, GOVT. HS BHAMORI",प्रतिभागी,शिक्षक
AJ4677,Tara Baghel,Dhar,BAGH,"23250206210, GOVT. HS BHAMORI",प्रतिभागी,शिक्षक
AI7956,Joharsingh Baghel,Dhar,BAGH,"23250207009, GOVT. HS NARWALI",प्रतिभागी,शिक्षक
BO1876,Lokendrasingh Alawa,Dhar,BAGH,"23250207009, GOVT. HS NARWALI",प्रतिभागी,शिक्षक
BR4271,Chandrakala Deshaya,Dhar,BAGH,"23250207009, GOVT. HS NARWALI",प्रतिभागी,शिक्षक
AJ3312,Bhadarsingh Bhanwar,Dhar,BAGH,"23250203217, GOVT. HSS TANDA",प्रतिभागी,शिक्षक
BQ2606,Sajan Dawar,Dhar,BAGH,"23250203217, GOVT. HSS TANDA",प्रतिभागी,शिक्षक
BT1957,Taruna Jamod,Dhar,BAGH,"23250203217, GOVT. HSS TANDA",प्रतिभागी,शिक्षक
CB3689,JUVAN MANDLOI,Dhar,BAGH,"23250203217, GOVT. HSS TANDA",प्रतिभागी,शिक्षक
CC3202,DINESH CHOUHAN,Dhar,BAGH,"23250203217, GOVT. HSS TANDA",प्रतिभागी,शिक्षक
CF1555,SARAMA JAMRA,Dhar,BAGH,"23250203217, GOVT. HSS TANDA",प्रतिभागी,शिक्षक
AJ3512,Dhokalsingh Bhindey,Dhar,DAHI,"23250302238, HSS EXCELLENCE DAHI",प्रतिभागी,शिक्षक
AJ3538,Jagatsingh Mandloi,Dhar,DAHI,"23250302238, HSS EXCELLENCE DAHI",प्रतिभागी,शिक्षक
AJ3616,Mohansingh Jamod,Dhar,DAHI,"23250302238, HSS EXCELLENCE DAHI",प्रतिभागी,शिक्षक
AJ3720,Irfan Mansuri,Dhar,DAHI,"23250302238, HSS EXCELLENCE DAHI",प्रतिभागी,शिक्षक
AJ4891,Suratsingh Sastiya,Dhar,DAHI,"23250302238, HSS EXCELLENCE DAHI",प्रतिभागी,सीएसी
BJ7240,Sheela Sastiya,Dhar,DAHI,"23250302238, HSS EXCELLENCE DAHI",प्रतिभागी,शिक्षक
CG1733,DIPENDRA SASTIYA,Dhar,DAHI,"23250302238, HSS EXCELLENCE DAHI",प्रतिभागी,शिक्षक
BK7480,Ramesh Chandra Kannoj,Dhar,DAHI,"23250304011, HSS PADIYAL",प्रतिभागी,शिक्षक
BQ6305,Mrs. Sena Sastya,Dhar,DAHI,"23250304011, HSS PADIYAL",प्रतिभागी,शिक्षक
AJ4899,Mehtabsingh Chouhan,Dhar,DAHI,"23250312007, GOVT. HSS ARADA ( 6 TO 12 )",प्रतिभागी,शिक्षक
BT9818,Rem SISODIYA,Dhar,DAHI,"23250312007, GOVT. HSS ARADA ( 6 TO 12 )",प्रतिभागी,शिक्षक
AJ3731,Juwan singh Solanki,Dhar,DAHI,"23250305432, HS DHARAMRAI",प्रतिभागी,शिक्षक
AJ4908,Premsingh Mandloi,Dhar,DAHI,"23250306210, GOVT. HSS BARDA (1 TO 12)",प्रतिभागी,शिक्षक
BR7849,Kashiram Dawar,Dhar,DAHI,"23250306210, GOVT. HSS BARDA (1 TO 12)",प्रतिभागी,शिक्षक
BT2377,Kamal Singh Bhabar,Dhar,DAHI,"23250306210, GOVT. HSS BARDA (1 TO 12)",प्रतिभागी,शिक्षक
AF8529,Dhul Jamra,Dhar,DAHI,"23250303615, HS ATERSUMA",प्रतिभागी,शिक्षक
AJ3844,Virendra Vani,Dhar,DAHI,"23250303615, HS ATERSUMA",प्रतिभागी,शिक्षक
AJ3874,Sangeeta Thakur,Dhar,DAHI,"23250303615, HS ATERSUMA",प्रतिभागी,शिक्षक
AZ7890,Pratap Singh Choughar,Dhar,DAHI,"23250303615, HS ATERSUMA",प्रतिभागी,शिक्षक
AJ3750,Alka Kharat,Dhar,DAHI,"23250301414, HS GANGPUR",प्रतिभागी,शिक्षक
AJ3886,Lalita Chongad,Dhar,DAHI,"23250301414, HS GANGPUR",प्रतिभागी,शिक्षक
BD2111,Mal Singh Bhide,Dhar,DAHI,"23250301414, HS GANGPUR",प्रतिभागी,शिक्षक
AJ3703,Devi Chougad,Dhar,DAHI,"23250304225, Government HSS GAJAGOTA",प्रतिभागी,शिक्षक
AJ3751,Narmadi Nargave,Dhar,DAHI,"23250304225, Government HSS GAJAGOTA",प्रतिभागी,शिक्षक
BD9992,Jugan Singh Solanki,Dhar,DAHI,"23250304225, Government HSS GAJAGOTA",प्रतिभागी,शिक्षक
BS6860,Juvan Mandaloi,Dhar,DAHI,"23250304225, Government HSS GAJAGOTA",प्रतिभागी,शिक्षक
CC5278,CHHOTU GAMAD,Dhar,DAHI,"23250304225, Government HSS GAJAGOTA",प्रतिभागी,शिक्षक
AJ5251,Prakashsingh Dawar,Dhar,DHAR,"23250411626, GOVT. HSS ANAND NO 2 DHAR",प्रतिभागी,शिक्षक
BT1444,Nitin Harod,Dhar,DHAR,"23250411626, GOVT. HSS ANAND NO 2 DHAR",प्रतिभागी,शिक्षक
BX8591,Manish Chouhan,Dhar,DHAR,"23250411626, GOVT. HSS ANAND NO 2 DHAR",प्रतिभागी,शिक्षक
AJ3140,Arun Kumar Sachan,Dhar,DHAR,"23250409704, GOVT. HS TEESGAON",प्रतिभागी,शिक्षक
BM7146,Kamalsingh Thakur,Dhar,DHAR,"23250409704, GOVT. HS TEESGAON",प्रतिभागी,शिक्षक
CC2052,PRITAM CHOUHAN,Dhar,DHAR,"23250409704, GOVT. HS TEESGAON",प्रतिभागी,शिक्षक
CC3960,AJAY DHAKAR,Dhar,DHAR,"23250409704, GOVT. HS TEESGAON",प्रतिभागी,शिक्षक
AJ5245,Anandilal Rathore,Dhar,DHAR,"23250407114, BOYS HSS KESUR",प्रतिभागी,शिक्षक
BW8381,Anil Kushwah,Dhar,DHAR,"23250407114, BOYS HSS KESUR",प्रतिभागी,शिक्षक
CC2878,DINESH JATAV,Dhar,DHAR,"23250407114, BOYS HSS KESUR",प्रतिभागी,शिक्षक
CC2879,DHARMENDRA VINAYAK,Dhar,DHAR,"23250407114, BOYS HSS KESUR",प्रतिभागी,शिक्षक
CC3348,ATUL SHRIVASTAVA,Dhar,DHAR,"23250407114, BOYS HSS KESUR",प्रतिभागी,शिक्षक
CC7577,PREETI AHIRWAR,Dhar,DHAR,"23250407114, BOYS HSS KESUR",प्रतिभागी,शिक्षक
AJ2709,Kamal Verma,Dhar,DHAR,"23250410008, HSS GHATABILLOD",प्रतिभागी,शिक्षक
AO3202,Sanjay Rathore,Dhar,DHAR,"23250410008, HSS GHATABILLOD",प्रतिभागी,शिक्षक
CC2037,JYOTI SONI,Dhar,DHAR,"23250410008, HSS GHATABILLOD",प्रतिभागी,शिक्षक
CC5284,KAPIL KHARIWAL,Dhar,DHAR,"23250410008, HSS GHATABILLOD",प्रतिभागी,शिक्षक
CC5963,SUKHVEER NARWARIA,Dhar,DHAR,"23250410008, HSS GHATABILLOD",प्रतिभागी,शिक्षक
AJ5262,Sarika Pal,Dhar,DHAR,"23250411627, HSS DEDLA",प्रतिभागी,शिक्षक
CC2906,ARCHANA KUJUR,Dhar,DHAR,"23250411627, HSS DEDLA",प्रतिभागी,शिक्षक
AI9736,Narayansingh Choudhari,Dhar,DHARAMPURI,"23250504213, GOVT. BOYS HSS SUNDREL",प्रतिभागी,शिक्षक
AJ5136,Kriti Rathore,Dhar,DHARAMPURI,"23250504213, GOVT. BOYS HSS SUNDREL",प्रतिभागी,शिक्षक
CF6146,RINKI YADAV,Dhar,DHARAMPURI,"23250504213, GOVT. BOYS HSS SUNDREL",प्रतिभागी,शिक्षक
CF6342,RAMESH GAYAKWAD,Dhar,DHARAMPURI,"23250504213, GOVT. BOYS HSS SUNDREL",प्रतिभागी,शिक्षक
CF7689,RUCHI SHUKLA,Dhar,DHARAMPURI,"23250504213, GOVT. BOYS HSS SUNDREL",प्रतिभागी,शिक्षक
AI9370,Nandram Panwar,Dhar,DHARAMPURI,"23250500311, GOVT. HSS SEMALDA",प्रतिभागी,शिक्षक
AI9414,Ramsingh Muvel,Dhar,DHARAMPURI,"23250500311, GOVT. HSS SEMALDA",प्रतिभागी,शिक्षक
AN1859,Rajendra Sakharam Sanwle,Dhar,DHARAMPURI,"23250500311, GOVT. HSS SEMALDA",प्रतिभागी,शिक्षक
BI4400,Sitaram Kanas,Dhar,DHARAMPURI,"23250500311, GOVT. HSS SEMALDA",प्रतिभागी,शिक्षक
BJ3422,Daulatsingh Bundela,Dhar,DHARAMPURI,"23250500311, GOVT. HSS SEMALDA",प्रतिभागी,शिक्षक
BO6440,Manisha Panwar,Dhar,DHARAMPURI,"23250500311, GOVT. HSS SEMALDA",प्रतिभागी,शिक्षक
BT2014,Rinki Katare,Dhar,DHARAMPURI,"23250500311, GOVT. HSS SEMALDA",प्रतिभागी,शिक्षक
BU9684,Ranjna Mandloi,Dhar,DHARAMPURI,"23250500311, GOVT. HSS SEMALDA",प्रतिभागी,शिक्षक
AI9327,Kailash Thakur,Dhar,DHARAMPURI,"23250516002, GOVT. HSS EXCELLENCE DHARAMPURI",प्रतिभागी,शिक्षक
AI9337,Gulabsingh Waskel,Dhar,DHARAMPURI,"23250516002, GOVT. HSS EXCELLENCE DHARAMPURI",प्रतिभागी,शिक्षक
AM9506,Parasram Alawa,Dhar,DHARAMPURI,"23250516002, GOVT. HSS EXCELLENCE DHARAMPURI",प्रतिभागी,शिक्षक
BQ2580,Kamal Nirgude,Dhar,DHARAMPURI,"23250507818, GOVT. BOYS HSS KHALGHAT",प्रतिभागी,शिक्षक
CC6558,LALITA SOLANKI,Dhar,DHARAMPURI,"23250507818, GOVT. BOYS HSS KHALGHAT",प्रतिभागी,शिक्षक
AI9877,Dinesh Chouhan,Dhar,DHARAMPURI,"23250506215, GOVT. HSS TARAPUR",प्रतिभागी,शिक्षक
BR3809,Hare Kalme,Dhar,DHARAMPURI,"23250506215, GOVT. HSS TARAPUR",प्रतिभागी,शिक्षक
BR7052,Seema Kanungo,Dhar,DHARAMPURI,"23250506215, GOVT. HSS TARAPUR",प्रतिभागी,शिक्षक
CC6265,DIPENDRA SINGH,Dhar,DHARAMPURI,"23250506215, GOVT. HSS TARAPUR",प्रतिभागी,शिक्षक
CD6205,PAVAN DABI,Dhar,DHARAMPURI,"23250506215, GOVT. HSS TARAPUR",प्रतिभागी,शिक्षक
AD5357,Dilip Jaiswal,Dhar,DHARAMPURI,"23250502847, GOVT. BOYS HSS DHAMNOD",प्रतिभागी,शिक्षक
AF4196,Sayaba Muwel,Dhar,DHARAMPURI,"23250502847, GOVT. BOYS HSS DHAMNOD",प्रतिभागी,शिक्षक
AI9697,Kamal Sitole,Dhar,DHARAMPURI,"23250502847, GOVT. BOYS HSS DHAMNOD",प्रतिभागी,शिक्षक
AI9741,Sandhya Verma,Dhar,DHARAMPURI,"23250502847, GOVT. BOYS HSS DHAMNOD",प्रतिभागी,शिक्षक
AI9813,Parmanand Chokhare,Dhar,DHARAMPURI,"23250502847, GOVT. BOYS HSS DHAMNOD",प्रतिभागी,शिक्षक
AJ2368,Anita Chouhan,Dhar,DHARAMPURI,"23250502847, GOVT. BOYS HSS DHAMNOD",प्रतिभागी,शिक्षक
AJ4526,Shakuntala Rai,Dhar,DHARAMPURI,"23250502847, GOVT. BOYS HSS DHAMNOD",प्रतिभागी,शिक्षक
BR6636,Antimbala Kanash,Dhar,DHARAMPURI,"23250502847, GOVT. BOYS HSS DHAMNOD",प्रतिभागी,शिक्षक
BV4243,Jagrati W/O Sitaram Alawa,Dhar,DHARAMPURI,"23250502847, GOVT. BOYS HSS DHAMNOD",प्रतिभागी,शिक्षक
CC6261,VARSHA VARMA,Dhar,DHARAMPURI,"23250502847, GOVT. BOYS HSS DHAMNOD",प्रतिभागी,शिक्षक
AI9362,Rajendra Prasad Verma,Dhar,DHARAMPURI,"23250513601, GOVT. HSS GUJRI",प्रतिभागी,शिक्षक
AI9366,Kanhaiyalal Choudhary,Dhar,DHARAMPURI,"23250513601, GOVT. HSS GUJRI",प्रतिभागी,शिक्षक
AJ2275,Sakharam Bundel,Dhar,DHARAMPURI,"23250513601, GOVT. HSS GUJRI",प्रतिभागी,शिक्षक
BO8045,Mohansinh Alawa,Dhar,DHARAMPURI,"23250513601, GOVT. HSS GUJRI",प्रतिभागी,शिक्षक
BM7991,Sardarsingh Sisodiya,Dhar,GANDHWANI,"23250600110, GOVT. HSS BALEDI",प्रतिभागी,शिक्षक
BM7940,Kalamsingh Rawat,Dhar,GANDHWANI,"23250600610, GOVT. HS BILDA",प्रतिभागी,शिक्षक
BS8180,Gopal Jarman,Dhar,GANDHWANI,"23250600610, GOVT. HS BILDA",प्रतिभागी,शिक्षक
BO4116,Dinesh Dodve,Dhar,GANDHWANI,"23250610106, HSS EXCELLENCE GANDHAWANI",प्रतिभागी,शिक्षक
BS8511,Daddu Waskel,Dhar,GANDHWANI,"23250610106, HSS EXCELLENCE GANDHAWANI",प्रतिभागी,शिक्षक
BN2166,Rajesh Chhagan,Dhar,GANDHWANI,"23250604609, GOVT. HS BEKALYA",प्रतिभागी,शिक्षक
BZ5600,Meena Bhanwar,Dhar,GANDHWANI,"23250604609, GOVT. HS BEKALYA",प्रतिभागी,शिक्षक
CF2906,BANTI WASKEL,Dhar,GANDHWANI,"23250604609, GOVT. HS BEKALYA",प्रतिभागी,शिक्षक
BM8022,Bherusingh Ajnare,Dhar,GANDHWANI,"23250605312, GOVT. HS PIPLI",प्रतिभागी,शिक्षक
BM8010,Sita Bhavel,Dhar,GANDHWANI,"23250606210, GOVT. HS KHOJAKUAN",प्रतिभागी,शिक्षक
BM8223,Narvat Singh Vasuniya,Dhar,GANDHWANI,"23250606210, GOVT. HS KHOJAKUAN",प्रतिभागी,शिक्षक
BO4448,Dinesh Rathod,Dhar,GANDHWANI,"23250606210, GOVT. HS KHOJAKUAN",प्रतिभागी,शिक्षक
BO8030,Jagdish Baghel,Dhar,GANDHWANI,"23250606210, GOVT. HS KHOJAKUAN",प्रतिभागी,शिक्षक
AI8091,Manjula Alava,Dhar,GANDHWANI,"23250612111, GOVT. HS AVALDAMAN",प्रतिभागी,शिक्षक
AI8190,Madanlal Eskey,Dhar,GANDHWANI,"23250612111, GOVT. HS AVALDAMAN",प्रतिभागी,शिक्षक
AI8259,Savitri Mandloi,Dhar,GANDHWANI,"23250612111, GOVT. HS AVALDAMAN",प्रतिभागी,शिक्षक
BO8634,Ranjit Mory,Dhar,GANDHWANI,"23250612111, GOVT. HS AVALDAMAN",प्रतिभागी,शिक्षक
BV7159,Jitendra Suryavanshi,Dhar,GANDHWANI,"23250612111, GOVT. HS AVALDAMAN",प्रतिभागी,शिक्षक
AI8033,Shailendra Solanki,Dhar,GANDHWANI,"23250608815, HS KESHVI",प्रतिभागी,शिक्षक
BM7937,Mukut Mandloi,Dhar,GANDHWANI,"23250608815, HS KESHVI",प्रतिभागी,शिक्षक
BV6800,Hemraj Rawatiya,Dhar,GANDHWANI,"23250608815, HS KESHVI",प्रतिभागी,शिक्षक
CF2409,ARCHANA PANDAGRE,Dhar,GANDHWANI,"23250608815, HS KESHVI",प्रतिभागी,शिक्षक
AI8065,Lokesh Chouhan,Dhar,GANDHWANI,"23250610309, GOVT HS MOHANPURA",प्रतिभागी,शिक्षक
BM8002,Meena Rathore,Dhar,GANDHWANI,"23250610309, GOVT HS MOHANPURA",प्रतिभागी,शिक्षक
BJ6643,Chanda Dodwa,Dhar,KUKSHI,"23250701062, GOVT. GIRLS HSS KUKSHI",प्रतिभागी,शिक्षक
BN6865,Punamsingh Mujhalda,Dhar,KUKSHI,"23250701062, GOVT. GIRLS HSS KUKSHI",प्रतिभागी,शिक्षक
BN8660,Anand Varma,Dhar,KUKSHI,"23250701062, GOVT. GIRLS HSS KUKSHI",प्रतिभागी,शिक्षक
BT7847,Man Alawa,Dhar,KUKSHI,"23250701062, GOVT. GIRLS HSS KUKSHI",प्रतिभागी,शिक्षक
AJ4115,Madhendra Dodwe,Dhar,KUKSHI,"23250703406, HS KHANDLAI",प्रतिभागी,शिक्षक
AJ4120,Rashmi Bhawsar,Dhar,KUKSHI,"23250703406, HS KHANDLAI",प्रतिभागी,शिक्षक
BQ3743,Savitri Mourya,Dhar,KUKSHI,"23250703406, HS KHANDLAI",प्रतिभागी,शिक्षक
BA5370,Pushpa Patel,Dhar,KUKSHI,"23250700312, HSS DHOLYA",प्रतिभागी,शिक्षक
BN6214,Devisingh Chouhan,Dhar,KUKSHI,"23250700312, HSS DHOLYA",प्रतिभागी,शिक्षक
BU9423,Rajendra Baghel,Dhar,KUKSHI,"23250700312, HSS DHOLYA",प्रतिभागी,शिक्षक
BY7698,Priyanka Sharma,Dhar,KUKSHI,"23250700312, HSS DHOLYA",प्रतिभागी,शिक्षक
AJ4263,Sohansingh Baghel,Dhar,KUKSHI,"23250700611, GOVT. HS AALI",प्रतिभागी,शिक्षक
BK7476,Ramesh Mandloi,Dhar,KUKSHI,"23250700611, GOVT. HS AALI",प्रतिभागी,शिक्षक
BN6604,Mrs Rajbala Kirade,Dhar,KUKSHI,"23250700611, GOVT. HS AALI",प्रतिभागी,शिक्षक
BQ5517,Mala Mourya,Dhar,KUKSHI,"23250700611, GOVT. HS AALI",प्रतिभागी,शिक्षक
CC2861,Vikas Chouhan,Dhar,KUKSHI,"23250700611, GOVT. HS AALI",प्रतिभागी,शिक्षक
BN5882,Bhursingh Rawat,Dhar,KUKSHI,"23250705011, HSS DEHRI",प्रतिभागी,शिक्षक
BN6837,Bhamarsingh Dawar,Dhar,KUKSHI,"23250705011, HSS DEHRI",प्रतिभागी,शिक्षक
BQ2608,Rupsingh Baghel,Dhar,KUKSHI,"23250705011, HSS DEHRI",प्रतिभागी,शिक्षक
BQ5564,Dhapu Rathore,Dhar,KUKSHI,"23250705011, HSS DEHRI",प्रतिभागी,शिक्षक
CB8230,MINAKSHI RATHOD,Dhar,KUKSHI,"23250705011, HSS DEHRI",प्रतिभागी,शिक्षक
AJ4264,Gyansingh Chouhan,Dhar,KUKSHI,"23250704413, HS LONGSARI",प्रतिभागी,शिक्षक
AJ4265,Tulsiram Khede,Dhar,KUKSHI,"23250704413, HS LONGSARI",प्रतिभागी,शिक्षक
BJ1389,Shobharam Ashke,Dhar,KUKSHI,"23250704413, HS LONGSARI",प्रतिभागी,शिक्षक
AI8364,Babulal Goyal,Dhar,MANAVAR,"23250801944, GOVT. HSS EXCELLENCE MANAWAR",प्रतिभागी,शिक्षक
AI8388,Manisha Waskel,Dhar,MANAVAR,"23250801944, GOVT. HSS EXCELLENCE MANAWAR",प्रतिभागी,शिक्षक
AI8953,Kishor Muvel,Dhar,MANAVAR,"23250801944, GOVT. HSS EXCELLENCE MANAWAR",प्रतिभागी,शिक्षक
AM4494,Gopal Iskel,Dhar,MANAVAR,"23250801944, GOVT. HSS EXCELLENCE MANAWAR",प्रतिभागी,शिक्षक
AO9413,Shersingh Baghel,Dhar,MANAVAR,"23250801944, GOVT. HSS EXCELLENCE MANAWAR",प्रतिभागी,शिक्षक
BK4429,Pratapsingh Mali,Dhar,MANAVAR,"23250801944, GOVT. HSS EXCELLENCE MANAWAR",प्रतिभागी,शिक्षक
BP1786,Pramila Damake,Dhar,MANAVAR,"23250801944, GOVT. HSS EXCELLENCE MANAWAR",प्रतिभागी,शिक्षक
BP1825,Ritu Vaskel,Dhar,MANAVAR,"23250801944, GOVT. HSS EXCELLENCE MANAWAR",प्रतिभागी,शिक्षक
BR7637,Rachana Nigam,Dhar,MANAVAR,"23250801944, GOVT. HSS EXCELLENCE MANAWAR",प्रतिभागी,शिक्षक
BT1598,Mahendra Achale,Dhar,MANAVAR,"23250801944, GOVT. HSS EXCELLENCE MANAWAR",प्रतिभागी,शिक्षक
CC6266,KRISHNA BAMNIYA,Dhar,MANAVAR,"23250801944, GOVT. HSS EXCELLENCE MANAWAR",प्रतिभागी,शिक्षक
AD8914,Jagdish Nargesh,Dhar,MANAVAR,"23250800818, GOVT. HSS SINGHANA",प्रतिभागी,शिक्षक
AI8868,Ramesh Tharkur,Dhar,MANAVAR,"23250800818, GOVT. HSS SINGHANA",प्रतिभागी,शिक्षक
BR3547,Gaytri Waskel,Dhar,MANAVAR,"23250800818, GOVT. HSS SINGHANA",प्रतिभागी,शिक्षक
AI8515,Malsingh Barman,Dhar,MANAVAR,"23250810902, GOVT. HSS GANPUR",प्रतिभागी,शिक्षक
CE3484,KAVITA PANWAR,Dhar,MANAVAR,"23250810902, GOVT. HSS GANPUR",प्रतिभागी,शिक्षक
AE1450,Radhesyam Waskle,Dhar,MANAVAR,"23250806604, GOVT. HS KURADAKHAL",प्रतिभागी,शिक्षक
BU6349,Banty Chouhan,Dhar,MANAVAR,"23250806604, GOVT. HS KURADAKHAL",प्रतिभागी,शिक्षक
CB8721,RINKU CHOUHAN,Dhar,MANAVAR,"23250806604, GOVT. HS KURADAKHAL",प्रतिभागी,शिक्षक
BT3256,Arjun SOLANKI,Dhar,MANAVAR,"23250810009, HSS KALWANI",प्रतिभागी,शिक्षक
BT8880,Umesh Sharma,Dhar,MANAVAR,"23250810009, HSS KALWANI",प्रतिभागी,शिक्षक
AD7353,Radha Dawar,Dhar,MANAVAR,"23250810810, GOVT. HS AJANDA",प्रतिभागी,शिक्षक
AI8903,Mohansingh Waskel,Dhar,MANAVAR,"23250810810, GOVT. HS AJANDA",प्रतिभागी,शिक्षक
BK9601,MAMTA DAWAR,Dhar,MANAVAR,"23250810810, GOVT. HS AJANDA",प्रतिभागी,शिक्षक
BS6685,Sunil Jamre,Dhar,MANAVAR,"23250810810, GOVT. HS AJANDA",प्रतिभागी,शिक्षक
BU5507,Santosh Chouhan,Dhar,MANAVAR,"23250810810, GOVT. HS AJANDA",प्रतिभागी,शिक्षक
BZ1273,Rakesh Dawar,Dhar,MANAVAR,"23250810810, GOVT. HS AJANDA",प्रतिभागी,शिक्षक
AI8396,Sitaram Kotwal,Dhar,MANAVAR,"23250804909, HS TONKI",प्रतिभागी,शिक्षक
AI8707,Shakuntala Baghel,Dhar,MANAVAR,"23250804909, HS TONKI",प्रतिभागी,शिक्षक
AI8968,Shivram Alawa,Dhar,MANAVAR,"23250804909, HS TONKI",प्रतिभागी,शिक्षक
BP1796,Alka Sharma,Dhar,MANAVAR,"23250804909, HS TONKI",प्रतिभागी,शिक्षक
BT8429,Pappu Muwel,Dhar,MANAVAR,"23250804909, HS TONKI",प्रतिभागी,शिक्षक
BT9224,Manohar Chouhan,Dhar,MANAVAR,"23250804909, HS TONKI",प्रतिभागी,शिक्षक
BC4615,Ganga Ram Desai,Dhar,MANAVAR,"23250800211, HS BORLAI",प्रतिभागी,शिक्षक
BK7200,Rajdevendra Thakur,Dhar,MANAVAR,"23250800211, HS BORLAI",प्रतिभागी,शिक्षक
BO1234,Madho Singh Mori,Dhar,MANAVAR,"23250800211, HS BORLAI",प्रतिभागी,शिक्षक
BT7964,Rampal Baghel,Dhar,MANAVAR,"23250800211, HS BORLAI",प्रतिभागी,शिक्षक
BZ7912,Pappu Kanel,Dhar,MANAVAR,"23250800211, HS BORLAI",प्रतिभागी,शिक्षक
CB3528,BHURI SISODIYA,Dhar,MANAVAR,"23250800211, HS BORLAI",प्रतिभागी,शिक्षक
AD5143,Chandrakala Sagore,Dhar,NALCHHA,"23250910521, GOVT. BHSS.SAGOR",प्रतिभागी,शिक्षक
AI8115,Rakhi Patidar,Dhar,NALCHHA,"23250910521, GOVT. BHSS.SAGOR",प्रतिभागी,शिक्षक
AJ5649,Anita Sharma,Dhar,NALCHHA,"23250910521, GOVT. BHSS.SAGOR",प्रतिभागी,शिक्षक
BM7245,Nirmala Katara,Dhar,NALCHHA,"23250910521, GOVT. BHSS.SAGOR",प्रतिभागी,शिक्षक
BM7288,Suresh Chandra Patidar,Dhar,NALCHHA,"23250910521, GOVT. BHSS.SAGOR",प्रतिभागी,शिक्षक
BM7290,Gyarasi Solanki,Dhar,NALCHHA,"23250910521, GOVT. BHSS.SAGOR",प्रतिभागी,शिक्षक
BM7292,Narendra Singh Panwar,Dhar,NALCHHA,"23250910521, GOVT. BHSS.SAGOR",प्रतिभागी,शिक्षक
BM7316,Jitendra Joshi,Dhar,NALCHHA,"23250910521, GOVT. BHSS.SAGOR",प्रतिभागी,शिक्षक
BT1428,Mukesh Waskel,Dhar,NALCHHA,"23250910521, GOVT. BHSS.SAGOR",प्रतिभागी,शिक्षक
BT1429,Malay Lihankar,Dhar,NALCHHA,"23250910521, GOVT. BHSS.SAGOR",प्रतिभागी,शिक्षक
CC4720,CHETNA CHOUHAN,Dhar,NALCHHA,"23250910521, GOVT. BHSS.SAGOR",प्रतिभागी,शिक्षक
CC6643,SANJU MALVIYA,Dhar,NALCHHA,"23250910521, GOVT. BHSS.SAGOR",प्रतिभागी,शिक्षक
CE2019,PIYUSHA SONI,Dhar,NALCHHA,"23250910521, GOVT. BHSS.SAGOR",प्रतिभागी,शिक्षक
AD6465,Dipti Sonane,Dhar,NALCHHA,"23250905710, HS BACHHANPUR",प्रतिभागी,शिक्षक
BM6971,Kalpana Thakur,Dhar,NALCHHA,"23250905710, HS BACHHANPUR",प्रतिभागी,शिक्षक
BM7548,Makhanlal Choudhary,Dhar,NALCHHA,"23250905710, HS BACHHANPUR",प्रतिभागी,शिक्षक
BM7586,Lalsingh Varma,Dhar,NALCHHA,"23250905710, HS BACHHANPUR",प्रतिभागी,शिक्षक
CC3185,SULEKHA RATMELE,Dhar,NALCHHA,"23250905710, HS BACHHANPUR",प्रतिभागी,शिक्षक
CC3345,NIDHI RAGHU,Dhar,NALCHHA,"23250905710, HS BACHHANPUR",प्रतिभागी,शिक्षक
CC7724,DEEPIKA SOLANKI,Dhar,NALCHHA,"23250905710, HS BACHHANPUR",प्रतिभागी,शिक्षक
CF7688,SHEETAL PATEL,Dhar,NALCHHA,"23250905710, HS BACHHANPUR",प्रतिभागी,शिक्षक
BM7415,Sushila Verma,Dhar,NALCHHA,"23250914815, GOVT. H.S.S NALCHHA",प्रतिभागी,शिक्षक
AJ3014,Anita Jatav,Dhar,NALCHHA,"23250917604, HSS DIGTHAN",प्रतिभागी,शिक्षक
BI4080,Shyam Lal Lodha,Dhar,NALCHHA,"23250917604, HSS DIGTHAN",प्रतिभागी,शिक्षक
BM7254,Vishnu Panwar,Dhar,NALCHHA,"23250917604, HSS DIGTHAN",प्रतिभागी,शिक्षक
BM7781,Suryanarayana Kushwah,Dhar,NALCHHA,"23250917604, HSS DIGTHAN",प्रतिभागी,शिक्षक
BM7268,Manish Khandekar,Dhar,NALCHHA,"23250914816, GOVT. GIRLS HS NALCHHA",प्रतिभागी,शिक्षक
BM7877,Jagdish Bairagi,Dhar,NALCHHA,"23250914816, GOVT. GIRLS HS NALCHHA",प्रतिभागी,शिक्षक
CC6281,HARDIK PIPANIYA,Dhar,NALCHHA,"23250914816, GOVT. GIRLS HS NALCHHA",प्रतिभागी,शिक्षक
AJ2872,Sangeeta Rawal,Dhar,NALCHHA,"23250908805, GOVT. HS TALWDA",प्रतिभागी,शिक्षक
BT2013,Ajay Chandana,Dhar,NALCHHA,"23250908805, GOVT. HS TALWDA",प्रतिभागी,शिक्षक
BU4580,Jitendrasingh Gawad,Dhar,NALCHHA,"23250908805, GOVT. HS TALWDA",प्रतिभागी,शिक्षक
AD4516,Kamlesh Kumar Goyal,Dhar,NALCHHA,"23250903958, GOVT. HSS PITHAMPUR",प्रतिभागी,शिक्षक
AJ5670,Rashmi Joshi,Dhar,NALCHHA,"23250903958, GOVT. HSS PITHAMPUR",प्रतिभागी,शिक्षक
BJ4421,Dinesh Chandra Pathak,Dhar,NALCHHA,"23250903958, GOVT. HSS PITHAMPUR",प्रतिभागी,शिक्षक
BM6962,Sudha Shukla,Dhar,NALCHHA,"23250903958, GOVT. HSS PITHAMPUR",प्रतिभागी,शिक्षक
BM6976,Manjula Joshi,Dhar,NALCHHA,"23250903958, GOVT. HSS PITHAMPUR",प्रतिभागी,शिक्षक
BM7305,Savitri Alawa,Dhar,NALCHHA,"23250903958, GOVT. HSS PITHAMPUR",प्रतिभागी,शिक्षक
BP7877,Namrata Varma,Dhar,NALCHHA,"23250903958, GOVT. HSS PITHAMPUR",प्रतिभागी,शिक्षक
BS9799,Vibha Bamniya,Dhar,NALCHHA,"23250903958, GOVT. HSS PITHAMPUR",प्रतिभागी,शिक्षक
CC6264,PRAGYA BHARDWAJ,Dhar,NALCHHA,"23250903958, GOVT. HSS PITHAMPUR",प्रतिभागी,शिक्षक
CC7915,POORNIMA SHARMA,Dhar,NALCHHA,"23250903958, GOVT. HSS PITHAMPUR",प्रतिभागी,शिक्षक
CC9853,YOGITA GULATI,Dhar,NALCHHA,"23250903958, GOVT. HSS PITHAMPUR",प्रतिभागी,शिक्षक
CF3685,RAMESH BAGHEL,Dhar,NALCHHA,"23250903958, GOVT. HSS PITHAMPUR",प्रतिभागी,शिक्षक
CF3686,PRAMILA SHARMA,Dhar,NALCHHA,"23250903958, GOVT. HSS PITHAMPUR",प्रतिभागी,शिक्षक
BM7369,Minakishi Sengar,Dhar,NALCHHA,"23250904821, GOVT. HSS BAGDI",प्रतिभागी,शिक्षक
BS8225,Ranjita Panwar,Dhar,NALCHHA,"23250904821, GOVT. HSS BAGDI",प्रतिभागी,शिक्षक
BT1226,Amar Singh Morya,Dhar,NALCHHA,"23250904821, GOVT. HSS BAGDI",प्रतिभागी,शिक्षक
BT1728,Manmohan Sharma,Dhar,NALCHHA,"23250904821, GOVT. HSS BAGDI",प्रतिभागी,शिक्षक
BM7143,Hemlata Thakur,Dhar,NALCHHA,"23250904202, HSS GULVA",प्रतिभागी,शिक्षक
BM7173,Rajesh Shakya,Dhar,NALCHHA,"23250904202, HSS GULVA",प्रतिभागी,शिक्षक
BS9790,Mehrban Dawar,Dhar,NALCHHA,"23250904202, HSS GULVA",प्रतिभागी,शिक्षक
CC3187,SANDEEP GUPTA,Dhar,NALCHHA,"23250904202, HSS GULVA",प्रतिभागी,शिक्षक
CF4103,NARENDRA SAHU,Dhar,NALCHHA,"23250904202, HSS GULVA",प्रतिभागी,शिक्षक
BN4471,Kanhaiya Patidar,Dhar,NISARPUR,"23251004208, HS LINGVA",प्रतिभागी,शिक्षक
CF2476,MOHAN DODWE,Dhar,NISARPUR,"23251004208, HS LINGVA",प्रतिभागी,शिक्षक
CF2509,hiralal baghel,Dhar,NISARPUR,"23251004208, HS LINGVA",प्रतिभागी,शिक्षक
BQ6154,Govind Bamniya,Dhar,NISARPUR,"23251004409, GOVT. HSS DESHVALYA",प्रतिभागी,शिक्षक
AJ3843,Dileepkumar Patidar,Dhar,NISARPUR,"23251001311, GOVT. HSS LOHARI",प्रतिभागी,शिक्षक
BN4188,Purshottam Sharma,Dhar,NISARPUR,"23251001311, GOVT. HSS LOHARI",प्रतिभागी,शिक्षक
BN4408,Hukumchand Kumawat,Dhar,NISARPUR,"23251001311, GOVT. HSS LOHARI",प्रतिभागी,शिक्षक
AJ3347,Lokesh Pandey,Dhar,NISARPUR,"23251003321, GIRLS HSS SUSARI",प्रतिभागी,शिक्षक
AJ4923,Rakesh Alsar,Dhar,NISARPUR,"23251003321, GIRLS HSS SUSARI",प्रतिभागी,शिक्षक
BN4138,Radha Dodva,Dhar,NISARPUR,"23251003321, GIRLS HSS SUSARI",प्रतिभागी,शिक्षक
BN4439,Suresh Patidar,Dhar,NISARPUR,"23251003321, GIRLS HSS SUSARI",प्रतिभागी,शिक्षक
BN6953,Miss. Archana Modi,Dhar,NISARPUR,"23251003321, GIRLS HSS SUSARI",प्रतिभागी,शिक्षक
BS8595,Alka Muzalda,Dhar,NISARPUR,"23251003321, GIRLS HSS SUSARI",प्रतिभागी,शिक्षक
CF4400,DIVYA VERMA,Dhar,NISARPUR,"23251003321, GIRLS HSS SUSARI",प्रतिभागी,शिक्षक
CF5457,ANIL ALAWA,Dhar,NISARPUR,"23251003321, GIRLS HSS SUSARI",प्रतिभागी,शिक्षक
AJ3742,Tilokchand Solanki,Dhar,NISARPUR,"23251005226, HSS EXCELLENCE NISARPUR",प्रतिभागी,शिक्षक
BK6371,Lawendrasingh Jamra,Dhar,NISARPUR,"23251005226, HSS EXCELLENCE NISARPUR",प्रतिभागी,शिक्षक
BN4205,Babusingh Sisodiya,Dhar,NISARPUR,"23251005226, HSS EXCELLENCE NISARPUR",प्रतिभागी,शिक्षक
BN4437,Madhusingh Baghel,Dhar,NISARPUR,"23251005226, HSS EXCELLENCE NISARPUR",प्रतिभागी,शिक्षक
BQ6323,Pradeep Trivedi,Dhar,NISARPUR,"23251005226, HSS EXCELLENCE NISARPUR",प्रतिभागी,शिक्षक
BU5697,Magan Solanki,Dhar,NISARPUR,"23251005226, HSS EXCELLENCE NISARPUR",प्रतिभागी,शिक्षक
CA9476,MUKESH CHOUHAN,Dhar,NISARPUR,"23251005226, HSS EXCELLENCE NISARPUR",प्रतिभागी,शिक्षक
AJ1394,Amir Ali Zaidi,Dhar,SARDARPUR,"23251117516, GOVT. BOYS HSS. SARDARPUR",प्रतिभागी,शिक्षक
BO1632,LALCHAND PATIDAR,Dhar,SARDARPUR,"23251117516, GOVT. BOYS HSS. SARDARPUR",प्रतिभागी,शिक्षक
BO4013,Gordhanlal Kharadi,Dhar,SARDARPUR,"23251117516, GOVT. BOYS HSS. SARDARPUR",प्रतिभागी,शिक्षक
CA1042,Yajuvendra Vaishnav,Dhar,SARDARPUR,"23251117516, GOVT. BOYS HSS. SARDARPUR",प्रतिभागी,शिक्षक
CE2008,YOGENDRA MALVIYA,Dhar,SARDARPUR,"23251117516, GOVT. BOYS HSS. SARDARPUR",प्रतिभागी,शिक्षक
CE3511,MAKHAN CHOUHAN,Dhar,SARDARPUR,"23251117516, GOVT. BOYS HSS. SARDARPUR",प्रतिभागी,शिक्षक
CE3526,MUKESH RAWAT,Dhar,SARDARPUR,"23251117516, GOVT. BOYS HSS. SARDARPUR",प्रतिभागी,शिक्षक
BO4012,Chandrashekhar Choyal,Dhar,SARDARPUR,"23251110824, HSS RINGNOD",प्रतिभागी,शिक्षक
CC7719,GOPAL PACHLANIYA,Dhar,SARDARPUR,"23251114606, GOVT. H.S. HATOD",प्रतिभागी,शिक्षक
CF3699,PRAGATI YADU,Dhar,SARDARPUR,"23251114606, GOVT. H.S. HATOD",प्रतिभागी,शिक्षक
CF4106,UJJWALA VAYKULE,Dhar,SARDARPUR,"23251114606, GOVT. H.S. HATOD",प्रतिभागी,शिक्षक
AJ1386,Ramsingh Mori,Dhar,SARDARPUR,"23251100534, GOVT. BOYS HSS RAJGARH",प्रतिभागी,शिक्षक
BO4299,Pratibha Songara,Dhar,SARDARPUR,"23251100534, GOVT. BOYS HSS RAJGARH",प्रतिभागी,शिक्षक
BX8637,Hemlata Panwar,Dhar,SARDARPUR,"23251100534, GOVT. BOYS HSS RAJGARH",प्रतिभागी,शिक्षक
CB3596,PRAKASH MAKVANA,Dhar,SARDARPUR,"23251100534, GOVT. BOYS HSS RAJGARH",प्रतिभागी,शिक्षक
CF6946,REKHA PARWAR,Dhar,SARDARPUR,"23251100534, GOVT. BOYS HSS RAJGARH",प्रतिभागी,शिक्षक
AJ1427,Ranjana Verma,Dhar,SARDARPUR,"23251100611, HSS TIRLA",प्रतिभागी,शिक्षक
CC3204,SHIV TYAGI,Dhar,SARDARPUR,"23251100611, HSS TIRLA",प्रतिभागी,शिक्षक
BO4327,Tolaram Ousari,Dhar,SARDARPUR,"23251112920, HSS LABRIYA",प्रतिभागी,शिक्षक
BT8304,Kanta Ninama,Dhar,SARDARPUR,"23251112920, HSS LABRIYA",प्रतिभागी,शिक्षक
AJ4500,Parmanand Baggad,Dhar,SARDARPUR,"23251105624, GOVT. BOYS HSS RAJOD",प्रतिभागी,अन्य
BM9894,Narayan Mehta,Dhar,SARDARPUR,"23251105624, GOVT. BOYS HSS RAJOD",प्रतिभागी,सीएसी
AJ1186,Kishanlal Nayma,Dhar,SARDARPUR,"23251105625, GOVT. GIRLS H.S.S. RAJOD",प्रतिभागी,शिक्षक
AJ1217,Ramsingh Goyal,Dhar,SARDARPUR,"23251105625, GOVT. GIRLS H.S.S. RAJOD",प्रतिभागी,शिक्षक
BO4032,TEJALAL PADIYAR,Dhar,SARDARPUR,"23251105625, GOVT. GIRLS H.S.S. RAJOD",प्रतिभागी,शिक्षक
AJ1246,Maniram Foofakir,Dhar,SARDARPUR,"23251113313, HSS BARMANDAL",प्रतिभागी,शिक्षक
BI9894,Dineshchandra Maru,Dhar,SARDARPUR,"23251113313, HSS BARMANDAL",प्रतिभागी,शिक्षक
BT7180,Arjun Maru,Dhar,SARDARPUR,"23251113313, HSS BARMANDAL",प्रतिभागी,शिक्षक
BT7255,Parmanand Maru,Dhar,SARDARPUR,"23251113313, HSS BARMANDAL",प्रतिभागी,शिक्षक
AJ1703,Prakashchandra Verma,Dhar,SARDARPUR,"23251107620, GOVT. B. HSS DASAI",प्रतिभागी,शिक्षक
BO4378,Gangaram Aklecha,Dhar,SARDARPUR,"23251107620, GOVT. B. HSS DASAI",प्रतिभागी,सीएसी
BS8444,Om Goyal,Dhar,SARDARPUR,"23251107620, GOVT. B. HSS DASAI",प्रतिभागी,शिक्षक
AJ1605,Mangilal Bhabar,Dhar,SARDARPUR,"23251101330, GOVT. HSS AMJHERA",प्रतिभागी,शिक्षक
AS5652,Basanti Sisodiya,Dhar,SARDARPUR,"23251101330, GOVT. HSS AMJHERA",प्रतिभागी,शिक्षक
BK4404,Sonali Gupta,Dhar,SARDARPUR,"23251101330, GOVT. HSS AMJHERA",प्रतिभागी,शिक्षक
BM7370,Ramsingh Rathore,Dhar,SARDARPUR,"23251101330, GOVT. HSS AMJHERA",प्रतिभागी,शिक्षक
BO5384,Tejaram Katariya,Dhar,SARDARPUR,"23251101330, GOVT. HSS AMJHERA",प्रतिभागी,शिक्षक
CC5254,REENA SHARMA,Dhar,SARDARPUR,"23251101330, GOVT. HSS AMJHERA",प्रतिभागी,शिक्षक
AJ1292,Haresingh Meda,Dhar,SARDARPUR,"23251104611, GOVT. HSS JAULANA",प्रतिभागी,शिक्षक
AJ1511,Rameshchandra Paggi,Dhar,SARDARPUR,"23251104611, GOVT. HSS JAULANA",प्रतिभागी,शिक्षक
BS8456,Balaram Bariya,Dhar,SARDARPUR,"23251103204, GOVT. HSS DATTIGAON",प्रतिभागी,शिक्षक
CE3504,ANTIM ALAWA,Dhar,SARDARPUR,"23251103204, GOVT. HSS DATTIGAON",प्रतिभागी,शिक्षक
AJ1751,Mamta Vairagi,Dhar,TIRLA,"23251204812, GOVT. GIRLS HS TIRLA",प्रतिभागी,शिक्षक
BM8395,Jamsingh Rawat,Dhar,TIRLA,"23251204812, GOVT. GIRLS HS TIRLA",प्रतिभागी,शिक्षक
BM8694,Lalsingh Kharat,Dhar,TIRLA,"23251204812, GOVT. GIRLS HS TIRLA",प्रतिभागी,शिक्षक
CB3000,SONAM MEHRA,Dhar,TIRLA,"23251204812, GOVT. GIRLS HS TIRLA",प्रतिभागी,शिक्षक
CC2045,DIVYANSHU MISHRA,Dhar,TIRLA,"23251204812, GOVT. GIRLS HS TIRLA",प्रतिभागी,शिक्षक
AJ1631,Onkarlal Patel,Dhar,TIRLA,"23251204811, HSS EXCELLENCE TIRLA",प्रतिभागी,शिक्षक
AJ1662,Vimla Damre,Dhar,TIRLA,"23251204811, HSS EXCELLENCE TIRLA",प्रतिभागी,शिक्षक
BK4678,Sushila Bamniya,Dhar,TIRLA,"23251204811, HSS EXCELLENCE TIRLA",प्रतिभागी,शिक्षक
BM6982,Santoshi Mukati,Dhar,TIRLA,"23251204811, HSS EXCELLENCE TIRLA",प्रतिभागी,शिक्षक
BM8401,Ajay Verma,Dhar,TIRLA,"23251204811, HSS EXCELLENCE TIRLA",प्रतिभागी,शिक्षक
BM8692,Ahsan Mohmmad,Dhar,TIRLA,"23251204811, HSS EXCELLENCE TIRLA",प्रतिभागी,शिक्षक
BM8719,Anita Eskey,Dhar,TIRLA,"23251204811, HSS EXCELLENCE TIRLA",प्रतिभागी,शिक्षक
BO3944,Nanuram Maliwad,Dhar,TIRLA,"23251204811, HSS EXCELLENCE TIRLA",प्रतिभागी,शिक्षक
BS8446,Rita Meda,Dhar,TIRLA,"23251204811, HSS EXCELLENCE TIRLA",प्रतिभागी,शिक्षक
BT4891,Lalsingh Patel,Dhar,TIRLA,"23251204811, HSS EXCELLENCE TIRLA",प्रतिभागी,शिक्षक
BT5649,Mukesh Dubey,Dhar,TIRLA,"23251204811, HSS EXCELLENCE TIRLA",प्रतिभागी,शिक्षक
CE3527,MANORAMA MALVIYA,Dhar,TIRLA,"23251204811, HSS EXCELLENCE TIRLA",प्रतिभागी,शिक्षक
AJ5438,Mahendra Kumar Dubey,Dhar,TIRLA,"23251200106, HSS AAHU",प्रतिभागी,शिक्षक
BK4022,Laxminarayan Patidar,Dhar,TIRLA,"23251200106, HSS AAHU",प्रतिभागी,शिक्षक
BK4086,Sohanlal Patidar,Dhar,TIRLA,"23251200106, HSS AAHU",प्रतिभागी,शिक्षक
BO4379,Dinesh Patidar,Dhar,TIRLA,"23251200106, HSS AAHU",प्रतिभागी,शिक्षक
BX1062,Ashish Gaikwad,Dhar,TIRLA,"23251200106, HSS AAHU",प्रतिभागी,शिक्षक
CC1141,MAMTA DAMOR,Dhar,TIRLA,"23251200106, HSS AAHU",प्रतिभागी,शिक्षक
BK1457,Virendrasingh Chouhan,Dhar,TIRLA,"23251205003, GOVT.H.S. BHODHVADA",प्रतिभागी,शिक्षक
BK4054,Jagdish Chouhan,Dhar,TIRLA,"23251205003, GOVT.H.S. BHODHVADA",प्रतिभागी,शिक्षक
BK4524,Navneet Dubey,Dhar,TIRLA,"23251205003, GOVT.H.S. BHODHVADA",प्रतिभागी,शिक्षक
BS1871,Sunil Baldiya,Dhar,TIRLA,"23251205003, GOVT.H.S. BHODHVADA",प्रतिभागी,शिक्षक
AI9055,Mukund Singh Waskel,Dhar,TIRLA,"23251208504, GOVT. HS PARVATPURA",प्रतिभागी,शिक्षक
CF3692,RAVI VERMA,Dhar,TIRLA,"23251208504, GOVT. HS PARVATPURA",प्रतिभागी,शिक्षक
CF4577,RAJKUMAR DAWAR,Dhar,TIRLA,"23251208504, GOVT. HS PARVATPURA",प्रतिभागी,शिक्षक
CF5861,Mithun Solanki,Dhar,TIRLA,"23251208504, GOVT. HS PARVATPURA",प्रतिभागी,शिक्षक
AQ8278,Zingalal Maurya,Dhar,UMARBAN,"23251305816, GOVT. GIRLS HSS BAKANER",प्रतिभागी,शिक्षक
BO7178,Kailash Mandloi,Dhar,UMARBAN,"23251305816, GOVT. GIRLS HSS BAKANER",प्रतिभागी,शिक्षक
BT6365,Priyanka Sharma,Dhar,UMARBAN,"23251305816, GOVT. GIRLS HSS BAKANER",प्रतिभागी,शिक्षक
CF4100,JITENDRA GUPTA,Dhar,UMARBAN,"23251305816, GOVT. GIRLS HSS BAKANER",प्रतिभागी,शिक्षक
AC3433,SAKARI SOLANKI,Dhar,UMARBAN,"23251301508, HS JHIRVI",प्रतिभागी,शिक्षक
BU8617,Sohan Baghel,Dhar,UMARBAN,"23251301508, HS JHIRVI",प्रतिभागी,शिक्षक
AJ2107,Arvind Rathod,Dhar,UMARBAN,"23251301316, HSS KALIBAVDI",प्रतिभागी,शिक्षक
BM6992,Mahadev Rajwal,Dhar,UMARBAN,"23251301316, HSS KALIBAVDI",प्रतिभागी,शिक्षक
BO5640,Chainsingh Nargesh,Dhar,UMARBAN,"23251301316, HSS KALIBAVDI",प्रतिभागी,शिक्षक
AJ2205,Juwansingh Ishkey,Dhar,UMARBAN,"23251304412, GOVT. HSS LUNHERA BUJURG",प्रतिभागी,शिक्षक
BQ5387,Kamal Chouhan,Dhar,UMARBAN,"23251305412, GOVT. HSS DABHAD",प्रतिभागी,शिक्षक
BQ5396,Sapna Madiya Aske,Dhar,UMARBAN,"23251305412, GOVT. HSS DABHAD",प्रतिभागी,शिक्षक
BT3852,PINKY SHANTILAL MUKATI,Dhar,UMARBAN,"23251305412, GOVT. HSS DABHAD",प्रतिभागी,शिक्षक
AJ8223,Rajkumar Thakur,Dindori,AMARPUR,"23410800306, GOVT.HSS SAKKA",प्रतिभागी,सीएसी
AJ9198,Subhadra Paraste,Dindori,AMARPUR,"23410800306, GOVT.HSS SAKKA",प्रतिभागी,शिक्षक
BS9493,Pratap Maravi,Dindori,AMARPUR,"23410800306, GOVT.HSS SAKKA",प्रतिभागी,शिक्षक
AJ9139,BASANT KUMAR SAIYAM,Dindori,AMARPUR,"23410804819, GOVT.HSS MODEL AMARPUR (RMSA)",प्रतिभागी,शिक्षक
AJ9317,Shivkumari Dhoomketi,Dindori,AMARPUR,"23410804819, GOVT.HSS MODEL AMARPUR (RMSA)",प्रतिभागी,शिक्षक
CC1391,ROSHNI MEHRA,Dindori,AMARPUR,"23410804819, GOVT.HSS MODEL AMARPUR (RMSA)",प्रतिभागी,शिक्षक
AJ8212,Buddhu Lal Banwasi,Dindori,AMARPUR,"23410804816, GOVT.HS GIRLS AMARPUR",प्रतिभागी,शिक्षक
AJ9311,Kamlawati Uddey,Dindori,AMARPUR,"23410804816, GOVT.HS GIRLS AMARPUR",प्रतिभागी,शिक्षक
AJ9312,Mohit Sandaya,Dindori,AMARPUR,"23410804816, GOVT.HS GIRLS AMARPUR",प्रतिभागी,शिक्षक
BP4495,Gulab Singh Saraiya,Dindori,AMARPUR,"23410804816, GOVT.HS GIRLS AMARPUR",प्रतिभागी,शिक्षक
AJ9253,Vishvnath Praste,Dindori,AMARPUR,"23410801104, GOVT.HS KAMRASODHA",प्रतिभागी,शिक्षक
AJ9256,Son Singh Kunjam,Dindori,AMARPUR,"23410801104, GOVT.HS KAMRASODHA",प्रतिभागी,शिक्षक
AJ9294,Bhagwati Maravi,Dindori,AMARPUR,"23410801104, GOVT.HS KAMRASODHA",प्रतिभागी,शिक्षक
BN8098,Ramcharan Kulaste,Dindori,AMARPUR,"23410801104, GOVT.HS KAMRASODHA",प्रतिभागी,शिक्षक
BT1596,Shankar Bhartiya,Dindori,AMARPUR,"23410801104, GOVT.HS KAMRASODHA",प्रतिभागी,शिक्षक
BU4733,Raghuvir Maravi,Dindori,AMARPUR,"23410801104, GOVT.HS KAMRASODHA",प्रतिभागी,शिक्षक
AJ9142,A K Maravi,Dindori,AMARPUR,"23410808109, GOVT.HSS NIGHORI BHANPUR",प्रतिभागी,शिक्षक
AJ9349,Arun Kumar Batte,Dindori,AMARPUR,"23410808109, GOVT.HSS NIGHORI BHANPUR",प्रतिभागी,शिक्षक
AJ9354,Moolan Singh Murali,Dindori,AMARPUR,"23410808109, GOVT.HSS NIGHORI BHANPUR",प्रतिभागी,शिक्षक
AJ9388,Padam Singh Patta,Dindori,AMARPUR,"23410808109, GOVT.HSS NIGHORI BHANPUR",प्रतिभागी,शिक्षक
AJ9207,Sumant Kumar Dhumketi,Dindori,AMARPUR,"23410804817, GOVT.HSS SIDHOLI MOHGAON",प्रतिभागी,शिक्षक
AJ9211,Prakash Kumar Chandrawanshi,Dindori,AMARPUR,"23410804817, GOVT.HSS SIDHOLI MOHGAON",प्रतिभागी,शिक्षक
AJ9220,Munika MALVE,Dindori,AMARPUR,"23410804817, GOVT.HSS SIDHOLI MOHGAON",प्रतिभागी,शिक्षक
BV4607,Minakshi Parihar,Dindori,AMARPUR,"23410804817, GOVT.HSS SIDHOLI MOHGAON",प्रतिभागी,शिक्षक
BY7131,Harishchandra Patohiya,Dindori,AMARPUR,"23410804817, GOVT.HSS SIDHOLI MOHGAON",प्रतिभागी,शिक्षक
AJ5897,Sarita Armo,Dindori,BAJAG,"23411100807, GOVT.HSS KHARGAHNA",प्रतिभागी,शिक्षक
AJ5965,Usha Barman,Dindori,BAJAG,"23411100807, GOVT.HSS KHARGAHNA",प्रतिभागी,शिक्षक
BU1056,Ramkrishn Rajpoot,Dindori,BAJAG,"23411100807, GOVT.HSS KHARGAHNA",प्रतिभागी,शिक्षक
CC4602,TEERATH SURJE,Dindori,BAJAG,"23411100807, GOVT.HSS KHARGAHNA",प्रतिभागी,शिक्षक
CC8011,RASHMI SINDHRAM,Dindori,BAJAG,"23411100807, GOVT.HSS KHARGAHNA",प्रतिभागी,शिक्षक
CC8165,ANJU BANWASI,Dindori,BAJAG,"23411100807, GOVT.HSS KHARGAHNA",प्रतिभागी,शिक्षक
AJ5911,Janiya Pandram,Dindori,BAJAG,"23411103318, HSS GADASARAI",प्रतिभागी,शिक्षक
AJ8108,Nimala Dhurwey,Dindori,BAJAG,"23411103318, HSS GADASARAI",प्रतिभागी,शिक्षक
BU7535,Kanta Maravi,Dindori,BAJAG,"23411103318, HSS GADASARAI",प्रतिभागी,शिक्षक
CF6503,MAMTA GHORMARE,Dindori,BAJAG,"23411107607, GOVT.HSS GIRLS BAJAG",प्रतिभागी,शिक्षक
AJ6467,S.D. Gayagwal,Dindori,BAJAG,"23411109110, HSS CHANDA",प्रतिभागी,शिक्षक
AJ7624,Shindhu Dhumketi,Dindori,DINDORI,"23410719308, GOVT.HSS KUDA",प्रतिभागी,शिक्षक
AJ8268,Jyoti Dharampuriya Jyoti Dharampuriya,Dindori,DINDORI,"23410719308, GOVT.HSS KUDA",प्रतिभागी,शिक्षक
BU6044,Manisha Marko,Dindori,DINDORI,"23410719308, GOVT.HSS KUDA",प्रतिभागी,शिक्षक
BV2987,Top Chandel,Dindori,DINDORI,"23410719617, GOVT.HSS PRACHIN DINDORI",प्रतिभागी,शिक्षक
AJ5787,Shraddha Jha,Dindori,DINDORI,"23410717405, GOVT.HSS RAIPURA",प्रतिभागी,शिक्षक
AJ7350,Deshrath Singh Marko,Dindori,DINDORI,"23410717405, GOVT.HSS RAIPURA",प्रतिभागी,शिक्षक
AJ7779,Kasi Ram Janghela,Dindori,DINDORI,"23410717405, GOVT.HSS RAIPURA",प्रतिभागी,शिक्षक
AJ8518,N.S. Dhurvey,Dindori,DINDORI,"23410717405, GOVT.HSS RAIPURA",प्रतिभागी,शिक्षक
AJ9193,Chetram Paraste,Dindori,DINDORI,"23410717405, GOVT.HSS RAIPURA",प्रतिभागी,शिक्षक
BT8917,Kalesh Kumar Thakur,Dindori,DINDORI,"23410717405, GOVT.HSS RAIPURA",प्रतिभागी,सीएसी
AC4147,Dropati KUDAPE,Dindori,DINDORI,"23410715206, HSS DHURRA ",प्रतिभागी,शिक्षक
AJ7341,Rakesh Kumar Gawle,Dindori,DINDORI,"23410715206, HSS DHURRA ",प्रतिभागी,शिक्षक
AJ7348,Sevaram Gawlw,Dindori,DINDORI,"23410715206, HSS DHURRA ",प्रतिभागी,शिक्षक
AJ7349,Anita Gawle,Dindori,DINDORI,"23410715206, HSS DHURRA ",प्रतिभागी,शिक्षक
AJ7382,Ravindra Gawle,Dindori,DINDORI,"23410715206, HSS DHURRA ",प्रतिभागी,शिक्षक
AJ7425,Durgavati Maravi,Dindori,DINDORI,"23410715206, HSS DHURRA ",प्रतिभागी,शिक्षक
AJ7515,Chandresh Kumar Turkel,Dindori,DINDORI,"23410715206, HSS DHURRA ",प्रतिभागी,शिक्षक
BD4194,Bhawana Marko,Dindori,DINDORI,"23410715206, HSS DHURRA ",प्रतिभागी,शिक्षक
BF7575,Vidya Uikey,Dindori,DINDORI,"23410715206, HSS DHURRA ",प्रतिभागी,शिक्षक
BR9671,ASHOK KUMAR GAWLE,Dindori,DINDORI,"23410715206, HSS DHURRA ",प्रतिभागी,शिक्षक
BU6077,Arjun Lal Kudwey,Dindori,DINDORI,"23410715206, HSS DHURRA ",प्रतिभागी,शिक्षक
AJ7419,Nandkishor Marko,Dindori,DINDORI,"23410710006, GOVT.HSS NEVSAPONDI",प्रतिभागी,शिक्षक
AJ8275,Urmila Maravi,Dindori,DINDORI,"23410710006, GOVT.HSS NEVSAPONDI",प्रतिभागी,शिक्षक
CE2345,BALDEV SINGH,Dindori,DINDORI,"23410710006, GOVT.HSS NEVSAPONDI",प्रतिभागी,शिक्षक
AJ7323,Shrawan Singh Armo,Dindori,DINDORI,"23410711611, HSS SHAHPUR ",प्रतिभागी,शिक्षक
AJ7331,Ram Kumar Prajapati,Dindori,DINDORI,"23410711611, HSS SHAHPUR ",प्रतिभागी,शिक्षक
AJ7368,K.S. Dhurvey,Dindori,DINDORI,"23410711611, HSS SHAHPUR ",प्रतिभागी,शिक्षक
AJ7567,Phool Singh Walre,Dindori,DINDORI,"23410711611, HSS SHAHPUR ",प्रतिभागी,शिक्षक
AJ7677,Rajendra Kumar Dharway,Dindori,DINDORI,"23410711611, HSS SHAHPUR ",प्रतिभागी,शिक्षक
AJ8531,Shashi Tekam,Dindori,DINDORI,"23410711611, HSS SHAHPUR ",प्रतिभागी,शिक्षक
AJ9257,Davar Singh,Dindori,DINDORI,"23410711611, HSS SHAHPUR ",प्रतिभागी,शिक्षक
BF9747,Naresh Singh,Dindori,DINDORI,"23410711611, HSS SHAHPUR ",प्रतिभागी,शिक्षक
BS1161,Sharad Namdeo,Dindori,DINDORI,"23410711611, HSS SHAHPUR ",प्रतिभागी,शिक्षक
BS1168,KUMUDESH SINGH MAHDEL,Dindori,DINDORI,"23410711611, HSS SHAHPUR ",प्रतिभागी,शिक्षक
BS2203,Afsari Bano,Dindori,DINDORI,"23410711611, HSS SHAHPUR ",प्रतिभागी,शिक्षक
BT6498,Seema Thakur,Dindori,DINDORI,"23410711611, HSS SHAHPUR ",प्रतिभागी,शिक्षक
BU4004,Durga Uikey,Dindori,DINDORI,"23410711611, HSS SHAHPUR ",प्रतिभागी,शिक्षक
BY7024,Rahul Shukla,Dindori,DINDORI,"23410711611, HSS SHAHPUR ",प्रतिभागी,शिक्षक
BY7662,Trivendra Goswami,Dindori,DINDORI,"23410711611, HSS SHAHPUR ",प्रतिभागी,शिक्षक
AJ7494,AMARVATI MARAVI,Dindori,DINDORI,"23410704503, GOVT. HSS AJHWAR",प्रतिभागी,शिक्षक
AJ8492,Kanti Asha Toppo,Dindori,DINDORI,"23410704503, GOVT. HSS AJHWAR",प्रतिभागी,शिक्षक
BU7504,Gulab Marabi,Dindori,DINDORI,"23410704503, GOVT. HSS AJHWAR",प्रतिभागी,शिक्षक
CE2213,ANKIT VISHWAKARMA,Dindori,DINDORI,"23410704503, GOVT. HSS AJHWAR",प्रतिभागी,शिक्षक
AJ7614,Saniya Paraste,Dindori,DINDORI,"23410700606, GOVT.HSS JAMGAON",प्रतिभागी,शिक्षक
BR3897,Chain Sing Dhurve,Dindori,DINDORI,"23410700606, GOVT.HSS JAMGAON",प्रतिभागी,शिक्षक
BU4373,Ravisankar Armo,Dindori,DINDORI,"23410700606, GOVT.HSS JAMGAON",प्रतिभागी,शिक्षक
AJ7302,Prahlad Singh Maravi,Dindori,DINDORI,"23410706913, GOVT.HS GIRLS VIKRAMPUR",प्रतिभागी,शिक्षक
CC6719,JAYANT PARASTE,Dindori,DINDORI,"23410706913, GOVT.HS GIRLS VIKRAMPUR",प्रतिभागी,शिक्षक
AJ7277,Mahendra Singh Paraste,Dindori,DINDORI,"23410706914, GOVT. HSS VIKRAMPUR",प्रतिभागी,शिक्षक
BS3769,Ramesh Singh Maravi,Dindori,DINDORI,"23410706914, GOVT. HSS VIKRAMPUR",प्रतिभागी,शिक्षक
AJ7816,JAGAT SINGH ARMO,Dindori,KARANJIA,"23410907022, GOVT.HSS EXE.KARANJIA",प्रतिभागी,शिक्षक
AJ8023,Ramkumar Garg,Dindori,KARANJIA,"23410907022, GOVT.HSS EXE.KARANJIA",प्रतिभागी,शिक्षक
AJ8034,Komal Singh Marko,Dindori,KARANJIA,"23410907022, GOVT.HSS EXE.KARANJIA",प्रतिभागी,शिक्षक
AJ7843,Malti Shyam,Dindori,KARANJIA,"23410906205, GOVT.HSS MERHAKHAR",प्रतिभागी,शिक्षक
AJ7914,Jeevan Lal Maravi,Dindori,KARANJIA,"23410906205, GOVT.HSS MERHAKHAR",प्रतिभागी,शिक्षक
AJ8006,Ombati Masram,Dindori,KARANJIA,"23410906205, GOVT.HSS MERHAKHAR",प्रतिभागी,शिक्षक
AJ8017,Omprkash Ueike,Dindori,KARANJIA,"23410906205, GOVT.HSS MERHAKHAR",प्रतिभागी,शिक्षक
AJ8087,Meena Maravi,Dindori,KARANJIA,"23410906205, GOVT.HSS MERHAKHAR",प्रतिभागी,शिक्षक
BU5266,Lal singh Ufadiya,Dindori,KARANJIA,"23410900113, GOVT.HSS MOHTRA",प्रतिभागी,शिक्षक
AJ7896,Ajay Shyam,Dindori,KARANJIA,"23410903303, GOVT.HSS RUSA",प्रतिभागी,शिक्षक
AJ7774,Laljoo Parste,Dindori,KARANJIA,"23410907406, GOVT.HSS GOPALPUR",प्रतिभागी,शिक्षक
AJ7823,Rajaram Dhurwe,Dindori,KARANJIA,"23410907406, GOVT.HSS GOPALPUR",प्रतिभागी,शिक्षक
AJ7899,Nimar Singh Tekam,Dindori,KARANJIA,"23410901006, GOVT.HSS GORAKHPUR",प्रतिभागी,सीएसी
AJ7943,Kuldeep Kumar Mongrea,Dindori,KARANJIA,"23410901006, GOVT.HSS GORAKHPUR",प्रतिभागी,शिक्षक
AJ7973,Sanjiv Kumar Patel,Dindori,KARANJIA,"23410901006, GOVT.HSS GORAKHPUR",प्रतिभागी,शिक्षक
AJ8167,BASANT LAL HASTPURIYA,Dindori,KARANJIA,"23410901006, GOVT.HSS GORAKHPUR",प्रतिभागी,शिक्षक
CF3764,SAURABH YADAV,Dindori,KARANJIA,"23410901006, GOVT.HSS GORAKHPUR",प्रतिभागी,शिक्षक
CF4094,PREM MARAVI,Dindori,KARANJIA,"23410901006, GOVT.HSS GORAKHPUR",प्रतिभागी,शिक्षक
AJ6172,Mr.Pahal Singh Maravi,Dindori,MEHANDWANI,"23411501216, GOVT.HSS MODEL MEHANDWANI (RMSA)",प्रतिभागी,शिक्षक
BR4294,Manoj Kumar Masram,Dindori,MEHANDWANI,"23411501216, GOVT.HSS MODEL MEHANDWANI (RMSA)",प्रतिभागी,शिक्षक
AJ6040,Mr.Paras Ram Sahu,Dindori,MEHANDWANI,"23411503310, GOVT.HS SARASDOLI",प्रतिभागी,शिक्षक
AJ6102,Mr.Jaypal Nanda,Dindori,MEHANDWANI,"23411503310, GOVT.HS SARASDOLI",प्रतिभागी,शिक्षक
AJ6141,LEK UDDEY,Dindori,MEHANDWANI,"23411503310, GOVT.HS SARASDOLI",प्रतिभागी,शिक्षक
AJ6151,Mr.Chhotelal Sahu,Dindori,MEHANDWANI,"23411503310, GOVT.HS SARASDOLI",प्रतिभागी,शिक्षक
AJ6323,Mr.Ramesh Singh Masram,Dindori,MEHANDWANI,"23411503310, GOVT.HS SARASDOLI",प्रतिभागी,शिक्षक
BR4268,NIRPAT SINGH DHURVE,Dindori,MEHANDWANI,"23411503310, GOVT.HS SARASDOLI",प्रतिभागी,शिक्षक
CC7980,AMRESH DHURWEY,Dindori,MEHANDWANI,"23411503310, GOVT.HS SARASDOLI",प्रतिभागी,शिक्षक
AJ6073,Mr.Molva Singh Netam,Dindori,MEHANDWANI,"23411510107, GOVT.HS KANERI",प्रतिभागी,शिक्षक
AJ6292,Devi Maravi,Dindori,MEHANDWANI,"23411510107, GOVT.HS KANERI",प्रतिभागी,शिक्षक
BT5066,Sukhdeen Dhurwey,Dindori,MEHANDWANI,"23411510107, GOVT.HS KANERI",प्रतिभागी,शिक्षक
AJ6189,Mr.Jai Singh Dhurve,Dindori,MEHANDWANI,"23411502312, GOVT.HSS KATHOTIYA",प्रतिभागी,शिक्षक
AJ6342,Mr.Sambhoo Lal Parte,Dindori,MEHANDWANI,"23411502312, GOVT.HSS KATHOTIYA",प्रतिभागी,शिक्षक
AJ6347,Mr.Bhagwani Prasad Bhartiya,Dindori,MEHANDWANI,"23411502312, GOVT.HSS KATHOTIYA",प्रतिभागी,शिक्षक
BT1419,Ashok Dhurwey,Dindori,MEHANDWANI,"23411502312, GOVT.HSS KATHOTIYA",प्रतिभागी,शिक्षक
BV3517,Rammu Manikpuri,Dindori,MEHANDWANI,"23411502312, GOVT.HSS KATHOTIYA",प्रतिभागी,शिक्षक
AJ6157,Rajani Sahu,Dindori,MEHANDWANI,"23411512506, GOVT.HSS RAI",प्रतिभागी,शिक्षक
AJ6219,Sumanlata Uadde,Dindori,MEHANDWANI,"23411512506, GOVT.HSS RAI",प्रतिभागी,शिक्षक
BU5703,Sunita Masram,Dindori,MEHANDWANI,"23411512506, GOVT.HSS RAI",प्रतिभागी,शिक्षक
CE1836,CHANDAR BHAVEDI,Dindori,MEHANDWANI,"23411512506, GOVT.HSS RAI",प्रतिभागी,शिक्षक
AJ6054,Mr.Subhash Kumar Shau,Dindori,MEHANDWANI,"23411505905, GOVT.HSS CHOUBISA",प्रतिभागी,शिक्षक
AJ9316,Vinod Kumar Sahu,Dindori,MEHANDWANI,"23411505905, GOVT.HSS CHOUBISA",प्रतिभागी,शिक्षक
AJ6639,Dashrath Pandro,Dindori,SAMNAPUR,"23411003418, GOVT.HSS GIRLS SAMNAPUR",प्रतिभागी,शिक्षक
AJ8406,Jay Singh Baladi,Dindori,SAMNAPUR,"23411003418, GOVT.HSS GIRLS SAMNAPUR",प्रतिभागी,शिक्षक
CB5555,SATYENDRA KUMAR PARASTE,Dindori,SAMNAPUR,"23411003418, GOVT.HSS GIRLS SAMNAPUR",प्रतिभागी,शिक्षक
CE2664,Tripti Kushram,Dindori,SAMNAPUR,"23411003418, GOVT.HSS GIRLS SAMNAPUR",प्रतिभागी,शिक्षक
AJ6703,Hiran Singh Tekam,Dindori,SAMNAPUR,"23411008308, GOVT.HSS BAMHNI",प्रतिभागी,शिक्षक
AJ6775,Madan Singh Saiyam,Dindori,SAMNAPUR,"23411008308, GOVT.HSS BAMHNI",प्रतिभागी,शिक्षक
CE2593,Kailash Patel,Dindori,SAMNAPUR,"23411008308, GOVT.HSS BAMHNI",प्रतिभागी,शिक्षक
AJ8449,Sukh Ram Dhurve,Dindori,SAMNAPUR,"23411010804, GOVT.HS GOURA KANHARI",प्रतिभागी,शिक्षक
AJ8390,Anand Kumar Markam,Dindori,SAMNAPUR,"23411005011, GOVT.HSS CHANDRANI",प्रतिभागी,शिक्षक
BU1621,Ganesh Thakur,Dindori,SAMNAPUR,"23411005011, GOVT.HSS CHANDRANI",प्रतिभागी,शिक्षक
AJ6668,Sunderlal Chhanta,Dindori,SAMNAPUR,"23411006903, GOVT.HSS MAJHGAON",प्रतिभागी,शिक्षक
AJ6707,Madhu Maravi,Dindori,SAMNAPUR,"23411006903, GOVT.HSS MAJHGAON",प्रतिभागी,शिक्षक
AJ6518,Bharatsingh Chandel,Dindori,SAMNAPUR,"23411002106, GOVT.HS KHUDIYA",प्रतिभागी,शिक्षक
AJ6714,Santosh Chandel,Dindori,SAMNAPUR,"23411002106, GOVT.HS KHUDIYA",प्रतिभागी,शिक्षक
AJ6797,pankaj patta,Dindori,SAMNAPUR,"23411002106, GOVT.HS KHUDIYA",प्रतिभागी,शिक्षक
AJ8329,Sanjeev Kumar Pandey,Dindori,SAMNAPUR,"23411002106, GOVT.HS KHUDIYA",प्रतिभागी,शिक्षक
AJ9329,Heera Singh Goutam,Dindori,SAMNAPUR,"23411002106, GOVT.HS KHUDIYA",प्रतिभागी,शिक्षक
BP5067,Kalam Singh Paraste,Dindori,SAMNAPUR,"23411002106, GOVT.HS KHUDIYA",प्रतिभागी,शिक्षक
AJ8872,Suresh Prasad Banwasi,Dindori,SHAHPURA,"23411620222, GOVT.HSS SHAHPURA",प्रतिभागी,शिक्षक
BP7430,Ganesh Prasad Pardhan,Dindori,SHAHPURA,"23411620222, GOVT.HSS SHAHPURA",प्रतिभागी,शिक्षक
BX7662,Varsha Asrati,Dindori,SHAHPURA,"23411620222, GOVT.HSS SHAHPURA",प्रतिभागी,शिक्षक
AJ8521,Durgesh Kumar Jhariya,Dindori,SHAHPURA,"23411617705, GOVT.HSS AMERA",प्रतिभागी,शिक्षक
AJ8748,Nanhe Lal Sahu,Dindori,SHAHPURA,"23411617705, GOVT.HSS AMERA",प्रतिभागी,शिक्षक
AJ8922,Kripal Singh Marko,Dindori,SHAHPURA,"23411617705, GOVT.HSS AMERA",प्रतिभागी,शिक्षक
AJ6876,Mr. Khusiram Sahu,Dindori,SHAHPURA,"23411612810, GOVT.HSS BARGAON",प्रतिभागी,शिक्षक
AJ8773,Shanti Ram Sahu,Dindori,SHAHPURA,"23411612810, GOVT.HSS BARGAON",प्रतिभागी,शिक्षक
AJ8931,Mr. Pratap Singh Marko,Dindori,SHAHPURA,"23411612810, GOVT.HSS BARGAON",प्रतिभागी,शिक्षक
BF9762,Ram Bihari Sahu,Dindori,SHAHPURA,"23411612810, GOVT.HSS BARGAON",प्रतिभागी,शिक्षक
BV4929,Rajendra Sahu,Dindori,SHAHPURA,"23411612810, GOVT.HSS BARGAON",प्रतिभागी,शिक्षक
AJ6856,Santosh Kumar Sahu,Dindori,SHAHPURA,"23411614612, GOVT HSS BICHHIYA",प्रतिभागी,शिक्षक
AJ6971,Mr. Ram Prasad Maravi,Dindori,SHAHPURA,"23411614612, GOVT HSS BICHHIYA",प्रतिभागी,शिक्षक
AJ7006,Mr. Mani Singh Maravi,Dindori,SHAHPURA,"23411614612, GOVT HSS BICHHIYA",प्रतिभागी,शिक्षक
AJ8766,Kashi Ram Maravi,Dindori,SHAHPURA,"23411614612, GOVT HSS BICHHIYA",प्रतिभागी,शिक्षक
AJ8838,Rajesh Kumar Agrawal,Dindori,SHAHPURA,"23411614612, GOVT HSS BICHHIYA",प्रतिभागी,शिक्षक
AJ7097,Mr. Chamru  Singh Markam,Dindori,SHAHPURA,"23411601801, GOVT.HS KACHHARI",प्रतिभागी,शिक्षक
AJ8812,Mr. Badri Prasad Jhariya,Dindori,SHAHPURA,"23411601801, GOVT.HS KACHHARI",प्रतिभागी,शिक्षक
AJ8929,Santosh Singh Maravi,Dindori,SHAHPURA,"23411601801, GOVT.HS KACHHARI",प्रतिभागी,शिक्षक
AJ9025,Bhagwat Singh Paraste,Dindori,SHAHPURA,"23411601801, GOVT.HS KACHHARI",प्रतिभागी,शिक्षक
AJ6892,Praveen Kumar Gupta,Dindori,SHAHPURA,"23411607305, GOVT. HS KASTURI PIPARIYA",प्रतिभागी,शिक्षक
AJ7077,Mr. Hari Singh Ureti,Dindori,SHAHPURA,"23411607305, GOVT. HS KASTURI PIPARIYA",प्रतिभागी,शिक्षक
AJ8928,Sukhsen Singh Maravi,Dindori,SHAHPURA,"23411607305, GOVT. HS KASTURI PIPARIYA",प्रतिभागी,शिक्षक
AP8562,NARAYAN PRASAD RAJAK,Dindori,SHAHPURA,"23411607305, GOVT. HS KASTURI PIPARIYA",प्रतिभागी,शिक्षक
BN8362,Bhoopat Kulaste,Dindori,SHAHPURA,"23411607305, GOVT. HS KASTURI PIPARIYA",प्रतिभागी,शिक्षक
BU4963,Rajendra Jhariya,Dindori,SHAHPURA,"23411607305, GOVT. HS KASTURI PIPARIYA",प्रतिभागी,शिक्षक
BZ2495,Umendra Kumar Dubey,Dindori,SHAHPURA,"23411607305, GOVT. HS KASTURI PIPARIYA",प्रतिभागी,शिक्षक
CD5915,ASTIK PATEL,Dindori,SHAHPURA,"23411607305, GOVT. HS KASTURI PIPARIYA",प्रतिभागी,शिक्षक
AJ6858,Mr. Satyanarayan Thakur,Dindori,SHAHPURA,"23411606008, GOVT.HSS KOHANI",प्रतिभागी,शिक्षक
AJ8890,Sandhya Maravi,Dindori,SHAHPURA,"23411606008, GOVT.HSS KOHANI",प्रतिभागी,शिक्षक
AJ8891,Shakuntala Maravi,Dindori,SHAHPURA,"23411606008, GOVT.HSS KOHANI",प्रतिभागी,शिक्षक
AJ8989,Mr. Jairam Usrathe,Dindori,SHAHPURA,"23411606008, GOVT.HSS KOHANI",प्रतिभागी,शिक्षक
BV4930,Vijay Jhariya,Dindori,SHAHPURA,"23411606008, GOVT.HSS KOHANI",प्रतिभागी,शिक्षक
BZ4424,Shivcharan Masram,Dindori,SHAHPURA,"23411606008, GOVT.HSS KOHANI",प्रतिभागी,शिक्षक
CD7233,SUKHSEN PARASTE,Dindori,SHAHPURA,"23411606008, GOVT.HSS KOHANI",प्रतिभागी,शिक्षक
AJ8880,Bhav Singh Tilgam,Dindori,SHAHPURA,"23411603407, GOVT.HSS MANIKPUR",प्रतिभागी,शिक्षक
AJ8912,Sudarshan Singh Paraste,Dindori,SHAHPURA,"23411603407, GOVT.HSS MANIKPUR",प्रतिभागी,शिक्षक
AJ9008,Girwar Singh Uraiti,Dindori,SHAHPURA,"23411603407, GOVT.HSS MANIKPUR",प्रतिभागी,शिक्षक
BR3974,Ram Pratap Paraste,Dindori,SHAHPURA,"23411603407, GOVT.HSS MANIKPUR",प्रतिभागी,शिक्षक
AJ9614,Devkamal Kispotta,Guna,ARON,"23070102904, GOVT HS RAMPUR",प्रतिभागी,शिक्षक
AJ9691,Mahendra Singh,Guna,ARON,"23070102904, GOVT HS RAMPUR",प्रतिभागी,शिक्षक
AK1113,Anita Soni,Guna,ARON,"23070102904, GOVT HS RAMPUR",प्रतिभागी,शिक्षक
BQ5862,Ranjna Parihar,Guna,ARON,"23070102904, GOVT HS RAMPUR",प्रतिभागी,शिक्षक
BR4245,Neetu Raghuwanshi,Guna,ARON,"23070102904, GOVT HS RAMPUR",प्रतिभागी,शिक्षक
AJ9672,Balveer Singh Chidar,Guna,ARON,"23070105032, GOVT HSS GIRLS ARON",प्रतिभागी,शिक्षक
AJ9698,Jaynarayan Sharma,Guna,ARON,"23070105032, GOVT HSS GIRLS ARON",प्रतिभागी,शिक्षक
BR6031,Manoj Kumar Sahu,Guna,ARON,"23070105032, GOVT HSS GIRLS ARON",प्रतिभागी,शिक्षक
BV4520,Sudhir Ranjan Dubey,Guna,ARON,"23070105032, GOVT HSS GIRLS ARON",प्रतिभागी,शिक्षक
BW7835,Sanjeev Singh Rajput,Guna,ARON,"23070105032, GOVT HSS GIRLS ARON",प्रतिभागी,शिक्षक
AJ9681,Vinay Kumar Sharma,Guna,ARON,"23070102707, GOVT HSS  BARKHEDA HAT",प्रतिभागी,शिक्षक
AJ9990,Suresh Kumar Badoniya,Guna,ARON,"23070102707, GOVT HSS  BARKHEDA HAT",प्रतिभागी,शिक्षक
AK1121,Chhaya Pitre,Guna,ARON,"23070102707, GOVT HSS  BARKHEDA HAT",प्रतिभागी,शिक्षक
AK1443,Mahendra Singh Raghuwanshi,Guna,ARON,"23070102707, GOVT HSS  BARKHEDA HAT",प्रतिभागी,शिक्षक
AJ9697,Jangbahadur Singh Yadav,Guna,ARON,"23070101807, GOVT HSS PANVADIHAT",प्रतिभागी,शिक्षक
AK1040,Sundar Ram Nikunj,Guna,ARON,"23070101807, GOVT HSS PANVADIHAT",प्रतिभागी,शिक्षक
CF1453,RAHUL CHATURVEDI,Guna,ARON,"23070101807, GOVT HSS PANVADIHAT",प्रतिभागी,शिक्षक
CF1454,PANKAJ Jatav,Guna,ARON,"23070101807, GOVT HSS PANVADIHAT",प्रतिभागी,शिक्षक
AK1011,Kalu Singh,Guna,ARON,"23070105031, GOVT HSS EXCELLENCE ARON",प्रतिभागी,शिक्षक
BF4373,Anil Kumar Soni,Guna,ARON,"23070105031, GOVT HSS EXCELLENCE ARON",प्रतिभागी,शिक्षक
BZ1387,Gajraj Singh Verma,Guna,ARON,"23070105031, GOVT HSS EXCELLENCE ARON",प्रतिभागी,शिक्षक
AK1263,Dongar Singh Kannoj,Guna,BAMORI,"23070305601, GOVT PS VISHANBADA",प्रतिभागी,शिक्षक
AK1277,Ajay Kumar Chokse,Guna,BAMORI,"23070305601, GOVT PS VISHANBADA",प्रतिभागी,शिक्षक
AK1269,Raju Sharma,Guna,BAMORI,"23070308819, GOVT HSS EXCELLENCE BAMORI",प्रतिभागी,शिक्षक
AK1278,Bhagwan Lal Sahu,Guna,BAMORI,"23070308819, GOVT HSS EXCELLENCE BAMORI",प्रतिभागी,शिक्षक
AK1293,Madhu Sisodiya,Guna,BAMORI,"23070308819, GOVT HSS EXCELLENCE BAMORI",प्रतिभागी,शिक्षक
AK1437,Mishrilal Ahirwar,Guna,BAMORI,"23070308819, GOVT HSS EXCELLENCE BAMORI",प्रतिभागी,शिक्षक
AK2594,Radhesyam Dhakad,Guna,BAMORI,"23070308819, GOVT HSS EXCELLENCE BAMORI",प्रतिभागी,शिक्षक
BT8826,Gopal Singh Kirar,Guna,BAMORI,"23070308819, GOVT HSS EXCELLENCE BAMORI",प्रतिभागी,शिक्षक
BX1525,Anita Lodha,Guna,BAMORI,"23070308819, GOVT HSS EXCELLENCE BAMORI",प्रतिभागी,शिक्षक
CD8437,KRISHAN KIRAR,Guna,BAMORI,"23070308819, GOVT HSS EXCELLENCE BAMORI",प्रतिभागी,शिक्षक
AK1271,Bhagirath Meena,Guna,BAMORI,"23070304712, GOVT HSS FATEHGAR",प्रतिभागी,शिक्षक
AK4343,Jitendra Singh Raghuwanshi,Guna,BAMORI,"23070313504, GOVT HSS RAMPUR COLONY",प्रतिभागी,शिक्षक
AK4411,Laxmi Narayan Sharma,Guna,BAMORI,"23070313504, GOVT HSS RAMPUR COLONY",प्रतिभागी,सीएसी
AK4422,Ramratan Lodha,Guna,BAMORI,"23070313504, GOVT HSS RAMPUR COLONY",प्रतिभागी,शिक्षक
BW7401,Gajendra Singh,Guna,BAMORI,"23070313504, GOVT HSS RAMPUR COLONY",प्रतिभागी,शिक्षक
BX4911,Amit Sharma,Guna,BAMORI,"23070313504, GOVT HSS RAMPUR COLONY",प्रतिभागी,सीएसी
AK5101,Rajni Kant Sharma,Guna,BAMORI,"23070314207, GOVT HSS MURADPUR",प्रतिभागी,शिक्षक
AK4370,Sushma Bhargava,Guna,BAMORI,"23070311606, GOVT HSS JHAGAR",प्रतिभागी,शिक्षक
AK5174,NARMADA Verma,Guna,BAMORI,"23070311606, GOVT HSS JHAGAR",प्रतिभागी,शिक्षक
BF4274,Sangeeta Sharma,Guna,BAMORI,"23070311606, GOVT HSS JHAGAR",प्रतिभागी,शिक्षक
BQ3493,Monika Jain,Guna,BAMORI,"23070311606, GOVT HSS JHAGAR",प्रतिभागी,शिक्षक
BQ4569,Shyammanohar Lodha,Guna,BAMORI,"23070311606, GOVT HSS JHAGAR",प्रतिभागी,शिक्षक
BW7474,Rajkumar Kirar,Guna,BAMORI,"23070311606, GOVT HSS JHAGAR",प्रतिभागी,शिक्षक
AK5151,Mahesh Ojha,Guna,BAMORI,"23070304106, GOVT HSS PARVAH",प्रतिभागी,शिक्षक
AS5896,Neetu Punjabi,Guna,BAMORI,"23070304106, GOVT HSS PARVAH",प्रतिभागी,शिक्षक
BW2814,Rajmal Suman,Guna,BAMORI,"23070304106, GOVT HSS PARVAH",प्रतिभागी,शिक्षक
BO7036,Kedarprasad Chandravanshi,Guna,BAMORI,"23070305309, GOVT HS MAGRODA",प्रतिभागी,शिक्षक
BS7210,Pramod Kumar Sharma,Guna,BAMORI,"23070305309, GOVT HS MAGRODA",प्रतिभागी,शिक्षक
BX1616,Ravinder Rathore,Guna,BAMORI,"23070305309, GOVT HS MAGRODA",प्रतिभागी,शिक्षक
AK1742,Pradeep Kumar Sharma,Guna,CHACHODA,"23070420221, GOVT HSS EXCELLENCE  BINAGANJ",प्रतिभागी,शिक्षक
AK1794,Haricharan Meena,Guna,CHACHODA,"23070420221, GOVT HSS EXCELLENCE  BINAGANJ",प्रतिभागी,शिक्षक
AK1908,Rajendrababu Bhargava,Guna,CHACHODA,"23070420221, GOVT HSS EXCELLENCE  BINAGANJ",प्रतिभागी,शिक्षक
AK2109,Harisingh Kori,Guna,CHACHODA,"23070420221, GOVT HSS EXCELLENCE  BINAGANJ",प्रतिभागी,शिक्षक
AK4518,Mahesh Prasad Sahu,Guna,CHACHODA,"23070420221, GOVT HSS EXCELLENCE  BINAGANJ",प्रतिभागी,शिक्षक
AK4540,Badri Lal,Guna,CHACHODA,"23070420221, GOVT HSS EXCELLENCE  BINAGANJ",प्रतिभागी,शिक्षक
AK1865,Udham Singh Khare,Guna,CHACHODA,"23070420220, GOVT HSS GIRLS  BINAGANJ",प्रतिभागी,शिक्षक
AK1612,Narendra Sharma,Guna,CHACHODA,"23070420032, GOVT HSS BOYS  KHUMBHA RAJ",प्रतिभागी,शिक्षक
AK4498,Rameshwar Meena,Guna,CHACHODA,"23070420032, GOVT HSS BOYS  KHUMBHA RAJ",प्रतिभागी,शिक्षक
AK1759,Rajesh Paliwal,Guna,CHACHODA,"23070420033, GOVT HSS GIRLS KHUMBHA RAJ",प्रतिभागी,शिक्षक
AK2137,Murarilal Meena,Guna,CHACHODA,"23070420033, GOVT HSS GIRLS KHUMBHA RAJ",प्रतिभागी,शिक्षक
AK5745,Suresh Kumar Shivhare,Guna,CHACHODA,"23070420033, GOVT HSS GIRLS KHUMBHA RAJ",प्रतिभागी,शिक्षक
CB5003,GOLU SAHRIYA,Guna,CHACHODA,"23070420033, GOVT HSS GIRLS KHUMBHA RAJ",प्रतिभागी,शिक्षक
AK1526,Niranjan Singh Meena,Guna,CHACHODA,"23070420119, GOVT HSS BOYS  CHACHODA",प्रतिभागी,सीएसी
AK1714,Mamta Chouksey,Guna,CHACHODA,"23070420119, GOVT HSS BOYS  CHACHODA",प्रतिभागी,शिक्षक
AK2022,Kumudini Sharma,Guna,CHACHODA,"23070420119, GOVT HSS BOYS  CHACHODA",प्रतिभागी,शिक्षक
AK2180,Parmal Singh Bheel,Guna,CHACHODA,"23070420119, GOVT HSS BOYS  CHACHODA",प्रतिभागी,शिक्षक
BS1958,Chandra Prabha Mudgal,Guna,CHACHODA,"23070420119, GOVT HSS BOYS  CHACHODA",प्रतिभागी,शिक्षक
BW1846,Deepak Sharma,Guna,CHACHODA,"23070420119, GOVT HSS BOYS  CHACHODA",प्रतिभागी,शिक्षक
BR8212,Mukesh Kumar Mehara,Guna,CHACHODA,"23070417503, GOVT HS UMARTHANA",प्रतिभागी,बीएसी
CA8798,ANJULATA GUPTA,Guna,CHACHODA,"23070417503, GOVT HS UMARTHANA",प्रतिभागी,शिक्षक
AK2517,SAMINA KHAN,Guna,CHACHODA,"23070420108, GOVT GIRLS MS CHACHODA",प्रतिभागी,शिक्षक
BA2957,Vipin Meena,Guna,CHACHODA,"23070420108, GOVT GIRLS MS CHACHODA",प्रतिभागी,सीएसी
BP8049,Suresh Mer,Guna,CHACHODA,"23070420108, GOVT GIRLS MS CHACHODA",प्रतिभागी,शिक्षक
AK4511,Raj Kumar,Guna,CHACHODA,"23070401412, GOVT HSS  MRUGVAS",प्रतिभागी,शिक्षक
BY7660,Vishnu Prasad Lodha,Guna,CHACHODA,"23070401412, GOVT HSS  MRUGVAS",प्रतिभागी,शिक्षक
AK1836,Ramprasad Bheel,Guna,CHACHODA,"23070415407, GOVT HS BATAVDA",प्रतिभागी,शिक्षक
AK4587,Ghanshyam Jatav,Guna,CHACHODA,"23070415407, GOVT HS BATAVDA",प्रतिभागी,शिक्षक
BP3696,Ramsewak Meena,Guna,CHACHODA,"23070415407, GOVT HS BATAVDA",प्रतिभागी,शिक्षक
BW6266,Dhannalal Lodha,Guna,CHACHODA,"23070415407, GOVT HS BATAVDA",प्रतिभागी,शिक्षक
AK4596,Laxminarayan Sen,Guna,CHACHODA,"23070419707, GOVT HS SANAI",प्रतिभागी,शिक्षक
BT8388,Kamla Rahul,Guna,CHACHODA,"23070419707, GOVT HS SANAI",प्रतिभागी,शिक्षक
BY6670,Dhanvantri Goutam,Guna,CHACHODA,"23070419707, GOVT HS SANAI",प्रतिभागी,शिक्षक
BS5691,Sanjay Sharma,Guna,CHACHODA,"23070408704, GOVT HS BANSAHEDA KALA",प्रतिभागी,शिक्षक
BV5125,Hari Singh Rathod,Guna,CHACHODA,"23070408704, GOVT HS BANSAHEDA KALA",प्रतिभागी,शिक्षक
CA3645,Mahendra Kumar Nagar,Guna,CHACHODA,"23070408704, GOVT HS BANSAHEDA KALA",प्रतिभागी,शिक्षक
BU3839,Muneem Ahirwar,Guna,CHACHODA,"23070400706, GOVT HS BADOD",प्रतिभागी,शिक्षक
BW2989,Santosh Meena,Guna,CHACHODA,"23070400706, GOVT HS BADOD",प्रतिभागी,शिक्षक
BW6263,Shyam Meena,Guna,CHACHODA,"23070400706, GOVT HS BADOD",प्रतिभागी,शिक्षक
AK4812,Bablu Mehra,Guna,CHACHODA,"23070419506, GOVT HSS TELI GAON",प्रतिभागी,शिक्षक
AU5007,Om Prakash,Guna,CHACHODA,"23070419506, GOVT HSS TELI GAON",प्रतिभागी,शिक्षक
BP2853,Lal SEN,Guna,CHACHODA,"23070419506, GOVT HSS TELI GAON",प्रतिभागी,शिक्षक
AC2590,Shyam Babu Shrma,Guna,GUNA,"23070613619, GOVT HSS MYANA",प्रतिभागी,शिक्षक
AC4247,Chandra Shekhar Sharma,Guna,GUNA,"23070613619, GOVT HSS MYANA",प्रतिभागी,शिक्षक
BS5231,Roop Singh Rawat,Guna,GUNA,"23070613619, GOVT HSS MYANA",प्रतिभागी,शिक्षक
BW2038,Rajesh Kumar Jatav,Guna,GUNA,"23070613619, GOVT HSS MYANA",प्रतिभागी,शिक्षक
CB5290,JITENDRA BHARGAVA,Guna,GUNA,"23070613619, GOVT HSS MYANA",प्रतिभागी,शिक्षक
AK2748,Ashok Kumar Raghuwanshi,Guna,GUNA,"23070608108, GOVT HS BHADORA",प्रतिभागी,शिक्षक
AK2854,Bharat Singh Parihar,Guna,GUNA,"23070608108, GOVT HS BHADORA",प्रतिभागी,शिक्षक
AK3555,Deepesh Dubey,Guna,GUNA,"23070608108, GOVT HS BHADORA",प्रतिभागी,शिक्षक
AK3605,Jay Raj Verma,Guna,GUNA,"23070608108, GOVT HS BHADORA",प्रतिभागी,शिक्षक
AK3638,Ramsingh Dhakad,Guna,GUNA,"23070608108, GOVT HS BHADORA",प्रतिभागी,शिक्षक
AK4600,Eginius Akka,Guna,GUNA,"23070608108, GOVT HS BHADORA",प्रतिभागी,शिक्षक
BB5933,Ramkumar Sharama,Guna,GUNA,"23070608108, GOVT HS BHADORA",प्रतिभागी,शिक्षक
BP6171,Shiv Kant Sharma,Guna,GUNA,"23070608108, GOVT HS BHADORA",प्रतिभागी,शिक्षक
BS1927,Vinod Kumar Singh,Guna,GUNA,"23070608108, GOVT HS BHADORA",प्रतिभागी,शिक्षक
BS4635,Brajesh Kumar Namdeo,Guna,GUNA,"23070608108, GOVT HS BHADORA",प्रतिभागी,शिक्षक
BS4678,Neeti Raghuwanshi,Guna,GUNA,"23070608108, GOVT HS BHADORA",प्रतिभागी,शिक्षक
BS8583,Ramkrishna Raghuwanshi,Guna,GUNA,"23070608108, GOVT HS BHADORA",प्रतिभागी,शिक्षक
BW2518,Jyoti Soni,Guna,GUNA,"23070608108, GOVT HS BHADORA",प्रतिभागी,शिक्षक
AK2674,Rajesh Shrivastav,Guna,GUNA,"23070616503, GOVT HS PATAI",प्रतिभागी,शिक्षक
AK3069,Saket Suman Raghuvanshi,Guna,GUNA,"23070616503, GOVT HS PATAI",प्रतिभागी,शिक्षक
AK3313,Himmat Singh Chouhan,Guna,GUNA,"23070616503, GOVT HS PATAI",प्रतिभागी,शिक्षक
AK3424,Vinod Shivhare,Guna,GUNA,"23070616503, GOVT HS PATAI",प्रतिभागी,शिक्षक
AK3434,Smt.Radha Bhinde,Guna,GUNA,"23070616503, GOVT HS PATAI",प्रतिभागी,शिक्षक
AU8224,Devilal Koli,Guna,GUNA,"23070616503, GOVT HS PATAI",प्रतिभागी,शिक्षक
BQ7607,Banti Chandel,Guna,GUNA,"23070616503, GOVT HS PATAI",प्रतिभागी,शिक्षक
BW5233,Vandna Raghuvanshi,Guna,GUNA,"23070616503, GOVT HS PATAI",प्रतिभागी,शिक्षक
BW8729,Megha Jain,Guna,GUNA,"23070616503, GOVT HS PATAI",प्रतिभागी,शिक्षक
AK2996,Sunil Delwar,Guna,GUNA,"23070628363, GOVT HSS BOYS CANTT GUNA",प्रतिभागी,शिक्षक
AK3061,Jitendra Rajak,Guna,GUNA,"23070628363, GOVT HSS BOYS CANTT GUNA",प्रतिभागी,शिक्षक
AK4373,Kishori Lal Ahirwar,Guna,GUNA,"23070628363, GOVT HSS BOYS CANTT GUNA",प्रतिभागी,शिक्षक
BA9109,Durgesh Kumar Kushwah,Guna,GUNA,"23070628363, GOVT HSS BOYS CANTT GUNA",प्रतिभागी,शिक्षक
BW4491,Alka Arya,Guna,GUNA,"23070628363, GOVT HSS BOYS CANTT GUNA",प्रतिभागी,शिक्षक
BY7178,Sonu Harijan,Guna,GUNA,"23070628363, GOVT HSS BOYS CANTT GUNA",प्रतिभागी,शिक्षक
AC2538,Santosh Sahu,Guna,GUNA,"23070601106, GOVT HSS PAGARA",प्रतिभागी,शिक्षक
AC3364,Shahnaj Farooqui,Guna,GUNA,"23070601106, GOVT HSS PAGARA",प्रतिभागी,शिक्षक
AK3066,Ajay Kumar Mahor,Guna,GUNA,"23070601106, GOVT HSS PAGARA",प्रतिभागी,शिक्षक
AK3589,Mukesh Kumar Ojha,Guna,GUNA,"23070601106, GOVT HSS PAGARA",प्रतिभागी,शिक्षक
BA1089,Purushottam Vishvakarma,Guna,GUNA,"23070601106, GOVT HSS PAGARA",प्रतिभागी,शिक्षक
BV8534,Pawan Kumar Bunkar,Guna,GUNA,"23070601106, GOVT HSS PAGARA",प्रतिभागी,शिक्षक
BY5431,Suneeta Raghuwanshi,Guna,GUNA,"23070601106, GOVT HSS PAGARA",प्रतिभागी,शिक्षक
CD5292,BASANT RAGHUWANSHI,Guna,GUNA,"23070601106, GOVT HSS PAGARA",प्रतिभागी,शिक्षक
AC3961,Rita Mathur,Guna,GUNA,"23070606906, GOVT HS MAVAN",प्रतिभागी,शिक्षक
AK2970,Dharmendra Parashar,Guna,GUNA,"23070606906, GOVT HS MAVAN",प्रतिभागी,शिक्षक
AK3081,Vandana Hundet,Guna,GUNA,"23070606906, GOVT HS MAVAN",प्रतिभागी,शिक्षक
AK3249,Naresh Rav Bastri,Guna,GUNA,"23070606906, GOVT HS MAVAN",प्रतिभागी,शिक्षक
AK3469,Mohini Shrivastava,Guna,GUNA,"23070606906, GOVT HS MAVAN",प्रतिभागी,शिक्षक
AK3620,Sonu Raghuwanshi,Guna,GUNA,"23070606906, GOVT HS MAVAN",प्रतिभागी,शिक्षक
BS5822,Rashmi Dubey,Guna,GUNA,"23070606906, GOVT HS MAVAN",प्रतिभागी,शिक्षक
BX8929,Archana Sharma,Guna,GUNA,"23070606906, GOVT HS MAVAN",प्रतिभागी,शिक्षक
BW5222,Niranjan Ray,Guna,GUNA,"23070628366, GOVT HSS GIRLS MLB  GUNA",प्रतिभागी,शिक्षक
BZ7678,Sapna Verma,Guna,GUNA,"23070611910, GOVT HSS MARKIMAU",प्रतिभागी,शिक्षक
AJ9636,Sarita Shinde,Guna,GUNA,"23070633003, GOVT HSS NO 2 GUNA",प्रतिभागी,शिक्षक
AK2984,Sanjay Bhargava,Guna,GUNA,"23070633003, GOVT HSS NO 2 GUNA",प्रतिभागी,शिक्षक
AK5886,Vinita Modi,Guna,GUNA,"23070633003, GOVT HSS NO 2 GUNA",प्रतिभागी,शिक्षक
BE8321,MOHANLAL MEENA,Guna,GUNA,"23070633003, GOVT HSS NO 2 GUNA",प्रतिभागी,शिक्षक
BP5877,Kiran Bhiroriya,Guna,GUNA,"23070633003, GOVT HSS NO 2 GUNA",प्रतिभागी,शिक्षक
BP6235,Kiran Sharma,Guna,GUNA,"23070633003, GOVT HSS NO 2 GUNA",प्रतिभागी,शिक्षक
BP7175,Himani Tiwari,Guna,GUNA,"23070633003, GOVT HSS NO 2 GUNA",प्रतिभागी,शिक्षक
BS5741,Neetu Chourasiya,Guna,GUNA,"23070633003, GOVT HSS NO 2 GUNA",प्रतिभागी,शिक्षक
BV6564,Hariom Nagar,Guna,GUNA,"23070633003, GOVT HSS NO 2 GUNA",प्रतिभागी,शिक्षक
BV7790,Aarti Modak,Guna,GUNA,"23070633003, GOVT HSS NO 2 GUNA",प्रतिभागी,शिक्षक
BV7978,Vicky Shrivastave,Guna,GUNA,"23070633003, GOVT HSS NO 2 GUNA",प्रतिभागी,शिक्षक
BX6902,Manish Kumar Jain,Guna,GUNA,"23070633003, GOVT HSS NO 2 GUNA",प्रतिभागी,शिक्षक
BX9660,Dharmendra Kumar Suman,Guna,GUNA,"23070633003, GOVT HSS NO 2 GUNA",प्रतिभागी,शिक्षक
BY7212,Rajendra Tailor,Guna,GUNA,"23070633003, GOVT HSS NO 2 GUNA",प्रतिभागी,शिक्षक
BY9162,Veerendra Singh Jatav,Guna,GUNA,"23070633003, GOVT HSS NO 2 GUNA",प्रतिभागी,शिक्षक
AK2975,Bharti Shrivastav,Guna,GUNA,"23070609706, GOVT HS HARIPUR",प्रतिभागी,शिक्षक
AK3459,Gulab Karmaiya,Guna,GUNA,"23070609706, GOVT HS HARIPUR",प्रतिभागी,शिक्षक
AK3534,Gurudayal Vyas,Guna,GUNA,"23070609706, GOVT HS HARIPUR",प्रतिभागी,शिक्षक
AK3592,Sudhir Shrivastav,Guna,GUNA,"23070609706, GOVT HS HARIPUR",प्रतिभागी,शिक्षक
BR9443,Barkha Jugan,Guna,GUNA,"23070609706, GOVT HS HARIPUR",प्रतिभागी,शिक्षक
AK2919,Jagdish Mathuria,Guna,GUNA,"23070612514, GOVT HSS BAJRANGGARH",प्रतिभागी,शिक्षक
BN4756,Kavita Garg,Guna,GUNA,"23070612514, GOVT HSS BAJRANGGARH",प्रतिभागी,शिक्षक
BN5175,Manisha Delwar,Guna,GUNA,"23070612514, GOVT HSS BAJRANGGARH",प्रतिभागी,शिक्षक
BW5235,Vishnu Pratap Singh Kushwah,Guna,GUNA,"23070612514, GOVT HSS BAJRANGGARH",प्रतिभागी,शिक्षक
BZ3293,Radheshyam Jatav,Guna,GUNA,"23070612514, GOVT HSS BAJRANGGARH",प्रतिभागी,शिक्षक
AJ9679,Jitendra Kumar Namdev,Guna,GUNA,"23070609407, GOVT HSS BARKHEDA GIRD",प्रतिभागी,शिक्षक
AK2621,Anil Kumar Jha,Guna,GUNA,"23070609407, GOVT HSS BARKHEDA GIRD",प्रतिभागी,शिक्षक
AK3008,Om Prakash Agrawal,Guna,GUNA,"23070609407, GOVT HSS BARKHEDA GIRD",प्रतिभागी,शिक्षक
AK3429,Surekha Singh Bhadauria,Guna,GUNA,"23070609407, GOVT HSS BARKHEDA GIRD",प्रतिभागी,शिक्षक
AK3760,Kishan Lal Ahirwar,Guna,GUNA,"23070609407, GOVT HSS BARKHEDA GIRD",प्रतिभागी,शिक्षक
BW2813,Arvind Kumar Dhakad,Guna,GUNA,"23070609407, GOVT HSS BARKHEDA GIRD",प्रतिभागी,शिक्षक
CD7576,RAJEEV RAGHUWANSHI,Guna,GUNA,"23070609407, GOVT HSS BARKHEDA GIRD",प्रतिभागी,शिक्षक
AK5933,Jitendra Singh Kushwah,Guna,RAGHOGARH,"23070905405, GOVT HSS DHARNAVDA",प्रतिभागी,शिक्षक
AK1092,Shailja Sharma,Guna,RAGHOGARH,"23070903914, GOVT HSS RUTHIYAI",प्रतिभागी,शिक्षक
AK3215,Saiyed Maqsood Ali,Guna,RAGHOGARH,"23070903914, GOVT HSS RUTHIYAI",प्रतिभागी,शिक्षक
AK4748,Dilip Kumar Sharma,Guna,RAGHOGARH,"23070903914, GOVT HSS RUTHIYAI",प्रतिभागी,सीएसी
AK4807,Manoj Kumar Sahu,Guna,RAGHOGARH,"23070903914, GOVT HSS RUTHIYAI",प्रतिभागी,सीएसी
AK4826,Puran Lal Meena,Guna,RAGHOGARH,"23070903914, GOVT HSS RUTHIYAI",प्रतिभागी,शिक्षक
AK5436,Umesh Kumar,Guna,RAGHOGARH,"23070903914, GOVT HSS RUTHIYAI",प्रतिभागी,शिक्षक
AK5891,Surendra Kumar Chandel,Guna,RAGHOGARH,"23070903914, GOVT HSS RUTHIYAI",प्रतिभागी,शिक्षक
AK5991,Kammod Singh,Guna,RAGHOGARH,"23070903914, GOVT HSS RUTHIYAI",प्रतिभागी,शिक्षक
AK6079,Ramnarayan Prajapati,Guna,RAGHOGARH,"23070903914, GOVT HSS RUTHIYAI",प्रतिभागी,शिक्षक
CB5005,DEEKSHA PANTHI,Guna,RAGHOGARH,"23070903914, GOVT HSS RUTHIYAI",प्रतिभागी,शिक्षक
AC3342,Pramod Kumar Shrivastava,Guna,RAGHOGARH,"23070901304, GOVT HSS DONGAR",प्रतिभागी,शिक्षक
AK5631,Krishna Baghel,Guna,RAGHOGARH,"23070901304, GOVT HSS DONGAR",प्रतिभागी,शिक्षक
CD5918,KALPNA KUSHWAH,Guna,RAGHOGARH,"23070901304, GOVT HSS DONGAR",प्रतिभागी,शिक्षक
AK5516,Mustak Khan Mansuri,Guna,RAGHOGARH,"23070901244, GOVT HSS EXCELLENCE  RAGHOGARH",प्रतिभागी,शिक्षक
AK5646,Jagmohan Pal,Guna,RAGHOGARH,"23070901244, GOVT HSS EXCELLENCE  RAGHOGARH",प्रतिभागी,शिक्षक
AK5091,Kamlesh Meena,Guna,RAGHOGARH,"23070906806, GOVT HSS GAWARI",प्रतिभागी,शिक्षक
AK5657,Kamal Kishan,Guna,RAGHOGARH,"23070906806, GOVT HSS GAWARI",प्रतिभागी,शिक्षक
AK4867,Basanti Lal Ahirwar,Guna,RAGHOGARH,"23070907909, GOVT HSS BARSAT",प्रतिभागी,शिक्षक
AK5455,Jagdish Gole,Guna,RAGHOGARH,"23070907909, GOVT HSS BARSAT",प्रतिभागी,शिक्षक
AK5568,Saravan Singh Bikawat,Guna,RAGHOGARH,"23070907909, GOVT HSS BARSAT",प्रतिभागी,शिक्षक
AK5683,Namita Shrivastava,Guna,RAGHOGARH,"23070907909, GOVT HSS BARSAT",प्रतिभागी,शिक्षक
BR4222,Manoj Kumar Arya,Guna,RAGHOGARH,"23070907909, GOVT HSS BARSAT",प्रतिभागी,शिक्षक
BX3802,Govind Meena,Guna,RAGHOGARH,"23070907909, GOVT HSS BARSAT",प्रतिभागी,शिक्षक
BZ3460,Pooja Chaurasiya,Guna,RAGHOGARH,"23070907909, GOVT HSS BARSAT",प्रतिभागी,शिक्षक
CD5619,KULDEEP RAO,Guna,RAGHOGARH,"23070907909, GOVT HSS BARSAT",प्रतिभागी,शिक्षक
AC3473,Vijay Kumar Vastri,Guna,RAGHOGARH,"23070901245, GOVT HSS GIRLS RAGHOGARH",प्रतिभागी,शिक्षक
AK5386,Kapil Kumar Parihar,Guna,RAGHOGARH,"23070901245, GOVT HSS GIRLS RAGHOGARH",प्रतिभागी,शिक्षक
AK5391,Noorjahan Bano,Guna,RAGHOGARH,"23070901245, GOVT HSS GIRLS RAGHOGARH",प्रतिभागी,शिक्षक
AK5486,Rajni Bunkar,Guna,RAGHOGARH,"23070901245, GOVT HSS GIRLS RAGHOGARH",प्रतिभागी,शिक्षक
AK5526,Niranjan Singh Ahirwar,Guna,RAGHOGARH,"23070901245, GOVT HSS GIRLS RAGHOGARH",प्रतिभागी,शिक्षक
AK5668,Madhvi Sharan Shrivastava,Guna,RAGHOGARH,"23070901245, GOVT HSS GIRLS RAGHOGARH",प्रतिभागी,शिक्षक
AK5808,Mamta Shrivastava,Guna,RAGHOGARH,"23070901245, GOVT HSS GIRLS RAGHOGARH",प्रतिभागी,शिक्षक
BQ9267,Vishal Pant,Guna,RAGHOGARH,"23070901245, GOVT HSS GIRLS RAGHOGARH",प्रतिभागी,शिक्षक
AC4155,Suresh Kumar Bunkar,Guna,RAGHOGARH,"23070906411, GOVT HSS AWAN",प्रतिभागी,शिक्षक
AK5284,Shishupal Singh Rajpoot,Guna,RAGHOGARH,"23070906411, GOVT HSS AWAN",प्रतिभागी,शिक्षक
AK5457,Abdul Raish Khan,Guna,RAGHOGARH,"23070906411, GOVT HSS AWAN",प्रतिभागी,शिक्षक
AK5513,Mukesh Kumar Sharma,Guna,RAGHOGARH,"23070906411, GOVT HSS AWAN",प्रतिभागी,शिक्षक
AK5833,Shashi Prajapati,Guna,RAGHOGARH,"23070906411, GOVT HSS AWAN",प्रतिभागी,शिक्षक
BQ8743,Smt Archna Sharma,Guna,RAGHOGARH,"23070906411, GOVT HSS AWAN",प्रतिभागी,शिक्षक
BZ6332,Mohammed Vajid Khan,Guna,RAGHOGARH,"23070906411, GOVT HSS AWAN",प्रतिभागी,शिक्षक
CB6524,RADHESHYAM SAHIRIYA,Guna,RAGHOGARH,"23070906411, GOVT HSS AWAN",प्रतिभागी,शिक्षक
BW7226,Banveer Singh Meena,Guna,RAGHOGARH,"23070909615, GOVT HSS  JAMNER",प्रतिभागी,शिक्षक
AC2526,Namrta Sailor,Guna,RAGHOGARH,"23070911326, GOVT BOYS  HSS MADHUSUDANGARH",प्रतिभागी,शिक्षक
AK4793,RADHA Bai Sen,Guna,RAGHOGARH,"23070911326, GOVT BOYS  HSS MADHUSUDANGARH",प्रतिभागी,शिक्षक
CB5001,SIDDHARTH DHAKAD,Guna,RAGHOGARH,"23070911326, GOVT BOYS  HSS MADHUSUDANGARH",प्रतिभागी,शिक्षक
CB5299,SHRIDAMA KIRAR,Guna,RAGHOGARH,"23070913906, GOVT HS UKAVAD",प्रतिभागी,शिक्षक
AK4828,Rajendra Singh Barehia,Guna,RAGHOGARH,"23070915104, GOVT HS NASIRPUR",प्रतिभागी,शिक्षक
BY8199,Ravi Kumar Ahirwar,Guna,RAGHOGARH,"23070915104, GOVT HS NASIRPUR",प्रतिभागी,शिक्षक
CD8712,JAYESH MALVIYA,Guna,RAGHOGARH,"23070915104, GOVT HS NASIRPUR",प्रतिभागी,शिक्षक
BQ9447,Jameel Ahmed,Gwalior,BHITARWAR,"23040220302, GOVT. HSS EXCELLENCE, BHITERWAR(9-12) BHITARWAR",प्रतिभागी,शिक्षक
CB5461,SURENDRA AHIRWAR,Gwalior,BHITARWAR,"23040220302, GOVT. HSS EXCELLENCE, BHITERWAR(9-12) BHITARWAR",प्रतिभागी,शिक्षक
CD4518,MANISHA RAJOURIYA,Gwalior,BHITARWAR,"23040220302, GOVT. HSS EXCELLENCE, BHITERWAR(9-12) BHITARWAR",प्रतिभागी,शिक्षक
AL1633,Parambeer Singh,Gwalior,BHITARWAR,"23040201206, GOVT. HS MOHANGAD(9-10) BHITARWAR",प्रतिभागी,शिक्षक
AL1684,Santosh Sharma,Gwalior,BHITARWAR,"23040201206, GOVT. HS MOHANGAD(9-10) BHITARWAR",प्रतिभागी,शिक्षक
AL3232,Narendra Singh Rawat,Gwalior,BHITARWAR,"23040201206, GOVT. HS MOHANGAD(9-10) BHITARWAR",प्रतिभागी,शिक्षक
BQ7272,Sunil Kumar Sharma,Gwalior,BHITARWAR,"23040201206, GOVT. HS MOHANGAD(9-10) BHITARWAR",प्रतिभागी,शिक्षक
BY1821,Vikram Singh Yadav,Gwalior,BHITARWAR,"23040201206, GOVT. HS MOHANGAD(9-10) BHITARWAR",प्रतिभागी,शिक्षक
BZ5851,Tara Chandra Mathur,Gwalior,BHITARWAR,"23040201206, GOVT. HS MOHANGAD(9-10) BHITARWAR",प्रतिभागी,शिक्षक
AL1597,Laxmikant Najgarh,Gwalior,BHITARWAR,"23040201714, GOVT. HSS SANKHANI(9-12) BHITARWAR",प्रतिभागी,शिक्षक
AL3272,Umesh Kumar Lakshkar,Gwalior,BHITARWAR,"23040201714, GOVT. HSS SANKHANI(9-12) BHITARWAR",प्रतिभागी,शिक्षक
BZ5830,Sudhir Kumar Gautam,Gwalior,BHITARWAR,"23040201714, GOVT. HSS SANKHANI(9-12) BHITARWAR",प्रतिभागी,शिक्षक
AL1635,Mukesh Kumar Sharma,Gwalior,BHITARWAR,"23040203706, GOVT. HS SINGHARAN(9-10) BHITARWAR",प्रतिभागी,शिक्षक
BZ7574,Murari Lal Tyagi,Gwalior,BHITARWAR,"23040203706, GOVT. HS SINGHARAN(9-10) BHITARWAR",प्रतिभागी,शिक्षक
AK6299,Virendra Kumar Manjhi,Gwalior,BHITARWAR,"23040213219, GOVT. HSS KARHIYA(9-12)  BHITARWAR",प्रतिभागी,शिक्षक
AK6220,Rameshwar Dayal Bhuneriya,Gwalior,BHITARWAR,"23040209128, GOVT. HSS CHINOR(9-12) BHITARWAR",प्रतिभागी,शिक्षक
AK6229,Pelix Tirkey,Gwalior,BHITARWAR,"23040209128, GOVT. HSS CHINOR(9-12) BHITARWAR",प्रतिभागी,शिक्षक
AL1571,Vineeta Gautam,Gwalior,BHITARWAR,"23040209128, GOVT. HSS CHINOR(9-12) BHITARWAR",प्रतिभागी,शिक्षक
AL1695,Pushapa Yadav,Gwalior,BHITARWAR,"23040209128, GOVT. HSS CHINOR(9-12) BHITARWAR",प्रतिभागी,शिक्षक
BR1372,Dinesh Kumar Sharma,Gwalior,BHITARWAR,"23040209128, GOVT. HSS CHINOR(9-12) BHITARWAR",प्रतिभागी,शिक्षक
AL1579,Brajendra Singh Yadav,Gwalior,BHITARWAR,"23040208019, GOVT. HS BANBAR(9-10) BHITARWAR",प्रतिभागी,शिक्षक
AL1627,Sushma Majhi,Gwalior,BHITARWAR,"23040208019, GOVT. HS BANBAR(9-10) BHITARWAR",प्रतिभागी,शिक्षक
BN1762,Omprakash Upadhyay,Gwalior,BHITARWAR,"23040208019, GOVT. HS BANBAR(9-10) BHITARWAR",प्रतिभागी,शिक्षक
BQ1050,Bhupendra Nigam,Gwalior,BHITARWAR,"23040208019, GOVT. HS BANBAR(9-10) BHITARWAR",प्रतिभागी,शिक्षक
AK6231,Gopal Krishn Bhargav,Gwalior,BHITARWAR,"23040211010, GOVT. HS KACHAUA(9-10) BHITARWAR",प्रतिभागी,शिक्षक
AL1624,Arun Kumar Pal,Gwalior,BHITARWAR,"23040211010, GOVT. HS KACHAUA(9-10) BHITARWAR",प्रतिभागी,शिक्षक
BX7796,Devendra Upadhyay,Gwalior,BHITARWAR,"23040211010, GOVT. HS KACHAUA(9-10) BHITARWAR",प्रतिभागी,शिक्षक
AC4159,Jai Kumar Meena,Gwalior,BHITARWAR,"23040220401, GOVT. HSS GIRLS, ANTARI(9-12) BHITARWAR",प्रतिभागी,शिक्षक
AL1652,Mukesh Kumar Kirar,Gwalior,BHITARWAR,"23040220401, GOVT. HSS GIRLS, ANTARI(9-12) BHITARWAR",प्रतिभागी,शिक्षक
BS8513,Pavan Kumar Gupta,Gwalior,BHITARWAR,"23040220401, GOVT. HSS GIRLS, ANTARI(9-12) BHITARWAR",प्रतिभागी,शिक्षक
BU4276,Kalpana Bansal,Gwalior,BHITARWAR,"23040220401, GOVT. HSS GIRLS, ANTARI(9-12) BHITARWAR",प्रतिभागी,शिक्षक
AL3300,Murari Lal Baghel,Gwalior,BHITARWAR,"23040207003, GOVT. HS DONGARPUR(9-10) BHITARWAR",प्रतिभागी,शिक्षक
AQ8589,Banwari Lal Saini,Gwalior,BHITARWAR,"23040207003, GOVT. HS DONGARPUR(9-10) BHITARWAR",प्रतिभागी,शिक्षक
BY4019,Dinesh Kumar Bansal,Gwalior,BHITARWAR,"23040207003, GOVT. HS DONGARPUR(9-10) BHITARWAR",प्रतिभागी,शिक्षक
BZ5853,Madhv Singh,Gwalior,BHITARWAR,"23040207003, GOVT. HS DONGARPUR(9-10) BHITARWAR",प्रतिभागी,शिक्षक
AK6423,Vinod Kumar Upadhyay,Gwalior,BHITARWAR,"23040213913, GOVT. HS ETMA(9-10) BHITARWAR",प्रतिभागी,शिक्षक
AL2391,Vinod Kumar Batham,Gwalior,DABRA,"23040108615, GOVT. HSS SHUKALHARI(9-12) DABRA",प्रतिभागी,शिक्षक
AL2878,Radha Khoiya,Gwalior,DABRA,"23040108615, GOVT. HSS SHUKALHARI(9-12) DABRA",प्रतिभागी,शिक्षक
BG2605,Anil Singh Parihar,Gwalior,DABRA,"23040108615, GOVT. HSS SHUKALHARI(9-12) DABRA",प्रतिभागी,शिक्षक
BW9357,Vivek Singh Rawat,Gwalior,DABRA,"23040108615, GOVT. HSS SHUKALHARI(9-12) DABRA",प्रतिभागी,शिक्षक
AK6586,Sarita Kushwah,Gwalior,DABRA,"23040109504, GOVT. HS CHAPRA(9-10) DABRA",प्रतिभागी,शिक्षक
AL2972,Kalpna Devi Soni,Gwalior,DABRA,"23040109504, GOVT. HS CHAPRA(9-10) DABRA",प्रतिभागी,शिक्षक
BN1773,Prerna Panchgavkar,Gwalior,DABRA,"23040109504, GOVT. HS CHAPRA(9-10) DABRA",प्रतिभागी,शिक्षक
AL2908,Sangeeta Shivhare,Gwalior,DABRA,"23040115604, GOVT. HS KHADWAI(9-10) DABRA",प्रतिभागी,शिक्षक
BS6217,Anita Soni,Gwalior,DABRA,"23040115604, GOVT. HS KHADWAI(9-10) DABRA",प्रतिभागी,शिक्षक
AK6533,RENU KASHYAP,Gwalior,DABRA,"23040103703, GOVT. HS BADERABUJRAG(9-10), DABRA",प्रतिभागी,शिक्षक
AK6829,Krishna Gopal Gupta,Gwalior,DABRA,"23040103703, GOVT. HS BADERABUJRAG(9-10), DABRA",प्रतिभागी,शिक्षक
AK6839,Shobha Shrivastava,Gwalior,DABRA,"23040103703, GOVT. HS BADERABUJRAG(9-10), DABRA",प्रतिभागी,शिक्षक
AL1604,Mahendra Singh Rajak,Gwalior,DABRA,"23040103703, GOVT. HS BADERABUJRAG(9-10), DABRA",प्रतिभागी,शिक्षक
AL1692,Dharmendra Singh Rawat,Gwalior,DABRA,"23040103703, GOVT. HS BADERABUJRAG(9-10), DABRA",प्रतिभागी,शिक्षक
AL2460,Debidayal Badham,Gwalior,DABRA,"23040103703, GOVT. HS BADERABUJRAG(9-10), DABRA",प्रतिभागी,शिक्षक
AL2857,Kamlesh Varma,Gwalior,DABRA,"23040103703, GOVT. HS BADERABUJRAG(9-10), DABRA",प्रतिभागी,शिक्षक
AL2860,Anoop Paranjape,Gwalior,DABRA,"23040103703, GOVT. HS BADERABUJRAG(9-10), DABRA",प्रतिभागी,शिक्षक
AL2926,Anil Kumar Shrivastava,Gwalior,DABRA,"23040103703, GOVT. HS BADERABUJRAG(9-10), DABRA",प्रतिभागी,शिक्षक
AL2957,Manju Shakya,Gwalior,DABRA,"23040103703, GOVT. HS BADERABUJRAG(9-10), DABRA",प्रतिभागी,शिक्षक
BU2854,Sapna Kaurav,Gwalior,DABRA,"23040103703, GOVT. HS BADERABUJRAG(9-10), DABRA",प्रतिभागी,शिक्षक
BU7540,Binod Dinkar,Gwalior,DABRA,"23040103703, GOVT. HS BADERABUJRAG(9-10), DABRA",प्रतिभागी,शिक्षक
BY4452,Rakhi Gupta,Gwalior,DABRA,"23040103703, GOVT. HS BADERABUJRAG(9-10), DABRA",प्रतिभागी,शिक्षक
CC8293,POOJA BHASKAR,Gwalior,DABRA,"23040103703, GOVT. HS BADERABUJRAG(9-10), DABRA",प्रतिभागी,शिक्षक
AK6725,Laxmi Parmar,Gwalior,DABRA,"23040120103, GOVT HSS EXCELLENCE DABRA(6 to12)DABRA",प्रतिभागी,शिक्षक
AK6732,Vinita Khare,Gwalior,DABRA,"23040120103, GOVT HSS EXCELLENCE DABRA(6 to12)DABRA",प्रतिभागी,शिक्षक
AK6787,Rakesh Kumar Bhargava,Gwalior,DABRA,"23040120103, GOVT HSS EXCELLENCE DABRA(6 to12)DABRA",प्रतिभागी,शिक्षक
AL2397,Rajendra Kumari Ambh,Gwalior,DABRA,"23040120103, GOVT HSS EXCELLENCE DABRA(6 to12)DABRA",प्रतिभागी,शिक्षक
AL2849,Banti Kumar Prajapati,Gwalior,DABRA,"23040120103, GOVT HSS EXCELLENCE DABRA(6 to12)DABRA",प्रतिभागी,शिक्षक
AL2852,Rajni Baghel,Gwalior,DABRA,"23040120103, GOVT HSS EXCELLENCE DABRA(6 to12)DABRA",प्रतिभागी,शिक्षक
AL2862,Neeru Modi,Gwalior,DABRA,"23040120103, GOVT HSS EXCELLENCE DABRA(6 to12)DABRA",प्रतिभागी,शिक्षक
AL2949,Santan Kerketta,Gwalior,DABRA,"23040120103, GOVT HSS EXCELLENCE DABRA(6 to12)DABRA",प्रतिभागी,शिक्षक
BY4456,Chandrakant Tiwari,Gwalior,DABRA,"23040120103, GOVT HSS EXCELLENCE DABRA(6 to12)DABRA",प्रतिभागी,शिक्षक
BZ5046,Anand Mohan Gupta,Gwalior,DABRA,"23040120103, GOVT HSS EXCELLENCE DABRA(6 to12)DABRA",प्रतिभागी,शिक्षक
CB5467,PRIYANSHI DUBEY,Gwalior,DABRA,"23040120103, GOVT HSS EXCELLENCE DABRA(6 to12)DABRA",प्रतिभागी,शिक्षक
AL1480,Jawahar Singh Kewat,Gwalior,DABRA,"23040114613, GOVT. HSS KARIYAVATI(9-12) DABRA",प्रतिभागी,शिक्षक
AL2060,Anand Kumar Agrawal,Gwalior,DABRA,"23040114613, GOVT. HSS KARIYAVATI(9-12) DABRA",प्रतिभागी,शिक्षक
AL2892,Laxman Singh Jatav,Gwalior,DABRA,"23040114613, GOVT. HSS KARIYAVATI(9-12) DABRA",प्रतिभागी,शिक्षक
BG7032,Dinesh Kumar Sharma,Gwalior,DABRA,"23040114613, GOVT. HSS KARIYAVATI(9-12) DABRA",प्रतिभागी,शिक्षक
BR5566,Anand Sharma,Gwalior,DABRA,"23040114613, GOVT. HSS KARIYAVATI(9-12) DABRA",प्रतिभागी,शिक्षक
AK6883,Theodor Lakra,Gwalior,DABRA,"23040100307, GOVT. HS BAROTHA(9-10),DABRA",प्रतिभागी,शिक्षक
AL2258,Hemant Kumar Shrotriya,Gwalior,DABRA,"23040100307, GOVT. HS BAROTHA(9-10),DABRA",प्रतिभागी,सीएसी
AL2905,Arunesh Kumar Shrivastava,Gwalior,DABRA,"23040100307, GOVT. HS BAROTHA(9-10),DABRA",प्रतिभागी,शिक्षक
AL2907,Rakesh Kumar,Gwalior,DABRA,"23040100307, GOVT. HS BAROTHA(9-10),DABRA",प्रतिभागी,शिक्षक
AL3390,Vineeta Saxena,Gwalior,DABRA,"23040100307, GOVT. HS BAROTHA(9-10),DABRA",प्रतिभागी,शिक्षक
CB5763,RAJESH OJHA,Gwalior,DABRA,"23040100307, GOVT. HS BAROTHA(9-10),DABRA",प्रतिभागी,शिक्षक
CD5142,VIPIN DUBEY,Gwalior,DABRA,"23040100307, GOVT. HS BAROTHA(9-10),DABRA",प्रतिभागी,शिक्षक
AI6590,Pushpa Chourasia,Gwalior,DABRA,"23040104810, GOVT. HS AKBAIBADI(9-10) DABRA",प्रतिभागी,शिक्षक
AL2945,Ashok Kumar Sharma,Gwalior,DABRA,"23040104810, GOVT. HS AKBAIBADI(9-10) DABRA",प्रतिभागी,शिक्षक
CA9664,SANTOSH SHARMA,Gwalior,DABRA,"23040104810, GOVT. HS AKBAIBADI(9-10) DABRA",प्रतिभागी,शिक्षक
AK6780,Ashok Kumari Gond,Gwalior,DABRA,"23040110632, GOVT. HSS BOYS, PICHOR,DABRA(9-12) DABRA",प्रतिभागी,शिक्षक
AC4275,Maniram ..,Gwalior,DABRA,"23040118301, GOVT. HSS  BILUA(9-12)DABRA",प्रतिभागी,शिक्षक
AL2160,Manoj Kumar Chaurasiya,Gwalior,DABRA,"23040118301, GOVT. HSS  BILUA(9-12)DABRA",प्रतिभागी,शिक्षक
BC4622,Anita Tomar,Gwalior,DABRA,"23040118301, GOVT. HSS  BILUA(9-12)DABRA",प्रतिभागी,शिक्षक
BX3460,Sarnam Singh Bimal,Gwalior,DABRA,"23040118301, GOVT. HSS  BILUA(9-12)DABRA",प्रतिभागी,शिक्षक
BX4437,Mithla Sharan Tiwari,Gwalior,DABRA,"23040118301, GOVT. HSS  BILUA(9-12)DABRA",प्रतिभागी,शिक्षक
BX9909,Neelam Gurjar,Gwalior,DABRA,"23040118301, GOVT. HSS  BILUA(9-12)DABRA",प्रतिभागी,शिक्षक
BY5892,Anil Chaurasiya,Gwalior,DABRA,"23040118301, GOVT. HSS  BILUA(9-12)DABRA",प्रतिभागी,शिक्षक
AC3386,Mehrun Nisha,Gwalior,GHATIGAON,"23040300140, GOVT. HSS MOHNA(9-12) GHATGAON",प्रतिभागी,शिक्षक
BQ1911,Niranjana Sharma,Gwalior,GHATIGAON,"23040300140, GOVT. HSS MOHNA(9-12) GHATGAON",प्रतिभागी,शिक्षक
AK6314,Shailendra Mishra,Gwalior,GHATIGAON,"23040305628, GOVT. HSS BARAI(9-12) GHATIGAON",प्रतिभागी,शिक्षक
AL1920,Shyam Sunder Sharma,Gwalior,GHATIGAON,"23040305628, GOVT. HSS BARAI(9-12) GHATIGAON",प्रतिभागी,शिक्षक
AX4076,Dhiraj Shrivastava,Gwalior,GHATIGAON,"23040305628, GOVT. HSS BARAI(9-12) GHATIGAON",प्रतिभागी,शिक्षक
AL1381,Rachana Kannoji,Gwalior,GHATIGAON,"23040306905, GOVT. HS NAYAGAON(9-10) GHATIGAON",प्रतिभागी,शिक्षक
AL1404,Raman Kumar Ambe,Gwalior,GHATIGAON,"23040306905, GOVT. HS NAYAGAON(9-10) GHATIGAON",प्रतिभागी,शिक्षक
AL1636,Pradeep Sharma,Gwalior,GHATIGAON,"23040306905, GOVT. HS NAYAGAON(9-10) GHATIGAON",प्रतिभागी,शिक्षक
AL2927,Bharti Bhargav,Gwalior,GHATIGAON,"23040306905, GOVT. HS NAYAGAON(9-10) GHATIGAON",प्रतिभागी,शिक्षक
BB5480,Laxmi Gautam,Gwalior,GHATIGAON,"23040306905, GOVT. HS NAYAGAON(9-10) GHATIGAON",प्रतिभागी,शिक्षक
BG4060,Vandana Tiwari,Gwalior,GHATIGAON,"23040306905, GOVT. HS NAYAGAON(9-10) GHATIGAON",प्रतिभागी,शिक्षक
BS7695,Mani Sharma,Gwalior,GHATIGAON,"23040306905, GOVT. HS NAYAGAON(9-10) GHATIGAON",प्रतिभागी,शिक्षक
BT4565,Balbeer Singh Dohare,Gwalior,GHATIGAON,"23040306905, GOVT. HS NAYAGAON(9-10) GHATIGAON",प्रतिभागी,शिक्षक
CA1568,Surendra Kumar Gautam,Gwalior,GHATIGAON,"23040306905, GOVT. HS NAYAGAON(9-10) GHATIGAON",प्रतिभागी,शिक्षक
BN4021,Anima Khalkho,Gwalior,GHATIGAON,"23040303326, GOVT. HSS EXCELLENCE, GHATIGAON(9-12)",प्रतिभागी,शिक्षक
BN4027,Savitri Dadoria,Gwalior,GHATIGAON,"23040303326, GOVT. HSS EXCELLENCE, GHATIGAON(9-12)",प्रतिभागी,शिक्षक
BZ9959,Hemlata Parihar,Gwalior,GHATIGAON,"23040303326, GOVT. HSS EXCELLENCE, GHATIGAON(9-12)",प्रतिभागी,शिक्षक
CC2186,SHWETA TIWARI,Gwalior,GHATIGAON,"23040303326, GOVT. HSS EXCELLENCE, GHATIGAON(9-12)",प्रतिभागी,शिक्षक
AL1809,Rameshwar Imley,Gwalior,GHATIGAON,"23040308022, GOVT. HS PARI(9-10) GHATIGAON",प्रतिभागी,शिक्षक
BY2258,Pallavi Gaur,Gwalior,GHATIGAON,"23040308022, GOVT. HS PARI(9-10) GHATIGAON",प्रतिभागी,शिक्षक
AC4489,Nidhi Sharma,Gwalior,GHATIGAON,"23040312717, GOVT. HS NIRAWALI(9-10) GHATIGAON",प्रतिभागी,शिक्षक
AI4889,Dharmendra Singh Rajput,Gwalior,GHATIGAON,"23040312717, GOVT. HS NIRAWALI(9-10) GHATIGAON",प्रतिभागी,शिक्षक
AK7200,Jyoti Suryan,Gwalior,GHATIGAON,"23040312717, GOVT. HS NIRAWALI(9-10) GHATIGAON",प्रतिभागी,शिक्षक
BA9668,Raj Kumar Dhakad,Gwalior,GHATIGAON,"23040312717, GOVT. HS NIRAWALI(9-10) GHATIGAON",प्रतिभागी,शिक्षक
BZ1284,Manish Kumar,Gwalior,GHATIGAON,"23040312717, GOVT. HS NIRAWALI(9-10) GHATIGAON",प्रतिभागी,शिक्षक
AK7210,Virendra Singh Rajput,Gwalior,GHATIGAON,"23040312112, GOVT. HSS KULATH(9-12) GHATIGAON",प्रतिभागी,शिक्षक
AK7420,Vijay Singh Yadav,Gwalior,GHATIGAON,"23040312112, GOVT. HSS KULATH(9-12) GHATIGAON",प्रतिभागी,शिक्षक
AK7443,Nand Kishor,Gwalior,GHATIGAON,"23040312112, GOVT. HSS KULATH(9-12) GHATIGAON",प्रतिभागी,शिक्षक
BX5558,Surendra Singh Rajpoot,Gwalior,GHATIGAON,"23040312112, GOVT. HSS KULATH(9-12) GHATIGAON",प्रतिभागी,शिक्षक
AI5249,Anushansa Shrivastav,Gwalior,GHATIGAON,"23040311136, GOVT. HSS PURANICHAWANI(9-12)GHATIGAON",प्रतिभागी,शिक्षक
AL1396,Ram Baran Dhakad,Gwalior,GHATIGAON,"23040311136, GOVT. HSS PURANICHAWANI(9-12)GHATIGAON",प्रतिभागी,शिक्षक
AL1413,Avinash Narolia,Gwalior,GHATIGAON,"23040311136, GOVT. HSS PURANICHAWANI(9-12)GHATIGAON",प्रतिभागी,शिक्षक
AL1462,Girja Rajpoot,Gwalior,GHATIGAON,"23040311136, GOVT. HSS PURANICHAWANI(9-12)GHATIGAON",प्रतिभागी,शिक्षक
BQ4201,Suresh Chandra Rawat,Gwalior,GHATIGAON,"23040311136, GOVT. HSS PURANICHAWANI(9-12)GHATIGAON",प्रतिभागी,शिक्षक
CB1964,SANGAM DHAKAR,Gwalior,GHATIGAON,"23040311136, GOVT. HSS PURANICHAWANI(9-12)GHATIGAON",प्रतिभागी,शिक्षक
AK7484,Abdul Rashid,Gwalior,GHATIGAON,"23040307906, GOVT. HS AJAYPUR(9-10)GHATIGAON",प्रतिभागी,शिक्षक
AL1374,Nabav Singh Rawat,Gwalior,GHATIGAON,"23040307906, GOVT. HS AJAYPUR(9-10)GHATIGAON",प्रतिभागी,शिक्षक
AL1435,Manoj Kumar Khare,Gwalior,GHATIGAON,"23040307906, GOVT. HS AJAYPUR(9-10)GHATIGAON",प्रतिभागी,शिक्षक
AL1471,Laxmi Narayan Jatav,Gwalior,GHATIGAON,"23040307906, GOVT. HS AJAYPUR(9-10)GHATIGAON",प्रतिभागी,शिक्षक
AL1851,Pan Singh Dhakad,Gwalior,GHATIGAON,"23040307906, GOVT. HS AJAYPUR(9-10)GHATIGAON",प्रतिभागी,शिक्षक
AL2497,Vishram Singh Yadav,Gwalior,GHATIGAON,"23040307906, GOVT. HS AJAYPUR(9-10)GHATIGAON",प्रतिभागी,शिक्षक
BB5789,Avadhesh Sharma,Gwalior,GHATIGAON,"23040307906, GOVT. HS AJAYPUR(9-10)GHATIGAON",प्रतिभागी,शिक्षक
BX4385,Raghvendra Dubey,Gwalior,GHATIGAON,"23040307906, GOVT. HS AJAYPUR(9-10)GHATIGAON",प्रतिभागी,शिक्षक
AI3860,Madhu Kushwah,Gwalior,MORAR (RURAL),"23040412404, GOVT. HSS BHADURPUR(9-12) ,MORAR",प्रतिभागी,शिक्षक
AK7088,Arun Pratap Singh,Gwalior,MORAR (RURAL),"23040412404, GOVT. HSS BHADURPUR(9-12) ,MORAR",प्रतिभागी,शिक्षक
AL1595,Rakesh Kumar Rajoriya,Gwalior,MORAR (RURAL),"23040412404, GOVT. HSS BHADURPUR(9-12) ,MORAR",प्रतिभागी,शिक्षक
AL2729,Ramesh Kumar Kushwah,Gwalior,MORAR (RURAL),"23040412404, GOVT. HSS BHADURPUR(9-12) ,MORAR",प्रतिभागी,शिक्षक
AL2737,Avdesh Kumar Parasher,Gwalior,MORAR (RURAL),"23040412404, GOVT. HSS BHADURPUR(9-12) ,MORAR",प्रतिभागी,शिक्षक
AL2738,Mahendra Singh Narvaria,Gwalior,MORAR (RURAL),"23040412404, GOVT. HSS BHADURPUR(9-12) ,MORAR",प्रतिभागी,शिक्षक
BQ9584,Shreya Shrivastava,Gwalior,MORAR (RURAL),"23040412404, GOVT. HSS BHADURPUR(9-12) ,MORAR",प्रतिभागी,शिक्षक
BW2602,Bhoopendra Singh Bhadoria,Gwalior,MORAR (RURAL),"23040412404, GOVT. HSS BHADURPUR(9-12) ,MORAR",प्रतिभागी,शिक्षक
BY4486,Sanish Rajput,Gwalior,MORAR (RURAL),"23040412404, GOVT. HSS BHADURPUR(9-12) ,MORAR",प्रतिभागी,शिक्षक
CB2301,REKHA SHARMA,Gwalior,MORAR (RURAL),"23040412404, GOVT. HSS BHADURPUR(9-12) ,MORAR",प्रतिभागी,शिक्षक
AL1685,Meena Shakya,Gwalior,MORAR (RURAL),"23040410206, GOVT. HS BERJA(9-10),MORAR",प्रतिभागी,शिक्षक
AL2600,Sandhya Singh Gurjar,Gwalior,MORAR (RURAL),"23040410206, GOVT. HS BERJA(9-10),MORAR",प्रतिभागी,शिक्षक
AL2620,Anamika Dubey,Gwalior,MORAR (RURAL),"23040410206, GOVT. HS BERJA(9-10),MORAR",प्रतिभागी,शिक्षक
AL2623,Pankaj Singh Rana,Gwalior,MORAR (RURAL),"23040410206, GOVT. HS BERJA(9-10),MORAR",प्रतिभागी,शिक्षक
AL2699,Deepak Kumar Sharma,Gwalior,MORAR (RURAL),"23040410206, GOVT. HS BERJA(9-10),MORAR",प्रतिभागी,शिक्षक
BG5577,Kusum Gurjar,Gwalior,MORAR (RURAL),"23040410206, GOVT. HS BERJA(9-10),MORAR",प्रतिभागी,शिक्षक
BQ8945,Sangeeta Singh,Gwalior,MORAR (RURAL),"23040410206, GOVT. HS BERJA(9-10),MORAR",प्रतिभागी,शिक्षक
CD2526,MERY KUJUR,Gwalior,MORAR (RURAL),"23040410206, GOVT. HS BERJA(9-10),MORAR",प्रतिभागी,शिक्षक
AI6003,Jyoti Sharma,Gwalior,MORAR (RURAL),"23040400708, GOVT. HS SUPAWALI(9-10) MORAR",प्रतिभागी,शिक्षक
AK5111,Ajir Bihari Singh,Gwalior,MORAR (RURAL),"23040400708, GOVT. HS SUPAWALI(9-10) MORAR",प्रतिभागी,शिक्षक
AL1407,Ramveer Singh Gurjar,Gwalior,MORAR (RURAL),"23040400708, GOVT. HS SUPAWALI(9-10) MORAR",प्रतिभागी,शिक्षक
AL3441,Dharmendra Nath Raje,Gwalior,MORAR (RURAL),"23040400708, GOVT. HS SUPAWALI(9-10) MORAR",प्रतिभागी,शिक्षक
BB3049,Kamlesh Kumar Bhadoliya,Gwalior,MORAR (RURAL),"23040400708, GOVT. HS SUPAWALI(9-10) MORAR",प्रतिभागी,शिक्षक
BO2619,Krishan Sharma,Gwalior,MORAR (RURAL),"23040400708, GOVT. HS SUPAWALI(9-10) MORAR",प्रतिभागी,शिक्षक
BU3464,Mohan Singh Kushwah,Gwalior,MORAR (RURAL),"23040400708, GOVT. HS SUPAWALI(9-10) MORAR",प्रतिभागी,शिक्षक
BW1055,Ramprakash Baghel,Gwalior,MORAR (RURAL),"23040400708, GOVT. HS SUPAWALI(9-10) MORAR",प्रतिभागी,शिक्षक
BW7087,Balwan Singh Yadav,Gwalior,MORAR (RURAL),"23040400708, GOVT. HS SUPAWALI(9-10) MORAR",प्रतिभागी,शिक्षक
AI3914,Sangeeta Kargaiyan,Gwalior,MORAR (RURAL),"23040414406, GOVT HS BHADROLI class 6 to 10 MORAR",प्रतिभागी,शिक्षक
AL2634,Pushpa Singh,Gwalior,MORAR (RURAL),"23040414406, GOVT HS BHADROLI class 6 to 10 MORAR",प्रतिभागी,शिक्षक
AL2697,Hukum Chand,Gwalior,MORAR (RURAL),"23040414406, GOVT HS BHADROLI class 6 to 10 MORAR",प्रतिभागी,शिक्षक
BB4758,Vinita Rahora,Gwalior,MORAR (RURAL),"23040414406, GOVT HS BHADROLI class 6 to 10 MORAR",प्रतिभागी,शिक्षक
AK7615,Atmanand Pathak,Gwalior,MORAR (RURAL),"23040415305, GOVT. HS SONSA(9-10), MORAR",प्रतिभागी,शिक्षक
AL1561,Devesh Sharma,Gwalior,MORAR (RURAL),"23040415305, GOVT. HS SONSA(9-10), MORAR",प्रतिभागी,शिक्षक
AL2578,Anita Yadav,Gwalior,MORAR (RURAL),"23040415305, GOVT. HS SONSA(9-10), MORAR",प्रतिभागी,शिक्षक
AL3464,BISHAN KUMAR,Gwalior,MORAR (RURAL),"23040415305, GOVT. HS SONSA(9-10), MORAR",प्रतिभागी,शिक्षक
BG6158,Padam Narayan Mishra,Gwalior,MORAR (RURAL),"23040415305, GOVT. HS SONSA(9-10), MORAR",प्रतिभागी,शिक्षक
BQ5635,Anjana Singh,Gwalior,MORAR (RURAL),"23040415305, GOVT. HS SONSA(9-10), MORAR",प्रतिभागी,शिक्षक
BQ8937,Astha Tomar,Gwalior,MORAR (RURAL),"23040415305, GOVT. HS SONSA(9-10), MORAR",प्रतिभागी,शिक्षक
BR6787,Pankaj Kumar Mishra,Gwalior,MORAR (RURAL),"23040415305, GOVT. HS SONSA(9-10), MORAR",प्रतिभागी,शिक्षक
BS6159,Manoj Kumar Majhi,Gwalior,MORAR (RURAL),"23040415305, GOVT. HS SONSA(9-10), MORAR",प्रतिभागी,शिक्षक
BT4088,Rakesh Kumar Dhaker,Gwalior,MORAR (RURAL),"23040415305, GOVT. HS SONSA(9-10), MORAR",प्रतिभागी,शिक्षक
BU6175,Sangeeta Bhadoriya,Gwalior,MORAR (RURAL),"23040415305, GOVT. HS SONSA(9-10), MORAR",प्रतिभागी,शिक्षक
BY3833,Gayatri Devi,Gwalior,MORAR (RURAL),"23040415305, GOVT. HS SONSA(9-10), MORAR",प्रतिभागी,शिक्षक
AK7750,Ramadhar Singh,Gwalior,MORAR (RURAL),"23040400118, GOVT. HSS BEHAT(9-12) MORAR",प्रतिभागी,शिक्षक
AL2725,Kiran Kutwariya,Gwalior,MORAR (RURAL),"23040400118, GOVT. HSS BEHAT(9-12) MORAR",प्रतिभागी,शिक्षक
AL2781,Dinesh Jatav,Gwalior,MORAR (RURAL),"23040400118, GOVT. HSS BEHAT(9-12) MORAR",प्रतिभागी,शिक्षक
BJ9726,Leelawati Kushwah,Gwalior,MORAR (RURAL),"23040400118, GOVT. HSS BEHAT(9-12) MORAR",प्रतिभागी,शिक्षक
BT8243,Abhay Kumar Sharma,Gwalior,MORAR (RURAL),"23040400118, GOVT. HSS BEHAT(9-12) MORAR",प्रतिभागी,शिक्षक
BU6984,Amita Chaturvedi,Gwalior,MORAR (RURAL),"23040400118, GOVT. HSS BEHAT(9-12) MORAR",प्रतिभागी,शिक्षक
AC3746,Jay Singh Karoriya,Gwalior,MORAR (RURAL),"23040402306, GOVT. HSS HASTINAPUR(9-12),MORAR",प्रतिभागी,सीएसी
AK7745,Pramod Upadhyay,Gwalior,MORAR (RURAL),"23040402306, GOVT. HSS HASTINAPUR(9-12),MORAR",प्रतिभागी,शिक्षक
AL2747,Rambeer Singh Shakya,Gwalior,MORAR (RURAL),"23040402306, GOVT. HSS HASTINAPUR(9-12),MORAR",प्रतिभागी,शिक्षक
BQ7174,Sangh Priya Rajveer Singh,Gwalior,MORAR (RURAL),"23040402306, GOVT. HSS HASTINAPUR(9-12),MORAR",प्रतिभागी,शिक्षक
BW8485,Kalpana Sharma,Gwalior,MORAR (RURAL),"23040402306, GOVT. HSS HASTINAPUR(9-12),MORAR",प्रतिभागी,शिक्षक
BX6742,Sharda Singh Maraiya,Gwalior,MORAR (RURAL),"23040402306, GOVT. HSS HASTINAPUR(9-12),MORAR",प्रतिभागी,शिक्षक
AK7716,Poonam Bhadouria,Gwalior,MORAR (RURAL),"23040404108, GOVT. HSS UTILA(9-12) ,MORAR",प्रतिभागी,शिक्षक
AL2590,Madhu Sudan Verma,Gwalior,MORAR (RURAL),"23040404108, GOVT. HSS UTILA(9-12) ,MORAR",प्रतिभागी,शिक्षक
AL2622,Brijesh Sharma,Gwalior,MORAR (RURAL),"23040404108, GOVT. HSS UTILA(9-12) ,MORAR",प्रतिभागी,शिक्षक
BG8754,Savita Goyal,Gwalior,MORAR (RURAL),"23040404108, GOVT. HSS UTILA(9-12) ,MORAR",प्रतिभागी,शिक्षक
BN1693,Satya Prakash Nigam,Gwalior,MORAR (RURAL),"23040404108, GOVT. HSS UTILA(9-12) ,MORAR",प्रतिभागी,शिक्षक
BX9050,Archana Agrawal,Gwalior,MORAR (RURAL),"23040404108, GOVT. HSS UTILA(9-12) ,MORAR",प्रतिभागी,शिक्षक
BY6182,Preeti Sharma,Gwalior,MORAR (RURAL),"23040404108, GOVT. HSS UTILA(9-12) ,MORAR",प्रतिभागी,शिक्षक
CB8931,ANITA SHARMA,Gwalior,MORAR (RURAL),"23040404108, GOVT. HSS UTILA(9-12) ,MORAR",प्रतिभागी,शिक्षक
AD8118,Chhaya Shrivastava,Gwalior,MORAR (RURAL),"23040413310, GOVT. HS BADORI(9-10) ,LASHKAR",प्रतिभागी,शिक्षक
AL3174,Anil Pathak,Gwalior,MORAR (RURAL),"23040413310, GOVT. HS BADORI(9-10) ,LASHKAR",प्रतिभागी,शिक्षक
BA9620,Rashmi Tiwari,Gwalior,MORAR (RURAL),"23040413310, GOVT. HS BADORI(9-10) ,LASHKAR",प्रतिभागी,शिक्षक
AI6557,Govind Singh Mahor,Gwalior,MORAR (RURAL),"23040406308, GOVT. HS BILARA(9-10) ,MORAR",प्रतिभागी,शिक्षक
BG2327,Ajay Sharma,Gwalior,MORAR (RURAL),"23040406308, GOVT. HS BILARA(9-10) ,MORAR",प्रतिभागी,शिक्षक
AK3063,Havaldar Singh Yadav,Gwalior,MORAR (RURAL),"23040407210, GOVT. HS SIRSOD(9-10) ,MORAR",प्रतिभागी,शिक्षक
AK4830,Raju Rathore,Gwalior,MORAR (RURAL),"23040407210, GOVT. HS SIRSOD(9-10) ,MORAR",प्रतिभागी,शिक्षक
AL2595,Pradeep Dixit,Gwalior,MORAR (RURAL),"23040407210, GOVT. HS SIRSOD(9-10) ,MORAR",प्रतिभागी,शिक्षक
AL3036,Rajendra Sahu,Gwalior,MORAR (RURAL),"23040407210, GOVT. HS SIRSOD(9-10) ,MORAR",प्रतिभागी,शिक्षक
CA1097,Deepa Sengar,Gwalior,MORAR (RURAL),"23040407210, GOVT. HS SIRSOD(9-10) ,MORAR",प्रतिभागी,शिक्षक
AL2943,Usha Verma,Gwalior,MORAR (URBAN-1),"23040516637, GOVT. HSS GIRLS, SHINDE KI CHAWANI, LASHKAR",प्रतिभागी,शिक्षक
CA8578,PALLAVI SHRIVASTAVA,Gwalior,MORAR (URBAN-1),"23040505749, GOVT HSS GIRLS GAJRARAJA class 1 to 12 LASHKAR",प्रतिभागी,शिक्षक
CC3994,ABHILASHA BHARGAVA,Gwalior,MORAR (URBAN-1),"23040505749, GOVT HSS GIRLS GAJRARAJA class 1 to 12 LASHKAR",प्रतिभागी,शिक्षक
AI3367,Usha Baghel,Gwalior,MORAR (URBAN-1),"23040504548, GOVT HSS BOYS  GORKHI Class 1 to 12 LASHKAR",प्रतिभागी,शिक्षक
BG1886,Dileep Kumar Shreemali,Gwalior,MORAR (URBAN-1),"23040504548, GOVT HSS BOYS  GORKHI Class 1 to 12 LASHKAR",प्रतिभागी,शिक्षक
BS6150,Archana Raikwar,Gwalior,MORAR (URBAN-1),"23040504548, GOVT HSS BOYS  GORKHI Class 1 to 12 LASHKAR",प्रतिभागी,शिक्षक
CB3761,SHIVNARARAYAN SHARMA,Gwalior,MORAR (URBAN-1),"23040504548, GOVT HSS BOYS  GORKHI Class 1 to 12 LASHKAR",प्रतिभागी,शिक्षक
AI4041,Santosh Singh Kushwah,Gwalior,MORAR (URBAN-1),"23040505335, GOVT. HSS GIRLS, PADMA(9-12) , LASHKAR",प्रतिभागी,शिक्षक
AL1408,Abhishek Shukla,Gwalior,MORAR (URBAN-1),"23040505335, GOVT. HSS GIRLS, PADMA(9-12) , LASHKAR",प्रतिभागी,शिक्षक
BD3332,Rajkumari Verma,Gwalior,MORAR (URBAN-1),"23040505335, GOVT. HSS GIRLS, PADMA(9-12) , LASHKAR",प्रतिभागी,शिक्षक
BG2617,Kumud Kirti Chauhan,Gwalior,MORAR (URBAN-1),"23040505335, GOVT. HSS GIRLS, PADMA(9-12) , LASHKAR",प्रतिभागी,शिक्षक
BG6800,Rekha Sikarwar,Gwalior,MORAR (URBAN-1),"23040505335, GOVT. HSS GIRLS, PADMA(9-12) , LASHKAR",प्रतिभागी,शिक्षक
BP8370,Jyoti Sahu,Gwalior,MORAR (URBAN-1),"23040505335, GOVT. HSS GIRLS, PADMA(9-12) , LASHKAR",प्रतिभागी,शिक्षक
CB4488,MANJU PARIHAR,Gwalior,MORAR (URBAN-1),"23040505335, GOVT. HSS GIRLS, PADMA(9-12) , LASHKAR",प्रतिभागी,शिक्षक
CD1296,ARPITA SHRIVASTAV,Gwalior,MORAR (URBAN-1),"23040505335, GOVT. HSS GIRLS, PADMA(9-12) , LASHKAR",प्रतिभागी,शिक्षक
AL2950,Archana Rajoriya,Gwalior,MORAR (URBAN-2),"23040516896, GOVT. HSS GIRLS(9-12), GWALIOR",प्रतिभागी,शिक्षक
BB5456,Sarvesh Kumar Dohare,Gwalior,MORAR (URBAN-2),"23040516896, GOVT. HSS GIRLS(9-12), GWALIOR",प्रतिभागी,शिक्षक
BO6814,Jitendra Singh Nimesh,Gwalior,MORAR (URBAN-2),"23040516896, GOVT. HSS GIRLS(9-12), GWALIOR",प्रतिभागी,शिक्षक
BS7600,Munendra Singh Tomar,Gwalior,MORAR (URBAN-2),"23040516896, GOVT. HSS GIRLS(9-12), GWALIOR",प्रतिभागी,शिक्षक
CC9951,CHANCHAL GARG,Gwalior,MORAR (URBAN-2),"23040516896, GOVT. HSS GIRLS(9-12), GWALIOR",प्रतिभागी,शिक्षक
CD3114,ABHILASHA VISHWAKARMA,Gwalior,MORAR (URBAN-2),"23040516896, GOVT. HSS GIRLS(9-12), GWALIOR",प्रतिभागी,शिक्षक
AL2554,Seema Yadav,Gwalior,MORAR (URBAN-2),"23040509862, GOVT. HSS BOYS, SHIKCHA NAGAR(9-12) ,GWALIOR",प्रतिभागी,शिक्षक
AL3166,Anuradha Sharma,Gwalior,MORAR (URBAN-2),"23040509862, GOVT. HSS BOYS, SHIKCHA NAGAR(9-12) ,GWALIOR",प्रतिभागी,शिक्षक
AR6161,Shiv Shankar Rathor,Gwalior,MORAR (URBAN-2),"23040509862, GOVT. HSS BOYS, SHIKCHA NAGAR(9-12) ,GWALIOR",प्रतिभागी,शिक्षक
CB5600,SHIKHA GAUTAM,Gwalior,MORAR (URBAN-2),"23040509862, GOVT. HSS BOYS, SHIKCHA NAGAR(9-12) ,GWALIOR",प्रतिभागी,शिक्षक
AF6748,Ranjana Verma,Gwalior,MORAR (URBAN-2),"23040516259, GHSS GIRLS MLB MORAR Class 6 to 12",प्रतिभागी,शिक्षक
AK7688,Rekha Sharma,Gwalior,MORAR (URBAN-2),"23040516259, GHSS GIRLS MLB MORAR Class 6 to 12",प्रतिभागी,शिक्षक
AK9278,Pramila Jadon,Gwalior,MORAR (URBAN-2),"23040516259, GHSS GIRLS MLB MORAR Class 6 to 12",प्रतिभागी,शिक्षक
AL1469,Jyotsna Gupta,Gwalior,MORAR (URBAN-2),"23040516259, GHSS GIRLS MLB MORAR Class 6 to 12",प्रतिभागी,शिक्षक
AL2565,Santosh Kumar Garg,Gwalior,MORAR (URBAN-2),"23040516259, GHSS GIRLS MLB MORAR Class 6 to 12",प्रतिभागी,शिक्षक
AL3472,Veer Singh,Gwalior,MORAR (URBAN-2),"23040516259, GHSS GIRLS MLB MORAR Class 6 to 12",प्रतिभागी,शिक्षक
AU1871,Rakhi Goswami,Gwalior,MORAR (URBAN-2),"23040516259, GHSS GIRLS MLB MORAR Class 6 to 12",प्रतिभागी,शिक्षक
BG4769,Neelam Sharma,Gwalior,MORAR (URBAN-2),"23040516259, GHSS GIRLS MLB MORAR Class 6 to 12",प्रतिभागी,शिक्षक
BQ9288,Ranjna Jha,Gwalior,MORAR (URBAN-2),"23040516259, GHSS GIRLS MLB MORAR Class 6 to 12",प्रतिभागी,शिक्षक
BX7792,Akhilesh Jain,Gwalior,MORAR (URBAN-2),"23040516259, GHSS GIRLS MLB MORAR Class 6 to 12",प्रतिभागी,शिक्षक
BY8143,Brijmohan Goswami,Gwalior,MORAR (URBAN-2),"23040516259, GHSS GIRLS MLB MORAR Class 6 to 12",प्रतिभागी,शिक्षक
BZ3636,Anuradha Sharma,Gwalior,MORAR (URBAN-2),"23040516259, GHSS GIRLS MLB MORAR Class 6 to 12",प्रतिभागी,शिक्षक
CD2143,VARTIKA RATHORE,Gwalior,MORAR (URBAN-2),"23040516259, GHSS GIRLS MLB MORAR Class 6 to 12",प्रतिभागी,शिक्षक
AL2545,Chandra Prakash,Gwalior,MORAR (URBAN-2),"23040517099, GOVT. HSS BOYS, NO 2, MORAR",प्रतिभागी,शिक्षक
BK3066,Arti Rajput,Gwalior,MORAR (URBAN-2),"23040517099, GOVT. HSS BOYS, NO 2, MORAR",प्रतिभागी,शिक्षक
BQ1444,Savita Vyas,Gwalior,MORAR (URBAN-2),"23040517099, GOVT. HSS BOYS, NO 2, MORAR",प्रतिभागी,शिक्षक
BX1982,Sangeeta Mishra,Gwalior,MORAR (URBAN-2),"23040517099, GOVT. HSS BOYS, NO 2, MORAR",प्रतिभागी,शिक्षक
BY5236,Mukesh Singh Yadav,Gwalior,MORAR (URBAN-2),"23040517099, GOVT. HSS BOYS, NO 2, MORAR",प्रतिभागी,शिक्षक
AI4501,Manoj Kumar Shrivastava,Gwalior,MORAR (URBAN-2),"23040507898, GOVT. HSS BOYS, HARIDARSHAN, LASHKAR",प्रतिभागी,शिक्षक
AI5304,Premlata Arya,Gwalior,MORAR (URBAN-2),"23040507898, GOVT. HSS BOYS, HARIDARSHAN, LASHKAR",प्रतिभागी,शिक्षक
AL3515,Krishna Varshney,Gwalior,MORAR (URBAN-2),"23040507898, GOVT. HSS BOYS, HARIDARSHAN, LASHKAR",प्रतिभागी,शिक्षक
BG3261,Alpana Kamar,Gwalior,MORAR (URBAN-2),"23040507898, GOVT. HSS BOYS, HARIDARSHAN, LASHKAR",प्रतिभागी,शिक्षक
BG8456,Mamtesh Bhadoria,Gwalior,MORAR (URBAN-2),"23040507898, GOVT. HSS BOYS, HARIDARSHAN, LASHKAR",प्रतिभागी,शिक्षक
BN1621,Barkha Singh Bhadoriya,Gwalior,MORAR (URBAN-2),"23040507898, GOVT. HSS BOYS, HARIDARSHAN, LASHKAR",प्रतिभागी,शिक्षक
BP7214,Nootan Sharma,Gwalior,MORAR (URBAN-2),"23040507898, GOVT. HSS BOYS, HARIDARSHAN, LASHKAR",प्रतिभागी,शिक्षक
BT8758,Gita Porwal,Gwalior,MORAR (URBAN-2),"23040507898, GOVT. HSS BOYS, HARIDARSHAN, LASHKAR",प्रतिभागी,शिक्षक
BU5757,Deepti Pandey,Gwalior,MORAR (URBAN-2),"23040507898, GOVT. HSS BOYS, HARIDARSHAN, LASHKAR",प्रतिभागी,शिक्षक
BV8801,Mahendra Singh Dhakar,Gwalior,MORAR (URBAN-2),"23040507898, GOVT. HSS BOYS, HARIDARSHAN, LASHKAR",प्रतिभागी,शिक्षक
BX7553,Pratibha Johari,Gwalior,MORAR (URBAN-2),"23040507898, GOVT. HSS BOYS, HARIDARSHAN, LASHKAR",प्रतिभागी,शिक्षक
BQ4164,Arti Khandel,Harda,HARDA,"23360104906, GOVT. HSS ABGAONKALA",प्रतिभागी,शिक्षक
AL4373,Arun Kumar Sharma,Harda,HARDA,"23360105705, GOVT. HSS KHEDA",प्रतिभागी,शिक्षक
AO1944,Prahlad Singh Jat,Harda,HARDA,"23360105705, GOVT. HSS KHEDA",प्रतिभागी,सीएसी
AO2731,Shrikrishna Chouhan,Harda,HARDA,"23360105705, GOVT. HSS KHEDA",प्रतिभागी,शिक्षक
BR9491,Narendra Kumar,Harda,HARDA,"23360105705, GOVT. HSS KHEDA",प्रतिभागी,शिक्षक
CD2569,RINKEE DEHELWAR,Harda,HARDA,"23360105705, GOVT. HSS KHEDA",प्रतिभागी,शिक्षक
AL4400,Ashish Kumar Sevarik,Harda,HARDA,"23360117209, GOVT. HSS M.G., HARDA",प्रतिभागी,शिक्षक
AL4444,Ramesh Kushwaha,Harda,HARDA,"23360117209, GOVT. HSS M.G., HARDA",प्रतिभागी,शिक्षक
AL5095,Sohanlal Jajda,Harda,HARDA,"23360117209, GOVT. HSS M.G., HARDA",प्रतिभागी,शिक्षक
AL5108,Savita Uikey,Harda,HARDA,"23360117209, GOVT. HSS M.G., HARDA",प्रतिभागी,शिक्षक
AL5114,Bharat Amkare,Harda,HARDA,"23360117209, GOVT. HSS M.G., HARDA",प्रतिभागी,शिक्षक
AL5507,Dinesh Kumar Somani,Harda,HARDA,"23360117209, GOVT. HSS M.G., HARDA",प्रतिभागी,शिक्षक
AL5537,Rajesh Kumar Verma,Harda,HARDA,"23360117209, GOVT. HSS M.G., HARDA",प्रतिभागी,शिक्षक
BT7053,Priti Soni,Harda,HARDA,"23360117209, GOVT. HSS M.G., HARDA",प्रतिभागी,शिक्षक
AL4424,Rajbala Shukla,Harda,HARDA,"23360116706, GOVT. HS NP HARDA",प्रतिभागी,शिक्षक
AL4435,Bhagavti Mmandrai,Harda,HARDA,"23360116706, GOVT. HS NP HARDA",प्रतिभागी,शिक्षक
AL4558,Pramila Charve,Harda,HARDA,"23360116706, GOVT. HS NP HARDA",प्रतिभागी,शिक्षक
AL5538,Mukesh Sharma,Harda,HARDA,"23360116706, GOVT. HS NP HARDA",प्रतिभागी,शिक्षक
AL6571,Nagesh Kumar Pare,Harda,HARDA,"23360116706, GOVT. HS NP HARDA",प्रतिभागी,शिक्षक
AO2918,Ashok Kumar Rathour,Harda,HARDA,"23360116706, GOVT. HS NP HARDA",प्रतिभागी,शिक्षक
BR7591,Asha Doriya,Harda,HARDA,"23360116706, GOVT. HS NP HARDA",प्रतिभागी,शिक्षक
AL4775,Ramesh Kumar Mishra,Harda,HARDA,"23360111806, GOVT. HSS  MASANGAON",प्रतिभागी,शिक्षक
AL5966,Veenu Chandra,Harda,HARDA,"23360111806, GOVT. HSS  MASANGAON",प्रतिभागी,शिक्षक
BR7600,Mamta Bhargav,Harda,HARDA,"23360111806, GOVT. HSS  MASANGAON",प्रतिभागी,शिक्षक
AL4746,Shiv Narayan Malviya,Harda,HARDA,"23360113707, GOVT. HSS BALAGAON",प्रतिभागी,शिक्षक
AL5493,Hari Singh Tekam,Harda,HARDA,"23360113707, GOVT. HSS BALAGAON",प्रतिभागी,शिक्षक
BV9301,Ramnivas Gour,Harda,HARDA,"23360113707, GOVT. HSS BALAGAON",प्रतिभागी,शिक्षक
BY8339,Kapil Sharma,Harda,HARDA,"23360113707, GOVT. HSS BALAGAON",प्रतिभागी,सीएसी
CD2226,SHUBHAM SISODIYA,Harda,HARDA,"23360113707, GOVT. HSS BALAGAON",प्रतिभागी,शिक्षक
CD2546,SHASHIKALA BHAISARE,Harda,HARDA,"23360113707, GOVT. HSS BALAGAON",प्रतिभागी,शिक्षक
AL4433,Shaheen Parveen Khan,Harda,HARDA,"23360117410, GOVT. HSS GIRLS, HARDA",प्रतिभागी,शिक्षक
AL4768,Nirmala Barade,Harda,HARDA,"23360117410, GOVT. HSS GIRLS, HARDA",प्रतिभागी,शिक्षक
AL4794,Vandana Mishra,Harda,HARDA,"23360117410, GOVT. HSS GIRLS, HARDA",प्रतिभागी,शिक्षक
BD3639,Seema Nirala,Harda,HARDA,"23360117410, GOVT. HSS GIRLS, HARDA",प्रतिभागी,शिक्षक
BQ9102,Pushplata Patel,Harda,HARDA,"23360117410, GOVT. HSS GIRLS, HARDA",प्रतिभागी,शिक्षक
BR7912,Vijaya Moghey,Harda,HARDA,"23360117410, GOVT. HSS GIRLS, HARDA",प्रतिभागी,शिक्षक
BV5466,Ranu Tiwari,Harda,HARDA,"23360117410, GOVT. HSS GIRLS, HARDA",प्रतिभागी,शिक्षक
BW1953,Sangeeta Sisodiya,Harda,HARDA,"23360117410, GOVT. HSS GIRLS, HARDA",प्रतिभागी,शिक्षक
BZ1985,Meena Yadav,Harda,HARDA,"23360117410, GOVT. HSS GIRLS, HARDA",प्रतिभागी,शिक्षक
AL4412,Shekh Idresh Qureshi,Harda,HARDA,"23360101609, GOVT. HSS HANDIYA",प्रतिभागी,शिक्षक
AL4428,Manmohan Gorkhe,Harda,HARDA,"23360101609, GOVT. HSS HANDIYA",प्रतिभागी,शिक्षक
AL5045,Kuvarsingh Kushwah,Harda,HARDA,"23360101609, GOVT. HSS HANDIYA",प्रतिभागी,शिक्षक
AL5499,Laxmi Narayan Dudi,Harda,HARDA,"23360101609, GOVT. HSS HANDIYA",प्रतिभागी,शिक्षक
AM2636,Rajendra Kumar,Harda,HARDA,"23360101609, GOVT. HSS HANDIYA",प्रतिभागी,शिक्षक
BH5863,Sanchita Vyas,Harda,HARDA,"23360101609, GOVT. HSS HANDIYA",प्रतिभागी,शिक्षक
BR1134,Nagesh Thakare,Harda,HARDA,"23360101609, GOVT. HSS HANDIYA",प्रतिभागी,शिक्षक
CD2566,ARJUN MUHASI,Harda,HARDA,"23360101609, GOVT. HSS HANDIYA",प्रतिभागी,शिक्षक
AK4442,Neelam Shinde,Harda,KHIRKIYA,"23360316409, GOVT. HSS GIRLS, KHIRKIYA",प्रतिभागी,शिक्षक
AL4071,Meena Bhaardwaj,Harda,KHIRKIYA,"23360316409, GOVT. HSS GIRLS, KHIRKIYA",प्रतिभागी,शिक्षक
CD6091,RAMKISHOR KHARE,Harda,KHIRKIYA,"23360301707, GOVT. HSS MANDLA",प्रतिभागी,शिक्षक
AL6239,Jagdish Temle,Harda,KHIRKIYA,"23360304605, GOVT .HSS DEEPGOAN KALAN",प्रतिभागी,सीएसी
AL4653,Sudheer Kumar Dubey,Harda,KHIRKIYA,"23360305114, GOVT. HSS CHARUWA",प्रतिभागी,शिक्षक
BQ8373,Shashikanta Chouhan,Harda,KHIRKIYA,"23360305114, GOVT. HSS CHARUWA",प्रतिभागी,शिक्षक
BR7614,Sanju Jariya,Harda,KHIRKIYA,"23360305114, GOVT. HSS CHARUWA",प्रतिभागी,शिक्षक
CD9214,DURGA MARSKOLE,Harda,KHIRKIYA,"23360307704, GOVT. HSS MORGADI",प्रतिभागी,शिक्षक
AL6370,Mahendra Singh Waskale,Harda,KHIRKIYA,"23360309916, GOVT. HSS GIRLS, SIRALI",प्रतिभागी,शिक्षक
AL6321,Shravan Markam,Harda,TIMARNI,"23360210304, GOVT. HS PHULRI",प्रतिभागी,शिक्षक
BQ2166,Haider Ali Syad,Harda,TIMARNI,"23360210304, GOVT. HS PHULRI",प्रतिभागी,शिक्षक
CD1602,CHAINSINGH CHOUHAN,Harda,TIMARNI,"23360210304, GOVT. HS PHULRI",प्रतिभागी,शिक्षक
CD1685,UDIT IVANE,Harda,TIMARNI,"23360210304, GOVT. HS PHULRI",प्रतिभागी,शिक्षक
AL4828,Omprakash Verma,Harda,TIMARNI,"23360206507, GOVT. HSS TEMAGOAN",प्रतिभागी,शिक्षक
AL5713,Kamal Singh Khanve,Harda,TIMARNI,"23360206507, GOVT. HSS TEMAGOAN",प्रतिभागी,शिक्षक
AL5846,Gopal Yadav,Harda,TIMARNI,"23360206507, GOVT. HSS TEMAGOAN",प्रतिभागी,शिक्षक
AL5889,Sahav Lal Dhurve,Harda,TIMARNI,"23360206507, GOVT. HSS TEMAGOAN",प्रतिभागी,शिक्षक
AL5890,Sanjay Uikey,Harda,TIMARNI,"23360206507, GOVT. HSS TEMAGOAN",प्रतिभागी,शिक्षक
AL5895,Siyaram Chauhan,Harda,TIMARNI,"23360206507, GOVT. HSS TEMAGOAN",प्रतिभागी,शिक्षक
BT7360,Sitaram Solanki,Harda,TIMARNI,"23360206507, GOVT. HSS TEMAGOAN",प्रतिभागी,शिक्षक
BZ2545,SUBHASH CHOURIYA,Harda,TIMARNI,"23360206507, GOVT. HSS TEMAGOAN",प्रतिभागी,शिक्षक
AL4886,Prayag Singh Rajput,Harda,TIMARNI,"23360208309, GOVT. HSS SODALPUR",प्रतिभागी,शिक्षक
AL5441,Mukesh Kumar Mourya,Harda,TIMARNI,"23360208309, GOVT. HSS SODALPUR",प्रतिभागी,शिक्षक
AL5442,Ramkrishna Gour,Harda,TIMARNI,"23360208309, GOVT. HSS SODALPUR",प्रतिभागी,सीएसी
AL5297,Rekha Bachhotiya,Harda,TIMARNI,"23360210123, GOVT. HSS BOYS, REHATGAON",प्रतिभागी,शिक्षक
AL5416,Umashankar Bankey,Harda,TIMARNI,"23360210123, GOVT. HSS BOYS, REHATGAON",प्रतिभागी,शिक्षक
AL5795,Ganeshprasad Rajgire,Harda,TIMARNI,"23360210123, GOVT. HSS BOYS, REHATGAON",प्रतिभागी,शिक्षक
AL5816,Kamal Singh Bhalavi,Harda,TIMARNI,"23360210123, GOVT. HSS BOYS, REHATGAON",प्रतिभागी,शिक्षक
AL5836,Devki Shisodiya,Harda,TIMARNI,"23360210123, GOVT. HSS BOYS, REHATGAON",प्रतिभागी,शिक्षक
BV4408,Bhagwan Singh Shonwanshii,Harda,TIMARNI,"23360210123, GOVT. HSS BOYS, REHATGAON",प्रतिभागी,शिक्षक
CD1680,SEEMA KARMA,Harda,TIMARNI,"23360210123, GOVT. HSS BOYS, REHATGAON",प्रतिभागी,शिक्षक
CD2258,KALPNA UIKEY,Harda,TIMARNI,"23360210123, GOVT. HSS BOYS, REHATGAON",प्रतिभागी,शिक्षक
CE3250,SWETA SHARMA,Harda,TIMARNI,"23360210123, GOVT. HSS BOYS, REHATGAON",प्रतिभागी,शिक्षक
AL5439,Vishnu Prasad Chaudhary,Harda,TIMARNI,"23360210124, GOVT. HS GIRLS, REHATGAON",प्रतिभागी,शिक्षक
AL5787,Santosh Kumar Verma,Harda,TIMARNI,"23360210124, GOVT. HS GIRLS, REHATGAON",प्रतिभागी,शिक्षक
CD1577,NEELAM MAJHI,Harda,TIMARNI,"23360210124, GOVT. HS GIRLS, REHATGAON",प्रतिभागी,शिक्षक
CD1690,VYOMKESH ARSE,Harda,TIMARNI,"23360210124, GOVT. HS GIRLS, REHATGAON",प्रतिभागी,शिक्षक
AL5043,Gyan Singh Beldar,Harda,TIMARNI,"23360218201, GOVT. HSS GIRLS, TIMARNI",प्रतिभागी,शिक्षक
AL5109,Gangadhar Bhopte,Harda,TIMARNI,"23360218201, GOVT. HSS GIRLS, TIMARNI",प्रतिभागी,शिक्षक
AL5242,Sattar Shah,Harda,TIMARNI,"23360218201, GOVT. HSS GIRLS, TIMARNI",प्रतिभागी,शिक्षक
AL5444,Rameshchandra Kaushal,Harda,TIMARNI,"23360218201, GOVT. HSS GIRLS, TIMARNI",प्रतिभागी,शिक्षक
AL5728,Deepak Kumar Gour,Harda,TIMARNI,"23360218201, GOVT. HSS GIRLS, TIMARNI",प्रतिभागी,शिक्षक
BR6464,Chandra Kant Agrawal,Harda,TIMARNI,"23360218201, GOVT. HSS GIRLS, TIMARNI",प्रतिभागी,शिक्षक
BV4420,Rajesh Chhalotre,Harda,TIMARNI,"23360218201, GOVT. HSS GIRLS, TIMARNI",प्रतिभागी,शिक्षक
AL5201,Jyotsana Verma,Harda,TIMARNI,"23360217307, GOVT. HSS EXCELLENCE, TIMARNI",प्रतिभागी,शिक्षक
AL5204,Suchita Pal,Harda,TIMARNI,"23360217307, GOVT. HSS EXCELLENCE, TIMARNI",प्रतिभागी,शिक्षक
AL5208,Shyam Kumar Dixit,Harda,TIMARNI,"23360217307, GOVT. HSS EXCELLENCE, TIMARNI",प्रतिभागी,शिक्षक
AL5887,Tulsi Ram Koshal,Harda,TIMARNI,"23360217307, GOVT. HSS EXCELLENCE, TIMARNI",प्रतिभागी,शिक्षक
AL4161,Dinesh Kumar Ghavri,Harda,TIMARNI,"23360204104, GOVT. HSS CHHIPANER",प्रतिभागी,शिक्षक
AL5122,Sunil Singh,Harda,TIMARNI,"23360204104, GOVT. HSS CHHIPANER",प्रतिभागी,शिक्षक
AL5963,Abhimanyu Sharma,Harda,TIMARNI,"23360204104, GOVT. HSS CHHIPANER",प्रतिभागी,शिक्षक
CA9351,SWATI BHALAVI,Harda,TIMARNI,"23360204104, GOVT. HSS CHHIPANER",प्रतिभागी,शिक्षक
CD5233,RAKESH THAKUR,Harda,TIMARNI,"23360204104, GOVT. HSS CHHIPANER",प्रतिभागी,शिक्षक
AM6191,ARPANA Mitesh Trivedi,Indore,DEPALPUR,"23260309508, GOVT HSS DHANNAD",प्रतिभागी,शिक्षक
AM6216,Gangaram Dabi,Indore,DEPALPUR,"23260309508, GOVT HSS DHANNAD",प्रतिभागी,शिक्षक
AM6241,Indersingh Chouhan,Indore,DEPALPUR,"23260309508, GOVT HSS DHANNAD",प्रतिभागी,शिक्षक
AM6244,Harsha Wagh,Indore,DEPALPUR,"23260309508, GOVT HSS DHANNAD",प्रतिभागी,शिक्षक
AM6262,Sarita Sudras,Indore,DEPALPUR,"23260309508, GOVT HSS DHANNAD",प्रतिभागी,शिक्षक
CB1054,ASHA PARMAR,Indore,DEPALPUR,"23260309508, GOVT HSS DHANNAD",प्रतिभागी,शिक्षक
AM3728,Ghanshyam Yadav,Indore,DEPALPUR,"23260314219, GOVT HSS BETMA",प्रतिभागी,शिक्षक
AM3815,Shalinee Chundawat Panwar,Indore,DEPALPUR,"23260314219, GOVT HSS BETMA",प्रतिभागी,शिक्षक
AM3826,Vaijayanti Solanki,Indore,DEPALPUR,"23260314219, GOVT HSS BETMA",प्रतिभागी,शिक्षक
AM5648,Manorama Patidar,Indore,DEPALPUR,"23260314219, GOVT HSS BETMA",प्रतिभागी,शिक्षक
AM8857,Kavita Ramawat,Indore,DEPALPUR,"23260314219, GOVT HSS BETMA",प्रतिभागी,शिक्षक
BQ3793,Sangeeta Prajapat,Indore,DEPALPUR,"23260314219, GOVT HSS BETMA",प्रतिभागी,शिक्षक
BY1907,Priti Bala Paliwal,Indore,DEPALPUR,"23260314219, GOVT HSS BETMA",प्रतिभागी,शिक्षक
AM3609,Lalchand Makwana,Indore,DEPALPUR,"23260314218, GOVT HSS GIRLS BETMA",प्रतिभागी,शिक्षक
AM3626,Madhuri Nagrale,Indore,DEPALPUR,"23260314218, GOVT HSS GIRLS BETMA",प्रतिभागी,शिक्षक
AM3705,Kamal Verma,Indore,DEPALPUR,"23260314218, GOVT HSS GIRLS BETMA",प्रतिभागी,शिक्षक
BQ4567,Rajendra Ratnkar,Indore,DEPALPUR,"23260306139, GOVT HSS EXCELLENCE DEPALPUR",प्रतिभागी,शिक्षक
BR8759,Azad Patel,Indore,DEPALPUR,"23260306139, GOVT HSS EXCELLENCE DEPALPUR",प्रतिभागी,शिक्षक
CD2621,TARUNA VERMA,Indore,DEPALPUR,"23260306139, GOVT HSS EXCELLENCE DEPALPUR",प्रतिभागी,शिक्षक
AM4452,Sadik Mohammed Khan,Indore,DEPALPUR,"23260306140, GOVT HSS GIRLS DEPALPUR",प्रतिभागी,शिक्षक
AM4818,Sapana Jain,Indore,DEPALPUR,"23260306140, GOVT HSS GIRLS DEPALPUR",प्रतिभागी,शिक्षक
AM5193,Munnalal Borana,Indore,DEPALPUR,"23260306140, GOVT HSS GIRLS DEPALPUR",प्रतिभागी,शिक्षक
AM4606,Satyanarayan Solanki,Indore,DEPALPUR,"23260311011, GOVT HSS ATAHEDA",प्रतिभागी,शिक्षक
AM4865,Bhupendra Singh Bais,Indore,DEPALPUR,"23260311011, GOVT HSS ATAHEDA",प्रतिभागी,शिक्षक
AM9678,Pratap Singh Goud,Indore,DEPALPUR,"23260311011, GOVT HSS ATAHEDA",प्रतिभागी,शिक्षक
AM4807,Rajkumar Patel,Indore,DEPALPUR,"23260319817, GOVT HSS GIRLS GOUTAMPURA",प्रतिभागी,शिक्षक
AM4930,Rajesh Goud,Indore,DEPALPUR,"23260319817, GOVT HSS GIRLS GOUTAMPURA",प्रतिभागी,शिक्षक
AM5214,Bahadur Singh Kachhawa,Indore,DEPALPUR,"23260319817, GOVT HSS GIRLS GOUTAMPURA",प्रतिभागी,शिक्षक
AM5333,Mangilal Solanki,Indore,DEPALPUR,"23260319817, GOVT HSS GIRLS GOUTAMPURA",प्रतिभागी,शिक्षक
AM5177,Kailash Chandra Yadav,Indore,DEPALPUR,"23260319816, GOVT HSS BOYS GOUTAMPURA",प्रतिभागी,शिक्षक
AM5186,Manohar Lal Patidar,Indore,DEPALPUR,"23260319816, GOVT HSS BOYS GOUTAMPURA",प्रतिभागी,शिक्षक
AM5265,Vandana Kashyap,Indore,DEPALPUR,"23260319816, GOVT HSS BOYS GOUTAMPURA",प्रतिभागी,शिक्षक
AM5402,Ganesh Koli,Indore,DEPALPUR,"23260319816, GOVT HSS BOYS GOUTAMPURA",प्रतिभागी,शिक्षक
AM6048,Swati Thergaonkar,Indore,INDORE (URBAN-1),"23260105733, GOVT HSS GIRLS BIJALPUR",प्रतिभागी,शिक्षक
AM6247,Reetu Pandit,Indore,INDORE (URBAN-1),"23260105733, GOVT HSS GIRLS BIJALPUR",प्रतिभागी,शिक्षक
AM6698,Meena Damle,Indore,INDORE (URBAN-1),"23260105733, GOVT HSS GIRLS BIJALPUR",प्रतिभागी,शिक्षक
BP9598,Neeta Bhoge,Indore,INDORE (URBAN-1),"23260105733, GOVT HSS GIRLS BIJALPUR",प्रतिभागी,शिक्षक
BT4105,Manju Nagar,Indore,INDORE (URBAN-1),"23260105733, GOVT HSS GIRLS BIJALPUR",प्रतिभागी,शिक्षक
BV5263,Ira Jain,Indore,INDORE (URBAN-1),"23260105733, GOVT HSS GIRLS BIJALPUR",प्रतिभागी,शिक्षक
CD2801,POOJA VERMA,Indore,INDORE (URBAN-1),"23260105733, GOVT HSS GIRLS BIJALPUR",प्रतिभागी,शिक्षक
AM5781,Madhuri Tillu,Indore,INDORE (URBAN-1),"23260105617, GOVT HSS GIRLS MALAV MOTITABELA",प्रतिभागी,शिक्षक
AM6271,Sonal Joshi,Indore,INDORE (URBAN-1),"23260105617, GOVT HSS GIRLS MALAV MOTITABELA",प्रतिभागी,शिक्षक
AO2080,Pallavi Sohani,Indore,INDORE (URBAN-1),"23260105617, GOVT HSS GIRLS MALAV MOTITABELA",प्रतिभागी,शिक्षक
BE1907,Ranu Dashore,Indore,INDORE (URBAN-1),"23260105617, GOVT HSS GIRLS MALAV MOTITABELA",प्रतिभागी,शिक्षक
BP8401,Priyanka Rathore,Indore,INDORE (URBAN-1),"23260105617, GOVT HSS GIRLS MALAV MOTITABELA",प्रतिभागी,शिक्षक
BS9777,Ankita Surana,Indore,INDORE (URBAN-1),"23260105617, GOVT HSS GIRLS MALAV MOTITABELA",प्रतिभागी,शिक्षक
BX3409,Sangita Panchakshari,Indore,INDORE (URBAN-1),"23260105617, GOVT HSS GIRLS MALAV MOTITABELA",प्रतिभागी,शिक्षक
BX8470,Lalita Sachdev,Indore,INDORE (URBAN-1),"23260105617, GOVT HSS GIRLS MALAV MOTITABELA",प्रतिभागी,शिक्षक
AM5548,Reena Parmar,Indore,INDORE (URBAN-1),"23260101825, GOVT HSS GIRLS SHARDA",प्रतिभागी,शिक्षक
AM6196,Vidhya Trivedi,Indore,INDORE (URBAN-1),"23260101825, GOVT HSS GIRLS SHARDA",प्रतिभागी,शिक्षक
AM6209,Rekha Bhardwaj,Indore,INDORE (URBAN-1),"23260101825, GOVT HSS GIRLS SHARDA",प्रतिभागी,शिक्षक
AM7708,BADRILAL BHITOLIYA,Indore,INDORE (URBAN-1),"23260101825, GOVT HSS GIRLS SHARDA",प्रतिभागी,शिक्षक
AS6936,Rashmi Sahu,Indore,INDORE (URBAN-1),"23260101825, GOVT HSS GIRLS SHARDA",प्रतिभागी,शिक्षक
AW2328,Manju Shukla,Indore,INDORE (URBAN-1),"23260101825, GOVT HSS GIRLS SHARDA",प्रतिभागी,शिक्षक
BQ9922,Khushboo Raghuwanshi,Indore,INDORE (URBAN-1),"23260101825, GOVT HSS GIRLS SHARDA",प्रतिभागी,शिक्षक
BV4273,Sonal Tiwari,Indore,INDORE (URBAN-1),"23260101825, GOVT HSS GIRLS SHARDA",प्रतिभागी,शिक्षक
BV4645,Shilpa Jain,Indore,INDORE (URBAN-1),"23260101825, GOVT HSS GIRLS SHARDA",प्रतिभागी,शिक्षक
BW8386,Kuldeep Bhatewara,Indore,INDORE (URBAN-1),"23260101825, GOVT HSS GIRLS SHARDA",प्रतिभागी,शिक्षक
BY7214,Manorama Sharma,Indore,INDORE (URBAN-1),"23260101825, GOVT HSS GIRLS SHARDA",प्रतिभागी,शिक्षक
AJ5652,Manisha Sharma,Indore,INDORE (URBAN-1),"23260103010, GOVT HSS GIRLS KASTURBA SHUBHAS",प्रतिभागी,शिक्षक
AM5025,Anisa Bee,Indore,INDORE (URBAN-1),"23260103010, GOVT HSS GIRLS KASTURBA SHUBHAS",प्रतिभागी,शिक्षक
AM8502,Shrimati Seema Shukla,Indore,INDORE (URBAN-1),"23260103010, GOVT HSS GIRLS KASTURBA SHUBHAS",प्रतिभागी,शिक्षक
AM8561,Manoj Gupta,Indore,INDORE (URBAN-1),"23260103010, GOVT HSS GIRLS KASTURBA SHUBHAS",प्रतिभागी,शिक्षक
AM8952,Jayshree Trivedi,Indore,INDORE (URBAN-1),"23260103010, GOVT HSS GIRLS KASTURBA SHUBHAS",प्रतिभागी,शिक्षक
AM9186,Nigar Sultana,Indore,INDORE (URBAN-1),"23260103010, GOVT HSS GIRLS KASTURBA SHUBHAS",प्रतिभागी,शिक्षक
BH2285,Neeta Tapase,Indore,INDORE (URBAN-1),"23260103010, GOVT HSS GIRLS KASTURBA SHUBHAS",प्रतिभागी,शिक्षक
BQ2064,Kalpana Mujawadiya,Indore,INDORE (URBAN-1),"23260103010, GOVT HSS GIRLS KASTURBA SHUBHAS",प्रतिभागी,शिक्षक
BX3291,Kalpana Pareek,Indore,INDORE (URBAN-1),"23260103010, GOVT HSS GIRLS KASTURBA SHUBHAS",प्रतिभागी,शिक्षक
CA9795,JYOTI JAIN,Indore,INDORE (URBAN-1),"23260103010, GOVT HSS GIRLS KASTURBA SHUBHAS",प्रतिभागी,शिक्षक
CB7391,KIRTI ZOPE,Indore,INDORE (URBAN-1),"23260103010, GOVT HSS GIRLS KASTURBA SHUBHAS",प्रतिभागी,शिक्षक
AA6441,Mamta Hardia,Indore,INDORE (URBAN-1),"23260106320, GOVT HSS NO 1 SANYOGITA GANJ",प्रतिभागी,शिक्षक
AM3982,Kapil Kumar Parmar,Indore,INDORE (URBAN-1),"23260106320, GOVT HSS NO 1 SANYOGITA GANJ",प्रतिभागी,सीएसी
AM5481,Ajay Jain,Indore,INDORE (URBAN-1),"23260106320, GOVT HSS NO 1 SANYOGITA GANJ",प्रतिभागी,शिक्षक
AN1085,Saroj Chouhan,Indore,INDORE (URBAN-1),"23260106320, GOVT HSS NO 1 SANYOGITA GANJ",प्रतिभागी,शिक्षक
BR4575,Reena Bhargav,Indore,INDORE (URBAN-1),"23260106320, GOVT HSS NO 1 SANYOGITA GANJ",प्रतिभागी,शिक्षक
BV4737,Hemraj Singh Patel,Indore,INDORE (URBAN-1),"23260106320, GOVT HSS NO 1 SANYOGITA GANJ",प्रतिभागी,शिक्षक
BY6921,Santosh Jain,Indore,INDORE (URBAN-1),"23260106320, GOVT HSS NO 1 SANYOGITA GANJ",प्रतिभागी,शिक्षक
AI8070,Rukmani Malviya,Indore,INDORE (URBAN-2),"23260101433, GOVT HSS MAHARAJA SHIVAJIRAO CHIMANBAGH",प्रतिभागी,शिक्षक
AM5006,Hansa Batham,Indore,INDORE (URBAN-2),"23260101433, GOVT HSS MAHARAJA SHIVAJIRAO CHIMANBAGH",प्रतिभागी,शिक्षक
AM6270,Bhagya Shree,Indore,INDORE (URBAN-2),"23260101433, GOVT HSS MAHARAJA SHIVAJIRAO CHIMANBAGH",प्रतिभागी,शिक्षक
AM7191,Chetna Solanki,Indore,INDORE (URBAN-2),"23260101433, GOVT HSS MAHARAJA SHIVAJIRAO CHIMANBAGH",प्रतिभागी,शिक्षक
BB1704,Manjusha Pathak,Indore,INDORE (URBAN-2),"23260101433, GOVT HSS MAHARAJA SHIVAJIRAO CHIMANBAGH",प्रतिभागी,शिक्षक
BV6995,Priya Yadav,Indore,INDORE (URBAN-2),"23260101433, GOVT HSS MAHARAJA SHIVAJIRAO CHIMANBAGH",प्रतिभागी,शिक्षक
BW9329,Bharti Paithankar,Indore,INDORE (URBAN-2),"23260101433, GOVT HSS MAHARAJA SHIVAJIRAO CHIMANBAGH",प्रतिभागी,शिक्षक
CC6543,BHARTI VERMA,Indore,INDORE (URBAN-2),"23260101433, GOVT HSS MAHARAJA SHIVAJIRAO CHIMANBAGH",प्रतिभागी,शिक्षक
AM5821,Sangeeta Tiwari,Indore,INDORE (URBAN-2),"23260100579, GOVT HSS BANGANGA",प्रतिभागी,शिक्षक
AM7012,Meenakshi Verma,Indore,INDORE (URBAN-2),"23260100579, GOVT HSS BANGANGA",प्रतिभागी,शिक्षक
AM9194,Rashmi Dwivedi,Indore,INDORE (URBAN-2),"23260100579, GOVT HSS BANGANGA",प्रतिभागी,शिक्षक
AN1214,Suneeta Devhare,Indore,INDORE (URBAN-2),"23260100579, GOVT HSS BANGANGA",प्रतिभागी,शिक्षक
BE5825,Kiran Chawkikar,Indore,INDORE (URBAN-2),"23260100579, GOVT HSS BANGANGA",प्रतिभागी,शिक्षक
BU5007,Arvind Singh Tomar,Indore,INDORE (URBAN-2),"23260100579, GOVT HSS BANGANGA",प्रतिभागी,शिक्षक
BV8872,Pramod Gour,Indore,INDORE (URBAN-2),"23260100579, GOVT HSS BANGANGA",प्रतिभागी,शिक्षक
CD8477,PRIYA SOLANKI,Indore,INDORE (URBAN-2),"23260100579, GOVT HSS BANGANGA",प्रतिभागी,शिक्षक
AM9533,Nirmala Sharma,Indore,INDORE (URBAN-2),"23260101350, GOVT HSS GIRLS NEHRU NAGAR",प्रतिभागी,शिक्षक
AN2344,Pallvi Deshpande,Indore,INDORE (URBAN-2),"23260101350, GOVT HSS GIRLS NEHRU NAGAR",प्रतिभागी,शिक्षक
BE5922,Kiran Vyas,Indore,INDORE (URBAN-2),"23260101350, GOVT HSS GIRLS NEHRU NAGAR",प्रतिभागी,शिक्षक
BT7259,LALITA Jagne,Indore,INDORE (URBAN-2),"23260101350, GOVT HSS GIRLS NEHRU NAGAR",प्रतिभागी,शिक्षक
AD4884,Santoshi Ujale,Indore,INDORE (URBAN-2),"23260101046, GOVT HSS VIJAY NAGAR",प्रतिभागी,शिक्षक
AM6307,Kammu Kuvar Panwar,Indore,INDORE (URBAN-2),"23260101046, GOVT HSS VIJAY NAGAR",प्रतिभागी,शिक्षक
AN1154,MEETA KAPOOR,Indore,INDORE (URBAN-2),"23260101046, GOVT HSS VIJAY NAGAR",प्रतिभागी,शिक्षक
AN1200,Sunita Khande,Indore,INDORE (URBAN-2),"23260101046, GOVT HSS VIJAY NAGAR",प्रतिभागी,शिक्षक
BA1095,Uzma Khan,Indore,INDORE (URBAN-2),"23260101046, GOVT HSS VIJAY NAGAR",प्रतिभागी,शिक्षक
BA4488,Savita Dwivedi,Indore,INDORE (URBAN-2),"23260101046, GOVT HSS VIJAY NAGAR",प्रतिभागी,शिक्षक
BR7595,Ruhee Parveen Ansari,Indore,INDORE (URBAN-2),"23260101046, GOVT HSS VIJAY NAGAR",प्रतिभागी,शिक्षक
BS3212,Hare Singh Mandloi,Indore,INDORE (URBAN-2),"23260101046, GOVT HSS VIJAY NAGAR",प्रतिभागी,शिक्षक
BW6897,Richa Chitranshi,Indore,INDORE (URBAN-2),"23260101046, GOVT HSS VIJAY NAGAR",प्रतिभागी,शिक्षक
BW9873,Varsha Patidar,Indore,INDORE (URBAN-2),"23260101046, GOVT HSS VIJAY NAGAR",प्रतिभागी,शिक्षक
AM5643,Rashmi Darekar,Indore,INDORE (URBAN-2),"23260101351, GOVT HSS NANDA NAGAR",प्रतिभागी,शिक्षक
AM5952,Tanuja Champak,Indore,INDORE (URBAN-2),"23260101351, GOVT HSS NANDA NAGAR",प्रतिभागी,शिक्षक
AM8304,Santosh Khandekar,Indore,INDORE (URBAN-2),"23260101351, GOVT HSS NANDA NAGAR",प्रतिभागी,शिक्षक
AU7697,Anshu Vyas,Indore,INDORE (URBAN-2),"23260101351, GOVT HSS NANDA NAGAR",प्रतिभागी,शिक्षक
BA3087,Juli Choudhari,Indore,INDORE (URBAN-2),"23260101351, GOVT HSS NANDA NAGAR",प्रतिभागी,शिक्षक
CB8495,ALKA SHARMA,Indore,INDORE (URBAN-2),"23260101351, GOVT HSS NANDA NAGAR",प्रतिभागी,शिक्षक
AK2849,Kanchan Bhambore,Indore,INDORE RURAL,"23260501709, GOVT HSS BHICHOLI MARDANA",प्रतिभागी,शिक्षक
AL7954,Mita Sharma,Indore,INDORE RURAL,"23260501709, GOVT HSS BHICHOLI MARDANA",प्रतिभागी,शिक्षक
AM8173,Sushma Verma,Indore,INDORE RURAL,"23260501709, GOVT HSS BHICHOLI MARDANA",प्रतिभागी,शिक्षक
AM8927,Joachim Kuzur,Indore,INDORE RURAL,"23260501709, GOVT HSS BHICHOLI MARDANA",प्रतिभागी,शिक्षक
BG8710,Priti Saxena,Indore,INDORE RURAL,"23260501709, GOVT HSS BHICHOLI MARDANA",प्रतिभागी,शिक्षक
BO8600,Purnima Malviya,Indore,INDORE RURAL,"23260501709, GOVT HSS BHICHOLI MARDANA",प्रतिभागी,शिक्षक
BV4234,Meena Malviya,Indore,INDORE RURAL,"23260501709, GOVT HSS BHICHOLI MARDANA",प्रतिभागी,शिक्षक
BV6994,Vipin Kumar Shivhare,Indore,INDORE RURAL,"23260501709, GOVT HSS BHICHOLI MARDANA",प्रतिभागी,शिक्षक
BV7002,Bharti Singh,Indore,INDORE RURAL,"23260501709, GOVT HSS BHICHOLI MARDANA",प्रतिभागी,शिक्षक
BX6928,Nidhi Dhimole,Indore,INDORE RURAL,"23260501709, GOVT HSS BHICHOLI MARDANA",प्रतिभागी,शिक्षक
CC5627,SEEMA SHAKHTAWAT,Indore,INDORE RURAL,"23260501709, GOVT HSS BHICHOLI MARDANA",प्रतिभागी,शिक्षक
AM5303,Anita Surjainia,Indore,INDORE RURAL,"23260513709, GOVT HS JAWAHAR TEKRI",प्रतिभागी,शिक्षक
AM5518,Manita Malviya,Indore,INDORE RURAL,"23260513709, GOVT HS JAWAHAR TEKRI",प्रतिभागी,शिक्षक
AM9647,Puni Solanki,Indore,INDORE RURAL,"23260513709, GOVT HS JAWAHAR TEKRI",प्रतिभागी,शिक्षक
BX4106,Mahesh Kumar Sharma,Indore,INDORE RURAL,"23260513709, GOVT HS JAWAHAR TEKRI",प्रतिभागी,शिक्षक
CB8714,KARUNA PAHADE,Indore,INDORE RURAL,"23260513709, GOVT HS JAWAHAR TEKRI",प्रतिभागी,शिक्षक
AM8335,Piyush Dubey,Indore,INDORE RURAL,"23260509014, GOVT HSS SEONI",प्रतिभागी,शिक्षक
AM4862,Mukesh Jacktiya,Indore,INDORE RURAL,"23260501116, GOVT HSS GANDHINAGAR",प्रतिभागी,शिक्षक
AM7550,Antim Sharma,Indore,INDORE RURAL,"23260501116, GOVT HSS GANDHINAGAR",प्रतिभागी,शिक्षक
AM9344,Satish Songara,Indore,INDORE RURAL,"23260501116, GOVT HSS GANDHINAGAR",प्रतिभागी,शिक्षक
CD6092,ANKITA TIWARI,Indore,INDORE RURAL,"23260501116, GOVT HSS GANDHINAGAR",प्रतिभागी,शिक्षक
AM5579,Kalavati Sisodia,Indore,INDORE RURAL,"23260511609, GOVT HSS HATOD",प्रतिभागी,शिक्षक
AM5618,Sangeeta Kashyap,Indore,INDORE RURAL,"23260511609, GOVT HSS HATOD",प्रतिभागी,शिक्षक
AM5621,Tejram Jadhav,Indore,INDORE RURAL,"23260511609, GOVT HSS HATOD",प्रतिभागी,शिक्षक
AM6400,Rajendra Singh Parihar,Indore,INDORE RURAL,"23260511609, GOVT HSS HATOD",प्रतिभागी,शिक्षक
BK4827,Prabha Sharma,Indore,INDORE RURAL,"23260511609, GOVT HSS HATOD",प्रतिभागी,शिक्षक
BU5604,Rozina Ansari,Indore,INDORE RURAL,"23260511609, GOVT HSS HATOD",प्रतिभागी,शिक्षक
AM4032,Deep Mala Rahinj,Indore,INDORE RURAL,"23260511404, GOVT HSS KHUDEL BUJURG",प्रतिभागी,शिक्षक
AM6411,Manoj Malviya,Indore,INDORE RURAL,"23260511404, GOVT HSS KHUDEL BUJURG",प्रतिभागी,शिक्षक
AM8349,Sunil Sisodiya,Indore,INDORE RURAL,"23260511404, GOVT HSS KHUDEL BUJURG",प्रतिभागी,शिक्षक
AM8387,Mukesh Yadav,Indore,INDORE RURAL,"23260511404, GOVT HSS KHUDEL BUJURG",प्रतिभागी,शिक्षक
AM8411,Ratna Khairnar,Indore,INDORE RURAL,"23260511404, GOVT HSS KHUDEL BUJURG",प्रतिभागी,शिक्षक
AM8969,Aarti Gokhe,Indore,INDORE RURAL,"23260511404, GOVT HSS KHUDEL BUJURG",प्रतिभागी,शिक्षक
BP9550,Kalpana Badbadwal,Indore,INDORE RURAL,"23260511404, GOVT HSS KHUDEL BUJURG",प्रतिभागी,शिक्षक
BU6654,Lakhan Patel,Indore,INDORE RURAL,"23260511404, GOVT HSS KHUDEL BUJURG",प्रतिभागी,शिक्षक
BU6658,Devkaran Kunhare,Indore,INDORE RURAL,"23260511404, GOVT HSS KHUDEL BUJURG",प्रतिभागी,शिक्षक
BV4735,Pawan Awladiya,Indore,INDORE RURAL,"23260511404, GOVT HSS KHUDEL BUJURG",प्रतिभागी,शिक्षक
BX3945,Surendra Kumar Gaud,Indore,INDORE RURAL,"23260511404, GOVT HSS KHUDEL BUJURG",प्रतिभागी,शिक्षक
CB8112,ASHOK WANKHEDE,Indore,INDORE RURAL,"23260511404, GOVT HSS KHUDEL BUJURG",प्रतिभागी,शिक्षक
CC5053,LAXMI MEWATI,Indore,INDORE RURAL,"23260511404, GOVT HSS KHUDEL BUJURG",प्रतिभागी,शिक्षक
AM1809,Neeta Jawanjad,Indore,INDORE RURAL,"23260510607, GOVT HSS KANADIYA",प्रतिभागी,शिक्षक
AM6319,Devraj Singh Rathore,Indore,INDORE RURAL,"23260510607, GOVT HSS KANADIYA",प्रतिभागी,शिक्षक
BE8295,Aishvary Raje Garg,Indore,INDORE RURAL,"23260510607, GOVT HSS KANADIYA",प्रतिभागी,शिक्षक
BH1792,Uzma Khan,Indore,INDORE RURAL,"23260510607, GOVT HSS KANADIYA",प्रतिभागी,शिक्षक
BW6272,Shraddha Sharma,Indore,INDORE RURAL,"23260510607, GOVT HSS KANADIYA",प्रतिभागी,शिक्षक
AA5913,Sarita Sharma,Indore,INDORE RURAL,"23260510514, GOVT HSS BOYS KAMPEL",प्रतिभागी,शिक्षक
AM8312,Amin Verma,Indore,INDORE RURAL,"23260510514, GOVT HSS BOYS KAMPEL",प्रतिभागी,शिक्षक
AM8321,Anuradha Pachariya,Indore,INDORE RURAL,"23260510514, GOVT HSS BOYS KAMPEL",प्रतिभागी,शिक्षक
BH3815,Sanjay Kamdar,Indore,INDORE RURAL,"23260510514, GOVT HSS BOYS KAMPEL",प्रतिभागी,शिक्षक
BY9584,Sunita Bhawar,Indore,INDORE RURAL,"23260510514, GOVT HSS BOYS KAMPEL",प्रतिभागी,शिक्षक
AA5963,Sangeeta Richhariya,Indore,INDORE RURAL,"23260507503, GOVT HSS RALAMANDAL",प्रतिभागी,शिक्षक
AM3970,Rakesh Singh Kushawah,Indore,INDORE RURAL,"23260507503, GOVT HSS RALAMANDAL",प्रतिभागी,शिक्षक
AM6429,Geetanjali Supekar,Indore,INDORE RURAL,"23260507503, GOVT HSS RALAMANDAL",प्रतिभागी,शिक्षक
AM6523,Devendra Chouhan,Indore,INDORE RURAL,"23260507503, GOVT HSS RALAMANDAL",प्रतिभागी,शिक्षक
AM8185,Jyoti Vyas,Indore,INDORE RURAL,"23260507503, GOVT HSS RALAMANDAL",प्रतिभागी,शिक्षक
AM8441,Anand Kumar Hardiya,Indore,INDORE RURAL,"23260507503, GOVT HSS RALAMANDAL",प्रतिभागी,शिक्षक
AN1281,Ganesh Bhatia,Indore,INDORE RURAL,"23260507503, GOVT HSS RALAMANDAL",प्रतिभागी,शिक्षक
AO8353,Sushma Satya,Indore,INDORE RURAL,"23260507503, GOVT HSS RALAMANDAL",प्रतिभागी,शिक्षक
AZ5861,Swapnil Shrivastava,Indore,INDORE RURAL,"23260507503, GOVT HSS RALAMANDAL",प्रतिभागी,शिक्षक
BP9609,Ravindra Rawal,Indore,INDORE RURAL,"23260507503, GOVT HSS RALAMANDAL",प्रतिभागी,शिक्षक
BT6571,Phulan Patel,Indore,INDORE RURAL,"23260507503, GOVT HSS RALAMANDAL",प्रतिभागी,शिक्षक
BV4732,Jagdish Hammad,Indore,INDORE RURAL,"23260507503, GOVT HSS RALAMANDAL",प्रतिभागी,शिक्षक
BV7008,Smita Sharma,Indore,INDORE RURAL,"23260507503, GOVT HSS RALAMANDAL",प्रतिभागी,शिक्षक
BV9013,Vanita Shitole,Indore,INDORE RURAL,"23260507503, GOVT HSS RALAMANDAL",प्रतिभागी,शिक्षक
BX9150,Uma Kushwaha,Indore,INDORE RURAL,"23260507503, GOVT HSS RALAMANDAL",प्रतिभागी,शिक्षक
AD4506,Manjula Goswami,Indore,INDORE RURAL,"23260514304, GOVT HSS GIRLS RAU",प्रतिभागी,शिक्षक
AE1078,Jagrati Gupta,Indore,INDORE RURAL,"23260514304, GOVT HSS GIRLS RAU",प्रतिभागी,शिक्षक
AM3206,Kiran Karahe,Indore,INDORE RURAL,"23260514304, GOVT HSS GIRLS RAU",प्रतिभागी,शिक्षक
AM3219,Hemlata Shekhawat,Indore,INDORE RURAL,"23260514304, GOVT HSS GIRLS RAU",प्रतिभागी,शिक्षक
AM3266,Shweta Pagar,Indore,INDORE RURAL,"23260514304, GOVT HSS GIRLS RAU",प्रतिभागी,शिक्षक
AM6679,Yogesh Vartak,Indore,INDORE RURAL,"23260514304, GOVT HSS GIRLS RAU",प्रतिभागी,शिक्षक
AM9301,Lalit Nagpal,Indore,INDORE RURAL,"23260514304, GOVT HSS GIRLS RAU",प्रतिभागी,शिक्षक
AO2524,Sangeeta Bhalrai,Indore,INDORE RURAL,"23260514304, GOVT HSS GIRLS RAU",प्रतिभागी,शिक्षक
AO7008,Mira Patel,Indore,INDORE RURAL,"23260514304, GOVT HSS GIRLS RAU",प्रतिभागी,शिक्षक
BQ3738,Savita Sule,Indore,INDORE RURAL,"23260514304, GOVT HSS GIRLS RAU",प्रतिभागी,शिक्षक
BV5587,Deepmala Verma,Indore,INDORE RURAL,"23260514304, GOVT HSS GIRLS RAU",प्रतिभागी,शिक्षक
BX5178,Sonika Gour,Indore,INDORE RURAL,"23260514304, GOVT HSS GIRLS RAU",प्रतिभागी,शिक्षक
CA1533,Varsha Kanade,Indore,INDORE RURAL,"23260514304, GOVT HSS GIRLS RAU",प्रतिभागी,शिक्षक
CB8576,MINAKSHI SHARMA,Indore,INDORE RURAL,"23260514304, GOVT HSS GIRLS RAU",प्रतिभागी,शिक्षक
CD6096,SACHIN MARATHE,Indore,INDORE RURAL,"23260514304, GOVT HSS GIRLS RAU",प्रतिभागी,शिक्षक
AM4003,Dinesh Pal,Indore,MHOW,"23260203206, GOVT HSS BADGONDA",प्रतिभागी,शिक्षक
BO9359,AJAY SINGH BHADORIA,Indore,MHOW,"23260203206, GOVT HSS BADGONDA",प्रतिभागी,शिक्षक
CB7717,FIRDOUS ...,Indore,MHOW,"23260203206, GOVT HSS BADGONDA",प्रतिभागी,शिक्षक
AN1438,Vijayendra Songara,Indore,MHOW,"23260213104, GOVT HS KHURDI",प्रतिभागी,शिक्षक
AM6109,Manisha Pardeshi,Indore,MHOW,"23260201208, GOVT HSS PIGDAMBAR",प्रतिभागी,शिक्षक
AM7052,Sonali Mungee,Indore,MHOW,"23260201208, GOVT HSS PIGDAMBAR",प्रतिभागी,शिक्षक
AM8873,Sangeeta Choudhary,Indore,MHOW,"23260201208, GOVT HSS PIGDAMBAR",प्रतिभागी,शिक्षक
AN1404,Manju Negi,Indore,MHOW,"23260201208, GOVT HSS PIGDAMBAR",प्रतिभागी,शिक्षक
AN1427,Pandurag Khatawakar,Indore,MHOW,"23260201208, GOVT HSS PIGDAMBAR",प्रतिभागी,शिक्षक
AN1594,Ershad Khan,Indore,MHOW,"23260201208, GOVT HSS PIGDAMBAR",प्रतिभागी,शिक्षक
AN1596,Munni Darbar,Indore,MHOW,"23260201208, GOVT HSS PIGDAMBAR",प्रतिभागी,शिक्षक
BW6680,Nandani Betav,Indore,MHOW,"23260201208, GOVT HSS PIGDAMBAR",प्रतिभागी,शिक्षक
8435746738,Manish  Rathore ,Indore,MHOW,"23260207515, GOVT HSS KODARIYA",प्रतिभागी,शिक्षक
AM5438,Archana Solanki,Indore,MHOW,"23260215812, GOVT HSS HASALPUR",प्रतिभागी,शिक्षक
AM5504,Sanjay Kumar Sen,Indore,MHOW,"23260215812, GOVT HSS HASALPUR",प्रतिभागी,शिक्षक
AM6134,Shailendra Sitole,Indore,MHOW,"23260215812, GOVT HSS HASALPUR",प्रतिभागी,शिक्षक
AN1719,Rao Sahab,Indore,MHOW,"23260215812, GOVT HSS HASALPUR",प्रतिभागी,शिक्षक
AN1761,Mukesh Barud,Indore,MHOW,"23260215812, GOVT HSS HASALPUR",प्रतिभागी,शिक्षक
AM3614,Yogita Malviya,Indore,MHOW,"23260209015, GOVT HSS MANPUR",प्रतिभागी,शिक्षक
AM7083,Kalpana Gupta,Indore,MHOW,"23260209015, GOVT HSS MANPUR",प्रतिभागी,शिक्षक
AM7153,Manoj Kumar Kaithwas,Indore,MHOW,"23260209015, GOVT HSS MANPUR",प्रतिभागी,शिक्षक
BB1097,Salam Singh Alawa,Indore,MHOW,"23260209015, GOVT HSS MANPUR",प्रतिभागी,शिक्षक
BH6475,Bapusingh Kanas,Indore,MHOW,"23260209015, GOVT HSS MANPUR",प्रतिभागी,शिक्षक
BR6713,Sitaram Mehara,Indore,MHOW,"23260209015, GOVT HSS MANPUR",प्रतिभागी,शिक्षक
AL6168,Sadhana Vadnere,Indore,MHOW,"23260213905, GOVT HSS CHORAL",प्रतिभागी,शिक्षक
AM3470,Shankarlal Deshwal,Indore,MHOW,"23260213905, GOVT HSS CHORAL",प्रतिभागी,शिक्षक
AM3986,Asharam Doyda,Indore,MHOW,"23260213905, GOVT HSS CHORAL",प्रतिभागी,अन्य
AM4004,Balaram Rawat,Indore,MHOW,"23260213905, GOVT HSS CHORAL",प्रतिभागी,शिक्षक
AR5576,Gajendra Singh Chouhan,Indore,MHOW,"23260213905, GOVT HSS CHORAL",प्रतिभागी,शिक्षक
AM3994,Jagdish Ransore,Indore,MHOW,"23260211617, GOVT HSS SIMROL",प्रतिभागी,शिक्षक
AM4368,Rameshchandra Varma,Indore,MHOW,"23260211617, GOVT HSS SIMROL",प्रतिभागी,शिक्षक
AN1277,Harish Kumar Waghmode,Indore,MHOW,"23260211617, GOVT HSS SIMROL",प्रतिभागी,शिक्षक
AN1317,Meeta Khedekar,Indore,MHOW,"23260211617, GOVT HSS SIMROL",प्रतिभागी,शिक्षक
AN1325,Dinesh Chandr Kharadiya,Indore,MHOW,"23260211617, GOVT HSS SIMROL",प्रतिभागी,शिक्षक
BY9150,Sanjay Panchal,Indore,MHOW,"23260211617, GOVT HSS SIMROL",प्रतिभागी,शिक्षक
AM4369,Latif Khan,Indore,MHOW,"23260202512, GOVT HSS HARSOLA",प्रतिभागी,शिक्षक
AM4402,Hukam Chand Verma Rajput,Indore,MHOW,"23260202512, GOVT HSS HARSOLA",प्रतिभागी,शिक्षक
AN1750,Ramniwas Sharma,Indore,MHOW,"23260202512, GOVT HSS HARSOLA",प्रतिभागी,शिक्षक
BW1456,Rekha Bandhu,Indore,MHOW,"23260202512, GOVT HSS HARSOLA",प्रतिभागी,शिक्षक
AM6145,Balraj Singh Rana,Indore,MHOW,"23260205209, GOVT HSS JAMLI",प्रतिभागी,शिक्षक
AM9105,Kirti Khandelwal,Indore,MHOW,"23260205209, GOVT HSS JAMLI",प्रतिभागी,शिक्षक
AN1700,Santosh Yadav,Indore,MHOW,"23260205209, GOVT HSS JAMLI",प्रतिभागी,शिक्षक
BP8402,Bharti Mali,Indore,MHOW,"23260205209, GOVT HSS JAMLI",प्रतिभागी,शिक्षक
AB1267,Asha Chouhan,Indore,SANWER,"23260405405, GOVT HS BAROLI",प्रतिभागी,शिक्षक
AM5674,Mona Bargal,Indore,SANWER,"23260405405, GOVT HS BAROLI",प्रतिभागी,शिक्षक
AM5681,Narendra Singh Pawar,Indore,SANWER,"23260405405, GOVT HS BAROLI",प्रतिभागी,शिक्षक
AM5682,Priyamvada Sharma,Indore,SANWER,"23260405405, GOVT HS BAROLI",प्रतिभागी,शिक्षक
AZ9182,Nisha Yadav,Indore,SANWER,"23260405405, GOVT HS BAROLI",प्रतिभागी,शिक्षक
BJ7897,RAKHI DASHOTTAR,Indore,SANWER,"23260405405, GOVT HS BAROLI",प्रतिभागी,शिक्षक
BY4008,Shiksha Sharma,Indore,SANWER,"23260405405, GOVT HS BAROLI",प्रतिभागी,शिक्षक
CB3637,NEHA SINGH,Indore,SANWER,"23260405405, GOVT HS BAROLI",प्रतिभागी,शिक्षक
AJ4598,Mahesh Pendse,Indore,SANWER,"23260400811, GOVT HSS PALIYA",प्रतिभागी,शिक्षक
AM5706,Premlata Panwar,Indore,SANWER,"23260400811, GOVT HSS PALIYA",प्रतिभागी,शिक्षक
AM5721,Ramcharan Sankla,Indore,SANWER,"23260400811, GOVT HSS PALIYA",प्रतिभागी,शिक्षक
AM5723,Ajay Pal,Indore,SANWER,"23260400811, GOVT HSS PALIYA",प्रतिभागी,शिक्षक
AM9692,Manohar Parmar,Indore,SANWER,"23260400811, GOVT HSS PALIYA",प्रतिभागी,शिक्षक
AM9707,Ashish Solanki,Indore,SANWER,"23260400811, GOVT HSS PALIYA",प्रतिभागी,शिक्षक
AM9726,Sitaram Parmar,Indore,SANWER,"23260400811, GOVT HSS PALIYA",प्रतिभागी,शिक्षक
BU2741,Balu Singh Parmar,Indore,SANWER,"23260400811, GOVT HSS PALIYA",प्रतिभागी,शिक्षक
BW5260,Ramnivas Singh Parmar,Indore,SANWER,"23260400811, GOVT HSS PALIYA",प्रतिभागी,शिक्षक
BY6018,Neeta Kashyap,Indore,SANWER,"23260400811, GOVT HSS PALIYA",प्रतिभागी,शिक्षक
AM9526,Deepa Mishra,Indore,SANWER,"23260413007, GOVT HSS EXCELENCE SANWER",प्रतिभागी,शिक्षक
AM9540,Dharmendra Chouhan,Indore,SANWER,"23260413007, GOVT HSS EXCELENCE SANWER",प्रतिभागी,शिक्षक
AM9826,Sanjay Choudhary,Indore,SANWER,"23260413007, GOVT HSS EXCELENCE SANWER",प्रतिभागी,शिक्षक
AM9827,Manoj Kumar Patel,Indore,SANWER,"23260413007, GOVT HSS EXCELENCE SANWER",प्रतिभागी,शिक्षक
AM9829,Ajay Patel,Indore,SANWER,"23260413007, GOVT HSS EXCELENCE SANWER",प्रतिभागी,शिक्षक
AM9833,Pawan Patel,Indore,SANWER,"23260413007, GOVT HSS EXCELENCE SANWER",प्रतिभागी,शिक्षक
AM9834,Pravin Sunaniya,Indore,SANWER,"23260413007, GOVT HSS EXCELENCE SANWER",प्रतिभागी,शिक्षक
AM9842,Kalu Singh Rathore,Indore,SANWER,"23260413007, GOVT HSS EXCELENCE SANWER",प्रतिभागी,शिक्षक
AM9913,Rajesh Lobaniya,Indore,SANWER,"23260413007, GOVT HSS EXCELENCE SANWER",प्रतिभागी,शिक्षक
AP4099,Indu Bala Choukade,Indore,SANWER,"23260413007, GOVT HSS EXCELENCE SANWER",प्रतिभागी,शिक्षक
AM3895,Munnalal Gehlot,Indore,SANWER,"23260413006, GOVT HSS GIRLS SANWER",प्रतिभागी,शिक्षक
AM9508,Dhan Bai,Indore,SANWER,"23260413006, GOVT HSS GIRLS SANWER",प्रतिभागी,शिक्षक
AM9904,Raisingh Pancholi,Indore,SANWER,"23260413006, GOVT HSS GIRLS SANWER",प्रतिभागी,शिक्षक
AZ9157,Rekha Malviya,Indore,SANWER,"23260413006, GOVT HSS GIRLS SANWER",प्रतिभागी,शिक्षक
BG6762,Tarkeshwari Mishra,Indore,SANWER,"23260413006, GOVT HSS GIRLS SANWER",प्रतिभागी,शिक्षक
BX8960,Rahul Mandliya,Indore,SANWER,"23260413006, GOVT HSS GIRLS SANWER",प्रतिभागी,शिक्षक
AM9664,Sunil Kumar Patel,Indore,SANWER,"23260402511, GOVT HSS AJNOD",प्रतिभागी,शिक्षक
AM9699,Vinod Sharma,Indore,SANWER,"23260402511, GOVT HSS AJNOD",प्रतिभागी,शिक्षक
AM9710,Shailendra Kumar Jain,Indore,SANWER,"23260402511, GOVT HSS AJNOD",प्रतिभागी,शिक्षक
AM9721,Jitendra Patel,Indore,SANWER,"23260402511, GOVT HSS AJNOD",प्रतिभागी,शिक्षक
BS6202,Surekha Gawde,Indore,SANWER,"23260402511, GOVT HSS AJNOD",प्रतिभागी,शिक्षक
BV4733,Prabhu Choudhari,Indore,SANWER,"23260402511, GOVT HSS AJNOD",प्रतिभागी,शिक्षक
AM4291,Pranesh Joshi,Indore,SANWER,"23260411812, GOVT HSS DAKACHYA",प्रतिभागी,शिक्षक
AM4349,Maheshchandra Patel,Indore,SANWER,"23260411812, GOVT HSS DAKACHYA",प्रतिभागी,शिक्षक
AM8377,Manoj Dubey,Indore,SANWER,"23260411812, GOVT HSS DAKACHYA",प्रतिभागी,शिक्षक
AU5329,Smrati Verma,Indore,SANWER,"23260411812, GOVT HSS DAKACHYA",प्रतिभागी,शिक्षक
AM4256,Radha Sharma,Indore,SANWER,"23260416107, GOVT HS DHARAMPURI",प्रतिभागी,शिक्षक
AM5698,Lakhan Singh,Indore,SANWER,"23260416107, GOVT HS DHARAMPURI",प्रतिभागी,शिक्षक
BM8381,Rekha Gurjar,Indore,SANWER,"23260416107, GOVT HS DHARAMPURI",प्रतिभागी,शिक्षक
BP3027,Sunil Jarwal,Indore,SANWER,"23260416107, GOVT HS DHARAMPURI",प्रतिभागी,शिक्षक
AM3846,Laxminarayan Krishnani,Indore,SANWER,"23260415413, GOVT HSS CHANDRAWATIGANJ",प्रतिभागी,शिक्षक
AM3849,Satyanarayan Patel,Indore,SANWER,"23260415413, GOVT HSS CHANDRAWATIGANJ",प्रतिभागी,शिक्षक
AM3851,Subhash Sharma,Indore,SANWER,"23260415413, GOVT HSS CHANDRAWATIGANJ",प्रतिभागी,शिक्षक
AM3860,Rakesh Kumar Kochle,Indore,SANWER,"23260415413, GOVT HSS CHANDRAWATIGANJ",प्रतिभागी,शिक्षक
AM3922,Vijeyendra Singh Tanwar,Indore,SANWER,"23260415413, GOVT HSS CHANDRAWATIGANJ",प्रतिभागी,शिक्षक
BH5037,Mukesh Kumar Solanki,Indore,SANWER,"23260415413, GOVT HSS CHANDRAWATIGANJ",प्रतिभागी,शिक्षक
BQ1060,Rajkumar Kumawat,Indore,SANWER,"23260415413, GOVT HSS CHANDRAWATIGANJ",प्रतिभागी,शिक्षक
AA9231,Priyanka Mehta,Indore,SANWER,"23260409823, GOVT HSS MANGLIYA",प्रतिभागी,शिक्षक
AM4255,Dinesh Chandra Mukati,Indore,SANWER,"23260409823, GOVT HSS MANGLIYA",प्रतिभागी,शिक्षक
AM6939,Sundarlal Chouhan,Indore,SANWER,"23260409823, GOVT HSS MANGLIYA",प्रतिभागी,शिक्षक
BV4646,Meenakshi Tiwari,Indore,SANWER,"23260409823, GOVT HSS MANGLIYA",प्रतिभागी,शिक्षक
AB7080,Alok Sharma,Jabalpur,JABALPUR (RURAL),"23390117108, GOVT. HS BOYS, SUKRI",प्रतिभागी,शिक्षक
AB9440,Rajesh Kumar,Jabalpur,JABALPUR (RURAL),"23390117108, GOVT. HS BOYS, SUKRI",प्रतिभागी,शिक्षक
AB9800,Devi Singh Patel,Jabalpur,JABALPUR (RURAL),"23390117108, GOVT. HS BOYS, SUKRI",प्रतिभागी,सीएसी
BW3351,Godawary Bopche,Jabalpur,JABALPUR (RURAL),"23390117108, GOVT. HS BOYS, SUKRI",प्रतिभागी,शिक्षक
6268068355,Geeta Rajak   ,Jabalpur,JABALPUR (RURAL),"23390117109, GOVT. HSS GIRLS, SUKRI",प्रतिभागी,शिक्षक
7489454488,Bharat  Patel ,Jabalpur,JABALPUR (RURAL),"23390117109, GOVT. HSS GIRLS, SUKRI",प्रतिभागी,शिक्षक
8839651897,Ankit Kumar Chouksey ,Jabalpur,JABALPUR (RURAL),"23390117109, GOVT. HSS GIRLS, SUKRI",प्रतिभागी,शिक्षक
AB4052,Rajeev Kumar Bohrey,Jabalpur,JABALPUR (RURAL),"23390117109, GOVT. HSS GIRLS, SUKRI",प्रतिभागी,शिक्षक
AB9266,Taranjeet KAUR CHAKREL,Jabalpur,JABALPUR (RURAL),"23390117109, GOVT. HSS GIRLS, SUKRI",प्रतिभागी,शिक्षक
AB2625,PUSHPA GAUND,Jabalpur,JABALPUR (RURAL),"23390114321, GOVT. HSS BOYS, BARGI",प्रतिभागी,शिक्षक
AB4504,Ashish Jain,Jabalpur,JABALPUR (RURAL),"23390114321, GOVT. HSS BOYS, BARGI",प्रतिभागी,शिक्षक
AB7743,Sudhesh Pandey,Jabalpur,JABALPUR (RURAL),"23390114321, GOVT. HSS BOYS, BARGI",प्रतिभागी,शिक्षक
AB8997,GEETANJALI Lakshamanan,Jabalpur,JABALPUR (RURAL),"23390114321, GOVT. HSS BOYS, BARGI",प्रतिभागी,शिक्षक
BS9296,YOGITA NANDESHWAR,Jabalpur,JABALPUR (RURAL),"23390114321, GOVT. HSS BOYS, BARGI",प्रतिभागी,शिक्षक
BU8274,Shyam Kumar Jhariya,Jabalpur,JABALPUR (RURAL),"23390114321, GOVT. HSS BOYS, BARGI",प्रतिभागी,शिक्षक
AB6601,Kiran Shrivastava,Jabalpur,JABALPUR (RURAL),"23390100308, GOVT. HSS TEWAR",प्रतिभागी,शिक्षक
AB6736,Anjana Vaidya,Jabalpur,JABALPUR (RURAL),"23390100308, GOVT. HSS TEWAR",प्रतिभागी,शिक्षक
AB8070,Ragini Shrivastava,Jabalpur,JABALPUR (RURAL),"23390100308, GOVT. HSS TEWAR",प्रतिभागी,शिक्षक
AN7095,Anusuiya Mehra,Jabalpur,JABALPUR (RURAL),"23390100308, GOVT. HSS TEWAR",प्रतिभागी,शिक्षक
AV2936,Vinita Singh Singor,Jabalpur,JABALPUR (RURAL),"23390100308, GOVT. HSS TEWAR",प्रतिभागी,शिक्षक
BN5766,Ajay Kumar Lodhi,Jabalpur,JABALPUR (RURAL),"23390100308, GOVT. HSS TEWAR",प्रतिभागी,शिक्षक
BN5769,Tulsa Patel,Jabalpur,JABALPUR (RURAL),"23390100308, GOVT. HSS TEWAR",प्रतिभागी,शिक्षक
BO2205,Satyanarayan Parashar,Jabalpur,JABALPUR (RURAL),"23390100308, GOVT. HSS TEWAR",प्रतिभागी,शिक्षक
BQ8981,Shruti Jain,Jabalpur,JABALPUR (RURAL),"23390100308, GOVT. HSS TEWAR",प्रतिभागी,शिक्षक
BT6687,Paro Ben,Jabalpur,JABALPUR (RURAL),"23390100308, GOVT. HSS TEWAR",प्रतिभागी,शिक्षक
BU3378,Jyoti Gathre,Jabalpur,JABALPUR (RURAL),"23390100308, GOVT. HSS TEWAR",प्रतिभागी,शिक्षक
AB9767,Chammu Singh,Jabalpur,JABALPUR (RURAL),"23390108817, GOVT. HSS  BARGI NAGAR",प्रतिभागी,शिक्षक
BU2698,Ratna Ladiya,Jabalpur,JABALPUR (RURAL),"23390108817, GOVT. HSS  BARGI NAGAR",प्रतिभागी,शिक्षक
AB4513,Lakhan Lal Dubey,Jabalpur,JABALPUR (RURAL),"23390106703, GOVT. HSS NARAINALA",प्रतिभागी,शिक्षक
AB4518,Chitra Swami,Jabalpur,JABALPUR (RURAL),"23390106703, GOVT. HSS NARAINALA",प्रतिभागी,शिक्षक
AD4550,Leena Dawar,Jabalpur,JABALPUR (RURAL),"23390106703, GOVT. HSS NARAINALA",प्रतिभागी,शिक्षक
AN3684,Sunita Pillai,Jabalpur,JABALPUR (RURAL),"23390106703, GOVT. HSS NARAINALA",प्रतिभागी,शिक्षक
AY8183,Varsha Choudhary,Jabalpur,JABALPUR (RURAL),"23390106703, GOVT. HSS NARAINALA",प्रतिभागी,शिक्षक
BS3536,Kirtimala Dhote,Jabalpur,JABALPUR (RURAL),"23390106703, GOVT. HSS NARAINALA",प्रतिभागी,शिक्षक
BV9189,Geeta Yadav,Jabalpur,JABALPUR (RURAL),"23390106703, GOVT. HSS NARAINALA",प्रतिभागी,शिक्षक
AB5006,Rekha Naveriya,Jabalpur,JABALPUR (RURAL),"23390136204, GOVT. HSS GIRLS, BARELA",प्रतिभागी,शिक्षक
AN7655,Sunita Ghanghoriya,Jabalpur,JABALPUR (RURAL),"23390136204, GOVT. HSS GIRLS, BARELA",प्रतिभागी,शिक्षक
AR8434,Anjana Dhimole,Jabalpur,JABALPUR (RURAL),"23390136204, GOVT. HSS GIRLS, BARELA",प्रतिभागी,शिक्षक
BJ8158,Manish Kumar Mishra,Jabalpur,JABALPUR (RURAL),"23390136204, GOVT. HSS GIRLS, BARELA",प्रतिभागी,शिक्षक
BW2636,Alka Yadav,Jabalpur,JABALPUR (RURAL),"23390136204, GOVT. HSS GIRLS, BARELA",प्रतिभागी,शिक्षक
AB5588,Suneeta Choudhri,Jabalpur,JABALPUR (RURAL),"23390108907, GOVT. HSS DHANPURI",प्रतिभागी,शिक्षक
AB8647,Rani Kori,Jabalpur,JABALPUR (RURAL),"23390108907, GOVT. HSS DHANPURI",प्रतिभागी,शिक्षक
AB4850,Prabha Mishra,Jabalpur,JABALPUR (URBAN-1),"23390223617, GOVT. HSS GIRLS, M.L.B. RIGHT TOWN",प्रतिभागी,शिक्षक
BW1858,Aparna Pathak,Jabalpur,JABALPUR (URBAN-1),"23390223617, GOVT. HSS GIRLS, M.L.B. RIGHT TOWN",प्रतिभागी,शिक्षक
AB8466,Jyoti Titus,Jabalpur,JABALPUR (URBAN-1),"23390222435, GOVT. HSS GIRLS, CHERITAL",प्रतिभागी,शिक्षक
AY9702,Lalita Uraiti,Jabalpur,JABALPUR (URBAN-1),"23390222435, GOVT. HSS GIRLS, CHERITAL",प्रतिभागी,शिक्षक
BU1105,Nandani Shrivastava,Jabalpur,JABALPUR (URBAN-1),"23390222435, GOVT. HSS GIRLS, CHERITAL",प्रतिभागी,शिक्षक
AB9553,Sadhna Gotia,Jabalpur,JABALPUR (URBAN-1),"23390219940, GOVT. HSS MEDICAL COLLEGE , JABALPUR",प्रतिभागी,शिक्षक
AB9691,Ashish Katare,Jabalpur,JABALPUR (URBAN-1),"23390219940, GOVT. HSS MEDICAL COLLEGE , JABALPUR",प्रतिभागी,शिक्षक
AT4135,Surendra Kumar Richhariya,Jabalpur,JABALPUR (URBAN-1),"23390219940, GOVT. HSS MEDICAL COLLEGE , JABALPUR",प्रतिभागी,शिक्षक
BU8522,Sadhana Namdeo,Jabalpur,JABALPUR (URBAN-1),"23390219940, GOVT. HSS MEDICAL COLLEGE , JABALPUR",प्रतिभागी,शिक्षक
BW1815,Deepshikha Kushwaha,Jabalpur,JABALPUR (URBAN-1),"23390219940, GOVT. HSS MEDICAL COLLEGE , JABALPUR",प्रतिभागी,शिक्षक
BZ1375,Pushpanjali Kashyap,Jabalpur,JABALPUR (URBAN-1),"23390219940, GOVT. HSS MEDICAL COLLEGE , JABALPUR",प्रतिभागी,शिक्षक
AB7511,Mridula Thagele,Jabalpur,JABALPUR (URBAN-2),"23390223406, GOVT. HSS GIRLS, BEOHARBAG",प्रतिभागी,शिक्षक
AB9071,Sanjay Subhedar,Jabalpur,JABALPUR (URBAN-2),"23390223406, GOVT. HSS GIRLS, BEOHARBAG",प्रतिभागी,शिक्षक
AB9858,Mamta Namdeo,Jabalpur,JABALPUR (URBAN-2),"23390223406, GOVT. HSS GIRLS, BEOHARBAG",प्रतिभागी,शिक्षक
BI1412,Anjusha Sarathe,Jabalpur,JABALPUR (URBAN-2),"23390223406, GOVT. HSS GIRLS, BEOHARBAG",प्रतिभागी,शिक्षक
BS1790,Garima Singh,Jabalpur,JABALPUR (URBAN-2),"23390223406, GOVT. HSS GIRLS, BEOHARBAG",प्रतिभागी,शिक्षक
AB2789,Laxmi Peepra,Jabalpur,JABALPUR (URBAN-2),"23390221241, GOVT. HSS GANESHGANJ",प्रतिभागी,शिक्षक
AB6281,Sanjo Devi,Jabalpur,JABALPUR (URBAN-2),"23390221241, GOVT. HSS GANESHGANJ",प्रतिभागी,शिक्षक
AS1267,Kiran Gupta,Jabalpur,JABALPUR (URBAN-2),"23390221241, GOVT. HSS GANESHGANJ",प्रतिभागी,शिक्षक
AX3929,Neetu Sharma,Jabalpur,JABALPUR (URBAN-2),"23390221241, GOVT. HSS GANESHGANJ",प्रतिभागी,शिक्षक
AB7948,Prabita Dubey,Jabalpur,JABALPUR (URBAN-2),"23390221308, GOVT. HSS ADHARTAL",प्रतिभागी,शिक्षक
AB8645,Jyoti Kachhwaha,Jabalpur,JABALPUR (URBAN-2),"23390221308, GOVT. HSS ADHARTAL",प्रतिभागी,शिक्षक
AB9216,Saleem Ahmed Ansari,Jabalpur,JABALPUR (URBAN-2),"23390221308, GOVT. HSS ADHARTAL",प्रतिभागी,शिक्षक
AJ8886,Sarwari Bano,Jabalpur,JABALPUR (URBAN-2),"23390221308, GOVT. HSS ADHARTAL",प्रतिभागी,शिक्षक
AL5087,Shabana Khan,Jabalpur,JABALPUR (URBAN-2),"23390221308, GOVT. HSS ADHARTAL",प्रतिभागी,शिक्षक
BW2564,Durga Shankar Upadhyay,Jabalpur,JABALPUR (URBAN-2),"23390221308, GOVT. HSS ADHARTAL",प्रतिभागी,शिक्षक
BX3387,NIRMALA KUSHWAHA,Jabalpur,JABALPUR (URBAN-2),"23390221308, GOVT. HSS ADHARTAL",प्रतिभागी,शिक्षक
AC2805,Indla Singh Kunjam,Jabalpur,KUNDAM,"23390808303, GOVT. HSS MOHNI",प्रतिभागी,शिक्षक
AK5532,Pooran Singh Armo,Jabalpur,KUNDAM,"23390808303, GOVT. HSS MOHNI",प्रतिभागी,शिक्षक
BD1216,Phullu Singh Markom,Jabalpur,KUNDAM,"23390808303, GOVT. HSS MOHNI",प्रतिभागी,शिक्षक
BD5057,Lal Singh Karcham,Jabalpur,KUNDAM,"23390808303, GOVT. HSS MOHNI",प्रतिभागी,शिक्षक
BJ7748,Dileep Singh Maravi,Jabalpur,KUNDAM,"23390808303, GOVT. HSS MOHNI",प्रतिभागी,शिक्षक
9171546762,Yogesh Kumar Sahu   ,Jabalpur,KUNDAM,"23390812404, GOVT. HSS HARDULIKALA",प्रतिभागी,शिक्षक
BN2759,Drop Singh Paraste,Jabalpur,KUNDAM,"23390812404, GOVT. HSS HARDULIKALA",प्रतिभागी,शिक्षक
BN7404,Pramod Singh Kulaste,Jabalpur,KUNDAM,"23390812404, GOVT. HSS HARDULIKALA",प्रतिभागी,शिक्षक
BY1059,Jyoti Patel,Jabalpur,KUNDAM,"23390812404, GOVT. HSS HARDULIKALA",प्रतिभागी,शिक्षक
BZ1627,Revaram Jhariya,Jabalpur,KUNDAM,"23390812404, GOVT. HSS HARDULIKALA",प्रतिभागी,शिक्षक
BJ8229,Tulsi Ram Tekam,Jabalpur,KUNDAM,"23390807003, GOVT. HSS JAMGAON",प्रतिभागी,सीएसी
BJ8345,Savitri Varkade,Jabalpur,KUNDAM,"23390807003, GOVT. HSS JAMGAON",प्रतिभागी,शिक्षक
AB7754,Rakesh Pandey,Jabalpur,KUNDAM,"23390805003, GOVT. HSS KHUKKHAM",प्रतिभागी,शिक्षक
BQ2516,Hari Shankar Sen,Jabalpur,KUNDAM,"23390811604, GOVT. HSS KUBARHAT",प्रतिभागी,शिक्षक
AB5264,Dashrath Singh Uraiti,Jabalpur,KUNDAM,"23390800904, GOVT. HSS PADARIYA",प्रतिभागी,शिक्षक
AB6053,Neelam Vishwakarma,Jabalpur,KUNDAM,"23390800904, GOVT. HSS PADARIYA",प्रतिभागी,शिक्षक
AB6064,Mamta Thakur,Jabalpur,KUNDAM,"23390800904, GOVT. HSS PADARIYA",प्रतिभागी,शिक्षक
AP8810,Anita Maravi,Jabalpur,KUNDAM,"23390800904, GOVT. HSS PADARIYA",प्रतिभागी,शिक्षक
BQ8152,Ranjana Prajapati,Jabalpur,KUNDAM,"23390800904, GOVT. HSS PADARIYA",प्रतिभागी,शिक्षक
BS9723,Santosh Pandey,Jabalpur,KUNDAM,"23390800904, GOVT. HSS PADARIYA",प्रतिभागी,शिक्षक
AB8008,Ram Singh Markam,Jabalpur,KUNDAM,"23390814224, GOVT. HSS GIRLS, KUNDAM",प्रतिभागी,शिक्षक
BD4730,Suneel Kumar Jhariya,Jabalpur,KUNDAM,"23390814224, GOVT. HSS GIRLS, KUNDAM",प्रतिभागी,शिक्षक
AB4126,Narendra Namdev,Jabalpur,KUNDAM,"23390810913, GOVT. HSS GIRLS, BAGHRAJI",प्रतिभागी,शिक्षक
AB6841,Seema Sahu,Jabalpur,KUNDAM,"23390810913, GOVT. HSS GIRLS, BAGHRAJI",प्रतिभागी,शिक्षक
BW1319,Pankaj Vishwakarma,Jabalpur,KUNDAM,"23390810913, GOVT. HSS GIRLS, BAGHRAJI",प्रतिभागी,शिक्षक
AB7122,Sarita Patel,Jabalpur,MAJHOLI,"23390318303, GOVT. HS DEVRIRAJVAI",प्रतिभागी,शिक्षक
AB8188,Govind Prasad Vishwakarma,Jabalpur,MAJHOLI,"23390318303, GOVT. HS DEVRIRAJVAI",प्रतिभागी,शिक्षक
AB8226,Narayan Singh Thakur,Jabalpur,MAJHOLI,"23390318303, GOVT. HS DEVRIRAJVAI",प्रतिभागी,शिक्षक
AB9616,Virendra Mehra,Jabalpur,MAJHOLI,"23390318303, GOVT. HS DEVRIRAJVAI",प्रतिभागी,शिक्षक
AB9620,Ratna Vishwakarma,Jabalpur,MAJHOLI,"23390318303, GOVT. HS DEVRIRAJVAI",प्रतिभागी,शिक्षक
CB1372,SATISH GADPAL,Jabalpur,MAJHOLI,"23390318303, GOVT. HS DEVRIRAJVAI",प्रतिभागी,शिक्षक
BT2370,Shalini Chourasia,Jabalpur,MAJHOLI,"23390303407, GOVT. HSS KHALRI",प्रतिभागी,शिक्षक
BW2081,Ajendra Kumar,Jabalpur,MAJHOLI,"23390303407, GOVT. HSS KHALRI",प्रतिभागी,सीएसी
BW1292,Deepak Kumar,Jabalpur,MAJHOLI,"23390304104, GOVT. HSS LAMKANA",प्रतिभागी,शिक्षक
BJ8092,Mohammad Yoosuf,Jabalpur,MAJHOLI,"23390315403, GOVT. HS MUDIYA MADOD",प्रतिभागी,शिक्षक
BV8128,Sunil Kumar Mahra,Jabalpur,MAJHOLI,"23390315403, GOVT. HS MUDIYA MADOD",प्रतिभागी,शिक्षक
AB6868,Narendra Pratap Tripathi,Jabalpur,MAJHOLI,"23390302607, GOVT. HSS BARGI BARKHEDA",प्रतिभागी,शिक्षक
BM8885,Nilima Tiwari,Jabalpur,MAJHOLI,"23390302607, GOVT. HSS BARGI BARKHEDA",प्रतिभागी,शिक्षक
BT5335,Kumud Choubey,Jabalpur,MAJHOLI,"23390302607, GOVT. HSS BARGI BARKHEDA",प्रतिभागी,शिक्षक
BW2286,Pradeep Patel,Jabalpur,MAJHOLI,"23390302607, GOVT. HSS BARGI BARKHEDA",प्रतिभागी,सीएसी
AB8201,Ravendra Kumar Tiwari,Jabalpur,MAJHOLI,"23390324806, GOVT. HSS GIRLS, MAJHOLI",प्रतिभागी,शिक्षक
AB9618,Rajesh Bharti,Jabalpur,MAJHOLI,"23390324806, GOVT. HSS GIRLS, MAJHOLI",प्रतिभागी,शिक्षक
AC1256,Anil Kumar,Jabalpur,MAJHOLI,"23390324806, GOVT. HSS GIRLS, MAJHOLI",प्रतिभागी,शिक्षक
BJ8107,Uday Chand Patel,Jabalpur,MAJHOLI,"23390324806, GOVT. HSS GIRLS, MAJHOLI",प्रतिभागी,शिक्षक
BJ8131,Satish Deeshit,Jabalpur,MAJHOLI,"23390324806, GOVT. HSS GIRLS, MAJHOLI",प्रतिभागी,शिक्षक
AB5430,Prem Lal Gontiya,Jabalpur,MAJHOLI,"23390308715, GOVT. HSS INDRANA",प्रतिभागी,शिक्षक
AB5434,Ravishankar Choudhary,Jabalpur,MAJHOLI,"23390308715, GOVT. HSS INDRANA",प्रतिभागी,शिक्षक
AB8932,Vidya Bai Chourasiya,Jabalpur,MAJHOLI,"23390300105, GOVT. HSS PONDA",प्रतिभागी,शिक्षक
AB8946,Bal Ram Patel,Jabalpur,MAJHOLI,"23390300105, GOVT. HSS PONDA",प्रतिभागी,शिक्षक
AB8979,Manoj Kumar,Jabalpur,MAJHOLI,"23390300105, GOVT. HSS PONDA",प्रतिभागी,शिक्षक
AB9026,Baldev Prasad Patel,Jabalpur,MAJHOLI,"23390300105, GOVT. HSS PONDA",प्रतिभागी,शिक्षक
AB9358,Jai Prakash Tiwari,Jabalpur,PANAGAR,"23390409205, GOVT. HSS SONPUR",प्रतिभागी,शिक्षक
AB7284,Sanjay Kumar Jasuja,Jabalpur,PANAGAR,"23390427204, GOVT. HSS GIRLS, PANAGAR",प्रतिभागी,शिक्षक
BW3949,Reena Dubey,Jabalpur,PANAGAR,"23390427204, GOVT. HSS GIRLS, PANAGAR",प्रतिभागी,शिक्षक
AB9478,Namita Masih,Jabalpur,PANAGAR,"23390426504, GOVT. H.S. DEVRI",प्रतिभागी,शिक्षक
AB3167,Ravi Mohan Mor,Jabalpur,PANAGAR,"23390414905, GOVT. HSS BELKHADU",प्रतिभागी,शिक्षक
AB4735,Neha Jain,Jabalpur,PANAGAR,"23390414905, GOVT. HSS BELKHADU",प्रतिभागी,शिक्षक
AB8256,Ganesh Upadhyay,Jabalpur,PANAGAR,"23390414905, GOVT. HSS BELKHADU",प्रतिभागी,शिक्षक
AB8935,Sunita Soni,Jabalpur,PANAGAR,"23390414905, GOVT. HSS BELKHADU",प्रतिभागी,शिक्षक
AI2077,Kalpna Dixit,Jabalpur,PANAGAR,"23390414905, GOVT. HSS BELKHADU",प्रतिभागी,शिक्षक
AN5311,Pankaj Mani Jharia,Jabalpur,PANAGAR,"23390414905, GOVT. HSS BELKHADU",प्रतिभागी,शिक्षक
AV5886,Rashmi Soni,Jabalpur,PANAGAR,"23390414905, GOVT. HSS BELKHADU",प्रतिभागी,शिक्षक
BN9556,Archana Batham,Jabalpur,PANAGAR,"23390414905, GOVT. HSS BELKHADU",प्रतिभागी,शिक्षक
BN9575,Deepak Kumar,Jabalpur,PANAGAR,"23390414905, GOVT. HSS BELKHADU",प्रतिभागी,शिक्षक
BT6971,Savita chandrol,Jabalpur,PANAGAR,"23390414905, GOVT. HSS BELKHADU",प्रतिभागी,शिक्षक
BP8032,Rajni Bundela,Jabalpur,PANAGAR,"23390403706, GOVT. HSS KUSHNER",प्रतिभागी,शिक्षक
BW9023,Shailesh Mishra,Jabalpur,PANAGAR,"23390403706, GOVT. HSS KUSHNER",प्रतिभागी,शिक्षक
BZ4496,Brajesh Kumar Verma,Jabalpur,PANAGAR,"23390403706, GOVT. HSS KUSHNER",प्रतिभागी,शिक्षक
AN7598,Jayanti Wadkare,Jabalpur,PANAGAR,"23390400304, GOVT. HS KALADUMAR",प्रतिभागी,शिक्षक
AV7713,SMITA SHRIVASTAVA,Jabalpur,PANAGAR,"23390400304, GOVT. HS KALADUMAR",प्रतिभागी,शिक्षक
BQ1121,Sonu Nema,Jabalpur,PANAGAR,"23390400304, GOVT. HS KALADUMAR",प्रतिभागी,शिक्षक
BU4398,Vimla Darwai,Jabalpur,PANAGAR,"23390400304, GOVT. HS KALADUMAR",प्रतिभागी,शिक्षक
BV8001,Huma Fatma,Jabalpur,PANAGAR,"23390400304, GOVT. HS KALADUMAR",प्रतिभागी,शिक्षक
BV8007,Sushma Soni,Jabalpur,PANAGAR,"23390400304, GOVT. HS KALADUMAR",प्रतिभागी,शिक्षक
AB3851,Neerja Farsoiya,Jabalpur,PANAGAR,"23390427206, GOVT. HSS EXCELLENCE, PANAGAR",प्रतिभागी,शिक्षक
AB5447,Om Prakash Jharia,Jabalpur,PANAGAR,"23390427206, GOVT. HSS EXCELLENCE, PANAGAR",प्रतिभागी,शिक्षक
AB5579,Archana Shirish Gurjar,Jabalpur,PANAGAR,"23390427206, GOVT. HSS EXCELLENCE, PANAGAR",प्रतिभागी,शिक्षक
AB5731,Muniraj Singh Thakur,Jabalpur,PANAGAR,"23390427206, GOVT. HSS EXCELLENCE, PANAGAR",प्रतिभागी,शिक्षक
AB7186,Kusum Varma,Jabalpur,PANAGAR,"23390427206, GOVT. HSS EXCELLENCE, PANAGAR",प्रतिभागी,शिक्षक
AB7679,Manisha Solanki,Jabalpur,PANAGAR,"23390427206, GOVT. HSS EXCELLENCE, PANAGAR",प्रतिभागी,शिक्षक
AB7684,Santosh Kumar,Jabalpur,PANAGAR,"23390427206, GOVT. HSS EXCELLENCE, PANAGAR",प्रतिभागी,शिक्षक
AB7762,Sadhana Dubey,Jabalpur,PANAGAR,"23390427206, GOVT. HSS EXCELLENCE, PANAGAR",प्रतिभागी,शिक्षक
AN7886,Aabha Parauha,Jabalpur,PANAGAR,"23390427206, GOVT. HSS EXCELLENCE, PANAGAR",प्रतिभागी,शिक्षक
BH9881,Sushma Singh,Jabalpur,PANAGAR,"23390427206, GOVT. HSS EXCELLENCE, PANAGAR",प्रतिभागी,शिक्षक
BY5929,Arti Kori,Jabalpur,PANAGAR,"23390427206, GOVT. HSS EXCELLENCE, PANAGAR",प्रतिभागी,शिक्षक
AB3180,Rajni Devi Gupta,Jabalpur,PATAN,"23390504106, GOVT. HSS BORIYA",प्रतिभागी,शिक्षक
BQ3903,Rashmi Vishwakarma,Jabalpur,PATAN,"23390504106, GOVT. HSS BORIYA",प्रतिभागी,शिक्षक
CD4899,SANCHITA GAUTAM,Jabalpur,PATAN,"23390504106, GOVT. HSS BORIYA",प्रतिभागी,शिक्षक
AB9218,Manish Kumar Soni,Jabalpur,PATAN,"23390510105, GOVT. HS SAKRA",प्रतिभागी,शिक्षक
BP8803,Deepa Patel,Jabalpur,PATAN,"23390510105, GOVT. HS SAKRA",प्रतिभागी,शिक्षक
BT8056,Raghuvir Singh,Jabalpur,PATAN,"23390510105, GOVT. HS SAKRA",प्रतिभागी,शिक्षक
BU3991,Sujata Yadav,Jabalpur,PATAN,"23390510105, GOVT. HS SAKRA",प्रतिभागी,शिक्षक
BC1635,Shakun Satnami,Jabalpur,PATAN,"23390518304, GOVT. HS UDNA SADAK",प्रतिभागी,शिक्षक
BQ3236,Shashikant Dubey,Jabalpur,PATAN,"23390518304, GOVT. HS UDNA SADAK",प्रतिभागी,शिक्षक
BZ2965,Manish Namdeo,Jabalpur,PATAN,"23390518304, GOVT. HS UDNA SADAK",प्रतिभागी,शिक्षक
AB2889,Jaibun Nira Rekha Kindo,Jabalpur,PATAN,"23390524908, GOVT. HSS NUNSAR",प्रतिभागी,शिक्षक
AB2894,Anoop Kumar Sinha,Jabalpur,PATAN,"23390524908, GOVT. HSS NUNSAR",प्रतिभागी,शिक्षक
AB2910,Shyam Narayan Tiwari,Jabalpur,PATAN,"23390524908, GOVT. HSS NUNSAR",प्रतिभागी,शिक्षक
AB6723,Asharam Jhariya,Jabalpur,PATAN,"23390524908, GOVT. HSS NUNSAR",प्रतिभागी,शिक्षक
AI2361,Reena Jhariya,Jabalpur,PATAN,"23390524908, GOVT. HSS NUNSAR",प्रतिभागी,शिक्षक
AZ2086,Anjlina Ekka,Jabalpur,PATAN,"23390524908, GOVT. HSS NUNSAR",प्रतिभागी,शिक्षक
AB5009,Naresh Kumar Upadhyay,Jabalpur,PATAN,"23390500803, GOVT. GIRLS HSS KATANGI",प्रतिभागी,शिक्षक
AB9643,Shekh Shakeel,Jabalpur,PATAN,"23390500803, GOVT. GIRLS HSS KATANGI",प्रतिभागी,शिक्षक
BT5466,Dinesh Kumar Sorde,Jabalpur,PATAN,"23390500803, GOVT. GIRLS HSS KATANGI",प्रतिभागी,शिक्षक
BT7405,Laxman Prasad Jhariya,Jabalpur,PATAN,"23390500803, GOVT. GIRLS HSS KATANGI",प्रतिभागी,शिक्षक
BU3354,Lalit Kumar,Jabalpur,PATAN,"23390500803, GOVT. GIRLS HSS KATANGI",प्रतिभागी,शिक्षक
CB2707,AASHUTOSH KADERE,Jabalpur,PATAN,"23390500803, GOVT. GIRLS HSS KATANGI",प्रतिभागी,शिक्षक
AB6153,Urmila Mishra,Jabalpur,PATAN,"23390528501, GOVT. HS GADAGHAT",प्रतिभागी,सीएसी
AB6154,Nirmal Kumar Barla,Jabalpur,PATAN,"23390528501, GOVT. HS GADAGHAT",प्रतिभागी,शिक्षक
AB6158,Ramprakash Tiwari,Jabalpur,PATAN,"23390528501, GOVT. HS GADAGHAT",प्रतिभागी,शिक्षक
AB6165,Preeti Chouhan,Jabalpur,PATAN,"23390528501, GOVT. HS GADAGHAT",प्रतिभागी,शिक्षक
AB6169,Lal Singh Thakur,Jabalpur,PATAN,"23390528501, GOVT. HS GADAGHAT",प्रतिभागी,शिक्षक
AC6530,Anand Patel,Jabalpur,PATAN,"23390528501, GOVT. HS GADAGHAT",प्रतिभागी,शिक्षक
7049611909,Archana  Upadhyay ,Jabalpur,PATAN,"23390513420, GOVT. HSS GIRLS, PATAN",प्रतिभागी,शिक्षक
7223087462,Manisha  Lodhi ,Jabalpur,PATAN,"23390513420, GOVT. HSS GIRLS, PATAN",प्रतिभागी,शिक्षक
AN3667,Abhay Kumar Barman,Jabalpur,PATAN,"23390513420, GOVT. HSS GIRLS, PATAN",प्रतिभागी,शिक्षक
BX3286,Neha Jain,Jabalpur,SHAHPURA,"23390619208, GOVT. HSS BIJORI",प्रतिभागी,शिक्षक
AB9504,Dharmendra Kumar Kosta,Jabalpur,SHAHPURA,"23390615804, GOVT. HS GIRLS, GANGAI",प्रतिभागी,शिक्षक
BW1299,Preeti Yadav,Jabalpur,SHAHPURA,"23390615804, GOVT. HS GIRLS, GANGAI",प्रतिभागी,शिक्षक
BX4698,Devendra Kumar,Jabalpur,SHAHPURA,"23390615804, GOVT. HS GIRLS, GANGAI",प्रतिभागी,शिक्षक
CD3902,NEHA PATEL,Jabalpur,SHAHPURA,"23390615804, GOVT. HS GIRLS, GANGAI",प्रतिभागी,शिक्षक
AB3021,Laxmi Thakur,Jabalpur,SHAHPURA,"23390629403, GOVT. HSS EXCELLENCE, SHAHPURA",प्रतिभागी,शिक्षक
AB4666,Suresh Kumar Khangar,Jabalpur,SHAHPURA,"23390629403, GOVT. HSS EXCELLENCE, SHAHPURA",प्रतिभागी,शिक्षक
BY9481,Neelesh Soni,Jabalpur,SHAHPURA,"23390629403, GOVT. HSS EXCELLENCE, SHAHPURA",प्रतिभागी,शिक्षक
AB3003,Sultan Singh Thakur,Jabalpur,SHAHPURA,"23390609511, GOVT. HSS BELKHEDA",प्रतिभागी,शिक्षक
AB3062,Sanjay Singh Chouhan,Jabalpur,SHAHPURA,"23390609511, GOVT. HSS BELKHEDA",प्रतिभागी,शिक्षक
AB6479,Indra Kumar Jhariya,Jabalpur,SHAHPURA,"23390609511, GOVT. HSS BELKHEDA",प्रतिभागी,शिक्षक
AI1844,Jugraj Pradhan,Jabalpur,SHAHPURA,"23390609511, GOVT. HSS BELKHEDA",प्रतिभागी,शिक्षक
AB6460,Shipra Jain,Jabalpur,SHAHPURA,"23390612410, GOVT. HSS CHARGAWA",प्रतिभागी,शिक्षक
AB6474,Kamal Singh Lodhi,Jabalpur,SHAHPURA,"23390612410, GOVT. HSS CHARGAWA",प्रतिभागी,शिक्षक
AB6998,Rajesh Kumar Pathak,Jabalpur,SHAHPURA,"23390612410, GOVT. HSS CHARGAWA",प्रतिभागी,शिक्षक
BP8666,Garima Shrivastava,Jabalpur,SHAHPURA,"23390612410, GOVT. HSS CHARGAWA",प्रतिभागी,शिक्षक
DA3243,Nandini Shakya,Jabalpur,SHAHPURA,"23390612410, GOVT. HSS CHARGAWA",प्रतिभागी,शिक्षक
DA3252,Surbhi Nagwanshi,Jabalpur,SHAHPURA,"23390612410, GOVT. HSS CHARGAWA",प्रतिभागी,शिक्षक
AB3073,Aadesh Kumar Vishwakarma,Jabalpur,SHAHPURA,"23390602705, GOVT. HSS BHEETA FULAR",प्रतिभागी,शिक्षक
AB4043,Ashok Kumar,Jabalpur,SHAHPURA,"23390602705, GOVT. HSS BHEETA FULAR",प्रतिभागी,शिक्षक
BU7927,Anita Namdeo,Jabalpur,SHAHPURA,"23390602705, GOVT. HSS BHEETA FULAR",प्रतिभागी,शिक्षक
AB3848,Madhuri Singh,Jabalpur,SHAHPURA,"23390628405, GOVT. HSS GIRLS, SHAHPURA",प्रतिभागी,शिक्षक
AB3865,Ashok Singh Thakur,Jabalpur,SHAHPURA,"23390628405, GOVT. HSS GIRLS, SHAHPURA",प्रतिभागी,शिक्षक
AL6450,Abhilasha Garhwal,Jabalpur,SHAHPURA,"23390628405, GOVT. HSS GIRLS, SHAHPURA",प्रतिभागी,शिक्षक
CA2746,Ravendra Baghel,Jabalpur,SHAHPURA,"23390628405, GOVT. HSS GIRLS, SHAHPURA",प्रतिभागी,शिक्षक
BU8078,Prakash Kumar,Jabalpur,SHAHPURA,"23390620607, GOVT. HSS PIPARIYAKALAN",प्रतिभागी,शिक्षक
AB5460,Uma Devi Thakur,Jabalpur,SIHORA,"23390701118, GOVT. HSS GOSALPUR",प्रतिभागी,शिक्षक
AB6300,Vibha Mishra,Jabalpur,SIHORA,"23390701118, GOVT. HSS GOSALPUR",प्रतिभागी,शिक्षक
AB6310,Premlata Tiwari,Jabalpur,SIHORA,"23390701118, GOVT. HSS GOSALPUR",प्रतिभागी,शिक्षक
AB6312,MONIKA Lakra,Jabalpur,SIHORA,"23390701118, GOVT. HSS GOSALPUR",प्रतिभागी,शिक्षक
AB9043,Sanjeev Uramaliya,Jabalpur,SIHORA,"23390701118, GOVT. HSS GOSALPUR",प्रतिभागी,शिक्षक
AB9688,Basant Singh,Jabalpur,SIHORA,"23390701118, GOVT. HSS GOSALPUR",प्रतिभागी,शिक्षक
AN3543,Madan Lal,Jabalpur,SIHORA,"23390701118, GOVT. HSS GOSALPUR",प्रतिभागी,शिक्षक
BW6309,Gayatri Vishwakarma,Jabalpur,SIHORA,"23390701118, GOVT. HSS GOSALPUR",प्रतिभागी,शिक्षक
CB3780,RAJESH KUMHAR,Jabalpur,SIHORA,"23390701118, GOVT. HSS GOSALPUR",प्रतिभागी,शिक्षक
AB6170,Vinodini Verma,Jabalpur,SIHORA,"23390715612, GOVT. HSS GIRLS, SIHORA",प्रतिभागी,शिक्षक
BX5258,Rupali Shrivastava,Jabalpur,SIHORA,"23390715612, GOVT. HSS GIRLS, SIHORA",प्रतिभागी,शिक्षक
AB8835,Nilesh Shukla,Jabalpur,SIHORA,"23390710516, GOVT. HSS MAJHGAWA",प्रतिभागी,शिक्षक
AB4792,Meera Thakur,Jabalpur,SIHORA,"23390700118, GOVT. HSS GANDHIGRAM",प्रतिभागी,शिक्षक
AB5413,Maya Pulist,Jabalpur,SIHORA,"23390700118, GOVT. HSS GANDHIGRAM",प्रतिभागी,शिक्षक
AI1833,Hemlata Khangar,Jabalpur,SIHORA,"23390700118, GOVT. HSS GANDHIGRAM",प्रतिभागी,शिक्षक
BO1502,Anil Singh Khangar,Jabalpur,SIHORA,"23390700118, GOVT. HSS GANDHIGRAM",प्रतिभागी,शिक्षक
BV8842,Aarti Jyotishi,Jabalpur,SIHORA,"23390700118, GOVT. HSS GANDHIGRAM",प्रतिभागी,शिक्षक
AB5181,Awadhesh Narayan Agnihotri,Jabalpur,SIHORA,"23390716312, GOVT. HSS GIRLS,Y.B. KHITOLABAZAR",प्रतिभागी,शिक्षक
AB6885,Shikha Mandlekar,Jabalpur,SIHORA,"23390716312, GOVT. HSS GIRLS,Y.B. KHITOLABAZAR",प्रतिभागी,शिक्षक
AB7888,Minakshi Maravi,Jabalpur,SIHORA,"23390716312, GOVT. HSS GIRLS,Y.B. KHITOLABAZAR",प्रतिभागी,शिक्षक
BV9382,Vivek Singh Lodhi,Jabalpur,SIHORA,"23390716312, GOVT. HSS GIRLS,Y.B. KHITOLABAZAR",प्रतिभागी,शिक्षक
BW5432,Mohammad Asgar,Jabalpur,SIHORA,"23390716312, GOVT. HSS GIRLS,Y.B. KHITOLABAZAR",प्रतिभागी,शिक्षक
AB6294,Arvind Kumar Asati,Jabalpur,SIHORA,"23390712706, GOVT. HSS AGARIYA",प्रतिभागी,शिक्षक
AB7940,Laxmi Kant Shukla,Jabalpur,SIHORA,"23390712706, GOVT. HSS AGARIYA",प्रतिभागी,शिक्षक
BD2742,Vijendra Shukla,Jabalpur,SIHORA,"23390712706, GOVT. HSS AGARIYA",प्रतिभागी,शिक्षक
BO1554,Uttam Kumar Patel,Jabalpur,SIHORA,"23390708804, GOVT. HS KHIRHANIKALA",प्रतिभागी,शिक्षक
BS5479,Kamleshwar Kumar,Jabalpur,SIHORA,"23390708804, GOVT. HS KHIRHANIKALA",प्रतिभागी,शिक्षक
BU4211,Deepak Kumar Kachhi,Jabalpur,SIHORA,"23390708804, GOVT. HS KHIRHANIKALA",प्रतिभागी,शिक्षक
AB7116,Shiv Kumar Dahiya,Jabalpur,SIHORA,"23390708004, GOVT. HSS KUMBHI SATDHARA",प्रतिभागी,शिक्षक
BK6390,Sanju Bhandari,Jhabua,JHABUA,"23240814306, GOVT. HS SEMLIYA BADA JHABUA",प्रतिभागी,शिक्षक
BK6451,Mangaliya Bhuriya,Jhabua,JHABUA,"23240806806, GOVT. HS JHAYRA JHABUA",प्रतिभागी,शिक्षक
BK6586,Rekha Jamara,Jhabua,JHABUA,"23240806806, GOVT. HS JHAYRA JHABUA",प्रतिभागी,शिक्षक
BK6608,Nitin Makwana,Jhabua,JHABUA,"23240806806, GOVT. HS JHAYRA JHABUA",प्रतिभागी,शिक्षक
CF3122,RAJESH BARASKAR,Jhabua,JHABUA,"23240806806, GOVT. HS JHAYRA JHABUA",प्रतिभागी,शिक्षक
BK6398,Nirmala Bilwal,Jhabua,JHABUA,"23240806007, GOVT. HS KALAPIPAL JHABUA",प्रतिभागी,शिक्षक
BL9451,Abdul Karim Sheikh,Jhabua,JHABUA,"23240806007, GOVT. HS KALAPIPAL JHABUA",प्रतिभागी,शिक्षक
BK6322,Priti Chawda,Jhabua,JHABUA,"23240800708, GOVT. HS KARDAWAD BADI JHABUA",प्रतिभागी,शिक्षक
BK7204,Shilpa Katara,Jhabua,JHABUA,"23240800708, GOVT. HS KARDAWAD BADI JHABUA",प्रतिभागी,शिक्षक
BN4359,Shanti Bhabor,Jhabua,JHABUA,"23240800708, GOVT. HS KARDAWAD BADI JHABUA",प्रतिभागी,शिक्षक
BR6851,Rajeshwari Hada,Jhabua,JHABUA,"23240800708, GOVT. HS KARDAWAD BADI JHABUA",प्रतिभागी,शिक्षक
BJ2082,Lalit Nayak,Jhabua,JHABUA,"23240801109, GOVT. HS PIPLIYA JHABUA",प्रतिभागी,शिक्षक
BO6569,Bharatsingh Singad,Jhabua,JHABUA,"23240801109, GOVT. HS PIPLIYA JHABUA",प्रतिभागी,शिक्षक
BV7498,Rakesh Bamaniya,Jhabua,JHABUA,"23240801109, GOVT. HS PIPLIYA JHABUA",प्रतिभागी,शिक्षक
BY7120,Jamuna Bhuriya,Jhabua,JHABUA,"23240801109, GOVT. HS PIPLIYA JHABUA",प्रतिभागी,शिक्षक
CF3599,TOLSINGH SINGADIYA,Jhabua,JHABUA,"23240801109, GOVT. HS PIPLIYA JHABUA",प्रतिभागी,शिक्षक
BJ4378,Susama Meda,Jhabua,JHABUA,"23240810311, GOVT. HSS BHAGOR JHABUA",प्रतिभागी,शिक्षक
BR6359,Mukesh Makwana,Jhabua,JHABUA,"23240810311, GOVT. HSS BHAGOR JHABUA",प्रतिभागी,शिक्षक
CF4786,Sunil Gamad,Jhabua,JHABUA,"23240810311, GOVT. HSS BHAGOR JHABUA",प्रतिभागी,शिक्षक
BK6408,Magansingh Baghel,Jhabua,JHABUA,"23240804308, GOVT. HSS DHEKALBADI JHABUA",प्रतिभागी,शिक्षक
BK6446,Seema Bhuriya,Jhabua,JHABUA,"23240804308, GOVT. HSS DHEKALBADI JHABUA",प्रतिभागी,शिक्षक
BX6109,RATANSING KANESH,Jhabua,JHABUA,"23240804308, GOVT. HSS DHEKALBADI JHABUA",प्रतिभागी,शिक्षक
BJ2880,Lachchu Singh Bhuriya,Jhabua,JHABUA,"23240807738, GOVT. HSS GIRLS JHABUA",प्रतिभागी,शिक्षक
BM5837,Sisilya Mavi,Jhabua,JHABUA,"23240807738, GOVT. HSS GIRLS JHABUA",प्रतिभागी,शिक्षक
BN1178,Divylata Wasuniya,Jhabua,JHABUA,"23240807738, GOVT. HSS GIRLS JHABUA",प्रतिभागी,शिक्षक
BP8789,SUNITA BHURIYA,Jhabua,JHABUA,"23240807738, GOVT. HSS GIRLS JHABUA",प्रतिभागी,शिक्षक
BS4088,Sapna Kothari,Jhabua,JHABUA,"23240807738, GOVT. HSS GIRLS JHABUA",प्रतिभागी,शिक्षक
CA9135,MANJULA SOLANKI,Jhabua,JHABUA,"23240807738, GOVT. HSS GIRLS JHABUA",प्रतिभागी,शिक्षक
CC2690,ASHA MACHAR,Jhabua,JHABUA,"23240807738, GOVT. HSS GIRLS JHABUA",प्रतिभागी,शिक्षक
CC4079,RUCHITA SHAH,Jhabua,JHABUA,"23240807738, GOVT. HSS GIRLS JHABUA",प्रतिभागी,शिक्षक
BJ4375,Saliya Parmar,Jhabua,JHABUA,"23240802213, GOVT. HSS KALYANPURA JHABUA",प्रतिभागी,शिक्षक
BK6474,Adiram Parashar,Jhabua,JHABUA,"23240802213, GOVT. HSS KALYANPURA JHABUA",प्रतिभागी,शिक्षक
BK6517,Sunderlal Bamniya,Jhabua,JHABUA,"23240802213, GOVT. HSS KALYANPURA JHABUA",प्रतिभागी,शिक्षक
BK6522,Dalsingh Gundiya,Jhabua,JHABUA,"23240802213, GOVT. HSS KALYANPURA JHABUA",प्रतिभागी,शिक्षक
BK6529,Archana Katara Archana Katara,Jhabua,JHABUA,"23240802213, GOVT. HSS KALYANPURA JHABUA",प्रतिभागी,शिक्षक
BO8631,Harsingh Helot,Jhabua,JHABUA,"23240802213, GOVT. HSS KALYANPURA JHABUA",प्रतिभागी,शिक्षक
BU7743,Gopal Bhabar,Jhabua,JHABUA,"23240802213, GOVT. HSS KALYANPURA JHABUA",प्रतिभागी,शिक्षक
CF1997,LAJJARAM DHAKAR,Jhabua,JHABUA,"23240802213, GOVT. HSS KALYANPURA JHABUA",प्रतिभागी,शिक्षक
BJ3447,Kamlesh Meda,Jhabua,JHABUA,"23240809117, GOVT. HSS PITOL JHABUA",प्रतिभागी,शिक्षक
BJ4308,Naresh Kumar Mishra,Jhabua,JHABUA,"23240809117, GOVT. HSS PITOL JHABUA",प्रतिभागी,शिक्षक
BU1451,Govardhan Bhati,Jhabua,JHABUA,"23240809117, GOVT. HSS PITOL JHABUA",प्रतिभागी,शिक्षक
CB5777,PETRICK SINGADIYA,Jhabua,JHABUA,"23240809117, GOVT. HSS PITOL JHABUA",प्रतिभागी,शिक्षक
BJ1643,ranjna jamra,Jhabua,JHABUA,"23240811408, GOVT. HSS RATITALAI",प्रतिभागी,शिक्षक
BJ2913,Sunita Trivedi,Jhabua,JHABUA,"23240811408, GOVT. HSS RATITALAI",प्रतिभागी,शिक्षक
BJ3985,Antimbala Rathore,Jhabua,JHABUA,"23240811408, GOVT. HSS RATITALAI",प्रतिभागी,शिक्षक
BK6557,Jyotsna Padya,Jhabua,JHABUA,"23240811408, GOVT. HSS RATITALAI",प्रतिभागी,शिक्षक
BL9452,Asha Chouhan,Jhabua,JHABUA,"23240811408, GOVT. HSS RATITALAI",प्रतिभागी,शिक्षक
BO7389,Sangeeta Bamniya,Jhabua,JHABUA,"23240811408, GOVT. HSS RATITALAI",प्रतिभागी,शिक्षक
BP3246,RUPESH MEDA,Jhabua,JHABUA,"23240811408, GOVT. HSS RATITALAI",प्रतिभागी,शिक्षक
BT3692,Leela Rawat,Jhabua,JHABUA,"23240811408, GOVT. HSS RATITALAI",प्रतिभागी,शिक्षक
BT4662,MONIKA BILWAL,Jhabua,JHABUA,"23240811408, GOVT. HSS RATITALAI",प्रतिभागी,शिक्षक
CB3380,AJAY MUVEL,Jhabua,JHABUA,"23240811408, GOVT. HSS RATITALAI",प्रतिभागी,शिक्षक
CC5998,RAKESH AJANAR,Jhabua,JHABUA,"23240811408, GOVT. HSS RATITALAI",प्रतिभागी,शिक्षक
BK5272,Hiralal Chouhan,Jhabua,MEGHNAGAR,"23241101109, GOVT. HS DEVIGARH MEGHNAGAR",प्रतिभागी,शिक्षक
BL2730,Prakash Kokar,Jhabua,MEGHNAGAR,"23241101109, GOVT. HS DEVIGARH MEGHNAGAR",प्रतिभागी,शिक्षक
BR6718,Mala Carpota,Jhabua,MEGHNAGAR,"23241101109, GOVT. HS DEVIGARH MEGHNAGAR",प्रतिभागी,शिक्षक
BR7021,Oakar Bura,Jhabua,MEGHNAGAR,"23241101109, GOVT. HS DEVIGARH MEGHNAGAR",प्रतिभागी,शिक्षक
BV5102,Rakesh Meda,Jhabua,MEGHNAGAR,"23241103909, GOVT. HS KHALKHANDVI",प्रतिभागी,सीएसी
BR6617,Laleetsingh KATARA,Jhabua,MEGHNAGAR,"23241109206, GOVT. HSS MANDLI",प्रतिभागी,शिक्षक
BR6630,Leela Katliya,Jhabua,MEGHNAGAR,"23241109206, GOVT. HSS MANDLI",प्रतिभागी,शिक्षक
BR7034,RASUL MEDA,Jhabua,MEGHNAGAR,"23241109206, GOVT. HSS MANDLI",प्रतिभागी,शिक्षक
BL2694,Bharat Mavi,Jhabua,MEGHNAGAR,"23241102610, GOVT. HS CHAINPURA",प्रतिभागी,शिक्षक
BN8367,Rekha Choudhary,Jhabua,MEGHNAGAR,"23241102610, GOVT. HS CHAINPURA",प्रतिभागी,शिक्षक
BR6450,Dalla Ganwa,Jhabua,MEGHNAGAR,"23241102610, GOVT. HS CHAINPURA",प्रतिभागी,शिक्षक
BV1975,Sillu Damor,Jhabua,MEGHNAGAR,"23241102610, GOVT. HS CHAINPURA",प्रतिभागी,शिक्षक
BJ2596,Varsha Choure,Jhabua,MEGHNAGAR,"23241109833, GOVT. HSS EXCELLENCE MEGHNAGAR",प्रतिभागी,शिक्षक
BL2802,Gabrel Bhuriya,Jhabua,MEGHNAGAR,"23241109833, GOVT. HSS EXCELLENCE MEGHNAGAR",प्रतिभागी,शिक्षक
BL2999,Sundar Nayak,Jhabua,MEGHNAGAR,"23241109833, GOVT. HSS EXCELLENCE MEGHNAGAR",प्रतिभागी,शिक्षक
BN1330,Nirmla Patel,Jhabua,MEGHNAGAR,"23241109833, GOVT. HSS EXCELLENCE MEGHNAGAR",प्रतिभागी,शिक्षक
BN1336,Mahendra Singh Harval,Jhabua,MEGHNAGAR,"23241109833, GOVT. HSS EXCELLENCE MEGHNAGAR",प्रतिभागी,शिक्षक
BN8361,Bhanumati Nayak,Jhabua,MEGHNAGAR,"23241109833, GOVT. HSS EXCELLENCE MEGHNAGAR",प्रतिभागी,शिक्षक
BR6860,Bhimsing Sabliya,Jhabua,MEGHNAGAR,"23241109833, GOVT. HSS EXCELLENCE MEGHNAGAR",प्रतिभागी,शिक्षक
BR7029,Trinkal Solanki,Jhabua,MEGHNAGAR,"23241109833, GOVT. HSS EXCELLENCE MEGHNAGAR",प्रतिभागी,शिक्षक
BL2683,Priyanka Khadeda,Jhabua,MEGHNAGAR,"23241109834, GHSS. MEGHNAGAR",प्रतिभागी,शिक्षक
BN8405,Shila Damor,Jhabua,MEGHNAGAR,"23241109834, GHSS. MEGHNAGAR",प्रतिभागी,शिक्षक
BR6847,Sunita Neenam,Jhabua,MEGHNAGAR,"23241109834, GHSS. MEGHNAGAR",प्रतिभागी,शिक्षक
CC6364,ISHWAR SURYAWANSHI,Jhabua,MEGHNAGAR,"23241109834, GHSS. MEGHNAGAR",प्रतिभागी,शिक्षक
CC6691,NITESH SHARMA,Jhabua,MEGHNAGAR,"23241109834, GHSS. MEGHNAGAR",प्रतिभागी,शिक्षक
BL2781,Usha Katara,Jhabua,MEGHNAGAR,"23241100810, GOVT BHSS RAMBHAPUR",प्रतिभागी,शिक्षक
BL2858,Yashavant Nayak,Jhabua,MEGHNAGAR,"23241100810, GOVT BHSS RAMBHAPUR",प्रतिभागी,शिक्षक
BN8429,Paskali Bhuriya,Jhabua,MEGHNAGAR,"23241100810, GOVT BHSS RAMBHAPUR",प्रतिभागी,शिक्षक
CC6493,SIMU MAIDA,Jhabua,MEGHNAGAR,"23241100810, GOVT BHSS RAMBHAPUR",प्रतिभागी,शिक्षक
CC7317,RAJKUMAR KURMI,Jhabua,MEGHNAGAR,"23241100810, GOVT BHSS RAMBHAPUR",प्रतिभागी,शिक्षक
BN8351,Kishan Singh Chatel,Jhabua,MEGHNAGAR,"23241105612, GOVT. HSS MADRANI",प्रतिभागी,शिक्षक
BN8414,Tarsingh Muniya,Jhabua,MEGHNAGAR,"23241105612, GOVT. HSS MADRANI",प्रतिभागी,शिक्षक
AS5241,Paskal Maal,Jhabua,MEGHNAGAR,"23241102121, GOVT HSS NOUGAWA",प्रतिभागी,शिक्षक
BJ6693,Take Singh Nayak,Jhabua,MEGHNAGAR,"23241102121, GOVT HSS NOUGAWA",प्रतिभागी,शिक्षक
BL9270,Kanhaiyalal Bamniya,Jhabua,MEGHNAGAR,"23241102121, GOVT HSS NOUGAWA",प्रतिभागी,शिक्षक
BN6250,Khushal Deval,Jhabua,MEGHNAGAR,"23241102121, GOVT HSS NOUGAWA",प्रतिभागी,शिक्षक
BP3478,Sunita Parmar,Jhabua,MEGHNAGAR,"23241102121, GOVT HSS NOUGAWA",प्रतिभागी,शिक्षक
BR6449,Neermala Makdiya,Jhabua,MEGHNAGAR,"23241102121, GOVT HSS NOUGAWA",प्रतिभागी,शिक्षक
BK6936,Salendra Singh Ranawat,Jhabua,PETLAWAD,"23240906118, GOVT. HS GIRLS SARANGI PETLAWAD",प्रतिभागी,शिक्षक
BI4098,Ritesh Baser,Jhabua,PETLAWAD,"23240930109, GOVT. HS MATHMATH PETLAWAD",प्रतिभागी,शिक्षक
BJ6999,Prakash Singad,Jhabua,PETLAWAD,"23240930109, GOVT. HS MATHMATH PETLAWAD",प्रतिभागी,शिक्षक
BK7062,Raychand Pargi,Jhabua,PETLAWAD,"23240930109, GOVT. HS MATHMATH PETLAWAD",प्रतिभागी,शिक्षक
CA9085,SANGEETA SINGAD,Jhabua,PETLAWAD,"23240930109, GOVT. HS MATHMATH PETLAWAD",प्रतिभागी,शिक्षक
CF6787,GHANSHAYAM CHOUHAN,Jhabua,PETLAWAD,"23240930109, GOVT. HS MATHMATH PETLAWAD",प्रतिभागी,शिक्षक
BJ6933,Manilal Bhuriya,Jhabua,PETLAWAD,"23240903813, GOVT. HSS BARVET PETLAWAD",प्रतिभागी,शिक्षक
BK7191,Gopal Chouhan,Jhabua,PETLAWAD,"23240903309, GOVT. HS JAMLI PETLAWAD",प्रतिभागी,शिक्षक
BO1153,Savsing Pargi,Jhabua,PETLAWAD,"23240903309, GOVT. HS JAMLI PETLAWAD",प्रतिभागी,शिक्षक
BR6362,laxmansingh maida,Jhabua,PETLAWAD,"23240902606, GOVT. HS DEVLI PETLAWAD",प्रतिभागी,शिक्षक
CC1733,ROHIT CHOUHAN,Jhabua,PETLAWAD,"23240902606, GOVT. HS DEVLI PETLAWAD",प्रतिभागी,शिक्षक
CE2466,UPENDRA BAGHEL,Jhabua,PETLAWAD,"23240900807, GOVT. HS BOLASA PETLAWAD",प्रतिभागी,शिक्षक
BI8106,Gopal Purohit,Jhabua,PETLAWAD,"23240910020, GOVT. HS MOHANKOT PETLAWAD",प्रतिभागी,शिक्षक
BK7520,Hiralal Muniya,Jhabua,PETLAWAD,"23240910020, GOVT. HS MOHANKOT PETLAWAD",प्रतिभागी,शिक्षक
BJ6959,Madhuri Muniya,Jhabua,PETLAWAD,"23240901143, GOVT. HSS EXCELLENCE PETLAWAD",प्रतिभागी,शिक्षक
BJ7079,Shantilal Gehlot,Jhabua,PETLAWAD,"23240901143, GOVT. HSS EXCELLENCE PETLAWAD",प्रतिभागी,शिक्षक
BK7083,Mrs. Anita Hatila,Jhabua,PETLAWAD,"23240901143, GOVT. HSS EXCELLENCE PETLAWAD",प्रतिभागी,शिक्षक
BK7623,Anton Katara,Jhabua,PETLAWAD,"23240901143, GOVT. HSS EXCELLENCE PETLAWAD",प्रतिभागी,शिक्षक
CC1740,RAKESH DEWDA,Jhabua,PETLAWAD,"23240901143, GOVT. HSS EXCELLENCE PETLAWAD",प्रतिभागी,शिक्षक
CC1742,WILLIAM DAMOR,Jhabua,PETLAWAD,"23240901143, GOVT. HSS EXCELLENCE PETLAWAD",प्रतिभागी,शिक्षक
BK7538,Pooja Maida,Jhabua,PETLAWAD,"23240904428, GOVT. HSS BOYS BAMANIYA",प्रतिभागी,शिक्षक
BY5618,Magan Katara,Jhabua,PETLAWAD,"23240904428, GOVT. HSS BOYS BAMANIYA",प्रतिभागी,शिक्षक
BZ1071,Vivek Joshi,Jhabua,PETLAWAD,"23240904428, GOVT. HSS BOYS BAMANIYA",प्रतिभागी,शिक्षक
BJ7095,Sunil Gupta,Jhabua,PETLAWAD,"23240904427, GOVT. HSS GIRLS BAMANIYA",प्रतिभागी,शिक्षक
CC6535,NARENDRA CHAUHAN,Jhabua,PETLAWAD,"23240904427, GOVT. HSS GIRLS BAMANIYA",प्रतिभागी,शिक्षक
CF7030,KALUSINGH GARWAL,Jhabua,PETLAWAD,"23240904427, GOVT. HSS GIRLS BAMANIYA",प्रतिभागी,शिक्षक
BK7043,Shankarlal Dabi,Jhabua,PETLAWAD,"23240905322, GOVT. HSS KARWAD PETLAWAD",प्रतिभागी,शिक्षक
BK7061,Rajendrasingh Katara,Jhabua,PETLAWAD,"23240905322, GOVT. HSS KARWAD PETLAWAD",प्रतिभागी,शिक्षक
BT4920,Ramesh Bilwal,Jhabua,PETLAWAD,"23240905322, GOVT. HSS KARWAD PETLAWAD",प्रतिभागी,शिक्षक
BR6151,Bantiya Katara,Jhabua,PETLAWAD,"23240912712, GOVT HSS JHAKNAWDA",प्रतिभागी,शिक्षक
BR6360,Premsingh Maida,Jhabua,PETLAWAD,"23240912712, GOVT HSS JHAKNAWDA",प्रतिभागी,शिक्षक
BJ4258,Nandlal Ard,Jhabua,PETLAWAD,"23240908721, GOVT. HSS RAYPURIYA PETLAWAD",प्रतिभागी,शिक्षक
CC6193,PINKI MORI,Jhabua,PETLAWAD,"23240908721, GOVT. HSS RAYPURIYA PETLAWAD",प्रतिभागी,शिक्षक
BJ4052,santosh tanwar,Jhabua,RAMA,"23241005007, GOVT. HS MACHALIYA",प्रतिभागी,शिक्षक
BQ3249,Manjula Barigi,Jhabua,RAMA,"23241005007, GOVT. HS MACHALIYA",प्रतिभागी,शिक्षक
CF9169,RAJESH CHOUHAN,Jhabua,RAMA,"23241005007, GOVT. HS MACHALIYA",प्रतिभागी,शिक्षक
BQ3632,Gita Mory,Jhabua,RAMA,"23241005808, GOVT. HSS ROTLA RAMA",प्रतिभागी,शिक्षक
CF1603,ANIL GARWAL,Jhabua,RAMA,"23241005808, GOVT. HSS ROTLA RAMA",प्रतिभागी,शिक्षक
BJ4018,Shantilal Parmar,Jhabua,RAMA,"23241007412, GOVT. HSS UMARKOT RAMA",प्रतिभागी,शिक्षक
BJ4049,Munnalal Babel,Jhabua,RAMA,"23241007412, GOVT. HSS UMARKOT RAMA",प्रतिभागी,शिक्षक
BJ4068,Bhamarsingh Damor,Jhabua,RAMA,"23241006507, GOVT. HS KHEDA RAMA",प्रतिभागी,शिक्षक
BK6436,Dariyavsingh Rathor,Jhabua,RAMA,"23241006709, GOVT. HSS KHARDUBADI RAMA",प्रतिभागी,शिक्षक
BK8686,Pravina Mujhalda,Jhabua,RAMA,"23241006709, GOVT. HSS KHARDUBADI RAMA",प्रतिभागी,शिक्षक
BQ3647,Chhotusingh Dudwe,Jhabua,RAMA,"23241006709, GOVT. HSS KHARDUBADI RAMA",प्रतिभागी,शिक्षक
BQ7536,Ranjana Ravat,Jhabua,RAMA,"23241006709, GOVT. HSS KHARDUBADI RAMA",प्रतिभागी,शिक्षक
BJ6632,Himmatsingh Kanesh,Jhabua,RAMA,"23241009710, GOVT. HSS RAJLA RAMA",प्रतिभागी,शिक्षक
BJ6644,Partapsingh Ajnar,Jhabua,RAMA,"23241009710, GOVT. HSS RAJLA RAMA",प्रतिभागी,शिक्षक
BK8683,Pratapsingh. Khaped,Jhabua,RAMA,"23241009710, GOVT. HSS RAJLA RAMA",प्रतिभागी,शिक्षक
BJ5891,Kensingh Bhuriya,Jhabua,RAMA,"23241009013, GOVT. HS PITHANPUR",प्रतिभागी,शिक्षक
BQ7538,Narvarsingh GAWAD,Jhabua,RAMA,"23241009013, GOVT. HS PITHANPUR",प्रतिभागी,शिक्षक
BT2176,Narvar Ninama,Jhabua,RAMA,"23241009013, GOVT. HS PITHANPUR",प्रतिभागी,शिक्षक
CF4065,DILIP DAMOR,Jhabua,RAMA,"23241009013, GOVT. HS PITHANPUR",प्रतिभागी,शिक्षक
CF4078,DHARMENDRA BHILALA,Jhabua,RAMA,"23241009013, GOVT. HS PITHANPUR",प्रतिभागी,शिक्षक
BJ3460,Ekta  Soyda Ekta  Soyda,Jhabua,RAMA,"23241002814, GOVT. HSS EXCELLENCE KALIDEVI RAMA",प्रतिभागी,शिक्षक
BJ3980,Aruna Parmar,Jhabua,RAMA,"23241002814, GOVT. HSS EXCELLENCE KALIDEVI RAMA",प्रतिभागी,शिक्षक
BJ4025,Babita Dabi,Jhabua,RAMA,"23241002814, GOVT. HSS EXCELLENCE KALIDEVI RAMA",प्रतिभागी,शिक्षक
BK8694,Mansingh Bhura,Jhabua,RAMA,"23241002814, GOVT. HSS EXCELLENCE KALIDEVI RAMA",प्रतिभागी,शिक्षक
CB7212,SOHAN RATHAWA,Jhabua,RAMA,"23241002814, GOVT. HSS EXCELLENCE KALIDEVI RAMA",प्रतिभागी,शिक्षक
CE7980,GANPAT NALVAYA,Jhabua,RAMA,"23241002814, GOVT. HSS EXCELLENCE KALIDEVI RAMA",प्रतिभागी,शिक्षक
BJ6611,Sita Jamra,Jhabua,RAMA,"23241002013, GOVT. HSS BOYS PARA RAMA",प्रतिभागी,शिक्षक
BJ6613,Sunita Dawar,Jhabua,RAMA,"23241002013, GOVT. HSS BOYS PARA RAMA",प्रतिभागी,शिक्षक
BJ6757,Puran Singh Chouhan,Jhabua,RAMA,"23241002013, GOVT. HSS BOYS PARA RAMA",प्रतिभागी,शिक्षक
BJ1631,DHARMENDRA PANDYA,Jhabua,RANAPUR,"23241210927, GOVT. HSS EXCELLENCE RANAPUR",प्रतिभागी,शिक्षक
BO8880,Meera Hatela,Jhabua,RANAPUR,"23241210927, GOVT. HSS EXCELLENCE RANAPUR",प्रतिभागी,शिक्षक
BR1029,Dinesh Damor,Jhabua,RANAPUR,"23241210927, GOVT. HSS EXCELLENCE RANAPUR",प्रतिभागी,शिक्षक
CF5257,SANJAY DHAKAD,Jhabua,RANAPUR,"23241210927, GOVT. HSS EXCELLENCE RANAPUR",प्रतिभागी,शिक्षक
BO8877,Sanjay Parmar,Jhabua,RANAPUR,"23241210925, GOVT. HSS GIRLS RANAPUR",प्रतिभागी,सीएसी
BP5865,Sushila Hatila,Jhabua,RANAPUR,"23241210925, GOVT. HSS GIRLS RANAPUR",प्रतिभागी,शिक्षक
BJ1671,Bhemsingh Parmar,Jhabua,RANAPUR,"23241204314, GOVT. HSS BAN RANAPUR",प्रतिभागी,शिक्षक
BJ1771,Pansingh Solanki,Jhabua,RANAPUR,"23241204314, GOVT. HSS BAN RANAPUR",प्रतिभागी,शिक्षक
BJ3393,Radhey Shyam Bhaudiya,Jhabua,RANAPUR,"23241204314, GOVT. HSS BAN RANAPUR",प्रतिभागी,शिक्षक
BJ2764,Jawarsingh Solanki,Jhabua,RANAPUR,"23241203907, GOVT. HS TANDI RANAPUR",प्रतिभागी,शिक्षक
BJ1588,Manoj Harsola,Jhabua,RANAPUR,"23241209714, GOVT. HSS SAMOI RANAPUR",प्रतिभागी,शिक्षक
BS8917,ASHOK KUMAR KUSHWAHA,Jhabua,RANAPUR,"23241209714, GOVT. HSS SAMOI RANAPUR",प्रतिभागी,शिक्षक
BU8161,Pappu Bhabor,Jhabua,RANAPUR,"23241209714, GOVT. HSS SAMOI RANAPUR",प्रतिभागी,शिक्षक
BO4736,Narsingh Dawar,Jhabua,RANAPUR,"23241207206, GOVT. HSS KANJAWANI RANAPUR",प्रतिभागी,शिक्षक
BJ1669,Gulabsingh Solanki,Jhabua,RANAPUR,"23241211208, GOVT. HSS MORDUNDIYA",प्रतिभागी,शिक्षक
BJ6426,Rameshchandra Makwana,Jhabua,RANAPUR,"23241211208, GOVT. HSS MORDUNDIYA",प्रतिभागी,शिक्षक
BN2921,Jangliya Bariya,Jhabua,RANAPUR,"23241211208, GOVT. HSS MORDUNDIYA",प्रतिभागी,शिक्षक
BJ2081,Leena Rathor,Jhabua,THANDLA,"23240409409, GOVT. HS HARINAGAR THANDLA",प्रतिभागी,शिक्षक
BL9274,Vincent Damor,Jhabua,THANDLA,"23240409409, GOVT. HS HARINAGAR THANDLA",प्रतिभागी,शिक्षक
BQ2293,Joseph Kalasua,Jhabua,THANDLA,"23240409409, GOVT. HS HARINAGAR THANDLA",प्रतिभागी,शिक्षक
BQ2294,Sunil Ninama,Jhabua,THANDLA,"23240409409, GOVT. HS HARINAGAR THANDLA",प्रतिभागी,शिक्षक
BO7650,Dipu Damor,Jhabua,THANDLA,"23240408123, GOVT. HSS KAKANWANI",प्रतिभागी,शिक्षक
BT4833,Ritesh Bhuriya,Jhabua,THANDLA,"23240408123, GOVT. HSS KAKANWANI",प्रतिभागी,शिक्षक
BK5591,Sajani Khadiya,Jhabua,THANDLA,"23240401317, GOVT. HSS PARVALIYA",प्रतिभागी,शिक्षक
BL9277,Mansingh Paliya,Jhabua,THANDLA,"23240401317, GOVT. HSS PARVALIYA",प्रतिभागी,शिक्षक
BN9074,Raju Makawana,Jhabua,THANDLA,"23240401317, GOVT. HSS PARVALIYA",प्रतिभागी,शिक्षक
BO4966,Gorsingh Katara,Jhabua,THANDLA,"23240401317, GOVT. HSS PARVALIYA",प्रतिभागी,शिक्षक
BY6538,Lokesh Bhatt,Jhabua,THANDLA,"23240401317, GOVT. HSS PARVALIYA",प्रतिभागी,शिक्षक
CF7121,ARMAN BILWAL,Jhabua,THANDLA,"23240401317, GOVT. HSS PARVALIYA",प्रतिभागी,शिक्षक
CF7124,VALCHANDRA KATIJA,Jhabua,THANDLA,"23240401317, GOVT. HSS PARVALIYA",प्रतिभागी,शिक्षक
CF7126,RADU BARIYA,Jhabua,THANDLA,"23240401317, GOVT. HSS PARVALIYA",प्रतिभागी,शिक्षक
BJ2743,Vijay Kumar Porval,Jhabua,THANDLA,"23240400230, GOVT. HSS EXCELLENCE THANDLA",प्रतिभागी,शिक्षक
BJ6942,Hemedra Upadhyay,Jhabua,THANDLA,"23240400230, GOVT. HSS EXCELLENCE THANDLA",प्रतिभागी,शिक्षक
BO8623,Devendra Kumar Rathore,Jhabua,THANDLA,"23240400230, GOVT. HSS EXCELLENCE THANDLA",प्रतिभागी,शिक्षक
BV2376,Pramila Amliyar,Jhabua,THANDLA,"23240400230, GOVT. HSS EXCELLENCE THANDLA",प्रतिभागी,शिक्षक
BK5287,Punam Majhi,Jhabua,THANDLA,"23240400231, GOVT. HSS GIRLS THANDLA",प्रतिभागी,शिक्षक
BL9066,Kamla Malivad,Jhabua,THANDLA,"23240400231, GOVT. HSS GIRLS THANDLA",प्रतिभागी,शिक्षक
BO6577,Priyanka Maida,Jhabua,THANDLA,"23240400231, GOVT. HSS GIRLS THANDLA",प्रतिभागी,शिक्षक
BO7122,Kalu Singh Bhuriya,Jhabua,THANDLA,"23240400231, GOVT. HSS GIRLS THANDLA",प्रतिभागी,सीएसी
BJ2034,Antar Singh Rawat,Jhabua,THANDLA,"23240406310, GOVT. HS BEDAWA",प्रतिभागी,शिक्षक
BZ1077,Jasvant Damor,Jhabua,THANDLA,"23240406310, GOVT. HS BEDAWA",प्रतिभागी,शिक्षक
BL8971,Badrilal Patidar,Jhabua,THANDLA,"23240408513, GOVT. BHSS KHAWASA",प्रतिभागी,शिक्षक
BO3839,Durga Prasad Patidar,Jhabua,THANDLA,"23240408512, GOVT. HSS GIRLS KHAWASA",प्रतिभागी,शिक्षक
AN6706,Sita Patel,Katni,BADWARA,"23380309411, GHSS PIPARIYA KALAN",प्रतिभागी,शिक्षक
BY8699,Shiv Prasad Sahu,Katni,BADWARA,"23380309411, GHSS PIPARIYA KALAN",प्रतिभागी,शिक्षक
AN8614,Shiv Mangal Mahobiya,Katni,BADWARA,"23380300106, GHSS BHUDSA",प्रतिभागी,शिक्षक
AN8630,Achchhe Lal Mahobiya,Katni,BADWARA,"23380300106, GHSS BHUDSA",प्रतिभागी,शिक्षक
AN8657,Ramesh Kumar Kushwaha,Katni,BADWARA,"23380300106, GHSS BHUDSA",प्रतिभागी,शिक्षक
AN8759,Kamalesh Singh Bais,Katni,BADWARA,"23380300106, GHSS BHUDSA",प्रतिभागी,शिक्षक
CD6348,GULASHAN SONTEKE,Katni,BADWARA,"23380300106, GHSS BHUDSA",प्रतिभागी,शिक्षक
7509472019,Rukhsar  Siddqee ,Katni,BADWARA,"23380303311, GHSS EX. BADWARA",प्रतिभागी,शिक्षक
AN2648,Maheshwari Singh,Katni,BADWARA,"23380303311, GHSS EX. BADWARA",प्रतिभागी,शिक्षक
AN2752,Mahavir Prasad Ahirwar,Katni,BADWARA,"23380303311, GHSS EX. BADWARA",प्रतिभागी,शिक्षक
AT3109,Sheela Tripathi,Katni,BADWARA,"23380303311, GHSS EX. BADWARA",प्रतिभागी,शिक्षक
BM8733,Rakesh Kumar Rajak,Katni,BADWARA,"23380303311, GHSS EX. BADWARA",प्रतिभागी,शिक्षक
6264046293,Rajesh Kumar Patel ,Katni,BADWARA,"23380304805, GHS NANHWARA SEJHA",प्रतिभागी,अन्य
7089446058,Akhilesh Kumar Saket   ,Katni,BADWARA,"23380304805, GHS NANHWARA SEJHA",प्रतिभागी,अन्य
7898867096,Sunil Kumar Nigam ,Katni,BADWARA,"23380304805, GHS NANHWARA SEJHA",प्रतिभागी,अन्य
8818860124,Deepa  Namdeo ,Katni,BADWARA,"23380304805, GHS NANHWARA SEJHA",प्रतिभागी,अन्य
8959299483,Kamal  Namdeo ,Katni,BADWARA,"23380304805, GHS NANHWARA SEJHA",प्रतिभागी,अन्य
9630640891,Ashu  Samdariya ,Katni,BADWARA,"23380304805, GHS NANHWARA SEJHA",प्रतिभागी,अन्य
9644564922,Satendra Kumar Raidas ,Katni,BADWARA,"23380304805, GHS NANHWARA SEJHA",प्रतिभागी,अन्य
AN2558,Lokesh Kumar Armo,Katni,BADWARA,"23380304805, GHS NANHWARA SEJHA",प्रतिभागी,शिक्षक
AN2589,Achchhelal Yadav,Katni,BADWARA,"23380304805, GHS NANHWARA SEJHA",प्रतिभागी,शिक्षक
AN2628,Pratima Shrivastav,Katni,BADWARA,"23380306205, GHSS BHADOURA NO.1",प्रतिभागी,शिक्षक
AN2686,Kamlesh Prasad Shukla,Katni,BADWARA,"23380306205, GHSS BHADOURA NO.1",प्रतिभागी,शिक्षक
BT1104,Jyoti Kori,Katni,BADWARA,"23380306205, GHSS BHADOURA NO.1",प्रतिभागी,शिक्षक
BW5805,Sarika Gupta,Katni,BADWARA,"23380306205, GHSS BHADOURA NO.1",प्रतिभागी,एसआरजी
AN4418,Gudda Prasad Raidas,Katni,BADWARA,"23380307406, GHSS BASADI",प्रतिभागी,शिक्षक
BQ6357,Kirti Soni,Katni,BADWARA,"23380307406, GHSS BASADI",प्रतिभागी,शिक्षक
AN4311,Shriram Sharma,Katni,BADWARA,"23380314411, GHSS KHITOULI",प्रतिभागी,शिक्षक
AN4421,Balraj Singh Gond,Katni,BADWARA,"23380314411, GHSS KHITOULI",प्रतिभागी,शिक्षक
AN8389,Ramkumari Mali,Katni,BADWARA,"23380314411, GHSS KHITOULI",प्रतिभागी,शिक्षक
AR1224,Telesphor Xess,Katni,BADWARA,"23380314411, GHSS KHITOULI",प्रतिभागी,शिक्षक
BW2409,Sitaram Tiwari,Katni,BADWARA,"23380314411, GHSS KHITOULI",प्रतिभागी,सीएसी
AN2540,Pramod Kumar Dwivedi,Katni,BADWARA,"23380316311, GHSS BARHI",प्रतिभागी,शिक्षक
AN4535,Chandra Bhan Maravi,Katni,BADWARA,"23380316311, GHSS BARHI",प्रतिभागी,शिक्षक
AN4599,Gosharan Prasad Upadhyay,Katni,BADWARA,"23380316311, GHSS BARHI",प्रतिभागी,शिक्षक
AN6669,Diwakar Prasad Upadhyay,Katni,BADWARA,"23380316311, GHSS BARHI",प्रतिभागी,शिक्षक
AN8421,Babita Rai,Katni,BADWARA,"23380316311, GHSS BARHI",प्रतिभागी,शिक्षक
BT3094,Anupma Namdeo,Katni,BADWARA,"23380316311, GHSS BARHI",प्रतिभागी,शिक्षक
BT5310,Abhishek Pandey,Katni,BADWARA,"23380316311, GHSS BARHI",प्रतिभागी,शिक्षक
CC2583,BHAGIRATH DUBEY,Katni,BADWARA,"23380316311, GHSS BARHI",प्रतिभागी,शिक्षक
AN3172,Balloo Singh Varkade,Katni,BAHORIBAND,"23380100206, GHSS SIHUNDI",प्रतिभागी,शिक्षक
9977730857,Anil  Kumar ,Katni,BAHORIBAND,"23380111018, GHSS BAKAL",प्रतिभागी,शिक्षक
8349195315,Sarman  Gadari ,Katni,BAHORIBAND,"23380111016, GHSS SLEEMNABAD",प्रतिभागी,शिक्षक
AN3779,Dwarka Prasad Mourya,Katni,BAHORIBAND,"23380111016, GHSS SLEEMNABAD",प्रतिभागी,शिक्षक
AN3833,Sunil Kumar Haldkar,Katni,BAHORIBAND,"23380111016, GHSS SLEEMNABAD",प्रतिभागी,शिक्षक
AN3847,Vinod Kumar Tiwari,Katni,BAHORIBAND,"23380111016, GHSS SLEEMNABAD",प्रतिभागी,शिक्षक
AN7242,Hari Narayan Soni,Katni,BAHORIBAND,"23380111016, GHSS SLEEMNABAD",प्रतिभागी,शिक्षक
AS1136,Khushali Thakur,Katni,BAHORIBAND,"23380111016, GHSS SLEEMNABAD",प्रतिभागी,शिक्षक
BN9183,Jyoti Gupta,Katni,BAHORIBAND,"23380111016, GHSS SLEEMNABAD",प्रतिभागी,शिक्षक
CC4235,RAHUL PUSHKAR,Katni,BAHORIBAND,"23380111016, GHSS SLEEMNABAD",प्रतिभागी,शिक्षक
CD5882,ANIL TANTUWAY,Katni,BAHORIBAND,"23380111020, GHSS A.L. RAI BACHAIYA",प्रतिभागी,शिक्षक
CD5884,VIPIN NAYAK,Katni,BAHORIBAND,"23380111020, GHSS A.L. RAI BACHAIYA",प्रतिभागी,शिक्षक
7772018097,Vipin  Tiwari ,Katni,BAHORIBAND,"23380111022, GHSS EXELLENCE MAHAVEER BAHORIBAND",प्रतिभागी,शिक्षक
BQ5287,Kant TRIPATHI,Katni,BAHORIBAND,"23380111022, GHSS EXELLENCE MAHAVEER BAHORIBAND",प्रतिभागी,शिक्षक
BS7863,Sakshi Goutam,Katni,BAHORIBAND,"23380111022, GHSS EXELLENCE MAHAVEER BAHORIBAND",प्रतिभागी,शिक्षक
CB3865,BOS MEHRA,Katni,BAHORIBAND,"23380111022, GHSS EXELLENCE MAHAVEER BAHORIBAND",प्रतिभागी,शिक्षक
7225884790,Anuj Kumar Nayak ,Katni,BAHORIBAND,"23380111611, GHSS KUNWA",प्रतिभागी,शिक्षक
AN3102,Virendra Kumar Tiwari,Katni,BAHORIBAND,"23380111611, GHSS KUNWA",प्रतिभागी,शिक्षक
BN1237,Rajesh Kumar Jhariya,Katni,BAHORIBAND,"23380111611, GHSS KUNWA",प्रतिभागी,शिक्षक
CB3862,PREETI MEHRA,Katni,BAHORIBAND,"23380111611, GHSS KUNWA",प्रतिभागी,शिक्षक
AN7363,Sandhya Jhariya,Katni,BAHORIBAND,"23380111017, GHSS B.S. TEORI",प्रतिभागी,शिक्षक
BK3355,Bharti Namdev,Katni,BAHORIBAND,"23380111017, GHSS B.S. TEORI",प्रतिभागी,शिक्षक
BS9184,Shobhna Gupta,Katni,BAHORIBAND,"23380111017, GHSS B.S. TEORI",प्रतिभागी,शिक्षक
BY9647,Nishant Kumar Jhariya,Katni,BAHORIBAND,"23380111017, GHSS B.S. TEORI",प्रतिभागी,शिक्षक
AN3851,Santosh Kumar Pandey,Katni,BAHORIBAND,"23380111019, GHSS KOODA MARDANGARGH",प्रतिभागी,शिक्षक
AN6925,Gopal Prasad Yadav,Katni,BAHORIBAND,"23380111019, GHSS KOODA MARDANGARGH",प्रतिभागी,शिक्षक
AN3123,Kalpana Patel,Katni,BAHORIBAND,"23380117402, GHS DEORI MAVAI",प्रतिभागी,शिक्षक
AN3977,Ujayar Singh Patel,Katni,BAHORIBAND,"23380117402, GHS DEORI MAVAI",प्रतिभागी,शिक्षक
AN7147,Manisha Bajpai,Katni,DHEEMAR KHEDA,"23380600114, GGHSS UMARIYA PAN",प्रतिभागी,शिक्षक
BK3490,Chotelal Yadav,Katni,DHEEMAR KHEDA,"23380600114, GGHSS UMARIYA PAN",प्रतिभागी,शिक्षक
BS6540,Rajesh Kumar Patel,Katni,DHEEMAR KHEDA,"23380600114, GGHSS UMARIYA PAN",प्रतिभागी,शिक्षक
BS7703,Rakesh Singh,Katni,DHEEMAR KHEDA,"23380600114, GGHSS UMARIYA PAN",प्रतिभागी,शिक्षक
BX2770,Sharad Kumar Chourasiya,Katni,DHEEMAR KHEDA,"23380600114, GGHSS UMARIYA PAN",प्रतिभागी,शिक्षक
AN3785,Shiv Kumar Patel,Katni,DHEEMAR KHEDA,"23380625203, GHSS DHARWARA",प्रतिभागी,शिक्षक
BT7354,Jay Shankar,Katni,DHEEMAR KHEDA,"23380625203, GHSS DHARWARA",प्रतिभागी,शिक्षक
AN7747,Om Prakash Patel,Katni,DHEEMAR KHEDA,"23380605305, GHSS DHEEMARKHEDA",प्रतिभागी,शिक्षक
CD2347,ARVIND PATEL,Katni,DHEEMAR KHEDA,"23380605305, GHSS DHEEMARKHEDA",प्रतिभागी,शिक्षक
AN4830,Anand Kumar,Katni,DHEEMAR KHEDA,"23380609506, GHSS M K GANDHI DASHARMAN",प्रतिभागी,शिक्षक
AN7532,Rachna Bagri,Katni,DHEEMAR KHEDA,"23380609506, GHSS M K GANDHI DASHARMAN",प्रतिभागी,शिक्षक
BJ7717,Satyanarayan Singh Bagri,Katni,DHEEMAR KHEDA,"23380609506, GHSS M K GANDHI DASHARMAN",प्रतिभागी,शिक्षक
BS1862,Pramod Kumar Gupta,Katni,DHEEMAR KHEDA,"23380609506, GHSS M K GANDHI DASHARMAN",प्रतिभागी,शिक्षक
CB1051,ANIL KUMHAR,Katni,DHEEMAR KHEDA,"23380609506, GHSS M K GANDHI DASHARMAN",प्रतिभागी,शिक्षक
AN7438,Khadim Husen,Katni,DHEEMAR KHEDA,"23380618610, GHSS SILONDI",प्रतिभागी,शिक्षक
AN7454,Jagannath Prasad Haldkar,Katni,DHEEMAR KHEDA,"23380618610, GHSS SILONDI",प्रतिभागी,शिक्षक
AN7472,Rama Rai,Katni,DHEEMAR KHEDA,"23380618610, GHSS SILONDI",प्रतिभागी,शिक्षक
AN7486,DURGA DHURVEY,Katni,DHEEMAR KHEDA,"23380618610, GHSS SILONDI",प्रतिभागी,शिक्षक
BN2959,Subhash Singh Bagri,Katni,DHEEMAR KHEDA,"23380618610, GHSS SILONDI",प्रतिभागी,शिक्षक
CB5273,SHUBHANSHI MISHRA,Katni,DHEEMAR KHEDA,"23380612604, GHSS JHINNA PIPARIYA",प्रतिभागी,शिक्षक
CD6886,NARMDA DUBEY,Katni,DHEEMAR KHEDA,"23380612604, GHSS JHINNA PIPARIYA",प्रतिभागी,शिक्षक
AN6545,Bachan Singh Paraste,Katni,DHEEMAR KHEDA,"23380617305, GHSS PAHARUA",प्रतिभागी,शिक्षक
AN6568,Ram Singh,Katni,DHEEMAR KHEDA,"23380617305, GHSS PAHARUA",प्रतिभागी,शिक्षक
AN7109,Omprakash Mahobiya,Katni,DHEEMAR KHEDA,"23380617305, GHSS PAHARUA",प्रतिभागी,शिक्षक
AN8629,Pancham Lal Tiwari,Katni,DHEEMAR KHEDA,"23380617305, GHSS PAHARUA",प्रतिभागी,शिक्षक
BT5369,Shyam Kishor Gajbhiye,Katni,DHEEMAR KHEDA,"23380617305, GHSS PAHARUA",प्रतिभागी,शिक्षक
AN7816,Ajay Kumar Patel,Katni,DHEEMAR KHEDA,"23380618806, GHSS R K GOUTAM MURWARI",प्रतिभागी,शिक्षक
AN7879,Sourabh Richharia,Katni,DHEEMAR KHEDA,"23380618806, GHSS R K GOUTAM MURWARI",प्रतिभागी,शिक्षक
AB8286,Sumit Garg,Katni,KATNI,"23380212407, GHSS GIRLS CIVIL LINE",प्रतिभागी,शिक्षक
AN5423,Manjusha Gupta,Katni,KATNI,"23380212407, GHSS GIRLS CIVIL LINE",प्रतिभागी,शिक्षक
AN5686,Preeti Jain,Katni,KATNI,"23380212407, GHSS GIRLS CIVIL LINE",प्रतिभागी,शिक्षक
AN7030,Sahrunnisha Nisa,Katni,KATNI,"23380212407, GHSS GIRLS CIVIL LINE",प्रतिभागी,शिक्षक
AN7599,Anuradha Kol,Katni,KATNI,"23380212407, GHSS GIRLS CIVIL LINE",प्रतिभागी,शिक्षक
AT1871,Nidhi Pateriya,Katni,KATNI,"23380212407, GHSS GIRLS CIVIL LINE",प्रतिभागी,शिक्षक
BK4603,Basanti Sahu,Katni,KATNI,"23380212407, GHSS GIRLS CIVIL LINE",प्रतिभागी,शिक्षक
BQ6187,Swati Kankane,Katni,KATNI,"23380212407, GHSS GIRLS CIVIL LINE",प्रतिभागी,शिक्षक
BV9490,Ritu Srivastava,Katni,KATNI,"23380212407, GHSS GIRLS CIVIL LINE",प्रतिभागी,शिक्षक
BX4888,Mohna Zargar Soni,Katni,KATNI,"23380212407, GHSS GIRLS CIVIL LINE",प्रतिभागी,शिक्षक
AN3888,Krishn Kumar Patel,Katni,KATNI,"23380215005, GHS KAILWARA KALAN",प्रतिभागी,शिक्षक
AN5897,Rekha Kushwaha,Katni,KATNI,"23380215005, GHS KAILWARA KALAN",प्रतिभागी,शिक्षक
AT4383,Mohammad Ahamad,Katni,KATNI,"23380215005, GHS KAILWARA KALAN",प्रतिभागी,शिक्षक
BN2732,Suresh Kumar Kol,Katni,KATNI,"23380215005, GHS KAILWARA KALAN",प्रतिभागी,शिक्षक
BV5276,Govind Prasad Patle,Katni,KATNI,"23380215005, GHS KAILWARA KALAN",प्रतिभागी,शिक्षक
CB2591,KAVITA SAIGAL,Katni,KATNI,"23380215005, GHS KAILWARA KALAN",प्रतिभागी,शिक्षक
AN5910,Rakesh Kumar Tomar,Katni,KATNI,"23380206008, GHSS KANHWARA",प्रतिभागी,शिक्षक
BM8810,Arvind Singh Baghel,Katni,KATNI,"23380206008, GHSS KANHWARA",प्रतिभागी,शिक्षक
BN2739,Uma Mishra,Katni,KATNI,"23380206008, GHSS KANHWARA",प्रतिभागी,शिक्षक
BQ4138,Sandhya Pandey,Katni,KATNI,"23380206008, GHSS KANHWARA",प्रतिभागी,शिक्षक
BT7356,Virendra Kumar Lariya,Katni,KATNI,"23380206008, GHSS KANHWARA",प्रतिभागी,शिक्षक
AN4864,Chandra Prakash Bairagi,Katni,KATNI,"23380206704, GHSS HARDUA",प्रतिभागी,शिक्षक
AN6024,Naveen Kumar Mishra,Katni,KATNI,"23380206704, GHSS HARDUA",प्रतिभागी,शिक्षक
AN6320,Reva Prasad Patel,Katni,KATNI,"23380206704, GHSS HARDUA",प्रतिभागी,शिक्षक
BK4604,Purushottam Bisen,Katni,KATNI,"23380206704, GHSS HARDUA",प्रतिभागी,शिक्षक
CB7255,PANKAJ PATEL,Katni,KATNI,"23380206704, GHSS HARDUA",प्रतिभागी,शिक्षक
AN5975,Rajendra Prasad Pandey,Katni,KATNI,"23380207704, GHSS PIPROUNDH",प्रतिभागी,शिक्षक
AN5976,Bhagwat Prasad Soni,Katni,KATNI,"23380207704, GHSS PIPROUNDH",प्रतिभागी,शिक्षक
AN5981,Surykant Tiwari,Katni,KATNI,"23380207704, GHSS PIPROUNDH",प्रतिभागी,शिक्षक
BS3271,Seema Chaubay,Katni,KATNI,"23380207704, GHSS PIPROUNDH",प्रतिभागी,शिक्षक
BS3276,Arjun Kumar Gupta,Katni,KATNI,"23380207704, GHSS PIPROUNDH",प्रतिभागी,शिक्षक
BT5975,Chhatrapati Singh Paraste,Katni,KATNI,"23380207704, GHSS PIPROUNDH",प्रतिभागी,शिक्षक
CB4850,RUCHI JAIN,Katni,KATNI,"23380207704, GHSS PIPROUNDH",प्रतिभागी,शिक्षक
AN5913,Omprakash Vishwakarma,Katni,KATNI,"23380211108, GHS HIRAPUR KOUDIA",प्रतिभागी,सीएसी
BN2687,Narmada Choudhary,Katni,KATNI,"23380211108, GHS HIRAPUR KOUDIA",प्रतिभागी,शिक्षक
BN2699,HEMA KERKETTA,Katni,KATNI,"23380211108, GHS HIRAPUR KOUDIA",प्रतिभागी,शिक्षक
BR4458,Preeti Mishra,Katni,KATNI,"23380211108, GHS HIRAPUR KOUDIA",प्रतिभागी,शिक्षक
BT2415,Anilkant Dungdung,Katni,KATNI,"23380211108, GHS HIRAPUR KOUDIA",प्रतिभागी,शिक्षक
AN4008,Anupama Gautam,Katni,KATNI,"23380216403, GHSS EXCELLENCE MADHAV NAGAR",प्रतिभागी,शिक्षक
AN6397,Laxmi Haldkar,Katni,KATNI,"23380216403, GHSS EXCELLENCE MADHAV NAGAR",प्रतिभागी,शिक्षक
AN6398,Tribhuvan Prasad Chaubey,Katni,KATNI,"23380216403, GHSS EXCELLENCE MADHAV NAGAR",प्रतिभागी,शिक्षक
AN8560,Kiran Nanhorya,Katni,KATNI,"23380216403, GHSS EXCELLENCE MADHAV NAGAR",प्रतिभागी,शिक्षक
AV7715,Anamika Gupta,Katni,KATNI,"23380216403, GHSS EXCELLENCE MADHAV NAGAR",प्रतिभागी,शिक्षक
BO1753,Shobhana Mishra,Katni,KATNI,"23380216403, GHSS EXCELLENCE MADHAV NAGAR",प्रतिभागी,शिक्षक
BQ3950,Jyoti Haldkar,Katni,KATNI,"23380216403, GHSS EXCELLENCE MADHAV NAGAR",प्रतिभागी,शिक्षक
AN6082,Monika Gupta,Katni,KATNI,"23380209507, GHSS VENKATWARD",प्रतिभागी,शिक्षक
AN6338,Rajeshwari Patel,Katni,KATNI,"23380209507, GHSS VENKATWARD",प्रतिभागी,शिक्षक
AN6761,Tarannum Shaheen,Katni,KATNI,"23380209507, GHSS VENKATWARD",प्रतिभागी,डाइट-प्राचार्य
BN2652,Champalal Bhavedi,Katni,KATNI,"23380209507, GHSS VENKATWARD",प्रतिभागी,शिक्षक
CB4341,RAJANI TRIPATHI,Katni,KATNI,"23380209507, GHSS VENKATWARD",प्रतिभागी,शिक्षक
AN4925,Rametri Pandey,Katni,RITHI,"23380400706, GHSS GHUGHRA",प्रतिभागी,शिक्षक
AN6766,Dinesh Kumar Ben,Katni,RITHI,"23380400706, GHSS GHUGHRA",प्रतिभागी,शिक्षक
AN7028,Mithlesh Mishra,Katni,RITHI,"23380401719, GHSS BILAHRI",प्रतिभागी,शिक्षक
AN7267,Sanjeet Kumar Garg,Katni,RITHI,"23380401719, GHSS BILAHRI",प्रतिभागी,शिक्षक
BS3741,Goura Haldkar,Katni,RITHI,"23380401719, GHSS BILAHRI",प्रतिभागी,शिक्षक
BS4871,Krishna Sharma,Katni,RITHI,"23380401719, GHSS BILAHRI",प्रतिभागी,शिक्षक
BX2228,Rekha Tiwari,Katni,RITHI,"23380401719, GHSS BILAHRI",प्रतिभागी,शिक्षक
BX5168,Sarita Vishwakarma,Katni,RITHI,"23380401719, GHSS BILAHRI",प्रतिभागी,शिक्षक
AN4892,Nityanand Saraf,Katni,RITHI,"23380402704, GHSS NITARRA",प्रतिभागी,शिक्षक
AN6778,Saroj Jain,Katni,RITHI,"23380402704, GHSS NITARRA",प्रतिभागी,शिक्षक
AN7076,Jaihind Singh Thakur,Katni,RITHI,"23380402704, GHSS NITARRA",प्रतिभागी,शिक्षक
AT2699,Milan Singh Parte,Katni,RITHI,"23380402704, GHSS NITARRA",प्रतिभागी,शिक्षक
BT8685,Sanjay Kumar Pandey,Katni,RITHI,"23380402704, GHSS NITARRA",प्रतिभागी,शिक्षक
AN4896,Nazma Begam,Katni,RITHI,"23380403703, GHSS DEOGAON",प्रतिभागी,शिक्षक
AN8761,Kamrunnisha Behna,Katni,RITHI,"23380403703, GHSS DEOGAON",प्रतिभागी,शिक्षक
BQ4904,Suman Singh,Katni,RITHI,"23380403703, GHSS DEOGAON",प्रतिभागी,शिक्षक
AN6881,Dulare Prasad Kori,Katni,RITHI,"23380405504, GHSS GURJI KALAN",प्रतिभागी,शिक्षक
BZ1828,Manish Bhalerao,Katni,RITHI,"23380405504, GHSS GURJI KALAN",प्रतिभागी,शिक्षक
AN7073,Shanti Vishwakarma,Katni,RITHI,"23380404914, GHSS BADGAON",प्रतिभागी,शिक्षक
BK3670,Manohar Singh,Katni,RITHI,"23380404914, GHSS BADGAON",प्रतिभागी,शिक्षक
CD6349,SHIKHA CHOUBEY,Katni,RITHI,"23380404914, GHSS BADGAON",प्रतिभागी,शिक्षक
AN4915,Shrishkumar Mishra,Katni,RITHI,"23380409912, GHSS EXELLENCE RITHI",प्रतिभागी,शिक्षक
AN6919,Umesh Singh,Katni,RITHI,"23380409912, GHSS EXELLENCE RITHI",प्रतिभागी,शिक्षक
BK1076,Pratibha Jain,Katni,RITHI,"23380409912, GHSS EXELLENCE RITHI",प्रतिभागी,शिक्षक
BT4200,Ashutosh Kumar Rai,Katni,RITHI,"23380409912, GHSS EXELLENCE RITHI",प्रतिभागी,शिक्षक
BT4209,Ramanuj Mishra,Katni,RITHI,"23380409912, GHSS EXELLENCE RITHI",प्रतिभागी,शिक्षक
BU3746,Hemraj Baghel,Katni,RITHI,"23380409912, GHSS EXELLENCE RITHI",प्रतिभागी,शिक्षक
CA7410,SHARMILA CHOURASIYA,Katni,RITHI,"23380409912, GHSS EXELLENCE RITHI",प्रतिभागी,शिक्षक
AN5298,Raghvendra Prasad Mishra,Katni,VIJAY RAGHAVGARH,"23380500704, GHSS BARHATA",प्रतिभागी,शिक्षक
CC8057,SAKSHI TIWARI,Katni,VIJAY RAGHAVGARH,"23380500704, GHSS BARHATA",प्रतिभागी,शिक्षक
AN6651,Aruna Pandey,Katni,VIJAY RAGHAVGARH,"23380514009, GHS NANHWARA KALAN",प्रतिभागी,शिक्षक
AN8185,KUMUDINI XESS,Katni,VIJAY RAGHAVGARH,"23380514009, GHS NANHWARA KALAN",प्रतिभागी,शिक्षक
AN8438,Pratima Vikram Toppo,Katni,VIJAY RAGHAVGARH,"23380514009, GHS NANHWARA KALAN",प्रतिभागी,शिक्षक
AN5883,Tabssum KHAN,Katni,VIJAY RAGHAVGARH,"23380514003, GHSS DEORAKALAN",प्रतिभागी,शिक्षक
AN8058,Radha Pandey,Katni,VIJAY RAGHAVGARH,"23380514003, GHSS DEORAKALAN",प्रतिभागी,शिक्षक
AN8457,Ashok Kumar Choudhary,Katni,VIJAY RAGHAVGARH,"23380514003, GHSS DEORAKALAN",प्रतिभागी,शिक्षक
BX5246,Ramsukh Patel,Katni,VIJAY RAGHAVGARH,"23380514003, GHSS DEORAKALAN",प्रतिभागी,शिक्षक
AN8115,Anil Kumar Tripathi,Katni,VIJAY RAGHAVGARH,"23380514005, GHSS KARITALAI",प्रतिभागी,शिक्षक
AN8518,Mandeep Kaur,Katni,VIJAY RAGHAVGARH,"23380508607, GHSS HARRAIYA",प्रतिभागी,शिक्षक
AW5448,Neeta Baheliya,Katni,VIJAY RAGHAVGARH,"23380508607, GHSS HARRAIYA",प्रतिभागी,शिक्षक
BT1026,Shyamsundar Barman,Katni,VIJAY RAGHAVGARH,"23380508607, GHSS HARRAIYA",प्रतिभागी,शिक्षक
CC2785,ABHAY GAUTAM,Katni,VIJAY RAGHAVGARH,"23380511304, GHS DOKARIYA",प्रतिभागी,शिक्षक
BW3050,Vimla Panna,Katni,VIJAY RAGHAVGARH,"23380514007, GHSS ITOURA",प्रतिभागी,शिक्षक
AN8442,Bharat Kumar Sharma,Katni,VIJAY RAGHAVGARH,"23380514002, GHSS EXECELLLENCE V.GARH",प्रतिभागी,शिक्षक
AN8461,Santosh Kumar Mishra,Katni,VIJAY RAGHAVGARH,"23380514002, GHSS EXECELLLENCE V.GARH",प्रतिभागी,शिक्षक
AN8534,Santosh Kumar Mishra,Katni,VIJAY RAGHAVGARH,"23380514002, GHSS EXECELLLENCE V.GARH",प्रतिभागी,शिक्षक
BX5348,Vipin Bihari Tiwari,Katni,VIJAY RAGHAVGARH,"23380514002, GHSS EXECELLLENCE V.GARH",प्रतिभागी,शिक्षक
AN7488,abadhraj tiwari,Katni,VIJAY RAGHAVGARH,"23380514004, GHSS SINGODI",प्रतिभागी,शिक्षक
AN8430,Mithlesh Gupta,Katni,VIJAY RAGHAVGARH,"23380514004, GHSS SINGODI",प्रतिभागी,शिक्षक
AO1869,Nilam Singh,Khandwa,BALADI,"23290105709, GOVT. HSS EXCELLENCE KILLOD",प्रतिभागी,शिक्षक
AO1924,Govind Singh Sisodiya,Khandwa,BALADI,"23290105709, GOVT. HSS EXCELLENCE KILLOD",प्रतिभागी,शिक्षक
AO2295,Nirmal Kumar Nikum,Khandwa,BALADI,"23290105709, GOVT. HSS EXCELLENCE KILLOD",प्रतिभागी,शिक्षक
AO2347,Mangesh Malviya,Khandwa,BALADI,"23290105709, GOVT. HSS EXCELLENCE KILLOD",प्रतिभागी,शिक्षक
AO2360,Rashmi Sharma,Khandwa,BALADI,"23290105709, GOVT. HSS EXCELLENCE KILLOD",प्रतिभागी,शिक्षक
BR1026,Sulakshna Bhaisare,Khandwa,BALADI,"23290105709, GOVT. HSS EXCELLENCE KILLOD",प्रतिभागी,शिक्षक
BV8368,Hariom Pachole,Khandwa,BALADI,"23290105709, GOVT. HSS EXCELLENCE KILLOD",प्रतिभागी,शिक्षक
AO2308,Sukhram Kanade,Khandwa,BALADI,"23290101304, GOVT. HS BHAGWANPURA",प्रतिभागी,शिक्षक
AO2338,Hemlata Jalodiya,Khandwa,BALADI,"23290101304, GOVT. HS BHAGWANPURA",प्रतिभागी,शिक्षक
CD1073,SHALINI GOUR,Khandwa,BALADI,"23290101304, GOVT. HS BHAGWANPURA",प्रतिभागी,शिक्षक
AO2693,Aarti Tiwari,Khandwa,CHHAIGAONMAKHAN,"23290303507, GOVT. HS DULHAR",प्रतिभागी,शिक्षक
BW6294,Shadab Khanm,Khandwa,CHHAIGAONMAKHAN,"23290303507, GOVT. HS DULHAR",प्रतिभागी,शिक्षक
AN8837,Kailash Chand Patel,Khandwa,CHHAIGAONMAKHAN,"23290300210, GOVT. HSS AHMEDPUR KHAIGAON",प्रतिभागी,शिक्षक
AN8843,Mahesh Patil,Khandwa,CHHAIGAONMAKHAN,"23290300210, GOVT. HSS AHMEDPUR KHAIGAON",प्रतिभागी,शिक्षक
AN9447,Bhairo Singh Chouhan,Khandwa,CHHAIGAONMAKHAN,"23290300210, GOVT. HSS AHMEDPUR KHAIGAON",प्रतिभागी,शिक्षक
BZ1937,Santosh Prajapti,Khandwa,CHHAIGAONMAKHAN,"23290300210, GOVT. HSS AHMEDPUR KHAIGAON",प्रतिभागी,शिक्षक
BZ2044,Shabeena Khan,Khandwa,CHHAIGAONMAKHAN,"23290300210, GOVT. HSS AHMEDPUR KHAIGAON",प्रतिभागी,शिक्षक
AN9597,Nikhat Aara,Khandwa,CHHAIGAONMAKHAN,"23290302411, GOVT. HSS EXCELLENCE CHHAIGAONMAKHAN",प्रतिभागी,शिक्षक
AO1992,Tikaram Choudhari,Khandwa,CHHAIGAONMAKHAN,"23290302411, GOVT. HSS EXCELLENCE CHHAIGAONMAKHAN",प्रतिभागी,शिक्षक
AO2020,Basanti Sakle,Khandwa,CHHAIGAONMAKHAN,"23290302411, GOVT. HSS EXCELLENCE CHHAIGAONMAKHAN",प्रतिभागी,शिक्षक
BV8859,Archana Rathore,Khandwa,CHHAIGAONMAKHAN,"23290302411, GOVT. HSS EXCELLENCE CHHAIGAONMAKHAN",प्रतिभागी,शिक्षक
BV8985,Ritu Sinha,Khandwa,CHHAIGAONMAKHAN,"23290302411, GOVT. HSS EXCELLENCE CHHAIGAONMAKHAN",प्रतिभागी,शिक्षक
CB8237,RAVI MASANI,Khandwa,CHHAIGAONMAKHAN,"23290302411, GOVT. HSS EXCELLENCE CHHAIGAONMAKHAN",प्रतिभागी,शिक्षक
AO4140,Ajay Nilosey,Khandwa,CHHAIGAONMAKHAN,"23290302608, GOVT. HSS CHICHGOHAN",प्रतिभागी,शिक्षक
AO4794,Naresh Pal,Khandwa,CHHAIGAONMAKHAN,"23290302608, GOVT. HSS CHICHGOHAN",प्रतिभागी,शिक्षक
AN9027,Brahamanand Bhaskare,Khandwa,CHHAIGAONMAKHAN,"23290301409, GOVT. HSS BARUD",प्रतिभागी,शिक्षक
AN9034,MUSHTAQ MANSURI,Khandwa,CHHAIGAONMAKHAN,"23290301409, GOVT. HSS BARUD",प्रतिभागी,शिक्षक
AN9398,Rajesh Chandra Chaure,Khandwa,CHHAIGAONMAKHAN,"23290301409, GOVT. HSS BARUD",प्रतिभागी,शिक्षक
AO2202,Komal Singh Rajpoot,Khandwa,HARSUD,"23290402618, GOVT. HS CHHANERA",प्रतिभागी,शिक्षक
AO2203,Govind Prasad Morchhale,Khandwa,HARSUD,"23290402618, GOVT. HS CHHANERA",प्रतिभागी,शिक्षक
AO3084,Vijay Kumar Soni,Khandwa,HARSUD,"23290402618, GOVT. HS CHHANERA",प्रतिभागी,शिक्षक
BO7118,Nisar Bee Shaikh,Khandwa,HARSUD,"23290402618, GOVT. HS CHHANERA",प्रतिभागी,शिक्षक
AO1916,Narayan Singh Songare,Khandwa,HARSUD,"23290410703, GOVT. HSS EXCELLENCE HARUSD",प्रतिभागी,शिक्षक
CD3161,LAXMI SINGH,Khandwa,HARSUD,"23290410703, GOVT. HSS EXCELLENCE HARUSD",प्रतिभागी,शिक्षक
AE4185,Deepali Verma,Khandwa,HARSUD,"23290410803, GOVT. HSS GIRLS HARSUD",प्रतिभागी,शिक्षक
AO2186,Vipat Singh Kalam,Khandwa,HARSUD,"23290410803, GOVT. HSS GIRLS HARSUD",प्रतिभागी,शिक्षक
AO2206,Govind Rao Kumare,Khandwa,HARSUD,"23290410803, GOVT. HSS GIRLS HARSUD",प्रतिभागी,शिक्षक
BS1190,Seema Chouhan,Khandwa,HARSUD,"23290410803, GOVT. HSS GIRLS HARSUD",प्रतिभागी,शिक्षक
BZ1973,Sangeeta Dandhare,Khandwa,HARSUD,"23290410803, GOVT. HSS GIRLS HARSUD",प्रतिभागी,शिक्षक
BZ1980,Shabnam Kadri,Khandwa,HARSUD,"23290410803, GOVT. HSS GIRLS HARSUD",प्रतिभागी,शिक्षक
CF3471,AAKASH MISHRA,Khandwa,HARSUD,"23290410803, GOVT. HSS GIRLS HARSUD",प्रतिभागी,शिक्षक
AN9216,Vishnu Prasad Bhorge,Khandwa,HARSUD,"23290406007, GOVT. HS MOJWADI",प्रतिभागी,शिक्षक
AO2220,Dinesh Mohaniya,Khandwa,HARSUD,"23290406007, GOVT. HS MOJWADI",प्रतिभागी,शिक्षक
BO7108,Sangita Bhorga,Khandwa,HARSUD,"23290406007, GOVT. HS MOJWADI",प्रतिभागी,शिक्षक
AO3715,Mushi Salame,Khandwa,KHALWA,"23290605005, GOVT. HSS GULAIMAL",प्रतिभागी,शिक्षक
BP3775,Satyanarayan Yadav,Khandwa,KHALWA,"23290607418, GOVT. HSS EXCELLENCE KHALWA",प्रतिभागी,शिक्षक
BR7994,Savita Hirvey,Khandwa,KHALWA,"23290607912, GOVT. HSS KHARKALA",प्रतिभागी,शिक्षक
BY7895,Jitendra Kushwah,Khandwa,KHALWA,"23290607912, GOVT. HSS KHARKALA",प्रतिभागी,शिक्षक
CA1265,Sanjay Farkale,Khandwa,KHALWA,"23290607912, GOVT. HSS KHARKALA",प्रतिभागी,शिक्षक
BN7374,Manohar Lovanshi,Khandwa,KHALWA,"23290600613, GOVT. HSS ASHAPUR",प्रतिभागी,शिक्षक
AO3263,Bhavanishankar Raghuvansi,Khandwa,KHALWA,"23290608108, GOVT. HSS KHEDI",प्रतिभागी,शिक्षक
BU5716,Niraj Maheshwari,Khandwa,KHALWA,"23290608108, GOVT. HSS KHEDI",प्रतिभागी,शिक्षक
CC4887,DEEPAK KOCHALE,Khandwa,KHALWA,"23290608108, GOVT. HSS KHEDI",प्रतिभागी,शिक्षक
CC6229,RASHMI FARKALE,Khandwa,KHALWA,"23290611504, GOVT. HSS PATAJAN",प्रतिभागी,शिक्षक
AO3448,Praveen Malviya,Khandwa,KHALWA,"23290600805, GOVT. HSS AVLYA",प्रतिभागी,शिक्षक
BP8096,Rameshwar Kharte,Khandwa,KHALWA,"23290600805, GOVT. HSS AVLYA",प्रतिभागी,शिक्षक
BY7397,Prakash Yadav,Khandwa,KHALWA,"23290600805, GOVT. HSS AVLYA",प्रतिभागी,शिक्षक
AO3664,Nankaram Choudhri,Khandwa,KHALWA,"23290612608, GOVT. HSS ROSHANI",प्रतिभागी,शिक्षक
AN9354,Monika Masih,Khandwa,KHANDWA,"23290709904, GOVT. HSS GIRLS SURAJKUND",प्रतिभागी,शिक्षक
AO1473,Nilesh Ingale,Khandwa,KHANDWA,"23290709904, GOVT. HSS GIRLS SURAJKUND",प्रतिभागी,शिक्षक
AO1493,Santosh Patel,Khandwa,KHANDWA,"23290709904, GOVT. HSS GIRLS SURAJKUND",प्रतिभागी,शिक्षक
AO1566,Nisha Awasthi,Khandwa,KHANDWA,"23290709904, GOVT. HSS GIRLS SURAJKUND",प्रतिभागी,शिक्षक
AO2489,Rajkumari Dharve,Khandwa,KHANDWA,"23290709904, GOVT. HSS GIRLS SURAJKUND",प्रतिभागी,शिक्षक
AO4802,Hareram Sarwar,Khandwa,KHANDWA,"23290709904, GOVT. HSS GIRLS SURAJKUND",प्रतिभागी,शिक्षक
BR1140,Deepak Kumar Rathore,Khandwa,KHANDWA,"23290709904, GOVT. HSS GIRLS SURAJKUND",प्रतिभागी,शिक्षक
BV8976,Alka Meshram,Khandwa,KHANDWA,"23290709904, GOVT. HSS GIRLS SURAJKUND",प्रतिभागी,शिक्षक
BY2716,Geeta Choure,Khandwa,KHANDWA,"23290709904, GOVT. HSS GIRLS SURAJKUND",प्रतिभागी,शिक्षक
AN9872,Madhuri Saini,Khandwa,KHANDWA,"23290713111, GOVT. HSS GIRLS MLB",प्रतिभागी,शिक्षक
AO1061,Mohd Farooque,Khandwa,KHANDWA,"23290713111, GOVT. HSS GIRLS MLB",प्रतिभागी,शिक्षक
AO1379,Vishwas Kumar Soni,Khandwa,KHANDWA,"23290713111, GOVT. HSS GIRLS MLB",प्रतिभागी,शिक्षक
AO2041,Sudip Mukharji,Khandwa,KHANDWA,"23290713111, GOVT. HSS GIRLS MLB",प्रतिभागी,शिक्षक
AO3213,Imran Akhtar,Khandwa,KHANDWA,"23290713111, GOVT. HSS GIRLS MLB",प्रतिभागी,शिक्षक
AO3867,Aradhana Geete,Khandwa,KHANDWA,"23290713111, GOVT. HSS GIRLS MLB",प्रतिभागी,शिक्षक
AO4305,Seema Dongre,Khandwa,KHANDWA,"23290713111, GOVT. HSS GIRLS MLB",प्रतिभागी,शिक्षक
AO7120,Manoj Kumar Magre,Khandwa,KHANDWA,"23290713111, GOVT. HSS GIRLS MLB",प्रतिभागी,शिक्षक
BN7361,Shamina Shabih,Khandwa,KHANDWA,"23290713111, GOVT. HSS GIRLS MLB",प्रतिभागी,शिक्षक
BU1661,Geetadevi Thakur,Khandwa,KHANDWA,"23290713111, GOVT. HSS GIRLS MLB",प्रतिभागी,शिक्षक
BW4560,shweta mahoday,Khandwa,KHANDWA,"23290713111, GOVT. HSS GIRLS MLB",प्रतिभागी,शिक्षक
AN9695,Chandrakala Choudhary,Khandwa,KHANDWA,"23290712515, GOVT. HSS MOTILAL NEHRU KHANDWA",प्रतिभागी,शिक्षक
BR1835,Pandari Solanki,Khandwa,KHANDWA,"23290712515, GOVT. HSS MOTILAL NEHRU KHANDWA",प्रतिभागी,शिक्षक
BR9936,Sheetal Khandekar,Khandwa,KHANDWA,"23290712515, GOVT. HSS MOTILAL NEHRU KHANDWA",प्रतिभागी,शिक्षक
AL4448,Brajpal Singh Tanwar,Khandwa,KHANDWA,"23290708609, GOVT. HSS SIHADA",प्रतिभागी,शिक्षक
AN8801,Nidhi Chourey,Khandwa,KHANDWA,"23290708609, GOVT. HSS SIHADA",प्रतिभागी,शिक्षक
AN9453,Seema Sitoke,Khandwa,KHANDWA,"23290708609, GOVT. HSS SIHADA",प्रतिभागी,शिक्षक
AN9572,Hemchand Mourya,Khandwa,KHANDWA,"23290708609, GOVT. HSS SIHADA",प्रतिभागी,शिक्षक
BO7099,Sundar Lal Badal,Khandwa,KHANDWA,"23290708609, GOVT. HSS SIHADA",प्रतिभागी,शिक्षक
BP4217,Girish Sonekar,Khandwa,KHANDWA,"23290708609, GOVT. HSS SIHADA",प्रतिभागी,शिक्षक
AN9229,Prahlad Bhorge,Khandwa,KHANDWA,"23290704408, GOVT. HSS JAWAR",प्रतिभागी,शिक्षक
AO1164,Dharmendra Singh Chawda,Khandwa,KHANDWA,"23290704408, GOVT. HSS JAWAR",प्रतिभागी,शिक्षक
AO2388,Anjana Kundal,Khandwa,KHANDWA,"23290704408, GOVT. HSS JAWAR",प्रतिभागी,शिक्षक
BS8900,Amit Kumar Verma,Khandwa,KHANDWA,"23290704408, GOVT. HSS JAWAR",प्रतिभागी,शिक्षक
CD1447,PRAGYA GAWADEKAR,Khandwa,KHANDWA,"23290704408, GOVT. HSS JAWAR",प्रतिभागी,शिक्षक
AL4443,Anchal Gorkhe,Khandwa,KHANDWA,"23290700605, GOVT. HSS BADGAON GUJAR",प्रतिभागी,शिक्षक
AN9365,Bheemashankar Patel,Khandwa,KHANDWA,"23290700605, GOVT. HSS BADGAON GUJAR",प्रतिभागी,शिक्षक
AN9510,Jagdish Chourey,Khandwa,KHANDWA,"23290700605, GOVT. HSS BADGAON GUJAR",प्रतिभागी,शिक्षक
AO1108,Monika Gite,Khandwa,KHANDWA,"23290700605, GOVT. HSS BADGAON GUJAR",प्रतिभागी,शिक्षक
BT8454,Sanjay Kanare,Khandwa,KHANDWA,"23290700605, GOVT. HSS BADGAON GUJAR",प्रतिभागी,शिक्षक
BU3420,Janu Wadiwa,Khandwa,KHANDWA,"23290700605, GOVT. HSS BADGAON GUJAR",प्रतिभागी,शिक्षक
BZ3116,Sangeeta Bhomadiya,Khandwa,KHANDWA,"23290700605, GOVT. HSS BADGAON GUJAR",प्रतिभागी,शिक्षक
AN9848,Lalita Ray,Khandwa,PANDHANA,"23290803907, GOVT. HSS GANDHWA",प्रतिभागी,शिक्षक
AO1105,Dhan Singh Katare,Khandwa,PANDHANA,"23290809010, GOVT. HSS  PIPLOD KHAS",प्रतिभागी,शिक्षक
CD2360,VARSHA PARWATE,Khandwa,PANDHANA,"23290809010, GOVT. HSS  PIPLOD KHAS",प्रतिभागी,शिक्षक
AO1284,Madhuri Jain,Khandwa,PANDHANA,"23290812709, GOVT. HSS EXCELLENCE PANDHANA",प्रतिभागी,शिक्षक
AO1520,Vijay Kumar Verma,Khandwa,PANDHANA,"23290812709, GOVT. HSS EXCELLENCE PANDHANA",प्रतिभागी,शिक्षक
BZ3105,Anju Rajesh Jaiswal,Khandwa,PANDHANA,"23290812709, GOVT. HSS EXCELLENCE PANDHANA",प्रतिभागी,शिक्षक
CD9186,HEMLATA MAHAJAN,Khandwa,PANDHANA,"23290812709, GOVT. HSS EXCELLENCE PANDHANA",प्रतिभागी,शिक्षक
AO1373,Deepakraj Singh Chouhan,Khandwa,PANDHANA,"23290803708, GOVT. HS DIWAL",प्रतिभागी,शिक्षक
AO1377,Rajendra Kumar Golkar,Khandwa,PANDHANA,"23290803708, GOVT. HS DIWAL",प्रतिभागी,शिक्षक
CB8204,JYOTI NARWARE,Khandwa,PANDHANA,"23290800509, GOVT. HSS ARUD",प्रतिभागी,शिक्षक
AN9046,Kishor Kshirsagar,Khandwa,PANDHANA,"23290802625, GOVT. HSS BORGAON BUJURG",प्रतिभागी,शिक्षक
AN9084,Rajesh Mahajan,Khandwa,PANDHANA,"23290802625, GOVT. HSS BORGAON BUJURG",प्रतिभागी,शिक्षक
AN9094,Asha Gathe,Khandwa,PANDHANA,"23290802625, GOVT. HSS BORGAON BUJURG",प्रतिभागी,शिक्षक
CB8201,SHAMBHAVI CHOUDHARY,Khandwa,PANDHANA,"23290802625, GOVT. HSS BORGAON BUJURG",प्रतिभागी,शिक्षक
CE3809,SHARAVAN DHUNDALE,Khandwa,PANDHANA,"23290802625, GOVT. HSS BORGAON BUJURG",प्रतिभागी,शिक्षक
AN9842,Mukesh Tirole,Khandwa,PANDHANA,"23290806909, GOVT. HSS KOHDAR",प्रतिभागी,शिक्षक
AO1350,Kanchan More,Khandwa,PANDHANA,"23290806909, GOVT. HSS KOHDAR",प्रतिभागी,शिक्षक
AO1514,Nirmala Negi,Khandwa,PANDHANA,"23290806909, GOVT. HSS KOHDAR",प्रतिभागी,शिक्षक
AO1518,Sadhana Jagtap,Khandwa,PANDHANA,"23290806909, GOVT. HSS KOHDAR",प्रतिभागी,शिक्षक
AO4228,Nanakram Choudhary,Khandwa,PANDHANA,"23290806909, GOVT. HSS KOHDAR",प्रतिभागी,शिक्षक
AO4375,Gulkosh Malviya,Khandwa,PANDHANA,"23290806909, GOVT. HSS KOHDAR",प्रतिभागी,शिक्षक
BZ1557,Kausar Khan,Khandwa,PANDHANA,"23290806909, GOVT. HSS KOHDAR",प्रतिभागी,शिक्षक
AN9826,Radheshyam Sawle,Khandwa,PANDHANA,"23290811410, GOVT. HSS SINGOT",प्रतिभागी,शिक्षक
AO1568,Ranjini Masani,Khandwa,PANDHANA,"23290811410, GOVT. HSS SINGOT",प्रतिभागी,शिक्षक
AO1620,Shahnaj Fakhri,Khandwa,PANDHANA,"23290811410, GOVT. HSS SINGOT",प्रतिभागी,शिक्षक
AO1794,Mohan Singh Chouhan,Khandwa,PANDHANA,"23290811410, GOVT. HSS SINGOT",प्रतिभागी,शिक्षक
AO4298,Ramnarayan Patel,Khandwa,PANDHANA,"23290811410, GOVT. HSS SINGOT",प्रतिभागी,शिक्षक
BP9096,Sulochna Golkar,Khandwa,PANDHANA,"23290811410, GOVT. HSS SINGOT",प्रतिभागी,शिक्षक
BV6058,Manorama Gopal Nandavanshi,Khandwa,PANDHANA,"23290811410, GOVT. HSS SINGOT",प्रतिभागी,शिक्षक
BW4285,Baliram Pathik,Khandwa,PANDHANA,"23290811410, GOVT. HSS SINGOT",प्रतिभागी,शिक्षक
BW8857,Neha Vishwakarma,Khandwa,PANDHANA,"23290811410, GOVT. HSS SINGOT",प्रतिभागी,शिक्षक
BZ3092,Jyoti Kalme,Khandwa,PANDHANA,"23290811410, GOVT. HSS SINGOT",प्रतिभागी,शिक्षक
AN9055,Pushplata Tiwari,Khandwa,PANDHANA,"23290804707, GOVT. HSS GUDIKHEDA",प्रतिभागी,शिक्षक
AO1024,Shyamlal Bawniya,Khandwa,PANDHANA,"23290804707, GOVT. HSS GUDIKHEDA",प्रतिभागी,शिक्षक
AO1064,Nurjaha Bee,Khandwa,PANDHANA,"23290804707, GOVT. HSS GUDIKHEDA",प्रतिभागी,शिक्षक
AO1187,REKHA DONEL,Khandwa,PANDHANA,"23290804707, GOVT. HSS GUDIKHEDA",प्रतिभागी,शिक्षक
AO2357,Sunil Kumar Songare,Khandwa,PANDHANA,"23290804707, GOVT. HSS GUDIKHEDA",प्रतिभागी,शिक्षक
CC8751,VINOD AHIRWAR,Khandwa,PANDHANA,"23290804707, GOVT. HSS GUDIKHEDA",प्रतिभागी,शिक्षक
AN8899,Girdhari Singh Chouhan,Khandwa,PUNASA,"23290913309, GOVT. HSS RICHHPHAL",प्रतिभागी,शिक्षक
AN8913,Sanjay Soni,Khandwa,PUNASA,"23290913309, GOVT. HSS RICHHPHAL",प्रतिभागी,शिक्षक
AO4569,Manohar Singh Mandloi,Khandwa,PUNASA,"23290913309, GOVT. HSS RICHHPHAL",प्रतिभागी,शिक्षक
AO9156,Rakesh Tare,Khandwa,PUNASA,"23290913309, GOVT. HSS RICHHPHAL",प्रतिभागी,शिक्षक
BT7754,Saroj Sony,Khandwa,PUNASA,"23290913309, GOVT. HSS RICHHPHAL",प्रतिभागी,शिक्षक
AN9575,Sheela Bai Vasakale,Khandwa,PUNASA,"23290909605, GOVT. HSS KHUTALA KALA",प्रतिभागी,शिक्षक
AO2616,Shreeram Yadv,Khandwa,PUNASA,"23290909605, GOVT. HSS KHUTALA KALA",प्रतिभागी,शिक्षक
AN9551,Shailendra Kanugo,Khandwa,PUNASA,"23290915104, GOVT. HSS GIRLS MUNDI",प्रतिभागी,शिक्षक
AO2587,Santosh Savner,Khandwa,PUNASA,"23290915104, GOVT. HSS GIRLS MUNDI",प्रतिभागी,शिक्षक
AO2662,Bhagwan Singh,Khandwa,PUNASA,"23290915104, GOVT. HSS GIRLS MUNDI",प्रतिभागी,शिक्षक
AH5904,Roshni Jain,Khandwa,PUNASA,"23290912817, GOVT. HSS EXCELLENCE, PUNASA",प्रतिभागी,शिक्षक
AO2297,Ranjeet Singh Thakur,Khandwa,PUNASA,"23290912817, GOVT. HSS EXCELLENCE, PUNASA",प्रतिभागी,शिक्षक
AO2652,Laxmi Narayan Thakur,Khandwa,PUNASA,"23290912817, GOVT. HSS EXCELLENCE, PUNASA",प्रतिभागी,शिक्षक
AO4430,Vipin Kumar Tiwari,Khandwa,PUNASA,"23290912817, GOVT. HSS EXCELLENCE, PUNASA",प्रतिभागी,शिक्षक
CE5481,NILESH YADAV,Khandwa,PUNASA,"23290912817, GOVT. HSS EXCELLENCE, PUNASA",प्रतिभागी,शिक्षक
AN8912,Mevalal Jaiswal,Khandwa,PUNASA,"23290911105, GOVT. HSS MOHANA",प्रतिभागी,सीएसी
AO2612,Naval Singh Rawat,Khandwa,PUNASA,"23290911105, GOVT. HSS MOHANA",प्रतिभागी,शिक्षक
AO4667,Lata Atoot,Khandwa,PUNASA,"23290911105, GOVT. HSS MOHANA",प्रतिभागी,शिक्षक
BR7156,Divya Yadav,Khandwa,PUNASA,"23290911105, GOVT. HSS MOHANA",प्रतिभागी,शिक्षक
CB8282,PRIYANKA ALAVE,Khandwa,PUNASA,"23290911105, GOVT. HSS MOHANA",प्रतिभागी,शिक्षक
CB8301,PRAVINA GOVARIYA,Khandwa,PUNASA,"23290911105, GOVT. HSS MOHANA",प्रतिभागी,शिक्षक
AO2581,Balakram Mansure,Khandwa,PUNASA,"23290914110, GOVT. HSS SULGAON",प्रतिभागी,शिक्षक
BR1798,Kunwar Singh Rawat,Khandwa,PUNASA,"23290914110, GOVT. HSS SULGAON",प्रतिभागी,शिक्षक
AB6274,Neelima Paliwal,Khandwa,PUNASA,"23290916605, GOVT. HSS OMKARESHWAR",प्रतिभागी,शिक्षक
AN8957,Lachhi Ram Yadav,Khandwa,PUNASA,"23290916605, GOVT. HSS OMKARESHWAR",प्रतिभागी,शिक्षक
AO3046,Deep Singh Chouhan,Khandwa,PUNASA,"23290916605, GOVT. HSS OMKARESHWAR",प्रतिभागी,शिक्षक
AO4520,Rajaram Birla,Khandwa,PUNASA,"23290916605, GOVT. HSS OMKARESHWAR",प्रतिभागी,शिक्षक
AO4773,Seema Goswami,Khandwa,PUNASA,"23290916605, GOVT. HSS OMKARESHWAR",प्रतिभागी,शिक्षक
AO4784,Jagdish Munewar,Khandwa,PUNASA,"23290916605, GOVT. HSS OMKARESHWAR",प्रतिभागी,शिक्षक
BR1141,Malti Chouhan,Khandwa,PUNASA,"23290916605, GOVT. HSS OMKARESHWAR",प्रतिभागी,शिक्षक
BR1860,Deepak Kumar Oswal,Khandwa,PUNASA,"23290916605, GOVT. HSS OMKARESHWAR",प्रतिभागी,शिक्षक
BX6299,Deepa Pal,Khandwa,PUNASA,"23290916605, GOVT. HSS OMKARESHWAR",प्रतिभागी,शिक्षक
AN8898,Awnish Trivedi,Khandwa,PUNASA,"23290915503, GOVT. HSS BOYS MUNDI",प्रतिभागी,शिक्षक
AN9579,Ramkishan Gurjar,Khandwa,PUNASA,"23290915503, GOVT. HSS BOYS MUNDI",प्रतिभागी,शिक्षक
CC2452,SANTOSH KOUSHAL,Khandwa,PUNASA,"23290915503, GOVT. HSS BOYS MUNDI",प्रतिभागी,शिक्षक
CE1033,POOJA BUADE,Khandwa,PUNASA,"23290915503, GOVT. HSS BOYS MUNDI",प्रतिभागी,शिक्षक
AL7412,Neeti Deshwali,Khargone,BADWAHA,"23271308657, GOVT. HSS GIRLS BARWAHA",प्रतिभागी,शिक्षक
AP1554,Rajendra Awase,Khargone,BADWAHA,"23271308657, GOVT. HSS GIRLS BARWAHA",प्रतिभागी,शिक्षक
AO5570,Sudhir Bhawsar,Khargone,BADWAHA,"23271308658, GOVT. HSS BOYS EXCELLENCE  BARWAHA",प्रतिभागी,शिक्षक
AO5811,Shailendra Singh Varma,Khargone,BADWAHA,"23271300605, GOVT. HS UMRIYA GRAM",प्रतिभागी,शिक्षक
AO5684,Ganpat Suryal,Khargone,BADWAHA,"23271315310, GOVT. HSS JETHWAY",प्रतिभागी,शिक्षक
CF1043,SHIKHA SHARMA,Khargone,BADWAHA,"23271315310, GOVT. HSS JETHWAY",प्रतिभागी,शिक्षक
AO6073,Girdhareelal Panwar,Khargone,BADWAHA,"23271326210, GOVT. HSS BAGOD",प्रतिभागी,शिक्षक
BP6738,Babulal Parmar,Khargone,BADWAHA,"23271326210, GOVT. HSS BAGOD",प्रतिभागी,शिक्षक
AO5709,Jamna Gangare,Khargone,BADWAHA,"23271316808, GOVT. HSS BALWADA",प्रतिभागी,शिक्षक
BT3439,Savita Mandloai,Khargone,BADWAHA,"23271316808, GOVT. HSS BALWADA",प्रतिभागी,शिक्षक
AM3950,Nandram Sagore,Khargone,BADWAHA,"23271302113, GOVT. HSS KATKUT",प्रतिभागी,शिक्षक
BZ5738,Rustam Kha,Khargone,BADWAHA,"23271302113, GOVT. HSS KATKUT",प्रतिभागी,शिक्षक
CB4914,PINKI PATIL,Khargone,BADWAHA,"23271320011, GOVT. HSS BANGARDA",प्रतिभागी,शिक्षक
CB5432,SUDEEP CHOUKADE,Khargone,BADWAHA,"23271320011, GOVT. HSS BANGARDA",प्रतिभागी,शिक्षक
AP4599,Rajendra Singh Rawat,Khargone,BADWAHA,"23271328614, GOVT. HS BADUD",प्रतिभागी,शिक्षक
AP4627,Anok Singh Savaner,Khargone,BADWAHA,"23271328614, GOVT. HS BADUD",प्रतिभागी,शिक्षक
AO9139,Vinod Vyas,Khargone,BADWAHA,"23271303809, GOVT. HS KANAPUR",प्रतिभागी,शिक्षक
AP3977,Dadu Singh Verma,Khargone,BADWAHA,"23271303809, GOVT. HS KANAPUR",प्रतिभागी,शिक्षक
AP4276,Jabbar Khan,Khargone,BADWAHA,"23271303809, GOVT. HS KANAPUR",प्रतिभागी,शिक्षक
AO7295,Shriram Rewapati,Khargone,BADWAHA,"23271310406, GOVT. HS BASWA",प्रतिभागी,शिक्षक
AP4664,Sabal Singh Patel,Khargone,BADWAHA,"23271310406, GOVT. HS BASWA",प्रतिभागी,शिक्षक
BR7190,Pannalal Chouhan,Khargone,BADWAHA,"23271310406, GOVT. HS BASWA",प्रतिभागी,शिक्षक
AO4919,Narendra Kumrawat,Khargone,BHAGWANPURA,"23270604810, GOVT. HS BHAGYAPUR",प्रतिभागी,शिक्षक
CC1965,VAHRYA DAWAR,Khargone,BHAGWANPURA,"23270604810, GOVT. HS BHAGYAPUR",प्रतिभागी,शिक्षक
AO4990,Antimbala Gupta,Khargone,BHAGWANPURA,"23270603208, GOVT. HSS SARWAR DEVLA",प्रतिभागी,शिक्षक
AP5085,Kamal Chauhan,Khargone,BHAGWANPURA,"23270603208, GOVT. HSS SARWAR DEVLA",प्रतिभागी,शिक्षक
AP4103,Jaipalsingh Songare,Khargone,BHIKANGAON,"23270804911, GOVT. HSS DODWA",प्रतिभागी,शिक्षक
AO6812,Dinesh Yadav,Khargone,BHIKANGAON,"23270809905, GOVT. HS SHAKARGAON",प्रतिभागी,शिक्षक
AO7003,Rajendrasingh Chouhan,Khargone,BHIKANGAON,"23270809905, GOVT. HS SHAKARGAON",प्रतिभागी,शिक्षक
AO8256,Bhavana Verma,Khargone,BHIKANGAON,"23270809905, GOVT. HS SHAKARGAON",प्रतिभागी,शिक्षक
AO9242,Sukharam Bhaskare,Khargone,BHIKANGAON,"23270809905, GOVT. HS SHAKARGAON",प्रतिभागी,शिक्षक
BR1521,Kishore Rawal,Khargone,BHIKANGAON,"23270809905, GOVT. HS SHAKARGAON",प्रतिभागी,शिक्षक
BX4570,Dinesh Kaushik,Khargone,BHIKANGAON,"23270809905, GOVT. HS SHAKARGAON",प्रतिभागी,शिक्षक
BX6501,Sunil Sanwle,Khargone,BHIKANGAON,"23270809905, GOVT. HS SHAKARGAON",प्रतिभागी,शिक्षक
CC5672,NEPAL JATAV,Khargone,BHIKANGAON,"23270809905, GOVT. HS SHAKARGAON",प्रतिभागी,शिक्षक
AO6790,Kavita Mandloi,Khargone,BHIKANGAON,"23270805011, GOVT. HS GIRLS BAMNALA",प्रतिभागी,शिक्षक
AO6860,Mahesh Rathod,Khargone,BHIKANGAON,"23270805011, GOVT. HS GIRLS BAMNALA",प्रतिभागी,शिक्षक
AO6926,Revaram Tawde,Khargone,BHIKANGAON,"23270805011, GOVT. HS GIRLS BAMNALA",प्रतिभागी,शिक्षक
BN8113,Hemlata Tongare,Khargone,BHIKANGAON,"23270810731, GOVT. HSS EXCELLENCE BHIKANGAON",प्रतिभागी,शिक्षक
CC6330,MOHINI GUPTA,Khargone,BHIKANGAON,"23270810732, GOVT. HSS GIRLS BHIKANGAON",प्रतिभागी,शिक्षक
AO7304,Bhunsingh Kirade,Khargone,BHIKANGAON,"23270802708, GOVT. HSS ANJANGAON",प्रतिभागी,शिक्षक
AO7309,Parasram Solanki,Khargone,BHIKANGAON,"23270802708, GOVT. HSS ANJANGAON",प्रतिभागी,शिक्षक
AO6943,Mamta Pawar,Khargone,BHIKANGAON,"23270811306, GOVT. HS LALKHEDA",प्रतिभागी,शिक्षक
AO7038,Miss Kamla Chouhan,Khargone,BHIKANGAON,"23270811306, GOVT. HS LALKHEDA",प्रतिभागी,शिक्षक
AO7332,Kanu Chouhan,Khargone,BHIKANGAON,"23270811306, GOVT. HS LALKHEDA",प्रतिभागी,शिक्षक
CF6127,Pramila Onker,Khargone,BHIKANGAON,"23270811306, GOVT. HS LALKHEDA",प्रतिभागी,शिक्षक
AO6809,Rajendrasingh Songare,Khargone,BHIKANGAON,"23270801810, GOVT. HS KANJHAR",प्रतिभागी,शिक्षक
AD5829,Yasvant Sisodiya,Khargone,GOGAWAN,"23271003426, GOVT. HSS EXCELLENCE GOGAWA",प्रतिभागी,शिक्षक
AO7250,Mohammad Ismail Khan,Khargone,GOGAWAN,"23271003426, GOVT. HSS EXCELLENCE GOGAWA",प्रतिभागी,शिक्षक
AD5005,Deepali Gupta,Khargone,GOGAWAN,"23271004207, GOVT. HS BEHRAMPUR",प्रतिभागी,शिक्षक
AO8265,Rameshchandra Solanki,Khargone,GOGAWAN,"23271004207, GOVT. HS BEHRAMPUR",प्रतिभागी,शिक्षक
AO8343,Bharat Chouhan,Khargone,GOGAWAN,"23271004207, GOVT. HS BEHRAMPUR",प्रतिभागी,शिक्षक
AO8517,Mangala Barve,Khargone,GOGAWAN,"23271004207, GOVT. HS BEHRAMPUR",प्रतिभागी,शिक्षक
AO8521,Sunanda Davar,Khargone,GOGAWAN,"23271004207, GOVT. HS BEHRAMPUR",प्रतिभागी,शिक्षक
AO8373,Jagdish Waskle,Khargone,GOGAWAN,"23271008608, GOVT. HSS GHUGHARIYAKHEDI",प्रतिभागी,शिक्षक
AO7729,Sangita Ramteke,Khargone,GOGAWAN,"23271005412, GOVT. HSS NAGJHIRI",प्रतिभागी,शिक्षक
AP1926,Bherusingh Mandloi,Khargone,GOGAWAN,"23271005412, GOVT. HSS NAGJHIRI",प्रतिभागी,शिक्षक
AP2269,Mohanlal Patidar,Khargone,GOGAWAN,"23271005412, GOVT. HSS NAGJHIRI",प्रतिभागी,शिक्षक
AP4071,Pushpendra Chouhan,Khargone,GOGAWAN,"23271005412, GOVT. HSS NAGJHIRI",प्रतिभागी,शिक्षक
CB7020,DHEERAJ TRMRAKAR,Khargone,GOGAWAN,"23271004423, GOVT. HSS BISTAN",प्रतिभागी,शिक्षक
AO7135,Mohan Kushwah,Khargone,GOGAWAN,"23271003807, GOVT. HS UMARKHALI",प्रतिभागी,शिक्षक
AO7968,Vijay Lahane,Khargone,GOGAWAN,"23271003807, GOVT. HS UMARKHALI",प्रतिभागी,शिक्षक
BN7620,Mohan Singh More,Khargone,JHIRNIYA,"23270907408, GOVT. HS KOTBEDA",प्रतिभागी,शिक्षक
AO8904,Chhitar Chouhan,Khargone,JHIRNIYA,"23270909418, GOVT. HSS CHIRIYA",प्रतिभागी,शिक्षक
AO8916,Radha Jadhav,Khargone,JHIRNIYA,"23270909418, GOVT. HSS CHIRIYA",प्रतिभागी,शिक्षक
BT1819,Kamal Kalveliya,Khargone,JHIRNIYA,"23270909418, GOVT. HSS CHIRIYA",प्रतिभागी,शिक्षक
AO8932,Irshad Khan,Khargone,JHIRNIYA,"23270901522, GOVT. HSS EXCELLENCE JHIRNIYA",प्रतिभागी,शिक्षक
AO8583,Manisha Kamlesh Rekal,Khargone,JHIRNIYA,"23270912610, GOVT. HS SHIVNA",प्रतिभागी,शिक्षक
AO8595,Mukesh Kumar Rathore,Khargone,JHIRNIYA,"23270912610, GOVT. HS SHIVNA",प्रतिभागी,शिक्षक
AO8689,KAMLESH REKAL,Khargone,JHIRNIYA,"23270912610, GOVT. HS SHIVNA",प्रतिभागी,शिक्षक
AO8912,Laxman Golkar,Khargone,JHIRNIYA,"23270911109, GOVT. HS BADI JHIRNIYA",प्रतिभागी,अन्य
AO9089,Rameshchandra Sawner,Khargone,JHIRNIYA,"23270911109, GOVT. HS BADI JHIRNIYA",प्रतिभागी,शिक्षक
BP4199,Vandana Laad,Khargone,JHIRNIYA,"23270911109, GOVT. HS BADI JHIRNIYA",प्रतिभागी,शिक्षक
AO9091,Kala Bai,Khargone,JHIRNIYA,"23270912006, GOVT. HSS MITAWAL",प्रतिभागी,शिक्षक
BS5654,Shivram Barde,Khargone,JHIRNIYA,"23270912006, GOVT. HSS MITAWAL",प्रतिभागी,शिक्षक
CF3399,dalsingh bamne,Khargone,JHIRNIYA,"23270912006, GOVT. HSS MITAWAL",प्रतिभागी,शिक्षक
CF3556,ANKIT MANDLOI,Khargone,JHIRNIYA,"23270900211, GOVT. HS CHENPUR",प्रतिभागी,शिक्षक
CF4692,DHEERAJ CHOUHAN,Khargone,JHIRNIYA,"23270900211, GOVT. HS CHENPUR",प्रतिभागी,शिक्षक
AO6230,Naharsingh Sisodiya,Khargone,KASRAWAD,"23271209509, GOVT. HSS BALAKWADA",प्रतिभागी,शिक्षक
AO6239,Irshad Khan,Khargone,KASRAWAD,"23271209509, GOVT. HSS BALAKWADA",प्रतिभागी,शिक्षक
AO9584,Rakesh Kumar Mujalde,Khargone,KASRAWAD,"23271209509, GOVT. HSS BALAKWADA",प्रतिभागी,शिक्षक
AO9588,Krishnalal Patidar,Khargone,KASRAWAD,"23271209509, GOVT. HSS BALAKWADA",प्रतिभागी,शिक्षक
BS4406,Jayendra Singh,Khargone,KASRAWAD,"23271209509, GOVT. HSS BALAKWADA",प्रतिभागी,शिक्षक
BW1241,Manish Mukati,Khargone,KASRAWAD,"23271209509, GOVT. HSS BALAKWADA",प्रतिभागी,शिक्षक
BW1242,Sanjay Rathod,Khargone,KASRAWAD,"23271209509, GOVT. HSS BALAKWADA",प्रतिभागी,शिक्षक
AO6379,Radha Jamre,Khargone,KASRAWAD,"23271217514, GOVT. HSS BALSAMUD",प्रतिभागी,शिक्षक
AO9569,Santosh Jadhav,Khargone,KASRAWAD,"23271217514, GOVT. HSS BALSAMUD",प्रतिभागी,शिक्षक
BR3546,Rameshwar Patidar,Khargone,KASRAWAD,"23271217514, GOVT. HSS BALSAMUD",प्रतिभागी,शिक्षक
AO1543,Mahendra Patel,Khargone,KASRAWAD,"23271216312, GOVT. HSS BAMANDI",प्रतिभागी,शिक्षक
AO9577,Kamal Rathod,Khargone,KASRAWAD,"23271216312, GOVT. HSS BAMANDI",प्रतिभागी,शिक्षक
AO9934,Madhusudan Dongare,Khargone,KASRAWAD,"23271216312, GOVT. HSS BAMANDI",प्रतिभागी,शिक्षक
AP1052,Krishnakant Patel,Khargone,KASRAWAD,"23271216312, GOVT. HSS BAMANDI",प्रतिभागी,शिक्षक
AO9549,Shankar Singh Barman,Khargone,KASRAWAD,"23271205805, GOVT. HSS BARSALAY",प्रतिभागी,शिक्षक
CB8102,DEEPAK TAMRAKAR,Khargone,KASRAWAD,"23271205805, GOVT. HSS BARSALAY",प्रतिभागी,शिक्षक
AO9175,Bhagwan Meda,Khargone,KASRAWAD,"23271213311, GOVT. HS NIMRANI",प्रतिभागी,शिक्षक
AO9572,Gopal Rajane,Khargone,KASRAWAD,"23271213311, GOVT. HS NIMRANI",प्रतिभागी,शिक्षक
AO9649,Santosh Nirgude,Khargone,KASRAWAD,"23271213311, GOVT. HS NIMRANI",प्रतिभागी,शिक्षक
AO9933,Mamata Skel,Khargone,KASRAWAD,"23271213311, GOVT. HS NIMRANI",प्रतिभागी,शिक्षक
AP1048,Abdul Gaffar Nadvi,Khargone,KASRAWAD,"23271213311, GOVT. HS NIMRANI",प्रतिभागी,शिक्षक
AP4250,Rehman Khan,Khargone,KASRAWAD,"23271210512, GOVT. HSS PIPALGAON",प्रतिभागी,शिक्षक
BB3288,Gangaram Sisodiya,Khargone,KASRAWAD,"23271205407, GOVT. HSS MAGARKHEDI (9-12)",प्रतिभागी,शिक्षक
BU5038,Jyoti Gupta,Khargone,KASRAWAD,"23271205407, GOVT. HSS MAGARKHEDI (9-12)",प्रतिभागी,शिक्षक
AO9487,Pyar Singh Chouhan,Khargone,KASRAWAD,"23271215210, GOVT. HSS KHAMKHEDA",प्रतिभागी,शिक्षक
BQ7158,Ganesh Sen,Khargone,KASRAWAD,"23271215210, GOVT. HSS KHAMKHEDA",प्रतिभागी,शिक्षक
AA5980,Indar Singh Muzalda,Khargone,KASRAWAD,"23271204509, GOVT. HS MULTHAN",प्रतिभागी,शिक्षक
AO9844,Sheru Sawle,Khargone,KASRAWAD,"23271215006, GOVT. HSS BORAWA",प्रतिभागी,शिक्षक
AP1082,Aatmaram Yadav,Khargone,KASRAWAD,"23271202606, GOVT. HSS AGHAWAN",प्रतिभागी,शिक्षक
BR1728,Dinesh Dawar,Khargone,KASRAWAD,"23271203710, GOVT. HSS DABRI (9-12)",प्रतिभागी,शिक्षक
BS5604,Kiran Verma,Khargone,KASRAWAD,"23271203710, GOVT. HSS DABRI (9-12)",प्रतिभागी,शिक्षक
AO6201,Rameshwar Chouhan,Khargone,KASRAWAD,"23271218807, GOVT. HSS SINGUN",प्रतिभागी,शिक्षक
AO6202,Bhuwani Chouhan,Khargone,KASRAWAD,"23271218807, GOVT. HSS SINGUN",प्रतिभागी,शिक्षक
AO9557,Narayan Dharve,Khargone,KASRAWAD,"23271218807, GOVT. HSS SINGUN",प्रतिभागी,शिक्षक
BR8003,Ankita Sharma,Khargone,KASRAWAD,"23271218807, GOVT. HSS SINGUN",प्रतिभागी,शिक्षक
BW7322,Menka Mandloi,Khargone,KASRAWAD,"23271218807, GOVT. HSS SINGUN",प्रतिभागी,शिक्षक
BW7326,Dinesh Mandloi,Khargone,KASRAWAD,"23271218807, GOVT. HSS SINGUN",प्रतिभागी,शिक्षक
BW7339,Rakesh Mandloi,Khargone,KASRAWAD,"23271218807, GOVT. HSS SINGUN",प्रतिभागी,शिक्षक
BR2984,Rina Nargesh,Khargone,KASRAWAD,"23271200526, GOVT.  HSS EXCELLENCE BOYS KASRAWAD",प्रतिभागी,शिक्षक
AD4556,Kavita Patel,Khargone,KHARGONE,"23271505207, GOVT. HSS GIRLS MENGAON",प्रतिभागी,शिक्षक
AP1999,Malvika Tukaram Goyal,Khargone,KHARGONE,"23271505207, GOVT. HSS GIRLS MENGAON",प्रतिभागी,शिक्षक
AP3950,Hariram Patidar,Khargone,KHARGONE,"23271505207, GOVT. HSS GIRLS MENGAON",प्रतिभागी,शिक्षक
AP3961,Bhawan Mandloi,Khargone,KHARGONE,"23271505207, GOVT. HSS GIRLS MENGAON",प्रतिभागी,शिक्षक
BR1565,Anita Patidar,Khargone,KHARGONE,"23271505207, GOVT. HSS GIRLS MENGAON",प्रतिभागी,शिक्षक
CB8199,SOHAN CHOUHAN,Khargone,KHARGONE,"23271505207, GOVT. HSS GIRLS MENGAON",प्रतिभागी,शिक्षक
CF2891,Pradeep NA,Khargone,KHARGONE,"23271505207, GOVT. HSS GIRLS MENGAON",प्रतिभागी,शिक्षक
AD4528,Mamta Akole,Khargone,KHARGONE,"23271504216, GOVT. HSS GIRLS BARUD",प्रतिभागी,शिक्षक
AP5387,Sharad Chinche,Khargone,KHARGONE,"23271504216, GOVT. HSS GIRLS BARUD",प्रतिभागी,शिक्षक
CC4652,NAMRATA KOCHALE,Khargone,KHARGONE,"23271504216, GOVT. HSS GIRLS BARUD",प्रतिभागी,शिक्षक
AP2209,Purshottam Chouhan,Khargone,KHARGONE,"23271507115, GOVT. HSS LONARA",प्रतिभागी,शिक्षक
AP2304,Balkrashna Mandloi,Khargone,KHARGONE,"23271507115, GOVT. HSS LONARA",प्रतिभागी,शिक्षक
BT5292,Gayatri Chouhan,Khargone,KHARGONE,"23271507115, GOVT. HSS LONARA",प्रतिभागी,शिक्षक
AD9171,Mamta Bhandole,Khargone,KHARGONE,"23271500616, GOVT. HSS OON",प्रतिभागी,शिक्षक
AP2287,Ravindra Shukl,Khargone,KHARGONE,"23271500616, GOVT. HSS OON",प्रतिभागी,शिक्षक
BY1081,Manisha Mandloi,Khargone,KHARGONE,"23271500616, GOVT. HSS OON",प्रतिभागी,शिक्षक
AD7762,Rekha Mandloi,Khargone,KHARGONE,"23271504612, GOVT. HSS TEMLA",प्रतिभागी,शिक्षक
AP1859,Balkrishan Patidar,Khargone,KHARGONE,"23271504612, GOVT. HSS TEMLA",प्रतिभागी,शिक्षक
AP4337,Jagdish Patidar,Khargone,KHARGONE,"23271504612, GOVT. HSS TEMLA",प्रतिभागी,शिक्षक
BS4595,Sunita Badole,Khargone,KHARGONE,"23271504612, GOVT. HSS TEMLA",प्रतिभागी,शिक्षक
BW8491,Hemant Patidar,Khargone,KHARGONE,"23271504612, GOVT. HSS TEMLA",प्रतिभागी,शिक्षक
BY3452,Sandhya Choudhari,Khargone,KHARGONE,"23271504612, GOVT. HSS TEMLA",प्रतिभागी,शिक्षक
AO6742,Rajendra Dongre,Khargone,KHARGONE,"23271515010, GOVT. D.A. HSS NO-2 KHARGONE",प्रतिभागी,शिक्षक
AP2203,Ashish Kushwah,Khargone,KHARGONE,"23271515010, GOVT. D.A. HSS NO-2 KHARGONE",प्रतिभागी,शिक्षक
AP2217,Rajesh Gadbadchand Malviya,Khargone,KHARGONE,"23271515010, GOVT. D.A. HSS NO-2 KHARGONE",प्रतिभागी,शिक्षक
AP2913,Sirajuddin Shekh,Khargone,KHARGONE,"23271515010, GOVT. D.A. HSS NO-2 KHARGONE",प्रतिभागी,शिक्षक
AP3345,Rajesh Hajarilal Bariya,Khargone,MAHESHWAR,"23271413208, GOVT. HSS ASHAPUR",प्रतिभागी,शिक्षक
CF3342,ARADHNA bHALSE,Khargone,MAHESHWAR,"23271404610, GOVT. HSS BABLAI",प्रतिभागी,शिक्षक
AD9256,Yashwant Bagdre,Khargone,MAHESHWAR,"23271400813, GOVT. HSS DHARGAON",प्रतिभागी,शिक्षक
AO3385,Devilal Patidar,Khargone,MAHESHWAR,"23271400813, GOVT. HSS DHARGAON",प्रतिभागी,शिक्षक
AP3370,Rajaram Mohansingh Singhare,Khargone,MAHESHWAR,"23271400813, GOVT. HSS DHARGAON",प्रतिभागी,शिक्षक
CC1387,VINAY SOURASHTRIYA,Khargone,MAHESHWAR,"23271400813, GOVT. HSS DHARGAON",प्रतिभागी,शिक्षक
CC1862,RAKESH CHOUHAN,Khargone,MAHESHWAR,"23271400813, GOVT. HSS DHARGAON",प्रतिभागी,शिक्षक
CC5938,NIKHLESH VERMA,Khargone,MAHESHWAR,"23271400813, GOVT. HSS DHARGAON",प्रतिभागी,शिक्षक
AO9280,Sevakram Patidar,Khargone,MAHESHWAR,"23271412713, GOVT. HSS KARHI PADLIYA",प्रतिभागी,शिक्षक
AO9320,Rajesh Tejmal Jain,Khargone,MAHESHWAR,"23271412713, GOVT. HSS KARHI PADLIYA",प्रतिभागी,शिक्षक
AO9334,Shila Narendra Rawat,Khargone,MAHESHWAR,"23271412713, GOVT. HSS KARHI PADLIYA",प्रतिभागी,शिक्षक
BO9822,Rajesh Khedekar,Khargone,MAHESHWAR,"23271412713, GOVT. HSS KARHI PADLIYA",प्रतिभागी,शिक्षक
BP1475,Jitesh Dharwal,Khargone,MAHESHWAR,"23271412713, GOVT. HSS KARHI PADLIYA",प्रतिभागी,शिक्षक
BP1478,Radha Makwane,Khargone,MAHESHWAR,"23271412713, GOVT. HSS KARHI PADLIYA",प्रतिभागी,शिक्षक
BR2191,Rakesh Bhavar,Khargone,MAHESHWAR,"23271412713, GOVT. HSS KARHI PADLIYA",प्रतिभागी,शिक्षक
AO8120,Rajaram Khedekar,Khargone,MAHESHWAR,"23271407909, GOVT. HS KATARGAON",प्रतिभागी,शिक्षक
AP3443,Sanjeev Sharma,Khargone,MAHESHWAR,"23271407909, GOVT. HS KATARGAON",प्रतिभागी,शिक्षक
BE5359,Mangilal Muvel,Khargone,MAHESHWAR,"23271407909, GOVT. HS KATARGAON",प्रतिभागी,शिक्षक
BR3070,Anil Varma,Khargone,MAHESHWAR,"23271407909, GOVT. HS KATARGAON",प्रतिभागी,शिक्षक
CE4336,ANTIMBALA GUPTA,Khargone,MAHESHWAR,"23271407909, GOVT. HS KATARGAON",प्रतिभागी,शिक्षक
AO4922,Brajesh Patwari,Khargone,MAHESHWAR,"23271413133, GOVT. HSS BOYS EXCELLENCE MAHESHWAR",प्रतिभागी,शिक्षक
AO8145,Aruna Chouhan,Khargone,MAHESHWAR,"23271413133, GOVT. HSS BOYS EXCELLENCE MAHESHWAR",प्रतिभागी,शिक्षक
AP3138,Fulsing Morya,Khargone,MAHESHWAR,"23271413133, GOVT. HSS BOYS EXCELLENCE MAHESHWAR",प्रतिभागी,शिक्षक
CC3167,MADHUBALA GANGRADE,Khargone,MAHESHWAR,"23271413133, GOVT. HSS BOYS EXCELLENCE MAHESHWAR",प्रतिभागी,शिक्षक
BS8199,Bharat Muzalda,Khargone,MAHESHWAR,"23271400113, GOVT. HSS MAHETWADA",प्रतिभागी,शिक्षक
AO3187,Mahesh Kanade,Khargone,MAHESHWAR,"23271400322, GOVT. HSS BOYS MANDLESHWAR",प्रतिभागी,शिक्षक
AO3188,Gaytri Kanade,Khargone,MAHESHWAR,"23271400322, GOVT. HSS BOYS MANDLESHWAR",प्रतिभागी,शिक्षक
AO8447,Anita Manve,Khargone,MAHESHWAR,"23271400322, GOVT. HSS BOYS MANDLESHWAR",प्रतिभागी,शिक्षक
AP3334,Madalsa Patidar,Khargone,MAHESHWAR,"23271400322, GOVT. HSS BOYS MANDLESHWAR",प्रतिभागी,शिक्षक
AP3365,Kavita Jayswal,Khargone,MAHESHWAR,"23271400322, GOVT. HSS BOYS MANDLESHWAR",प्रतिभागी,शिक्षक
AP3724,Jugalkishor Patidar,Khargone,MAHESHWAR,"23271400322, GOVT. HSS BOYS MANDLESHWAR",प्रतिभागी,शिक्षक
BQ7852,Sangita Varma,Khargone,MAHESHWAR,"23271400322, GOVT. HSS BOYS MANDLESHWAR",प्रतिभागी,शिक्षक
BT6603,Deepak Kumrawat,Khargone,MAHESHWAR,"23271400322, GOVT. HSS BOYS MANDLESHWAR",प्रतिभागी,शिक्षक
CC3611,KULDEEP SHILPKAR,Khargone,MAHESHWAR,"23271400322, GOVT. HSS BOYS MANDLESHWAR",प्रतिभागी,शिक्षक
AO8166,Amritsingh Bharatsingh Patel,Khargone,MAHESHWAR,"23271406416, GOVT. HSS PIPLYA BUJURG",प्रतिभागी,शिक्षक
AP3055,Mo.Rafi Khan,Khargone,MAHESHWAR,"23271406416, GOVT. HSS PIPLYA BUJURG",प्रतिभागी,शिक्षक
AP4332,Rasmi Namdev,Khargone,MAHESHWAR,"23271406416, GOVT. HSS PIPLYA BUJURG",प्रतिभागी,शिक्षक
BO5587,Suraj Chouhan,Khargone,MAHESHWAR,"23271406416, GOVT. HSS PIPLYA BUJURG",प्रतिभागी,शिक्षक
BP1391,Kailash Wasure,Khargone,MAHESHWAR,"23271406416, GOVT. HSS PIPLYA BUJURG",प्रतिभागी,शिक्षक
BQ5173,Archana Mujhalda,Khargone,MAHESHWAR,"23271406416, GOVT. HSS PIPLYA BUJURG",प्रतिभागी,शिक्षक
CB9999,ANUJ SALVI,Khargone,MAHESHWAR,"23271406416, GOVT. HSS PIPLYA BUJURG",प्रतिभागी,शिक्षक
CC5681,BANWARILAL DHAKAD,Khargone,MAHESHWAR,"23271406416, GOVT. HSS PIPLYA BUJURG",प्रतिभागी,शिक्षक
CC5684,SURENDRA GANGALE,Khargone,MAHESHWAR,"23271406416, GOVT. HSS PIPLYA BUJURG",प्रतिभागी,शिक्षक
CE9863,MAHESH CHOUHAN,Khargone,MAHESHWAR,"23271406416, GOVT. HSS PIPLYA BUJURG",प्रतिभागी,शिक्षक
CF2627,Roshani Patidar,Khargone,MAHESHWAR,"23271406416, GOVT. HSS PIPLYA BUJURG",प्रतिभागी,शिक्षक
AD6631,Dinesh Bhalse,Khargone,SEGAON,"23270200128, GOVT. HSS GIRLS SEGAON",प्रतिभागी,शिक्षक
AP5041,Rajendra Mandloi,Khargone,SEGAON,"23270200128, GOVT. HSS GIRLS SEGAON",प्रतिभागी,शिक्षक
AO8687,Prabhatkiran Varma,Khargone,SEGAON,"23270201905, GOVT. HSS TALAKPURA",प्रतिभागी,शिक्षक
AO9039,Anil Kumar Mandloi,Khargone,SEGAON,"23270201905, GOVT. HSS TALAKPURA",प्रतिभागी,शिक्षक
AP5083,Pannalal Patidar,Khargone,SEGAON,"23270201905, GOVT. HSS TALAKPURA",प्रतिभागी,शिक्षक
AP5174,Totaram Chouhan,Khargone,SEGAON,"23270201905, GOVT. HSS TALAKPURA",प्रतिभागी,शिक्षक
AP5348,Manohar Arse,Khargone,SEGAON,"23270201905, GOVT. HSS TALAKPURA",प्रतिभागी,शिक्षक
AP5368,Manjula Chouhan,Khargone,SEGAON,"23270201905, GOVT. HSS TALAKPURA",प्रतिभागी,शिक्षक
AE1247,Radhesyam Choudhri,Khargone,SEGAON,"23270204413, GOVT. HSS KELI",प्रतिभागी,शिक्षक
BR8457,Jagdish Bamne,Khargone,SEGAON,"23270204413, GOVT. HSS KELI",प्रतिभागी,शिक्षक
AP5089,Malini Thakur,Khargone,SEGAON,"23270206707, GOVT. HS GOLWADI",प्रतिभागी,शिक्षक
BU4820,Manish Patidar,Khargone,SEGAON,"23270206707, GOVT. HS GOLWADI",प्रतिभागी,सीएसी
AD5905,DINESH GURJAR,Khargone,SEGAON,"23270205508, GOVT. HS DALKI",प्रतिभागी,शिक्षक
AP5325,Santoshi Rawat,Khargone,SEGAON,"23270205508, GOVT. HS DALKI",प्रतिभागी,शिक्षक
AP5434,Mansharam Karma,Khargone,SEGAON,"23270205508, GOVT. HS DALKI",प्रतिभागी,शिक्षक
AP5061,Dinesh Patel,Khargone,SEGAON,"23270200705, GOVT. HS RASGAON",प्रतिभागी,शिक्षक
AP2081,Sanjay Madhukar,Khargone,SEGAON,"23270202009, GOVT. HS DASNAWAL",प्रतिभागी,शिक्षक
AP5262,Sukhadev Chauhan,Khargone,SEGAON,"23270202009, GOVT. HS DASNAWAL",प्रतिभागी,शिक्षक
AP5457,Rajendra Patidar,Khargone,SEGAON,"23270202009, GOVT. HS DASNAWAL",प्रतिभागी,शिक्षक
AP8320,Akhlesh Kumar Namdeo,Mandla,BEEJADANDI,"23421401612, GOVT. HSS EXCELLENCE BEEJADANDI EPES_1_12",प्रतिभागी,शिक्षक
AP8402,Mary Claret Xess,Mandla,BEEJADANDI,"23421401612, GOVT. HSS EXCELLENCE BEEJADANDI EPES_1_12",प्रतिभागी,शिक्षक
AQ3334,Jayanti Gouthariya,Mandla,BEEJADANDI,"23421401612, GOVT. HSS EXCELLENCE BEEJADANDI EPES_1_12",प्रतिभागी,शिक्षक
BU6735,Heera Maravi,Mandla,BEEJADANDI,"23421401612, GOVT. HSS EXCELLENCE BEEJADANDI EPES_1_12",प्रतिभागी,शिक्षक
CC7123,MANJU VERMA,Mandla,BEEJADANDI,"23421401612, GOVT. HSS EXCELLENCE BEEJADANDI EPES_1_12",प्रतिभागी,शिक्षक
AP8329,Lamna Singh Tekaam,Mandla,BEEJADANDI,"23421414410, GOVT. HSS KALPI EPES_6_12",प्रतिभागी,शिक्षक
CE6208,SURESH NARNOURE,Mandla,BEEJADANDI,"23421414410, GOVT. HSS KALPI EPES_6_12",प्रतिभागी,शिक्षक
AP8281,Devki Bhalavi,Mandla,BEEJADANDI,"23421410004, Govt. HSS BARGAON",प्रतिभागी,शिक्षक
AP8347,Rajendra Kumar Maravi,Mandla,BEEJADANDI,"23421410004, Govt. HSS BARGAON",प्रतिभागी,शिक्षक
AP8411,BHANESHWARI NETI,Mandla,BEEJADANDI,"23421410004, Govt. HSS BARGAON",प्रतिभागी,शिक्षक
CF4991,FARHA KURRAM,Mandla,BEEJADANDI,"23421410004, Govt. HSS BARGAON",प्रतिभागी,शिक्षक
CF5032,SHIVPRASAD NETAM,Mandla,BEEJADANDI,"23421410004, Govt. HSS BARGAON",प्रतिभागी,शिक्षक
AP8425,Veerendra Tekaam,Mandla,BEEJADANDI,"23421405704, Govt. HS VIJAYPUR",प्रतिभागी,शिक्षक
AP8445,DHIRENDRA KUMAR DUBEY,Mandla,BEEJADANDI,"23421400506, Govt. HSS UDAYPUR",प्रतिभागी,शिक्षक
AQ1017,Sunita Paraste,Mandla,BEEJADANDI,"23421400506, Govt. HSS UDAYPUR",प्रतिभागी,शिक्षक
AQ2361,Suneeta Malviya,Mandla,BEEJADANDI,"23421400506, Govt. HSS UDAYPUR",प्रतिभागी,शिक्षक
CC4015,SUPRIYA KHARE,Mandla,BEEJADANDI,"23421400506, Govt. HSS UDAYPUR",प्रतिभागी,शिक्षक
CC5221,RAJKUMAR MEHRA,Mandla,BEEJADANDI,"23421400506, Govt. HSS UDAYPUR",प्रतिभागी,शिक्षक
AP8441,Govind Prasad Maravi,Mandla,BEEJADANDI,"23421402908, Govt. HSS BUDRA PIPARIA",प्रतिभागी,शिक्षक
AQ3458,Poonam Jhariya,Mandla,BEEJADANDI,"23421402908, Govt. HSS BUDRA PIPARIA",प्रतिभागी,शिक्षक
BQ8322,Anjna Gouthariya,Mandla,BEEJADANDI,"23421402908, Govt. HSS BUDRA PIPARIA",प्रतिभागी,शिक्षक
BS7561,Tarunendra Pratap Singh,Mandla,BEEJADANDI,"23421402908, Govt. HSS BUDRA PIPARIA",प्रतिभागी,शिक्षक
BT2099,Kohinoor Rao,Mandla,BEEJADANDI,"23421402908, Govt. HSS BUDRA PIPARIA",प्रतिभागी,शिक्षक
BU4738,Mamta Kushwaha,Mandla,BEEJADANDI,"23421402908, Govt. HSS BUDRA PIPARIA",प्रतिभागी,शिक्षक
CB9820,SIKHA BAHREY,Mandla,BEEJADANDI,"23421402908, Govt. HSS BUDRA PIPARIA",प्रतिभागी,शिक्षक
CB9856,BALKRISHAN CHOUDHARY,Mandla,BEEJADANDI,"23421402908, Govt. HSS BUDRA PIPARIA",प्रतिभागी,शिक्षक
CC2981,SUPRIYA SINGH,Mandla,BEEJADANDI,"23421402908, Govt. HSS BUDRA PIPARIA",प्रतिभागी,शिक्षक
CC6032,CHANDRA MOHAN PATEL,Mandla,BEEJADANDI,"23421402908, Govt. HSS BUDRA PIPARIA",प्रतिभागी,शिक्षक
CC8349,VANDNA PATEL,Mandla,BEEJADANDI,"23421402908, Govt. HSS BUDRA PIPARIA",प्रतिभागी,शिक्षक
CE1605,AVADHABIHARI LODH,Mandla,BEEJADANDI,"23421402908, Govt. HSS BUDRA PIPARIA",प्रतिभागी,शिक्षक
AP7406,Vineeta Maravi,Mandla,BICHHIA,"23420320402, Govt. HSS EXCELLENCE BHUA BICHHIA",प्रतिभागी,शिक्षक
AP7411,Pansari Lal Dhurve,Mandla,BICHHIA,"23420320402, Govt. HSS EXCELLENCE BHUA BICHHIA",प्रतिभागी,शिक्षक
AP7457,Labh Singh Pusham,Mandla,BICHHIA,"23420320402, Govt. HSS EXCELLENCE BHUA BICHHIA",प्रतिभागी,शिक्षक
AP7858,Shiv Ku Dhurve,Mandla,BICHHIA,"23420320402, Govt. HSS EXCELLENCE BHUA BICHHIA",प्रतिभागी,शिक्षक
AP7922,Manjubala Patta,Mandla,BICHHIA,"23420320402, Govt. HSS EXCELLENCE BHUA BICHHIA",प्रतिभागी,शिक्षक
BP9055,Ashok Kumar Murali,Mandla,BICHHIA,"23420320402, Govt. HSS EXCELLENCE BHUA BICHHIA",प्रतिभागी,शिक्षक
BS9434,Virendra Mandwe,Mandla,BICHHIA,"23420320402, Govt. HSS EXCELLENCE BHUA BICHHIA",प्रतिभागी,शिक्षक
AP7426,Hironda Parte,Mandla,BICHHIA,"23420320703, GOVT. HSS GIRLS BHUA BICHHIYA EPES_6_12",प्रतिभागी,शिक्षक
AP7739,Geeta Parte,Mandla,BICHHIA,"23420320703, GOVT. HSS GIRLS BHUA BICHHIYA EPES_6_12",प्रतिभागी,शिक्षक
AP7774,Jay Singh Partati,Mandla,BICHHIA,"23420320703, GOVT. HSS GIRLS BHUA BICHHIYA EPES_6_12",प्रतिभागी,शिक्षक
AP9102,Savita Patle,Mandla,BICHHIA,"23420320703, GOVT. HSS GIRLS BHUA BICHHIYA EPES_6_12",प्रतिभागी,शिक्षक
AQ2226,Ramesh Prasad Rai,Mandla,BICHHIA,"23420320703, GOVT. HSS GIRLS BHUA BICHHIYA EPES_6_12",प्रतिभागी,शिक्षक
AZ5867,Rekha Namdeo,Mandla,BICHHIA,"23420320703, GOVT. HSS GIRLS BHUA BICHHIYA EPES_6_12",प्रतिभागी,शिक्षक
BK3794,Shyambati Madavi,Mandla,BICHHIA,"23420320703, GOVT. HSS GIRLS BHUA BICHHIYA EPES_6_12",प्रतिभागी,शिक्षक
BR4763,Deepa Sonwani,Mandla,BICHHIA,"23420320703, GOVT. HSS GIRLS BHUA BICHHIYA EPES_6_12",प्रतिभागी,शिक्षक
BS4295,Indrawati Uddey,Mandla,BICHHIA,"23420320703, GOVT. HSS GIRLS BHUA BICHHIYA EPES_6_12",प्रतिभागी,शिक्षक
AP7834,Sukhram Markam,Mandla,BICHHIA,"23420303023, GOVT. HSS ANJANIA EPES_6_12",प्रतिभागी,शिक्षक
AP7971,Jyoti Jha,Mandla,BICHHIA,"23420303023, GOVT. HSS ANJANIA EPES_6_12",प्रतिभागी,शिक्षक
AP9241,Seema Namdev,Mandla,BICHHIA,"23420303023, GOVT. HSS ANJANIA EPES_6_12",प्रतिभागी,शिक्षक
BJ8074,Ramprakash Patel,Mandla,BICHHIA,"23420303023, GOVT. HSS ANJANIA EPES_6_12",प्रतिभागी,शिक्षक
BW6063,dheerendra patel,Mandla,BICHHIA,"23420303023, GOVT. HSS ANJANIA EPES_6_12",प्रतिभागी,शिक्षक
CE9709,ANKIT DANGI,Mandla,BICHHIA,"23420303023, GOVT. HSS ANJANIA EPES_6_12",प्रतिभागी,शिक्षक
AC7736,Pratima Patel,Mandla,BICHHIA,"23420301109, GOVT. HSS MADHOPUR EPES_1_12",प्रतिभागी,शिक्षक
AP7327,Sneha Patel,Mandla,BICHHIA,"23420301109, GOVT. HSS MADHOPUR EPES_1_12",प्रतिभागी,शिक्षक
AP7749,Sujeet Patel,Mandla,BICHHIA,"23420301109, GOVT. HSS MADHOPUR EPES_1_12",प्रतिभागी,शिक्षक
AP7778,Ram Chandra Patel,Mandla,BICHHIA,"23420301109, GOVT. HSS MADHOPUR EPES_1_12",प्रतिभागी,शिक्षक
AP7794,Ranjna Sahu,Mandla,BICHHIA,"23420301109, GOVT. HSS MADHOPUR EPES_1_12",प्रतिभागी,शिक्षक
AQ1449,Ijaj Ali,Mandla,BICHHIA,"23420301109, GOVT. HSS MADHOPUR EPES_1_12",प्रतिभागी,शिक्षक
BP6847,Anil Patel,Mandla,BICHHIA,"23420301109, GOVT. HSS MADHOPUR EPES_1_12",प्रतिभागी,शिक्षक
BW4585,Santosh Kumar Thakur,Mandla,BICHHIA,"23420301109, GOVT. HSS MADHOPUR EPES_1_12",प्रतिभागी,शिक्षक
BY5633,Priyanka Patel,Mandla,BICHHIA,"23420301109, GOVT. HSS MADHOPUR EPES_1_12",प्रतिभागी,शिक्षक
CA1413,Vasumani Shukla,Mandla,BICHHIA,"23420301109, GOVT. HSS MADHOPUR EPES_1_12",प्रतिभागी,शिक्षक
CB4337,VANDNA UIKEY,Mandla,BICHHIA,"23420301109, GOVT. HSS MADHOPUR EPES_1_12",प्रतिभागी,शिक्षक
AP7427,Tarendra Rai,Mandla,BICHHIA,"23420316918, GOVT. HSS NORMAL SIJHORA EPES_1_12",प्रतिभागी,शिक्षक
AP7431,Rajesh Ku Maravi,Mandla,BICHHIA,"23420316918, GOVT. HSS NORMAL SIJHORA EPES_1_12",प्रतिभागी,शिक्षक
AP7523,Sona Balke,Mandla,BICHHIA,"23420316918, GOVT. HSS NORMAL SIJHORA EPES_1_12",प्रतिभागी,शिक्षक
AP7642,veersena markam,Mandla,BICHHIA,"23420316918, GOVT. HSS NORMAL SIJHORA EPES_1_12",प्रतिभागी,शिक्षक
AP7818,Kunjlata Jhariya,Mandla,BICHHIA,"23420316918, GOVT. HSS NORMAL SIJHORA EPES_1_12",प्रतिभागी,शिक्षक
CA1612,Bhanupratap Dhurve,Mandla,BICHHIA,"23420316918, GOVT. HSS NORMAL SIJHORA EPES_1_12",प्रतिभागी,शिक्षक
CC2268,SANTOSH KHAJURIYA,Mandla,BICHHIA,"23420316918, GOVT. HSS NORMAL SIJHORA EPES_1_12",प्रतिभागी,शिक्षक
CF2247,PRIYANKA THAKUR,Mandla,BICHHIA,"23420316918, GOVT. HSS NORMAL SIJHORA EPES_1_12",प्रतिभागी,शिक्षक
AP7544,Manoj Maravi,Mandla,BICHHIA,"23420303904, Govt. HSS MANGA",प्रतिभागी,शिक्षक
AP7751,Jamuna Prasad Uikey,Mandla,BICHHIA,"23420303904, Govt. HSS MANGA",प्रतिभागी,शिक्षक
AP7761,Narayan Prasad Kushram,Mandla,BICHHIA,"23420303904, Govt. HSS MANGA",प्रतिभागी,शिक्षक
AP8311,Vasu Dev Hardaha,Mandla,BICHHIA,"23420303904, Govt. HSS MANGA",प्रतिभागी,शिक्षक
AQ1471,Ravi Lal Jhariya,Mandla,BICHHIA,"23420303904, Govt. HSS MANGA",प्रतिभागी,शिक्षक
AP7548,Truna Ditya Thakur,Mandla,BICHHIA,"23420300213, Govt. HSS RAMNAGAR",प्रतिभागी,शिक्षक
AP7772,Samlu Singh Maravi,Mandla,BICHHIA,"23420300213, Govt. HSS RAMNAGAR",प्रतिभागी,शिक्षक
AP8004,Santosh Ku Hardaha,Mandla,BICHHIA,"23420300213, Govt. HSS RAMNAGAR",प्रतिभागी,शिक्षक
BQ8380,Chhote Lal Neti,Mandla,BICHHIA,"23420300213, Govt. HSS RAMNAGAR",प्रतिभागी,सीएसी
CF3422,PANKAJ LANJEWAR,Mandla,BICHHIA,"23420312307, GOVT. HSS MOCHA EPES_6_12",प्रतिभागी,शिक्षक
AJ8426,Pusiya Maravi,Mandla,BICHHIA,"23420308505, Govt. HSS OURAI",प्रतिभागी,शिक्षक
AP7483,Hemlata Uikey,Mandla,BICHHIA,"23420308505, Govt. HSS OURAI",प्रतिभागी,शिक्षक
AP7877,Rama Patel,Mandla,BICHHIA,"23420308505, Govt. HSS OURAI",प्रतिभागी,शिक्षक
AP8095,Lakhan Lal Patel,Mandla,BICHHIA,"23420308505, Govt. HSS OURAI",प्रतिभागी,शिक्षक
BS7612,Prashant Patel,Mandla,BICHHIA,"23420308505, Govt. HSS OURAI",प्रतिभागी,शिक्षक
BS8568,Mamta Kuliha,Mandla,BICHHIA,"23420308505, Govt. HSS OURAI",प्रतिभागी,शिक्षक
BS9531,Dhananjay Patel,Mandla,BICHHIA,"23420308505, Govt. HSS OURAI",प्रतिभागी,शिक्षक
BU5126,Arvind Rajpur,Mandla,BICHHIA,"23420308505, Govt. HSS OURAI",प्रतिभागी,शिक्षक
AP9111,Sudeep Kumar Maravi,Mandla,BICHHIA,"23420313908, Govt. HSS DANITOLA",प्रतिभागी,शिक्षक
AP7389,Laxmi Tekam,Mandla,BICHHIA,"23420318207, GOVT. HS KHALOUDI EPES_1_10",प्रतिभागी,शिक्षक
AP7753,Maniram Maravi,Mandla,BICHHIA,"23420318207, GOVT. HS KHALOUDI EPES_1_10",प्रतिभागी,शिक्षक
AP9070,Sudde Singh Tekam,Mandla,BICHHIA,"23420318207, GOVT. HS KHALOUDI EPES_1_10",प्रतिभागी,शिक्षक
CE9765,PRASHANT SINGH,Mandla,BICHHIA,"23420318207, GOVT. HS KHALOUDI EPES_1_10",प्रतिभागी,शिक्षक
BT1657,Ansuiya Kulesh,Mandla,GHUGHRI,"23420605120, Govt. HSS EXCELLENCE GHUGHARI",प्रतिभागी,शिक्षक
CC5508,KALYAN AHIRWAR,Mandla,GHUGHRI,"23420604903, GOVT. HS GAJRAJ EPES_1_10",प्रतिभागी,शिक्षक
AP6950,Sandhya Maravi,Mandla,GHUGHRI,"23420601706, GOVT. HS GARAIYA EPES_1_10",प्रतिभागी,शिक्षक
BT1731,Shiw Netam,Mandla,GHUGHRI,"23420601706, GOVT. HS GARAIYA EPES_1_10",प्रतिभागी,शिक्षक
AC7738,Kandhi Dhurwey,Mandla,GHUGHRI,"23420607006, Govt. HSS NAIJHAR",प्रतिभागी,शिक्षक
AP6968,Meera Pandre,Mandla,GHUGHRI,"23420607006, Govt. HSS NAIJHAR",प्रतिभागी,शिक्षक
BZ8747,Sandeep Pusham,Mandla,GHUGHRI,"23420607006, Govt. HSS NAIJHAR",प्रतिभागी,शिक्षक
CC6984,NARESH JHARIYA,Mandla,GHUGHRI,"23420607006, Govt. HSS NAIJHAR",प्रतिभागी,शिक्षक
BZ7313,Manohar Lal Yadav,Mandla,GHUGHRI,"23420602405, Govt. HSS BHAINSWAHI",प्रतिभागी,शिक्षक
AQ1749,Kasiram Maravi,Mandla,GHUGHRI,"23420603704, GOVT. HS MADANPUR EPES_6_10",प्रतिभागी,शिक्षक
AP6114,Saroj Choubey,Mandla,MANDLA,"23420120011, GOVT. HSS GIRLS MAHARAJPUR EPES_1_12",प्रतिभागी,शिक्षक
AP6352,Pradeep Dubey,Mandla,MANDLA,"23420120011, GOVT. HSS GIRLS MAHARAJPUR EPES_1_12",प्रतिभागी,शिक्षक
AP7795,Pawan Ku Prajapati,Mandla,MANDLA,"23420120011, GOVT. HSS GIRLS MAHARAJPUR EPES_1_12",प्रतिभागी,शिक्षक
AP9065,Sarita Patel,Mandla,MANDLA,"23420120011, GOVT. HSS GIRLS MAHARAJPUR EPES_1_12",प्रतिभागी,शिक्षक
BR5897,Varsha Vishkarma,Mandla,MANDLA,"23420120011, GOVT. HSS GIRLS MAHARAJPUR EPES_1_12",प्रतिभागी,शिक्षक
BS4740,Anil Sahu,Mandla,MANDLA,"23420120011, GOVT. HSS GIRLS MAHARAJPUR EPES_1_12",प्रतिभागी,शिक्षक
BU2864,Renuka Praste,Mandla,MANDLA,"23420120011, GOVT. HSS GIRLS MAHARAJPUR EPES_1_12",प्रतिभागी,शिक्षक
BV2136,Prabha Bajpai,Mandla,MANDLA,"23420120011, GOVT. HSS GIRLS MAHARAJPUR EPES_1_12",प्रतिभागी,शिक्षक
BY7284,Anamika Yadav,Mandla,MANDLA,"23420120011, GOVT. HSS GIRLS MAHARAJPUR EPES_1_12",प्रतिभागी,शिक्षक
AP6234,Abhilasa Bhagat,Mandla,MANDLA,"23420119607, GOVT. HSS BOYS NO.2 MANDLA EPES_6_12",प्रतिभागी,शिक्षक
BU3685,Seema Jhariya,Mandla,MANDLA,"23420119607, GOVT. HSS BOYS NO.2 MANDLA EPES_6_12",प्रतिभागी,शिक्षक
BU5131,Usha Patel,Mandla,MANDLA,"23420119607, GOVT. HSS BOYS NO.2 MANDLA EPES_6_12",प्रतिभागी,शिक्षक
CB9458,JYOTI SINGH,Mandla,MANDLA,"23420119607, GOVT. HSS BOYS NO.2 MANDLA EPES_6_12",प्रतिभागी,शिक्षक
AP8407,Sushma Raghuvanshi,Mandla,MANDLA,"23420107814, Govt. HSS BINEKA",प्रतिभागी,शिक्षक
BP3835,Sangeeta Sahu,Mandla,MANDLA,"23420107814, Govt. HSS BINEKA",प्रतिभागी,शिक्षक
BW1019,Soniya Hardaha,Mandla,MANDLA,"23420107814, Govt. HSS BINEKA",प्रतिभागी,शिक्षक
AP6232,Nandani Shrivatri,Mandla,MANDLA,"23420115705, Govt. HSS LIMARUA",प्रतिभागी,शिक्षक
AP9823,Balkumari Dhurve,Mandla,MANDLA,"23420115705, Govt. HSS LIMARUA",प्रतिभागी,शिक्षक
BP9407,Varsha Bhalawi,Mandla,MANDLA,"23420115705, Govt. HSS LIMARUA",प्रतिभागी,शिक्षक
BQ3252,Kusum Om Warkade,Mandla,MANDLA,"23420115705, Govt. HSS LIMARUA",प्रतिभागी,शिक्षक
BV4674,Seeta Sahu,Mandla,MANDLA,"23420115705, Govt. HSS LIMARUA",प्रतिभागी,शिक्षक
BY1681,Deepak Kartikey,Mandla,MANDLA,"23420115705, Govt. HSS LIMARUA",प्रतिभागी,शिक्षक
CC7208,DHARMENDRA PATEL,Mandla,MANDLA,"23420115705, Govt. HSS LIMARUA",प्रतिभागी,शिक्षक
AJ8913,Meena Singore,Mandla,MANDLA,"23420121203, GOVT. HSS BOYS HAVELI BAMHANI BANJAR EPES_6_12",प्रतिभागी,शिक्षक
AJ9363,Kiran Chandrol,Mandla,MANDLA,"23420121203, GOVT. HSS BOYS HAVELI BAMHANI BANJAR EPES_6_12",प्रतिभागी,शिक्षक
AP5813,Yugal Kishore Tandiya,Mandla,MANDLA,"23420121203, GOVT. HSS BOYS HAVELI BAMHANI BANJAR EPES_6_12",प्रतिभागी,शिक्षक
AP5814,Sunil Singhore,Mandla,MANDLA,"23420121203, GOVT. HSS BOYS HAVELI BAMHANI BANJAR EPES_6_12",प्रतिभागी,शिक्षक
BS3938,Kusum Sahu,Mandla,MANDLA,"23420121203, GOVT. HSS BOYS HAVELI BAMHANI BANJAR EPES_6_12",प्रतिभागी,शिक्षक
CC1265,BRAJESH DONGRE,Mandla,MANDLA,"23420121203, GOVT. HSS BOYS HAVELI BAMHANI BANJAR EPES_6_12",प्रतिभागी,शिक्षक
CC1496,PUSHPANJALI SONI,Mandla,MANDLA,"23420121203, GOVT. HSS BOYS HAVELI BAMHANI BANJAR EPES_6_12",प्रतिभागी,शिक्षक
AN7090,Anil Singour,Mandla,MANDLA,"23420115913, GOVT. HSS HIRDENAGAR EPES_1_12",प्रतिभागी,शिक्षक
AP6228,Geeta Pandram,Mandla,MANDLA,"23420115913, GOVT. HSS HIRDENAGAR EPES_1_12",प्रतिभागी,शिक्षक
AP6236,Harilal Mathle,Mandla,MANDLA,"23420115913, GOVT. HSS HIRDENAGAR EPES_1_12",प्रतिभागी,शिक्षक
AP6238,Thomas Kumar Mandvey,Mandla,MANDLA,"23420115913, GOVT. HSS HIRDENAGAR EPES_1_12",प्रतिभागी,शिक्षक
AP6268,Anita Dewda,Mandla,MANDLA,"23420115913, GOVT. HSS HIRDENAGAR EPES_1_12",प्रतिभागी,शिक्षक
AP6421,Rakesh Ku Hardaha,Mandla,MANDLA,"23420115913, GOVT. HSS HIRDENAGAR EPES_1_12",प्रतिभागी,शिक्षक
AP7149,Parmanand Tandya,Mandla,MANDLA,"23420115913, GOVT. HSS HIRDENAGAR EPES_1_12",प्रतिभागी,शिक्षक
BT7998,Bhagirath Kachhwaha,Mandla,MANDLA,"23420115913, GOVT. HSS HIRDENAGAR EPES_1_12",प्रतिभागी,शिक्षक
BW1219,Kirti Kachhwaha,Mandla,MANDLA,"23420115913, GOVT. HSS HIRDENAGAR EPES_1_12",प्रतिभागी,शिक्षक
BW3431,Preeti Ray,Mandla,MANDLA,"23420115913, GOVT. HSS HIRDENAGAR EPES_1_12",प्रतिभागी,शिक्षक
BW3701,Kamal Parte,Mandla,MANDLA,"23420115913, GOVT. HSS HIRDENAGAR EPES_1_12",प्रतिभागी,शिक्षक
BU8688,Arti Padwar,Mandla,MANDLA,"23420104106, GOVT. HSS SAGAR EPES_1_12",प्रतिभागी,शिक्षक
BY7286,Arun Marko,Mandla,MANDLA,"23420104106, GOVT. HSS SAGAR EPES_1_12",प्रतिभागी,शिक्षक
CC1838,PRAGATI MISHRA,Mandla,MANDLA,"23420104106, GOVT. HSS SAGAR EPES_1_12",प्रतिभागी,शिक्षक
CC2793,SANDEEP VERMA,Mandla,MANDLA,"23420104106, GOVT. HSS SAGAR EPES_1_12",प्रतिभागी,शिक्षक
AP6091,Revasanker Panday,Mandla,MANDLA,"23420118302, GOVT. HSS GIRLS R.A.B, MANDLA EPES_6_12",प्रतिभागी,शिक्षक
BP6457,Akanksha Pandey,Mandla,MANDLA,"23420118302, GOVT. HSS GIRLS R.A.B, MANDLA EPES_6_12",प्रतिभागी,शिक्षक
BS6157,Shakun Saiyam,Mandla,MANDLA,"23420118302, GOVT. HSS GIRLS R.A.B, MANDLA EPES_6_12",प्रतिभागी,शिक्षक
BS7197,Sangita Patel Chandroul,Mandla,MANDLA,"23420118302, GOVT. HSS GIRLS R.A.B, MANDLA EPES_6_12",प्रतिभागी,शिक्षक
CC4016,SHAKTI PATEL,Mandla,MANDLA,"23420118302, GOVT. HSS GIRLS R.A.B, MANDLA EPES_6_12",प्रतिभागी,शिक्षक
AN8460,Kiran Jhariya,Mandla,MANDLA,"23420101405, Govt. HSS NARMADA PONDI LINGA",प्रतिभागी,शिक्षक
AP6212,Roshanlal Barkade,Mandla,MANDLA,"23420101405, Govt. HSS NARMADA PONDI LINGA",प्रतिभागी,शिक्षक
AP6261,Rajesh Maravi,Mandla,MANDLA,"23420101405, Govt. HSS NARMADA PONDI LINGA",प्रतिभागी,शिक्षक
BS8475,Leela Choudhary,Mandla,MANDLA,"23420101405, Govt. HSS NARMADA PONDI LINGA",प्रतिभागी,शिक्षक
BV8030,Vibha Chourasia,Mandla,MANDLA,"23420101405, Govt. HSS NARMADA PONDI LINGA",प्रतिभागी,शिक्षक
BW3699,Chandan Singh Sarote,Mandla,MANDLA,"23420101405, Govt. HSS NARMADA PONDI LINGA",प्रतिभागी,शिक्षक
AQ3816,Omkar Prasad Rajak,Mandla,MAWAI,"23420508014, GOVT. HSS EXCELLENCE MAWAI EPES_6_12",प्रतिभागी,शिक्षक
BU7008,NAN SINGH DHURVE,Mandla,MAWAI,"23420508014, GOVT. HSS EXCELLENCE MAWAI EPES_6_12",प्रतिभागी,शिक्षक
CE2242,SUNITA MARKO,Mandla,MAWAI,"23420508014, GOVT. HSS EXCELLENCE MAWAI EPES_6_12",प्रतिभागी,शिक्षक
BS8850,Rajesh Dhurwey,Mandla,MAWAI,"23420501311, Govt. HSS GHUTAS",प्रतिभागी,शिक्षक
AQ3473,Durgesh Khare,Mandla,MAWAI,"23420509806, GOVT. HSS GHONTA EPES_1_12",प्रतिभागी,शिक्षक
AQ3487,Suganti Dhurve,Mandla,MAWAI,"23420509806, GOVT. HSS GHONTA EPES_1_12",प्रतिभागी,शिक्षक
BR4010,Girja Taram,Mandla,MAWAI,"23420509806, GOVT. HSS GHONTA EPES_1_12",प्रतिभागी,शिक्षक
CD2839,RAVINDRA SAYYAM,Mandla,MAWAI,"23420509806, GOVT. HSS GHONTA EPES_1_12",प्रतिभागी,शिक्षक
AQ1638,Hare Singh Markam,Mandla,MAWAI,"23420501206, GOVT. HSS DARHI BHANPUR EPES_6_12",प्रतिभागी,शिक्षक
AQ3528,Savitri Parwar,Mandla,MAWAI,"23420501206, GOVT. HSS DARHI BHANPUR EPES_6_12",प्रतिभागी,शिक्षक
AQ3642,Lal Singh Chhanta,Mandla,MAWAI,"23420501206, GOVT. HSS DARHI BHANPUR EPES_6_12",प्रतिभागी,शिक्षक
BV3992,Tuli Murali,Mandla,MAWAI,"23420506803, GOVT. HS SORHA SALAIYA EPES_1_10",प्रतिभागी,शिक्षक
CC8661,PRABHAKAR SONI,Mandla,MAWAI,"23420506803, GOVT. HS SORHA SALAIYA EPES_1_10",प्रतिभागी,शिक्षक
CD2840,KUMAN ARMO,Mandla,MAWAI,"23420506803, GOVT. HS SORHA SALAIYA EPES_1_10",प्रतिभागी,शिक्षक
CE2516,UMAKANT SAHU,Mandla,MAWAI,"23420506803, GOVT. HS SORHA SALAIYA EPES_1_10",प्रतिभागी,शिक्षक
AQ3589,Pancham Singh Thakur,Mandla,MAWAI,"23420502404, GOVT. HS SAHAJPURI EPES_1_10",प्रतिभागी,शिक्षक
BP3514,Kamlesh Uikey,Mandla,MAWAI,"23420502404, GOVT. HS SAHAJPURI EPES_1_10",प्रतिभागी,शिक्षक
AP7245,Ganesh Padam,Mandla,MOHGAON,"23420403914, Govt. HSS EXCELLENCE MOHGAON",प्रतिभागी,शिक्षक
AQ2300,Nand Kumar Tekam,Mandla,MOHGAON,"23420403914, Govt. HSS EXCELLENCE MOHGAON",प्रतिभागी,शिक्षक
CF5306,RUKMANI MASRAM,Mandla,MOHGAON,"23420403914, Govt. HSS EXCELLENCE MOHGAON",प्रतिभागी,शिक्षक
AP7293,Krashna Khandel,Mandla,MOHGAON,"23420404712, GOVT. HSS CHABI EPES_1_12",प्रतिभागी,शिक्षक
AP7228,Jabbar Khan,Mandla,MOHGAON,"23420401610, GOVT. HSS SINGARPUR EPES_1_12",प्रतिभागी,शिक्षक
BR4481,Ganpat Singh Paraste,Mandla,MOHGAON,"23420401610, GOVT. HSS SINGARPUR EPES_1_12",प्रतिभागी,शिक्षक
BT1466,MANJUL PRAKASH PATEL,Mandla,MOHGAON,"23420401610, GOVT. HSS SINGARPUR EPES_1_12",प्रतिभागी,शिक्षक
AP7153,Ratanlal Bhartiya,Mandla,MOHGAON,"23420407505, GOVT. HS BILGAON EPES_1_10",प्रतिभागी,शिक्षक
AP7231,Ganesh Prasad Parte,Mandla,MOHGAON,"23420407505, GOVT. HS BILGAON EPES_1_10",प्रतिभागी,शिक्षक
AP7337,Kasturia Dhurve,Mandla,MOHGAON,"23420407505, GOVT. HS BILGAON EPES_1_10",प्रतिभागी,शिक्षक
AP5963,Sunila Shyam,Mandla,MOHGAON,"23420403107, Govt. HS DEOGAON",प्रतिभागी,शिक्षक
AP7286,Dasharath WARKADE,Mandla,MOHGAON,"23420403107, Govt. HS DEOGAON",प्रतिभागी,शिक्षक
AP7309,Asha Jhariya,Mandla,MOHGAON,"23420403107, Govt. HS DEOGAON",प्रतिभागी,शिक्षक
AQ1549,Kopa Sing Durve,Mandla,MOHGAON,"23420403107, Govt. HS DEOGAON",प्रतिभागी,सीएसी
AP9820,Vinay Shankar Namdev,Mandla,NAINPUR,"23420217112, Govt. HSS EXCELLENCE NAINPUR",प्रतिभागी,शिक्षक
AQ1012,Snehlata Jharaiya Jhariya,Mandla,NAINPUR,"23420217112, Govt. HSS EXCELLENCE NAINPUR",प्रतिभागी,शिक्षक
AQ2500,Nidhi Gupta,Mandla,NAINPUR,"23420217112, Govt. HSS EXCELLENCE NAINPUR",प्रतिभागी,शिक्षक
BV4513,Lalita Naktode,Mandla,NAINPUR,"23420217112, Govt. HSS EXCELLENCE NAINPUR",प्रतिभागी,शिक्षक
CE9398,PRIYANKA PARTE,Mandla,NAINPUR,"23420217112, Govt. HSS EXCELLENCE NAINPUR",प्रतिभागी,शिक्षक
AP9685,Suresh Shrivastav,Mandla,NAINPUR,"23420204806, GOVT. HSS SALIWADA EPES_1_12",प्रतिभागी,शिक्षक
AP9729,Basant Kumar Maravi,Mandla,NAINPUR,"23420204806, GOVT. HSS SALIWADA EPES_1_12",प्रतिभागी,शिक्षक
AP9792,Ganesh Prasad Thakur,Mandla,NAINPUR,"23420204806, GOVT. HSS SALIWADA EPES_1_12",प्रतिभागी,शिक्षक
AQ1172,Shiv  Prasad Uikey,Mandla,NAINPUR,"23420204806, GOVT. HSS SALIWADA EPES_1_12",प्रतिभागी,शिक्षक
AP9770,Vinod Singh Rajput,Mandla,NAINPUR,"23420208319, GOVT. HSS PINDRAI EPES_1_12",प्रतिभागी,शिक्षक
AQ3336,Sanjeet Babu Nagdeve,Mandla,NAINPUR,"23420208319, GOVT. HSS PINDRAI EPES_1_12",प्रतिभागी,शिक्षक
AP9187,Peetam Lal Dhurway,Mandla,NAINPUR,"23420211707, GOVT. HSS JAMGAON EPES_1_12",प्रतिभागी,शिक्षक
AP9643,Bhoram Singh Maravi,Mandla,NAINPUR,"23420214412, GOVT. HSS INDRI EPES_1_12",प्रतिभागी,सीएसी
BY3970,Parasram Jhariya,Mandla,NAINPUR,"23420214412, GOVT. HSS INDRI EPES_1_12",प्रतिभागी,शिक्षक
BJ7592,Santosh Kumar Soni,Mandla,NAINPUR,"23420213907, GOVT. HSS CHIRAIDONGARI (RELWAY) EPES_6_12",प्रतिभागी,सीएसी
BV1658,Sarla Tandiya,Mandla,NAINPUR,"23420213907, GOVT. HSS CHIRAIDONGARI (RELWAY) EPES_6_12",प्रतिभागी,शिक्षक
AP9755,Premlal Uikey,Mandla,NAINPUR,"23420201806, Govt. HSS PATHASIHORA",प्रतिभागी,शिक्षक
AQ1683,Abdul Rahman Khan,Mandla,NAINPUR,"23420201806, Govt. HSS PATHASIHORA",प्रतिभागी,शिक्षक
CE3419,NUTAN NAGESHWAR,Mandla,NAINPUR,"23420201806, Govt. HSS PATHASIHORA",प्रतिभागी,शिक्षक
AJ6731,Rajendra Prasad Hardaha,Mandla,NAINPUR,"23420210207, GOVT. HSS JAHARMAU EPES_6_12",प्रतिभागी,शिक्षक
AQ1143,Shravan Kumar Singour,Mandla,NAINPUR,"23420210207, GOVT. HSS JAHARMAU EPES_6_12",प्रतिभागी,शिक्षक
AQ1165,Ramcharan Ayama,Mandla,NAINPUR,"23420210207, GOVT. HSS JAHARMAU EPES_6_12",प्रतिभागी,शिक्षक
AQ1315,Buddu Lal Warkade,Mandla,NAINPUR,"23420210207, GOVT. HSS JAHARMAU EPES_6_12",प्रतिभागी,शिक्षक
CF2843,MANSI PATEL,Mandla,NAINPUR,"23420210207, GOVT. HSS JAHARMAU EPES_6_12",प्रतिभागी,शिक्षक
AP9795,Arti patel,Mandla,NAINPUR,"23420200104, GOVT. HSS BHARBHELI (GP) EPES_1_12",प्रतिभागी,शिक्षक
AQ1232,Shiv Ram Dhurve,Mandla,NAINPUR,"23420200104, GOVT. HSS BHARBHELI (GP) EPES_1_12",प्रतिभागी,शिक्षक
BV5777,Rukhamani Raut,Mandla,NAINPUR,"23420200104, GOVT. HSS BHARBHELI (GP) EPES_1_12",प्रतिभागी,शिक्षक
AQ3304,Neelu Kushram,Mandla,NARAYANGANJ,"23421303604, Govt. HSS Excellance Narayanganj (Tikariya)",प्रतिभागी,शिक्षक
AQ3434,Umesh Kumar Yadav,Mandla,NARAYANGANJ,"23421303604, Govt. HSS Excellance Narayanganj (Tikariya)",प्रतिभागी,शिक्षक
BV9862,Kirti Soni,Mandla,NARAYANGANJ,"23421303604, Govt. HSS Excellance Narayanganj (Tikariya)",प्रतिभागी,शिक्षक
CC1745,AARTI JHARIYA,Mandla,NARAYANGANJ,"23421303604, Govt. HSS Excellance Narayanganj (Tikariya)",प्रतिभागी,शिक्षक
CC7101,SONIYA CHOURASIYA,Mandla,NARAYANGANJ,"23421303604, Govt. HSS Excellance Narayanganj (Tikariya)",प्रतिभागी,शिक्षक
BP8706,Pramila Pandro,Mandla,NARAYANGANJ,"23421303715, GOVT. HSS GIRLS NARAYANGANJ EPES_1_12",प्रतिभागी,शिक्षक
BR5884,Dhaniram Jhariya,Mandla,NARAYANGANJ,"23421303715, GOVT. HSS GIRLS NARAYANGANJ EPES_1_12",प्रतिभागी,शिक्षक
BW3097,Santoshnandini Soni,Mandla,NARAYANGANJ,"23421303715, GOVT. HSS GIRLS NARAYANGANJ EPES_1_12",प्रतिभागी,शिक्षक
CF3413,MANISH VISHWAKARMA,Mandla,NARAYANGANJ,"23421303715, GOVT. HSS GIRLS NARAYANGANJ EPES_1_12",प्रतिभागी,शिक्षक
AQ3276,Juli Sahu,Mandla,NARAYANGANJ,"23421309711, Govt. HSS BABALIYA",प्रतिभागी,शिक्षक
CC5332,BHARTI THAKUR,Mandla,NARAYANGANJ,"23421309711, Govt. HSS BABALIYA",प्रतिभागी,शिक्षक
CC8657,MANOJ RATHORE,Mandla,NARAYANGANJ,"23421309711, Govt. HSS BABALIYA",प्रतिभागी,शिक्षक
CF4606,SWEETI SINDHIYA,Mandla,NARAYANGANJ,"23421309711, Govt. HSS BABALIYA",प्रतिभागी,शिक्षक
CF5480,SHIVPAL DHURVEY,Mandla,NARAYANGANJ,"23421309711, Govt. HSS BABALIYA",प्रतिभागी,शिक्षक
BP3747,Sushil Kumar Maravi,Mandla,NARAYANGANJ,"23421307205, GOVT. HSS MANGALGANJ EPES_1_12",प्रतिभागी,शिक्षक
BQ1445,Chain Singh Maravi,Mandla,NARAYANGANJ,"23421307205, GOVT. HSS MANGALGANJ EPES_1_12",प्रतिभागी,शिक्षक
BQ3939,Rajendra Kumar Maravi,Mandla,NARAYANGANJ,"23421307205, GOVT. HSS MANGALGANJ EPES_1_12",प्रतिभागी,शिक्षक
AP6552,Rajusingh Ureti,Mandla,NARAYANGANJ,"23421309804, GOVT. HS GIRLS BARBATI EPES_1_10",प्रतिभागी,शिक्षक
AQ3024,Ghinwa Singh Kulaste,Mandla,NARAYANGANJ,"23421309804, GOVT. HS GIRLS BARBATI EPES_1_10",प्रतिभागी,शिक्षक
BU9980,Mansaram Ram Bhartiya,Mandla,NARAYANGANJ,"23421309804, GOVT. HS GIRLS BARBATI EPES_1_10",प्रतिभागी,शिक्षक
BV2133,Rameshwar Sahu,Mandla,NARAYANGANJ,"23421309804, GOVT. HS GIRLS BARBATI EPES_1_10",प्रतिभागी,शिक्षक
CA6479,VEERENDRA BHARTIYA,Mandla,NARAYANGANJ,"23421301605, GOVT. HS MANEGAON EPES_1_10",प्रतिभागी,शिक्षक
CF4161,GANESH PANDRO,Mandla,NARAYANGANJ,"23421301605, GOVT. HS MANEGAON EPES_1_10",प्रतिभागी,शिक्षक
CF4222,TEERATH MARKAM,Mandla,NARAYANGANJ,"23421301605, GOVT. HS MANEGAON EPES_1_10",प्रतिभागी,शिक्षक
AP8683,Ram Bai Maravi,Mandla,NIWAS,"23421211002, Govt. HSS EXCELLENCE NIWAS",प्रतिभागी,शिक्षक
AP8775,Tarendre Mohan Upadhyaya,Mandla,NIWAS,"23421211002, Govt. HSS EXCELLENCE NIWAS",प्रतिभागी,सीएसी
BS9870,Aarti Gautam,Mandla,NIWAS,"23421211002, Govt. HSS EXCELLENCE NIWAS",प्रतिभागी,शिक्षक
BU2611,Swapnesh Tiwari,Mandla,NIWAS,"23421211002, Govt. HSS EXCELLENCE NIWAS",प्रतिभागी,शिक्षक
CC7378,GATHA JAIN,Mandla,NIWAS,"23421211002, Govt. HSS EXCELLENCE NIWAS",प्रतिभागी,शिक्षक
CE7374,DEVENDRA KUMAR,Mandla,NIWAS,"23421211002, Govt. HSS EXCELLENCE NIWAS",प्रतिभागी,शिक्षक
BQ9927,Puneet Kamal Maravi,Mandla,NIWAS,"23421206607, Govt. HSS PIPARIYA",प्रतिभागी,शिक्षक
CE2557,SUBHASH MARSKOLE,Mandla,NIWAS,"23421206607, Govt. HSS PIPARIYA",प्रतिभागी,शिक्षक
AP8621,Punna Lal Dhurwey,Mandla,NIWAS,"23421201804, GOVT. HSS HATHITARA EPES_1_12",प्रतिभागी,शिक्षक
CA1934,Omprakash Tekam,Mandla,NIWAS,"23421201804, GOVT. HSS HATHITARA EPES_1_12",प्रतिभागी,शिक्षक
BR4015,Shivkumari Marko,Mandla,NIWAS,"23421205405, GOVT. HSS AMGAWAN EPES_1_12",प्रतिभागी,शिक्षक
CE7615,RAKESH GOUND,Mandla,NIWAS,"23421205405, GOVT. HSS AMGAWAN EPES_1_12",प्रतिभागी,शिक्षक
AQ7405,Radha Tiwari,Mandsaur,BHANPURA,"23190102117, GOVT. HSS BABULDA",प्रतिभागी,शिक्षक
BU4446,Ravi Raj Rathore,Mandsaur,BHANPURA,"23190102117, GOVT. HSS BABULDA",प्रतिभागी,शिक्षक
BV4767,Pawan Kumar,Mandsaur,BHANPURA,"23190102117, GOVT. HSS BABULDA",प्रतिभागी,शिक्षक
BX2466,Mahesh Kumar Ahir,Mandsaur,BHANPURA,"23190102117, GOVT. HSS BABULDA",प्रतिभागी,शिक्षक
AQ7353,Arti Dhanotiya,Mandsaur,BHANPURA,"23190105944, GOVT. HSS GIRLS BHANPURA",प्रतिभागी,शिक्षक
AV1233,Snehlata Khinchi,Mandsaur,BHANPURA,"23190105944, GOVT. HSS GIRLS BHANPURA",प्रतिभागी,शिक्षक
BR3624,Mahesh Kumar Vishvkarma,Mandsaur,BHANPURA,"23190105944, GOVT. HSS GIRLS BHANPURA",प्रतिभागी,शिक्षक
BY5978,Sangeeta Kumari Dhaker,Mandsaur,BHANPURA,"23190105944, GOVT. HSS GIRLS BHANPURA",प्रतिभागी,शिक्षक
AQ9433,Mayank Kumar Soni,Mandsaur,BHANPURA,"23190106026, GOVT. HSS BOYS BHENSODA",प्रतिभागी,शिक्षक
AQ9435,Rafik Mohammad,Mandsaur,BHANPURA,"23190106026, GOVT. HSS BOYS BHENSODA",प्रतिभागी,शिक्षक
BA6352,Shashi Kla Jangid,Mandsaur,BHANPURA,"23190106026, GOVT. HSS BOYS BHENSODA",प्रतिभागी,शिक्षक
BU6903,Ramchandra Patidar,Mandsaur,BHANPURA,"23190106026, GOVT. HSS BOYS BHENSODA",प्रतिभागी,शिक्षक
BX6083,Madhu Sudan Bhawasar,Mandsaur,BHANPURA,"23190106026, GOVT. HSS BOYS BHENSODA",प्रतिभागी,शिक्षक
BX7929,Lalit Kumar Rathore,Mandsaur,BHANPURA,"23190106026, GOVT. HSS BOYS BHENSODA",प्रतिभागी,शिक्षक
BZ1655,Jagdish Prajapati,Mandsaur,BHANPURA,"23190106026, GOVT. HSS BOYS BHENSODA",प्रतिभागी,शिक्षक
AQ6129,Suresh Kumar Suman,Mandsaur,BHANPURA,"23190104115, GOVT. HSS DHABLA MADHOSINGH",प्रतिभागी,शिक्षक
BA3217,Tushar Choudhary,Mandsaur,BHANPURA,"23190104115, GOVT. HSS DHABLA MADHOSINGH",प्रतिभागी,शिक्षक
BW6828,Ila Chaturvedi,Mandsaur,BHANPURA,"23190104115, GOVT. HSS DHABLA MADHOSINGH",प्रतिभागी,शिक्षक
BX2061,Dinesh Kumar Sharma,Mandsaur,BHANPURA,"23190104115, GOVT. HSS DHABLA MADHOSINGH",प्रतिभागी,शिक्षक
BX2064,Kanhaiyalal Dhakad,Mandsaur,BHANPURA,"23190104115, GOVT. HSS DHABLA MADHOSINGH",प्रतिभागी,शिक्षक
CB3184,DILIP KUMAR DALODIYA,Mandsaur,BHANPURA,"23190104115, GOVT. HSS DHABLA MADHOSINGH",प्रतिभागी,शिक्षक
CB3817,SACHIN KUMAR,Mandsaur,BHANPURA,"23190104115, GOVT. HSS DHABLA MADHOSINGH",प्रतिभागी,शिक्षक
CC8672,NEERAJ SUMAN,Mandsaur,BHANPURA,"23190104115, GOVT. HSS DHABLA MADHOSINGH",प्रतिभागी,शिक्षक
BW4870,Vijay Bagdiya,Mandsaur,BHANPURA,"23190108717, GOVT. HSS GANDHISAGAR",प्रतिभागी,शिक्षक
CD2755,KAMLESH KUMAR,Mandsaur,BHANPURA,"23190108717, GOVT. HSS GANDHISAGAR",प्रतिभागी,शिक्षक
CD3691,VAIBHAV SHARMA,Mandsaur,BHANPURA,"23190108717, GOVT. HSS GANDHISAGAR",प्रतिभागी,शिक्षक
AQ9432,Dushyant Raj Patidar,Mandsaur,BHANPURA,"23190105945, GOVT. HSS EXCELLENCE BHANPURA",प्रतिभागी,शिक्षक
BS8051,Modulal Dangi,Mandsaur,BHANPURA,"23190105945, GOVT. HSS EXCELLENCE BHANPURA",प्रतिभागी,शिक्षक
BZ7452,Satyanarayan Chaupdar,Mandsaur,BHANPURA,"23190105945, GOVT. HSS EXCELLENCE BHANPURA",प्रतिभागी,शिक्षक
AQ6972,Pradeep Kumar Vyas,Mandsaur,GAROTH,"23190213227, GOVT. HSS GIRLS, GAROTH",प्रतिभागी,शिक्षक
AQ6973,Ashok Kumar Vyas,Mandsaur,GAROTH,"23190213227, GOVT. HSS GIRLS, GAROTH",प्रतिभागी,सीएसी
AQ6989,Chandra Shekhar Sharma,Mandsaur,GAROTH,"23190213227, GOVT. HSS GIRLS, GAROTH",प्रतिभागी,शिक्षक
AQ7000,Seema Mishra,Mandsaur,GAROTH,"23190213227, GOVT. HSS GIRLS, GAROTH",प्रतिभागी,शिक्षक
BS9546,Shiv Kumar,Mandsaur,GAROTH,"23190213227, GOVT. HSS GIRLS, GAROTH",प्रतिभागी,शिक्षक
BU3508,Surendra Kumar Parihar,Mandsaur,GAROTH,"23190213227, GOVT. HSS GIRLS, GAROTH",प्रतिभागी,शिक्षक
BW4806,Anusuiya Gautam,Mandsaur,GAROTH,"23190213227, GOVT. HSS GIRLS, GAROTH",प्रतिभागी,शिक्षक
BZ5376,Durga Lal,Mandsaur,GAROTH,"23190213227, GOVT. HSS GIRLS, GAROTH",प्रतिभागी,शिक्षक
CA8542,DIPAK KATHIRYA,Mandsaur,GAROTH,"23190213227, GOVT. HSS GIRLS, GAROTH",प्रतिभागी,शिक्षक
AD4535,Babulal Prajapat,Mandsaur,GAROTH,"23190204809, GOVT. HSS KHADAWADA",प्रतिभागी,सीएसी
AQ6866,Nandlal Dhangar,Mandsaur,GAROTH,"23190204809, GOVT. HSS KHADAWADA",प्रतिभागी,शिक्षक
AQ7068,Indira Vaishnava,Mandsaur,GAROTH,"23190204809, GOVT. HSS KHADAWADA",प्रतिभागी,शिक्षक
AQ7072,Shashi Bairagi,Mandsaur,GAROTH,"23190204809, GOVT. HSS KHADAWADA",प्रतिभागी,शिक्षक
AQ7082,Ram Lal Rawat,Mandsaur,GAROTH,"23190204809, GOVT. HSS KHADAWADA",प्रतिभागी,शिक्षक
AQ7091,Santosh Baghela,Mandsaur,GAROTH,"23190204809, GOVT. HSS KHADAWADA",प्रतिभागी,शिक्षक
AQ7084,Ramesh Chandra Gupta,Mandsaur,GAROTH,"23190203212, GOVT. HSS SATHKHEDA",प्रतिभागी,शिक्षक
BW3080,Durga Shankar Prajapati,Mandsaur,GAROTH,"23190203212, GOVT. HSS SATHKHEDA",प्रतिभागी,शिक्षक
BW3190,Dinesh Kumar Ralotiya,Mandsaur,GAROTH,"23190203212, GOVT. HSS SATHKHEDA",प्रतिभागी,शिक्षक
BX1181,Kamal Singh,Mandsaur,GAROTH,"23190203212, GOVT. HSS SATHKHEDA",प्रतिभागी,शिक्षक
BY2546,Sitendra Singh Chouhan,Mandsaur,GAROTH,"23190203212, GOVT. HSS SATHKHEDA",प्रतिभागी,शिक्षक
BU5272,Pradeep Kumar Soni,Mandsaur,GAROTH,"23190203509, GOVT. HS BARKHEDA GANGASA",प्रतिभागी,शिक्षक
AQ7712,Anuradha Mishra,Mandsaur,GAROTH,"23190206617, GOVT. HSS BOLIYA",प्रतिभागी,शिक्षक
AQ8882,Prakash Chandra,Mandsaur,GAROTH,"23190206617, GOVT. HSS BOLIYA",प्रतिभागी,शिक्षक
BW5629,Sumitra Kumari,Mandsaur,GAROTH,"23190206617, GOVT. HSS BOLIYA",प्रतिभागी,शिक्षक
BX3947,Sarvottam Sushil,Mandsaur,GAROTH,"23190206617, GOVT. HSS BOLIYA",प्रतिभागी,शिक्षक
BX3952,Tripti Bhatt,Mandsaur,GAROTH,"23190206617, GOVT. HSS BOLIYA",प्रतिभागी,शिक्षक
BY4741,Suresh Chandra Chouhan,Mandsaur,GAROTH,"23190206617, GOVT. HSS BOLIYA",प्रतिभागी,शिक्षक
BZ8862,Rajkumar Prajapat,Mandsaur,GAROTH,"23190206617, GOVT. HSS BOLIYA",प्रतिभागी,शिक्षक
CA9691,KANHYA NAGAR,Mandsaur,GAROTH,"23190206617, GOVT. HSS BOLIYA",प्रतिभागी,शिक्षक
AQ5529,Ramgopal Gupta,Mandsaur,GAROTH,"23190216933, GOVT. HSS GIRLS, SHAMGARH",प्रतिभागी,शिक्षक
AQ7354,Satyanarayan Taraj,Mandsaur,GAROTH,"23190216933, GOVT. HSS GIRLS, SHAMGARH",प्रतिभागी,शिक्षक
AQ7436,Guman Singh,Mandsaur,GAROTH,"23190216933, GOVT. HSS GIRLS, SHAMGARH",प्रतिभागी,शिक्षक
AQ7439,Farhat Bano,Mandsaur,GAROTH,"23190216933, GOVT. HSS GIRLS, SHAMGARH",प्रतिभागी,शिक्षक
AQ8470,Chunnilal Kachhawa,Mandsaur,GAROTH,"23190216933, GOVT. HSS GIRLS, SHAMGARH",प्रतिभागी,शिक्षक
BQ3835,Mukesh Dhanotiya,Mandsaur,GAROTH,"23190216933, GOVT. HSS GIRLS, SHAMGARH",प्रतिभागी,शिक्षक
BS9251,Seema Mehar,Mandsaur,GAROTH,"23190216933, GOVT. HSS GIRLS, SHAMGARH",प्रतिभागी,शिक्षक
BU3131,Preeti Malviya,Mandsaur,GAROTH,"23190216933, GOVT. HSS GIRLS, SHAMGARH",प्रतिभागी,शिक्षक
BV4028,Kaluram Borana,Mandsaur,GAROTH,"23190216933, GOVT. HSS GIRLS, SHAMGARH",प्रतिभागी,शिक्षक
BW8104,Dilip Gehlot,Mandsaur,GAROTH,"23190216933, GOVT. HSS GIRLS, SHAMGARH",प्रतिभागी,शिक्षक
BY9167,Kalpana Bardeja,Mandsaur,GAROTH,"23190216933, GOVT. HSS GIRLS, SHAMGARH",प्रतिभागी,शिक्षक
BY9292,Jyoti Parmar,Mandsaur,GAROTH,"23190216933, GOVT. HSS GIRLS, SHAMGARH",प्रतिभागी,शिक्षक
AQ4949,Prakash Chandra Enam,Mandsaur,GAROTH,"23190209910, GOVT. HSS HATUNIYA (GAROTH)",प्रतिभागी,शिक्षक
AQ6864,Kailashchandra Prajapati,Mandsaur,GAROTH,"23190209910, GOVT. HSS HATUNIYA (GAROTH)",प्रतिभागी,शिक्षक
AQ9535,Ramsingh Chandrawat,Mandsaur,GAROTH,"23190209910, GOVT. HSS HATUNIYA (GAROTH)",प्रतिभागी,शिक्षक
BT9676,Ramesh Chandra Bamniya,Mandsaur,GAROTH,"23190209910, GOVT. HSS HATUNIYA (GAROTH)",प्रतिभागी,शिक्षक
AQ6080,Radheshyam Rathour,Mandsaur,GAROTH,"23190210611, GOVT. HSS CHANDWASA",प्रतिभागी,शिक्षक
BV5917,Satyanarayan Prajapat,Mandsaur,GAROTH,"23190210611, GOVT. HSS CHANDWASA",प्रतिभागी,शिक्षक
AQ6821,Kamlesh Kumar Sisodiya,Mandsaur,GAROTH,"23190216606, GOVT. HS KHAJURIPANTH",प्रतिभागी,शिक्षक
BQ2266,Vishnu Prasad Vyas,Mandsaur,GAROTH,"23190216606, GOVT. HS KHAJURIPANTH",प्रतिभागी,शिक्षक
BW8000,Manohar Lal Carpenter,Mandsaur,GAROTH,"23190216606, GOVT. HS KHAJURIPANTH",प्रतिभागी,शिक्षक
AQ5588,Rajeshrao Jadav,Mandsaur,MALHARGARH,"23190402330, GOVT. HSS EXCELLENCE, MALHARGARH",प्रतिभागी,शिक्षक
AQ6708,Sangita Patidar,Mandsaur,MALHARGARH,"23190402330, GOVT. HSS EXCELLENCE, MALHARGARH",प्रतिभागी,शिक्षक
AQ7235,Vijay Laxmi Yadav,Mandsaur,MALHARGARH,"23190402330, GOVT. HSS EXCELLENCE, MALHARGARH",प्रतिभागी,शिक्षक
AQ8035,Dilip Kumar Jain,Mandsaur,MALHARGARH,"23190402330, GOVT. HSS EXCELLENCE, MALHARGARH",प्रतिभागी,शिक्षक
AQ8039,Najama Khan,Mandsaur,MALHARGARH,"23190402330, GOVT. HSS EXCELLENCE, MALHARGARH",प्रतिभागी,शिक्षक
BR1292,Premlata Panwar,Mandsaur,MALHARGARH,"23190402330, GOVT. HSS EXCELLENCE, MALHARGARH",प्रतिभागी,शिक्षक
BU2739,Reshma Rathor,Mandsaur,MALHARGARH,"23190402330, GOVT. HSS EXCELLENCE, MALHARGARH",प्रतिभागी,शिक्षक
BV5738,Nilesh Kumar Bairagi,Mandsaur,MALHARGARH,"23190402330, GOVT. HSS EXCELLENCE, MALHARGARH",प्रतिभागी,शिक्षक
AQ7140,Gopal Sharma,Mandsaur,MALHARGARH,"23190401818, GOVT. BOYS HSS NARAYANGARH",प्रतिभागी,शिक्षक
AS7757,Lokendra Singh Dewda,Mandsaur,MALHARGARH,"23190401818, GOVT. BOYS HSS NARAYANGARH",प्रतिभागी,शिक्षक
BY2984,Mohammad Siraj Mansuri,Mandsaur,MALHARGARH,"23190401818, GOVT. BOYS HSS NARAYANGARH",प्रतिभागी,शिक्षक
AQ5595,Ramniwas Dahana,Mandsaur,MALHARGARH,"23190411709, GOVT. HSS SANJEET",प्रतिभागी,शिक्षक
AQ6225,LALITA SISODIYA,Mandsaur,MALHARGARH,"23190411709, GOVT. HSS SANJEET",प्रतिभागी,शिक्षक
BI4564,Vinod Kumar Patidar,Mandsaur,MALHARGARH,"23190411709, GOVT. HSS SANJEET",प्रतिभागी,शिक्षक
BT2331,Dilip Kumar Moti,Mandsaur,MALHARGARH,"23190411709, GOVT. HSS SANJEET",प्रतिभागी,शिक्षक
AQ4165,Hemlata Solanki,Mandsaur,MALHARGARH,"23190402626, GOVT. HSS BOYS, PIPLIYA STATION",प्रतिभागी,शिक्षक
AQ4809,Varsha Patidar,Mandsaur,MALHARGARH,"23190402626, GOVT. HSS BOYS, PIPLIYA STATION",प्रतिभागी,शिक्षक
AQ5624,Devilal Varma,Mandsaur,MALHARGARH,"23190402626, GOVT. HSS BOYS, PIPLIYA STATION",प्रतिभागी,शिक्षक
AQ7272,Mohd.Yusuf Khan Zaidi,Mandsaur,MALHARGARH,"23190402626, GOVT. HSS BOYS, PIPLIYA STATION",प्रतिभागी,शिक्षक
AS5363,Mamta Carpenter,Mandsaur,MALHARGARH,"23190402626, GOVT. HSS BOYS, PIPLIYA STATION",प्रतिभागी,शिक्षक
AS7276,Viram Singh Shaktawat,Mandsaur,MALHARGARH,"23190402626, GOVT. HSS BOYS, PIPLIYA STATION",प्रतिभागी,शिक्षक
BR6801,Anil Kumar Dhnotiya,Mandsaur,MALHARGARH,"23190402626, GOVT. HSS BOYS, PIPLIYA STATION",प्रतिभागी,शिक्षक
BU4321,Vinay Kumar Borana,Mandsaur,MALHARGARH,"23190402626, GOVT. HSS BOYS, PIPLIYA STATION",प्रतिभागी,शिक्षक
AQ3852,Vinaykunwar Chandrawat,Mandsaur,MALHARGARH,"23190416111, GOVT. HS DAURWADA",प्रतिभागी,शिक्षक
AQ4839,Prem Kunwar,Mandsaur,MALHARGARH,"23190416111, GOVT. HS DAURWADA",प्रतिभागी,शिक्षक
AQ4884,Rakesh Parsai,Mandsaur,MALHARGARH,"23190416111, GOVT. HS DAURWADA",प्रतिभागी,शिक्षक
AQ5561,Bal Mukund Madariya,Mandsaur,MALHARGARH,"23190416111, GOVT. HS DAURWADA",प्रतिभागी,शिक्षक
AQ5671,Manohar Singh Parihar,Mandsaur,MALHARGARH,"23190416111, GOVT. HS DAURWADA",प्रतिभागी,शिक्षक
AQ6419,Chen Singh,Mandsaur,MALHARGARH,"23190416111, GOVT. HS DAURWADA",प्रतिभागी,शिक्षक
AQ7301,Sunil Kumar Rathor,Mandsaur,MALHARGARH,"23190416111, GOVT. HS DAURWADA",प्रतिभागी,शिक्षक
BW2331,Sweta Jain,Mandsaur,MALHARGARH,"23190416111, GOVT. HS DAURWADA",प्रतिभागी,शिक्षक
BW8273,Farida Begam,Mandsaur,MALHARGARH,"23190416111, GOVT. HS DAURWADA",प्रतिभागी,शिक्षक
BX5933,Rajendra Singh Jhala,Mandsaur,MALHARGARH,"23190416111, GOVT. HS DAURWADA",प्रतिभागी,शिक्षक
BX6090,Dashrath Malviya,Mandsaur,MALHARGARH,"23190416111, GOVT. HS DAURWADA",प्रतिभागी,शिक्षक
AQ7622,Laxmi Shaktawat,Mandsaur,MALHARGARH,"23190405410, GOVT. HSS BALAGUDA",प्रतिभागी,शिक्षक
AS8187,Shivkanya Patidar,Mandsaur,MALHARGARH,"23190405410, GOVT. HSS BALAGUDA",प्रतिभागी,शिक्षक
AQ4827,Amar Singh Solanki,Mandsaur,MALHARGARH,"23190408815, GOVT.HSS BOYS. BUDHA",प्रतिभागी,शिक्षक
AQ7726,Gaurav Sharma,Mandsaur,MALHARGARH,"23190408815, GOVT.HSS BOYS. BUDHA",प्रतिभागी,सीएसी
AS5707,Rakesh Kumar,Mandsaur,MALHARGARH,"23190408815, GOVT.HSS BOYS. BUDHA",प्रतिभागी,शिक्षक
BT2330,Kantilal Patidar,Mandsaur,MALHARGARH,"23190408815, GOVT.HSS BOYS. BUDHA",प्रतिभागी,शिक्षक
BT8185,Rajendra Singh Chouhan,Mandsaur,MALHARGARH,"23190408815, GOVT.HSS BOYS. BUDHA",प्रतिभागी,शिक्षक
BX2971,Lal Singh Kachhava,Mandsaur,MALHARGARH,"23190408815, GOVT.HSS BOYS. BUDHA",प्रतिभागी,शिक्षक
BX3673,Arjun Kumar,Mandsaur,MALHARGARH,"23190408815, GOVT.HSS BOYS. BUDHA",प्रतिभागी,शिक्षक
BX3880,Gopal Parmar,Mandsaur,MALHARGARH,"23190408815, GOVT.HSS BOYS. BUDHA",प्रतिभागी,शिक्षक
BZ6411,Harish Patidar,Mandsaur,MALHARGARH,"23190408815, GOVT.HSS BOYS. BUDHA",प्रतिभागी,शिक्षक
CA9036,VIJESH PATIDAR,Mandsaur,MALHARGARH,"23190408815, GOVT.HSS BOYS. BUDHA",प्रतिभागी,शिक्षक
AQ3919,Vinay Hupele,Mandsaur,MANDSAUR,"23190623747, GOVT. HSS BOYS, NO. 2 MANDSAUR",प्रतिभागी,शिक्षक
AQ4254,Karulal Suroliya,Mandsaur,MANDSAUR,"23190623747, GOVT. HSS BOYS, NO. 2 MANDSAUR",प्रतिभागी,शिक्षक
AQ4341,Shyam Sundri Raizada,Mandsaur,MANDSAUR,"23190623747, GOVT. HSS BOYS, NO. 2 MANDSAUR",प्रतिभागी,शिक्षक
AQ5049,Sona Arya,Mandsaur,MANDSAUR,"23190623747, GOVT. HSS BOYS, NO. 2 MANDSAUR",प्रतिभागी,शिक्षक
AQ6409,Kailash Chandra Rathour,Mandsaur,MANDSAUR,"23190623747, GOVT. HSS BOYS, NO. 2 MANDSAUR",प्रतिभागी,शिक्षक
AQ6428,Rekha Bagherwal,Mandsaur,MANDSAUR,"23190623747, GOVT. HSS BOYS, NO. 2 MANDSAUR",प्रतिभागी,शिक्षक
AQ6450,Roshan Sharma,Mandsaur,MANDSAUR,"23190623747, GOVT. HSS BOYS, NO. 2 MANDSAUR",प्रतिभागी,शिक्षक
AQ7209,Nivedita Nahar,Mandsaur,MANDSAUR,"23190623747, GOVT. HSS BOYS, NO. 2 MANDSAUR",प्रतिभागी,शिक्षक
AQ7298,Mahipal Singh Tomar,Mandsaur,MANDSAUR,"23190623747, GOVT. HSS BOYS, NO. 2 MANDSAUR",प्रतिभागी,शिक्षक
AQ7595,Jyoti Goyal,Mandsaur,MANDSAUR,"23190623747, GOVT. HSS BOYS, NO. 2 MANDSAUR",प्रतिभागी,शिक्षक
AQ7831,Farzan Ulhaq Ansari,Mandsaur,MANDSAUR,"23190623747, GOVT. HSS BOYS, NO. 2 MANDSAUR",प्रतिभागी,शिक्षक
AQ7833,Aradhana Verma,Mandsaur,MANDSAUR,"23190623747, GOVT. HSS BOYS, NO. 2 MANDSAUR",प्रतिभागी,शिक्षक
AQ7836,Mirdula Malviya,Mandsaur,MANDSAUR,"23190623747, GOVT. HSS BOYS, NO. 2 MANDSAUR",प्रतिभागी,शिक्षक
AQ8999,Rampal Singh Devara,Mandsaur,MANDSAUR,"23190623747, GOVT. HSS BOYS, NO. 2 MANDSAUR",प्रतिभागी,शिक्षक
AQ9320,Anil Kumar Purohit,Mandsaur,MANDSAUR,"23190623747, GOVT. HSS BOYS, NO. 2 MANDSAUR",प्रतिभागी,शिक्षक
BP9260,Rashmi Gupta,Mandsaur,MANDSAUR,"23190623747, GOVT. HSS BOYS, NO. 2 MANDSAUR",प्रतिभागी,शिक्षक
BX5156,Hemlata Dewda,Mandsaur,MANDSAUR,"23190623747, GOVT. HSS BOYS, NO. 2 MANDSAUR",प्रतिभागी,शिक्षक
AQ3900,Asha Mehta,Mandsaur,MANDSAUR,"23190623748, GOVT. HSS GIRLS, MANDSAUR",प्रतिभागी,शिक्षक
AQ4441,Basanti Patidar,Mandsaur,MANDSAUR,"23190623748, GOVT. HSS GIRLS, MANDSAUR",प्रतिभागी,शिक्षक
AQ5023,Rekha Shrivastava,Mandsaur,MANDSAUR,"23190623748, GOVT. HSS GIRLS, MANDSAUR",प्रतिभागी,शिक्षक
AQ6439,Ranjna Devra,Mandsaur,MANDSAUR,"23190623748, GOVT. HSS GIRLS, MANDSAUR",प्रतिभागी,शिक्षक
AQ6440,Tamjida Ansari,Mandsaur,MANDSAUR,"23190623748, GOVT. HSS GIRLS, MANDSAUR",प्रतिभागी,शिक्षक
AQ6448,Amita Joshi,Mandsaur,MANDSAUR,"23190623748, GOVT. HSS GIRLS, MANDSAUR",प्रतिभागी,शिक्षक
AQ6602,Rekha Rathore,Mandsaur,MANDSAUR,"23190623748, GOVT. HSS GIRLS, MANDSAUR",प्रतिभागी,शिक्षक
AS7970,Kishor Patidar,Mandsaur,MANDSAUR,"23190623748, GOVT. HSS GIRLS, MANDSAUR",प्रतिभागी,शिक्षक
BJ9500,Rajendra Kumar Sharma,Mandsaur,MANDSAUR,"23190623748, GOVT. HSS GIRLS, MANDSAUR",प्रतिभागी,शिक्षक
BR2964,Rashmi Sharma,Mandsaur,MANDSAUR,"23190623748, GOVT. HSS GIRLS, MANDSAUR",प्रतिभागी,शिक्षक
BW1982,Megha Vapta,Mandsaur,MANDSAUR,"23190623748, GOVT. HSS GIRLS, MANDSAUR",प्रतिभागी,शिक्षक
CA8567,DEEPIKA RATHORE,Mandsaur,MANDSAUR,"23190623748, GOVT. HSS GIRLS, MANDSAUR",प्रतिभागी,शिक्षक
CA8888,KARUNENDRA RAMAWAT,Mandsaur,MANDSAUR,"23190623748, GOVT. HSS GIRLS, MANDSAUR",प्रतिभागी,शिक्षक
CC2227,MINAKSHI MALVIY,Mandsaur,MANDSAUR,"23190623748, GOVT. HSS GIRLS, MANDSAUR",प्रतिभागी,शिक्षक
AQ4841,Bindiya Chouhan,Mandsaur,MANDSAUR,"23190623746, GOVT. HSS GIRLS, BALAGUNJ  MANDSAUR",प्रतिभागी,शिक्षक
AQ5108,Ajay Kumar Chelawat,Mandsaur,MANDSAUR,"23190623746, GOVT. HSS GIRLS, BALAGUNJ  MANDSAUR",प्रतिभागी,शिक्षक
AQ5727,Vishal Sharma,Mandsaur,MANDSAUR,"23190623746, GOVT. HSS GIRLS, BALAGUNJ  MANDSAUR",प्रतिभागी,शिक्षक
AQ6429,Anil Patidar,Mandsaur,MANDSAUR,"23190623746, GOVT. HSS GIRLS, BALAGUNJ  MANDSAUR",प्रतिभागी,शिक्षक
BQ5357,Pooja Gupta,Mandsaur,MANDSAUR,"23190623746, GOVT. HSS GIRLS, BALAGUNJ  MANDSAUR",प्रतिभागी,शिक्षक
BW2304,Kalpana Rathore,Mandsaur,MANDSAUR,"23190623746, GOVT. HSS GIRLS, BALAGUNJ  MANDSAUR",प्रतिभागी,शिक्षक
CC2307,BRIJPAL SISODIYA,Mandsaur,MANDSAUR,"23190623746, GOVT. HSS GIRLS, BALAGUNJ  MANDSAUR",प्रतिभागी,शिक्षक
CE1878,ALKA KHATVAD,Mandsaur,MANDSAUR,"23190623746, GOVT. HSS GIRLS, BALAGUNJ  MANDSAUR",प्रतिभागी,शिक्षक
AQ4164,Niranjan Singh Rajput,Mandsaur,MANDSAUR,"23190612824, GOVT. HSS DALAUDA STATION",प्रतिभागी,शिक्षक
AQ6451,Teena Gunawat,Mandsaur,MANDSAUR,"23190612824, GOVT. HSS DALAUDA STATION",प्रतिभागी,शिक्षक
BO6389,CHARANJEET PANWAR,Mandsaur,MANDSAUR,"23190612824, GOVT. HSS DALAUDA STATION",प्रतिभागी,शिक्षक
BQ9276,Nand Kishore Kumawat,Mandsaur,MANDSAUR,"23190612824, GOVT. HSS DALAUDA STATION",प्रतिभागी,शिक्षक
BX3671,Swati Verma,Mandsaur,MANDSAUR,"23190612824, GOVT. HSS DALAUDA STATION",प्रतिभागी,शिक्षक
BX5153,Nisha Soni,Mandsaur,MANDSAUR,"23190612824, GOVT. HSS DALAUDA STATION",प्रतिभागी,शिक्षक
AQ6594,Gunwant Jain,Mandsaur,MANDSAUR,"23190618207, GOVT. HSS KARJU",प्रतिभागी,शिक्षक
AQ9009,Dharmesh Kumar Gour,Mandsaur,MANDSAUR,"23190618207, GOVT. HSS KARJU",प्रतिभागी,शिक्षक
AQ3944,Aarti Mehta,Mandsaur,MANDSAUR,"23190612307, GOVT. HSS DHAMNAR",प्रतिभागी,शिक्षक
AQ4480,Shantilal Verma,Mandsaur,MANDSAUR,"23190612307, GOVT. HSS DHAMNAR",प्रतिभागी,शिक्षक
AQ7805,Omprakash Gargama,Mandsaur,MANDSAUR,"23190612307, GOVT. HSS DHAMNAR",प्रतिभागी,शिक्षक
AQ7876,Gopal Kathiriya,Mandsaur,MANDSAUR,"23190612307, GOVT. HSS DHAMNAR",प्रतिभागी,शिक्षक
AQ4113,Gopal Katariya,Mandsaur,MANDSAUR,"23190618708, GOVT. HSS  KUNCHROD",प्रतिभागी,शिक्षक
AQ6431,Sunil Bakariya,Mandsaur,MANDSAUR,"23190608206, GOVT. HSS GURJAR BARDIYA",प्रतिभागी,शिक्षक
AQ8667,Kusum Pandey,Mandsaur,MANDSAUR,"23190608206, GOVT. HSS GURJAR BARDIYA",प्रतिभागी,शिक्षक
AQ8675,Ashish Choudhary,Mandsaur,MANDSAUR,"23190608206, GOVT. HSS GURJAR BARDIYA",प्रतिभागी,शिक्षक
AQ9078,Nirbhay Shukla,Mandsaur,MANDSAUR,"23190608206, GOVT. HSS GURJAR BARDIYA",प्रतिभागी,शिक्षक
BQ5187,Dinesh Kumar Sharma,Mandsaur,MANDSAUR,"23190608206, GOVT. HSS GURJAR BARDIYA",प्रतिभागी,शिक्षक
BU9155,Ramniwas Gorana,Mandsaur,MANDSAUR,"23190608206, GOVT. HSS GURJAR BARDIYA",प्रतिभागी,शिक्षक
AQ4118,Fateh Singh,Mandsaur,MANDSAUR,"23190607805, GOVT. HSS DIGAONMALI",प्रतिभागी,शिक्षक
AQ5109,Chiman Lal Patidar,Mandsaur,MANDSAUR,"23190607805, GOVT. HSS DIGAONMALI",प्रतिभागी,शिक्षक
AQ6227,Nabi Noor Ahamad,Mandsaur,MANDSAUR,"23190607805, GOVT. HSS DIGAONMALI",प्रतिभागी,शिक्षक
AS8364,Dilip Singh Parihar,Mandsaur,MANDSAUR,"23190607805, GOVT. HSS DIGAONMALI",प्रतिभागी,शिक्षक
BT2552,Shashikala Paladiya,Mandsaur,MANDSAUR,"23190607805, GOVT. HSS DIGAONMALI",प्रतिभागी,शिक्षक
BU3449,Mukesh Ahirwar,Mandsaur,MANDSAUR,"23190607805, GOVT. HSS DIGAONMALI",प्रतिभागी,शिक्षक
CB5784,BAPULAL SOLANKI,Mandsaur,MANDSAUR,"23190607805, GOVT. HSS DIGAONMALI",प्रतिभागी,शिक्षक
CE9411,POOJA PALIWAL,Mandsaur,MANDSAUR,"23190607805, GOVT. HSS DIGAONMALI",प्रतिभागी,शिक्षक
AQ7557,Dinesh Thakur,Mandsaur,MANDSAUR,"23190614508, GOVT. HSS BEHPUR",प्रतिभागी,शिक्षक
AQ7804,Meghraj Singh Rathore,Mandsaur,MANDSAUR,"23190614508, GOVT. HSS BEHPUR",प्रतिभागी,शिक्षक
AQ7829,Pradeep Panwar,Mandsaur,MANDSAUR,"23190614508, GOVT. HSS BEHPUR",प्रतिभागी,शिक्षक
AQ6454,Juzar Lal Chouhan,Mandsaur,MANDSAUR,"23190608609, GOVT. HSS AFJALPUR",प्रतिभागी,शिक्षक
AQ8355,Mansingh Kharadi,Mandsaur,MANDSAUR,"23190608609, GOVT. HSS AFJALPUR",प्रतिभागी,शिक्षक
AQ9070,Ranveer Singh Rathore,Mandsaur,MANDSAUR,"23190608609, GOVT. HSS AFJALPUR",प्रतिभागी,शिक्षक
BI6359,Ramlal Gurjar,Mandsaur,MANDSAUR,"23190608609, GOVT. HSS AFJALPUR",प्रतिभागी,शिक्षक
AQ5767,Narayan Chouhan,Mandsaur,SITAMAU,"23190818734, GOVT. HSS GIRLS, SITAMAU",प्रतिभागी,शिक्षक
AQ8334,Dinesh Kumar Chouhan,Mandsaur,SITAMAU,"23190818734, GOVT. HSS GIRLS, SITAMAU",प्रतिभागी,शिक्षक
AQ8336,Archana Vyas,Mandsaur,SITAMAU,"23190818734, GOVT. HSS GIRLS, SITAMAU",प्रतिभागी,अन्य
AQ8347,Sanjay Kumar Neema,Mandsaur,SITAMAU,"23190818734, GOVT. HSS GIRLS, SITAMAU",प्रतिभागी,शिक्षक
AQ9092,Bhupendra Singh Shaktawat,Mandsaur,SITAMAU,"23190818734, GOVT. HSS GIRLS, SITAMAU",प्रतिभागी,शिक्षक
BI6377,Jagdish Chandra Gehlot,Mandsaur,SITAMAU,"23190818734, GOVT. HSS GIRLS, SITAMAU",प्रतिभागी,शिक्षक
BU4441,Hariom Dwivedi,Mandsaur,SITAMAU,"23190818734, GOVT. HSS GIRLS, SITAMAU",प्रतिभागी,शिक्षक
BV4770,Pawan Kumar,Mandsaur,SITAMAU,"23190818734, GOVT. HSS GIRLS, SITAMAU",प्रतिभागी,शिक्षक
BW4981,Jagdish Chandra Patidar,Mandsaur,SITAMAU,"23190818734, GOVT. HSS GIRLS, SITAMAU",प्रतिभागी,शिक्षक
AQ9080,Madan Singh Bhati,Mandsaur,SITAMAU,"23190809006, GOVT. HS MAANPURA",प्रतिभागी,शिक्षक
BX6136,Pappu Lal Haldiya,Mandsaur,SITAMAU,"23190809006, GOVT. HS MAANPURA",प्रतिभागी,शिक्षक
BZ2977,Ishwar Singh Rathore,Mandsaur,SITAMAU,"23190809006, GOVT. HS MAANPURA",प्रतिभागी,शिक्षक
AQ8300,Riyaj Mohmmed Mansuri,Mandsaur,SITAMAU,"23190810608, GOVT. HSS DEEPAKHEDA",प्रतिभागी,शिक्षक
AQ8619,Santosh Rathore,Mandsaur,SITAMAU,"23190810608, GOVT. HSS DEEPAKHEDA",प्रतिभागी,शिक्षक
BU3506,Jyoti Bala,Mandsaur,SITAMAU,"23190810608, GOVT. HSS DEEPAKHEDA",प्रतिभागी,शिक्षक
AQ5143,Ramesh Chandra Patidar,Mandsaur,SITAMAU,"23190812109, GOVT. HS KHEJDIYA",प्रतिभागी,शिक्षक
BT3619,Meena Mahadik,Mandsaur,SITAMAU,"23190812109, GOVT. HS KHEJDIYA",प्रतिभागी,शिक्षक
AQ8586,Sunil Kumar Jaiswal,Mandsaur,SITAMAU,"23190815723, GOVT. HSS EXCELLENCE SUWASARA",प्रतिभागी,शिक्षक
CA8376,MANGILAL PRAJAPATI,Mandsaur,SITAMAU,"23190815723, GOVT. HSS EXCELLENCE SUWASARA",प्रतिभागी,शिक्षक
CC2166,FIRDOS JAHAN,Mandsaur,SITAMAU,"23190815723, GOVT. HSS EXCELLENCE SUWASARA",प्रतिभागी,शिक्षक
AQ6252,Prabhu Lal Gehloth,Mandsaur,SITAMAU,"23190816916, GOVT. HSS RUNIJA",प्रतिभागी,शिक्षक
AQ8398,Dinesh Kumar Varma,Mandsaur,SITAMAU,"23190816916, GOVT. HSS RUNIJA",प्रतिभागी,शिक्षक
AQ8463,Shanti Sharma,Mandsaur,SITAMAU,"23190816916, GOVT. HSS RUNIJA",प्रतिभागी,शिक्षक
BW3557,Ishwar Singh,Mandsaur,SITAMAU,"23190816916, GOVT. HSS RUNIJA",प्रतिभागी,शिक्षक
BX1030,Bane Singh Parihar,Mandsaur,SITAMAU,"23190816916, GOVT. HSS RUNIJA",प्रतिभागी,शिक्षक
BY8821,Virendra Singh,Mandsaur,SITAMAU,"23190816916, GOVT. HSS RUNIJA",प्रतिभागी,शिक्षक
AQ7196,Jitendra Kumar Mod,Mandsaur,SITAMAU,"23190800117, GOVT. HSS BOYS NAHARGARH",प्रतिभागी,शिक्षक
BW9348,Laxminarayan Malviya,Mandsaur,SITAMAU,"23190800117, GOVT. HSS BOYS NAHARGARH",प्रतिभागी,शिक्षक
CC8767,RAJENDRA NAGAR,Mandsaur,SITAMAU,"23190800117, GOVT. HSS BOYS NAHARGARH",प्रतिभागी,शिक्षक
AQ8905,Suresh Visvkarma,Mandsaur,SITAMAU,"23190803106, GOVT. HSS MOTIPURA",प्रतिभागी,शिक्षक
AQ8940,Jagdish Sharma,Mandsaur,SITAMAU,"23190803106, GOVT. HSS MOTIPURA",प्रतिभागी,शिक्षक
AQ9015,Amar Singh Dangi,Mandsaur,SITAMAU,"23190803106, GOVT. HSS MOTIPURA",प्रतिभागी,शिक्षक
BV3197,Madan Singh,Mandsaur,SITAMAU,"23190803106, GOVT. HSS MOTIPURA",प्रतिभागी,शिक्षक
BW2379,Fakirchand Suryvanshee,Mandsaur,SITAMAU,"23190803106, GOVT. HSS MOTIPURA",प्रतिभागी,शिक्षक
BX3876,Anil Parmar,Mandsaur,SITAMAU,"23190803106, GOVT. HSS MOTIPURA",प्रतिभागी,शिक्षक
CA3805,Sanju Rathor,Mandsaur,SITAMAU,"23190803106, GOVT. HSS MOTIPURA",प्रतिभागी,शिक्षक
CB1590,DAYARAM AMRAJA,Mandsaur,SITAMAU,"23190803106, GOVT. HSS MOTIPURA",प्रतिभागी,शिक्षक
AQ6236,Arvind Soni,Mandsaur,SITAMAU,"23190801814, GOVT. HSS KAYAMPUR",प्रतिभागी,शिक्षक
AQ8938,Harish Kumar,Mandsaur,SITAMAU,"23190801814, GOVT. HSS KAYAMPUR",प्रतिभागी,शिक्षक
BQ6033,Narendra Kumar Sethiya,Mandsaur,SITAMAU,"23190801814, GOVT. HSS KAYAMPUR",प्रतिभागी,शिक्षक
AQ5107,Govardhan Lal Gwala,Mandsaur,SITAMAU,"23190815724, GOVT. HSS GIRLS, SUWASARA",प्रतिभागी,शिक्षक
AQ8467,Tafsir Uddin,Mandsaur,SITAMAU,"23190815724, GOVT. HSS GIRLS, SUWASARA",प्रतिभागी,शिक्षक
AQ9217,Mohan Patidar,Mandsaur,SITAMAU,"23190815724, GOVT. HSS GIRLS, SUWASARA",प्रतिभागी,शिक्षक
AQ9237,Sunil Jain,Mandsaur,SITAMAU,"23190815724, GOVT. HSS GIRLS, SUWASARA",प्रतिभागी,शिक्षक
AC1518,Surendra Singh,Morena,AMBAH,"23020208301, GOVT. H.S.S. EXC. AMBAH",प्रतिभागी,शिक्षक
AJ9709,Savita Jatav,Morena,AMBAH,"23020208301, GOVT. H.S.S. EXC. AMBAH",प्रतिभागी,शिक्षक
AQ9750,Gajendra Singh Bhadoriya,Morena,AMBAH,"23020208301, GOVT. H.S.S. EXC. AMBAH",प्रतिभागी,शिक्षक
AR1023,Dinesh Kumar Sharma,Morena,AMBAH,"23020208301, GOVT. H.S.S. EXC. AMBAH",प्रतिभागी,शिक्षक
AR1534,Lakhan Singh,Morena,AMBAH,"23020208301, GOVT. H.S.S. EXC. AMBAH",प्रतिभागी,शिक्षक
BT8300,Praveen Kumar Sharma,Morena,AMBAH,"23020208301, GOVT. H.S.S. EXC. AMBAH",प्रतिभागी,शिक्षक
BY9222,Manoj Kumar,Morena,AMBAH,"23020208301, GOVT. H.S.S. EXC. AMBAH",प्रतिभागी,शिक्षक
BG3257,Usha Tomar,Morena,AMBAH,"23020207623, GOVT.H.S.S. THARA",प्रतिभागी,शिक्षक
BT1886,Dharampal Singh Tomar,Morena,AMBAH,"23020207623, GOVT.H.S.S. THARA",प्रतिभागी,सीएसी
BY8984,Shrikrishan Jatav,Morena,AMBAH,"23020207623, GOVT.H.S.S. THARA",प्रतिभागी,शिक्षक
CC1781,HARENDRA SHARMA,Morena,AMBAH,"23020202307, GOVT.H.S.S. GOTH",प्रतिभागी,शिक्षक
CD8142,SATENDRA SINGH,Morena,AMBAH,"23020202307, GOVT.H.S.S. GOTH",प्रतिभागी,शिक्षक
BB2174,Layak Singh Sejwar,Morena,AMBAH,"23020208401, GOVT. H.S. BOYS AMBAH",प्रतिभागी,शिक्षक
BS8295,Sant Nivas,Morena,AMBAH,"23020208401, GOVT. H.S. BOYS AMBAH",प्रतिभागी,शिक्षक
BT2838,Vimal Chhari,Morena,AMBAH,"23020208401, GOVT. H.S. BOYS AMBAH",प्रतिभागी,शिक्षक
BU1836,Makhan Singh,Morena,AMBAH,"23020208401, GOVT. H.S. BOYS AMBAH",प्रतिभागी,शिक्षक
BU4189,Omprakash Sharma,Morena,AMBAH,"23020208401, GOVT. H.S. BOYS AMBAH",प्रतिभागी,शिक्षक
BV8449,Mukesh Singh Prajapati,Morena,AMBAH,"23020208401, GOVT. H.S. BOYS AMBAH",प्रतिभागी,शिक्षक
BV9093,Dinesh Kumar Shrivas,Morena,AMBAH,"23020208401, GOVT. H.S. BOYS AMBAH",प्रतिभागी,शिक्षक
CA5236,Yatindra Singh Mawai,Morena,AMBAH,"23020208401, GOVT. H.S. BOYS AMBAH",प्रतिभागी,शिक्षक
BY2729,Ashok Kumar Saini,Morena,AMBAH,"23020205904, GOVT.H.S. DHEERBAL KA PURA",प्रतिभागी,शिक्षक
BY8531,Mamata Chhari,Morena,AMBAH,"23020205904, GOVT.H.S. DHEERBAL KA PURA",प्रतिभागी,शिक्षक
BV8630,Dinesh Kumar,Morena,AMBAH,"23020203527, GOVT.HSS JAGGA KA PURA",प्रतिभागी,शिक्षक
BW4152,Rameshwar Singh,Morena,AMBAH,"23020203527, GOVT.HSS JAGGA KA PURA",प्रतिभागी,शिक्षक
CB5008,DEEPAK SAKHWAR,Morena,AMBAH,"23020203527, GOVT.HSS JAGGA KA PURA",प्रतिभागी,शिक्षक
AR1776,Saroj Saini,Morena,AMBAH,"23020203006, GOVT.EX.HSS DIMANI",प्रतिभागी,शिक्षक
BG2744,Raghunath Singh,Morena,AMBAH,"23020203006, GOVT.EX.HSS DIMANI",प्रतिभागी,शिक्षक
BZ3905,Vinod Sharma,Morena,AMBAH,"23020203006, GOVT.EX.HSS DIMANI",प्रतिभागी,शिक्षक
AI6004,Anil Sharma,Morena,AMBAH,"23020203824, GOVT.HSS KHADIYAHAR",प्रतिभागी,शिक्षक
AQ9894,Dashrath Singh Tomar,Morena,AMBAH,"23020203824, GOVT.HSS KHADIYAHAR",प्रतिभागी,शिक्षक
AR1390,Gopal Shrivastava,Morena,AMBAH,"23020204411, GOVT.H.S.S.SIHONIYA",प्रतिभागी,शिक्षक
BN7204,Birpal Singh Tomar,Morena,AMBAH,"23020204411, GOVT.H.S.S.SIHONIYA",प्रतिभागी,शिक्षक
BW7265,Rashmi Tomar,Morena,AMBAH,"23020204411, GOVT.H.S.S.SIHONIYA",प्रतिभागी,शिक्षक
BZ1749,Kailash Narayan Sharma,Morena,AMBAH,"23020204411, GOVT.H.S.S.SIHONIYA",प्रतिभागी,शिक्षक
CE4844,PRAVEEN KUMAR JAIN,Morena,AMBAH,"23020204411, GOVT.H.S.S.SIHONIYA",प्रतिभागी,शिक्षक
AR1464,Pramod Singh,Morena,AMBAH,"23020206809, GOVT.H.S.KOLUA",प्रतिभागी,शिक्षक
BG5582,Shyamveer Sharma,Morena,AMBAH,"23020206809, GOVT.H.S.KOLUA",प्रतिभागी,शिक्षक
BT2567,Prem Chand Gaur,Morena,JOURA,"23020408205, GOVT.H.S GUDACHAMBAL",प्रतिभागी,शिक्षक
BT4921,ANJU RATHOR,Morena,JOURA,"23020408205, GOVT.H.S GUDACHAMBAL",प्रतिभागी,शिक्षक
BZ3874,Dharmendra Kumar,Morena,JOURA,"23020408205, GOVT.H.S GUDACHAMBAL",प्रतिभागी,शिक्षक
AR7635,Jardan Singh,Morena,JOURA,"23020410210, GOVT.H.S.KHANETA",प्रतिभागी,शिक्षक
BA3174,Shyamveer Singh Sikarwar,Morena,JOURA,"23020410210, GOVT.H.S.KHANETA",प्रतिभागी,शिक्षक
BR7814,SUMAN TIWARI,Morena,JOURA,"23020410210, GOVT.H.S.KHANETA",प्रतिभागी,शिक्षक
BT7914,Deepak Sharma,Morena,JOURA,"23020410210, GOVT.H.S.KHANETA",प्रतिभागी,शिक्षक
BV9348,Ravindra Singh Jatav,Morena,JOURA,"23020410210, GOVT.H.S.KHANETA",प्रतिभागी,सीएसी
BX8372,Awadhesh Kumar Dandotiya,Morena,JOURA,"23020410210, GOVT.H.S.KHANETA",प्रतिभागी,शिक्षक
CB1237,NEELAM YADAV,Morena,JOURA,"23020410210, GOVT.H.S.KHANETA",प्रतिभागी,शिक्षक
AI4898,Dharmendra Agarwal,Morena,JOURA,"23020413001, Govt Ex. HSS Boys Joura",प्रतिभागी,शिक्षक
AR2815,Baliram Singh Gurjar,Morena,JOURA,"23020413001, Govt Ex. HSS Boys Joura",प्रतिभागी,शिक्षक
AR2851,Pooran Singh Rawat,Morena,JOURA,"23020413001, Govt Ex. HSS Boys Joura",प्रतिभागी,शिक्षक
BT6006,Pankaj Awasthi,Morena,JOURA,"23020413001, Govt Ex. HSS Boys Joura",प्रतिभागी,शिक्षक
BU3325,Laxmi Gupta,Morena,JOURA,"23020413001, Govt Ex. HSS Boys Joura",प्रतिभागी,शिक्षक
BW2603,Bijendra Singh Meena,Morena,JOURA,"23020413001, Govt Ex. HSS Boys Joura",प्रतिभागी,शिक्षक
AF4256,Banwari Lal Tyagi,Morena,JOURA,"23020413002, GOVT.GIRLS HSS JOURA",प्रतिभागी,शिक्षक
AR2735,Umesh Sharma,Morena,JOURA,"23020413002, GOVT.GIRLS HSS JOURA",प्रतिभागी,शिक्षक
AR2845,Sharmila Shrivastava,Morena,JOURA,"23020413002, GOVT.GIRLS HSS JOURA",प्रतिभागी,शिक्षक
AR3019,Seema Parashar,Morena,JOURA,"23020413002, GOVT.GIRLS HSS JOURA",प्रतिभागी,शिक्षक
AR3031,Ranjana Shukla,Morena,JOURA,"23020413002, GOVT.GIRLS HSS JOURA",प्रतिभागी,शिक्षक
AR6867,Banvari Lal Shakya,Morena,JOURA,"23020413002, GOVT.GIRLS HSS JOURA",प्रतिभागी,शिक्षक
BM8623,Pankaj Sharma,Morena,JOURA,"23020413002, GOVT.GIRLS HSS JOURA",प्रतिभागी,शिक्षक
BQ1150,Vikash Shakya,Morena,JOURA,"23020413002, GOVT.GIRLS HSS JOURA",प्रतिभागी,शिक्षक
BS2703,Jagdish Savita,Morena,JOURA,"23020413002, GOVT.GIRLS HSS JOURA",प्रतिभागी,शिक्षक
AR7092,Lalita Topo,Morena,JOURA,"23020406106, GOVT.H.S.CHACHIA",प्रतिभागी,शिक्षक
BB3235,Munna Lal Yadav,Morena,JOURA,"23020406106, GOVT.H.S.CHACHIA",प्रतिभागी,शिक्षक
BQ2846,Majboot Singh Prajapati,Morena,JOURA,"23020406106, GOVT.H.S.CHACHIA",प्रतिभागी,शिक्षक
BQ7129,Manisha Sharma,Morena,JOURA,"23020406106, GOVT.H.S.CHACHIA",प्रतिभागी,शिक्षक
BT6662,Deepti Kushwah,Morena,JOURA,"23020406106, GOVT.H.S.CHACHIA",प्रतिभागी,शिक्षक
BW3535,Neelam Kumari,Morena,JOURA,"23020406106, GOVT.H.S.CHACHIA",प्रतिभागी,शिक्षक
BW7363,Chandrakant Parashar,Morena,JOURA,"23020406106, GOVT.H.S.CHACHIA",प्रतिभागी,शिक्षक
BX6343,Sanjay Kumar Shakya,Morena,JOURA,"23020406106, GOVT.H.S.CHACHIA",प्रतिभागी,शिक्षक
AR3065,Nawal Singh,Morena,JOURA,"23020408530, GOVT.EX.HSS BAGCHINI",प्रतिभागी,शिक्षक
AR3067,Sitaram Singh Sikarwar,Morena,JOURA,"23020408530, GOVT.EX.HSS BAGCHINI",प्रतिभागी,शिक्षक
BF1945,Rakesh Kumar Sharma,Morena,JOURA,"23020408530, GOVT.EX.HSS BAGCHINI",प्रतिभागी,सीएसी
AA5975,Sanjay Singh Tomar,Morena,JOURA,"23020408712, GOVT.H.S.S. BHENSROLI",प्रतिभागी,शिक्षक
AR3865,Sureshchandra Jatav,Morena,JOURA,"23020408712, GOVT.H.S.S. BHENSROLI",प्रतिभागी,शिक्षक
BA6118,Dhirendra Singh,Morena,JOURA,"23020408712, GOVT.H.S.S. BHENSROLI",प्रतिभागी,सीएसी
AI5065,Harsh Verdhen Rajpoot,Morena,JOURA,"23020403416, GOVT. H.S.NITEHARA",प्रतिभागी,शिक्षक
AR7608,Parimal Mahor,Morena,JOURA,"23020403416, GOVT. H.S.NITEHARA",प्रतिभागी,शिक्षक
AR7640,Maniram Shakya,Morena,JOURA,"23020403416, GOVT. H.S.NITEHARA",प्रतिभागी,शिक्षक
AZ9052,Dilip Singh Yadav,Morena,JOURA,"23020403416, GOVT. H.S.NITEHARA",प्रतिभागी,शिक्षक
BX4427,Namokar Jain,Morena,JOURA,"23020403416, GOVT. H.S.NITEHARA",प्रतिभागी,शिक्षक
AR1896,Ramlakhan Sharma,Morena,KAILARAS,"23020600806, GOVT.H.S.S. SEMAI",प्रतिभागी,शिक्षक
AR4045,Gajadhar Prasad Dhakar,Morena,KAILARAS,"23020600806, GOVT.H.S.S. SEMAI",प्रतिभागी,शिक्षक
AR7218,Basudev Prasad Rawat,Morena,KAILARAS,"23020600806, GOVT.H.S.S. SEMAI",प्रतिभागी,शिक्षक
AR7486,Bahoran Singh Rawat,Morena,KAILARAS,"23020600806, GOVT.H.S.S. SEMAI",प्रतिभागी,शिक्षक
BW8195,Yadavendr Kumar Sharma,Morena,KAILARAS,"23020600806, GOVT.H.S.S. SEMAI",प्रतिभागी,शिक्षक
BZ2099,Nagendra Singh Dhakar,Morena,KAILARAS,"23020600806, GOVT.H.S.S. SEMAI",प्रतिभागी,शिक्षक
AR1997,Usha Singh,Morena,KAILARAS,"23020606671, GOVT.GIRLS HSS KAILARAS",प्रतिभागी,शिक्षक
AR2114,Bhragulata Sharma,Morena,KAILARAS,"23020606671, GOVT.GIRLS HSS KAILARAS",प्रतिभागी,शिक्षक
AR3783,Mahesh Kumar Shukla,Morena,KAILARAS,"23020606671, GOVT.GIRLS HSS KAILARAS",प्रतिभागी,शिक्षक
AR3928,Sharda Shakya,Morena,KAILARAS,"23020606671, GOVT.GIRLS HSS KAILARAS",प्रतिभागी,शिक्षक
AR5637,Banwari Puri Goswami,Morena,KAILARAS,"23020606671, GOVT.GIRLS HSS KAILARAS",प्रतिभागी,शिक्षक
BS1955,Durga Prasad Dhakar,Morena,KAILARAS,"23020606671, GOVT.GIRLS HSS KAILARAS",प्रतिभागी,शिक्षक
BW1794,Neeraj Kumar Sharma,Morena,KAILARAS,"23020606671, GOVT.GIRLS HSS KAILARAS",प्रतिभागी,शिक्षक
CA5126,Haripal Singh Tomar,Morena,KAILARAS,"23020606671, GOVT.GIRLS HSS KAILARAS",प्रतिभागी,शिक्षक
CA5128,BRAJMOHAN SINGH TOMAR,Morena,KAILARAS,"23020606671, GOVT.GIRLS HSS KAILARAS",प्रतिभागी,शिक्षक
CD1099,PANKAJ DHAKAD,Morena,KAILARAS,"23020606671, GOVT.GIRLS HSS KAILARAS",प्रतिभागी,शिक्षक
AR2440,Yogesh Kumar Sharma,Morena,KAILARAS,"23020606670, GOVT.EX.HSS KAILARAS",प्रतिभागी,शिक्षक
AR3545,Bharati Shakya,Morena,KAILARAS,"23020606670, GOVT.EX.HSS KAILARAS",प्रतिभागी,शिक्षक
BT9734,Narottam Dhakar,Morena,KAILARAS,"23020606670, GOVT.EX.HSS KAILARAS",प्रतिभागी,सीएसी
BW4673,Anil Kumar Rathor,Morena,KAILARAS,"23020606670, GOVT.EX.HSS KAILARAS",प्रतिभागी,शिक्षक
BX5661,Rakesh Shakya,Morena,KAILARAS,"23020606670, GOVT.EX.HSS KAILARAS",प्रतिभागी,शिक्षक
CC3513,PRITI SHARMA,Morena,KAILARAS,"23020606670, GOVT.EX.HSS KAILARAS",प्रतिभागी,शिक्षक
AC3468,Sanjay Singh Dhakar,Morena,KAILARAS,"23020605714, GOVT.HSS SUJARMA",प्रतिभागी,शिक्षक
AR2032,Ghanshyam Shakya,Morena,KAILARAS,"23020605714, GOVT.HSS SUJARMA",प्रतिभागी,सीएसी
AR6755,Dalchand Sharma,Morena,KAILARAS,"23020605714, GOVT.HSS SUJARMA",प्रतिभागी,शिक्षक
BB4768,Mahendra Singh,Morena,KAILARAS,"23020605714, GOVT.HSS SUJARMA",प्रतिभागी,शिक्षक
BW3527,Shelendra Singh Dhakar,Morena,KAILARAS,"23020605714, GOVT.HSS SUJARMA",प्रतिभागी,शिक्षक
BW4061,Rambeer Dhakar,Morena,KAILARAS,"23020605714, GOVT.HSS SUJARMA",प्रतिभागी,शिक्षक
CB5168,RAHUL SHARMA,Morena,KAILARAS,"23020605714, GOVT.HSS SUJARMA",प्रतिभागी,शिक्षक
CD5503,RENU DHAKAR,Morena,KAILARAS,"23020605714, GOVT.HSS SUJARMA",प्रतिभागी,शिक्षक
BE5345,Sardar Singh Dhakad,Morena,KAILARAS,"23020600906, GOVT.H.S KUTRAWALI",प्रतिभागी,शिक्षक
CC1185,RAVENDRA DHAKAR,Morena,KAILARAS,"23020600906, GOVT.H.S KUTRAWALI",प्रतिभागी,शिक्षक
AR1873,Dharmpal Ram,Morena,KAILARAS,"23020603913, GOVT. H.S.S. GOLHARI",प्रतिभागी,शिक्षक
BR1973,Ram Krishna Sharma,Morena,KAILARAS,"23020603913, GOVT. H.S.S. GOLHARI",प्रतिभागी,शिक्षक
BX1110,Dinesh Dhakar,Morena,KAILARAS,"23020603913, GOVT. H.S.S. GOLHARI",प्रतिभागी,शिक्षक
BZ4450,Avadhesh Kumar Solanki,Morena,KAILARAS,"23020603913, GOVT. H.S.S. GOLHARI",प्रतिभागी,शिक्षक
BU1162,Shailendra Kumar Thaneshwar,Morena,MORENA,"23020309222, GOVT. H.S.S. NOORABAD",प्रतिभागी,शिक्षक
BU5927,Ranjeet Singh Verma,Morena,MORENA,"23020309222, GOVT. H.S.S. NOORABAD",प्रतिभागी,शिक्षक
BY5915,Suman Rajpoot,Morena,MORENA,"23020309222, GOVT. H.S.S. NOORABAD",प्रतिभागी,शिक्षक
BS9334,Kiran Bareliya,Morena,MORENA,"23020327402, GOVT. H.S.S. GIRLS NO.1 MORENA",प्रतिभागी,शिक्षक
BV6356,Dileep Singh Rathore,Morena,MORENA,"23020327402, GOVT. H.S.S. GIRLS NO.1 MORENA",प्रतिभागी,शिक्षक
AR7090,Mahavir Ram,Morena,MORENA,"23020302706, GOVT. H.S. HIGONAKHURD",प्रतिभागी,शिक्षक
BR6906,Komal Singh,Morena,MORENA,"23020302706, GOVT. H.S. HIGONAKHURD",प्रतिभागी,शिक्षक
BT3137,Bhawana Singh,Morena,MORENA,"23020302706, GOVT. H.S. HIGONAKHURD",प्रतिभागी,शिक्षक
BU2326,Veer Bahadur Singh,Morena,MORENA,"23020302706, GOVT. H.S. HIGONAKHURD",प्रतिभागी,शिक्षक
BW4277,Prabhu Shankar Sharma,Morena,MORENA,"23020302706, GOVT. H.S. HIGONAKHURD",प्रतिभागी,शिक्षक
BZ2841,Bachchu Singh,Morena,MORENA,"23020302706, GOVT. H.S. HIGONAKHURD",प्रतिभागी,शिक्षक
CD9254,VIKESH DEVI,Morena,MORENA,"23020302706, GOVT. H.S. HIGONAKHURD",प्रतिभागी,शिक्षक
AR5499,Ganesh Meena,Morena,MORENA,"23020314811, GOVT. H.S.S. RITHORAKALA",प्रतिभागी,शिक्षक
AR5646,Girija Shakya,Morena,MORENA,"23020314811, GOVT. H.S.S. RITHORAKALA",प्रतिभागी,शिक्षक
BH2519,Sonu Arya,Morena,MORENA,"23020314811, GOVT. H.S.S. RITHORAKALA",प्रतिभागी,शिक्षक
BQ1993,Chandraprakash Birvaiya,Morena,MORENA,"23020314811, GOVT. H.S.S. RITHORAKALA",प्रतिभागी,शिक्षक
AB6458,Ram Govind Tyagi,Morena,MORENA,"23020310106, GOVT. HSS KHARAGPUR BHARRAND",प्रतिभागी,शिक्षक
AO3398,Ram Das Meena,Morena,MORENA,"23020310106, GOVT. HSS KHARAGPUR BHARRAND",प्रतिभागी,शिक्षक
BU2343,Chhinnu Lal Sharma,Morena,MORENA,"23020310106, GOVT. HSS KHARAGPUR BHARRAND",प्रतिभागी,शिक्षक
BW1655,Bhoopendra Nirajanlal,Morena,MORENA,"23020310106, GOVT. HSS KHARAGPUR BHARRAND",प्रतिभागी,शिक्षक
BX4945,Madhumala Kirar,Morena,MORENA,"23020310106, GOVT. HSS KHARAGPUR BHARRAND",प्रतिभागी,शिक्षक
BX8235,Ajay Prakash Sharma,Morena,MORENA,"23020309809, GOVT. H.S. MIRGPURA",प्रतिभागी,शिक्षक
AC4168,Ram Kumar Gaur,Morena,MORENA,"23020315208, GOVT.H.S PIPARSEWA",प्रतिभागी,शिक्षक
AR2034,Ramnath Shakya,Morena,MORENA,"23020315208, GOVT.H.S PIPARSEWA",प्रतिभागी,शिक्षक
AM5447,Alok Upadhyay,Morena,MORENA,"23020317711, GOVT. H.S. JEEGNI",प्रतिभागी,शिक्षक
AR2220,Gouri Kulshrestha,Morena,MORENA,"23020317711, GOVT. H.S. JEEGNI",प्रतिभागी,शिक्षक
BG2758,Bijendra Singh Rajpoot,Morena,MORENA,"23020317711, GOVT. H.S. JEEGNI",प्रतिभागी,शिक्षक
AR1886,Lajjaram Dhakar,Morena,MORENA,"23020325401, GOVT. H.S.S. BANMORE",प्रतिभागी,सीएसी
AR2319,Haniph Khan,Morena,MORENA,"23020325401, GOVT. H.S.S. BANMORE",प्रतिभागी,शिक्षक
AR2567,Sunita Gole,Morena,MORENA,"23020325401, GOVT. H.S.S. BANMORE",प्रतिभागी,शिक्षक
AR5250,Gajendra Nikunj,Morena,MORENA,"23020325401, GOVT. H.S.S. BANMORE",प्रतिभागी,शिक्षक
BT4250,Preeti Pathak,Morena,MORENA,"23020325401, GOVT. H.S.S. BANMORE",प्रतिभागी,शिक्षक
BT7128,Mamta Dhakad,Morena,MORENA,"23020325401, GOVT. H.S.S. BANMORE",प्रतिभागी,शिक्षक
BT8150,Rajendra Singh Kushwah,Morena,MORENA,"23020325401, GOVT. H.S.S. BANMORE",प्रतिभागी,शिक्षक
CA5070,Vishnu Datt Sharma,Morena,MORENA,"23020325401, GOVT. H.S.S. BANMORE",प्रतिभागी,शिक्षक
CA5073,BRAJESH Kumar,Morena,MORENA,"23020325401, GOVT. H.S.S. BANMORE",प्रतिभागी,शिक्षक
CA5075,KASHI Prasad Sharma,Morena,MORENA,"23020325401, GOVT. H.S.S. BANMORE",प्रतिभागी,शिक्षक
CA5076,BHARAT SHARMA,Morena,MORENA,"23020325401, GOVT. H.S.S. BANMORE",प्रतिभागी,शिक्षक
CA5748,POORAN Singh Yadav,Morena,MORENA,"23020325401, GOVT. H.S.S. BANMORE",प्रतिभागी,शिक्षक
BS9462,Girija Khatri,Morena,MORENA,"23020300806, GOVT. H.S.S. NAYAKPURA",प्रतिभागी,शिक्षक
BT7713,Ashok Kumar,Morena,MORENA,"23020300806, GOVT. H.S.S. NAYAKPURA",प्रतिभागी,शिक्षक
BV9095,Ghanshyam Sharma,Morena,MORENA,"23020300806, GOVT. H.S.S. NAYAKPURA",प्रतिभागी,शिक्षक
BW6517,Daudayal Lodhi,Morena,MORENA,"23020300806, GOVT. H.S.S. NAYAKPURA",प्रतिभागी,शिक्षक
BX7782,Madan Mohan Sharma,Morena,MORENA,"23020300806, GOVT. H.S.S. NAYAKPURA",प्रतिभागी,शिक्षक
CC6749,AJAY KUMAR DUBEY,Morena,MORENA,"23020300806, GOVT. H.S.S. NAYAKPURA",प्रतिभागी,शिक्षक
BB3936,Vinod Singh Tomar,Morena,MORENA,"23020305106, GOVT. H.S.S. MIRGHAN",प्रतिभागी,शिक्षक
BR8975,Bhoopendra Singh,Morena,MORENA,"23020305106, GOVT. H.S.S. MIRGHAN",प्रतिभागी,शिक्षक
BS8883,Diwakar Sharma,Morena,MORENA,"23020305106, GOVT. H.S.S. MIRGHAN",प्रतिभागी,शिक्षक
BW7899,Dileep Kumar,Morena,MORENA,"23020305106, GOVT. H.S.S. MIRGHAN",प्रतिभागी,शिक्षक
AM2433,Seetaram Sharma,Morena,MORENA,"23020317206, GOVT. H.S. MORENA GAON",प्रतिभागी,शिक्षक
AR1467,INDU SIKARWAR,Morena,MORENA,"23020317206, GOVT. H.S. MORENA GAON",प्रतिभागी,शिक्षक
AR2212,Ramlakhan Singh Kushwah,Morena,MORENA,"23020317206, GOVT. H.S. MORENA GAON",प्रतिभागी,शिक्षक
AR2588,Ashok Singh Sikarwar,Morena,MORENA,"23020317206, GOVT. H.S. MORENA GAON",प्रतिभागी,शिक्षक
AR5026,Virendra Singh Kushwah,Morena,MORENA,"23020317206, GOVT. H.S. MORENA GAON",प्रतिभागी,शिक्षक
BI4100,Rajkumar Singh Tomar,Morena,MORENA,"23020317206, GOVT. H.S. MORENA GAON",प्रतिभागी,सीएसी
BU1590,Shweta Dubey,Morena,MORENA,"23020317206, GOVT. H.S. MORENA GAON",प्रतिभागी,शिक्षक
BV8088,Manoj Kumar Sharma,Morena,MORENA,"23020317206, GOVT. H.S. MORENA GAON",प्रतिभागी,शिक्षक
AJ4125,Rakhi Tomar,Morena,MORENA,"23020327802, GOVT. H.S.S..BOYS NO.2 MORENA",प्रतिभागी,शिक्षक
BY1050,Harichand Sharma,Morena,MORENA,"23020327802, GOVT. H.S.S..BOYS NO.2 MORENA",प्रतिभागी,शिक्षक
BY6823,Archana Yadav,Morena,MORENA,"23020327802, GOVT. H.S.S..BOYS NO.2 MORENA",प्रतिभागी,शिक्षक
CD6932,JASMEEN KHAN,Morena,MORENA,"23020327802, GOVT. H.S.S..BOYS NO.2 MORENA",प्रतिभागी,शिक्षक
BY7299,Ram Nivas Gupta,Morena,MORENA,"23020305606, GOVT. H.S.S. DATHARA",प्रतिभागी,शिक्षक
BS3330,Mamta Uikey,Morena,PAHARGARH,"23020509606, GOVT.H.S.S. KANHAR",प्रतिभागी,शिक्षक
CB6635,BRAJESH SONI,Morena,PAHARGARH,"23020509606, GOVT.H.S.S. KANHAR",प्रतिभागी,शिक्षक
AR5670,Dharm Singh,Morena,PAHARGARH,"23020501104, GOVT.H.S GUJARNA",प्रतिभागी,शिक्षक
AR4357,Lokendra Singh Sikarwar,Morena,PAHARGARH,"23020503913, GOVT.H.S SARSENI",प्रतिभागी,शिक्षक
BX1121,Pramod Sharma,Morena,PAHARGARH,"23020503913, GOVT.H.S SARSENI",प्रतिभागी,शिक्षक
AR4032,Vinod Kumar Jatav,Morena,PAHARGARH,"23020509212, GOVT.HSS PAHADGARH",प्रतिभागी,शिक्षक
AR5723,Suman Batham,Morena,PAHARGARH,"23020509212, GOVT.HSS PAHADGARH",प्रतिभागी,शिक्षक
BW6033,Durga Singh,Morena,PAHARGARH,"23020509212, GOVT.HSS PAHADGARH",प्रतिभागी,शिक्षक
AR2660,Ramswaroop Sharma,Morena,PAHARGARH,"23020505405, GOVT. H.S.S. BAGHEL",प्रतिभागी,शिक्षक
AR2734,Bhuwneshwari Kushwah,Morena,PAHARGARH,"23020505405, GOVT. H.S.S. BAGHEL",प्रतिभागी,शिक्षक
AR2811,Ram Niwas Dhakar,Morena,PAHARGARH,"23020505405, GOVT. H.S.S. BAGHEL",प्रतिभागी,शिक्षक
BU8047,Rajesh Kumar Gour,Morena,PAHARGARH,"23020505405, GOVT. H.S.S. BAGHEL",प्रतिभागी,शिक्षक
BV5754,Deepak Tyagi,Morena,PAHARGARH,"23020505405, GOVT. H.S.S. BAGHEL",प्रतिभागी,शिक्षक
BV9030,Ashutosh Sharma,Morena,PAHARGARH,"23020503704, GOVT.HSS DIDOKHAR",प्रतिभागी,शिक्षक
BY1313,Raghvendra Dubey,Morena,PAHARGARH,"23020503704, GOVT.HSS DIDOKHAR",प्रतिभागी,शिक्षक
BY2033,Satyanarayan Sharma,Morena,PAHARGARH,"23020503704, GOVT.HSS DIDOKHAR",प्रतिभागी,शिक्षक
AR1887,Bibhuti Rathor,Morena,PAHARGARH,"23020500111, GOVT. H.S.S. BARREND",प्रतिभागी,शिक्षक
AR5676,Rambhajan Dhakar,Morena,PAHARGARH,"23020500111, GOVT. H.S.S. BARREND",प्रतिभागी,शिक्षक
AR6759,Atarsingh Lohiya,Morena,PAHARGARH,"23020500111, GOVT. H.S.S. BARREND",प्रतिभागी,शिक्षक
BU4483,Shivraj Singh Khare,Morena,PAHARGARH,"23020500111, GOVT. H.S.S. BARREND",प्रतिभागी,शिक्षक
BV1993,Raghvendra Singh Sikarwar,Morena,PAHARGARH,"23020500111, GOVT. H.S.S. BARREND",प्रतिभागी,शिक्षक
BZ2065,Sarita Dhakar,Morena,PAHARGARH,"23020500111, GOVT. H.S.S. BARREND",प्रतिभागी,शिक्षक
BU6131,Hari Kishan Sharma,Morena,PORSA,"23020103809, GOVT. H.S.S. NAGRA",प्रतिभागी,शिक्षक
CC3606,NEHA TOMAR,Morena,PORSA,"23020105606, GOVT. H.S. RAIPURA",प्रतिभागी,शिक्षक
AR1138,Mohammed Azad Qureshi,Morena,PORSA,"23020101311, GOVT. H.S.S. RACHED",प्रतिभागी,शिक्षक
AR6203,Ramkaran Singh Tomar,Morena,PORSA,"23020101311, GOVT. H.S.S. RACHED",प्रतिभागी,शिक्षक
BO4407,Rajkumar Gupta,Morena,PORSA,"23020101311, GOVT. H.S.S. RACHED",प्रतिभागी,शिक्षक
BS9202,Raghvendra Tiwari,Morena,PORSA,"23020101311, GOVT. H.S.S. RACHED",प्रतिभागी,शिक्षक
AR1241,Parimal Singh,Morena,PORSA,"23020101207, GOVT. H.S.S. KASMADA",प्रतिभागी,शिक्षक
AR6200,Santosh Singh Tomar,Morena,PORSA,"23020101207, GOVT. H.S.S. KASMADA",प्रतिभागी,शिक्षक
BT5779,Kiran TOMAR,Morena,PORSA,"23020101207, GOVT. H.S.S. KASMADA",प्रतिभागी,शिक्षक
AR5798,Ramsevak Shakya,Morena,PORSA,"23020107984, GOVT. H.S.S. EXC. PORSA",प्रतिभागी,शिक्षक
AR6232,Brajendra Singh,Morena,PORSA,"23020107984, GOVT. H.S.S. EXC. PORSA",प्रतिभागी,शिक्षक
BT2839,Satendra Singh,Morena,PORSA,"23020107984, GOVT. H.S.S. EXC. PORSA",प्रतिभागी,शिक्षक
AR6008,Sarita Gupta,Morena,PORSA,"23020107985, GOVT. H.S.S. GIRLS PORSA",प्रतिभागी,शिक्षक
AR6030,Pradeep Kumar Jain,Morena,PORSA,"23020107985, GOVT. H.S.S. GIRLS PORSA",प्रतिभागी,शिक्षक
BV5603,Shyam Sunder Singh,Morena,PORSA,"23020107985, GOVT. H.S.S. GIRLS PORSA",प्रतिभागी,शिक्षक
CB1556,RAMKUMAR SHAKYA,Morena,PORSA,"23020107985, GOVT. H.S.S. GIRLS PORSA",प्रतिभागी,सीएसी
BY8742,Lolaram Sharma,Morena,PORSA,"23020104725, GOVT. H.S.S. RAJODHA",प्रतिभागी,शिक्षक
BY8991,Sabnam Tomar,Morena,PORSA,"23020104725, GOVT. H.S.S. RAJODHA",प्रतिभागी,शिक्षक
BZ1173,Munna Lal Sharma,Morena,PORSA,"23020104725, GOVT. H.S.S. RAJODHA",प्रतिभागी,शिक्षक
AR5889,Bihari Singh Tomar,Morena,PORSA,"23020104211, GOVT. H.S.S. DHARMGARH",प्रतिभागी,शिक्षक
AR5913,Sanjay Chandil,Morena,PORSA,"23020104211, GOVT. H.S.S. DHARMGARH",प्रतिभागी,शिक्षक
AR6022,Mangal Singh Tomar,Morena,PORSA,"23020104211, GOVT. H.S.S. DHARMGARH",प्रतिभागी,शिक्षक
AA9278,Nagendra Singh Tomar,Morena,PORSA,"23020103112, GOVT. H.S.S. MAHUA",प्रतिभागी,शिक्षक
AO9026,Ashish Singh Tomar,Morena,PORSA,"23020103112, GOVT. H.S.S. MAHUA",प्रतिभागी,शिक्षक
BZ8104,Rajbeer Singh,Morena,PORSA,"23020103112, GOVT. H.S.S. MAHUA",प्रतिभागी,शिक्षक
AR6615,Avadesh Sharma,Morena,SABALGARH,"23020713579, GOVT.GIRLS HSS SABALGARH",प्रतिभागी,शिक्षक
AR6884,Suneeta Rawat,Morena,SABALGARH,"23020713579, GOVT.GIRLS HSS SABALGARH",प्रतिभागी,शिक्षक
AR7339,Pushplata Shrivas,Morena,SABALGARH,"23020713579, GOVT.GIRLS HSS SABALGARH",प्रतिभागी,शिक्षक
BU3096,Keerti Kumar Sharma,Morena,SABALGARH,"23020713579, GOVT.GIRLS HSS SABALGARH",प्रतिभागी,शिक्षक
BW6361,Kamal Kishor Shukla,Morena,SABALGARH,"23020713579, GOVT.GIRLS HSS SABALGARH",प्रतिभागी,शिक्षक
BX4302,Pavan Kumar Sharma,Morena,SABALGARH,"23020713579, GOVT.GIRLS HSS SABALGARH",प्रतिभागी,शिक्षक
BX9319,Anant Kumar Sharma,Morena,SABALGARH,"23020713579, GOVT.GIRLS HSS SABALGARH",प्रतिभागी,शिक्षक
BY1186,Kuldeep Pathak,Morena,SABALGARH,"23020713579, GOVT.GIRLS HSS SABALGARH",प्रतिभागी,शिक्षक
AR1927,Pushpsagar Singh Jadaun,Morena,SABALGARH,"23020708005, GOVT.H.S.RAJAKATOR",प्रतिभागी,शिक्षक
AR7215,Vishram Shakya,Morena,SABALGARH,"23020708005, GOVT.H.S.RAJAKATOR",प्रतिभागी,शिक्षक
AR7305,Lokendra Sharma,Morena,SABALGARH,"23020708005, GOVT.H.S.RAJAKATOR",प्रतिभागी,शिक्षक
BA6360,Rambabu Goar,Morena,SABALGARH,"23020708005, GOVT.H.S.RAJAKATOR",प्रतिभागी,शिक्षक
CD3090,UTTAM MEENA,Morena,SABALGARH,"23020708005, GOVT.H.S.RAJAKATOR",प्रतिभागी,शिक्षक
AR7542,Santosh Kumar Trivedi,Morena,SABALGARH,"23020702011, GOVT.H.S.JABROL",प्रतिभागी,शिक्षक
BU8038,Jagatendra Kumar Sharma,Morena,SABALGARH,"23020702011, GOVT.H.S.JABROL",प्रतिभागी,शिक्षक
BW5411,Sunil Kumar Gupta,Morena,SABALGARH,"23020702011, GOVT.H.S.JABROL",प्रतिभागी,शिक्षक
AR6736,Vinod Kumar Shakya,Morena,SABALGARH,"23020706303, GOVT.H.S.S.GUREMA",प्रतिभागी,शिक्षक
AR6739,Haribilash Singh Dhakad,Morena,SABALGARH,"23020706303, GOVT.H.S.S.GUREMA",प्रतिभागी,शिक्षक
AR7324,Kumar Dubey,Morena,SABALGARH,"23020706303, GOVT.H.S.S.GUREMA",प्रतिभागी,शिक्षक
BW5257,Vinay Kumar Sharma,Morena,SABALGARH,"23020706303, GOVT.H.S.S.GUREMA",प्रतिभागी,शिक्षक
AC4278,Pooran Singh,Morena,SABALGARH,"23020713628, GOVT.BOYS HSS JHUNDPURA",प्रतिभागी,शिक्षक
BS6635,Sushil Kumar Upadhyay,Morena,SABALGARH,"23020713628, GOVT.BOYS HSS JHUNDPURA",प्रतिभागी,शिक्षक
BU4621,Sughar Singh Dhakar,Morena,SABALGARH,"23020713628, GOVT.BOYS HSS JHUNDPURA",प्रतिभागी,शिक्षक
BU5283,Surendra Kumar Mudgal,Morena,SABALGARH,"23020713628, GOVT.BOYS HSS JHUNDPURA",प्रतिभागी,शिक्षक
BW8452,Matadin Rawat,Morena,SABALGARH,"23020713628, GOVT.BOYS HSS JHUNDPURA",प्रतिभागी,शिक्षक
AR6906,Vishakha Devi Jadon,Morena,SABALGARH,"23020707008, GOVT.HSS KISHORGARH",प्रतिभागी,शिक्षक
AR6911,Suresh Sharma,Morena,SABALGARH,"23020707008, GOVT.HSS KISHORGARH",प्रतिभागी,शिक्षक
AR7013,Ashok Kumar Rawat,Morena,SABALGARH,"23020707008, GOVT.HSS KISHORGARH",प्रतिभागी,शिक्षक
BZ3181,Purusottem Singh,Morena,SABALGARH,"23020707008, GOVT.HSS KISHORGARH",प्रतिभागी,शिक्षक
AR6617,Lal DHAKAR,Morena,SABALGARH,"23020710723, GOVT.HSS RAMPURKALA",प्रतिभागी,सीएसी
AR6647,Narottam Manjhi,Morena,SABALGARH,"23020710723, GOVT.HSS RAMPURKALA",प्रतिभागी,शिक्षक
AR7060,Deepak Kumar Sharma,Morena,SABALGARH,"23020710723, GOVT.HSS RAMPURKALA",प्रतिभागी,शिक्षक
BT2140,Devendra Singh Meena,Morena,SABALGARH,"23020710723, GOVT.HSS RAMPURKALA",प्रतिभागी,शिक्षक
CB6715,MAHENDRA SHRIVAS,Morena,SABALGARH,"23020710723, GOVT.HSS RAMPURKALA",प्रतिभागी,शिक्षक
CB6717,AVINASH SHARMA,Morena,SABALGARH,"23020710723, GOVT.HSS RAMPURKALA",प्रतिभागी,शिक्षक
AR7315,Prathvi Raj Jatav,Morena,SABALGARH,"23020701910, GOVT.HSS TAITRA",प्रतिभागी,शिक्षक
BO7040,Satendra Sharma,Morena,SABALGARH,"23020701910, GOVT.HSS TAITRA",प्रतिभागी,शिक्षक
BS6158,Anuradha Tomar,Morena,SABALGARH,"23020701910, GOVT.HSS TAITRA",प्रतिभागी,शिक्षक
BS9402,Jagdish Prasad Jaunwar,Morena,SABALGARH,"23020701910, GOVT.HSS TAITRA",प्रतिभागी,शिक्षक
BU4285,Laxmi Sharma,Morena,SABALGARH,"23020701910, GOVT.HSS TAITRA",प्रतिभागी,शिक्षक
BV7116,Mohar Singh,Morena,SABALGARH,"23020701910, GOVT.HSS TAITRA",प्रतिभागी,शिक्षक
CB4510,PRADEEP DOHAREY,Morena,SABALGARH,"23020701910, GOVT.HSS TAITRA",प्रतिभागी,शिक्षक
AR6819,Rajendra Kumar Gupta,Morena,SABALGARH,"23020713580, GOVT.H.S.JEENFIELD SABALGARH",प्रतिभागी,शिक्षक
AR7087,Shivdayal Bharti,Morena,SABALGARH,"23020713580, GOVT.H.S.JEENFIELD SABALGARH",प्रतिभागी,शिक्षक
AR7553,Lal Singh Jadon,Morena,SABALGARH,"23020713580, GOVT.H.S.JEENFIELD SABALGARH",प्रतिभागी,शिक्षक
AR7583,Hari Krishna Garg,Morena,SABALGARH,"23020713580, GOVT.H.S.JEENFIELD SABALGARH",प्रतिभागी,शिक्षक
BA8067,Smt. Nirmala Sharma,Morena,SABALGARH,"23020713580, GOVT.H.S.JEENFIELD SABALGARH",प्रतिभागी,शिक्षक
AL7463,Asmita Autey,Narmadapuram,BABAI,"23370206020, GOVT.HSS EXCELLENCE BABAI",प्रतिभागी,शिक्षक
AL7684,Raj Chaturvedi,Narmadapuram,BABAI,"23370206020, GOVT.HSS EXCELLENCE BABAI",प्रतिभागी,शिक्षक
BV7203,Priyanka Dubey,Narmadapuram,BABAI,"23370206020, GOVT.HSS EXCELLENCE BABAI",प्रतिभागी,शिक्षक
CD2253,GARIMA SHARMA,Narmadapuram,BABAI,"23370206020, GOVT.HSS EXCELLENCE BABAI",प्रतिभागी,शिक्षक
AL7408,Laxman Singh Irpache,Narmadapuram,BABAI,"23370209803, GOVT.HS TALKESHRI",प्रतिभागी,शिक्षक
AL8860,Malak Ji Patel,Narmadapuram,BABAI,"23370209803, GOVT.HS TALKESHRI",प्रतिभागी,शिक्षक
BY7276,Ghanshyam Mehar,Narmadapuram,BABAI,"23370209803, GOVT.HS TALKESHRI",प्रतिभागी,शिक्षक
AL7636,Ravi Shankar Kumare,Narmadapuram,BABAI,"23370206021, GOVT.HSS GIRLS BABAI",प्रतिभागी,शिक्षक
AL7706,Manju Tiwari,Narmadapuram,BABAI,"23370206021, GOVT.HSS GIRLS BABAI",प्रतिभागी,शिक्षक
AL7441,Neelu Parsai,Narmadapuram,BABAI,"23370201009, GOVT.HSS SANGAKHEDA KALA",प्रतिभागी,शिक्षक
AL7472,Rakesh Kumar Sharma,Narmadapuram,BABAI,"23370201009, GOVT.HSS SANGAKHEDA KALA",प्रतिभागी,शिक्षक
AU5179,Ramswaroop Dayma,Narmadapuram,BABAI,"23370201009, GOVT.HSS SANGAKHEDA KALA",प्रतिभागी,शिक्षक
CB6098,KIRAN VISHWAKARMA,Narmadapuram,BABAI,"23370201009, GOVT.HSS SANGAKHEDA KALA",प्रतिभागी,शिक्षक
AL7495,Sarita Dubey,Narmadapuram,BABAI,"23370207605, GOVT.HSS BAGRATAWA",प्रतिभागी,शिक्षक
AL7521,Sharad Kumar Yadav,Narmadapuram,BABAI,"23370207605, GOVT.HSS BAGRATAWA",प्रतिभागी,शिक्षक
AL8008,Ashok Kumar Meena,Narmadapuram,BABAI,"23370207605, GOVT.HSS BAGRATAWA",प्रतिभागी,शिक्षक
AL5337,Prashant Singh,Narmadapuram,BABAI,"23370203507, GOVT.HS AARI",प्रतिभागी,शिक्षक
AL7619,Premlata Garhwal,Narmadapuram,BABAI,"23370203507, GOVT.HS AARI",प्रतिभागी,शिक्षक
AL7906,Aarti Choubey,Narmadapuram,BABAI,"23370203507, GOVT.HS AARI",प्रतिभागी,शिक्षक
AM1094,Rajendra Kumar Dhurve,Narmadapuram,BABAI,"23370203507, GOVT.HS AARI",प्रतिभागी,शिक्षक
AM1818,Krishna Dayma,Narmadapuram,BABAI,"23370203507, GOVT.HS AARI",प्रतिभागी,शिक्षक
BR8132,Durgeshnandni Patwa,Narmadapuram,BABAI,"23370203507, GOVT.HS AARI",प्रतिभागी,शिक्षक
AM2692,Hemant Patel,Narmadapuram,BANKHEDI,"23370100118, GOVT.HSS EXCELLENCE BANKHEDI",प्रतिभागी,शिक्षक
BR2972,Reena Devi Thakur,Narmadapuram,BANKHEDI,"23370100118, GOVT.HSS EXCELLENCE BANKHEDI",प्रतिभागी,शिक्षक
BY1003,Priyanka Sarathe,Narmadapuram,BANKHEDI,"23370100118, GOVT.HSS EXCELLENCE BANKHEDI",प्रतिभागी,शिक्षक
AL6446,Manoj Kakodiya,Narmadapuram,BANKHEDI,"23370100119, GOVT.HSS GIRLS BANKHEDI",प्रतिभागी,शिक्षक
AL9811,Gopal Prasad Sarathe,Narmadapuram,BANKHEDI,"23370100119, GOVT.HSS GIRLS BANKHEDI",प्रतिभागी,शिक्षक
AM2717,Rajkumar Pali,Narmadapuram,BANKHEDI,"23370100119, GOVT.HSS GIRLS BANKHEDI",प्रतिभागी,शिक्षक
AM2724,Solu Tiwari,Narmadapuram,BANKHEDI,"23370100119, GOVT.HSS GIRLS BANKHEDI",प्रतिभागी,शिक्षक
BQ9737,Budulal Imne,Narmadapuram,BANKHEDI,"23370100119, GOVT.HSS GIRLS BANKHEDI",प्रतिभागी,शिक्षक
AM2642,Naveen Kumar Garhwaal,Narmadapuram,BANKHEDI,"23370107805, GOVT.HSS PIPARPANI",प्रतिभागी,शिक्षक
BW5599,Ramkrishna Patel,Narmadapuram,BANKHEDI,"23370110604, GOVT.HS MALHANWADA",प्रतिभागी,शिक्षक
BQ8344,Manohar Lal Dhimar,Narmadapuram,BANKHEDI,"23370107307, GOVT.HS CHANDON",प्रतिभागी,शिक्षक
BR4060,Manish Kumar Raghuwanshi,Narmadapuram,BANKHEDI,"23370107307, GOVT.HS CHANDON",प्रतिभागी,शिक्षक
AL9228,Ramswroop Patel,Narmadapuram,BANKHEDI,"23370105508, GOVT.HSS UMARDHA",प्रतिभागी,शिक्षक
AM2760,Ghanshyam Patel,Narmadapuram,BANKHEDI,"23370105508, GOVT.HSS UMARDHA",प्रतिभागी,सीएसी
AM2788,Godhan Singh Rajput,Narmadapuram,BANKHEDI,"23370105508, GOVT.HSS UMARDHA",प्रतिभागी,शिक्षक
BR1331,Prachi Swami,Narmadapuram,BANKHEDI,"23370105508, GOVT.HSS UMARDHA",प्रतिभागी,शिक्षक
AL6946,Meenakshi Nigam,Narmadapuram,HOSHANGABAD,"23370311401, GOVT.HSS BOYS SNG HOSHANGABAD",प्रतिभागी,शिक्षक
AL7567,Tilottama Deshpandey,Narmadapuram,HOSHANGABAD,"23370311401, GOVT.HSS BOYS SNG HOSHANGABAD",प्रतिभागी,शिक्षक
AL7863,Prabha Pandey,Narmadapuram,HOSHANGABAD,"23370311401, GOVT.HSS BOYS SNG HOSHANGABAD",प्रतिभागी,शिक्षक
AM2491,Akhilesh Dubey,Narmadapuram,HOSHANGABAD,"23370311401, GOVT.HSS BOYS SNG HOSHANGABAD",प्रतिभागी,शिक्षक
BQ6210,Usha Dayma,Narmadapuram,HOSHANGABAD,"23370311401, GOVT.HSS BOYS SNG HOSHANGABAD",प्रतिभागी,शिक्षक
BR4961,POONAM SAHU,Narmadapuram,HOSHANGABAD,"23370311401, GOVT.HSS BOYS SNG HOSHANGABAD",प्रतिभागी,शिक्षक
BS8240,Ranjana Singh Chauhan,Narmadapuram,HOSHANGABAD,"23370311401, GOVT.HSS BOYS SNG HOSHANGABAD",प्रतिभागी,शिक्षक
BT6608,Santosh Kumar Taneja,Narmadapuram,HOSHANGABAD,"23370311401, GOVT.HSS BOYS SNG HOSHANGABAD",प्रतिभागी,सीएसी
BW8218,Neelam Kulshrestha,Narmadapuram,HOSHANGABAD,"23370311401, GOVT.HSS BOYS SNG HOSHANGABAD",प्रतिभागी,शिक्षक
BX1963,Aarti Saxena,Narmadapuram,HOSHANGABAD,"23370311401, GOVT.HSS BOYS SNG HOSHANGABAD",प्रतिभागी,शिक्षक
BQ3732,Babuji Yadav,Narmadapuram,HOSHANGABAD,"23370323702, GOVT.HSS SHAHEED INDERGIRI RAMPUR",प्रतिभागी,शिक्षक
BW9083,Namita Namdeo,Narmadapuram,HOSHANGABAD,"23370323702, GOVT.HSS SHAHEED INDERGIRI RAMPUR",प्रतिभागी,शिक्षक
CB5394,ABHILASHA SAHU,Narmadapuram,HOSHANGABAD,"23370323702, GOVT.HSS SHAHEED INDERGIRI RAMPUR",प्रतिभागी,शिक्षक
CC8001,PREETI YADUWANSHI,Narmadapuram,HOSHANGABAD,"23370323702, GOVT.HSS SHAHEED INDERGIRI RAMPUR",प्रतिभागी,शिक्षक
AE7349,Santosh Kumar Rana,Narmadapuram,HOSHANGABAD,"23370310807, GOVT.HSS BOYS ITARSI",प्रतिभागी,शिक्षक
AM1746,Kamlesh Kumar Malviya,Narmadapuram,HOSHANGABAD,"23370310807, GOVT.HSS BOYS ITARSI",प्रतिभागी,शिक्षक
AM3065,Anju Soni,Narmadapuram,HOSHANGABAD,"23370310807, GOVT.HSS BOYS ITARSI",प्रतिभागी,शिक्षक
AT6882,Priyanka Taywade,Narmadapuram,HOSHANGABAD,"23370310807, GOVT.HSS BOYS ITARSI",प्रतिभागी,शिक्षक
BQ6817,Achla Tomar,Narmadapuram,HOSHANGABAD,"23370310807, GOVT.HSS BOYS ITARSI",प्रतिभागी,शिक्षक
BS5098,Prahlad Kumar,Narmadapuram,HOSHANGABAD,"23370310807, GOVT.HSS BOYS ITARSI",प्रतिभागी,शिक्षक
BV6136,Archana Patel,Narmadapuram,HOSHANGABAD,"23370310807, GOVT.HSS BOYS ITARSI",प्रतिभागी,शिक्षक
AL7340,Rambharos Yadav,Narmadapuram,HOSHANGABAD,"23370315602, GOVT.HSS GIRLS ITARSI",प्रतिभागी,सीएसी
BW3297,Manju Yadav,Narmadapuram,HOSHANGABAD,"23370315602, GOVT.HSS GIRLS ITARSI",प्रतिभागी,शिक्षक
AE6312,Madhuri Patil,Narmadapuram,HOSHANGABAD,"23370306306, GOVT.HSS AGRICULTURE PAWARKHEDA AGRICULTURE",प्रतिभागी,शिक्षक
AM2929,Durgesh Nandni Purohit,Narmadapuram,HOSHANGABAD,"23370306306, GOVT.HSS AGRICULTURE PAWARKHEDA AGRICULTURE",प्रतिभागी,शिक्षक
BO8201,Gourishankar Sarathe,Narmadapuram,HOSHANGABAD,"23370306306, GOVT.HSS AGRICULTURE PAWARKHEDA AGRICULTURE",प्रतिभागी,शिक्षक
BQ5069,Santosh Kumar Sahu,Narmadapuram,HOSHANGABAD,"23370306306, GOVT.HSS AGRICULTURE PAWARKHEDA AGRICULTURE",प्रतिभागी,शिक्षक
BR2868,Ravita Nandan Laloriya,Narmadapuram,HOSHANGABAD,"23370306306, GOVT.HSS AGRICULTURE PAWARKHEDA AGRICULTURE",प्रतिभागी,शिक्षक
AA5757,Kalpana Chouhan,Narmadapuram,HOSHANGABAD,"23370302005, GOVT.HSS SPM HOSHANGABAD",प्रतिभागी,शिक्षक
AL7699,Sunil Uike,Narmadapuram,HOSHANGABAD,"23370302005, GOVT.HSS SPM HOSHANGABAD",प्रतिभागी,शिक्षक
AM1767,Saket Tiwari,Narmadapuram,HOSHANGABAD,"23370302005, GOVT.HSS SPM HOSHANGABAD",प्रतिभागी,शिक्षक
BR2493,Kaushalya Atulkar,Narmadapuram,HOSHANGABAD,"23370302005, GOVT.HSS SPM HOSHANGABAD",प्रतिभागी,शिक्षक
BR7544,Roopkala Gupta,Narmadapuram,HOSHANGABAD,"23370302005, GOVT.HSS SPM HOSHANGABAD",प्रतिभागी,शिक्षक
BZ3247,Vinod Kumar Sevariya,Narmadapuram,HOSHANGABAD,"23370302005, GOVT.HSS SPM HOSHANGABAD",प्रतिभागी,शिक्षक
AA9246,Suresh Lakhera,Narmadapuram,HOSHANGABAD,"23370303706, GOVT.HSS MISROD",प्रतिभागी,शिक्षक
AH6519,Neeta Sen,Narmadapuram,HOSHANGABAD,"23370303706, GOVT.HSS MISROD",प्रतिभागी,शिक्षक
AL6642,Sharad Kumar Dhurve,Narmadapuram,HOSHANGABAD,"23370303706, GOVT.HSS MISROD",प्रतिभागी,शिक्षक
AM1769,Shailendra Kumar Tiwari,Narmadapuram,HOSHANGABAD,"23370303706, GOVT.HSS MISROD",प्रतिभागी,शिक्षक
AM1786,Rajesh Nagwanshi,Narmadapuram,HOSHANGABAD,"23370303706, GOVT.HSS MISROD",प्रतिभागी,शिक्षक
AM1806,Chanchalesh Sendre,Narmadapuram,HOSHANGABAD,"23370303706, GOVT.HSS MISROD",प्रतिभागी,शिक्षक
AM2297,Savita Uikey,Narmadapuram,HOSHANGABAD,"23370303706, GOVT.HSS MISROD",प्रतिभागी,शिक्षक
BF2386,Gauri Shankar Rajput,Narmadapuram,HOSHANGABAD,"23370303706, GOVT.HSS MISROD",प्रतिभागी,शिक्षक
BQ2390,Prem Singh Songara,Narmadapuram,HOSHANGABAD,"23370303706, GOVT.HSS MISROD",प्रतिभागी,शिक्षक
BR7939,Neeta Gour,Narmadapuram,HOSHANGABAD,"23370303706, GOVT.HSS MISROD",प्रतिभागी,शिक्षक
BU1440,Ajay Bajpai,Narmadapuram,HOSHANGABAD,"23370303706, GOVT.HSS MISROD",प्रतिभागी,शिक्षक
AL8007,Reena Natekar,Narmadapuram,KESLA,"23370402209, GOVT.HSS JAMANI",प्रतिभागी,शिक्षक
AM1170,Aparna Varma,Narmadapuram,KESLA,"23370402209, GOVT.HSS JAMANI",प्रतिभागी,शिक्षक
AM1408,Vinod Kumar Chourey,Narmadapuram,KESLA,"23370402209, GOVT.HSS JAMANI",प्रतिभागी,शिक्षक
AM1464,Jay Kishore Sarathe,Narmadapuram,KESLA,"23370402209, GOVT.HSS JAMANI",प्रतिभागी,शिक्षक
BV5255,Rajnikant Dubey,Narmadapuram,KESLA,"23370402209, GOVT.HSS JAMANI",प्रतिभागी,शिक्षक
CC1524,RAJESH KUMAR MEHAR,Narmadapuram,KESLA,"23370402209, GOVT.HSS JAMANI",प्रतिभागी,शिक्षक
AL7323,Rajkumari Dhurve,Narmadapuram,KESLA,"23370400208, GOVT.HSS SEMRI KHURD",प्रतिभागी,शिक्षक
AM1028,S.D. Rathore,Narmadapuram,KESLA,"23370400208, GOVT.HSS SEMRI KHURD",प्रतिभागी,शिक्षक
AM2304,Barelal Katare,Narmadapuram,KESLA,"23370400208, GOVT.HSS SEMRI KHURD",प्रतिभागी,शिक्षक
BS5725,Kavita Chavda,Narmadapuram,KESLA,"23370400208, GOVT.HSS SEMRI KHURD",प्रतिभागी,शिक्षक
CC1934,YANEDRI SINGH,Narmadapuram,KESLA,"23370400208, GOVT.HSS SEMRI KHURD",प्रतिभागी,शिक्षक
CC5793,AMIT SARATHE,Narmadapuram,KESLA,"23370400208, GOVT.HSS SEMRI KHURD",प्रतिभागी,शिक्षक
AB3846,Shweta Chourasia,Narmadapuram,KESLA,"23370403709, GOVT.HSS PATHROTA",प्रतिभागी,शिक्षक
AL8408,	RASHMI Patwa,Narmadapuram,KESLA,"23370403709, GOVT.HSS PATHROTA",प्रतिभागी,शिक्षक
AL9898,Sanjay Parsai,Narmadapuram,KESLA,"23370403709, GOVT.HSS PATHROTA",प्रतिभागी,शिक्षक
AM1088,Raja Parashar,Narmadapuram,KESLA,"23370403709, GOVT.HSS PATHROTA",प्रतिभागी,शिक्षक
AM1300,Mohandas Sonia,Narmadapuram,KESLA,"23370403709, GOVT.HSS PATHROTA",प्रतिभागी,शिक्षक
AM1488,Vandana Thakur,Narmadapuram,KESLA,"23370403709, GOVT.HSS PATHROTA",प्रतिभागी,शिक्षक
AN7514,Rajkumari Goswami,Narmadapuram,KESLA,"23370403709, GOVT.HSS PATHROTA",प्रतिभागी,शिक्षक
BT8262,Gaytri Dhurve,Narmadapuram,KESLA,"23370403709, GOVT.HSS PATHROTA",प्रतिभागी,शिक्षक
CC1919,POOJA MISHRA,Narmadapuram,KESLA,"23370403709, GOVT.HSS PATHROTA",प्रतिभागी,शिक्षक
CD8171,POONAM PARSAI,Narmadapuram,KESLA,"23370403709, GOVT.HSS PATHROTA",प्रतिभागी,शिक्षक
AE8805,Laxmi Narayan Raghuwanshi,Narmadapuram,KESLA,"23370404703, GOVT.HS GAJPUR",प्रतिभागी,शिक्षक
AM1520,"Rajesh., Gajbhia",Narmadapuram,KESLA,"23370404703, GOVT.HS GAJPUR",प्रतिभागी,शिक्षक
CC7357,SHELENDRA TOMAR,Narmadapuram,KESLA,"23370404703, GOVT.HS GAJPUR",प्रतिभागी,शिक्षक
AL8419,Rakhi Kanthele,Narmadapuram,KESLA,"23370406509, GOVT EX.HSS KESLA",प्रतिभागी,शिक्षक
AM1481,Sushma Sahu,Narmadapuram,KESLA,"23370406509, GOVT EX.HSS KESLA",प्रतिभागी,शिक्षक
CC4083,POOJA PANDEY,Narmadapuram,KESLA,"23370406509, GOVT EX.HSS KESLA",प्रतिभागी,शिक्षक
CC7116,MAMTA SHUKLA,Narmadapuram,KESLA,"23370406509, GOVT EX.HSS KESLA",प्रतिभागी,शिक्षक
AM1493,PRADYUMN KUMAR MISHRA,Narmadapuram,KESLA,"23370413701, GHSS SUKHTAWA",प्रतिभागी,शिक्षक
AM1639,Rakesh Jha,Narmadapuram,KESLA,"23370413701, GHSS SUKHTAWA",प्रतिभागी,शिक्षक
BU2363,Pramila Sachan,Narmadapuram,KESLA,"23370413701, GHSS SUKHTAWA",प्रतिभागी,शिक्षक
BV6460,Gaurav Kumar Dubey,Narmadapuram,KESLA,"23370413701, GHSS SUKHTAWA",प्रतिभागी,शिक्षक
AM1667,Ramsuresh Chouhan,Narmadapuram,KESLA,"23370411802, GOVT.HSS SADHPURA",प्रतिभागी,शिक्षक
BU2330,Santosh Kumar,Narmadapuram,KESLA,"23370411802, GOVT.HSS SADHPURA",प्रतिभागी,शिक्षक
CC1655,DEEPA PATIDAR,Narmadapuram,KESLA,"23370411802, GOVT.HSS SADHPURA",प्रतिभागी,शिक्षक
AL7196,Ranjana Rai,Narmadapuram,PIPERIYA,"23370615508, GOVT.HSS EXCELENCE RNA PIPARIYA",प्रतिभागी,शिक्षक
AL8423,Gireesh Kumar Gautam,Narmadapuram,PIPERIYA,"23370615508, GOVT.HSS EXCELENCE RNA PIPARIYA",प्रतिभागी,शिक्षक
AL9655,Vinod Kumar Khatik,Narmadapuram,PIPERIYA,"23370615508, GOVT.HSS EXCELENCE RNA PIPARIYA",प्रतिभागी,शिक्षक
AL8014,Heera Bai Arse,Narmadapuram,PIPERIYA,"23370615409, GOVT.HSS GIRLS PIPARIYA",प्रतिभागी,शिक्षक
AL8253,Sarita Raghuwanshi,Narmadapuram,PIPERIYA,"23370615409, GOVT.HSS GIRLS PIPARIYA",प्रतिभागी,शिक्षक
AL9103,Satish Kumar Ahirwar,Narmadapuram,PIPERIYA,"23370615409, GOVT.HSS GIRLS PIPARIYA",प्रतिभागी,शिक्षक
AL9255,Sushil Kumar Arse,Narmadapuram,PIPERIYA,"23370615409, GOVT.HSS GIRLS PIPARIYA",प्रतिभागी,शिक्षक
AL9316,Durgesh Kumar Tiwari,Narmadapuram,PIPERIYA,"23370615409, GOVT.HSS GIRLS PIPARIYA",प्रतिभागी,शिक्षक
AL9485,Rajesh Kumar Sankule,Narmadapuram,PIPERIYA,"23370615409, GOVT.HSS GIRLS PIPARIYA",प्रतिभागी,शिक्षक
AL9631,Jeevan Lal Dhurve,Narmadapuram,PIPERIYA,"23370615409, GOVT.HSS GIRLS PIPARIYA",प्रतिभागी,शिक्षक
AL9649,Mahesh Kumar Patel,Narmadapuram,PIPERIYA,"23370615409, GOVT.HSS GIRLS PIPARIYA",प्रतिभागी,शिक्षक
BR3254,Rewashankar AHIRWAR,Narmadapuram,PIPERIYA,"23370615409, GOVT.HSS GIRLS PIPARIYA",प्रतिभागी,शिक्षक
AL9153,Raghuveer Prasad Sarathe,Narmadapuram,PIPERIYA,"23370603007, GOVT.HSS KHAPARKHEDA",प्रतिभागी,शिक्षक
AR9070,Poonam Bhanotra,Narmadapuram,PIPERIYA,"23370603007, GOVT.HSS KHAPARKHEDA",प्रतिभागी,शिक्षक
BQ8340,Bharati Sahu,Narmadapuram,PIPERIYA,"23370603007, GOVT.HSS KHAPARKHEDA",प्रतिभागी,शिक्षक
BW5919,Sandeep Pandoliya,Narmadapuram,PIPERIYA,"23370603007, GOVT.HSS KHAPARKHEDA",प्रतिभागी,शिक्षक
AM2767,Sravan Singh Rajpoot,Narmadapuram,PIPERIYA,"23370602309, GOVT.HSS SANDIYA",प्रतिभागी,शिक्षक
BQ4637,Dilvag Singh Banskar,Narmadapuram,PIPERIYA,"23370602309, GOVT.HSS SANDIYA",प्रतिभागी,शिक्षक
BT4138,Shailja Upadhyay,Narmadapuram,PIPERIYA,"23370602309, GOVT.HSS SANDIYA",प्रतिभागी,शिक्षक
AL9126,Renuka Raj,Narmadapuram,PIPERIYA,"23370610307, GOVT.HSS MATKULI",प्रतिभागी,शिक्षक
BZ2148,Rama Thakur,Narmadapuram,PIPERIYA,"23370610307, GOVT.HSS MATKULI",प्रतिभागी,शिक्षक
AL9400,Leela Uikey,Narmadapuram,PIPERIYA,"23370615618, GOVT.HSS BOYS PACHMARHI",प्रतिभागी,शिक्षक
BV1136,Satya Narayan,Narmadapuram,PIPERIYA,"23370615618, GOVT.HSS BOYS PACHMARHI",प्रतिभागी,सीएसी
AL8514,Mahesh Kumar Mehara,Narmadapuram,PIPERIYA,"23370607606, GOVT.HSS TARONKALA",प्रतिभागी,शिक्षक
AM2849,Rikhi Ram Mehra,Narmadapuram,PIPERIYA,"23370607606, GOVT.HSS TARONKALA",प्रतिभागी,शिक्षक
AL6908,Nitin Kumar Paliwal,Narmadapuram,SIVNI MAALVA ,"23370710049, GOVT.HS NAVEEN SEONI MALWA",प्रतिभागी,शिक्षक
AL8263,Hariom Sharma,Narmadapuram,SIVNI MAALVA ,"23370710049, GOVT.HS NAVEEN SEONI MALWA",प्रतिभागी,अन्य
AM3054,Meeta Gour,Narmadapuram,SIVNI MAALVA ,"23370710049, GOVT.HS NAVEEN SEONI MALWA",प्रतिभागी,शिक्षक
BP4289,Narendra Kumar Pawar,Narmadapuram,SIVNI MAALVA ,"23370710049, GOVT.HS NAVEEN SEONI MALWA",प्रतिभागी,शिक्षक
AL4138,Ravishanker Choudhary,Narmadapuram,SIVNI MAALVA ,"23370708404, GOVT.HSS BAGHWADA",प्रतिभागी,शिक्षक
BW6969,Bhagwan Das,Narmadapuram,SIVNI MAALVA ,"23370708404, GOVT.HSS BAGHWADA",प्रतिभागी,शिक्षक
BX1461,Raj Shree Bramhbhatt,Narmadapuram,SIVNI MAALVA ,"23370708404, GOVT.HSS BAGHWADA",प्रतिभागी,शिक्षक
AL6589,Anita Jharaniya,Narmadapuram,SIVNI MAALVA ,"23370710048, GOVT.HSS EXCELLENCE SEONI MALWA",प्रतिभागी,शिक्षक
AL6835,Virendra Singh Parihar,Narmadapuram,SIVNI MAALVA ,"23370710048, GOVT.HSS EXCELLENCE SEONI MALWA",प्रतिभागी,शिक्षक
AL8278,Jyoti Sharma,Narmadapuram,SIVNI MAALVA ,"23370710048, GOVT.HSS EXCELLENCE SEONI MALWA",प्रतिभागी,शिक्षक
AM3169,Ashok Kumar Rathor,Narmadapuram,SIVNI MAALVA ,"23370710048, GOVT.HSS EXCELLENCE SEONI MALWA",प्रतिभागी,शिक्षक
AL6891,Shalikram Dayma,Narmadapuram,SIVNI MAALVA ,"23370714912, GOVT.HSS SHIVPUR",प्रतिभागी,शिक्षक
AL7270,Suresh Choudhary,Narmadapuram,SIVNI MAALVA ,"23370714912, GOVT.HSS SHIVPUR",प्रतिभागी,शिक्षक
AL7271,Rajesh Yadav,Narmadapuram,SIVNI MAALVA ,"23370714912, GOVT.HSS SHIVPUR",प्रतिभागी,शिक्षक
AL6907,Neeraj Soni,Narmadapuram,SIVNI MAALVA ,"23370702802, GOVT.HSS MALAPAT",प्रतिभागी,शिक्षक
AL7226,Dhruv Kumar Yaduwanshi,Narmadapuram,SIVNI MAALVA ,"23370702802, GOVT.HSS MALAPAT",प्रतिभागी,शिक्षक
BS8057,Rajendra Kalme,Narmadapuram,SIVNI MAALVA ,"23370702802, GOVT.HSS MALAPAT",प्रतिभागी,शिक्षक
AL6880,Rachna Lowanshi,Narmadapuram,SIVNI MAALVA ,"23370715907, GOVT.HSS.KHAPARIYA",प्रतिभागी,शिक्षक
AL6935,Devendra Gour,Narmadapuram,SIVNI MAALVA ,"23370715907, GOVT.HSS.KHAPARIYA",प्रतिभागी,शिक्षक
AL8213,Chhote Lal Bhilala,Narmadapuram,SIVNI MAALVA ,"23370715907, GOVT.HSS.KHAPARIYA",प्रतिभागी,शिक्षक
BT5333,Prashant Singh Bhadoriya,Narmadapuram,SIVNI MAALVA ,"23370715907, GOVT.HSS.KHAPARIYA",प्रतिभागी,शिक्षक
CA3094,Sangeeta Yadav,Narmadapuram,SIVNI MAALVA ,"23370715907, GOVT.HSS.KHAPARIYA",प्रतिभागी,शिक्षक
AM1114,Santosh Kumar Choudhary,Narmadapuram,SIVNI MAALVA ,"23370705006, GOVT. HSS BABADIYA BHAU",प्रतिभागी,शिक्षक
AM3149,Chandragopal Thakur,Narmadapuram,SIVNI MAALVA ,"23370705006, GOVT. HSS BABADIYA BHAU",प्रतिभागी,शिक्षक
AM3158,Pramod Kumar Uikey,Narmadapuram,SIVNI MAALVA ,"23370705006, GOVT. HSS BABADIYA BHAU",प्रतिभागी,शिक्षक
BY9149,Jyoti Yadav,Narmadapuram,SIVNI MAALVA ,"23370705006, GOVT. HSS BABADIYA BHAU",प्रतिभागी,शिक्षक
AL6932,Neetu Patel Gour,Narmadapuram,SIVNI MAALVA ,"23370701305, GOVT.HSS CHATARKHEDA",प्रतिभागी,शिक्षक
AL8276,Shalak Ram Tekam,Narmadapuram,SIVNI MAALVA ,"23370701305, GOVT.HSS CHATARKHEDA",प्रतिभागी,शिक्षक
AL8280,Dilip Kumar Soniya,Narmadapuram,SIVNI MAALVA ,"23370701305, GOVT.HSS CHATARKHEDA",प्रतिभागी,शिक्षक
BS6173,Payal Malviya,Narmadapuram,SIVNI MAALVA ,"23370701305, GOVT.HSS CHATARKHEDA",प्रतिभागी,शिक्षक
BW8096,Vinesh Kumar Yadav,Narmadapuram,SIVNI MAALVA ,"23370701305, GOVT.HSS CHATARKHEDA",प्रतिभागी,शिक्षक
CD5972,TANUJA LIMJE,Narmadapuram,SIVNI MAALVA ,"23370701305, GOVT.HSS CHATARKHEDA",प्रतिभागी,शिक्षक
AA9232,Ritu Chourasiya,Narmadapuram,SOHAGPUR,"23370507338, GOVT.HSS EXCELLENCE SOHAGPUR",प्रतिभागी,शिक्षक
AE5221,Subhashini Shukla,Narmadapuram,SOHAGPUR,"23370507338, GOVT.HSS EXCELLENCE SOHAGPUR",प्रतिभागी,शिक्षक
AL8347,Anita Sahu,Narmadapuram,SOHAGPUR,"23370507338, GOVT.HSS EXCELLENCE SOHAGPUR",प्रतिभागी,शिक्षक
AL8414,Kamal Kishor Katare,Narmadapuram,SOHAGPUR,"23370507338, GOVT.HSS EXCELLENCE SOHAGPUR",प्रतिभागी,शिक्षक
AL8555,Vishnu Prasad Thakur,Narmadapuram,SOHAGPUR,"23370507338, GOVT.HSS EXCELLENCE SOHAGPUR",प्रतिभागी,शिक्षक
AL8671,Sulekha Rai,Narmadapuram,SOHAGPUR,"23370507338, GOVT.HSS EXCELLENCE SOHAGPUR",प्रतिभागी,शिक्षक
AL6455,Chitra Chourasiya,Narmadapuram,SOHAGPUR,"23370507337, GOVT.HSS SOHAGPUR",प्रतिभागी,शिक्षक
AL8352,Vijay Thakur,Narmadapuram,SOHAGPUR,"23370507337, GOVT.HSS SOHAGPUR",प्रतिभागी,शिक्षक
AL8426,Madhulika Masih,Narmadapuram,SOHAGPUR,"23370507337, GOVT.HSS SOHAGPUR",प्रतिभागी,शिक्षक
AL8778,Niranjana Dubey,Narmadapuram,SOHAGPUR,"23370507337, GOVT.HSS SOHAGPUR",प्रतिभागी,शिक्षक
AL8999,Durga Shah,Narmadapuram,SOHAGPUR,"23370507337, GOVT.HSS SOHAGPUR",प्रतिभागी,शिक्षक
AM2635,Latika Kori,Narmadapuram,SOHAGPUR,"23370507337, GOVT.HSS SOHAGPUR",प्रतिभागी,शिक्षक
AU2680,Jageshwar Sharma,Narmadapuram,SOHAGPUR,"23370507337, GOVT.HSS SOHAGPUR",प्रतिभागी,शिक्षक
BQ3411,Manisha Jha,Narmadapuram,SOHAGPUR,"23370507337, GOVT.HSS SOHAGPUR",प्रतिभागी,शिक्षक
BV4289,Shiromani Thakur,Narmadapuram,SOHAGPUR,"23370507337, GOVT.HSS SOHAGPUR",प्रतिभागी,शिक्षक
BW1920,Aarti Sahu,Narmadapuram,SOHAGPUR,"23370507337, GOVT.HSS SOHAGPUR",प्रतिभागी,शिक्षक
BX3861,Rakesh Kumar Patel,Narmadapuram,SOHAGPUR,"23370507337, GOVT.HSS SOHAGPUR",प्रतिभागी,शिक्षक
BZ7567,BHARAT KUMAR SAHU,Narmadapuram,SOHAGPUR,"23370507337, GOVT.HSS SOHAGPUR",प्रतिभागी,शिक्षक
AL8493,Sangitarani Jems,Narmadapuram,SOHAGPUR,"23370514419, GOVT.HSS BOYS SEMRIHARCHAND",प्रतिभागी,शिक्षक
AL8766,Sadhana Vishwakarma,Narmadapuram,SOHAGPUR,"23370514419, GOVT.HSS BOYS SEMRIHARCHAND",प्रतिभागी,शिक्षक
AL8905,Rajendra Kumar Patel,Narmadapuram,SOHAGPUR,"23370514419, GOVT.HSS BOYS SEMRIHARCHAND",प्रतिभागी,शिक्षक
AL8545,Vibha Mudgal,Narmadapuram,SOHAGPUR,"23370501016, GOVT.HSS.GIRLS SHOBHAPUR",प्रतिभागी,शिक्षक
BT1771,Anita Chobey,Narmadapuram,SOHAGPUR,"23370501016, GOVT.HSS.GIRLS SHOBHAPUR",प्रतिभागी,शिक्षक
BT7733,Raksha Soni,Narmadapuram,SOHAGPUR,"23370501016, GOVT.HSS.GIRLS SHOBHAPUR",प्रतिभागी,शिक्षक
BV4825,Kapil Kumar Shakya,Narmadapuram,SOHAGPUR,"23370501016, GOVT.HSS.GIRLS SHOBHAPUR",प्रतिभागी,शिक्षक
AL8362,Kamlesh Kumar Thakur,Narmadapuram,SOHAGPUR,"23370501017, GOVT.HSS BOYS SOBHAPUR",प्रतिभागी,शिक्षक
AL8401,Devaki Pathariya,Narmadapuram,SOHAGPUR,"23370501017, GOVT.HSS BOYS SOBHAPUR",प्रतिभागी,शिक्षक
AL8534,Ganpat Singh Gujar,Narmadapuram,SOHAGPUR,"23370501017, GOVT.HSS BOYS SOBHAPUR",प्रतिभागी,शिक्षक
AL8566,Narmada Prasad Kahar,Narmadapuram,SOHAGPUR,"23370501017, GOVT.HSS BOYS SOBHAPUR",प्रतिभागी,शिक्षक
AL8835,Ram Gopal Patel,Narmadapuram,SOHAGPUR,"23370501017, GOVT.HSS BOYS SOBHAPUR",प्रतिभागी,शिक्षक
AL9165,Rajesh Kumar Ahirwar,Narmadapuram,SOHAGPUR,"23370501017, GOVT.HSS BOYS SOBHAPUR",प्रतिभागी,शिक्षक
CB8527,GANGOTREE PATLE,Narmadapuram,SOHAGPUR,"23370501017, GOVT.HSS BOYS SOBHAPUR",प्रतिभागी,शिक्षक
AL8367,Kalpna Suyrwanshi,Narmadapuram,SOHAGPUR,"23370514418, GOVT.HSS GIRLS SEMRI HARCHAND",प्रतिभागी,शिक्षक
AL8376,Sevanti Mourya,Narmadapuram,SOHAGPUR,"23370514418, GOVT.HSS GIRLS SEMRI HARCHAND",प्रतिभागी,शिक्षक
AL8763,Hemlata Sahu,Narmadapuram,SOHAGPUR,"23370514418, GOVT.HSS GIRLS SEMRI HARCHAND",प्रतिभागी,शिक्षक
AL8816,Hariram Kahar,Narmadapuram,SOHAGPUR,"23370514418, GOVT.HSS GIRLS SEMRI HARCHAND",प्रतिभागी,शिक्षक
AL9038,Kailash Chandra Ivney,Narmadapuram,SOHAGPUR,"23370514418, GOVT.HSS GIRLS SEMRI HARCHAND",प्रतिभागी,शिक्षक
BU2779,Jitendra Purohit,Narmadapuram,SOHAGPUR,"23370514418, GOVT.HSS GIRLS SEMRI HARCHAND",प्रतिभागी,शिक्षक
BV5740,Kanchan Lutare,Narmadapuram,SOHAGPUR,"23370514418, GOVT.HSS GIRLS SEMRI HARCHAND",प्रतिभागी,शिक्षक
AR8062,Anamika Chitrakar,Narsinghpur,CHAWARPATHA,"23400603506, GOVT. HS BILHERA",प्रतिभागी,शिक्षक
AR8485,Lakhan Lal Patel,Narsinghpur,CHAWARPATHA,"23400603506, GOVT. HS BILHERA",प्रतिभागी,शिक्षक
AR8479,Maya Choudhary,Narsinghpur,CHAWARPATHA,"23400605615, GOVT. HSS BOYS, TENDUKHEDA",प्रतिभागी,शिक्षक
BX3074,Deepti Tiwari,Narsinghpur,CHAWARPATHA,"23400611903, GOVT. HSS EXCELLENCE, CHAWARPATHA",प्रतिभागी,शिक्षक
BY8047,Ramswaroop Dubey,Narsinghpur,CHAWARPATHA,"23400611903, GOVT. HSS EXCELLENCE, CHAWARPATHA",प्रतिभागी,शिक्षक
AR7852,Rajendra Singh Patel,Narsinghpur,CHAWARPATHA,"23400609310, GOVT. HSS DOBHI",प्रतिभागी,शिक्षक
CE6098,VANSHI LAL,Narsinghpur,CHAWARPATHA,"23400609310, GOVT. HSS DOBHI",प्रतिभागी,शिक्षक
AR7935,Mahendra Singh Varma,Narsinghpur,CHAWARPATHA,"23400619907, GOVT. HSS SIHORA",प्रतिभागी,शिक्षक
AR8433,Satish Kumar Kourav,Narsinghpur,CHAWARPATHA,"23400619907, GOVT. HSS SIHORA",प्रतिभागी,शिक्षक
AS2251,Rajesh Kumar Vishwakarma,Narsinghpur,CHAWARPATHA,"23400619907, GOVT. HSS SIHORA",प्रतिभागी,शिक्षक
BX5401,Surendra Singh Choudhary,Narsinghpur,CHAWARPATHA,"23400619907, GOVT. HSS SIHORA",प्रतिभागी,शिक्षक
AR8451,Jyoti Mehra,Narsinghpur,CHAWARPATHA,"23400618907, GOVT. HSS RAGHAV KRASHI, BOHANI",प्रतिभागी,शिक्षक
AR8459,Shlendra Dhurve,Narsinghpur,CHAWARPATHA,"23400618907, GOVT. HSS RAGHAV KRASHI, BOHANI",प्रतिभागी,शिक्षक
CB4026,SWATI SHARMA,Narsinghpur,CHAWARPATHA,"23400618907, GOVT. HSS RAGHAV KRASHI, BOHANI",प्रतिभागी,शिक्षक
AR8382,Gopal Sahu,Narsinghpur,CHAWARPATHA,"23400618509, GOVT. HSS KOUDIYA",प्रतिभागी,शिक्षक
AR8467,Rajesh Kumar Bijorya,Narsinghpur,CHAWARPATHA,"23400618509, GOVT. HSS KOUDIYA",प्रतिभागी,शिक्षक
CD7352,NEELAM AGRAWAL,Narsinghpur,CHAWARPATHA,"23400618509, GOVT. HSS KOUDIYA",प्रतिभागी,शिक्षक
AR8419,Sangeeta Mehra,Narsinghpur,CHICHLI,"23400207304, GOVT. HSS TENDUKHEDA (GOTI.)",प्रतिभागी,शिक्षक
AR9207,Sandhya Belwanshi,Narsinghpur,CHICHLI,"23400207304, GOVT. HSS TENDUKHEDA (GOTI.)",प्रतिभागी,शिक्षक
AR8968,Rajni Jaget,Narsinghpur,CHICHLI,"23400207512, GOVT. HSS EXCELLENCE, CHICHLI",प्रतिभागी,शिक्षक
AR9420,Kalejram Mehra,Narsinghpur,CHICHLI,"23400207512, GOVT. HSS EXCELLENCE, CHICHLI",प्रतिभागी,शिक्षक
BQ7416,Ramesh Prasad Namdeo,Narsinghpur,CHICHLI,"23400207512, GOVT. HSS EXCELLENCE, CHICHLI",प्रतिभागी,शिक्षक
BT5465,Manish Kumar Dubey,Narsinghpur,CHICHLI,"23400207512, GOVT. HSS EXCELLENCE, CHICHLI",प्रतिभागी,शिक्षक
BW6140,Takhat Singh Vishwakarma,Narsinghpur,CHICHLI,"23400207512, GOVT. HSS EXCELLENCE, CHICHLI",प्रतिभागी,शिक्षक
AM2711,Radha Dhurve,Narsinghpur,CHICHLI,"23400205204, GOVT. HS KATHOTIYA (CHICHALI)",प्रतिभागी,शिक्षक
AR7750,Akhileswar Singh Kourav,Narsinghpur,CHICHLI,"23400205204, GOVT. HS KATHOTIYA (CHICHALI)",प्रतिभागी,शिक्षक
AR8849,Manoj Kumar,Narsinghpur,CHICHLI,"23400205204, GOVT. HS KATHOTIYA (CHICHALI)",प्रतिभागी,शिक्षक
AR9213,Geeta Agrwal,Narsinghpur,CHICHLI,"23400205204, GOVT. HS KATHOTIYA (CHICHALI)",प्रतिभागी,शिक्षक
CE1281,SONIKA RAJPUT,Narsinghpur,CHICHLI,"23400205204, GOVT. HS KATHOTIYA (CHICHALI)",प्रतिभागी,शिक्षक
AR9160,Netram Kourav,Narsinghpur,CHICHLI,"23400206204, GOVT. HSS SUKHA KHERI",प्रतिभागी,शिक्षक
AR8891,Mahendra Kumar Kumare,Narsinghpur,CHICHLI,"23400210604, GOVT. HS SHAHPUR",प्रतिभागी,शिक्षक
AR9321,Virendra Kumar Patyat,Narsinghpur,CHICHLI,"23400210604, GOVT. HS SHAHPUR",प्रतिभागी,शिक्षक
AS3075,Namita Sharma,Narsinghpur,CHICHLI,"23400210604, GOVT. HS SHAHPUR",प्रतिभागी,शिक्षक
AR8947,Jagdeesh Prasad Thakur,Narsinghpur,CHICHLI,"23400213206, GOVT. HSS KARAPGAON",प्रतिभागी,शिक्षक
AS2061,Awadhesh Kumar Kourav,Narsinghpur,CHICHLI,"23400213206, GOVT. HSS KARAPGAON",प्रतिभागी,शिक्षक
BR6097,Kavita Sahu,Narsinghpur,CHICHLI,"23400213206, GOVT. HSS KARAPGAON",प्रतिभागी,शिक्षक
BZ1109,Umesh Kumar Dwivedi,Narsinghpur,CHICHLI,"23400213206, GOVT. HSS KARAPGAON",प्रतिभागी,शिक्षक
BQ6764,Jyoti Pagare,Narsinghpur,CHICHLI,"23400204012, GOVT. HSS BOYS, SALICHOUKA ROAD",प्रतिभागी,शिक्षक
BR5123,Shyam Kishor Gupta,Narsinghpur,CHICHLI,"23400204012, GOVT. HSS BOYS, SALICHOUKA ROAD",प्रतिभागी,शिक्षक
BU5948,Indrabhushan Singh Rajput,Narsinghpur,CHICHLI,"23400204012, GOVT. HSS BOYS, SALICHOUKA ROAD",प्रतिभागी,अन्य
AB3019,Hemant Kumar Sen,Narsinghpur,GOTEGAON (SHRIDHAM),"23400325809, GOVT. HSS EXCELLENCE, GOTEGAON",प्रतिभागी,शिक्षक
AR9603,Shashi Prabha Chouksey,Narsinghpur,GOTEGAON (SHRIDHAM),"23400325809, GOVT. HSS EXCELLENCE, GOTEGAON",प्रतिभागी,शिक्षक
AR9975,Varsha Jain,Narsinghpur,GOTEGAON (SHRIDHAM),"23400325809, GOVT. HSS EXCELLENCE, GOTEGAON",प्रतिभागी,शिक्षक
AS1191,Sanjay Kumar Sahu,Narsinghpur,GOTEGAON (SHRIDHAM),"23400325809, GOVT. HSS EXCELLENCE, GOTEGAON",प्रतिभागी,शिक्षक
AS1475,Jyoti Namdeo,Narsinghpur,GOTEGAON (SHRIDHAM),"23400325809, GOVT. HSS EXCELLENCE, GOTEGAON",प्रतिभागी,शिक्षक
BQ5911,Sunil Kumar,Narsinghpur,GOTEGAON (SHRIDHAM),"23400325809, GOVT. HSS EXCELLENCE, GOTEGAON",प्रतिभागी,शिक्षक
AS1203,Ajeet KUMAR JAIN,Narsinghpur,GOTEGAON (SHRIDHAM),"23400300606, GOVT. HS RAKHI (BHAINSA)",प्रतिभागी,शिक्षक
CA4173,VINAYAK SONI,Narsinghpur,GOTEGAON (SHRIDHAM),"23400300606, GOVT. HS RAKHI (BHAINSA)",प्रतिभागी,शिक्षक
AR9932,Dharmendra KUMAR CHOUBEY,Narsinghpur,GOTEGAON (SHRIDHAM),"23400302405, GOVT. HSS KHAMARIYA (JHANSIGHAT)",प्रतिभागी,शिक्षक
AS1192,Sunil Kumar Jain,Narsinghpur,GOTEGAON (SHRIDHAM),"23400302405, GOVT. HSS KHAMARIYA (JHANSIGHAT)",प्रतिभागी,शिक्षक
AR9596,Sumita Pagare,Narsinghpur,GOTEGAON (SHRIDHAM),"23400307504, GOVT. HS SIMARIYA",प्रतिभागी,शिक्षक
AR9781,Dayaram Singh Patel,Narsinghpur,GOTEGAON (SHRIDHAM),"23400307504, GOVT. HS SIMARIYA",प्रतिभागी,शिक्षक
AR9895,ALOK KUMAR BHATT,Narsinghpur,GOTEGAON (SHRIDHAM),"23400307504, GOVT. HS SIMARIYA",प्रतिभागी,शिक्षक
AR9726,Rajesh Kumar Tripathi,Narsinghpur,GOTEGAON (SHRIDHAM),"23400311206, GOVT. HS SARRA",प्रतिभागी,शिक्षक
AR9788,JALAM SINGH PATEL,Narsinghpur,GOTEGAON (SHRIDHAM),"23400311206, GOVT. HS SARRA",प्रतिभागी,शिक्षक
AS1256,Kamlendra Soni,Narsinghpur,GOTEGAON (SHRIDHAM),"23400311206, GOVT. HS SARRA",प्रतिभागी,शिक्षक
BQ2668,Nirmala Vishwakarma,Narsinghpur,GOTEGAON (SHRIDHAM),"23400311206, GOVT. HS SARRA",प्रतिभागी,शिक्षक
AR9705,Sanjeev Kumar Bansod,Narsinghpur,GOTEGAON (SHRIDHAM),"23400318308, GOVT. HSS UMARIYA (SHRI NAGAR)",प्रतिभागी,शिक्षक
CB7817,RAJKUMAR THAKUR,Narsinghpur,GOTEGAON (SHRIDHAM),"23400318308, GOVT. HSS UMARIYA (SHRI NAGAR)",प्रतिभागी,शिक्षक
AR9770,Chintamani Khatri,Narsinghpur,GOTEGAON (SHRIDHAM),"23400312209, GOVT. HS BAGASPUR",प्रतिभागी,शिक्षक
CB6392,ABHILASH RAJPUT,Narsinghpur,GOTEGAON (SHRIDHAM),"23400312209, GOVT. HS BAGASPUR",प्रतिभागी,शिक्षक
AB3868,Rajesh Patel,Narsinghpur,GOTEGAON (SHRIDHAM),"23400316504, GOVT. HSS CHANDANKHEDA",प्रतिभागी,शिक्षक
AR9661,Ashok Kumar Mahobiya,Narsinghpur,GOTEGAON (SHRIDHAM),"23400316504, GOVT. HSS CHANDANKHEDA",प्रतिभागी,शिक्षक
AS1381,Ravishankar Gupta,Narsinghpur,GOTEGAON (SHRIDHAM),"23400316504, GOVT. HSS CHANDANKHEDA",प्रतिभागी,शिक्षक
AS3402,Govind Singh Patel,Narsinghpur,GOTEGAON (SHRIDHAM),"23400316504, GOVT. HSS CHANDANKHEDA",प्रतिभागी,शिक्षक
AS1050,Lalit Kumar Mehra,Narsinghpur,GOTEGAON (SHRIDHAM),"23400320407, GOVT. HSS SARVODAYA, SURVARI",प्रतिभागी,शिक्षक
BQ3353,Umesh Kumar Vishvakarma,Narsinghpur,GOTEGAON (SHRIDHAM),"23400320407, GOVT. HSS SARVODAYA, SURVARI",प्रतिभागी,शिक्षक
BR7512,Pushpa Patel,Narsinghpur,GOTEGAON (SHRIDHAM),"23400320407, GOVT. HSS SARVODAYA, SURVARI",प्रतिभागी,शिक्षक
BZ5726,Dinesh Patel,Narsinghpur,GOTEGAON (SHRIDHAM),"23400320407, GOVT. HSS SARVODAYA, SURVARI",प्रतिभागी,शिक्षक
AS1060,Rajpal Singh Patel,Narsinghpur,GOTEGAON (SHRIDHAM),"23400314012, GOVT. HSS KARAKBEL",प्रतिभागी,शिक्षक
AS1404,Dharmendra Pal Singh Kol,Narsinghpur,GOTEGAON (SHRIDHAM),"23400314012, GOVT. HSS KARAKBEL",प्रतिभागी,शिक्षक
AS1431,Mohini Thakur,Narsinghpur,GOTEGAON (SHRIDHAM),"23400314012, GOVT. HSS KARAKBEL",प्रतिभागी,शिक्षक
AS2348,Kshamta Jacob,Narsinghpur,GOTEGAON (SHRIDHAM),"23400314012, GOVT. HSS KARAKBEL",प्रतिभागी,शिक्षक
CB6398,PREETI DHURVEY,Narsinghpur,GOTEGAON (SHRIDHAM),"23400322708, GOVT. HSS BARHATA",प्रतिभागी,शिक्षक
AS1583,Rajesh Kumar Parashar,Narsinghpur,KARELI,"23400411906, GOVT. HSS NIVARI PAN",प्रतिभागी,शिक्षक
AS2303,Goutam Singh Thakur,Narsinghpur,KARELI,"23400411906, GOVT. HSS NIVARI PAN",प्रतिभागी,शिक्षक
BQ3444,Rakesh Kumar Fouzdar,Narsinghpur,KARELI,"23400411906, GOVT. HSS NIVARI PAN",प्रतिभागी,शिक्षक
BR5254,Deepti Kori,Narsinghpur,KARELI,"23400411906, GOVT. HSS NIVARI PAN",प्रतिभागी,शिक्षक
BV9879,Anupendra Singh Jat,Narsinghpur,KARELI,"23400411906, GOVT. HSS NIVARI PAN",प्रतिभागी,शिक्षक
BW9001,Ishwar Jatav,Narsinghpur,KARELI,"23400411906, GOVT. HSS NIVARI PAN",प्रतिभागी,शिक्षक
CB1692,ROMA SONI,Narsinghpur,KARELI,"23400411906, GOVT. HSS NIVARI PAN",प्रतिभागी,शिक्षक
AS1762,Ashutosh Charan Dubey,Narsinghpur,KARELI,"23400414903, GOVT. HSS GIRLS, KARELI",प्रतिभागी,शिक्षक
AS2236,Prashant Kumar Tiwari,Narsinghpur,KARELI,"23400414903, GOVT. HSS GIRLS, KARELI",प्रतिभागी,शिक्षक
AY3466,Darshana Tignath,Narsinghpur,KARELI,"23400414903, GOVT. HSS GIRLS, KARELI",प्रतिभागी,शिक्षक
BQ9504,Bharti Kourav,Narsinghpur,KARELI,"23400414903, GOVT. HSS GIRLS, KARELI",प्रतिभागी,शिक्षक
BX3741,Khushbu Choubey,Narsinghpur,KARELI,"23400414903, GOVT. HSS GIRLS, KARELI",प्रतिभागी,शिक्षक
AS1143,Ajeet KUMAR SARATHE,Narsinghpur,KARELI,"23400405307, GOVT. HSS UMARIYA (CHINKI)",प्रतिभागी,शिक्षक
AS1585,Navin Pravesh Vishwakarma,Narsinghpur,KARELI,"23400405307, GOVT. HSS UMARIYA (CHINKI)",प्रतिभागी,शिक्षक
AS1910,Neela Bai Kol,Narsinghpur,KARELI,"23400405307, GOVT. HSS UMARIYA (CHINKI)",प्रतिभागी,शिक्षक
AS2064,Rajni Tripathi,Narsinghpur,KARELI,"23400405307, GOVT. HSS UMARIYA (CHINKI)",प्रतिभागी,शिक्षक
BV5665,Neelama Giri,Narsinghpur,KARELI,"23400405307, GOVT. HSS UMARIYA (CHINKI)",प्रतिभागी,शिक्षक
AS2319,Archna Sahu,Narsinghpur,KARELI,"23400410912, GOVT. HSS BOYS, AAMGAN BADA",प्रतिभागी,शिक्षक
BW6873,Narayan Vishwakarma,Narsinghpur,KARELI,"23400410912, GOVT. HSS BOYS, AAMGAN BADA",प्रतिभागी,शिक्षक
CB8588,MADHU KOTIA,Narsinghpur,KARELI,"23400410912, GOVT. HSS BOYS, AAMGAN BADA",प्रतिभागी,शिक्षक
CD3148,BHARTI PATEL,Narsinghpur,KARELI,"23400410912, GOVT. HSS BOYS, AAMGAN BADA",प्रतिभागी,शिक्षक
AR8255,Mohammad Salim Khan,Narsinghpur,KARELI,"23400404915, GOVT. HS BARMAN",प्रतिभागी,शिक्षक
AS1811,Raghuveer Prasad Sahu,Narsinghpur,KARELI,"23400404915, GOVT. HS BARMAN",प्रतिभागी,शिक्षक
AS1818,Rajendra Kumar Dubey,Narsinghpur,KARELI,"23400404915, GOVT. HS BARMAN",प्रतिभागी,शिक्षक
AS1926,Dinesh Kumar Mehra,Narsinghpur,KARELI,"23400404915, GOVT. HS BARMAN",प्रतिभागी,शिक्षक
AS3019,Raj Kumar Gupta,Narsinghpur,KARELI,"23400404915, GOVT. HS BARMAN",प्रतिभागी,शिक्षक
BW4431,Manoj Kourav,Narsinghpur,KARELI,"23400404915, GOVT. HS BARMAN",प्रतिभागी,शिक्षक
AS2087,Aradhna Mehra,Narsinghpur,KARELI,"23400401104, GOVT. HSS SUATALA",प्रतिभागी,शिक्षक
BX6538,Pradeep Kumar Dubey,Narsinghpur,KARELI,"23400401104, GOVT. HSS SUATALA",प्रतिभागी,शिक्षक
AS1844,Devendra Kumar Mehra,Narsinghpur,KARELI,"23400403405, GOVT. HSS KERPANI SARSALA",प्रतिभागी,शिक्षक
AS1898,Krishna Kant Patel,Narsinghpur,KARELI,"23400403405, GOVT. HSS KERPANI SARSALA",प्रतिभागी,शिक्षक
AS2128,Gautam Singh Bhariya,Narsinghpur,KARELI,"23400403405, GOVT. HSS KERPANI SARSALA",प्रतिभागी,शिक्षक
BR5141,SONIKA JAIWAR,Narsinghpur,KARELI,"23400403405, GOVT. HSS KERPANI SARSALA",प्रतिभागी,शिक्षक
BX5513,Kedar Singh Lodhi,Narsinghpur,KARELI,"23400403405, GOVT. HSS KERPANI SARSALA",प्रतिभागी,शिक्षक
AR9658,Saroj Shrivastava,Narsinghpur,NARSINGHPUR,"23400121109, GOVT. HSS GIRLS, MLB, NARSINGHPUR",प्रतिभागी,शिक्षक
AS2537,Preeti Rani Gupta,Narsinghpur,NARSINGHPUR,"23400121109, GOVT. HSS GIRLS, MLB, NARSINGHPUR",प्रतिभागी,शिक्षक
AS2952,Mathura Prasad Choudhary,Narsinghpur,NARSINGHPUR,"23400121109, GOVT. HSS GIRLS, MLB, NARSINGHPUR",प्रतिभागी,शिक्षक
BQ3136,Pragya Namdeo,Narsinghpur,NARSINGHPUR,"23400121109, GOVT. HSS GIRLS, MLB, NARSINGHPUR",प्रतिभागी,शिक्षक
BQ3352,Uma Patel,Narsinghpur,NARSINGHPUR,"23400121109, GOVT. HSS GIRLS, MLB, NARSINGHPUR",प्रतिभागी,शिक्षक
BW8575,Shikha Namdeo,Narsinghpur,NARSINGHPUR,"23400121109, GOVT. HSS GIRLS, MLB, NARSINGHPUR",प्रतिभागी,शिक्षक
AS2963,DEVENDRA KUMAR KHARE,Narsinghpur,NARSINGHPUR,"23400101704, GOVT. HS MURGAKHEDA",प्रतिभागी,शिक्षक
AS3501,Ram Kumar Patel,Narsinghpur,NARSINGHPUR,"23400101704, GOVT. HS MURGAKHEDA",प्रतिभागी,शिक्षक
AS2078,Ashok Nema,Narsinghpur,NARSINGHPUR,"23400102804, GOVT. HSS JHAMAR",प्रतिभागी,शिक्षक
AS3486,Seeta Ram Patel,Narsinghpur,NARSINGHPUR,"23400102804, GOVT. HSS JHAMAR",प्रतिभागी,शिक्षक
AY3208,Jyoti Sharma,Narsinghpur,NARSINGHPUR,"23400102804, GOVT. HSS JHAMAR",प्रतिभागी,शिक्षक
BQ1681,RAMESHWAR SINGH DHURVE,Narsinghpur,NARSINGHPUR,"23400102804, GOVT. HSS JHAMAR",प्रतिभागी,शिक्षक
BR6090,Sandeep Kumar Pathak,Narsinghpur,NARSINGHPUR,"23400102804, GOVT. HSS JHAMAR",प्रतिभागी,शिक्षक
AS2775,Nanhe Lal Choubey,Narsinghpur,NARSINGHPUR,"23400114906, GOVT. HSS MUNGWANI",प्रतिभागी,शिक्षक
AS2769,Chhakku Lal Dhurve,Narsinghpur,NARSINGHPUR,"23400119104, GOVT. HSS GORAKHPUR",प्रतिभागी,शिक्षक
AS1718,Sunita Barkade,Narsinghpur,NARSINGHPUR,"23400107905, GOVT. HS CHANDAN DEVI J.S.K., RONSRA",प्रतिभागी,शिक्षक
AS2334,Neerja Shrivastava,Narsinghpur,NARSINGHPUR,"23400107905, GOVT. HS CHANDAN DEVI J.S.K., RONSRA",प्रतिभागी,शिक्षक
AS2738,Vivek Mishra,Narsinghpur,NARSINGHPUR,"23400107905, GOVT. HS CHANDAN DEVI J.S.K., RONSRA",प्रतिभागी,शिक्षक
AS2878,Swati Namdeo,Narsinghpur,NARSINGHPUR,"23400107905, GOVT. HS CHANDAN DEVI J.S.K., RONSRA",प्रतिभागी,शिक्षक
AS3076,Savita Nema,Narsinghpur,NARSINGHPUR,"23400107905, GOVT. HS CHANDAN DEVI J.S.K., RONSRA",प्रतिभागी,शिक्षक
BQ6465,Shalini Shrivastava,Narsinghpur,NARSINGHPUR,"23400107905, GOVT. HS CHANDAN DEVI J.S.K., RONSRA",प्रतिभागी,शिक्षक
BX7459,Preeti Vaidya,Narsinghpur,NARSINGHPUR,"23400107905, GOVT. HS CHANDAN DEVI J.S.K., RONSRA",प्रतिभागी,शिक्षक
AS1301,Sangeeta Sharma,Narsinghpur,NARSINGHPUR,"23400111710, GOVT. HSS SINGHPUR (BADA)",प्रतिभागी,शिक्षक
AS2787,Sevak Lal Thakur,Narsinghpur,NARSINGHPUR,"23400111710, GOVT. HSS SINGHPUR (BADA)",प्रतिभागी,शिक्षक
BP8709,Sandeep Kumar Vishwakarma,Narsinghpur,NARSINGHPUR,"23400111710, GOVT. HSS SINGHPUR (BADA)",प्रतिभागी,शिक्षक
BY3088,Nisha Goswami,Narsinghpur,NARSINGHPUR,"23400111710, GOVT. HSS SINGHPUR (BADA)",प्रतिभागी,शिक्षक
AS2988,Prem Singh Mehra,Narsinghpur,NARSINGHPUR,"23400109806, GOVT. HSS DANGHIDHANA",प्रतिभागी,शिक्षक
AS3101,Ganesh Datt Badal,Narsinghpur,NARSINGHPUR,"23400109806, GOVT. HSS DANGHIDHANA",प्रतिभागी,शिक्षक
AS3472,Anil Kumar Bohrey,Narsinghpur,NARSINGHPUR,"23400109806, GOVT. HSS DANGHIDHANA",प्रतिभागी,शिक्षक
AS2399,Prabha Deheriya,Narsinghpur,NARSINGHPUR,"23400121703, GOVT. HSS GIRLS, SDM, NARSINGHPUR",प्रतिभागी,शिक्षक
AS2733,Rakesh Kumar Soni,Narsinghpur,NARSINGHPUR,"23400121703, GOVT. HSS GIRLS, SDM, NARSINGHPUR",प्रतिभागी,शिक्षक
AS3077,Rashmi Nema,Narsinghpur,NARSINGHPUR,"23400121703, GOVT. HSS GIRLS, SDM, NARSINGHPUR",प्रतिभागी,शिक्षक
AS3089,Pappu SINGH SARATHE,Narsinghpur,NARSINGHPUR,"23400121703, GOVT. HSS GIRLS, SDM, NARSINGHPUR",प्रतिभागी,शिक्षक
BQ1557,Deepti Vishwakarma,Narsinghpur,NARSINGHPUR,"23400121703, GOVT. HSS GIRLS, SDM, NARSINGHPUR",प्रतिभागी,शिक्षक
BR6878,Nidhi Verma,Narsinghpur,NARSINGHPUR,"23400121703, GOVT. HSS GIRLS, SDM, NARSINGHPUR",प्रतिभागी,शिक्षक
BW2241,Suneeta Tripathi,Narsinghpur,NARSINGHPUR,"23400121703, GOVT. HSS GIRLS, SDM, NARSINGHPUR",प्रतिभागी,शिक्षक
AR9511,Rajkumar Mehra,Narsinghpur,NARSINGHPUR,"23400112903, GOVT. HSS BACHAI",प्रतिभागी,शिक्षक
AS3129,Saroj Uikey,Narsinghpur,NARSINGHPUR,"23400112903, GOVT. HSS BACHAI",प्रतिभागी,शिक्षक
AS3497,Indrajeet Singh Patel,Narsinghpur,NARSINGHPUR,"23400112903, GOVT. HSS BACHAI",प्रतिभागी,शिक्षक
BY7202,Rameshwar Prsad Mehra,Narsinghpur,NARSINGHPUR,"23400112903, GOVT. HSS BACHAI",प्रतिभागी,शिक्षक
AR8504,Manju Prjapati,Narsinghpur,SAIKHEDA,"23400504306, GOVT.HSS BAMHORI KALA",प्रतिभागी,शिक्षक
BR9980,Suresh Kumar Shrivas,Narsinghpur,SAIKHEDA,"23400504306, GOVT.HSS BAMHORI KALA",प्रतिभागी,शिक्षक
AL6439,Ajay Singh,Narsinghpur,SAIKHEDA,"23400507105, GOVT. HSS BANWARI",प्रतिभागी,शिक्षक
AR9173,Kalpana Sharma,Narsinghpur,SAIKHEDA,"23400510706, GOVT. HSS GIRLS, KNV GADARWARA",प्रतिभागी,शिक्षक
AS4128,Rekha Sharma,Narsinghpur,SAIKHEDA,"23400510706, GOVT. HSS GIRLS, KNV GADARWARA",प्रतिभागी,शिक्षक
AN8422,Pushpa Kori,Narsinghpur,SAIKHEDA,"23400502713, GOVT. HSS PALOHA BADA",प्रतिभागी,शिक्षक
AS3599,Vivek Kumar Chourasiya,Narsinghpur,SAIKHEDA,"23400502713, GOVT. HSS PALOHA BADA",प्रतिभागी,शिक्षक
AS4100,Sunil Kumar Shriwas,Narsinghpur,SAIKHEDA,"23400503514, GOVT. HSS EXCELLENCE, SAINKHEDA",प्रतिभागी,शिक्षक
AS4198,Dragpal Singh Rajpoot,Narsinghpur,SAIKHEDA,"23400503514, GOVT. HSS EXCELLENCE, SAINKHEDA",प्रतिभागी,शिक्षक
BT4074,Kailash Prasad Patel,Narsinghpur,SAIKHEDA,"23400503514, GOVT. HSS EXCELLENCE, SAINKHEDA",प्रतिभागी,शिक्षक
CD3439,AKASH UPADHYAY,Narsinghpur,SAIKHEDA,"23400503514, GOVT. HSS EXCELLENCE, SAINKHEDA",प्रतिभागी,शिक्षक
CE1863,SOURABH KUSHWAHA,Narsinghpur,SAIKHEDA,"23400503514, GOVT. HSS EXCELLENCE, SAINKHEDA",प्रतिभागी,शिक्षक
AS3657,Vinod Kumar Thakur,Narsinghpur,SAIKHEDA,"23400508804, GOVT. HSS AMGAON CHHOTA",प्रतिभागी,शिक्षक
AS4125,Devendra Kumar Verma,Narsinghpur,SAIKHEDA,"23400508804, GOVT. HSS AMGAON CHHOTA",प्रतिभागी,शिक्षक
BY2849,Sandeep Gupta,Narsinghpur,SAIKHEDA,"23400508804, GOVT. HSS AMGAON CHHOTA",प्रतिभागी,शिक्षक
AB3386,Balmukund Yadav,Narsinghpur,SAIKHEDA,"23400510904, GOVT. HSS BOYS, ADARSHA GADARWARA",प्रतिभागी,शिक्षक
AL6431,Vandna Dubey,Narsinghpur,SAIKHEDA,"23400510904, GOVT. HSS BOYS, ADARSHA GADARWARA",प्रतिभागी,शिक्षक
AS2636,Nidhi Upadhyay,Narsinghpur,SAIKHEDA,"23400510904, GOVT. HSS BOYS, ADARSHA GADARWARA",प्रतिभागी,शिक्षक
BR4056,Anita Varma,Narsinghpur,SAIKHEDA,"23400510904, GOVT. HSS BOYS, ADARSHA GADARWARA",प्रतिभागी,शिक्षक
AS4337,Mitthulal Birla,Neemuch,JAWAD,"23180309713, GOVT HSS ATHANA",प्रतिभागी,शिक्षक
AS5313,Pankaj Kumar Sanwaliya,Neemuch,JAWAD,"23180309713, GOVT HSS ATHANA",प्रतिभागी,शिक्षक
AS5479,Ashok Kumar Sharma,Neemuch,JAWAD,"23180309713, GOVT HSS ATHANA",प्रतिभागी,शिक्षक
AS7983,Prakash Chandra Ajmera,Neemuch,JAWAD,"23180309713, GOVT HSS ATHANA",प्रतिभागी,शिक्षक
BW4928,Manish Kumar Soni,Neemuch,JAWAD,"23180309713, GOVT HSS ATHANA",प्रतिभागी,शिक्षक
BX4626,Nisha Bairagi,Neemuch,JAWAD,"23180309713, GOVT HSS ATHANA",प्रतिभागी,शिक्षक
BZ3654,Bhagwati Lal Menaria,Neemuch,JAWAD,"23180309713, GOVT HSS ATHANA",प्रतिभागी,शिक्षक
CD1276,SUNIL RATHOR,Neemuch,JAWAD,"23180309713, GOVT HSS ATHANA",प्रतिभागी,शिक्षक
AS4970,Hempal Chacheria,Neemuch,JAWAD,"23180305639, GOVT HSS GIRLS JAWAD (CLASS 1 TO 12)",प्रतिभागी,शिक्षक
AS5065,Bagdiram Sangitla,Neemuch,JAWAD,"23180305639, GOVT HSS GIRLS JAWAD (CLASS 1 TO 12)",प्रतिभागी,शिक्षक
AS5344,Mukesh Varma,Neemuch,JAWAD,"23180305639, GOVT HSS GIRLS JAWAD (CLASS 1 TO 12)",प्रतिभागी,शिक्षक
AS6698,Lal Singh Rawat,Neemuch,JAWAD,"23180305639, GOVT HSS GIRLS JAWAD (CLASS 1 TO 12)",प्रतिभागी,शिक्षक
AS8336,Ashok Kumar,Neemuch,JAWAD,"23180305639, GOVT HSS GIRLS JAWAD (CLASS 1 TO 12)",प्रतिभागी,शिक्षक
BQ8189,Bal Mukand Rathore,Neemuch,JAWAD,"23180305639, GOVT HSS GIRLS JAWAD (CLASS 1 TO 12)",प्रतिभागी,शिक्षक
BS2677,Rameshwer Prasad Chotiya,Neemuch,JAWAD,"23180305639, GOVT HSS GIRLS JAWAD (CLASS 1 TO 12)",प्रतिभागी,शिक्षक
AS8332,Deepak Kumar Paliwal,Neemuch,JAWAD,"23180302507, GOVT HSS KADWASA",प्रतिभागी,शिक्षक
AS8335,Jamnalal Dhaker,Neemuch,JAWAD,"23180302507, GOVT HSS KADWASA",प्रतिभागी,शिक्षक
AS8343,Antim Kumar Pandla,Neemuch,JAWAD,"23180302507, GOVT HSS KADWASA",प्रतिभागी,शिक्षक
BX1232,Akhilesh Audichya,Neemuch,JAWAD,"23180302507, GOVT HSS KADWASA",प्रतिभागी,शिक्षक
BX1698,Shiv Shanker Tiwari,Neemuch,JAWAD,"23180302507, GOVT HSS KADWASA",प्रतिभागी,शिक्षक
BX2452,Arpit Kumar SHARMA,Neemuch,JAWAD,"23180302507, GOVT HSS KADWASA",प्रतिभागी,शिक्षक
AS7911,Jafar Mohd Khan,Neemuch,JAWAD,"23180309114, GOVT HSS BOYS RATANGARH",प्रतिभागी,शिक्षक
BT5531,Dhiraj Patidar,Neemuch,JAWAD,"23180309114, GOVT HSS BOYS RATANGARH",प्रतिभागी,सीएसी
BX1643,Raziya Bano,Neemuch,JAWAD,"23180309114, GOVT HSS BOYS RATANGARH",प्रतिभागी,शिक्षक
BY2117,Subhash Chandra Sutar,Neemuch,JAWAD,"23180309114, GOVT HSS BOYS RATANGARH",प्रतिभागी,शिक्षक
BV5001,Pawan Kumar Sharma,Neemuch,JAWAD,"23180311416, GOVT HSS SARWANIYA MAHARAJ",प्रतिभागी,शिक्षक
AS8127,Bharat Singh,Neemuch,JAWAD,"23180303604, GOVT HSS TAL (CLASS 6 TO 12 )",प्रतिभागी,शिक्षक
AS8236,Mangilal Bhil,Neemuch,JAWAD,"23180303604, GOVT HSS TAL (CLASS 6 TO 12 )",प्रतिभागी,शिक्षक
BW2293,Om Prakash Vaishnav,Neemuch,JAWAD,"23180303604, GOVT HSS TAL (CLASS 6 TO 12 )",प्रतिभागी,शिक्षक
BW5370,Mukesh Kumar,Neemuch,JAWAD,"23180303604, GOVT HSS TAL (CLASS 6 TO 12 )",प्रतिभागी,शिक्षक
BX3798,Samrath Mal Rathor,Neemuch,JAWAD,"23180303604, GOVT HSS TAL (CLASS 6 TO 12 )",प्रतिभागी,शिक्षक
BZ1796,Ghanshyam Dhakad,Neemuch,JAWAD,"23180303604, GOVT HSS TAL (CLASS 6 TO 12 )",प्रतिभागी,शिक्षक
BZ6615,Hemraj Fuliya,Neemuch,JAWAD,"23180303604, GOVT HSS TAL (CLASS 6 TO 12 )",प्रतिभागी,शिक्षक
CC9108,TILAK SINGH,Neemuch,JAWAD,"23180303604, GOVT HSS TAL (CLASS 6 TO 12 )",प्रतिभागी,शिक्षक
CE3608,KHAIM SINGH SAINI,Neemuch,JAWAD,"23180303604, GOVT HSS TAL (CLASS 6 TO 12 )",प्रतिभागी,शिक्षक
AS4822,Sudarshan Patidar,Neemuch,JAWAD,"23180312909, GOVT HSS DIKEN",प्रतिभागी,शिक्षक
AS5179,Lalita Verma,Neemuch,JAWAD,"23180312909, GOVT HSS DIKEN",प्रतिभागी,शिक्षक
BS2260,Ghanshyam Rathor,Neemuch,JAWAD,"23180312909, GOVT HSS DIKEN",प्रतिभागी,सीएसी
BW9917,Minashi Bohra,Neemuch,JAWAD,"23180312909, GOVT HSS DIKEN",प्रतिभागी,शिक्षक
AS5536,Kamlesh Kumar Lakshkaar,Neemuch,JAWAD,"23180302012, GOVT HSS JHANTALA",प्रतिभागी,शिक्षक
AS8194,Devilal Verma,Neemuch,JAWAD,"23180302012, GOVT HSS JHANTALA",प्रतिभागी,शिक्षक
BX6056,Harishanker Joshi,Neemuch,JAWAD,"23180305407, GOVT HSS JAT (CLASS 1 TO 12 )",प्रतिभागी,शिक्षक
AS6717,Bharat Kumar Sisodiya,Neemuch,JAWAD,"23180308104, GOVT HSS JANAKPUR",प्रतिभागी,शिक्षक
BQ6469,Seema Rathor,Neemuch,JAWAD,"23180308104, GOVT HSS JANAKPUR",प्रतिभागी,शिक्षक
BS1622,Rukmani Gehalot,Neemuch,JAWAD,"23180308104, GOVT HSS JANAKPUR",प्रतिभागी,शिक्षक
BW6659,Rajmal Thorecha,Neemuch,JAWAD,"23180308104, GOVT HSS JANAKPUR",प्रतिभागी,शिक्षक
CB4045,GHANSHYAM MEGHWAL,Neemuch,JAWAD,"23180308104, GOVT HSS JANAKPUR",प्रतिभागी,शिक्षक
CD1365,VINEETA KATHIRIYA,Neemuch,JAWAD,"23180308104, GOVT HSS JANAKPUR",प्रतिभागी,शिक्षक
AS8357,Kailash Chandra Dhaker,Neemuch,JAWAD,"23180303719, GOVT HSS BOYS SINGOLI (CLASS 1 TO 12)",प्रतिभागी,शिक्षक
BW7953,Manoj Kumar Laxkar,Neemuch,JAWAD,"23180303719, GOVT HSS BOYS SINGOLI (CLASS 1 TO 12)",प्रतिभागी,शिक्षक
BW8710,Hitesh Lakshkar,Neemuch,JAWAD,"23180303719, GOVT HSS BOYS SINGOLI (CLASS 1 TO 12)",प्रतिभागी,शिक्षक
AS4379,Nainika Grace Masih,Neemuch,JAWAD,"23180316702, GOVT HSS NAYAGAON",प्रतिभागी,शिक्षक
AS5021,Durga Dhangar,Neemuch,JAWAD,"23180316702, GOVT HSS NAYAGAON",प्रतिभागी,शिक्षक
AS6818,Jay Prakash Nagda,Neemuch,JAWAD,"23180316702, GOVT HSS NAYAGAON",प्रतिभागी,शिक्षक
BW3492,Ramdayal Meghwal,Neemuch,JAWAD,"23180316702, GOVT HSS NAYAGAON",प्रतिभागी,शिक्षक
CC2470,SOMYA SHARMA,Neemuch,JAWAD,"23180316702, GOVT HSS NAYAGAON",प्रतिभागी,शिक्षक
BP9047,Lokesh Kumar Todawal,Neemuch,MANASA,"23180510107, GOVT HSS BARLAI (CLASS 6 TO 12)",प्रतिभागी,शिक्षक
CD2469,DASHARTH DANGI,Neemuch,MANASA,"23180510107, GOVT HSS BARLAI (CLASS 6 TO 12)",प्रतिभागी,शिक्षक
AS4959,Sunil Kumar Sharma,Neemuch,MANASA,"23180504207, GOVT HSS BARTHUN",प्रतिभागी,शिक्षक
AS5895,Sima Kunwar Chandrawat,Neemuch,MANASA,"23180504207, GOVT HSS BARTHUN",प्रतिभागी,शिक्षक
BW3867,Sandeep Gir Goswami,Neemuch,MANASA,"23180504207, GOVT HSS BARTHUN",प्रतिभागी,शिक्षक
BY4190,Kailashchand Modi,Neemuch,MANASA,"23180504207, GOVT HSS BARTHUN",प्रतिभागी,शिक्षक
CD4420,JYOTI TARTA,Neemuch,MANASA,"23180504207, GOVT HSS BARTHUN",प्रतिभागी,शिक्षक
CD4424,PRAKASH CHANDRA,Neemuch,MANASA,"23180504207, GOVT HSS BARTHUN",प्रतिभागी,शिक्षक
AS7707,Phool Chand Raika,Neemuch,MANASA,"23180500505, GOVT HSS BESLA (CLASS 1 TO 12)",प्रतिभागी,शिक्षक
AS7737,Prabhulal Bhatt,Neemuch,MANASA,"23180500505, GOVT HSS BESLA (CLASS 1 TO 12)",प्रतिभागी,शिक्षक
AS7742,Birdhilal Meena,Neemuch,MANASA,"23180500505, GOVT HSS BESLA (CLASS 1 TO 12)",प्रतिभागी,शिक्षक
BW6678,Lokesh Chouhan,Neemuch,MANASA,"23180500505, GOVT HSS BESLA (CLASS 1 TO 12)",प्रतिभागी,शिक्षक
CD4436,VARUN KUMAR KUSHWAH,Neemuch,MANASA,"23180500505, GOVT HSS BESLA (CLASS 1 TO 12)",प्रतिभागी,शिक्षक
CD6088,YOUVRAJ SINGH CHOUHAN,Neemuch,MANASA,"23180500505, GOVT HSS BESLA (CLASS 1 TO 12)",प्रतिभागी,शिक्षक
CE6710,RAHUL PANDEY,Neemuch,MANASA,"23180500505, GOVT HSS BESLA (CLASS 1 TO 12)",प्रतिभागी,शिक्षक
AS5759,Pushpa Sharma,Neemuch,MANASA,"23180505722, GOVT HSS BOYS KUKDESHWAR (CLASS 1 TO 12)",प्रतिभागी,शिक्षक
AS5858,Lalita Malviya,Neemuch,MANASA,"23180505722, GOVT HSS BOYS KUKDESHWAR (CLASS 1 TO 12)",प्रतिभागी,शिक्षक
AS6279,Kanhaiyalal Chandniya,Neemuch,MANASA,"23180505722, GOVT HSS BOYS KUKDESHWAR (CLASS 1 TO 12)",प्रतिभागी,शिक्षक
AS6984,Vinod Malviya,Neemuch,MANASA,"23180505722, GOVT HSS BOYS KUKDESHWAR (CLASS 1 TO 12)",प्रतिभागी,शिक्षक
CD6080,MONIKA VISHWAKARMA,Neemuch,MANASA,"23180505722, GOVT HSS BOYS KUKDESHWAR (CLASS 1 TO 12)",प्रतिभागी,शिक्षक
CD6082,RITU VERMA,Neemuch,MANASA,"23180505722, GOVT HSS BOYS KUKDESHWAR (CLASS 1 TO 12)",प्रतिभागी,शिक्षक
AS5913,Suresh Kumar Choudhary,Neemuch,MANASA,"23180514937, GOVT HSS GIRLS MANASA (CLASS 1 TO 12)",प्रतिभागी,शिक्षक
AS5983,Dashrath Singh Bhati,Neemuch,MANASA,"23180514937, GOVT HSS GIRLS MANASA (CLASS 1 TO 12)",प्रतिभागी,शिक्षक
AS6011,Vinod Upadhyay,Neemuch,MANASA,"23180514937, GOVT HSS GIRLS MANASA (CLASS 1 TO 12)",प्रतिभागी,शिक्षक
AS6348,Deepak Sharma,Neemuch,MANASA,"23180514937, GOVT HSS GIRLS MANASA (CLASS 1 TO 12)",प्रतिभागी,शिक्षक
AS7683,Kiran Vyas,Neemuch,MANASA,"23180514937, GOVT HSS GIRLS MANASA (CLASS 1 TO 12)",प्रतिभागी,शिक्षक
AS7971,Gayatri Gayari,Neemuch,MANASA,"23180514937, GOVT HSS GIRLS MANASA (CLASS 1 TO 12)",प्रतिभागी,शिक्षक
AS6551,Lala Shankar Kathiriya,Neemuch,MANASA,"23180510509, GOVT HSS CHACHOR (CLASS 1 TO 12)",प्रतिभागी,शिक्षक
AS7550,Gopal Krishna Pandey,Neemuch,MANASA,"23180510509, GOVT HSS CHACHOR (CLASS 1 TO 12)",प्रतिभागी,शिक्षक
AS7564,Om Prakash Rawliya,Neemuch,MANASA,"23180510509, GOVT HSS CHACHOR (CLASS 1 TO 12)",प्रतिभागी,शिक्षक
AS5637,Rajesh Kumar Joshi,Neemuch,MANASA,"23180500418, GOVT HSS KANJHARDA",प्रतिभागी,शिक्षक
AS5683,Vinita Saru,Neemuch,MANASA,"23180514936, GOVT HSS EXCELLENCE MANASA (CLASS 6 TO 12)",प्रतिभागी,शिक्षक
AS5739,Sanjay Purohit,Neemuch,MANASA,"23180514936, GOVT HSS EXCELLENCE MANASA (CLASS 6 TO 12)",प्रतिभागी,शिक्षक
AS5865,Rajesh Kumar Jodhawat,Neemuch,MANASA,"23180514936, GOVT HSS EXCELLENCE MANASA (CLASS 6 TO 12)",प्रतिभागी,शिक्षक
AS5965,Santosh Kumawat,Neemuch,MANASA,"23180514936, GOVT HSS EXCELLENCE MANASA (CLASS 6 TO 12)",प्रतिभागी,शिक्षक
AS5973,Laxminarayan Ved,Neemuch,MANASA,"23180514936, GOVT HSS EXCELLENCE MANASA (CLASS 6 TO 12)",प्रतिभागी,शिक्षक
AS6428,Pratibha Shrivastava,Neemuch,MANASA,"23180514936, GOVT HSS EXCELLENCE MANASA (CLASS 6 TO 12)",प्रतिभागी,शिक्षक
AS6560,Pushpa Gurjar,Neemuch,MANASA,"23180514936, GOVT HSS EXCELLENCE MANASA (CLASS 6 TO 12)",प्रतिभागी,शिक्षक
AS6626,Rakesh Purohit,Neemuch,MANASA,"23180514936, GOVT HSS EXCELLENCE MANASA (CLASS 6 TO 12)",प्रतिभागी,शिक्षक
AS6641,Harisingh Chawada,Neemuch,MANASA,"23180514936, GOVT HSS EXCELLENCE MANASA (CLASS 6 TO 12)",प्रतिभागी,शिक्षक
AS6654,Uma Shankar Sharma,Neemuch,MANASA,"23180514936, GOVT HSS EXCELLENCE MANASA (CLASS 6 TO 12)",प्रतिभागी,शिक्षक
AS7663,Mukesh Kumar Farkya,Neemuch,MANASA,"23180514936, GOVT HSS EXCELLENCE MANASA (CLASS 6 TO 12)",प्रतिभागी,शिक्षक
BN6453,Nandkishor Vyas,Neemuch,MANASA,"23180514936, GOVT HSS EXCELLENCE MANASA (CLASS 6 TO 12)",प्रतिभागी,शिक्षक
BQ6440,Sarita Parihar,Neemuch,MANASA,"23180514936, GOVT HSS EXCELLENCE MANASA (CLASS 6 TO 12)",प्रतिभागी,शिक्षक
BW8969,Meenakshi Sharma,Neemuch,MANASA,"23180514936, GOVT HSS EXCELLENCE MANASA (CLASS 6 TO 12)",प्रतिभागी,शिक्षक
BY8145,Badri Lal Menaria,Neemuch,MANASA,"23180514936, GOVT HSS EXCELLENCE MANASA (CLASS 6 TO 12)",प्रतिभागी,शिक्षक
CA9004,JYOTI CHANDERIYA,Neemuch,MANASA,"23180514936, GOVT HSS EXCELLENCE MANASA (CLASS 6 TO 12)",प्रतिभागी,शिक्षक
AS4631,Girdhari Lal Dhangar,Neemuch,MANASA,"23180514232, GOVT HSS BOYS RAMPURA",प्रतिभागी,शिक्षक
AS6263,Tej Mal Goud,Neemuch,MANASA,"23180514232, GOVT HSS BOYS RAMPURA",प्रतिभागी,शिक्षक
AS7809,Arun Kumar Shrivastava,Neemuch,MANASA,"23180514232, GOVT HSS BOYS RAMPURA",प्रतिभागी,शिक्षक
BQ2069,Kiran Soni,Neemuch,MANASA,"23180514232, GOVT HSS BOYS RAMPURA",प्रतिभागी,शिक्षक
BS8813,Aradhana Shrivastava,Neemuch,MANASA,"23180514232, GOVT HSS BOYS RAMPURA",प्रतिभागी,शिक्षक
BU5273,Mamta Tripathi,Neemuch,MANASA,"23180514232, GOVT HSS BOYS RAMPURA",प्रतिभागी,शिक्षक
CE8033,OMPRAKASH DIWAN,Neemuch,MANASA,"23180514232, GOVT HSS BOYS RAMPURA",प्रतिभागी,शिक्षक
CE8035,MAYURI MEHROTRA,Neemuch,MANASA,"23180514232, GOVT HSS BOYS RAMPURA",प्रतिभागी,शिक्षक
AS5343,Rajesh Rathore,Neemuch,MANASA,"23180505012, GOVT HSS MAHAGARH (CLASS 1 TO 12)",प्रतिभागी,शिक्षक
AS5924,Vishnukumar Salvi,Neemuch,MANASA,"23180505012, GOVT HSS MAHAGARH (CLASS 1 TO 12)",प्रतिभागी,शिक्षक
AS6515,Ashok Kumar Sharma,Neemuch,MANASA,"23180505012, GOVT HSS MAHAGARH (CLASS 1 TO 12)",प्रतिभागी,शिक्षक
AS7749,Nasim Bano Mansuri,Neemuch,MANASA,"23180505012, GOVT HSS MAHAGARH (CLASS 1 TO 12)",प्रतिभागी,शिक्षक
AS6012,Kanta Mata,Neemuch,MANASA,"23180501909, GOVT HSS PARDA",प्रतिभागी,शिक्षक
AS6050,Anurati Dhaneria,Neemuch,MANASA,"23180501909, GOVT HSS PARDA",प्रतिभागी,शिक्षक
AS6153,Vikramaditya Bhatt,Neemuch,MANASA,"23180501909, GOVT HSS PARDA",प्रतिभागी,शिक्षक
AS6702,Jagdish Tamoli,Neemuch,MANASA,"23180501909, GOVT HSS PARDA",प्रतिभागी,शिक्षक
BQ5349,Rekha Sahani,Neemuch,MANASA,"23180501909, GOVT HSS PARDA",प्रतिभागी,शिक्षक
BX2948,Traptee Vijayvargiy,Neemuch,MANASA,"23180501909, GOVT HSS PARDA",प्रतिभागी,शिक्षक
BX4011,Bharat Kumar Chandel,Neemuch,MANASA,"23180501909, GOVT HSS PARDA",प्रतिभागी,शिक्षक
AS5733,Gordhan Salvi,Neemuch,MANASA,"23180505723, GOVT HSS GIRLS KUKDESHWAR (CLASS 6 TO 12)",प्रतिभागी,शिक्षक
BU5064,Premshankar Malviya,Neemuch,MANASA,"23180505723, GOVT HSS GIRLS KUKDESHWAR (CLASS 6 TO 12)",प्रतिभागी,शिक्षक
CD1377,KUMUD JOSHI,Neemuch,MANASA,"23180505723, GOVT HSS GIRLS KUKDESHWAR (CLASS 6 TO 12)",प्रतिभागी,शिक्षक
AS6963,Ramgopal Patidar,Neemuch,NEEMUCH,"23180706107, GOVT HSS BORDIYA KALAN",प्रतिभागी,शिक्षक
AS7343,Ambalal Sharma,Neemuch,NEEMUCH,"23180706107, GOVT HSS BORDIYA KALAN",प्रतिभागी,शिक्षक
BV3233,Navin Kumar,Neemuch,NEEMUCH,"23180706107, GOVT HSS BORDIYA KALAN",प्रतिभागी,शिक्षक
BW6675,Jasvant Singh Chouhan,Neemuch,NEEMUCH,"23180706107, GOVT HSS BORDIYA KALAN",प्रतिभागी,शिक्षक
CD1274,HARISH KHICHAVAT,Neemuch,NEEMUCH,"23180706107, GOVT HSS BORDIYA KALAN",प्रतिभागी,शिक्षक
CD1275,APSARA VARMA,Neemuch,NEEMUCH,"23180706107, GOVT HSS BORDIYA KALAN",प्रतिभागी,शिक्षक
AS4734,Santosh Jawariya,Neemuch,NEEMUCH,"23180710217, GOVT HSS CHITAKHEDA",प्रतिभागी,शिक्षक
BU5552,Sandeep Kumar Mahatma,Neemuch,NEEMUCH,"23180710217, GOVT HSS CHITAKHEDA",प्रतिभागी,शिक्षक
BX3697,Suresh Kumar Patidar,Neemuch,NEEMUCH,"23180710217, GOVT HSS CHITAKHEDA",प्रतिभागी,शिक्षक
AQ5553,Rekha Vakode,Neemuch,NEEMUCH,"23180714226, GOVT HS BAGHANA NEEMUCH (CLASS 1 TO 10)",प्रतिभागी,शिक्षक
BT3886,Manoj Kumar Teli,Neemuch,NEEMUCH,"23180714226, GOVT HS BAGHANA NEEMUCH (CLASS 1 TO 10)",प्रतिभागी,शिक्षक
BW2158,Hemant Sharma,Neemuch,NEEMUCH,"23180714226, GOVT HS BAGHANA NEEMUCH (CLASS 1 TO 10)",प्रतिभागी,शिक्षक
BW6630,Amit Shringi,Neemuch,NEEMUCH,"23180714226, GOVT HS BAGHANA NEEMUCH (CLASS 1 TO 10)",प्रतिभागी,शिक्षक
AS5437,Omprakash Tank,Neemuch,NEEMUCH,"23180714022, GOVT HSS GIRLS JIRAN",प्रतिभागी,शिक्षक
AS6706,Gayatri Sharma,Neemuch,NEEMUCH,"23180714022, GOVT HSS GIRLS JIRAN",प्रतिभागी,शिक्षक
BQ5600,Hariram Mahida,Neemuch,NEEMUCH,"23180714022, GOVT HSS GIRLS JIRAN",प्रतिभागी,शिक्षक
BU5069,Natwar Lal Athwal,Neemuch,NEEMUCH,"23180714022, GOVT HSS GIRLS JIRAN",प्रतिभागी,शिक्षक
BW9555,Manisha Pandya,Neemuch,NEEMUCH,"23180714022, GOVT HSS GIRLS JIRAN",प्रतिभागी,शिक्षक
AN4118,Neelam Patwa,Neemuch,NEEMUCH,"23180720702, GOVT HSS GIRLS NEEMUCH CITY (CLASS 1 TO 12)",प्रतिभागी,शिक्षक
AS6023,Vijay Singh Jain,Neemuch,NEEMUCH,"23180720702, GOVT HSS GIRLS NEEMUCH CITY (CLASS 1 TO 12)",प्रतिभागी,शिक्षक
AS6915,Rekha Jayant,Neemuch,NEEMUCH,"23180720702, GOVT HSS GIRLS NEEMUCH CITY (CLASS 1 TO 12)",प्रतिभागी,शिक्षक
AS7360,Mangilal Rathore,Neemuch,NEEMUCH,"23180720702, GOVT HSS GIRLS NEEMUCH CITY (CLASS 1 TO 12)",प्रतिभागी,शिक्षक
BU5242,Priyanka Jain,Neemuch,NEEMUCH,"23180720702, GOVT HSS GIRLS NEEMUCH CITY (CLASS 1 TO 12)",प्रतिभागी,शिक्षक
CC4816,ANAMIKA DHARWAL,Neemuch,NEEMUCH,"23180720702, GOVT HSS GIRLS NEEMUCH CITY (CLASS 1 TO 12)",प्रतिभागी,शिक्षक
AS5780,Gopal Borana,Neemuch,NEEMUCH,"23180703409, GOVT HSS REVLI DEVLI (CLASS 1 TO 12)",प्रतिभागी,शिक्षक
AS5850,Sundarlal Prajapati,Neemuch,NEEMUCH,"23180703409, GOVT HSS REVLI DEVLI (CLASS 1 TO 12)",प्रतिभागी,शिक्षक
AS6375,Mamta Chanderiya,Neemuch,NEEMUCH,"23180703409, GOVT HSS REVLI DEVLI (CLASS 1 TO 12)",प्रतिभागी,शिक्षक
AS6924,Hemlata Sharma,Neemuch,NEEMUCH,"23180703409, GOVT HSS REVLI DEVLI (CLASS 1 TO 12)",प्रतिभागी,शिक्षक
AS6979,Shalini Porwal,Neemuch,NEEMUCH,"23180703409, GOVT HSS REVLI DEVLI (CLASS 1 TO 12)",प्रतिभागी,शिक्षक
AS7024,Subhash Chandra Tugnawat,Neemuch,NEEMUCH,"23180703409, GOVT HSS REVLI DEVLI (CLASS 1 TO 12)",प्रतिभागी,शिक्षक
AS7388,Kailash Chandra Carpentra,Neemuch,NEEMUCH,"23180703409, GOVT HSS REVLI DEVLI (CLASS 1 TO 12)",प्रतिभागी,शिक्षक
BX2196,Dashrath Prajapat,Neemuch,NEEMUCH,"23180703409, GOVT HSS REVLI DEVLI (CLASS 1 TO 12)",प्रतिभागी,शिक्षक
CD1471,MANISHA PATIDAR,Neemuch,NEEMUCH,"23180703409, GOVT HSS REVLI DEVLI (CLASS 1 TO 12)",प्रतिभागी,शिक्षक
AS4755,Bherulal Meena,Neemuch,NEEMUCH,"23180714021, GOVT HSS BOYS JIRAN (CLASS 6 TO 12)",प्रतिभागी,शिक्षक
AS6898,Ghanshyam Shukla,Neemuch,NEEMUCH,"23180714021, GOVT HSS BOYS JIRAN (CLASS 6 TO 12)",प्रतिभागी,शिक्षक
AS6928,Ashok Kumar Pichholiya,Neemuch,NEEMUCH,"23180714021, GOVT HSS BOYS JIRAN (CLASS 6 TO 12)",प्रतिभागी,शिक्षक
AS8043,Dulichand Gayari,Neemuch,NEEMUCH,"23180714021, GOVT HSS BOYS JIRAN (CLASS 6 TO 12)",प्रतिभागी,शिक्षक
BE1392,Harishchand Javariya,Neemuch,NEEMUCH,"23180714021, GOVT HSS BOYS JIRAN (CLASS 6 TO 12)",प्रतिभागी,शिक्षक
BR3614,Archana Sharma,Neemuch,NEEMUCH,"23180714021, GOVT HSS BOYS JIRAN (CLASS 6 TO 12)",प्रतिभागी,शिक्षक
BS1116,Jitendra Teli,Neemuch,NEEMUCH,"23180714021, GOVT HSS BOYS JIRAN (CLASS 6 TO 12)",प्रतिभागी,शिक्षक
BW1646,Raj Kanwar,Neemuch,NEEMUCH,"23180714021, GOVT HSS BOYS JIRAN (CLASS 6 TO 12)",प्रतिभागी,शिक्षक
AS6844,Premlata Boriwal,Neemuch,NEEMUCH,"23180725403, GOVT HSS CRPF NEEMUCH KENT (CLASS 6 TO 12)",प्रतिभागी,शिक्षक
AS6911,SAROJ JAIN,Neemuch,NEEMUCH,"23180725403, GOVT HSS CRPF NEEMUCH KENT (CLASS 6 TO 12)",प्रतिभागी,शिक्षक
AS7268,Lalita Bairagi,Neemuch,NEEMUCH,"23180725403, GOVT HSS CRPF NEEMUCH KENT (CLASS 6 TO 12)",प्रतिभागी,शिक्षक
AS7306,Mukesh Kumar Gohil,Neemuch,NEEMUCH,"23180725403, GOVT HSS CRPF NEEMUCH KENT (CLASS 6 TO 12)",प्रतिभागी,शिक्षक
AS7923,Anjana Chopra,Neemuch,NEEMUCH,"23180725403, GOVT HSS CRPF NEEMUCH KENT (CLASS 6 TO 12)",प्रतिभागी,शिक्षक
BJ9976,Sunil Kumar Amb,Neemuch,NEEMUCH,"23180725403, GOVT HSS CRPF NEEMUCH KENT (CLASS 6 TO 12)",प्रतिभागी,शिक्षक
BT6757,Mahesh Kumar Kumawat,Neemuch,NEEMUCH,"23180725403, GOVT HSS CRPF NEEMUCH KENT (CLASS 6 TO 12)",प्रतिभागी,शिक्षक
BU3490,Vinod Lalwani,Neemuch,NEEMUCH,"23180725403, GOVT HSS CRPF NEEMUCH KENT (CLASS 6 TO 12)",प्रतिभागी,शिक्षक
BW6693,Deepti Parihar,Neemuch,NEEMUCH,"23180725403, GOVT HSS CRPF NEEMUCH KENT (CLASS 6 TO 12)",प्रतिभागी,शिक्षक
AQ5668,Rekha Sahu,Neemuch,NEEMUCH,"23180707009, GOVT HSS PALSODA (CLASS 1 TO 12)",प्रतिभागी,शिक्षक
AS4363,Vinod Kumar Sharma,Neemuch,NEEMUCH,"23180707009, GOVT HSS PALSODA (CLASS 1 TO 12)",प्रतिभागी,शिक्षक
AS7042,Sikandar Dhanuk,Neemuch,NEEMUCH,"23180707009, GOVT HSS PALSODA (CLASS 1 TO 12)",प्रतिभागी,शिक्षक
CD8044,SAPANA JAIN,Neemuch,NEEMUCH,"23180707009, GOVT HSS PALSODA (CLASS 1 TO 12)",प्रतिभागी,शिक्षक
AS4520,Shabnam Khan,Neemuch,NEEMUCH,"23180725404, GOVT HSS NEEMUCH CANTT (CLASS 1 TO 12)",प्रतिभागी,शिक्षक
AS5150,Reena Jain,Neemuch,NEEMUCH,"23180725404, GOVT HSS NEEMUCH CANTT (CLASS 1 TO 12)",प्रतिभागी,शिक्षक
AS5782,Ravindra Sharma,Neemuch,NEEMUCH,"23180725404, GOVT HSS NEEMUCH CANTT (CLASS 1 TO 12)",प्रतिभागी,शिक्षक
AS6910,Ritu Goyal,Neemuch,NEEMUCH,"23180725404, GOVT HSS NEEMUCH CANTT (CLASS 1 TO 12)",प्रतिभागी,शिक्षक
AS6917,Ram Prasad Jatav,Neemuch,NEEMUCH,"23180725404, GOVT HSS NEEMUCH CANTT (CLASS 1 TO 12)",प्रतिभागी,शिक्षक
AS6923,Manish Sharma,Neemuch,NEEMUCH,"23180725404, GOVT HSS NEEMUCH CANTT (CLASS 1 TO 12)",प्रतिभागी,शिक्षक
AS6961,Shipra Jain,Neemuch,NEEMUCH,"23180725404, GOVT HSS NEEMUCH CANTT (CLASS 1 TO 12)",प्रतिभागी,शिक्षक
AS6985,Alka Bhandari,Neemuch,NEEMUCH,"23180725404, GOVT HSS NEEMUCH CANTT (CLASS 1 TO 12)",प्रतिभागी,शिक्षक
AS6987,Jyoti Joshi,Neemuch,NEEMUCH,"23180725404, GOVT HSS NEEMUCH CANTT (CLASS 1 TO 12)",प्रतिभागी,शिक्षक
AS7051,Ishwar Singh Solanki,Neemuch,NEEMUCH,"23180725404, GOVT HSS NEEMUCH CANTT (CLASS 1 TO 12)",प्रतिभागी,शिक्षक
AS7229,Om Prakash,Neemuch,NEEMUCH,"23180725404, GOVT HSS NEEMUCH CANTT (CLASS 1 TO 12)",प्रतिभागी,शिक्षक
AS7421,Khiradhiman Ram,Neemuch,NEEMUCH,"23180725404, GOVT HSS NEEMUCH CANTT (CLASS 1 TO 12)",प्रतिभागी,शिक्षक
AS7717,Rekha Jain,Neemuch,NEEMUCH,"23180725404, GOVT HSS NEEMUCH CANTT (CLASS 1 TO 12)",प्रतिभागी,शिक्षक
AS6773,Mohan Singh Jhala,Neemuch,NEEMUCH,"23180702111, GOVT HSS JAVI",प्रतिभागी,शिक्षक
BD3487,Ashok Kumar,Niwari,NIWARI,"23520314009, GHSS  TARICHAR KALAN",प्रतिभागी,शिक्षक
BD5839,Swami Prasad Ahirwar,Niwari,NIWARI,"23520314009, GHSS  TARICHAR KALAN",प्रतिभागी,शिक्षक
BG5330,Bihari Lal Snehi,Niwari,NIWARI,"23520314009, GHSS  TARICHAR KALAN",प्रतिभागी,शिक्षक
BU9403,Bhanupratap Singh Niranjan,Niwari,NIWARI,"23520314009, GHSS  TARICHAR KALAN",प्रतिभागी,शिक्षक
BX1909,Kavita Shrivastav,Niwari,NIWARI,"23520314009, GHSS  TARICHAR KALAN",प्रतिभागी,शिक्षक
CB9258,KULDEEP GUPTA,Niwari,NIWARI,"23520314009, GHSS  TARICHAR KALAN",प्रतिभागी,शिक्षक
BD4297,Vindravan Kumhar,Niwari,NIWARI,"23520309710, GBHSS TEHARKA",प्रतिभागी,शिक्षक
BD4193,Brijendra Kumar Swarnkar,Niwari,NIWARI,"23520315638, GGHSS  NIWARI",प्रतिभागी,शिक्षक
BX8862,Satya Narain Mishra,Niwari,NIWARI,"23520315638, GGHSS  NIWARI",प्रतिभागी,शिक्षक
BX8869,Aashiya Bano,Niwari,NIWARI,"23520315638, GGHSS  NIWARI",प्रतिभागी,शिक्षक
BD3569,Manisha Agrawal,Niwari,NIWARI,"23520312304, GHSS LADWARI",प्रतिभागी,शिक्षक
BD3798,Raghvendra Mishra,Niwari,NIWARI,"23520312304, GHSS LADWARI",प्रतिभागी,शिक्षक
BD5546,Kamal Singh Yadav,Niwari,NIWARI,"23520312304, GHSS LADWARI",प्रतिभागी,शिक्षक
BF3537,Pratima Chaturvedi,Niwari,NIWARI,"23520312304, GHSS LADWARI",प्रतिभागी,शिक्षक
BS5191,Anjana Dangi,Niwari,NIWARI,"23520312304, GHSS LADWARI",प्रतिभागी,शिक्षक
BX4045,Dheeraj Kumar Namdev,Niwari,NIWARI,"23520312304, GHSS LADWARI",प्रतिभागी,शिक्षक
CB7557,RAVI AHIRWAR,Niwari,NIWARI,"23520312304, GHSS LADWARI",प्रतिभागी,शिक्षक
BD2372,Praveen Kumar Bharadwaj,Niwari,NIWARI,"23520306508, GHSS CHANDAWANI",प्रतिभागी,शिक्षक
BD5747,Kiran Brahman,Niwari,NIWARI,"23520306508, GHSS CHANDAWANI",प्रतिभागी,शिक्षक
BR2241,Bhavana Gupta,Niwari,NIWARI,"23520306508, GHSS CHANDAWANI",प्रतिभागी,शिक्षक
BX9088,Abdul Shafique Khan,Niwari,NIWARI,"23520306508, GHSS CHANDAWANI",प्रतिभागी,शिक्षक
BY8917,Chandrika Prakash Khare,Niwari,NIWARI,"23520306508, GHSS CHANDAWANI",प्रतिभागी,शिक्षक
BD3244,Sushil Kumar Yadav,Niwari,NIWARI,"23520315637, GHSS EXCILENCE NIWARI",प्रतिभागी,शिक्षक
BD3683,Brejendra Prasad Pastor,Niwari,NIWARI,"23520315637, GHSS EXCILENCE NIWARI",प्रतिभागी,शिक्षक
BD3692,Virendra Kumar Ahirwar,Niwari,NIWARI,"23520315637, GHSS EXCILENCE NIWARI",प्रतिभागी,शिक्षक
BD4044,Moti Lal Kushwaha,Niwari,NIWARI,"23520315637, GHSS EXCILENCE NIWARI",प्रतिभागी,शिक्षक
BT1228,Govind Das Kushwaha,Niwari,NIWARI,"23520315637, GHSS EXCILENCE NIWARI",प्रतिभागी,शिक्षक
BV5958,Sanjeev Khare,Niwari,NIWARI,"23520315637, GHSS EXCILENCE NIWARI",प्रतिभागी,शिक्षक
BW6459,Ramesh Kumar Sahu,Niwari,NIWARI,"23520315637, GHSS EXCILENCE NIWARI",प्रतिभागी,शिक्षक
BU3855,Karan Singh Kumhar,Niwari,NIWARI,"23520308406, GHSS  GHUGHSI",प्रतिभागी,शिक्षक
BD3681,Akhilesh Kumar Pateriya,Niwari,NIWARI,"23520300806, GHSS PUCHHIKARGUWAN",प्रतिभागी,शिक्षक
BD3792,Rajkumar Yadav,Niwari,NIWARI,"23520300806, GHSS PUCHHIKARGUWAN",प्रतिभागी,शिक्षक
BD5719,Hari Om Gupta,Niwari,NIWARI,"23520300806, GHSS PUCHHIKARGUWAN",प्रतिभागी,शिक्षक
BD5863,Ramesh Kumar Rajpoot,Niwari,NIWARI,"23520300806, GHSS PUCHHIKARGUWAN",प्रतिभागी,शिक्षक
BS1905,Dharmendra Kumar Nayak,Niwari,NIWARI,"23520300806, GHSS PUCHHIKARGUWAN",प्रतिभागी,अन्य
BX7326,Vinod Kumar Yadav,Niwari,NIWARI,"23520300806, GHSS PUCHHIKARGUWAN",प्रतिभागी,शिक्षक
AS8612,Manjari Khare,Niwari,NIWARI,"23520312415, GHSS  ORCHHA",प्रतिभागी,शिक्षक
BD1030,Arvind Kumar Goswami,Niwari,NIWARI,"23520312415, GHSS  ORCHHA",प्रतिभागी,शिक्षक
BD3545,Vinita Khare,Niwari,NIWARI,"23520312415, GHSS  ORCHHA",प्रतिभागी,शिक्षक
BD3642,Hargovind Kushwaha,Niwari,NIWARI,"23520312415, GHSS  ORCHHA",प्रतिभागी,शिक्षक
BD3790,Mukesh Kumar Gupta,Niwari,NIWARI,"23520312415, GHSS  ORCHHA",प्रतिभागी,शिक्षक
BD4206,Ashwani Kumar Mishra,Niwari,NIWARI,"23520312415, GHSS  ORCHHA",प्रतिभागी,शिक्षक
BD4235,Suneeta Ahirwar,Niwari,NIWARI,"23520312415, GHSS  ORCHHA",प्रतिभागी,शिक्षक
BD7405,Sharda Ahirwar,Niwari,NIWARI,"23520312415, GHSS  ORCHHA",प्रतिभागी,शिक्षक
BQ4810,Anurag Tiwari,Niwari,NIWARI,"23520312415, GHSS  ORCHHA",प्रतिभागी,शिक्षक
BY5528,Ram Sharan Tiwari,Niwari,NIWARI,"23520312415, GHSS  ORCHHA",प्रतिभागी,शिक्षक
BD1042,Durga Dhurwey,Niwari,PRATHVIPUR,"23520516302, GHSS  JERON",प्रतिभागी,शिक्षक
BD5104,Arvind Kumar Rawat,Niwari,PRATHVIPUR,"23520516302, GHSS  JERON",प्रतिभागी,शिक्षक
BX2646,Susheel Raikwar,Niwari,PRATHVIPUR,"23520516302, GHSS  JERON",प्रतिभागी,शिक्षक
CE2303,ABHAY PUSHPKAR,Niwari,PRATHVIPUR,"23520516302, GHSS  JERON",प्रतिभागी,शिक्षक
BD3344,Pramod Kumar Ahirwar,Niwari,PRATHVIPUR,"23520514751, GHSS EXC PRITHVIPUR",प्रतिभागी,शिक्षक
BD5292,Ravi Shankar Bilgaiyan,Niwari,PRATHVIPUR,"23520514751, GHSS EXC PRITHVIPUR",प्रतिभागी,शिक्षक
BD5575,Pramod Singh Dangi,Niwari,PRATHVIPUR,"23520514751, GHSS EXC PRITHVIPUR",प्रतिभागी,शिक्षक
BU3659,Sanjeev Kumar Sen,Niwari,PRATHVIPUR,"23520514751, GHSS EXC PRITHVIPUR",प्रतिभागी,शिक्षक
CB9975,ASHISH VIDUA,Niwari,PRATHVIPUR,"23520514751, GHSS EXC PRITHVIPUR",प्रतिभागी,शिक्षक
CD8272,DEEPIKA YADAV,Niwari,PRATHVIPUR,"23520514751, GHSS EXC PRITHVIPUR",प्रतिभागी,शिक्षक
CD8278,ADITI BANSAL,Niwari,PRATHVIPUR,"23520514751, GHSS EXC PRITHVIPUR",प्रतिभागी,शिक्षक
BD4127,Anupam Sharma,Niwari,PRATHVIPUR,"23520514752, GGHSS  PRATHVIPUR",प्रतिभागी,शिक्षक
BD5486,Mamta Soni,Niwari,PRATHVIPUR,"23520514752, GGHSS  PRATHVIPUR",प्रतिभागी,शिक्षक
BD5798,Raghvendra Singh Parihar,Niwari,PRATHVIPUR,"23520514752, GGHSS  PRATHVIPUR",प्रतिभागी,शिक्षक
BD7001,Jyoti Soni,Niwari,PRATHVIPUR,"23520514752, GGHSS  PRATHVIPUR",प्रतिभागी,शिक्षक
BR9326,Jitendra Kumar Sutrakar,Niwari,PRATHVIPUR,"23520514752, GGHSS  PRATHVIPUR",प्रतिभागी,शिक्षक
BT7409,Neeraj Mishra,Niwari,PRATHVIPUR,"23520514752, GGHSS  PRATHVIPUR",प्रतिभागी,शिक्षक
BV8409,Tulsidas Kushwaha,Niwari,PRATHVIPUR,"23520514752, GGHSS  PRATHVIPUR",प्रतिभागी,शिक्षक
BD5132,Sadhana Khare,Niwari,PRATHVIPUR,"23520503204, GHS DHORRA",प्रतिभागी,शिक्षक
BD5725,Prabhoo Dayal Yadav,Niwari,PRATHVIPUR,"23520503204, GHS DHORRA",प्रतिभागी,शिक्षक
BU4365,Deepak Nayak,Niwari,PRATHVIPUR,"23520503204, GHS DHORRA",प्रतिभागी,शिक्षक
BD3785,Satish Kumar Pateriya,Niwari,PRATHVIPUR,"23520501105, GHS DHILLA",प्रतिभागी,शिक्षक
BD5081,Ramashankar Rawat,Niwari,PRATHVIPUR,"23520501105, GHS DHILLA",प्रतिभागी,शिक्षक
BD5745,Manoj Kumar Katare,Niwari,PRATHVIPUR,"23520501105, GHS DHILLA",प्रतिभागी,शिक्षक
BD5783,Abhitav Shrivastava,Niwari,PRATHVIPUR,"23520501105, GHS DHILLA",प्रतिभागी,शिक्षक
BT4256,Sourabh Paleriya,Niwari,PRATHVIPUR,"23520501105, GHS DHILLA",प्रतिभागी,शिक्षक
BD5071,Rajkumar Namdev,Niwari,PRATHVIPUR,"23520505612, GHSS  SIMRA",प्रतिभागी,शिक्षक
BD5407,Vinod Kumar Napit,Niwari,PRATHVIPUR,"23520505612, GHSS  SIMRA",प्रतिभागी,शिक्षक
BQ5067,Santosh Kumar Gupta,Niwari,PRATHVIPUR,"23520505612, GHSS  SIMRA",प्रतिभागी,शिक्षक
BQ9549,Mahendra Pratap Sharma,Niwari,PRATHVIPUR,"23520505612, GHSS  SIMRA",प्रतिभागी,शिक्षक
BZ3808,Devendra Kumar Sahu,Niwari,PRATHVIPUR,"23520505612, GHSS  SIMRA",प्रतिभागी,शिक्षक
BD7422,Ram Devi,Niwari,PRATHVIPUR,"23520508511, GHSS KAKAWANI",प्रतिभागी,शिक्षक
AS8379,Ramsiya Patel,Panna,AJAIGARH,"23100121302, GOVT GIRGL HSS AJAIGARH",प्रतिभागी,शिक्षक
AS8561,Archana Bajpayi,Panna,AJAIGARH,"23100121302, GOVT GIRGL HSS AJAIGARH",प्रतिभागी,शिक्षक
AS8882,Janak Lali Gupta,Panna,AJAIGARH,"23100121302, GOVT GIRGL HSS AJAIGARH",प्रतिभागी,शिक्षक
BT8686,Shivbaran Singh,Panna,AJAIGARH,"23100121302, GOVT GIRGL HSS AJAIGARH",प्रतिभागी,शिक्षक
AS8385,Ramesh Kumar Mishra,Panna,AJAIGARH,"23100101106, GOVT HSS SABDUA",प्रतिभागी,शिक्षक
AS8648,Roop Singh,Panna,AJAIGARH,"23100101106, GOVT HSS SABDUA",प्रतिभागी,शिक्षक
CC9755,DEEPAK YADAV,Panna,AJAIGARH,"23100101106, GOVT HSS SABDUA",प्रतिभागी,शिक्षक
CD8469,NATTHU PRAJAPATI,Panna,AJAIGARH,"23100101106, GOVT HSS SABDUA",प्रतिभागी,शिक्षक
CD9330,PRAVEEN KUMAR YADAV,Panna,AJAIGARH,"23100101106, GOVT HSS SABDUA",प्रतिभागी,शिक्षक
CE5811,KRANTI YADAV,Panna,AJAIGARH,"23100101106, GOVT HSS SABDUA",प्रतिभागी,शिक्षक
AS9177,Ramkripal Soni,Panna,AJAIGARH,"23100100616, GOVT EXCELLENCE HSS AJAIGARH",प्रतिभागी,शिक्षक
BN3341,Ravindra Kumar Garg,Panna,AJAIGARH,"23100100616, GOVT EXCELLENCE HSS AJAIGARH",प्रतिभागी,शिक्षक
BR9545,Ragni Namdeo,Panna,AJAIGARH,"23100100616, GOVT EXCELLENCE HSS AJAIGARH",प्रतिभागी,अन्य
BV3185,Kamlesh Kumar Patel,Panna,AJAIGARH,"23100100616, GOVT EXCELLENCE HSS AJAIGARH",प्रतिभागी,शिक्षक
BX2248,Shishir Kumar Soni,Panna,AJAIGARH,"23100100616, GOVT EXCELLENCE HSS AJAIGARH",प्रतिभागी,शिक्षक
BY3004,Geeta Sharma,Panna,AJAIGARH,"23100100616, GOVT EXCELLENCE HSS AJAIGARH",प्रतिभागी,शिक्षक
BY3067,Deshraj Patel,Panna,AJAIGARH,"23100100616, GOVT EXCELLENCE HSS AJAIGARH",प्रतिभागी,सीएसी
BZ7236,Shobha Gupta,Panna,AJAIGARH,"23100100616, GOVT EXCELLENCE HSS AJAIGARH",प्रतिभागी,शिक्षक
9752506954,Pankaj Kumar Bajpeyee ,Panna,AJAIGARH,"23100108610, GOVT HSS DHARAMPUR",प्रतिभागी,शिक्षक
AT1882,Sharda Singh,Panna,AJAIGARH,"23100108610, GOVT HSS DHARAMPUR",प्रतिभागी,शिक्षक
AT3254,Ghanshyam Prasad Dwivedi,Panna,AJAIGARH,"23100108610, GOVT HSS DHARAMPUR",प्रतिभागी,शिक्षक
BX2533,Rakesh Kumar Singh Lodh,Panna,AJAIGARH,"23100108610, GOVT HSS DHARAMPUR",प्रतिभागी,शिक्षक
BY4417,Deshraj Prajapati,Panna,AJAIGARH,"23100108610, GOVT HSS DHARAMPUR",प्रतिभागी,शिक्षक
AS9221,Ranjeet Patel,Panna,AJAIGARH,"23100111606, MS HSS BIRA",प्रतिभागी,शिक्षक
AT2259,Kishorilal Prajapati,Panna,AJAIGARH,"23100111606, MS HSS BIRA",प्रतिभागी,शिक्षक
BX2623,Rampal Pal,Panna,AJAIGARH,"23100111606, MS HSS BIRA",प्रतिभागी,बीएसी
CF6410,KARAN LODH,Panna,AJAIGARH,"23100111606, MS HSS BIRA",प्रतिभागी,शिक्षक
AS8380,Krishna Kumar Khare,Panna,AJAIGARH,"23100105206, GOVT HSS SINGHPUR",प्रतिभागी,शिक्षक
AS8905,Rakesh Kumar Tiwari,Panna,AJAIGARH,"23100105206, GOVT HSS SINGHPUR",प्रतिभागी,शिक्षक
AT2263,Baldau Pal,Panna,AJAIGARH,"23100105206, GOVT HSS SINGHPUR",प्रतिभागी,शिक्षक
BN3352,Rajpati Kori,Panna,AJAIGARH,"23100106604, GOVT HS CHANDOORA",प्रतिभागी,शिक्षक
CD2416,RAMESH PRASAD,Panna,AJAIGARH,"23100106604, GOVT HS CHANDOORA",प्रतिभागी,शिक्षक
AS8382,Mithlesh Dutt Chaubey,Panna,AJAIGARH,"23100109307, GOVT HSS HARDI",प्रतिभागी,शिक्षक
AS9033,Mahesh Kumar Prajapati,Panna,AJAIGARH,"23100109307, GOVT HSS HARDI",प्रतिभागी,शिक्षक
BS1762,Santosh Kumar Kori,Panna,AJAIGARH,"23100109307, GOVT HSS HARDI",प्रतिभागी,शिक्षक
BX5230,Chhatrasal Singh Patel,Panna,AJAIGARH,"23100109307, GOVT HSS HARDI",प्रतिभागी,शिक्षक
BN6079,Rajesh Lakhera,Panna,AJAIGARH,"23100110108, GOVT HSS BANAHARIKAL",प्रतिभागी,शिक्षक
BX7095,Kamal Kishor Sahu,Panna,AJAIGARH,"23100110108, GOVT HSS BANAHARIKAL",प्रतिभागी,शिक्षक
AT1717,Jeevan Lal Yadav,Panna,AJAIGARH,"23100111610, GOVT HSS NARDAHA",प्रतिभागी,शिक्षक
AS8396,Ashok Kumar Prajapati,Panna,AJAIGARH,"23100112212, GOVT HSS KHORA",प्रतिभागी,शिक्षक
AT3336,Lovely Morya,Panna,AJAIGARH,"23100112212, GOVT HSS KHORA",प्रतिभागी,शिक्षक
AT3339,Indrapal Lodh,Panna,AJAIGARH,"23100112212, GOVT HSS KHORA",प्रतिभागी,शिक्षक
AT3344,Bishal Kewat,Panna,AJAIGARH,"23100112212, GOVT HSS KHORA",प्रतिभागी,शिक्षक
BV9818,Subhendra Kumar Lodh,Panna,AJAIGARH,"23100112212, GOVT HSS KHORA",प्रतिभागी,शिक्षक
AS9571,Suresh Kumar Upadhyay,Panna,GUNOUR,"23100216303, HS SHYAMARDANDA",प्रतिभागी,शिक्षक
AS9834,Jay Prakash Barholiya,Panna,GUNOUR,"23100216303, HS SHYAMARDANDA",प्रतिभागी,शिक्षक
AT1607,Pawan Kumar Pandey,Panna,GUNOUR,"23100216303, HS SHYAMARDANDA",प्रतिभागी,शिक्षक
AT2944,Shanti Sen,Panna,GUNOUR,"23100216303, HS SHYAMARDANDA",प्रतिभागी,शिक्षक
AT2949,Jay Narayan Gautam,Panna,GUNOUR,"23100216303, HS SHYAMARDANDA",प्रतिभागी,शिक्षक
BS3395,Maya Bai Prajapati,Panna,GUNOUR,"23100216303, HS SHYAMARDANDA",प्रतिभागी,शिक्षक
BV8366,Akhilesh Pandey,Panna,GUNOUR,"23100216303, HS SHYAMARDANDA",प्रतिभागी,शिक्षक
BX3356,Rajendra Pratap Singh,Panna,GUNOUR,"23100216303, HS SHYAMARDANDA",प्रतिभागी,शिक्षक
AS9361,Chandrabhushan Mishara,Panna,GUNOUR,"23100202321, GOVT HRS GIRLS AMANGUNJ",प्रतिभागी,शिक्षक
AT1670,Rajesh Kumar Pandey,Panna,GUNOUR,"23100202321, GOVT HRS GIRLS AMANGUNJ",प्रतिभागी,शिक्षक
AT2258,Lalita Prasad Dahayat,Panna,GUNOUR,"23100202321, GOVT HRS GIRLS AMANGUNJ",प्रतिभागी,शिक्षक
CE9371,ramavatar VISHWAKARMA,Panna,GUNOUR,"23100202321, GOVT HRS GIRLS AMANGUNJ",प्रतिभागी,शिक्षक
AT2918,Ganga Devi Tripathi,Panna,GUNOUR,"23100220627, GOVT EXCELLENCE HSS GUNOUR",प्रतिभागी,शिक्षक
AT4147,Mansar Prasad Dwivedi,Panna,GUNOUR,"23100220627, GOVT EXCELLENCE HSS GUNOUR",प्रतिभागी,शिक्षक
BP1714,Ram Narayan Tiwari,Panna,GUNOUR,"23100220627, GOVT EXCELLENCE HSS GUNOUR",प्रतिभागी,शिक्षक
BU1663,Dinesh Kumar Chaturvedi,Panna,GUNOUR,"23100220627, GOVT EXCELLENCE HSS GUNOUR",प्रतिभागी,शिक्षक
AT2931,Ramchandra Soni,Panna,GUNOUR,"23100220626, GOVT HS GIRLS GUNOUR",प्रतिभागी,शिक्षक
AT4174,Shiv Prasad Namdev,Panna,GUNOUR,"23100220626, GOVT HS GIRLS GUNOUR",प्रतिभागी,शिक्षक
BY5685,Devraj Patel,Panna,GUNOUR,"23100220626, GOVT HS GIRLS GUNOUR",प्रतिभागी,शिक्षक
BZ1112,Premnarayan Patel,Panna,GUNOUR,"23100220626, GOVT HS GIRLS GUNOUR",प्रतिभागी,शिक्षक
AS9355,Pramod Kumar Garg,Panna,GUNOUR,"23100204209, GOVT HSS KAMTANA",प्रतिभागी,शिक्षक
BN6075,Narayan Das Kori,Panna,GUNOUR,"23100204209, GOVT HSS KAMTANA",प्रतिभागी,शिक्षक
BU5949,Chandrabhan Sen,Panna,GUNOUR,"23100204209, GOVT HSS KAMTANA",प्रतिभागी,शिक्षक
BW2160,Pushpendra Pathak,Panna,GUNOUR,"23100204209, GOVT HSS KAMTANA",प्रतिभागी,शिक्षक
BW7145,Jyendra Pandey,Panna,GUNOUR,"23100204209, GOVT HSS KAMTANA",प्रतिभागी,शिक्षक
AT1437,Chandrabhan Dahayat,Panna,GUNOUR,"23100200109, GOVT HSS DWARI",प्रतिभागी,शिक्षक
AS9799,Gopi Babu Pathak,Panna,GUNOUR,"23100224202, GOVT HSS PAGRA",प्रतिभागी,शिक्षक
CC6382,AKANSHA URMALIYA,Panna,GUNOUR,"23100224202, GOVT HSS PAGRA",प्रतिभागी,शिक्षक
BN5418,Dinesh Kumar Mishra,Panna,GUNOUR,"23100202320, GOVT HSS BOYS AMANGUNJ",प्रतिभागी,शिक्षक
AT3146,Deoki Nandan Sharma,Panna,GUNOUR,"23100205514, GOVT HSS MAHEWA",प्रतिभागी,शिक्षक
AT3874,Ramakant Chaurasiya,Panna,GUNOUR,"23100212713, GOVT HSS PATNATAMOLI",प्रतिभागी,शिक्षक
AT3885,Pushpendra Kumar Mishra,Panna,GUNOUR,"23100212713, GOVT HSS PATNATAMOLI",प्रतिभागी,शिक्षक
AT3892,Ram Jee Chaurasiya,Panna,GUNOUR,"23100212713, GOVT HSS PATNATAMOLI",प्रतिभागी,शिक्षक
BN2523,Santram Chaurasiya,Panna,GUNOUR,"23100212713, GOVT HSS PATNATAMOLI",प्रतिभागी,शिक्षक
BW9190,Rampratap Singraul,Panna,GUNOUR,"23100212713, GOVT HSS PATNATAMOLI",प्रतिभागी,शिक्षक
BY6472,Deovpal Singh Singhraul,Panna,GUNOUR,"23100212713, GOVT HSS PATNATAMOLI",प्रतिभागी,शिक्षक
BY6476,Ved Prakash Chaurasiya,Panna,GUNOUR,"23100212713, GOVT HSS PATNATAMOLI",प्रतिभागी,शिक्षक
BN2814,Rajni Pandey,Panna,GUNOUR,"23100213612, GOVT HSS SALEHA",प्रतिभागी,शिक्षक
AT3571,Bhagwat Prasad Verma,Panna,GUNOUR,"23100215907, GOVT HS KATHWARIYA",प्रतिभागी,शिक्षक
BN2808,Surendra Kumar Bagri,Panna,GUNOUR,"23100215907, GOVT HS KATHWARIYA",प्रतिभागी,शिक्षक
BS8410,Somwati Prajapati,Panna,GUNOUR,"23100215907, GOVT HS KATHWARIYA",प्रतिभागी,शिक्षक
CD8816,VIJAY SINGH,Panna,GUNOUR,"23100215907, GOVT HS KATHWARIYA",प्रतिभागी,शिक्षक
AT1600,Sadhna Gupta,Panna,PANNA,"23100324513, GOVT HS KUNJWAN",प्रतिभागी,शिक्षक
AT2913,Awdhesh Kumar Khare,Panna,PANNA,"23100324513, GOVT HS KUNJWAN",प्रतिभागी,शिक्षक
AT4067,Kavita Khare,Panna,PANNA,"23100324513, GOVT HS KUNJWAN",प्रतिभागी,शिक्षक
AT4254,Akash Joshi,Panna,PANNA,"23100324513, GOVT HS KUNJWAN",प्रतिभागी,शिक्षक
BR5224,Vaibhav Kumar Mishra,Panna,PANNA,"23100324513, GOVT HS KUNJWAN",प्रतिभागी,शिक्षक
BX2277,Trilok Singh Yadav,Panna,PANNA,"23100324513, GOVT HS KUNJWAN",प्रतिभागी,शिक्षक
BY2656,Pushpa Vishvakarma,Panna,PANNA,"23100324513, GOVT HS KUNJWAN",प्रतिभागी,शिक्षक
AT1567,Braj Bhoosan Raikwar,Panna,PANNA,"23100305304, GOVt HSS JHARKUA",प्रतिभागी,शिक्षक
AT2056,Kamlesh Kumar Chaudhri,Panna,PANNA,"23100331001, GOVT HSS KAKRAHTI",प्रतिभागी,शिक्षक
AT2430,Kare Lal,Panna,PANNA,"23100331001, GOVT HSS KAKRAHTI",प्रतिभागी,शिक्षक
AT2442,Rehana Khatoon,Panna,PANNA,"23100331001, GOVT HSS KAKRAHTI",प्रतिभागी,शिक्षक
BY1708,Nidhi Gupta,Panna,PANNA,"23100331001, GOVT HSS KAKRAHTI",प्रतिभागी,शिक्षक
BY1936,Rekha Singh Rajpoot,Panna,PANNA,"23100331001, GOVT HSS KAKRAHTI",प्रतिभागी,शिक्षक
BK1650,Vijay Kumar Soni,Panna,PANNA,"23100329502, GOVT HSS BOYS DEVENDRANAGAR",प्रतिभागी,शिक्षक
BW8029,Sanad Kumar Garg,Panna,PANNA,"23100329502, GOVT HSS BOYS DEVENDRANAGAR",प्रतिभागी,शिक्षक
CF4523,SUDHEER Kumar Pandey,Panna,PANNA,"23100329502, GOVT HSS BOYS DEVENDRANAGAR",प्रतिभागी,शिक्षक
BU2415,Aslam Mohammad,Panna,PANNA,"23100301104, GOVT HS RAKESHA",प्रतिभागी,शिक्षक
BY2646,Aarti Sahu,Panna,PANNA,"23100301104, GOVT HS RAKESHA",प्रतिभागी,शिक्षक
AS8839,Pyarelal Gound,Panna,PANNA,"23100308013, GOVT HSS BRIJPUR",प्रतिभागी,शिक्षक
AT2159,Sangita Shrivastava,Panna,PANNA,"23100308013, GOVT HSS BRIJPUR",प्रतिभागी,शिक्षक
BN4622,Kamalesh Kumar Dixit,Panna,PANNA,"23100308013, GOVT HSS BRIJPUR",प्रतिभागी,शिक्षक
BN6031,Rajesh Kumar Dwivedi,Panna,PANNA,"23100308013, GOVT HSS BRIJPUR",प्रतिभागी,शिक्षक
BW7709,Sitasharan Singh Lodhi,Panna,PANNA,"23100308013, GOVT HSS BRIJPUR",प्रतिभागी,शिक्षक
AS8747,Vishwnath Singh,Panna,PANNA,"23100307508, GOVT HS ITWAKHAS",प्रतिभागी,शिक्षक
AT1229,Ajay Kushwaha,Panna,PANNA,"23100307508, GOVT HS ITWAKHAS",प्रतिभागी,शिक्षक
AT1414,Ravita Singh Parihar,Panna,PANNA,"23100307508, GOVT HS ITWAKHAS",प्रतिभागी,शिक्षक
AV7937,Indra Prasad Prajapati,Panna,PANNA,"23100307508, GOVT HS ITWAKHAS",प्रतिभागी,शिक्षक
BY7877,Santram Lodhi,Panna,PANNA,"23100307508, GOVT HS ITWAKHAS",प्रतिभागी,शिक्षक
AT3712,Bhola Prasad Mishra,Panna,PANNA,"23100314910, GOVT HSS PAHARIKHERA",प्रतिभागी,शिक्षक
BR1993,Ashok Kumar Mavasi,Panna,PANNA,"23100314910, GOVT HSS PAHARIKHERA",प्रतिभागी,शिक्षक
BS7386,Daya Shankar Mishra,Panna,PANNA,"23100314910, GOVT HSS PAHARIKHERA",प्रतिभागी,शिक्षक
BT9769,Surendra Singh Singraul,Panna,PANNA,"23100314910, GOVT HSS PAHARIKHERA",प्रतिभागी,शिक्षक
BR8416,Jay Hind,Panna,PANNA,"23100309305, GOVT HSS BIRWAHI",प्रतिभागी,शिक्षक
BW8440,Vishnudatt Chaturvedi,Panna,PANNA,"23100309305, GOVT HSS BIRWAHI",प्रतिभागी,शिक्षक
AT1359,Shobha Gupta,Panna,PANNA,"23100328501, GOVT HSS GIRLS DEVENDRANAGAR",प्रतिभागी,शिक्षक
AT1375,Hari Ram Soni,Panna,PANNA,"23100328501, GOVT HSS GIRLS DEVENDRANAGAR",प्रतिभागी,शिक्षक
AT1384,Rishi Kesh Gautam,Panna,PANNA,"23100328501, GOVT HSS GIRLS DEVENDRANAGAR",प्रतिभागी,शिक्षक
AT2117,Vidya Bagri,Panna,PANNA,"23100328501, GOVT HSS GIRLS DEVENDRANAGAR",प्रतिभागी,शिक्षक
BN5621,Brajendra Singh,Panna,PANNA,"23100328501, GOVT HSS GIRLS DEVENDRANAGAR",प्रतिभागी,शिक्षक
BN5624,Babli Bagri,Panna,PANNA,"23100328501, GOVT HSS GIRLS DEVENDRANAGAR",प्रतिभागी,शिक्षक
BQ3395,Krishna Kumar Bilthariya,Panna,PANNA,"23100328501, GOVT HSS GIRLS DEVENDRANAGAR",प्रतिभागी,शिक्षक
BS5846,Jeetendra Kumar Bagri,Panna,PANNA,"23100328501, GOVT HSS GIRLS DEVENDRANAGAR",प्रतिभागी,शिक्षक
BY3057,Rajesh Kumar Shriwas,Panna,PANNA,"23100328501, GOVT HSS GIRLS DEVENDRANAGAR",प्रतिभागी,शिक्षक
AT1504,Shobha Lal Ahirwar,Panna,PANNA,"23100304504, GOVT HSS BARACH",प्रतिभागी,शिक्षक
AT1515,Ram Narayan Lakhera,Panna,PANNA,"23100304504, GOVT HSS BARACH",प्रतिभागी,शिक्षक
BN6919,Narendra Kumar Prajapati,Panna,PANNA,"23100304504, GOVT HSS BARACH",प्रतिभागी,शिक्षक
AT1182,Miithlesh Khare,Panna,PANNA,"23100322404, GOVT HSS GIRLS MANHAR PANNA",प्रतिभागी,शिक्षक
AT1266,Raj Kishor Sharma,Panna,PANNA,"23100322404, GOVT HSS GIRLS MANHAR PANNA",प्रतिभागी,शिक्षक
AT2846,Neelam Singh,Panna,PANNA,"23100322404, GOVT HSS GIRLS MANHAR PANNA",प्रतिभागी,शिक्षक
AT3929,Makhan Lal Dwivedi,Panna,PANNA,"23100322404, GOVT HSS GIRLS MANHAR PANNA",प्रतिभागी,शिक्षक
AT4012,Madhu Tripathi,Panna,PANNA,"23100322404, GOVT HSS GIRLS MANHAR PANNA",प्रतिभागी,शिक्षक
AT4046,Noorjaha Khan,Panna,PANNA,"23100322404, GOVT HSS GIRLS MANHAR PANNA",प्रतिभागी,शिक्षक
AT4163,Rashmi Mishra,Panna,PANNA,"23100322404, GOVT HSS GIRLS MANHAR PANNA",प्रतिभागी,शिक्षक
AT4245,Yogendra Kumar Awasthi,Panna,PANNA,"23100322404, GOVT HSS GIRLS MANHAR PANNA",प्रतिभागी,शिक्षक
BN3350,Anita Singh,Panna,PANNA,"23100322404, GOVT HSS GIRLS MANHAR PANNA",प्रतिभागी,शिक्षक
BY8853,Ruby Shrivastava,Panna,PANNA,"23100322404, GOVT HSS GIRLS MANHAR PANNA",प्रतिभागी,शिक्षक
AS8562,Ram Swaroop Sen,Panna,PANNA,"23100323215, GOVT HSS R. P. NO-2",प्रतिभागी,शिक्षक
AS8668,Rammilan Kori,Panna,PANNA,"23100323215, GOVT HSS R. P. NO-2",प्रतिभागी,शिक्षक
AT1160,Smt. Ramaa Awasthi,Panna,PANNA,"23100323215, GOVT HSS R. P. NO-2",प्रतिभागी,शिक्षक
AT2828,Pratima Sharma,Panna,PANNA,"23100323215, GOVT HSS R. P. NO-2",प्रतिभागी,शिक्षक
BR8351,Rajesh Kumar Pandey,Panna,PANNA,"23100323215, GOVT HSS R. P. NO-2",प्रतिभागी,शिक्षक
BZ3579,Ram Lakhan Prajapati,Panna,PANNA,"23100323215, GOVT HSS R. P. NO-2",प्रतिभागी,शिक्षक
CC9728,ANKIT Kumar Sahu,Panna,PANNA,"23100323215, GOVT HSS R. P. NO-2",प्रतिभागी,शिक्षक
AS9953,Arun Kumar Dwivedi,Panna,PAWAI,"23100411309, GOVT HS PURAINA",प्रतिभागी,शिक्षक
AT2202,Babulal Yadav,Panna,PAWAI,"23100411309, GOVT HS PURAINA",प्रतिभागी,शिक्षक
BK3678,Sukhsahab Singh Yadav,Panna,PAWAI,"23100411309, GOVT HS PURAINA",प्रतिभागी,शिक्षक
BZ3001,Ramprasad Prajapati,Panna,PAWAI,"23100411309, GOVT HS PURAINA",प्रतिभागी,शिक्षक
AT3401,Ram Bai Singh,Panna,PAWAI,"23100409910, GOVT HS KUNWERPUR",प्रतिभागी,शिक्षक
CD1966,KAMLESHWAR KURMI,Panna,PAWAI,"23100409910, GOVT HS KUNWERPUR",प्रतिभागी,सीएसी
BP9157,Surendra Kumar Gupta,Panna,PAWAI,"23100408724, GOVT HSS MOHENDRA",प्रतिभागी,शिक्षक
BU2224,Preeti Gupta,Panna,PAWAI,"23100408724, GOVT HSS MOHENDRA",प्रतिभागी,शिक्षक
BV7804,Aditya Kumar Pandey,Panna,PAWAI,"23100408724, GOVT HSS MOHENDRA",प्रतिभागी,शिक्षक
CC9191,SHRAVAN CHAURASIYA,Panna,PAWAI,"23100408724, GOVT HSS MOHENDRA",प्रतिभागी,शिक्षक
AT2307,Shivraj Prasad Lodhi,Panna,PAWAI,"23100410509, GOVT HSS BANOULI",प्रतिभागी,शिक्षक
AS9271,Sunil Kumar Jain,Panna,PAWAI,"23100421403, Govt HSS EXCELLENCE PAWAI",प्रतिभागी,शिक्षक
AS9288,Balak Das Bagri,Panna,PAWAI,"23100421403, Govt HSS EXCELLENCE PAWAI",प्रतिभागी,शिक्षक
AT2756,Ganesh Singh,Panna,PAWAI,"23100421403, Govt HSS EXCELLENCE PAWAI",प्रतिभागी,शिक्षक
BM9589,Santosh Kumar Mishra,Panna,PAWAI,"23100421403, Govt HSS EXCELLENCE PAWAI",प्रतिभागी,शिक्षक
BM9724,Pramod Kumar Sharma,Panna,PAWAI,"23100421403, Govt HSS EXCELLENCE PAWAI",प्रतिभागी,शिक्षक
BM9730,Satanand Pathak,Panna,PAWAI,"23100421403, Govt HSS EXCELLENCE PAWAI",प्रतिभागी,शिक्षक
BM9737,Deepak Kumar Pathak,Panna,PAWAI,"23100421403, Govt HSS EXCELLENCE PAWAI",प्रतिभागी,शिक्षक
BV5651,Ashish Kumar Vishwakarma,Panna,PAWAI,"23100421403, Govt HSS EXCELLENCE PAWAI",प्रतिभागी,शिक्षक
BY4056,Raghuveer Prasad Tiwari,Panna,PAWAI,"23100421403, Govt HSS EXCELLENCE PAWAI",प्रतिभागी,शिक्षक
AT3079,Ashok Kumar Soni,Panna,PAWAI,"23100420302, GOVT HSS GIRLS PAWAI",प्रतिभागी,शिक्षक
AT2878,Satyanarayan Tiwari,Panna,PAWAI,"23100401506, GOVT HSS TIKARIYA",प्रतिभागी,शिक्षक
BS1268,Praveen Kumar Prajapati,Panna,PAWAI,"23100401506, GOVT HSS TIKARIYA",प्रतिभागी,शिक्षक
AS9280,Ram Lala Bagri,Panna,PAWAI,"23100403412, GOVT HSS KRISHANGARH",प्रतिभागी,शिक्षक
AT4313,Phunda Kori,Panna,PAWAI,"23100403412, GOVT HSS KRISHANGARH",प्रतिभागी,शिक्षक
BS8248,Pushpendra Mishra,Panna,PAWAI,"23100403412, GOVT HSS KRISHANGARH",प्रतिभागी,शिक्षक
BT9250,Sarataj Husain,Panna,PAWAI,"23100403412, GOVT HSS KRISHANGARH",प्रतिभागी,शिक्षक
BU7497,Sandeep Kumar Khare,Panna,PAWAI,"23100403412, GOVT HSS KRISHANGARH",प्रतिभागी,शिक्षक
BX9807,Arun Kumar Tiwari,Panna,PAWAI,"23100403412, GOVT HSS KRISHANGARH",प्रतिभागी,शिक्षक
AS9059,Ahibaran Singh,Panna,PAWAI,"23100405603, GOVT HSS KALDA",प्रतिभागी,शिक्षक
BN6083,Ashok Kumar Kori,Panna,PAWAI,"23100408009, GOVT HSS SUNWANIKALA",प्रतिभागी,शिक्षक
BR8349,Neeraj Khare,Panna,PAWAI,"23100408009, GOVT HSS SUNWANIKALA",प्रतिभागी,शिक्षक
AT2795,Bahadur Singh Thakur,Panna,SHAHNAGAR,"23100504909, GOVT HSS BORI",प्रतिभागी,शिक्षक
AT1781,Indrapal Singh Sarut,Panna,SHAHNAGAR,"23100502610, GOVT HSS BISANI",प्रतिभागी,शिक्षक
AT1903,Man Bharan Singh Gaund,Panna,SHAHNAGAR,"23100500117, GOVT EXCELLENCE HSS SHAHNAGAR",प्रतिभागी,शिक्षक
AT2175,Ajay Kuamr Khare,Panna,SHAHNAGAR,"23100500117, GOVT EXCELLENCE HSS SHAHNAGAR",प्रतिभागी,शिक्षक
AT2602,Santan Singh,Panna,SHAHNAGAR,"23100500117, GOVT EXCELLENCE HSS SHAHNAGAR",प्रतिभागी,शिक्षक
AT2611,Preetam Singh Gond,Panna,SHAHNAGAR,"23100500117, GOVT EXCELLENCE HSS SHAHNAGAR",प्रतिभागी,शिक्षक
AT2788,Lakshman Singh,Panna,SHAHNAGAR,"23100500117, GOVT EXCELLENCE HSS SHAHNAGAR",प्रतिभागी,शिक्षक
AT3767,Rajni Khare,Panna,SHAHNAGAR,"23100500117, GOVT EXCELLENCE HSS SHAHNAGAR",प्रतिभागी,शिक्षक
BJ9927,Ramsajiwan Kotwar,Panna,SHAHNAGAR,"23100500117, GOVT EXCELLENCE HSS SHAHNAGAR",प्रतिभागी,शिक्षक
BK2735,Shiv Singh,Panna,SHAHNAGAR,"23100500117, GOVT EXCELLENCE HSS SHAHNAGAR",प्रतिभागी,शिक्षक
BY8880,Kuldeep Kumar Yadav,Panna,SHAHNAGAR,"23100500117, GOVT EXCELLENCE HSS SHAHNAGAR",प्रतिभागी,शिक्षक
AT2166,Krishna Shukla,Panna,SHAHNAGAR,"23100515606, GOVT HSS HARDUA KHAMRIYA",प्रतिभागी,शिक्षक
AT2541,Rekha Singh Parmar,Panna,SHAHNAGAR,"23100508315, GOVT HSS RAIPURA",प्रतिभागी,शिक्षक
AT2551,Anil Kumar Khare,Panna,SHAHNAGAR,"23100508315, GOVT HSS RAIPURA",प्रतिभागी,शिक्षक
AT2580,Umashankar Patel,Panna,SHAHNAGAR,"23100508315, GOVT HSS RAIPURA",प्रतिभागी,शिक्षक
BY6572,Vidya Kant Jain,Panna,SHAHNAGAR,"23100508315, GOVT HSS RAIPURA",प्रतिभागी,शिक्षक
CD6666,ANNU JAIN,Panna,SHAHNAGAR,"23100508315, GOVT HSS RAIPURA",प्रतिभागी,शिक्षक
BK2769,Jagdeesh Khre,Panna,SHAHNAGAR,"23100511008, GOVT HS BAGROOD",प्रतिभागी,शिक्षक
BZ6958,Balkishun Patel,Panna,SHAHNAGAR,"23100511008, GOVT HS BAGROOD",प्रतिभागी,शिक्षक
AT2594,Summer Singh,Panna,SHAHNAGAR,"23100508811, GOVT HSS BAGHWAR",प्रतिभागी,शिक्षक
AS9077,Hoshiyar Singh,Panna,SHAHNAGAR,"23100506605, GOVT HS SUDOOR",प्रतिभागी,शिक्षक
AT1816,Rajpat Singh,Panna,SHAHNAGAR,"23100506605, GOVT HS SUDOOR",प्रतिभागी,शिक्षक
AT2603,Dashrath Singh,Panna,SHAHNAGAR,"23100506605, GOVT HS SUDOOR",प्रतिभागी,शिक्षक
AT2653,Anjani Choubey,Panna,SHAHNAGAR,"23100506605, GOVT HS SUDOOR",प्रतिभागी,शिक्षक
AT2669,Chhadami Singh,Panna,SHAHNAGAR,"23100506605, GOVT HS SUDOOR",प्रतिभागी,शिक्षक
AT2670,Shalinee Jain,Panna,SHAHNAGAR,"23100506605, GOVT HS SUDOOR",प्रतिभागी,शिक्षक
BY9847,Ram Prasad Sahu,Panna,SHAHNAGAR,"23100506605, GOVT HS SUDOOR",प्रतिभागी,शिक्षक
AT1859,Rajendra Singh,Panna,SHAHNAGAR,"23100504005, GOVT HS BUDROD",प्रतिभागी,शिक्षक
AT1863,Umrao Singh,Panna,SHAHNAGAR,"23100501709, GOVT HS ROHANIYA",प्रतिभागी,शिक्षक
AT2720,Surendra Ojha,Panna,SHAHNAGAR,"23100501709, GOVT HS ROHANIYA",प्रतिभागी,शिक्षक
AT2747,Shekh Subrati,Panna,SHAHNAGAR,"23100501709, GOVT HS ROHANIYA",प्रतिभागी,शिक्षक
AT7345,Prasoon Lata Pathak,Raisen,BADI,"23340103049, GIRLS HSS BARELI",प्रतिभागी,शिक्षक
AU1003,Jagdish Kumar Shakya,Raisen,BADI,"23340111304, GHS INTKHEDI",प्रतिभागी,शिक्षक
BY8913,Loknarayan Shrivastava,Raisen,BADI,"23340111304, GHS INTKHEDI",प्रतिभागी,शिक्षक
AT7196,Saroj Nagwanshi,Raisen,BADI,"23340103050, BOYS HSS BARELI",प्रतिभागी,शिक्षक
AT8042,Shailendra Jain,Raisen,BADI,"23340103050, BOYS HSS BARELI",प्रतिभागी,शिक्षक
AU2072,Seema Dhakad,Raisen,BADI,"23340103050, BOYS HSS BARELI",प्रतिभागी,शिक्षक
BP7292,Shailkumari SHRIVASTAVA,Raisen,BADI,"23340103050, BOYS HSS BARELI",प्रतिभागी,शिक्षक
BW7921,Rajnikant Acharya,Raisen,BADI,"23340103050, BOYS HSS BARELI",प्रतिभागी,शिक्षक
BZ4881,Supyar Singh Bamhorya,Raisen,BADI,"23340103050, BOYS HSS BARELI",प्रतिभागी,शिक्षक
CD2412,NARENDRA SARATHE,Raisen,BADI,"23340103050, BOYS HSS BARELI",प्रतिभागी,शिक्षक
AT5544,Shivraj Singh Chauhan,Raisen,BADI,"23340103810, GHSS BHARKACHHA KALAN",प्रतिभागी,शिक्षक
AT7608,Mehtab Singh Barkare,Raisen,BADI,"23340103810, GHSS BHARKACHHA KALAN",प्रतिभागी,शिक्षक
BR2549,Khilan Singh Chouhan,Raisen,BADI,"23340103810, GHSS BHARKACHHA KALAN",प्रतिभागी,शिक्षक
BR7211,Brijendra Singh Verma,Raisen,BADI,"23340123503, GHSS UDAIGIRI",प्रतिभागी,शिक्षक
AT5010,Kamlesh Kumar Ahirwar,Raisen,BADI,"23340100810, GHS AMRAWAD KALA",प्रतिभागी,शिक्षक
AT7097,Mamta Chaturvedi,Raisen,BADI,"23340100810, GHS AMRAWAD KALA",प्रतिभागी,शिक्षक
BE9517,Tulsiram Chouhan,Raisen,BADI,"23340100810, GHS AMRAWAD KALA",प्रतिभागी,शिक्षक
BU6411,Hukum Singh Chouhan,Raisen,BADI,"23340100810, GHS AMRAWAD KALA",प्रतिभागी,शिक्षक
AT7996,Narendra Kumar Dhakad,Raisen,BADI,"23340116205, GHS MAHESHWAR",प्रतिभागी,शिक्षक
AT7987,Sarika Jain,Raisen,BADI,"23340113910, GHSS KHARGAONE",प्रतिभागी,शिक्षक
AK4539,Anubha Shrivastava,Raisen,BADI,"23340101229, GHSS BADI",प्रतिभागी,शिक्षक
AT9569,Kirti Rinwa,Raisen,BEGAMGANJ,"23340222856, BOYS  GHSS BEGAMGANJ",प्रतिभागी,शिक्षक
AU2363,Hemlata Yadav,Raisen,BEGAMGANJ,"23340222856, BOYS  GHSS BEGAMGANJ",प्रतिभागी,शिक्षक
AU2389,Bharti Thakur,Raisen,BEGAMGANJ,"23340222856, BOYS  GHSS BEGAMGANJ",प्रतिभागी,शिक्षक
BX6768,Anoop Kumar Tiwari,Raisen,BEGAMGANJ,"23340222856, BOYS  GHSS BEGAMGANJ",प्रतिभागी,शिक्षक
AT5707,Rehana Begum,Raisen,BEGAMGANJ,"23340222855, GIRLS GHSS BEGAMGANJ",प्रतिभागी,शिक्षक
AT9663,Dashrath Singh Thakur,Raisen,BEGAMGANJ,"23340222855, GIRLS GHSS BEGAMGANJ",प्रतिभागी,शिक्षक
AX7938,Kirti Vishwakarma,Raisen,BEGAMGANJ,"23340222855, GIRLS GHSS BEGAMGANJ",प्रतिभागी,शिक्षक
AT9594,Veerendra Kumar Bhargav,Raisen,BEGAMGANJ,"23340213903, GHS MAHUA KHEDA KALA",प्रतिभागी,शिक्षक
AT9877,Lalsahab Thakur,Raisen,BEGAMGANJ,"23340213903, GHS MAHUA KHEDA KALA",प्रतिभागी,शिक्षक
BS8546,Nidhi Jain,Raisen,BEGAMGANJ,"23340213903, GHS MAHUA KHEDA KALA",प्रतिभागी,शिक्षक
AT5663,Manoj Kumar Gond,Raisen,BEGAMGANJ,"23340217104, GHS PADARIYA RAJADHAR",प्रतिभागी,शिक्षक
AT9090,Ajay Kumar Shrivastava,Raisen,BEGAMGANJ,"23340217104, GHS PADARIYA RAJADHAR",प्रतिभागी,शिक्षक
AT5643,Shiv Devi Kushawaha,Raisen,BEGAMGANJ,"23340220904, GHS SUNEHARA",प्रतिभागी,शिक्षक
BQ9473,Anil Kumar Mali,Raisen,BEGAMGANJ,"23340220904, GHS SUNEHARA",प्रतिभागी,शिक्षक
AU2343,Brajmohan Gour,Raisen,BEGAMGANJ,"23340201905, GHS BEERPUR",प्रतिभागी,शिक्षक
AU2354,Chanchal Balaiya,Raisen,BEGAMGANJ,"23340201905, GHS BEERPUR",प्रतिभागी,शिक्षक
BS6345,Pallavi Dangi,Raisen,BEGAMGANJ,"23340201905, GHS BEERPUR",प्रतिभागी,शिक्षक
AC4145,Hemant Gurjar,Raisen,BEGAMGANJ,"23340222003, GHS TULSIPAR",प्रतिभागी,शिक्षक
AT9552,Manoj Pathak,Raisen,BEGAMGANJ,"23340222003, GHS TULSIPAR",प्रतिभागी,शिक्षक
AT9855,Rishiraj Gour,Raisen,BEGAMGANJ,"23340222003, GHS TULSIPAR",प्रतिभागी,शिक्षक
AT5057,Dinesh Pratap Singh,Raisen,BEGAMGANJ,"23340221104, GHSS SUNWAHA",प्रतिभागी,शिक्षक
CD2511,SANJAY AVINASHI,Raisen,BEGAMGANJ,"23340221104, GHSS SUNWAHA",प्रतिभागी,शिक्षक
CD2512,ANUJ UIKE,Raisen,BEGAMGANJ,"23340221104, GHSS SUNWAHA",प्रतिभागी,शिक्षक
AT8502,Heera Lal,Raisen,BEGAMGANJ,"23340220712, GHSS SULTANGANJ",प्रतिभागी,शिक्षक
AT9078,Vijay Shah,Raisen,BEGAMGANJ,"23340220712, GHSS SULTANGANJ",प्रतिभागी,शिक्षक
AU2337,Dropdi Thakur,Raisen,BEGAMGANJ,"23340220712, GHSS SULTANGANJ",प्रतिभागी,शिक्षक
BY4032,Veerendra Kumar Khare,Raisen,BEGAMGANJ,"23340220712, GHSS SULTANGANJ",प्रतिभागी,शिक्षक
BY5744,Ram Krishna Chadar,Raisen,BEGAMGANJ,"23340220712, GHSS SULTANGANJ",प्रतिभागी,शिक्षक
AT9411,Narendra Kumar Sharma,Raisen,GAIRATGANJ,"23340305126, GGHS GAIRATGANJ",प्रतिभागी,शिक्षक
AT9771,Saroj Soni,Raisen,GAIRATGANJ,"23340305126, GGHS GAIRATGANJ",प्रतिभागी,शिक्षक
BE9192,Pramod Kushwaha,Raisen,GAIRATGANJ,"23340305126, GGHS GAIRATGANJ",प्रतिभागी,शिक्षक
BQ6840,barkha wathore,Raisen,GAIRATGANJ,"23340305126, GGHS GAIRATGANJ",प्रतिभागी,शिक्षक
BW8064,Bhagchand Silawat,Raisen,GAIRATGANJ,"23340305126, GGHS GAIRATGANJ",प्रतिभागी,शिक्षक
CB8271,PINKI DHAKAD,Raisen,GAIRATGANJ,"23340305126, GGHS GAIRATGANJ",प्रतिभागी,शिक्षक
AT8369,Hemlata Koli,Raisen,GAIRATGANJ,"23340306210, GHSS HARDOT",प्रतिभागी,शिक्षक
AT8374,RAJKUMAR VISHWAKARMA,Raisen,GAIRATGANJ,"23340306210, GHSS HARDOT",प्रतिभागी,शिक्षक
AT8602,Neel Kamal Koshti,Raisen,GAIRATGANJ,"23340306210, GHSS HARDOT",प्रतिभागी,सीएसी
CB8270,ROHIT CHANDRAVANSHI,Raisen,GAIRATGANJ,"23340306210, GHSS HARDOT",प्रतिभागी,शिक्षक
AT9865,Dinesh Kumar Namdev,Raisen,GAIRATGANJ,"23340306703, GHS HINOTIYA MAHALPUR",प्रतिभागी,शिक्षक
AT9885,Hari Prasad,Raisen,GAIRATGANJ,"23340306703, GHS HINOTIYA MAHALPUR",प्रतिभागी,शिक्षक
AT9937,Kailash Singh,Raisen,GAIRATGANJ,"23340306703, GHS HINOTIYA MAHALPUR",प्रतिभागी,शिक्षक
AU1890,Radha Singh,Raisen,GAIRATGANJ,"23340306703, GHS HINOTIYA MAHALPUR",प्रतिभागी,शिक्षक
AU1897,Ramesh Sen,Raisen,GAIRATGANJ,"23340316008, GHSS SODARPUR",प्रतिभागी,शिक्षक
AU1542,Ganpat Lal Dhurwey,Raisen,GAIRATGANJ,"23340313106, GHS RAMPURA KALA",प्रतिभागी,शिक्षक
AU2078,Naresh Sahu,Raisen,GAIRATGANJ,"23340313106, GHS RAMPURA KALA",प्रतिभागी,शिक्षक
BP4421,Manisha Gupta,Raisen,GAIRATGANJ,"23340313106, GHS RAMPURA KALA",प्रतिभागी,शिक्षक
BU4750,Mayank Keer,Raisen,GAIRATGANJ,"23340313106, GHS RAMPURA KALA",प्रतिभागी,शिक्षक
AT8380,Bhagvati Prasad Joshi,Raisen,GAIRATGANJ,"23340305127, GBHSS GAIRATGANJ",प्रतिभागी,शिक्षक
AT9856,Jheel Kamal Koshti,Raisen,GAIRATGANJ,"23340305127, GBHSS GAIRATGANJ",प्रतिभागी,शिक्षक
AU1893,Deendayal Shilpkar,Raisen,GAIRATGANJ,"23340305127, GBHSS GAIRATGANJ",प्रतिभागी,शिक्षक
BW8361,Neelesh Gohil,Raisen,GAIRATGANJ,"23340305127, GBHSS GAIRATGANJ",प्रतिभागी,शिक्षक
AT9866,Harinarayan Vishwakarma,Raisen,GAIRATGANJ,"23340304118, GHSS DEHGAON",प्रतिभागी,शिक्षक
AT9974,Upendra Singh Chouhan,Raisen,GAIRATGANJ,"23340304118, GHSS DEHGAON",प्रतिभागी,शिक्षक
AU1914,Premlata Kerketta,Raisen,GAIRATGANJ,"23340304118, GHSS DEHGAON",प्रतिभागी,शिक्षक
AU2024,Bhab Singgh,Raisen,GAIRATGANJ,"23340304118, GHSS DEHGAON",प्रतिभागी,शिक्षक
AU2142,Naresh Kumar,Raisen,GAIRATGANJ,"23340304118, GHSS DEHGAON",प्रतिभागी,शिक्षक
BW5974,Mohan Babu,Raisen,GAIRATGANJ,"23340304118, GHSS DEHGAON",प्रतिभागी,शिक्षक
AT9843,Narayan Singh,Raisen,GAIRATGANJ,"23340304813, GHSS GADHI",प्रतिभागी,शिक्षक
AT9847,Vijay Laxmi Chourasiya,Raisen,GAIRATGANJ,"23340304813, GHSS GADHI",प्रतिभागी,शिक्षक
AU1126,Kailash Kumar Vishvkarma,Raisen,GAIRATGANJ,"23340304813, GHSS GADHI",प्रतिभागी,शिक्षक
AU1188,Sandeep Sharma,Raisen,GAIRATGANJ,"23340304813, GHSS GADHI",प्रतिभागी,शिक्षक
AT5077,Pawan Kumar Shriwastav,Raisen,OBEDULLAGANJ,"23340401505, GHS BAGASPUR",प्रतिभागी,शिक्षक
AT5910,Rajni Shrivastava,Raisen,OBEDULLAGANJ,"23340405613, GHSS CHIKLOD KALA",प्रतिभागी,शिक्षक
AT7393,Krishna Kant Sharma,Raisen,OBEDULLAGANJ,"23340405613, GHSS CHIKLOD KALA",प्रतिभागी,शिक्षक
BW4980,Raksha Thakur,Raisen,OBEDULLAGANJ,"23340405613, GHSS CHIKLOD KALA",प्रतिभागी,शिक्षक
BW4982,Sunita Sen,Raisen,OBEDULLAGANJ,"23340405613, GHSS CHIKLOD KALA",प्रतिभागी,शिक्षक
CD8956,SEEMA SHARMA,Raisen,OBEDULLAGANJ,"23340405613, GHSS CHIKLOD KALA",प्रतिभागी,शिक्षक
AT5083,Anita Rathore,Raisen,OBEDULLAGANJ,"23340415954, BOYS HSS  MANDIDEEP",प्रतिभागी,शिक्षक
AT5771,Namrta Khare,Raisen,OBEDULLAGANJ,"23340415954, BOYS HSS  MANDIDEEP",प्रतिभागी,शिक्षक
AT6195,Anil Kumar Soni,Raisen,OBEDULLAGANJ,"23340415954, BOYS HSS  MANDIDEEP",प्रतिभागी,शिक्षक
AT7994,Dhanraj Singh Chouhan,Raisen,OBEDULLAGANJ,"23340415954, BOYS HSS  MANDIDEEP",प्रतिभागी,शिक्षक
AU2701,Mukesh Kumar Gour,Raisen,OBEDULLAGANJ,"23340415954, BOYS HSS  MANDIDEEP",प्रतिभागी,शिक्षक
AU2697,Ramdeen Jayswal,Raisen,OBEDULLAGANJ,"23340408817, BOYS HSS GOHARGANJ",प्रतिभागी,शिक्षक
BR8081,Rati Shrivastava,Raisen,OBEDULLAGANJ,"23340408817, BOYS HSS GOHARGANJ",प्रतिभागी,शिक्षक
AT5071,Afsar Begam,Raisen,OBEDULLAGANJ,"23340415955, GIRLS HSS  MANDIDEEP",प्रतिभागी,शिक्षक
BF1939,NEETU GUPTA,Raisen,OBEDULLAGANJ,"23340415955, GIRLS HSS  MANDIDEEP",प्रतिभागी,शिक्षक
BU1116,Shalini Goyal,Raisen,OBEDULLAGANJ,"23340415955, GIRLS HSS  MANDIDEEP",प्रतिभागी,शिक्षक
BP4703,Farheen Iqbal,Raisen,OBEDULLAGANJ,"23340408816, GIRLS HSS GOHARGANJ",प्रतिभागी,शिक्षक
AU2678,Kiran Bala Simaiya,Raisen,OBEDULLAGANJ,"23340424927, GIRLS HSS OBEDULLAGANJ",प्रतिभागी,शिक्षक
AY4407,Sapna Soni,Raisen,OBEDULLAGANJ,"23340424927, GIRLS HSS OBEDULLAGANJ",प्रतिभागी,शिक्षक
AT6228,Amita Parmar,Raisen,OBEDULLAGANJ,"23340423609, GHS TAMOT",प्रतिभागी,शिक्षक
AU2694,Surandra Singh Barkarey,Raisen,OBEDULLAGANJ,"23340423609, GHS TAMOT",प्रतिभागी,शिक्षक
BO2242,Santosh Kumar Singh,Raisen,OBEDULLAGANJ,"23340423609, GHS TAMOT",प्रतिभागी,शिक्षक
BR2544,Ram Kumar Pachouri,Raisen,OBEDULLAGANJ,"23340423609, GHS TAMOT",प्रतिभागी,शिक्षक
BQ5153,Jyoti Sharma,Raisen,OBEDULLAGANJ,"23340423226, GHSS SULTANPUR",प्रतिभागी,शिक्षक
BW8057,Madhulika Gaud,Raisen,OBEDULLAGANJ,"23340423226, GHSS SULTANPUR",प्रतिभागी,शिक्षक
AT8340,Anupam Kumar Shrivastava,Raisen,OBEDULLAGANJ,"23340424608, GHSS UMRAO GANJ",प्रतिभागी,शिक्षक
AU2341,Dinesh Singh,Raisen,OBEDULLAGANJ,"23340424608, GHSS UMRAO GANJ",प्रतिभागी,शिक्षक
AU2728,Nirmala Mishra,Raisen,OBEDULLAGANJ,"23340424608, GHSS UMRAO GANJ",प्रतिभागी,शिक्षक
BE8895,Sunil Kumar Jain,Raisen,OBEDULLAGANJ,"23340424608, GHSS UMRAO GANJ",प्रतिभागी,शिक्षक
BT8746,Fateh Singh Pippal,Raisen,OBEDULLAGANJ,"23340424608, GHSS UMRAO GANJ",प्रतिभागी,शिक्षक
AT8063,Sushil Kumar Bhargava,Raisen,SANCHI,"23340518856, GIRLS HSS RAISEN",प्रतिभागी,शिक्षक
AU1233,Rajendra Singh Bhatore,Raisen,SANCHI,"23340518856, GIRLS HSS RAISEN",प्रतिभागी,शिक्षक
AU1240,Leelawati Shakya,Raisen,SANCHI,"23340518856, GIRLS HSS RAISEN",प्रतिभागी,शिक्षक
AU1754,Vimla Gour,Raisen,SANCHI,"23340518856, GIRLS HSS RAISEN",प्रतिभागी,शिक्षक
AU2005,Sheela Yadav,Raisen,SANCHI,"23340518856, GIRLS HSS RAISEN",प्रतिभागी,शिक्षक
AU2007,Babita Saxena,Raisen,SANCHI,"23340518856, GIRLS HSS RAISEN",प्रतिभागी,शिक्षक
AU2009,AMIT SHRIVASTAVA,Raisen,SANCHI,"23340518856, GIRLS HSS RAISEN",प्रतिभागी,शिक्षक
AU2515,Arti Namdev,Raisen,SANCHI,"23340518856, GIRLS HSS RAISEN",प्रतिभागी,शिक्षक
BQ5465,SAPNA Pathak,Raisen,SANCHI,"23340518856, GIRLS HSS RAISEN",प्रतिभागी,शिक्षक
BR2389,Amit Sahu,Raisen,SANCHI,"23340518856, GIRLS HSS RAISEN",प्रतिभागी,शिक्षक
BS6628,Priyanka Sharma,Raisen,SANCHI,"23340518856, GIRLS HSS RAISEN",प्रतिभागी,शिक्षक
AT4761,Renuka Bhargava,Raisen,SANCHI,"23340519812, GHSS SALAMATPUR",प्रतिभागी,शिक्षक
AT9489,Rambabu Shakya,Raisen,SANCHI,"23340519812, GHSS SALAMATPUR",प्रतिभागी,शिक्षक
BF1680,Suneeta Chouhan,Raisen,SANCHI,"23340519812, GHSS SALAMATPUR",प्रतिभागी,शिक्षक
AT8913,Sanjay Kumar Pandey,Raisen,SANCHI,"23340524006, GHSS KHARBAI",प्रतिभागी,शिक्षक
AU1745,Neeta Jain,Raisen,SANCHI,"23340524006, GHSS KHARBAI",प्रतिभागी,शिक्षक
AU2012,Beer Singh Chauhan,Raisen,SANCHI,"23340524006, GHSS KHARBAI",प्रतिभागी,शिक्षक
BS1898,Kavita Parihar,Raisen,SANCHI,"23340524006, GHSS KHARBAI",प्रतिभागी,शिक्षक
BX2758,Savita Kushwaha,Raisen,SANCHI,"23340524006, GHSS KHARBAI",प्रतिभागी,शिक्षक
BX6173,Umesh Kumar Nema,Raisen,SANCHI,"23340524006, GHSS KHARBAI",प्रतिभागी,शिक्षक
CD2985,RAKHI DWIVEDI,Raisen,SANCHI,"23340524006, GHSS KHARBAI",प्रतिभागी,शिक्षक
AU1752,Vikas Agrawal,Raisen,SANCHI,"23340517303, GHSS PAGNESHWAR",प्रतिभागी,शिक्षक
AU1938,Manoj Kumar Shakya,Raisen,SANCHI,"23340517303, GHSS PAGNESHWAR",प्रतिभागी,शिक्षक
BQ8545,Rajesh Saxena,Raisen,SANCHI,"23340517303, GHSS PAGNESHWAR",प्रतिभागी,शिक्षक
AU1842,Bharat Singh Lodhi,Raisen,SANCHI,"23340520009, GHSS SANCHET",प्रतिभागी,शिक्षक
AU2048,Manish Namdev,Raisen,SANCHI,"23340520009, GHSS SANCHET",प्रतिभागी,शिक्षक
AU2483,Kailash Mehra,Raisen,SANCHI,"23340520009, GHSS SANCHET",प्रतिभागी,शिक्षक
AU2485,Shiv Narayan Saxena,Raisen,SANCHI,"23340520009, GHSS SANCHET",प्रतिभागी,शिक्षक
AU2507,Mahendra Kumar Jatav,Raisen,SANCHI,"23340520009, GHSS SANCHET",प्रतिभागी,शिक्षक
BR2986,Kavita Sahu,Raisen,SANCHI,"23340520009, GHSS SANCHET",प्रतिभागी,शिक्षक
AT9214,Vinod Ekka,Raisen,SANCHI,"23340507508, GHSS DIWANGANJ",प्रतिभागी,शिक्षक
AU1876,Ashish Dimree,Raisen,SANCHI,"23340507508, GHSS DIWANGANJ",प्रतिभागी,शिक्षक
BD1202,Priti Athiya,Raisen,SANCHI,"23340507508, GHSS DIWANGANJ",प्रतिभागी,शिक्षक
BS6416,Vandana Patel,Raisen,SANCHI,"23340507508, GHSS DIWANGANJ",प्रतिभागी,शिक्षक
AT9404,Rama Rani,Raisen,SANCHI,"23340502603, GHS BANKHEDI",प्रतिभागी,शिक्षक
AU1839,Anjulata Lakra,Raisen,SANCHI,"23340502603, GHS BANKHEDI",प्रतिभागी,शिक्षक
AU1865,Rajesh Kumar Shakya,Raisen,SANCHI,"23340502603, GHS BANKHEDI",प्रतिभागी,शिक्षक
BW1058,Santosh Malviya,Raisen,SANCHI,"23340502603, GHS BANKHEDI",प्रतिभागी,शिक्षक
AT9250,Vijay Masih,Raisen,SANCHI,"23340502509, GHSS BANGAWAN",प्रतिभागी,शिक्षक
AU1209,Sarla Gour,Raisen,SANCHI,"23340502509, GHSS BANGAWAN",प्रतिभागी,शिक्षक
AU2030,Premnarayan Katiyar,Raisen,SANCHI,"23340502509, GHSS BANGAWAN",प्रतिभागी,शिक्षक
BK1152,Pradeep Kumar Shrivastava,Raisen,SANCHI,"23340502509, GHSS BANGAWAN",प्रतिभागी,शिक्षक
BP6780,Kamta Prasad,Raisen,SANCHI,"23340502509, GHSS BANGAWAN",प्रतिभागी,शिक्षक
CD9417,CHITRA BISEN,Raisen,SANCHI,"23340502509, GHSS BANGAWAN",प्रतिभागी,शिक्षक
BT2150,Hemraj Vishwakarma,Raisen,SANCHI,"23340515305, GHS MUREL KALA",प्रतिभागी,शिक्षक
BW7825,Prem Narayan Jatav,Raisen,SANCHI,"23340515305, GHS MUREL KALA",प्रतिभागी,शिक्षक
AU1840,Suresh Chandra Saxena,Raisen,SANCHI,"23340517807, GHS PEMAT",प्रतिभागी,शिक्षक
CD9166,CHITRA KARN,Raisen,SANCHI,"23340517807, GHS PEMAT",प्रतिभागी,शिक्षक
AU2627,Mannu Lal Jatav,Raisen,SANCHI,"23340516208, GHS NARWAR",प्रतिभागी,शिक्षक
AT4770,Santosh Kumar Sahu,Raisen,SANCHI,"23340520119, GHSS SANCHI",प्रतिभागी,शिक्षक
BP4429,Mahendra Mehra,Raisen,SANCHI,"23340520119, GHSS SANCHI",प्रतिभागी,शिक्षक
BT3374,Radheshyam Namdev,Raisen,SANCHI,"23340520119, GHSS SANCHI",प्रतिभागी,शिक्षक
AT8865,Reba Ram Kushwaha,Raisen,SILWANI,"23340623738, BOYS HSS SILWANI",प्रतिभागी,शिक्षक
AU2590,Chandra Bhan Manjhi,Raisen,SILWANI,"23340623738, BOYS HSS SILWANI",प्रतिभागी,शिक्षक
BV9367,Richa Jain,Raisen,SILWANI,"23340623738, BOYS HSS SILWANI",प्रतिभागी,शिक्षक
CC5795,SANGITA DANGI,Raisen,SILWANI,"23340623738, BOYS HSS SILWANI",प्रतिभागी,शिक्षक
AT8878,Jeera Thakur,Raisen,SILWANI,"23340623737, GGHSS SILWANI",प्रतिभागी,शिक्षक
BX6346,Rajesh Kourav,Raisen,SILWANI,"23340623737, GGHSS SILWANI",प्रतिभागी,शिक्षक
AT9332,Jagdish Prasad Mehra,Raisen,SILWANI,"23340600812, GHSS BAMHORI",प्रतिभागी,शिक्षक
AT9333,Geeta Sahu,Raisen,SILWANI,"23340600812, GHSS BAMHORI",प्रतिभागी,शिक्षक
AU2047,Ramprakash Sharma,Raisen,SILWANI,"23340600812, GHSS BAMHORI",प्रतिभागी,शिक्षक
AT8935,Hari Shankar Sahu,Raisen,SILWANI,"23340615504, GHS KIRATPUR",प्रतिभागी,शिक्षक
AT9007,Dinesh Kumar Mehra,Raisen,SILWANI,"23340615504, GHS KIRATPUR",प्रतिभागी,शिक्षक
AU1777,Govind Singh Dhakar,Raisen,SILWANI,"23340615504, GHS KIRATPUR",प्रतिभागी,शिक्षक
AT9061,Sangeeta Devariya,Raisen,SILWANI,"23340623310, GHS SIYARMAU",प्रतिभागी,शिक्षक
AU1830,Rajesh Kumar,Raisen,SILWANI,"23340624503, GHS SIYALWADA",प्रतिभागी,शिक्षक
9691129551,Nawal Kishor  Mehra ,Raisen,SILWANI,"23340621114, GHSS PRATAPGARH",प्रतिभागी,शिक्षक
AT9786,Kiran Kujur,Raisen,SILWANI,"23340622309, GHS SAIN KHEDA",प्रतिभागी,शिक्षक
AU2031,Ram Kumar Raghuwanshi,Raisen,SILWANI,"23340622309, GHS SAIN KHEDA",प्रतिभागी,शिक्षक
AT8690,Dinesh Kumar Mehra,Raisen,UDAIPURA,"23340704224, BOYS HSS DEORI",प्रतिभागी,शिक्षक
BU2957,Ranjeet Raghuwanshi,Raisen,UDAIPURA,"23340704223, GIRLS HSS DEORI",प्रतिभागी,शिक्षक
AT6907,Kashi Ram Verma,Raisen,UDAIPURA,"23340715240, GIRLS HSS UDAIPURA",प्रतिभागी,शिक्षक
AT8708,Ganga Prasad Raghuwanshi,Raisen,UDAIPURA,"23340715240, GIRLS HSS UDAIPURA",प्रतिभागी,शिक्षक
BV4709,Amit Kumar Choubey,Raisen,UDAIPURA,"23340715240, GIRLS HSS UDAIPURA",प्रतिभागी,शिक्षक
BW5981,Ankur Kumar Dwivedi,Raisen,UDAIPURA,"23340715240, GIRLS HSS UDAIPURA",प्रतिभागी,शिक्षक
AT6845,Sona Silawat,Raisen,UDAIPURA,"23340702605, GHS BINJHA",प्रतिभागी,शिक्षक
AT8691,Vandana Khirwar,Raisen,UDAIPURA,"23340702605, GHS BINJHA",प्रतिभागी,शिक्षक
BS6592,Brajesh Kumar Khirwar,Raisen,UDAIPURA,"23340702605, GHS BINJHA",प्रतिभागी,शिक्षक
AT7685,Hitendra Singh Chouhan,Raisen,UDAIPURA,"23340708005, GHS KELKACHH",प्रतिभागी,शिक्षक
BQ6836,Narendra Singh,Raisen,UDAIPURA,"23340708005, GHS KELKACHH",प्रतिभागी,शिक्षक
BT2354,Arjun Singh Choudhary,Raisen,UDAIPURA,"23340708005, GHS KELKACHH",प्रतिभागी,शिक्षक
AT6896,Laxmi Prasad Choudhary,Raisen,UDAIPURA,"23340711308, GHS NOORNAGAR",प्रतिभागी,शिक्षक
AT8699,Shyambabu Choudhary,Raisen,UDAIPURA,"23340711308, GHS NOORNAGAR",प्रतिभागी,शिक्षक
BT8816,Mathura Prasad Mehra,Raisen,UDAIPURA,"23340711308, GHS NOORNAGAR",प्रतिभागी,शिक्षक
BW4192,Anil Kumar Raghuwanshi,Raisen,UDAIPURA,"23340711308, GHS NOORNAGAR",प्रतिभागी,शिक्षक
AT6435,Bhagwan Singh Dhakad,Raisen,UDAIPURA,"23340700207, GHS ALIWADA",प्रतिभागी,शिक्षक
AT7567,Anil Kumar Sahu,Raisen,UDAIPURA,"23340715004, GHSS THALA DIGHAWAN",प्रतिभागी,शिक्षक
AT7588,Daduveer Mehra,Raisen,UDAIPURA,"23340715004, GHSS THALA DIGHAWAN",प्रतिभागी,शिक्षक
AT5983,Ramnarayan Uikey,Raisen,UDAIPURA,"23340715239, BOYS HSS UDAIPURA",प्रतिभागी,शिक्षक
AX9695,Manjulata Shrivastav,Raisen,UDAIPURA,"23340715239, BOYS HSS UDAIPURA",प्रतिभागी,शिक्षक
CD1468,RUPENDRA LODHI,Raisen,UDAIPURA,"23340715239, BOYS HSS UDAIPURA",प्रतिभागी,शिक्षक
AU5801,Sushama Soni,Rajgarh,BIAORA,"23300216310, GOVT.HSS LAKHANWAS",प्रतिभागी,शिक्षक
AU3561,Suresh Kumar Soni,Rajgarh,BIAORA,"23300209008, GOVT.HS GINDORHAT",प्रतिभागी,शिक्षक
AU4571,Laxminarayan Yadav,Rajgarh,BIAORA,"23300209008, GOVT.HS GINDORHAT",प्रतिभागी,शिक्षक
BQ4336,Rekha Shivhare,Rajgarh,BIAORA,"23300209008, GOVT.HS GINDORHAT",प्रतिभागी,शिक्षक
BW1033,Anshuman Sharma,Rajgarh,BIAORA,"23300209008, GOVT.HS GINDORHAT",प्रतिभागी,शिक्षक
CD2112,VISHNU DANGI,Rajgarh,BIAORA,"23300209008, GOVT.HS GINDORHAT",प्रतिभागी,शिक्षक
AA8795,Rambharos Meena,Rajgarh,BIAORA,"23300227215, GOVT.HS TODI",प्रतिभागी,शिक्षक
AU8100,Jai Narayan Meena,Rajgarh,BIAORA,"23300227215, GOVT.HS TODI",प्रतिभागी,शिक्षक
AU8214,Chitarlal Lodhi,Rajgarh,BIAORA,"23300227215, GOVT.HS TODI",प्रतिभागी,शिक्षक
BO7039,Ramswarup Dholkar,Rajgarh,BIAORA,"23300227215, GOVT.HS TODI",प्रतिभागी,शिक्षक
BS5538,Rajendra Bisoriya,Rajgarh,BIAORA,"23300227215, GOVT.HS TODI",प्रतिभागी,शिक्षक
BX1115,Ramchandra Dangi,Rajgarh,BIAORA,"23300203904, GOVT.HS BARWAN KALAN",प्रतिभागी,शिक्षक
AU2843,Mamta Saxena,Rajgarh,BIAORA,"23300227869, GOVT.HSS GIRLS BIAORA",प्रतिभागी,शिक्षक
BV8505,Rajkumar Shivhare,Rajgarh,BIAORA,"23300227869, GOVT.HSS GIRLS BIAORA",प्रतिभागी,शिक्षक
AU3024,Chandanbala Yadav,Rajgarh,BIAORA,"23300227868, GOVT.HSS EXCELLENCE BIAORA",प्रतिभागी,शिक्षक
BF1704,Neha Saxena,Rajgarh,BIAORA,"23300227868, GOVT.HSS EXCELLENCE BIAORA",प्रतिभागी,शिक्षक
BN7748,Ravi Kumar Suneri,Rajgarh,BIAORA,"23300227868, GOVT.HSS EXCELLENCE BIAORA",प्रतिभागी,शिक्षक
BN7754,Sadhana Chouhan,Rajgarh,BIAORA,"23300227868, GOVT.HSS EXCELLENCE BIAORA",प्रतिभागी,शिक्षक
BO8249,Sagar Singh Meena,Rajgarh,BIAORA,"23300227868, GOVT.HSS EXCELLENCE BIAORA",प्रतिभागी,शिक्षक
CC3491,RUDRAPRATAP PARMAR,Rajgarh,BIAORA,"23300227868, GOVT.HSS EXCELLENCE BIAORA",प्रतिभागी,शिक्षक
AU3656,Amrat Lal Gurjar,Rajgarh,BIAORA,"23300217610, GOVT.HSS MALAWAR",प्रतिभागी,शिक्षक
AV1428,Madhu Kunwar,Rajgarh,BIAORA,"23300217610, GOVT.HSS MALAWAR",प्रतिभागी,शिक्षक
AK4779,Arjun Giri Goswami,Rajgarh,BIAORA,"23300227927, GOVT.HSS BOYS SUTHALIYA",प्रतिभागी,शिक्षक
AU8094,Vishnuprasad Mehar,Rajgarh,BIAORA,"23300227927, GOVT.HSS BOYS SUTHALIYA",प्रतिभागी,शिक्षक
AU8172,Ashok Kumar Verma,Rajgarh,BIAORA,"23300227927, GOVT.HSS BOYS SUTHALIYA",प्रतिभागी,शिक्षक
AU3754,Sandhya Namdev,Rajgarh,BIAORA,"23300227867, GOVT.HS RAJGARH ROAD BIAORA",प्रतिभागी,शिक्षक
AU9294,Gayatri Vyas,Rajgarh,BIAORA,"23300227867, GOVT.HS RAJGARH ROAD BIAORA",प्रतिभागी,शिक्षक
AU9804,Preeti Bala Bairagi,Rajgarh,BIAORA,"23300227867, GOVT.HS RAJGARH ROAD BIAORA",प्रतिभागी,शिक्षक
BP6618,Nisha Saxena,Rajgarh,BIAORA,"23300227867, GOVT.HS RAJGARH ROAD BIAORA",प्रतिभागी,शिक्षक
AU3009,Mangilal Bhilala,Rajgarh,BIAORA,"23300205405, GOVT.HSS BHILWADIYA",प्रतिभागी,शिक्षक
AU3077,VINOD Kumar Saxena,Rajgarh,BIAORA,"23300205405, GOVT.HSS BHILWADIYA",प्रतिभागी,शिक्षक
BR8845,Vikram Chandravanshi,Rajgarh,BIAORA,"23300205405, GOVT.HSS BHILWADIYA",प्रतिभागी,शिक्षक
AV1120,Premnarayan Dangi,Rajgarh,KHILCHIPUR,"23300504408, GOVT.HSS BIAORA KALAN",प्रतिभागी,शिक्षक
AV1588,Prakash Gehloot,Rajgarh,KHILCHIPUR,"23300504408, GOVT.HSS BIAORA KALAN",प्रतिभागी,शिक्षक
BR4637,Prem Narayan Dangi,Rajgarh,KHILCHIPUR,"23300504408, GOVT.HSS BIAORA KALAN",प्रतिभागी,शिक्षक
BX6126,Prehlad Varma,Rajgarh,KHILCHIPUR,"23300504408, GOVT.HSS BIAORA KALAN",प्रतिभागी,शिक्षक
AU4197,Mahesh Dangi,Rajgarh,KHILCHIPUR,"23300531721, GOVT.HSS GIRLS CHAPIHEDA",प्रतिभागी,शिक्षक
AU9765,Amit Kumar Paliwal,Rajgarh,KHILCHIPUR,"23300518205, GOVT.HS KULIKHEDA",प्रतिभागी,शिक्षक
AV1387,Vishvanath Singh Khinchi,Rajgarh,KHILCHIPUR,"23300518205, GOVT.HS KULIKHEDA",प्रतिभागी,शिक्षक
AU6055,Satyanarayan Gupta,Rajgarh,KHILCHIPUR,"23300504207, GOVT.HSS BHOJPUR",प्रतिभागी,शिक्षक
AV1171,Amarlal Mongiya,Rajgarh,KHILCHIPUR,"23300504207, GOVT.HSS BHOJPUR",प्रतिभागी,शिक्षक
BQ9483,Rajesh Kumar Dangi,Rajgarh,KHILCHIPUR,"23300504207, GOVT.HSS BHOJPUR",प्रतिभागी,शिक्षक
BV6739,Dilip Kumar Gautam,Rajgarh,KHILCHIPUR,"23300504207, GOVT.HSS BHOJPUR",प्रतिभागी,शिक्षक
BV7981,Lokesh Kumar Suman,Rajgarh,KHILCHIPUR,"23300504207, GOVT.HSS BHOJPUR",प्रतिभागी,शिक्षक
BR4527,Ramesh Chand Rathor,Rajgarh,KHILCHIPUR,"23300516303, GOVT.HS KHAJLI",प्रतिभागी,शिक्षक
BW3924,Man Singh,Rajgarh,KHILCHIPUR,"23300516303, GOVT.HS KHAJLI",प्रतिभागी,शिक्षक
BW6883,Murali Dhar Suman,Rajgarh,KHILCHIPUR,"23300523206, GOVT.HSS PAPDEL",प्रतिभागी,शिक्षक
BW6890,PRAKHAR SHARMA,Rajgarh,KHILCHIPUR,"23300523206, GOVT.HSS PAPDEL",प्रतिभागी,शिक्षक
AV1060,Mansha Sharma,Rajgarh,KHILCHIPUR,"23300531637, GOVT.HSS EXCELLENCE KHILCHIPUR",प्रतिभागी,शिक्षक
AV1111,Kamlesh Vishwala,Rajgarh,KHILCHIPUR,"23300531637, GOVT.HSS EXCELLENCE KHILCHIPUR",प्रतिभागी,शिक्षक
AV1241,Deepak Sen,Rajgarh,KHILCHIPUR,"23300531637, GOVT.HSS EXCELLENCE KHILCHIPUR",प्रतिभागी,शिक्षक
BU3799,Bhawar Lal Verma,Rajgarh,KHILCHIPUR,"23300531637, GOVT.HSS EXCELLENCE KHILCHIPUR",प्रतिभागी,शिक्षक
AQ6089,Naseem Bee,Rajgarh,KHILCHIPUR,"23300531638, GOVT.HSS GIRLS KHILCHIPUR",प्रतिभागी,शिक्षक
BW3604,Krishna Dangi,Rajgarh,KHILCHIPUR,"23300531638, GOVT.HSS GIRLS KHILCHIPUR",प्रतिभागी,शिक्षक
AU5100,Rekha Sen,Rajgarh,KHILCHIPUR,"23300527903, GOVT.HS SADIYA KUWAN",प्रतिभागी,शिक्षक
BR4537,Rekha Panwar,Rajgarh,KHILCHIPUR,"23300527903, GOVT.HS SADIYA KUWAN",प्रतिभागी,शिक्षक
BS4542,Champalal Dangi,Rajgarh,KHILCHIPUR,"23300527903, GOVT.HS SADIYA KUWAN",प्रतिभागी,शिक्षक
AV1210,Sunil Kumar Dube,Rajgarh,KHILCHIPUR,"23300508104, GOVT.HS DHABLI KALAN",प्रतिभागी,शिक्षक
BY8424,Amita Namdeo,Rajgarh,KHILCHIPUR,"23300508104, GOVT.HS DHABLI KALAN",प्रतिभागी,शिक्षक
AU5013,Yogesh Kumar Dangi,Rajgarh,KHILCHIPUR,"23300513910, GOVT.HSS JAITPURA KALAN",प्रतिभागी,शिक्षक
AU5039,Ekata Jhala,Rajgarh,KHILCHIPUR,"23300513910, GOVT.HSS JAITPURA KALAN",प्रतिभागी,शिक्षक
AV1489,Ramesh Chandra Sahu,Rajgarh,KHILCHIPUR,"23300513910, GOVT.HSS JAITPURA KALAN",प्रतिभागी,शिक्षक
AV1604,Gopaldas Malakar,Rajgarh,KHILCHIPUR,"23300513910, GOVT.HSS JAITPURA KALAN",प्रतिभागी,शिक्षक
AV1057,Ashok Kumar Sharma,Rajgarh,KHILCHIPUR,"23300524107, GOVT.HSS PIPLIYA KALAN",प्रतिभागी,शिक्षक
AU8441,Gajendra Kumar Bansiwal,Rajgarh,NARSINGHGARH,"23300331901, GOVT.HSS EXCELLENCE  NARSINGHGARH",प्रतिभागी,शिक्षक
BQ2385,Bharat Singh,Rajgarh,NARSINGHGARH,"23300331901, GOVT.HSS EXCELLENCE  NARSINGHGARH",प्रतिभागी,शिक्षक
BS9126,Manoj Kumar Athiya,Rajgarh,NARSINGHGARH,"23300331902, GOVT.HSS GIRLS NARSINGHGARH",प्रतिभागी,शिक्षक
BV8681,Manisha Upadhyay,Rajgarh,NARSINGHGARH,"23300331902, GOVT.HSS GIRLS NARSINGHGARH",प्रतिभागी,शिक्षक
AU5547,Chandrapal Singh,Rajgarh,NARSINGHGARH,"23300317643, GOVT.HSS KURAWAR",प्रतिभागी,शिक्षक
AU5584,Narayan Prasad Verma,Rajgarh,NARSINGHGARH,"23300317643, GOVT.HSS KURAWAR",प्रतिभागी,शिक्षक
AU5610,Awadh Narayan Ahirwar,Rajgarh,NARSINGHGARH,"23300317643, GOVT.HSS KURAWAR",प्रतिभागी,शिक्षक
AU5685,Reena Saxena,Rajgarh,NARSINGHGARH,"23300317643, GOVT.HSS KURAWAR",प्रतिभागी,शिक्षक
AU6469,Rekha Saxena,Rajgarh,NARSINGHGARH,"23300317643, GOVT.HSS KURAWAR",प्रतिभागी,शिक्षक
BZ5821,Sunita Chandel,Rajgarh,NARSINGHGARH,"23300317643, GOVT.HSS KURAWAR",प्रतिभागी,शिक्षक
AU4081,Kailashchandra Parmar,Rajgarh,NARSINGHGARH,"23300330335, GOVT.HSS BODA",प्रतिभागी,शिक्षक
AU4108,Prahlad Kumar Gupta,Rajgarh,NARSINGHGARH,"23300330335, GOVT.HSS BODA",प्रतिभागी,शिक्षक
AU8501,Shivnarayan Parmar,Rajgarh,NARSINGHGARH,"23300330335, GOVT.HSS BODA",प्रतिभागी,शिक्षक
AV1334,Manohar Lal Chandel,Rajgarh,NARSINGHGARH,"23300330335, GOVT.HSS BODA",प्रतिभागी,शिक्षक
BR8846,Pavan Kumar Bhilala,Rajgarh,NARSINGHGARH,"23300330335, GOVT.HSS BODA",प्रतिभागी,शिक्षक
AU6129,Govindprasad Sharma,Rajgarh,NARSINGHGARH,"23300305206, GOVT.HSS BHENSANA",प्रतिभागी,शिक्षक
AU6153,Santosh Kumar Pathak,Rajgarh,NARSINGHGARH,"23300305206, GOVT.HSS BHENSANA",प्रतिभागी,शिक्षक
AU6180,Shiv Narayan Nagar,Rajgarh,NARSINGHGARH,"23300305206, GOVT.HSS BHENSANA",प्रतिभागी,शिक्षक
BK4304,Dinesh Kumar Malviya,Rajgarh,NARSINGHGARH,"23300305206, GOVT.HSS BHENSANA",प्रतिभागी,शिक्षक
AU3990,Hemant Singh Rathore,Rajgarh,NARSINGHGARH,"23300330524, GOVT.HSS TALEN",प्रतिभागी,शिक्षक
AU6223,Babulal Sharma,Rajgarh,NARSINGHGARH,"23300319410, GOVT.HSS MANDAWAR",प्रतिभागी,शिक्षक
AU6229,Brajendra Kumar Sharma,Rajgarh,NARSINGHGARH,"23300319410, GOVT.HSS MANDAWAR",प्रतिभागी,शिक्षक
AB2211,Kavita Songara,Rajgarh,NARSINGHGARH,"23300312718, GOVT.HSS IKLERA",प्रतिभागी,शिक्षक
BW3988,Shalu Pareta,Rajgarh,NARSINGHGARH,"23300312718, GOVT.HSS IKLERA",प्रतिभागी,शिक्षक
7828038427,Savita Yadav   ,Rajgarh,NARSINGHGARH,"23300304609, GOVT.HS BERASIYA",प्रतिभागी,शिक्षक
AU6196,Premnarayan Yadav,Rajgarh,NARSINGHGARH,"23300304609, GOVT.HS BERASIYA",प्रतिभागी,शिक्षक
AU6420,Bapu Lal Yadav,Rajgarh,NARSINGHGARH,"23300304609, GOVT.HS BERASIYA",प्रतिभागी,शिक्षक
AU9493,Vijaya Sharma,Rajgarh,NARSINGHGARH,"23300304609, GOVT.HS BERASIYA",प्रतिभागी,शिक्षक
BQ5690,Kavita Verma,Rajgarh,NARSINGHGARH,"23300304609, GOVT.HS BERASIYA",प्रतिभागी,शिक्षक
BQ8121,Nitin Kumar Udawat,Rajgarh,NARSINGHGARH,"23300304609, GOVT.HS BERASIYA",प्रतिभागी,शिक्षक
BQ8126,Anita Khinchi,Rajgarh,NARSINGHGARH,"23300304609, GOVT.HS BERASIYA",प्रतिभागी,शिक्षक
CB1698,HOKAM CHAND,Rajgarh,NARSINGHGARH,"23300304609, GOVT.HS BERASIYA",प्रतिभागी,शिक्षक
AU2917,Pradeep Namdev,Rajgarh,NARSINGHGARH,"23300300804, GOVT.HS AANDALHEDA",प्रतिभागी,शिक्षक
AU6419,Mahesh Yadav,Rajgarh,NARSINGHGARH,"23300300804, GOVT.HS AANDALHEDA",प्रतिभागी,सीएसी
AU6589,Deepika Namdev,Rajgarh,NARSINGHGARH,"23300300804, GOVT.HS AANDALHEDA",प्रतिभागी,शिक्षक
BQ5342,Sunita Sharma,Rajgarh,NARSINGHGARH,"23300300804, GOVT.HS AANDALHEDA",प्रतिभागी,शिक्षक
BQ5346,Mamta Sharma,Rajgarh,NARSINGHGARH,"23300300804, GOVT.HS AANDALHEDA",प्रतिभागी,शिक्षक
AU6304,Ashok Kumar Verma,Rajgarh,NARSINGHGARH,"23300317105, GOVT.HS KOTRA",प्रतिभागी,शिक्षक
AU6443,Ravindra Kumar Bhargav,Rajgarh,NARSINGHGARH,"23300317105, GOVT.HS KOTRA",प्रतिभागी,शिक्षक
AU6543,Ramgilal Pachwarya,Rajgarh,NARSINGHGARH,"23300317105, GOVT.HS KOTRA",प्रतिभागी,शिक्षक
AU9418,Jagdish Prasad Nagar,Rajgarh,NARSINGHGARH,"23300317105, GOVT.HS KOTRA",प्रतिभागी,शिक्षक
BW6548,Preeti Jharbade,Rajgarh,NARSINGHGARH,"23300317105, GOVT.HS KOTRA",प्रतिभागी,शिक्षक
BZ4974,Rakesh Parmar,Rajgarh,NARSINGHGARH,"23300317105, GOVT.HS KOTRA",प्रतिभागी,शिक्षक
AU4775,Suresh Chandra Tiwari,Rajgarh,NARSINGHGARH,"23300313005, GOVT.HSS JAMUNIYA GOP CHOUHAN",प्रतिभागी,शिक्षक
AU5563,Bushra Siddiqui,Rajgarh,NARSINGHGARH,"23300313005, GOVT.HSS JAMUNIYA GOP CHOUHAN",प्रतिभागी,शिक्षक
AU6405,Sudheer Kumar Saini,Rajgarh,NARSINGHGARH,"23300313005, GOVT.HSS JAMUNIYA GOP CHOUHAN",प्रतिभागी,शिक्षक
AU5571,Hiramani Barwa,Rajgarh,NARSINGHGARH,"23300324510, GOVT.HS PEELU KHEDI",प्रतिभागी,शिक्षक
AU5675,Rekha Yadav,Rajgarh,NARSINGHGARH,"23300324510, GOVT.HS PEELU KHEDI",प्रतिभागी,शिक्षक
AU5684,Prem Lata Sharma,Rajgarh,NARSINGHGARH,"23300324510, GOVT.HS PEELU KHEDI",प्रतिभागी,शिक्षक
AU5725,Deep Kunwar Hada,Rajgarh,NARSINGHGARH,"23300324510, GOVT.HS PEELU KHEDI",प्रतिभागी,शिक्षक
BP3516,Indumati Ekka,Rajgarh,NARSINGHGARH,"23300324510, GOVT.HS PEELU KHEDI",प्रतिभागी,शिक्षक
BX6067,manoj chandrawanshi,Rajgarh,NARSINGHGARH,"23300324510, GOVT.HS PEELU KHEDI",प्रतिभागी,शिक्षक
AU4784,Jagdeesh Chandra,Rajgarh,NARSINGHGARH,"23300313708, GOVT.HSS JHADLA",प्रतिभागी,शिक्षक
BF4362,Dilip Sharma,Rajgarh,NARSINGHGARH,"23300313708, GOVT.HSS JHADLA",प्रतिभागी,शिक्षक
AU3993,Vishal Singh,Rajgarh,NARSINGHGARH,"23300325309, GOVT.HS PIPLIYA RASODA",प्रतिभागी,शिक्षक
AU8458,Ghisa Lal Pandviya,Rajgarh,NARSINGHGARH,"23300325309, GOVT.HS PIPLIYA RASODA",प्रतिभागी,शिक्षक
BP2510,Amit Kumar Bhaneriya,Rajgarh,NARSINGHGARH,"23300325309, GOVT.HS PIPLIYA RASODA",प्रतिभागी,शिक्षक
BS1916,Seema Rajpoot,Rajgarh,NARSINGHGARH,"23300325309, GOVT.HS PIPLIYA RASODA",प्रतिभागी,शिक्षक
BY9091,Rajkumar Jayswal,Rajgarh,NARSINGHGARH,"23300325309, GOVT.HS PIPLIYA RASODA",प्रतिभागी,शिक्षक
CC1912,DINESH BADGOTA,Rajgarh,NARSINGHGARH,"23300325309, GOVT.HS PIPLIYA RASODA",प्रतिभागी,शिक्षक
AU8374,Shankarlal Malviya,Rajgarh,NARSINGHGARH,"23300330523, GOVT.HS GIRLS TALEN",प्रतिभागी,शिक्षक
BF6020,Rajshri Tyagi,Rajgarh,NARSINGHGARH,"23300330523, GOVT.HS GIRLS TALEN",प्रतिभागी,शिक्षक
AU7149,Devi Lal Malviya,Rajgarh,RAJGARH,"23300138302, GOVT.HSS BOYS RAJGARH",प्रतिभागी,शिक्षक
BP9924,Anita Ahirwar,Rajgarh,RAJGARH,"23300138302, GOVT.HSS BOYS RAJGARH",प्रतिभागी,शिक्षक
BQ4280,Ballabh Piplotiya,Rajgarh,RAJGARH,"23300138302, GOVT.HSS BOYS RAJGARH",प्रतिभागी,शिक्षक
CB3832,NAJIYA ATIK,Rajgarh,RAJGARH,"23300138302, GOVT.HSS BOYS RAJGARH",प्रतिभागी,शिक्षक
AU4214,Lal Verma,Rajgarh,RAJGARH,"23300135904, GOVT HS SAREDI",प्रतिभागी,शिक्षक
AU4908,Atma Ram Sharma,Rajgarh,RAJGARH,"23300135904, GOVT HS SAREDI",प्रतिभागी,शिक्षक
AU7226,Jyoti Verma,Rajgarh,RAJGARH,"23300135904, GOVT HS SAREDI",प्रतिभागी,शिक्षक
AU7243,Naval Singh Umath,Rajgarh,RAJGARH,"23300135904, GOVT HS SAREDI",प्रतिभागी,शिक्षक
AU7690,Damodar Saxena,Rajgarh,RAJGARH,"23300135904, GOVT HS SAREDI",प्रतिभागी,शिक्षक
AU7711,Hemant Piplotia,Rajgarh,RAJGARH,"23300135904, GOVT HS SAREDI",प्रतिभागी,शिक्षक
BR4593,Hem Kunwar Panwar,Rajgarh,RAJGARH,"23300135904, GOVT HS SAREDI",प्रतिभागी,शिक्षक
CB2506,PRIYANKA SAHU,Rajgarh,RAJGARH,"23300135904, GOVT HS SAREDI",प्रतिभागी,शिक्षक
9584024554,Naveen Kumar Sharma ,Rajgarh,RAJGARH,"23300137920, GOVT.HSS GIRLS KHUJNER",प्रतिभागी,अन्य
AU5332,Mahesh Kumar Kushwah,Rajgarh,RAJGARH,"23300137920, GOVT.HSS GIRLS KHUJNER",प्रतिभागी,शिक्षक
AU5441,Anwar Khan Mansuri,Rajgarh,RAJGARH,"23300137920, GOVT.HSS GIRLS KHUJNER",प्रतिभागी,शिक्षक
BW9105,Rameshchandra Bhilala,Rajgarh,RAJGARH,"23300137920, GOVT.HSS GIRLS KHUJNER",प्रतिभागी,शिक्षक
BZ8472,Vinita Jain,Rajgarh,RAJGARH,"23300137920, GOVT.HSS GIRLS KHUJNER",प्रतिभागी,शिक्षक
CB2777,AKHILESH DANGI,Rajgarh,RAJGARH,"23300137920, GOVT.HSS GIRLS KHUJNER",प्रतिभागी,शिक्षक
CD2729,LAXMI DANGI,Rajgarh,RAJGARH,"23300137920, GOVT.HSS GIRLS KHUJNER",प्रतिभागी,शिक्षक
AU7232,Sofiya KHAN,Rajgarh,RAJGARH,"23300138503, GOVT.HSS GIRLS RAJGARH",प्रतिभागी,शिक्षक
AU7383,Asha Sharma,Rajgarh,RAJGARH,"23300138503, GOVT.HSS GIRLS RAJGARH",प्रतिभागी,शिक्षक
AU7708,Vijaya Joshi,Rajgarh,RAJGARH,"23300138503, GOVT.HSS GIRLS RAJGARH",प्रतिभागी,शिक्षक
BP9921,Anita Parmar,Rajgarh,RAJGARH,"23300138503, GOVT.HSS GIRLS RAJGARH",प्रतिभागी,शिक्षक
BT2702,Seema Verma,Rajgarh,RAJGARH,"23300138503, GOVT.HSS GIRLS RAJGARH",प्रतिभागी,शिक्षक
AU2804,Rajendra Kumar Meena,Rajgarh,RAJGARH,"23300120204, GOVT.HS KEELKHEDA",प्रतिभागी,शिक्षक
AU2811,Rajendra Yadav,Rajgarh,RAJGARH,"23300120204, GOVT.HS KEELKHEDA",प्रतिभागी,शिक्षक
BZ1084,Vikram Singh,Rajgarh,RAJGARH,"23300120204, GOVT.HS KEELKHEDA",प्रतिभागी,शिक्षक
AC1615,Keerti Sethi,Rajgarh,RAJGARH,"23300121411, GOVT.HSS KAREDI",प्रतिभागी,शिक्षक
AU4213,Rameshwar Varma,Rajgarh,RAJGARH,"23300121411, GOVT.HSS KAREDI",प्रतिभागी,शिक्षक
AU7557,Jagdish Jaiswal,Rajgarh,RAJGARH,"23300121411, GOVT.HSS KAREDI",प्रतिभागी,शिक्षक
AU7636,Ramprasad Sanjodiya,Rajgarh,RAJGARH,"23300121411, GOVT.HSS KAREDI",प्रतिभागी,शिक्षक
AV1314,Priyanka Joshi,Rajgarh,RAJGARH,"23300121411, GOVT.HSS KAREDI",प्रतिभागी,शिक्षक
BP9438,Dhananjay Vaishnava,Rajgarh,RAJGARH,"23300121411, GOVT.HSS KAREDI",प्रतिभागी,शिक्षक
BQ3852,Deepak Soni,Rajgarh,RAJGARH,"23300121411, GOVT.HSS KAREDI",प्रतिभागी,शिक्षक
AU4954,Jagdeesh Luhar,Rajgarh,RAJGARH,"23300120403, GOVT.HSS KILA AMARGARH",प्रतिभागी,शिक्षक
AU4956,Mohar Singh,Rajgarh,RAJGARH,"23300120403, GOVT.HSS KILA AMARGARH",प्रतिभागी,शिक्षक
AU4981,Jagdish Sen,Rajgarh,RAJGARH,"23300120403, GOVT.HSS KILA AMARGARH",प्रतिभागी,शिक्षक
AU5966,Rajkumar Meena,Rajgarh,RAJGARH,"23300120403, GOVT.HSS KILA AMARGARH",प्रतिभागी,शिक्षक
BV6069,Sarita Sharma,Rajgarh,RAJGARH,"23300120403, GOVT.HSS KILA AMARGARH",प्रतिभागी,शिक्षक
BX9334,Tabssum Ansari,Rajgarh,RAJGARH,"23300120403, GOVT.HSS KILA AMARGARH",प्रतिभागी,शिक्षक
CD2217,BABU DANGI,Rajgarh,RAJGARH,"23300120403, GOVT.HSS KILA AMARGARH",प्रतिभागी,शिक्षक
AU7656,Santosh Katare,Rajgarh,RAJGARH,"23300108803, GOVT.HS DEHRINATH",प्रतिभागी,शिक्षक
AU2860,Mamta Variya Prajapati,Rajgarh,RAJGARH,"23300117006, GOVT.HSS KALIPEETH",प्रतिभागी,शिक्षक
AU9928,Rani Parmar,Rajgarh,RAJGARH,"23300117006, GOVT.HSS KALIPEETH",प्रतिभागी,शिक्षक
AU4437,Chhotu Lal Bhilala,Rajgarh,RAJGARH,"23300106804, GOVT.HSS CHATUKHEDA",प्रतिभागी,शिक्षक
BQ4128,Ajay Kumar,Rajgarh,RAJGARH,"23300106804, GOVT.HSS CHATUKHEDA",प्रतिभागी,शिक्षक
BQ4235,Kanhaiya Lal Pushpad,Rajgarh,RAJGARH,"23300106804, GOVT.HSS CHATUKHEDA",प्रतिभागी,शिक्षक
BV5571,Kaluram Yadav,Rajgarh,RAJGARH,"23300106804, GOVT.HSS CHATUKHEDA",प्रतिभागी,शिक्षक
BV5926,Arvind Kumar Patidar,Rajgarh,RAJGARH,"23300106804, GOVT.HSS CHATUKHEDA",प्रतिभागी,शिक्षक
BW2157,Champa Lal Dangi,Rajgarh,RAJGARH,"23300106804, GOVT.HSS CHATUKHEDA",प्रतिभागी,शिक्षक
AU2914,Jagdish Yadav,Rajgarh,RAJGARH,"23300118713, GOVT.HSS KARANWAS",प्रतिभागी,शिक्षक
BQ3861,Tejkaran Yadav,Rajgarh,RAJGARH,"23300118713, GOVT.HSS KARANWAS",प्रतिभागी,शिक्षक
BQ4500,Deepali Patil,Rajgarh,RAJGARH,"23300118713, GOVT.HSS KARANWAS",प्रतिभागी,शिक्षक
BW6024,Rakesh Shivhare,Rajgarh,RAJGARH,"23300118713, GOVT.HSS KARANWAS",प्रतिभागी,शिक्षक
AU7714,Bharat Singh Nagar,Rajgarh,RAJGARH,"23300136804, GOVT.HSS SUSTANI",प्रतिभागी,शिक्षक
AU8618,Gokul Prasad,Rajgarh,RAJGARH,"23300136804, GOVT.HSS SUSTANI",प्रतिभागी,शिक्षक
BV8375,Lakhan Sharma,Rajgarh,RAJGARH,"23300136804, GOVT.HSS SUSTANI",प्रतिभागी,शिक्षक
AU6794,Shrinath Suryavanshi,Rajgarh,SARANGPUR,"23300414315, GOVT.HSS PADLIYA MATA",प्रतिभागी,शिक्षक
AU6871,Shilpa Vaishnav,Rajgarh,SARANGPUR,"23300414315, GOVT.HSS PADLIYA MATA",प्रतिभागी,शिक्षक
AU6912,Chhitaramal Malviya,Rajgarh,SARANGPUR,"23300414315, GOVT.HSS PADLIYA MATA",प्रतिभागी,शिक्षक
AU6927,Reena Jain,Rajgarh,SARANGPUR,"23300414315, GOVT.HSS PADLIYA MATA",प्रतिभागी,शिक्षक
BW8013,Radheshyam Solanki,Rajgarh,SARANGPUR,"23300414315, GOVT.HSS PADLIYA MATA",प्रतिभागी,शिक्षक
AU6368,Maheshchandra Sharma,Rajgarh,SARANGPUR,"23300406907, GOVT.HSS GULAWATA",प्रतिभागी,शिक्षक
BW2240,Aasha Sharma,Rajgarh,SARANGPUR,"23300406907, GOVT.HSS GULAWATA",प्रतिभागी,शिक्षक
AU6872,Antima Saxena,Rajgarh,SARANGPUR,"23300419231, GMS HIGHER SECONDARY SCHOOL",प्रतिभागी,शिक्षक
AU7912,Brajbala Malviya,Rajgarh,SARANGPUR,"23300419231, GMS HIGHER SECONDARY SCHOOL",प्रतिभागी,शिक्षक
AU7980,Chhagan Lal Malviya,Rajgarh,SARANGPUR,"23300419231, GMS HIGHER SECONDARY SCHOOL",प्रतिभागी,शिक्षक
AU8062,Manohar Devi Sen,Rajgarh,SARANGPUR,"23300419231, GMS HIGHER SECONDARY SCHOOL",प्रतिभागी,शिक्षक
AU8064,Rama Solanki,Rajgarh,SARANGPUR,"23300419231, GMS HIGHER SECONDARY SCHOOL",प्रतिभागी,शिक्षक
BQ5093,Varsha Saxena,Rajgarh,SARANGPUR,"23300419231, GMS HIGHER SECONDARY SCHOOL",प्रतिभागी,शिक्षक
BQ7099,Rajni Soni,Rajgarh,SARANGPUR,"23300419231, GMS HIGHER SECONDARY SCHOOL",प्रतिभागी,शिक्षक
BR2738,Nitu Gupta,Rajgarh,SARANGPUR,"23300419231, GMS HIGHER SECONDARY SCHOOL",प्रतिभागी,शिक्षक
BR9348,Anita Chouhan,Rajgarh,SARANGPUR,"23300419231, GMS HIGHER SECONDARY SCHOOL",प्रतिभागी,शिक्षक
AM2254,Indra Kushwah,Rajgarh,SARANGPUR,"23300419270, GOVT.HSS EXCELLENCE SARANGPUR",प्रतिभागी,शिक्षक
AU5514,sangita Varma,Rajgarh,SARANGPUR,"23300419270, GOVT.HSS EXCELLENCE SARANGPUR",प्रतिभागी,शिक्षक
AU7887,Nasir Khan,Rajgarh,SARANGPUR,"23300419270, GOVT.HSS EXCELLENCE SARANGPUR",प्रतिभागी,शिक्षक
BV2053,Arjun Singh Patidar,Rajgarh,SARANGPUR,"23300419270, GOVT.HSS EXCELLENCE SARANGPUR",प्रतिभागी,शिक्षक
BZ3899,Savita Chouhan,Rajgarh,SARANGPUR,"23300419270, GOVT.HSS EXCELLENCE SARANGPUR",प्रतिभागी,शिक्षक
AU6784,Mohammed Suhel Ansari,Rajgarh,SARANGPUR,"23300414119, GOVT.HSS PADANA",प्रतिभागी,शिक्षक
AU6785,Mohammad Tariq Ansari,Rajgarh,SARANGPUR,"23300414119, GOVT.HSS PADANA",प्रतिभागी,शिक्षक
AU6795,Jagdish Prasad Malviya,Rajgarh,SARANGPUR,"23300414119, GOVT.HSS PADANA",प्रतिभागी,शिक्षक
BA1129,Mohammad Rais Ansari,Rajgarh,SARANGPUR,"23300414119, GOVT.HSS PADANA",प्रतिभागी,शिक्षक
AU2775,Mushtak Hussain,Rajgarh,SARANGPUR,"23300418914, GOVT.HSS UDANKHEDI",प्रतिभागी,शिक्षक
AU8535,Ram Narayan Nagar,Rajgarh,SARANGPUR,"23300418914, GOVT.HSS UDANKHEDI",प्रतिभागी,शिक्षक
AU8625,Kumer Singh Kumbhakar,Rajgarh,SARANGPUR,"23300418914, GOVT.HSS UDANKHEDI",प्रतिभागी,शिक्षक
AU9234,Usha Malviya,Rajgarh,SARANGPUR,"23300418914, GOVT.HSS UDANKHEDI",प्रतिभागी,शिक्षक
BT4713,Ramprasad Dangi,Rajgarh,SARANGPUR,"23300418914, GOVT.HSS UDANKHEDI",प्रतिभागी,शिक्षक
AU6741,Dileep Kumar Gurjar,Rajgarh,SARANGPUR,"23300419139, GOVT.HSS GANDHI PACHORE",प्रतिभागी,शिक्षक
AU6748,Ramprasad Verma,Rajgarh,SARANGPUR,"23300419139, GOVT.HSS GANDHI PACHORE",प्रतिभागी,शिक्षक
AU8502,Rajendra Singh,Rajgarh,SARANGPUR,"23300419139, GOVT.HSS GANDHI PACHORE",प्रतिभागी,शिक्षक
AU3344,Manohar Singh,Rajgarh,SARANGPUR,"23300402911, GOVT.HSS BHYANA",प्रतिभागी,शिक्षक
AU3438,Jaswant Singh,Rajgarh,SARANGPUR,"23300402911, GOVT.HSS BHYANA",प्रतिभागी,शिक्षक
AU6346,Rajaram Malviya,Rajgarh,SARANGPUR,"23300402911, GOVT.HSS BHYANA",प्रतिभागी,शिक्षक
AU9677,Tanwar Singh Khichi,Rajgarh,SARANGPUR,"23300402911, GOVT.HSS BHYANA",प्रतिभागी,शिक्षक
AU5488,Laxmi Narayan Nagar,Rajgarh,SARANGPUR,"23300419140, GOVT.HSS GIRL PACORE",प्रतिभागी,शिक्षक
AU6753,Sunita Sisodiya,Rajgarh,SARANGPUR,"23300419140, GOVT.HSS GIRL PACORE",प्रतिभागी,शिक्षक
AU8520,Mohanlal Nagar,Rajgarh,SARANGPUR,"23300419140, GOVT.HSS GIRL PACORE",प्रतिभागी,शिक्षक
AU8627,Aradhna Nagar,Rajgarh,SARANGPUR,"23300419140, GOVT.HSS GIRL PACORE",प्रतिभागी,शिक्षक
AU6959,Shivnarayan Rathore,Rajgarh,SARANGPUR,"23300416514, GOVT.HSS SANDAWATA",प्रतिभागी,शिक्षक
BS5928,Chhotu Lal Yadav,Rajgarh,SARANGPUR,"23300416514, GOVT.HSS SANDAWATA",प्रतिभागी,बीएसी
AU5402,Lalsingh Songira,Rajgarh,SARANGPUR,"23300400406, GOVT.HSS AMLAROD",प्रतिभागी,शिक्षक
AU9233,Ram Chandr Varma,Rajgarh,SARANGPUR,"23300400406, GOVT.HSS AMLAROD",प्रतिभागी,शिक्षक
AU3149,Hariballabh Jonwal,Rajgarh,ZIRAPUR,"23300621639, GOVT.HSS EXCELLNCE ZIRAPUR",प्रतिभागी,शिक्षक
AU5989,Phoolsingh Verma,Rajgarh,ZIRAPUR,"23300621639, GOVT.HSS EXCELLNCE ZIRAPUR",प्रतिभागी,शिक्षक
AU8819,Gopal Krishan Varma,Rajgarh,ZIRAPUR,"23300621639, GOVT.HSS EXCELLNCE ZIRAPUR",प्रतिभागी,शिक्षक
AU8986,Hajari Lal,Rajgarh,ZIRAPUR,"23300621639, GOVT.HSS EXCELLNCE ZIRAPUR",प्रतिभागी,शिक्षक
AU9027,Radheshyam Chouhan,Rajgarh,ZIRAPUR,"23300621639, GOVT.HSS EXCELLNCE ZIRAPUR",प्रतिभागी,शिक्षक
BR3008,Gayatri Gupta,Rajgarh,ZIRAPUR,"23300621639, GOVT.HSS EXCELLNCE ZIRAPUR",प्रतिभागी,शिक्षक
BW3543,Ajay Dan Charan,Rajgarh,ZIRAPUR,"23300621639, GOVT.HSS EXCELLNCE ZIRAPUR",प्रतिभागी,शिक्षक
CD5274,RUKHSAR BANO,Rajgarh,ZIRAPUR,"23300621639, GOVT.HSS EXCELLNCE ZIRAPUR",प्रतिभागी,शिक्षक
AU8698,Suresh Kumar Gupta,Rajgarh,ZIRAPUR,"23300621640, GOVT.HSS GIRLS ZIRAPUR",प्रतिभागी,शिक्षक
AU8848,Gayatri Barkiya,Rajgarh,ZIRAPUR,"23300621640, GOVT.HSS GIRLS ZIRAPUR",प्रतिभागी,शिक्षक
AU8850,Arvind Kumar Mewade,Rajgarh,ZIRAPUR,"23300621640, GOVT.HSS GIRLS ZIRAPUR",प्रतिभागी,शिक्षक
AU8877,Sri Badrilal Verma,Rajgarh,ZIRAPUR,"23300621640, GOVT.HSS GIRLS ZIRAPUR",प्रतिभागी,शिक्षक
AU8999,Chandrasingh Panwar,Rajgarh,ZIRAPUR,"23300621640, GOVT.HSS GIRLS ZIRAPUR",प्रतिभागी,शिक्षक
AU9776,Yashwant Singh Sisodia,Rajgarh,ZIRAPUR,"23300621640, GOVT.HSS GIRLS ZIRAPUR",प्रतिभागी,शिक्षक
BV7257,Mangilal Bheel,Rajgarh,ZIRAPUR,"23300621640, GOVT.HSS GIRLS ZIRAPUR",प्रतिभागी,शिक्षक
AU4384,Mangilal Kumbhkar,Rajgarh,ZIRAPUR,"23300606508, GOVT.HSS GAGORNI",प्रतिभागी,शिक्षक
AU9788,Shayam Bhawsar,Rajgarh,ZIRAPUR,"23300606508, GOVT.HSS GAGORNI",प्रतिभागी,शिक्षक
AU9793,Chetna Sharma,Rajgarh,ZIRAPUR,"23300606508, GOVT.HSS GAGORNI",प्रतिभागी,शिक्षक
BZ3839,Ishawar Singh Panwar,Rajgarh,ZIRAPUR,"23300606508, GOVT.HSS GAGORNI",प्रतिभागी,शिक्षक
AU9019,Rameshchandra Dangi,Rajgarh,ZIRAPUR,"23300603104, GOVT.HS BHANPURA",प्रतिभागी,शिक्षक
AU9043,Ramswarup Swarnkar,Rajgarh,ZIRAPUR,"23300603104, GOVT.HS BHANPURA",प्रतिभागी,शिक्षक
AU9048,Kamlesh Bhawsar,Rajgarh,ZIRAPUR,"23300603104, GOVT.HS BHANPURA",प्रतिभागी,शिक्षक
BT1879,Poorsingh Kushwah,Rajgarh,ZIRAPUR,"23300603104, GOVT.HS BHANPURA",प्रतिभागी,शिक्षक
AU5173,Balachand Bairagi,Rajgarh,ZIRAPUR,"23300612006, GOVT.HS KODKIYA",प्रतिभागी,शिक्षक
BR3053,Jagdeesh Prasad Dangi,Rajgarh,ZIRAPUR,"23300612006, GOVT.HS KODKIYA",प्रतिभागी,शिक्षक
BV7792,Bhagwan Singh Rathor,Rajgarh,ZIRAPUR,"23300612006, GOVT.HS KODKIYA",प्रतिभागी,शिक्षक
BX3173,Krishnapal Singh Tomar,Rajgarh,ZIRAPUR,"23300612006, GOVT.HS KODKIYA",प्रतिभागी,शिक्षक
BZ1126,Hemraj Singh Sisodiya,Rajgarh,ZIRAPUR,"23300612006, GOVT.HS KODKIYA",प्रतिभागी,शिक्षक
AU5970,Mukesh Kumar Sharma,Rajgarh,ZIRAPUR,"23300621521, GOVT.HSS MACHALPUR",प्रतिभागी,शिक्षक
BX2241,Parmanand Lodha,Rajgarh,ZIRAPUR,"23300621521, GOVT.HSS MACHALPUR",प्रतिभागी,शिक्षक
AU6057,Sugan Devi Malviya,Rajgarh,ZIRAPUR,"23300617911, GOVT.HSS RAMGARH",प्रतिभागी,शिक्षक
BV7967,Shivraj Singh,Rajgarh,ZIRAPUR,"23300617911, GOVT.HSS RAMGARH",प्रतिभागी,शिक्षक
AU9721,Pappulal Jatav,Rajgarh,ZIRAPUR,"23300606809, GOVT.HSS GOGHTPUR",प्रतिभागी,शिक्षक
AU9877,Kamlesh Kumar Sharma,Rajgarh,ZIRAPUR,"23300606809, GOVT.HSS GOGHTPUR",प्रतिभागी,शिक्षक
BR4532,Mahaveer Prasad Nai,Rajgarh,ZIRAPUR,"23300606809, GOVT.HSS GOGHTPUR",प्रतिभागी,शिक्षक
BR4559,Kalu Lal Lodha,Rajgarh,ZIRAPUR,"23300606809, GOVT.HSS GOGHTPUR",प्रतिभागी,शिक्षक
BU1733,Abhishek Shringi,Rajgarh,ZIRAPUR,"23300606809, GOVT.HSS GOGHTPUR",प्रतिभागी,शिक्षक
BU2066,Radheshyam Kumhar,Rajgarh,ZIRAPUR,"23300606809, GOVT.HSS GOGHTPUR",प्रतिभागी,शिक्षक
BU3243,Narayan Singh Gurjar,Rajgarh,ZIRAPUR,"23300606809, GOVT.HSS GOGHTPUR",प्रतिभागी,शिक्षक
BW4495,Reena Vishwakarma,Rajgarh,ZIRAPUR,"23300606809, GOVT.HSS GOGHTPUR",प्रतिभागी,शिक्षक
BW6182,Brajraj Singh,Rajgarh,ZIRAPUR,"23300606809, GOVT.HSS GOGHTPUR",प्रतिभागी,शिक्षक
AU4363,Balvantsingh Sisodiya,Rajgarh,ZIRAPUR,"23300609007, GOVT.HSS JHADMAU",प्रतिभागी,शिक्षक
AU4376,Rajendra Kumar Kaushik,Rajgarh,ZIRAPUR,"23300609007, GOVT.HSS JHADMAU",प्रतिभागी,शिक्षक
AU8996,Kaluram Malviya,Rajgarh,ZIRAPUR,"23300609007, GOVT.HSS JHADMAU",प्रतिभागी,शिक्षक
AU9740,Rajesh Kumar Mewade,Rajgarh,ZIRAPUR,"23300609007, GOVT.HSS JHADMAU",प्रतिभागी,शिक्षक
AU9796,Purushottam Jatav,Rajgarh,ZIRAPUR,"23300609007, GOVT.HSS JHADMAU",प्रतिभागी,शिक्षक
AU9797,Prem Narayan Sharma,Rajgarh,ZIRAPUR,"23300609007, GOVT.HSS JHADMAU",प्रतिभागी,शिक्षक
BV8481,Kamal Singh Chouhan,Rajgarh,ZIRAPUR,"23300609007, GOVT.HSS JHADMAU",प्रतिभागी,शिक्षक
BV7403,Manohar Puri,Rajgarh,ZIRAPUR,"23300616912, GOVT.HSS PIPLIYA KULMI",प्रतिभागी,शिक्षक
BW1217,Salag Ram Dangi,Rajgarh,ZIRAPUR,"23300616912, GOVT.HSS PIPLIYA KULMI",प्रतिभागी,शिक्षक
BW2962,Sanjay Singh Gehlot,Rajgarh,ZIRAPUR,"23300616912, GOVT.HSS PIPLIYA KULMI",प्रतिभागी,शिक्षक
BW3564,Nisar Ahmad Tai,Rajgarh,ZIRAPUR,"23300616912, GOVT.HSS PIPLIYA KULMI",प्रतिभागी,शिक्षक
BI3674,Hemraj Bhanwar,Ratlam,ALOT,"23200106733, GOVT. HSS GIRLS ALOT",प्रतिभागी,शिक्षक
BJ1344,Sangeeta Solanki,Ratlam,ALOT,"23200106734, GOVT. HSS ECELLENCE ALOT",प्रतिभागी,शिक्षक
BI3470,Shailendra Kumar Goyal,Ratlam,ALOT,"23200101408, GOVT. HSS KARADIYA",प्रतिभागी,शिक्षक
BV4382,Basant Kumar Sharma,Ratlam,ALOT,"23200101408, GOVT. HSS KARADIYA",प्रतिभागी,शिक्षक
CD6780,PAPPULAL MALVIYA,Ratlam,ALOT,"23200101408, GOVT. HSS KARADIYA",प्रतिभागी,शिक्षक
BI3755,Jujhar Lal Malviya,Ratlam,ALOT,"23200100210, GOVT. HSS BARKHEDAKALAN",प्रतिभागी,शिक्षक
BI5216,Sushil Kumar Mayda,Ratlam,ALOT,"23200100210, GOVT. HSS BARKHEDAKALAN",प्रतिभागी,शिक्षक
BJ1314,Sohanlal Dodiyar,Ratlam,ALOT,"23200100210, GOVT. HSS BARKHEDAKALAN",प्रतिभागी,शिक्षक
BV5347,Mukesh Singh,Ratlam,ALOT,"23200100210, GOVT. HSS BARKHEDAKALAN",प्रतिभागी,शिक्षक
CB5773,LAXMI DHAKIYA,Ratlam,ALOT,"23200100210, GOVT. HSS BARKHEDAKALAN",प्रतिभागी,शिक्षक
BI3715,Manoj Sharma,Ratlam,ALOT,"23200109807, GOVT. HSS TALOD",प्रतिभागी,शिक्षक
BI3718,Rajendra Singh Shingliya,Ratlam,ALOT,"23200109807, GOVT. HSS TALOD",प्रतिभागी,शिक्षक
CD6839,POOJA BHALSE,Ratlam,ALOT,"23200109807, GOVT. HSS TALOD",प्रतिभागी,शिक्षक
BI3551,Saroj Bhanwar,Ratlam,ALOT,"23200116736, GOVT. HSS GIRLS TAL",प्रतिभागी,शिक्षक
BJ1271,Brijendra Singh Sisodiya,Ratlam,ALOT,"23200116736, GOVT. HSS GIRLS TAL",प्रतिभागी,शिक्षक
BJ1453,Kosar Khanam,Ratlam,ALOT,"23200116736, GOVT. HSS GIRLS TAL",प्रतिभागी,सीएसी
BI6967,Sanjay Gour,Ratlam,ALOT,"23200114409, GOVT. HSS PANTH PIPLODA",प्रतिभागी,शिक्षक
BJ1506,Bherulal Parmar,Ratlam,ALOT,"23200114409, GOVT. HSS PANTH PIPLODA",प्रतिभागी,शिक्षक
BJ1516,Ishwar Lal,Ratlam,ALOT,"23200114409, GOVT. HSS PANTH PIPLODA",प्रतिभागी,शिक्षक
BZ3599,Vijay Singh Bhati,Ratlam,ALOT,"23200114409, GOVT. HSS PANTH PIPLODA",प्रतिभागी,शिक्षक
CD6791,PARMANAND ATOLIYA,Ratlam,ALOT,"23200114409, GOVT. HSS PANTH PIPLODA",प्रतिभागी,शिक्षक
CD6792,RAVI CHOUDHARY,Ratlam,ALOT,"23200114409, GOVT. HSS PANTH PIPLODA",प्रतिभागी,शिक्षक
BP9793,Naeem Shekh,Ratlam,ALOT,"23200111609, GOVT. HSS KHARVAKALA",प्रतिभागी,शिक्षक
BI7977,Jivanlal Bhuriya,Ratlam,BAJNA,"23200215707, GOVT. HS NAYAN",प्रतिभागी,शिक्षक
BI8009,Kanheya Lal Kihori,Ratlam,BAJNA,"23200215707, GOVT. HS NAYAN",प्रतिभागी,शिक्षक
BI8077,Laxman Gujrati,Ratlam,BAJNA,"23200215707, GOVT. HS NAYAN",प्रतिभागी,शिक्षक
CB3088,CHHAGAN LAL,Ratlam,BAJNA,"23200215707, GOVT. HS NAYAN",प्रतिभागी,शिक्षक
BI4084,Nidhi Gandhi,Ratlam,BAJNA,"23200218617, GOVT. HSS GIRLS RAVTI",प्रतिभागी,शिक्षक
BI4530,Jetendra Dabar,Ratlam,BAJNA,"23200218617, GOVT. HSS GIRLS RAVTI",प्रतिभागी,शिक्षक
CE2444,Sangeeta Gupta,Ratlam,BAJNA,"23200218617, GOVT. HSS GIRLS RAVTI",प्रतिभागी,शिक्षक
BI4422,Bhavesh Jain,Ratlam,BAJNA,"23200210415, GOVT. HSS KANYA BAJNA",प्रतिभागी,शिक्षक
BI6296,Ambaram Prajapati,Ratlam,BAJNA,"23200210415, GOVT. HSS KANYA BAJNA",प्रतिभागी,शिक्षक
BO2454,Sushila Dindor,Ratlam,BAJNA,"23200210415, GOVT. HSS KANYA BAJNA",प्रतिभागी,शिक्षक
BP1206,Reshma Dodiyar,Ratlam,BAJNA,"23200210415, GOVT. HSS KANYA BAJNA",प्रतिभागी,शिक्षक
BI4326,Gopal Tak,Ratlam,BAJNA,"23200213005, GOVT. HIGH SCHOOL BAJRANGGAD",प्रतिभागी,शिक्षक
BI9290,Ajay Chawla,Ratlam,BAJNA,"23200213005, GOVT. HIGH SCHOOL BAJRANGGAD",प्रतिभागी,शिक्षक
CC5317,SADHANA SURYVANSHI,Ratlam,BAJNA,"23200213005, GOVT. HIGH SCHOOL BAJRANGGAD",प्रतिभागी,शिक्षक
CC5372,BINTU KOTWAL,Ratlam,BAJNA,"23200210416, GOVT. HSS EXCELLENCE BAJNA",प्रतिभागी,शिक्षक
CC7157,SURESH VERMA,Ratlam,BAJNA,"23200210416, GOVT. HSS EXCELLENCE BAJNA",प्रतिभागी,शिक्षक
BI4057,Manju Ninama,Ratlam,BAJNA,"23200203208, GOVT. HSS RAJAPURA MATAJI",प्रतिभागी,शिक्षक
BI4121,Dharmendra Gupta,Ratlam,BAJNA,"23200203208, GOVT. HSS RAJAPURA MATAJI",प्रतिभागी,सीएसी
BI4284,Chetna Bhatt,Ratlam,BAJNA,"23200203208, GOVT. HSS RAJAPURA MATAJI",प्रतिभागी,शिक्षक
CC2336,CHARAN MAHOR,Ratlam,BAJNA,"23200203208, GOVT. HSS RAJAPURA MATAJI",प्रतिभागी,शिक्षक
CC6313,SHANU KUNWAR,Ratlam,BAJNA,"23200203208, GOVT. HSS RAJAPURA MATAJI",प्रतिभागी,शिक्षक
CE6763,ANKITA SHARMA,Ratlam,BAJNA,"23200203208, GOVT. HSS RAJAPURA MATAJI",प्रतिभागी,शिक्षक
BI4133,Dilip Solanki,Ratlam,BAJNA,"23200201705, GOVT. HS KELKACHH",प्रतिभागी,शिक्षक
BI4545,Arif Khan Pathan,Ratlam,BAJNA,"23200201705, GOVT. HS KELKACHH",प्रतिभागी,शिक्षक
BI9292,Majbut Singh Gurjar,Ratlam,BAJNA,"23200201705, GOVT. HS KELKACHH",प्रतिभागी,शिक्षक
BZ6512,Bahadur Anjhna,Ratlam,BAJNA,"23200201705, GOVT. HS KELKACHH",प्रतिभागी,शिक्षक
CC2343,PRIYA SIKARWAL,Ratlam,BAJNA,"23200201705, GOVT. HS KELKACHH",प्रतिभागी,शिक्षक
CC2345,RAKESH MEENA,Ratlam,BAJNA,"23200201705, GOVT. HS KELKACHH",प्रतिभागी,शिक्षक
CC6323,ASHOK LOHAR,Ratlam,BAJNA,"23200201705, GOVT. HS KELKACHH",प्रतिभागी,शिक्षक
BI8012,Anandi Lal Gandhi,Ratlam,BAJNA,"23200218618, GOVT. HSS BOYS RAVTI",प्रतिभागी,शिक्षक
BR8452,Rekha Shukla,Ratlam,BAJNA,"23200218618, GOVT. HSS BOYS RAVTI",प्रतिभागी,शिक्षक
BU9326,Hemant Boriya,Ratlam,BAJNA,"23200218618, GOVT. HSS BOYS RAVTI",प्रतिभागी,शिक्षक
CC2121,MUKESH KABIRPANTHI,Ratlam,BAJNA,"23200218618, GOVT. HSS BOYS RAVTI",प्रतिभागी,शिक्षक
CC2125,KANHAIYALAL DHANGAR,Ratlam,BAJNA,"23200218618, GOVT. HSS BOYS RAVTI",प्रतिभागी,शिक्षक
CC2132,SUNITA SURYAVANSHI,Ratlam,BAJNA,"23200218618, GOVT. HSS BOYS RAVTI",प्रतिभागी,शिक्षक
CF5578,Sundar Kushwah,Ratlam,BAJNA,"23200218618, GOVT. HSS BOYS RAVTI",प्रतिभागी,शिक्षक
CF5579,Pragya Pandey,Ratlam,BAJNA,"23200218618, GOVT. HSS BOYS RAVTI",प्रतिभागी,शिक्षक
BI4075,Ladwati Damar,Ratlam,BAJNA,"23200207112, GOVT. HSS KUNDANPUR",प्रतिभागी,शिक्षक
CC5358,KHUSH VYAS,Ratlam,BAJNA,"23200207112, GOVT. HSS KUNDANPUR",प्रतिभागी,शिक्षक
BY5190,Omprakash Malviya,Ratlam,BAJNA,"23200215406, GOVT. HS AMARPURAKALAN",प्रतिभागी,शिक्षक
CC3422,RAMBABU DANGI,Ratlam,BAJNA,"23200215406, GOVT. HS AMARPURAKALAN",प्रतिभागी,शिक्षक
CF1797,Kaynaat Ali,Ratlam,BAJNA,"23200215406, GOVT. HS AMARPURAKALAN",प्रतिभागी,शिक्षक
BI7023,Ghansyam Limbola,Ratlam,BAJNA,"23200221904, GOVT. HS DABDI",प्रतिभागी,शिक्षक
BI7979,RAMESHCHANDRA SINGAD,Ratlam,BAJNA,"23200221904, GOVT. HS DABDI",प्रतिभागी,शिक्षक
BJ6934,Kiranbala Bhatt,Ratlam,BAJNA,"23200221904, GOVT. HS DABDI",प्रतिभागी,शिक्षक
BP1344,Nirmla Parmar,Ratlam,BAJNA,"23200221904, GOVT. HS DABDI",प्रतिभागी,शिक्षक
BT6941,Nitin Chawla,Ratlam,BAJNA,"23200221904, GOVT. HS DABDI",प्रतिभागी,शिक्षक
CC2352,PAYAL CHHARI,Ratlam,BAJNA,"23200221904, GOVT. HS DABDI",प्रतिभागी,शिक्षक
CC4542,SANDEEP SONI,Ratlam,BAJNA,"23200221904, GOVT. HS DABDI",प्रतिभागी,शिक्षक
CC4546,HEMANT PATIDAR,Ratlam,BAJNA,"23200221904, GOVT. HS DABDI",प्रतिभागी,शिक्षक
CC9269,RADHAKISHAN MALI,Ratlam,BAJNA,"23200221904, GOVT. HS DABDI",प्रतिभागी,शिक्षक
BI3948,Sheroo Khan,Ratlam,JAORA,"23200315122, GOVT. HSS BADAVDA",प्रतिभागी,शिक्षक
BI4033,Resham Solanki,Ratlam,JAORA,"23200315122, GOVT. HSS BADAVDA",प्रतिभागी,शिक्षक
CB6110,HARSHITA SOLANKI,Ratlam,JAORA,"23200315122, GOVT. HSS BADAVDA",प्रतिभागी,शिक्षक
BI5921,Rajendra Singh Rathore,Ratlam,JAORA,"23200312009, GOVT. HSS BARDIYA GOYAL",प्रतिभागी,शिक्षक
CD2613,RAVINDRA KATROLIYA,Ratlam,JAORA,"23200312009, GOVT. HSS BARDIYA GOYAL",प्रतिभागी,शिक्षक
CE7454,NEHA KASERA,Ratlam,JAORA,"23200312009, GOVT. HSS BARDIYA GOYAL",प्रतिभागी,शिक्षक
BI5278,Rajaram Vaidhya,Ratlam,JAORA,"23200304310, GOVT. HSS RINGNOD",प्रतिभागी,शिक्षक
BI6835,Niraj Kumar Agrawal,Ratlam,JAORA,"23200304310, GOVT. HSS RINGNOD",प्रतिभागी,शिक्षक
BI5728,Nazima Khan,Ratlam,JAORA,"23200318403, GOVT. HSS EXCELLENCE JAORA",प्रतिभागी,शिक्षक
BI5970,Kalpana Bhatnagar,Ratlam,JAORA,"23200318403, GOVT. HSS EXCELLENCE JAORA",प्रतिभागी,अन्य
BI6246,Rajendra Kumar Mehta,Ratlam,JAORA,"23200318403, GOVT. HSS EXCELLENCE JAORA",प्रतिभागी,शिक्षक
BI7719,Kesar Khan,Ratlam,JAORA,"23200315912, GOVT. HS KATJU JAORA",प्रतिभागी,शिक्षक
CD6679,MAYA SAWLIYA,Ratlam,JAORA,"23200315912, GOVT. HS KATJU JAORA",प्रतिभागी,शिक्षक
BQ7460,Vinod Kumar Dwivedi,Ratlam,JAORA,"23200302907, GOVT. HS GONDIDHARMSI",प्रतिभागी,शिक्षक
BE1796,Surajmal Parmar,Ratlam,JAORA,"23200315801, GOVT. HSS GIRLS KAMLA NEHRU JAORA",प्रतिभागी,बीएसी
BI5606,Shakir Ali,Ratlam,JAORA,"23200315801, GOVT. HSS GIRLS KAMLA NEHRU JAORA",प्रतिभागी,शिक्षक
BI5793,Saroj Chouhan,Ratlam,JAORA,"23200315801, GOVT. HSS GIRLS KAMLA NEHRU JAORA",प्रतिभागी,शिक्षक
BI6430,Rajesh Arora,Ratlam,JAORA,"23200315801, GOVT. HSS GIRLS KAMLA NEHRU JAORA",प्रतिभागी,शिक्षक
BI5376,Hamid Husain Mansoori,Ratlam,JAORA,"23200300512, GOVT. HSS PIPLIYAJODHA",प्रतिभागी,शिक्षक
BI6360,Fulchand Malviya,Ratlam,JAORA,"23200300512, GOVT. HSS PIPLIYAJODHA",प्रतिभागी,शिक्षक
BU2740,Parshuram Patidar,Ratlam,JAORA,"23200300512, GOVT. HSS PIPLIYAJODHA",प्रतिभागी,शिक्षक
BY7676,Dinesh Kumar Hatila,Ratlam,JAORA,"23200300512, GOVT. HSS PIPLIYAJODHA",प्रतिभागी,शिक्षक
CD1350,PRITI MEHTA,Ratlam,JAORA,"23200300512, GOVT. HSS PIPLIYAJODHA",प्रतिभागी,शिक्षक
BI5399,Mahesh Kumar Bairagi,Ratlam,JAORA,"23200309206, GOVT. HS ROJANA",प्रतिभागी,शिक्षक
BI6592,Nirmala Devi Gehlot,Ratlam,JAORA,"23200309206, GOVT. HS ROJANA",प्रतिभागी,शिक्षक
BI9003,Jugal Singh Zhala,Ratlam,JAORA,"23200309206, GOVT. HS ROJANA",प्रतिभागी,शिक्षक
BJ1379,Rekha Dading,Ratlam,JAORA,"23200309206, GOVT. HS ROJANA",प्रतिभागी,शिक्षक
BT2849,Rakesh Vaktariy,Ratlam,JAORA,"23200309206, GOVT. HS ROJANA",प्रतिभागी,शिक्षक
CD6677,KULDEEP SISODIYA,Ratlam,JAORA,"23200309206, GOVT. HS ROJANA",प्रतिभागी,शिक्षक
BI4036,Manju Yadav,Ratlam,JAORA,"23200305609, GOVT. HSS SARSI",प्रतिभागी,शिक्षक
BI5837,Chainiram Rathore,Ratlam,JAORA,"23200305609, GOVT. HSS SARSI",प्रतिभागी,शिक्षक
BO7724,Uma Chansariya,Ratlam,JAORA,"23200305609, GOVT. HSS SARSI",प्रतिभागी,शिक्षक
CD1089,RAMPRASAD SEN,Ratlam,JAORA,"23200305609, GOVT. HSS SARSI",प्रतिभागी,शिक्षक
CD1090,SHILPI UPDHAYA,Ratlam,JAORA,"23200305609, GOVT. HSS SARSI",प्रतिभागी,शिक्षक
CD4446,KAVITA KUMARI,Ratlam,JAORA,"23200305609, GOVT. HSS SARSI",प्रतिभागी,शिक्षक
BI7526,Rakesh Kumar Gupta,Ratlam,PIPLODA,"23200405729, GOVT. HSS EXCELLENCE PIPLODA",प्रतिभागी,शिक्षक
BI7574,Dilip Kumar Paliwal,Ratlam,PIPLODA,"23200405729, GOVT. HSS EXCELLENCE PIPLODA",प्रतिभागी,शिक्षक
BS6659,Vijay Ninama,Ratlam,PIPLODA,"23200405729, GOVT. HSS EXCELLENCE PIPLODA",प्रतिभागी,शिक्षक
BY3303,Samrath Lal Dhangar,Ratlam,PIPLODA,"23200405729, GOVT. HSS EXCELLENCE PIPLODA",प्रतिभागी,शिक्षक
BI6001,Ghanshyam Bairagi,Ratlam,PIPLODA,"23200404712, GOVT. HSS SUKHEDA",प्रतिभागी,शिक्षक
BI6014,Satyanarayanasingh Panwar,Ratlam,PIPLODA,"23200404712, GOVT. HSS SUKHEDA",प्रतिभागी,शिक्षक
BI6426,Puran Das Bairagi,Ratlam,PIPLODA,"23200404712, GOVT. HSS SUKHEDA",प्रतिभागी,शिक्षक
BI7595,Sarita Derashri,Ratlam,PIPLODA,"23200404712, GOVT. HSS SUKHEDA",प्रतिभागी,शिक्षक
BI7715,Dule Singh Alawa,Ratlam,PIPLODA,"23200404712, GOVT. HSS SUKHEDA",प्रतिभागी,शिक्षक
BJ1213,Sudhir Kumar Sharma,Ratlam,PIPLODA,"23200404712, GOVT. HSS SUKHEDA",प्रतिभागी,शिक्षक
BJ1214,Govardhan Lal Vijiyawat,Ratlam,PIPLODA,"23200404712, GOVT. HSS SUKHEDA",प्रतिभागी,शिक्षक
CC3837,SHRILAL CHAUHAN,Ratlam,PIPLODA,"23200404712, GOVT. HSS SUKHEDA",प्रतिभागी,शिक्षक
BI7586,Ishwar Lal Malviy,Ratlam,PIPLODA,"23200407507, GOVT. HSS SHERPUR",प्रतिभागी,शिक्षक
BI7636,Ram Lal Kharadi,Ratlam,PIPLODA,"23200407507, GOVT. HSS SHERPUR",प्रतिभागी,शिक्षक
BO8613,Shantilal Parihar,Ratlam,PIPLODA,"23200407507, GOVT. HSS SHERPUR",प्रतिभागी,शिक्षक
BI5937,Daluram Jadav,Ratlam,PIPLODA,"23200405512, GOVT. HSS BADAYALA MATAJI",प्रतिभागी,शिक्षक
BI6099,Sunil Gulrajani,Ratlam,PIPLODA,"23200405512, GOVT. HSS BADAYALA MATAJI",प्रतिभागी,शिक्षक
BI6565,Premlata Joshi,Ratlam,PIPLODA,"23200405512, GOVT. HSS BADAYALA MATAJI",प्रतिभागी,शिक्षक
BJ1177,Anil Dubey,Ratlam,PIPLODA,"23200405512, GOVT. HSS BADAYALA MATAJI",प्रतिभागी,शिक्षक
BJ1180,Goverdhan Lal Sharma,Ratlam,PIPLODA,"23200405512, GOVT. HSS BADAYALA MATAJI",प्रतिभागी,शिक्षक
BJ1220,Mirja Shahid Beg,Ratlam,PIPLODA,"23200405512, GOVT. HSS BADAYALA MATAJI",प्रतिभागी,शिक्षक
BT8863,Gopal Singh Rathore,Ratlam,PIPLODA,"23200405512, GOVT. HSS BADAYALA MATAJI",प्रतिभागी,शिक्षक
AQ3893,Santosh Bhati,Ratlam,PIPLODA,"23200401513, GOVT. HSS KALUKHEDA",प्रतिभागी,शिक्षक
BI5383,Shankar Lal Khandela,Ratlam,PIPLODA,"23200401513, GOVT. HSS KALUKHEDA",प्रतिभागी,शिक्षक
BI5854,Poonam Singh Achale,Ratlam,PIPLODA,"23200401513, GOVT. HSS KALUKHEDA",प्रतिभागी,शिक्षक
BI6357,Fateh Ram Dhakad,Ratlam,PIPLODA,"23200401513, GOVT. HSS KALUKHEDA",प्रतिभागी,शिक्षक
BI6597,Laxmi Narayan Sharma,Ratlam,PIPLODA,"23200401513, GOVT. HSS KALUKHEDA",प्रतिभागी,शिक्षक
BI6786,Suneeta Karpanter,Ratlam,PIPLODA,"23200401513, GOVT. HSS KALUKHEDA",प्रतिभागी,शिक्षक
BI6807,Samrath Lal Suneri,Ratlam,PIPLODA,"23200401513, GOVT. HSS KALUKHEDA",प्रतिभागी,शिक्षक
BJ1230,Sureshgiri Goswami,Ratlam,PIPLODA,"23200401513, GOVT. HSS KALUKHEDA",प्रतिभागी,शिक्षक
BQ2409,Vinod Kumar Chouhan,Ratlam,PIPLODA,"23200401513, GOVT. HSS KALUKHEDA",प्रतिभागी,शिक्षक
BI6626,Radheshyam Rathi,Ratlam,PIPLODA,"23200403411, GOVT. HSS RIYAWAN",प्रतिभागी,शिक्षक
BI6739,Champalal Kumawat,Ratlam,PIPLODA,"23200403411, GOVT. HSS RIYAWAN",प्रतिभागी,शिक्षक
BI6758,Pratibha Vijiyawat,Ratlam,PIPLODA,"23200403411, GOVT. HSS RIYAWAN",प्रतिभागी,शिक्षक
BI6781,Sanjay Kumar,Ratlam,PIPLODA,"23200403411, GOVT. HSS RIYAWAN",प्रतिभागी,शिक्षक
BI6816,Karu Lal Takrawad,Ratlam,PIPLODA,"23200403411, GOVT. HSS RIYAWAN",प्रतिभागी,शिक्षक
BI7775,Gopal Singh Sisodiya,Ratlam,PIPLODA,"23200403411, GOVT. HSS RIYAWAN",प्रतिभागी,शिक्षक
BJ1161,Ganesh Lal Malviya,Ratlam,PIPLODA,"23200403411, GOVT. HSS RIYAWAN",प्रतिभागी,शिक्षक
BQ1701,Madn Lal Porwal,Ratlam,PIPLODA,"23200403411, GOVT. HSS RIYAWAN",प्रतिभागी,शिक्षक
BQ3480,Basantilal Soni,Ratlam,PIPLODA,"23200403411, GOVT. HSS RIYAWAN",प्रतिभागी,शिक्षक
BW2645,Balwant Singh Sisodiya,Ratlam,PIPLODA,"23200403411, GOVT. HSS RIYAWAN",प्रतिभागी,शिक्षक
BI3884,Jyoti Lal Maida,Ratlam,RATLAM,"23200504510, GOVT. HSS PALSODI",प्रतिभागी,शिक्षक
BI4880,Hitesh Barodiya,Ratlam,RATLAM,"23200504510, GOVT. HSS PALSODI",प्रतिभागी,शिक्षक
BI5087,Hemraj Muniya,Ratlam,RATLAM,"23200504510, GOVT. HSS PALSODI",प्रतिभागी,शिक्षक
BI5204,Sanjay Kumar Rathore,Ratlam,RATLAM,"23200504510, GOVT. HSS PALSODI",प्रतिभागी,शिक्षक
BI8872,Geeta Maida,Ratlam,RATLAM,"23200504510, GOVT. HSS PALSODI",प्रतिभागी,शिक्षक
CC2720,PALLAVI NIGAM,Ratlam,RATLAM,"23200504510, GOVT. HSS PALSODI",प्रतिभागी,शिक्षक
CD2991,PREMLATA DAMOR,Ratlam,RATLAM,"23200504510, GOVT. HSS PALSODI",प्रतिभागी,शिक्षक
BI5518,Rakhi Rathore,Ratlam,RATLAM,"23200508505, GOVT. HS KUAJHAGAR",प्रतिभागी,शिक्षक
BI7542,Anita Gulrajani,Ratlam,RATLAM,"23200508505, GOVT. HS KUAJHAGAR",प्रतिभागी,शिक्षक
BT2083,Manisha Kharadi,Ratlam,RATLAM,"23200508505, GOVT. HS KUAJHAGAR",प्रतिभागी,शिक्षक
AQ4514,Indarsingh Dudwe,Ratlam,RATLAM,"23200508222, GOVT. HSS MUNDRI",प्रतिभागी,शिक्षक
BF8681,Seema Chouhan,Ratlam,RATLAM,"23200508222, GOVT. HSS MUNDRI",प्रतिभागी,शिक्षक
BI3731,Raysingh Khadeda,Ratlam,RATLAM,"23200508222, GOVT. HSS MUNDRI",प्रतिभागी,शिक्षक
BI3858,Shankar Lal Limbola,Ratlam,RATLAM,"23200508222, GOVT. HSS MUNDRI",प्रतिभागी,शिक्षक
BI4946,Dinesh Parihar,Ratlam,RATLAM,"23200508222, GOVT. HSS MUNDRI",प्रतिभागी,शिक्षक
BP3042,Shaitan Singh Rathor,Ratlam,RATLAM,"23200508222, GOVT. HSS MUNDRI",प्रतिभागी,शिक्षक
AQ5094,Bhur Bai Dabar,Ratlam,RATLAM,"23200503218, GOVT. HSS BANGROD",प्रतिभागी,शिक्षक
BI4531,Balchand Pancholi,Ratlam,RATLAM,"23200503218, GOVT. HSS BANGROD",प्रतिभागी,शिक्षक
BI5819,Jagdish Chandra Dhakad,Ratlam,RATLAM,"23200503218, GOVT. HSS BANGROD",प्रतिभागी,शिक्षक
BI7406,Shivnarayan Patidar,Ratlam,RATLAM,"23200503218, GOVT. HSS BANGROD",प्रतिभागी,शिक्षक
BI7409,Bagdiram Patidar,Ratlam,RATLAM,"23200503218, GOVT. HSS BANGROD",प्रतिभागी,शिक्षक
BI9797,Chhaya Joshi,Ratlam,RATLAM,"23200503218, GOVT. HSS BANGROD",प्रतिभागी,शिक्षक
BN3326,Pyar Singh,Ratlam,RATLAM,"23200503218, GOVT. HSS BANGROD",प्रतिभागी,शिक्षक
BV4297,Changez Khan,Ratlam,RATLAM,"23200503218, GOVT. HSS BANGROD",प्रतिभागी,शिक्षक
BI4759,Bharat Lal Choudhary,Ratlam,RATLAM,"23200500623, GOVT. HSS DHAMNOD",प्रतिभागी,शिक्षक
BI5265,Sharda Chohan,Ratlam,RATLAM,"23200500623, GOVT. HSS DHAMNOD",प्रतिभागी,शिक्षक
BI8824,Babulal Makwana,Ratlam,RATLAM,"23200500623, GOVT. HSS DHAMNOD",प्रतिभागी,शिक्षक
BD8612,Rani Joshi,Ratlam,RATLAM,"23200501720, GOVT. HSS NAMLI",प्रतिभागी,शिक्षक
BI4729,Kiran Ahirwar,Ratlam,RATLAM,"23200501720, GOVT. HSS NAMLI",प्रतिभागी,शिक्षक
BI7297,Sanjeetkumar Gaurh,Ratlam,RATLAM,"23200501720, GOVT. HSS NAMLI",प्रतिभागी,शिक्षक
BI7428,Sunita Sisodiya,Ratlam,RATLAM,"23200501720, GOVT. HSS NAMLI",प्रतिभागी,शिक्षक
BI8541,Lalita Kadam,Ratlam,RATLAM,"23200501720, GOVT. HSS NAMLI",प्रतिभागी,शिक्षक
BU5042,Ditendra Vasuniya,Ratlam,RATLAM,"23200501720, GOVT. HSS NAMLI",प्रतिभागी,शिक्षक
BW4665,Shyam Lal Suneri,Ratlam,RATLAM,"23200501720, GOVT. HSS NAMLI",प्रतिभागी,शिक्षक
AQ6108,Rajni Sharma,Ratlam,RATLAM,"23200515212, GOVT. HSS BHATIBADODIYA",प्रतिभागी,शिक्षक
BI8947,Ramratan Chaudhary,Ratlam,RATLAM,"23200515212, GOVT. HSS BHATIBADODIYA",प्रतिभागी,शिक्षक
BU2949,Rashmi Pathak,Ratlam,RATLAM,"23200515212, GOVT. HSS BHATIBADODIYA",प्रतिभागी,शिक्षक
BU4700,Dhapu Muniya,Ratlam,RATLAM,"23200515212, GOVT. HSS BHATIBADODIYA",प्रतिभागी,शिक्षक
BI5718,Rekha Mehra,Ratlam,RATLAM,"23200521223, GOVT. HSS GIRLS N.K.RATLAM",प्रतिभागी,शिक्षक
BI7076,Malka Khan,Ratlam,RATLAM,"23200521223, GOVT. HSS GIRLS N.K.RATLAM",प्रतिभागी,शिक्षक
BI8633,Kailash Chandra Vyas,Ratlam,RATLAM,"23200521223, GOVT. HSS GIRLS N.K.RATLAM",प्रतिभागी,शिक्षक
BX5865,Sunita Solanki,Ratlam,RATLAM,"23200521223, GOVT. HSS GIRLS N.K.RATLAM",प्रतिभागी,शिक्षक
BZ5301,Shabnam Bano,Ratlam,RATLAM,"23200521223, GOVT. HSS GIRLS N.K.RATLAM",प्रतिभागी,शिक्षक
CB8780,SHILPA AGRAWAL,Ratlam,RATLAM,"23200521223, GOVT. HSS GIRLS N.K.RATLAM",प्रतिभागी,शिक्षक
CC3219,NITI SHARMA,Ratlam,RATLAM,"23200521223, GOVT. HSS GIRLS N.K.RATLAM",प्रतिभागी,शिक्षक
BI3978,Naru Damar,Ratlam,RATLAM,"23200514612, GOVT. HSS BILPANK",प्रतिभागी,शिक्षक
BI7143,Jagadish Chandra,Ratlam,RATLAM,"23200514612, GOVT. HSS BILPANK",प्रतिभागी,शिक्षक
BI8778,Mukesh Nandavana,Ratlam,RATLAM,"23200514612, GOVT. HSS BILPANK",प्रतिभागी,शिक्षक
BN6301,Punamchand Aaniya,Ratlam,RATLAM,"23200514612, GOVT. HSS BILPANK",प्रतिभागी,शिक्षक
BT6917,Mahipal Singh Bhati,Ratlam,RATLAM,"23200514612, GOVT. HSS BILPANK",प्रतिभागी,शिक्षक
BF5975,Preeti Joshi,Ratlam,RATLAM,"23200516923, GOVT. HSS BIRMAWAL",प्रतिभागी,शिक्षक
BI8509,Yashwant Solanki,Ratlam,RATLAM,"23200516923, GOVT. HSS BIRMAWAL",प्रतिभागी,शिक्षक
BI4886,Neeta Borasi,Ratlam,RATLAM,"23200521225, GOVT. HSS JAWAHAR RATLAM",प्रतिभागी,शिक्षक
BI4901,Mamta Vasuniya,Ratlam,RATLAM,"23200521225, GOVT. HSS JAWAHAR RATLAM",प्रतिभागी,शिक्षक
BI5101,Jhammu Damor,Ratlam,RATLAM,"23200521225, GOVT. HSS JAWAHAR RATLAM",प्रतिभागी,शिक्षक
BI5230,Asha Sharma,Ratlam,RATLAM,"23200521225, GOVT. HSS JAWAHAR RATLAM",प्रतिभागी,शिक्षक
BI5519,Ujjwala Yadav,Ratlam,RATLAM,"23200521225, GOVT. HSS JAWAHAR RATLAM",प्रतिभागी,शिक्षक
BS6820,Saroj Adhikari,Ratlam,RATLAM,"23200521225, GOVT. HSS JAWAHAR RATLAM",प्रतिभागी,शिक्षक
BW8708,Indu Paliwal,Ratlam,RATLAM,"23200521225, GOVT. HSS JAWAHAR RATLAM",प्रतिभागी,शिक्षक
AQ4887,Rakam Chandra Bhanwar,Ratlam,RATLAM,"23200503507, GOVT. HSS DHOUNSWAS",प्रतिभागी,शिक्षक
BI4905,Anita Khant,Ratlam,RATLAM,"23200503507, GOVT. HSS DHOUNSWAS",प्रतिभागी,शिक्षक
BI5496,Shambhulal Chouhan,Ratlam,RATLAM,"23200503507, GOVT. HSS DHOUNSWAS",प्रतिभागी,शिक्षक
BI6849,Kuldeep Singh Solanki,Ratlam,RATLAM,"23200503507, GOVT. HSS DHOUNSWAS",प्रतिभागी,शिक्षक
BI7149,Ashok Kumar Tank,Ratlam,RATLAM,"23200503507, GOVT. HSS DHOUNSWAS",प्रतिभागी,शिक्षक
BI7353,Dilip Singh Sisodiya,Ratlam,RATLAM,"23200503507, GOVT. HSS DHOUNSWAS",प्रतिभागी,शिक्षक
BI7433,Prahlad Kataria,Ratlam,RATLAM,"23200503507, GOVT. HSS DHOUNSWAS",प्रतिभागी,शिक्षक
BJ1212,Philip Michal,Ratlam,RATLAM,"23200503507, GOVT. HSS DHOUNSWAS",प्रतिभागी,शिक्षक
BQ1893,Sunita Gehlot,Ratlam,RATLAM,"23200503507, GOVT. HSS DHOUNSWAS",प्रतिभागी,शिक्षक
BV6318,Sandhya Mishra,Ratlam,RATLAM,"23200503507, GOVT. HSS DHOUNSWAS",प्रतिभागी,शिक्षक
BV7931,Sunita Narle,Ratlam,RATLAM,"23200503507, GOVT. HSS DHOUNSWAS",प्रतिभागी,शिक्षक
BI4861,Nahar Khan,Ratlam,RATLAM,"23200509708, GOVT. HSS  NAGRA",प्रतिभागी,शिक्षक
BI7100,Munawwar Abbasi,Ratlam,RATLAM,"23200509708, GOVT. HSS  NAGRA",प्रतिभागी,शिक्षक
BI7101,Bhuri Harod,Ratlam,RATLAM,"23200509708, GOVT. HSS  NAGRA",प्रतिभागी,शिक्षक
BI7342,.Nasim Bano,Ratlam,RATLAM,"23200509708, GOVT. HSS  NAGRA",प्रतिभागी,शिक्षक
BI8539,Rinku Joshi,Ratlam,RATLAM,"23200509708, GOVT. HSS  NAGRA",प्रतिभागी,शिक्षक
BI9319,Sangeeta Chouhan,Ratlam,RATLAM,"23200509708, GOVT. HSS  NAGRA",प्रतिभागी,शिक्षक
BN4870,Shakeel Ahmed Siddiqui,Ratlam,RATLAM,"23200509708, GOVT. HSS  NAGRA",प्रतिभागी,शिक्षक
BP8177,Sarita Jain,Ratlam,RATLAM,"23200509708, GOVT. HSS  NAGRA",प्रतिभागी,शिक्षक
BV6306,Vijay Panchal,Ratlam,RATLAM,"23200509708, GOVT. HSS  NAGRA",प्रतिभागी,शिक्षक
BY9527,Ashok Kumar Sharma,Ratlam,RATLAM,"23200509708, GOVT. HSS  NAGRA",प्रतिभागी,शिक्षक
BI8452,Santosh Makwana,Ratlam,RATLAM,"23200514818, GOVT. HSS DHARAD",प्रतिभागी,शिक्षक
BW3871,Mamta Arora,Ratlam,RATLAM,"23200514818, GOVT. HSS DHARAD",प्रतिभागी,शिक्षक
CB2753,DHARASINGH MAIDA,Ratlam,RATLAM,"23200514818, GOVT. HSS DHARAD",प्रतिभागी,शिक्षक
BD7905,Rekha Gaurh,Ratlam,RATLAM,"23200511807, GOVT. HSS SHIVPUR",प्रतिभागी,शिक्षक
BE1708,Ishwar Lal Bhagora,Ratlam,RATLAM,"23200511807, GOVT. HSS SHIVPUR",प्रतिभागी,शिक्षक
BE1874,Alka Nigam,Ratlam,RATLAM,"23200511807, GOVT. HSS SHIVPUR",प्रतिभागी,शिक्षक
BI4720,Prahlad Chouhan,Ratlam,RATLAM,"23200511807, GOVT. HSS SHIVPUR",प्रतिभागी,शिक्षक
BJ1123,Sunil Kumar Pathak,Ratlam,RATLAM,"23200511807, GOVT. HSS SHIVPUR",प्रतिभागी,शिक्षक
BU3460,Brajesh Kumar Gour,Ratlam,RATLAM,"23200511807, GOVT. HSS SHIVPUR",प्रतिभागी,शिक्षक
BI9736,Kalavati Parmar,Ratlam,SAILANA,"23200603116, GOVT. HSS GIRLS SARWAN",प्रतिभागी,शिक्षक
CC4110,CHANCHAL PARMAR,Ratlam,SAILANA,"23200603116, GOVT. HSS GIRLS SARWAN",प्रतिभागी,शिक्षक
CC5559,RAHUL SHRIVASTAVA,Ratlam,SAILANA,"23200603116, GOVT. HSS GIRLS SARWAN",प्रतिभागी,शिक्षक
BI9880,Laxman Singh Amliyar,Ratlam,SAILANA,"23200618317, GOVT. HSS GIRLS SHIVGAR",प्रतिभागी,शिक्षक
BI9892,Lata Devda,Ratlam,SAILANA,"23200618317, GOVT. HSS GIRLS SHIVGAR",प्रतिभागी,शिक्षक
BI9983,Nanuram Hatila,Ratlam,SAILANA,"23200618317, GOVT. HSS GIRLS SHIVGAR",प्रतिभागी,शिक्षक
BQ7372, Anita Verma,Ratlam,SAILANA,"23200618317, GOVT. HSS GIRLS SHIVGAR",प्रतिभागी,शिक्षक
BU3440,Sanjay Khare,Ratlam,SAILANA,"23200618317, GOVT. HSS GIRLS SHIVGAR",प्रतिभागी,शिक्षक
CC6086,VASEEM REHMANI,Ratlam,SAILANA,"23200618317, GOVT. HSS GIRLS SHIVGAR",प्रतिभागी,शिक्षक
BI9937,Danish Khan Pathan,Ratlam,SAILANA,"23200610706, GOVT. HIGH SCHOOL KUNDA",प्रतिभागी,शिक्षक
CC2600,ANJALI GOSWAMI,Ratlam,SAILANA,"23200610706, GOVT. HIGH SCHOOL KUNDA",प्रतिभागी,शिक्षक
CC2603,JAGDISH SURYAVANSHI,Ratlam,SAILANA,"23200610706, GOVT. HIGH SCHOOL KUNDA",प्रतिभागी,शिक्षक
CC2604,CHETAN PANCHAL,Ratlam,SAILANA,"23200610706, GOVT. HIGH SCHOOL KUNDA",प्रतिभागी,शिक्षक
CC4100,BALMUKUND .,Ratlam,SAILANA,"23200610706, GOVT. HIGH SCHOOL KUNDA",प्रतिभागी,शिक्षक
CE6062,SHIVNARAYAN MEENA,Ratlam,SAILANA,"23200610706, GOVT. HIGH SCHOOL KUNDA",प्रतिभागी,शिक्षक
BI9527,Kamal Singh Makwana,Ratlam,SAILANA,"23200612209, GOVT. HSS BERDA",प्रतिभागी,शिक्षक
BT4037,Jabar Sisodiya,Ratlam,SAILANA,"23200612209, GOVT. HSS BERDA",प्रतिभागी,शिक्षक
CC4535,ASHOK TAILOR,Ratlam,SAILANA,"23200612209, GOVT. HSS BERDA",प्रतिभागी,शिक्षक
CC4538,RAJKIRAN BADODIYA,Ratlam,SAILANA,"23200612209, GOVT. HSS BERDA",प्रतिभागी,शिक्षक
CC7521,POOJA PANWAR,Ratlam,SAILANA,"23200612209, GOVT. HSS BERDA",प्रतिभागी,शिक्षक
BI9304,Manju Kumawat,Ratlam,SAILANA,"23200603115, GOVT. HSS BOYS SARWAN",प्रतिभागी,शिक्षक
BK1882,Lalit Prasad Panchal,Ratlam,SAILANA,"23200603115, GOVT. HSS BOYS SARWAN",प्रतिभागी,शिक्षक
BU4631,Kiran Thakur,Ratlam,SAILANA,"23200603115, GOVT. HSS BOYS SARWAN",प्रतिभागी,शिक्षक
BV6688,Mahesh Chandra Vashist,Ratlam,SAILANA,"23200603115, GOVT. HSS BOYS SARWAN",प्रतिभागी,शिक्षक
BV7689,Shailendrasingh Chandrawat,Ratlam,SAILANA,"23200603115, GOVT. HSS BOYS SARWAN",प्रतिभागी,शिक्षक
BY8929,Chhaganlal Jaiswal,Ratlam,SAILANA,"23200603115, GOVT. HSS BOYS SARWAN",प्रतिभागी,शिक्षक
BI9136,Mukesh Kumar Rathore,Ratlam,SAILANA,"23200624503, GOVT. EXCELLENCE BOYS HSS SAILANA",प्रतिभागी,शिक्षक
BI9620,Kailash Chandra Dabi,Ratlam,SAILANA,"23200624503, GOVT. EXCELLENCE BOYS HSS SAILANA",प्रतिभागी,शिक्षक
CD9072,MAHESH VARMA,Ratlam,SAILANA,"23200624503, GOVT. EXCELLENCE BOYS HSS SAILANA",प्रतिभागी,शिक्षक
BI4428,RAJYAPAL SINGH CHOUHAN,Ratlam,SAILANA,"23200621812, GOVT. HS BASINDRA",प्रतिभागी,शिक्षक
BJ1021,Dilip Tatawat,Ratlam,SAILANA,"23200621812, GOVT. HS BASINDRA",प्रतिभागी,शिक्षक
CC2597,MUKESH PARIHAR,Ratlam,SAILANA,"23200621812, GOVT. HS BASINDRA",प्रतिभागी,शिक्षक
BI4423,Kiran Patidar,Ratlam,SAILANA,"23200623404, GOVT HIGH SCHOOL BHILOKIKHEDI",प्रतिभागी,शिक्षक
BI9348,Sampat Malviya,Ratlam,SAILANA,"23200623404, GOVT HIGH SCHOOL BHILOKIKHEDI",प्रतिभागी,शिक्षक
BJ1036,Puranmal Chauhan,Ratlam,SAILANA,"23200623404, GOVT HIGH SCHOOL BHILOKIKHEDI",प्रतिभागी,शिक्षक
BP1352,Sanjay Ninama,Ratlam,SAILANA,"23200623404, GOVT HIGH SCHOOL BHILOKIKHEDI",प्रतिभागी,शिक्षक
CC2137,SUNITA NAKWAL,Ratlam,SAILANA,"23200623404, GOVT HIGH SCHOOL BHILOKIKHEDI",प्रतिभागी,शिक्षक
CC6495,SARIKA KOPARGOANKAR,Ratlam,SAILANA,"23200623404, GOVT HIGH SCHOOL BHILOKIKHEDI",प्रतिभागी,शिक्षक
BJ1049,Knhyalal Singhar,Ratlam,SAILANA,"23200618318, G.B.H.S.S. SHIVGARH",प्रतिभागी,शिक्षक
CC5477,POONAM PARIHAR,Ratlam,SAILANA,"23200618318, G.B.H.S.S. SHIVGARH",प्रतिभागी,शिक्षक
CC5478,BHUPENDRA TRIVEDI,Ratlam,SAILANA,"23200618318, G.B.H.S.S. SHIVGARH",प्रतिभागी,शिक्षक
CF1167,SARTAJ BEE,Ratlam,SAILANA,"23200618318, G.B.H.S.S. SHIVGARH",प्रतिभागी,शिक्षक
CF7346,POOJA GURJAR,Ratlam,SAILANA,"23200618318, G.B.H.S.S. SHIVGARH",प्रतिभागी,शिक्षक
BI9349,Sarita Mohiniya,Ratlam,SAILANA,"23200605606, GOVT. HSS SAKRAVDA",प्रतिभागी,बीएसी
BI9394,Ramchandra Maida,Ratlam,SAILANA,"23200605606, GOVT. HSS SAKRAVDA",प्रतिभागी,शिक्षक
BI9596,Amrat Malvi,Ratlam,SAILANA,"23200605606, GOVT. HSS SAKRAVDA",प्रतिभागी,शिक्षक
BI9815,Sunita Patel,Ratlam,SAILANA,"23200605606, GOVT. HSS SAKRAVDA",प्रतिभागी,शिक्षक
CC9037,RAHUL PARIHAR,Ratlam,SAILANA,"23200605606, GOVT. HSS SAKRAVDA",प्रतिभागी,शिक्षक
AW9036,Bhagwandeen Kushwaha,Rewa,GANGEO,"23140813107, GOVT. HSS  UNCHATOLA",प्रतिभागी,शिक्षक
BC1129,Ram Kishor Saket,Rewa,GANGEO,"23140813107, GOVT. HSS  UNCHATOLA",प्रतिभागी,शिक्षक
BU4489,Beerendra Kumar Soni,Rewa,GANGEO,"23140813107, GOVT. HSS  UNCHATOLA",प्रतिभागी,शिक्षक
AW8741,Sumeshwar Prasad Kol,Rewa,GANGEO,"23140811903, GOVT. HSS JODAURI",प्रतिभागी,शिक्षक
BU7861,Kunj Bihari Patel,Rewa,GANGEO,"23140811903, GOVT. HSS JODAURI",प्रतिभागी,शिक्षक
CA9937,PRADEEP TIWARI,Rewa,GANGEO,"23140811903, GOVT. HSS JODAURI",प्रतिभागी,अन्य
CB3530,ROSHANLAL KOL,Rewa,GANGEO,"23140811903, GOVT. HSS JODAURI",प्रतिभागी,शिक्षक
AW9502,Rekha Mishra,Rewa,GANGEO,"23140816707, GOVT. HSS. MAUHARIYA",प्रतिभागी,शिक्षक
AW9568,Rani Tiwari,Rewa,GANGEO,"23140816707, GOVT. HSS. MAUHARIYA",प्रतिभागी,शिक्षक
BP8845,Uma Shankar Mishra,Rewa,GANGEO,"23140816707, GOVT. HSS. MAUHARIYA",प्रतिभागी,शिक्षक
AW6729,Rajendra Pd Mishra,Rewa,GANGEO,"23140801807, GOVT. HSS BELWA BADGAIYAN",प्रतिभागी,शिक्षक
AW9410,Indra Dwivedi,Rewa,GANGEO,"23140801807, GOVT. HSS BELWA BADGAIYAN",प्रतिभागी,शिक्षक
BU8877,Urmila Verma,Rewa,GANGEO,"23140801807, GOVT. HSS BELWA BADGAIYAN",प्रतिभागी,शिक्षक
AX2142,Prashant Singh,Rewa,GANGEO,"23140810311, GOVT. HS DEWAS",प्रतिभागी,शिक्षक
BC1609,Alpna Mishra,Rewa,GANGEO,"23140815411, GOVT. HSS RAGHUNATH GANJ",प्रतिभागी,शिक्षक
AS8671,Gayatri Dixit,Rewa,GANGEO,"23140800919, GOVT. HSS BOYS, MANGAWA",प्रतिभागी,शिक्षक
AX1047,Santosh Kumar Sen,Rewa,GANGEO,"23140800919, GOVT. HSS BOYS, MANGAWA",प्रतिभागी,शिक्षक
CC3367,NEELAM MISHRA,Rewa,GANGEO,"23140800919, GOVT. HSS BOYS, MANGAWA",प्रतिभागी,शिक्षक
CD9083,SUSHEEL BAHROLIYA,Rewa,GANGEO,"23140800919, GOVT. HSS BOYS, MANGAWA",प्रतिभागी,शिक्षक
AW8593,Ram Milan Kol,Rewa,GANGEO,"23140806808, GOVT. HSS PATAI",प्रतिभागी,शिक्षक
AW8591,Lakshmi Narayan Tiwari,Rewa,GANGEO,"23140806710, GOVT. HSS HINOUTI",प्रतिभागी,शिक्षक
AW9666,Nagendra Prasad Kol,Rewa,GANGEO,"23140801405, GOVT. HSS JORAUT",प्रतिभागी,शिक्षक
AX4161,Krishna Mani Pandey,Rewa,HANUMANA,"23140707517, GOVT. HSS RR DWIVEDI GAURI",प्रतिभागी,शिक्षक
AX5150,Raj Kumar Kol,Rewa,HANUMANA,"23140707517, GOVT. HSS RR DWIVEDI GAURI",प्रतिभागी,शिक्षक
BB7439,Shivraj Bahadur Singh,Rewa,HANUMANA,"23140707517, GOVT. HSS RR DWIVEDI GAURI",प्रतिभागी,शिक्षक
BP2639,Vijay Kumar Dwivedi,Rewa,HANUMANA,"23140707517, GOVT. HSS RR DWIVEDI GAURI",प्रतिभागी,शिक्षक
BT4396,Deep Kumar Dwivedi,Rewa,HANUMANA,"23140707517, GOVT. HSS RR DWIVEDI GAURI",प्रतिभागी,शिक्षक
AX3488,Dhanpati Prasad Kumhar,Rewa,HANUMANA,"23140702915, GOVT. HSS  BARAON",प्रतिभागी,शिक्षक
BB7425,Krishan Kumar Singh,Rewa,HANUMANA,"23140702915, GOVT. HSS  BARAON",प्रतिभागी,शिक्षक
BC4970,Anju Tripathi,Rewa,HANUMANA,"23140702915, GOVT. HSS  BARAON",प्रतिभागी,शिक्षक
BX5475,Vidya Kant Tiwari,Rewa,HANUMANA,"23140702915, GOVT. HSS  BARAON",प्रतिभागी,शिक्षक
BZ4680,Manoj Pandey,Rewa,HANUMANA,"23140702915, GOVT. HSS  BARAON",प्रतिभागी,शिक्षक
BP1644,Sugreev Harijan,Rewa,HANUMANA,"23140705033, GOVT. HSS  KHATKHARI",प्रतिभागी,शिक्षक
BS4132,Shridhar Patel,Rewa,HANUMANA,"23140705033, GOVT. HSS  KHATKHARI",प्रतिभागी,शिक्षक
BU5335,Ram Bhuwan Patel,Rewa,HANUMANA,"23140705033, GOVT. HSS  KHATKHARI",प्रतिभागी,शिक्षक
AX3710,Prem Lal Kol,Rewa,HANUMANA,"23140712305, GOVT HSS PRATAPGANJ",प्रतिभागी,शिक्षक
AX3727,Rambhajan Kol,Rewa,HANUMANA,"23140712305, GOVT HSS PRATAPGANJ",प्रतिभागी,शिक्षक
BW9964,Vijay Shanker Tiwari,Rewa,HANUMANA,"23140712305, GOVT HSS PRATAPGANJ",प्रतिभागी,शिक्षक
AX5136,Ramesh Kumar Mishra,Rewa,HANUMANA,"23140719926, GOVT. HSS  GIRLS,  HANUMANA",प्रतिभागी,शिक्षक
BC4999,Jitendra Mani Tiwari,Rewa,HANUMANA,"23140719926, GOVT. HSS  GIRLS,  HANUMANA",प्रतिभागी,शिक्षक
BC6753,Rajeshwar Prasad Kol,Rewa,HANUMANA,"23140719926, GOVT. HSS  GIRLS,  HANUMANA",प्रतिभागी,शिक्षक
BO1713,Brijesh Singh Sengar,Rewa,HANUMANA,"23140719926, GOVT. HSS  GIRLS,  HANUMANA",प्रतिभागी,शिक्षक
AV5195,Shiv Dhar Dwivedi,Rewa,HANUMANA,"23140717502, GOVT. HS TILAIYA",प्रतिभागी,शिक्षक
BC1476,Shiv Shankar Mishra,Rewa,HANUMANA,"23140717502, GOVT. HS TILAIYA",प्रतिभागी,शिक्षक
BO8277,Suneeta Kol,Rewa,HANUMANA,"23140717502, GOVT. HS TILAIYA",प्रतिभागी,शिक्षक
BU3843,Raghvendra Pathak,Rewa,HANUMANA,"23140717502, GOVT. HS TILAIYA",प्रतिभागी,शिक्षक
BX3107,Siyaram Harijan,Rewa,HANUMANA,"23140717502, GOVT. HS TILAIYA",प्रतिभागी,शिक्षक
BX6230,Anil Kumar Prajapati,Rewa,HANUMANA,"23140717502, GOVT. HS TILAIYA",प्रतिभागी,शिक्षक
AW8285,Ramashankar Mishra,Rewa,JAWA,"23140910908, GOVT. HSS EXCELLENCE, SITLAHA",प्रतिभागी,शिक्षक
AW9917,Sugriv Pd Kol,Rewa,JAWA,"23140900729, GOVT. HSS DABHAURA",प्रतिभागी,शिक्षक
AW9921,Ram Bhuwan Kol,Rewa,JAWA,"23140900729, GOVT. HSS DABHAURA",प्रतिभागी,शिक्षक
AW9973,Shiv Prasad Kol,Rewa,JAWA,"23140900729, GOVT. HSS DABHAURA",प्रतिभागी,शिक्षक
BC3277,Keshav Lal Saket,Rewa,JAWA,"23140900729, GOVT. HSS DABHAURA",प्रतिभागी,शिक्षक
BS9265,Vinod Kumar Dubey,Rewa,JAWA,"23140900729, GOVT. HSS DABHAURA",प्रतिभागी,शिक्षक
CA2722,MANOJ KUMAR PRAJAPATI,Rewa,JAWA,"23140900729, GOVT. HSS DABHAURA",प्रतिभागी,शिक्षक
AW5697,Umesh Bahadur Singh,Rewa,JAWA,"23140900728, GOVT. HS GIRLS, DABHAURA",प्रतिभागी,शिक्षक
AW9325,Ramlal Soni,Rewa,JAWA,"23140900728, GOVT. HS GIRLS, DABHAURA",प्रतिभागी,शिक्षक
BM9638,Chhedi Lal Kol,Rewa,JAWA,"23140900728, GOVT. HS GIRLS, DABHAURA",प्रतिभागी,शिक्षक
BP4605,Gaurishankar Kol,Rewa,JAWA,"23140900728, GOVT. HS GIRLS, DABHAURA",प्रतिभागी,शिक्षक
AW8087,Prakash Chandra Tripathi,Rewa,JAWA,"23140909109, GOVT. HSS PANWAR",प्रतिभागी,शिक्षक
AW7497,Shashikala Mishra,Rewa,JAWA,"23140909609, GOVT. HSS  CHANDI",प्रतिभागी,शिक्षक
AS9082,Deepchand Kol,Rewa,JAWA,"23140916232, GOVT HSS BHANIGAWAN",प्रतिभागी,शिक्षक
AW7043,Kashi Prasad,Rewa,JAWA,"23140903306, GOVT. HSS  BARAHULA",प्रतिभागी,शिक्षक
AW7113,Kamala Kant Ahirwar,Rewa,JAWA,"23140903306, GOVT. HSS  BARAHULA",प्रतिभागी,शिक्षक
AW7136,Ramesh Prasad Tiwari,Rewa,JAWA,"23140903306, GOVT. HSS  BARAHULA",प्रतिभागी,शिक्षक
BP1860,Manju Deepankar,Rewa,JAWA,"23140903306, GOVT. HSS  BARAHULA",प्रतिभागी,शिक्षक
AW7494,Shivpal Verma,Rewa,JAWA,"23140902404, GOVT. HS  KANCHANPUR",प्रतिभागी,शिक्षक
BP1843,Amritlal Kori,Rewa,JAWA,"23140902404, GOVT. HS  KANCHANPUR",प्रतिभागी,शिक्षक
BP1853,Tirath Lal,Rewa,JAWA,"23140902404, GOVT. HS  KANCHANPUR",प्रतिभागी,शिक्षक
BU3557,Kiran Singh,Rewa,JAWA,"23140905619, GOVT. HSS  PATEHARA",प्रतिभागी,शिक्षक
BR4226,Harinath Shukla,Rewa,JAWA,"23140905813, GOVT. HSS  PURAUNA",प्रतिभागी,शिक्षक
AW5577,Satyendra Kumar Tripathi,Rewa,JAWA,"23140906408, GOVT. HS ITAMA",प्रतिभागी,शिक्षक
AW5590,Ravendra Prasad Pandey,Rewa,JAWA,"23140906408, GOVT. HS ITAMA",प्रतिभागी,शिक्षक
AW5595,Shridhar Sharma,Rewa,JAWA,"23140906408, GOVT. HS ITAMA",प्रतिभागी,शिक्षक
AX3660,Krishnakant Patel,Rewa,MAUGANJ,"23140303706, GOVT.  HSS DUGAWAN KURMIAN",प्रतिभागी,शिक्षक
AX4636,Ram Naresh Gupta,Rewa,MAUGANJ,"23140303706, GOVT.  HSS DUGAWAN KURMIAN",प्रतिभागी,शिक्षक
AX4646,Aruna Tripathi,Rewa,MAUGANJ,"23140303706, GOVT.  HSS DUGAWAN KURMIAN",प्रतिभागी,शिक्षक
BC6738,Shiv Dayal Patel,Rewa,MAUGANJ,"23140303706, GOVT.  HSS DUGAWAN KURMIAN",प्रतिभागी,शिक्षक
BU2947,Arti Tiwari,Rewa,MAUGANJ,"23140303008, GOVT. HSS RATANGAWAN",प्रतिभागी,शिक्षक
BR6229,Pushpa Mishra,Rewa,MAUGANJ,"23140306509, GOVT. HS  PATPARA",प्रतिभागी,शिक्षक
CB1038,SAURABH TIWARI,Rewa,MAUGANJ,"23140306509, GOVT. HS  PATPARA",प्रतिभागी,शिक्षक
AW7777,Dayashankar Tiwari,Rewa,MAUGANJ,"23140301815, GOVT. HS GIRLS,   DEOTALAB",प्रतिभागी,शिक्षक
AX4774,Ramaniwas Tiwari,Rewa,MAUGANJ,"23140301814, GOVT.  HSS BOYS,  DEOTALAB",प्रतिभागी,शिक्षक
AW8805,Kripa Shnkar Dhar Dwivedi,Rewa,NAIGARHI,"23140500110, GOVT. HSS PHOOL",प्रतिभागी,शिक्षक
AW9979,Arvind Kumar Mishra,Rewa,NAIGARHI,"23140500110, GOVT. HSS PHOOL",प्रतिभागी,शिक्षक
BV1118,Anjula Singh,Rewa,NAIGARHI,"23140500110, GOVT. HSS PHOOL",प्रतिभागी,शिक्षक
AW3381,Kamal Nayan Majhi,Rewa,NAIGARHI,"23140510017, GOVT. HSS GIRLS, NAIGARHI",प्रतिभागी,शिक्षक
AX4976,Abhayraj Saket,Rewa,NAIGARHI,"23140510016, GOVT. HSS EXCELLENCE, NAIGARHI",प्रतिभागी,सीएसी
BX1936,Samarath Nath Goswami,Rewa,NAIGARHI,"23140505507, GOVT. HSS  ITAHA KALA",प्रतिभागी,शिक्षक
AW9814,Rajkumari Rawat,Rewa,NAIGARHI,"23140504911, GOVT.  HS PHULAHA",प्रतिभागी,शिक्षक
AW9816,Mahendra Kumar Tiwari,Rewa,NAIGARHI,"23140504911, GOVT.  HS PHULAHA",प्रतिभागी,शिक्षक
AX1821,Munnu Ram Adivashi,Rewa,NAIGARHI,"23140504911, GOVT.  HS PHULAHA",प्रतिभागी,शिक्षक
AX1801,Rajesh Kol,Rewa,NAIGARHI,"23140506111, GOVT.  HSS KHARRA",प्रतिभागी,शिक्षक
AX1819,Brijbhushan Prasad Kol,Rewa,NAIGARHI,"23140506111, GOVT.  HSS KHARRA",प्रतिभागी,शिक्षक
AX2175,Rajendra Prasad Saket,Rewa,NAIGARHI,"23140507603, GOVT HSS BANDHAWA",प्रतिभागी,शिक्षक
AX2289,Balgovind Prasad Saket,Rewa,NAIGARHI,"23140507603, GOVT HSS BANDHAWA",प्रतिभागी,शिक्षक
BU8649,Dinesh Kumar Harijan,Rewa,NAIGARHI,"23140507603, GOVT HSS BANDHAWA",प्रतिभागी,शिक्षक
AW2452,Manjulata Pandey,Rewa,RAIPUR(K),"23140200407, GOVT. HSS  ANJAN GANGAHARA",प्रतिभागी,शिक्षक
AX4062,Brijesh Kumar Pandey,Rewa,RAIPUR(K),"23140200407, GOVT. HSS  ANJAN GANGAHARA",प्रतिभागी,शिक्षक
BE8292,Kamlesh Kumar Mishra,Rewa,RAIPUR(K),"23140200407, GOVT. HSS  ANJAN GANGAHARA",प्रतिभागी,शिक्षक
BO3455,Aneeta Devi,Rewa,RAIPUR(K),"23140200407, GOVT. HSS  ANJAN GANGAHARA",प्रतिभागी,शिक्षक
AV3928,Arti Tiwari,Rewa,RAIPUR(K),"23140201920, GOVT.  HSS RAURA",प्रतिभागी,शिक्षक
AX4017,Sarjan Prasad Agnihotri,Rewa,RAIPUR(K),"23140201920, GOVT.  HSS RAURA",प्रतिभागी,शिक्षक
AX4099,Sarita Dwivedi,Rewa,RAIPUR(K),"23140201920, GOVT.  HSS RAURA",प्रतिभागी,शिक्षक
BH9888,ASHUTOSH SHUKLA,Rewa,RAIPUR(K),"23140201920, GOVT.  HSS RAURA",प्रतिभागी,शिक्षक
BU7396,Krishna Kumar Verma,Rewa,RAIPUR(K),"23140201920, GOVT.  HSS RAURA",प्रतिभागी,शिक्षक
AX4314,Shivendra Singh,Rewa,RAIPUR(K),"23140209907, GOVT. HS BUDHIYA",प्रतिभागी,शिक्षक
AX3039,Sheshmani Patel,Rewa,RAIPUR(K),"23140209404, GOVT. HS  SURSA",प्रतिभागी,शिक्षक
BS8408,Rimple Mishra,Rewa,RAIPUR(K),"23140209404, GOVT. HS  SURSA",प्रतिभागी,शिक्षक
AX4011,Archna Verma,Rewa,RAIPUR(K),"23140203818, GOVT. HSS  EXCELLENCE, RAPUR KAR.",प्रतिभागी,शिक्षक
BC5318,Seema Singh,Rewa,RAIPUR(K),"23140203818, GOVT. HSS  EXCELLENCE, RAPUR KAR.",प्रतिभागी,शिक्षक
BM9760,Mahendra Kumar Patel,Rewa,RAIPUR(K),"23140203818, GOVT. HSS  EXCELLENCE, RAPUR KAR.",प्रतिभागी,शिक्षक
BX3726,Bhavana Patel,Rewa,RAIPUR(K),"23140203818, GOVT. HSS  EXCELLENCE, RAPUR KAR.",प्रतिभागी,शिक्षक
BU6473,Anil Kumar Patel,Rewa,RAIPUR(K),"23140203817, GOVT. HSS GIRLS, RAIPUR KAR.",प्रतिभागी,शिक्षक
AX3035,Yuvraj Singh,Rewa,RAIPUR(K),"23140215407, GOVT. HS TIWARIGAWAN",प्रतिभागी,शिक्षक
AX2992,Santosh Kumar Tripathi,Rewa,RAIPUR(K),"23140216025, GOVT. HSS RAGHURAJGARH",प्रतिभागी,शिक्षक
AX4442,Lalji Kol,Rewa,RAIPUR(K),"23140220210, GOVT. HSS  MANIKWAR",प्रतिभागी,शिक्षक
BH7933,Vijay Laxmi Mishra,Rewa,RAIPUR(K),"23140220210, GOVT. HSS  MANIKWAR",प्रतिभागी,शिक्षक
BP7099,Sheela Dubey,Rewa,RAIPUR(K),"23140220210, GOVT. HSS  MANIKWAR",प्रतिभागी,शिक्षक
AX3785,Ram Milan Saket,Rewa,RAIPUR(K),"23140226802, GOVT. HSS BOYS, GURH",प्रतिभागी,शिक्षक
AX3827,Ambuj Kumar Pandey,Rewa,RAIPUR(K),"23140226802, GOVT. HSS BOYS, GURH",प्रतिभागी,शिक्षक
AW5431,Indra Pratap Singh Chandel,Rewa,REWA,"23140107003, GOVT. HS CHUA PARIHARIN TOLA",प्रतिभागी,शिक्षक
BC4763,Sandip Dubey,Rewa,REWA,"23140107003, GOVT. HS CHUA PARIHARIN TOLA",प्रतिभागी,शिक्षक
BN2796,Radhikesh Pandey,Rewa,REWA,"23140107003, GOVT. HS CHUA PARIHARIN TOLA",प्रतिभागी,शिक्षक
AW6737,Sant Das Pandey,Rewa,REWA,"23140126711, GOVT. HSS MARTAND NO.-3, REWA",प्रतिभागी,शिक्षक
AW8530,Geeta Chaudhary,Rewa,REWA,"23140126711, GOVT. HSS MARTAND NO.-3, REWA",प्रतिभागी,शिक्षक
BC6739,Mohini Patel,Rewa,REWA,"23140126711, GOVT. HSS MARTAND NO.-3, REWA",प्रतिभागी,शिक्षक
BP5601,Vinod Kumar Singh,Rewa,REWA,"23140126711, GOVT. HSS MARTAND NO.-3, REWA",प्रतिभागी,शिक्षक
BU7566,Rajesh Kumar Rajak,Rewa,REWA,"23140126711, GOVT. HSS MARTAND NO.-3, REWA",प्रतिभागी,शिक्षक
BV7065,Manorama Mishra,Rewa,REWA,"23140126711, GOVT. HSS MARTAND NO.-3, REWA",प्रतिभागी,शिक्षक
AW7331,Rashmi Singh,Rewa,REWA,"23140126710, GOVT. HSS MARTAND NO.-2 REWA",प्रतिभागी,शिक्षक
BP3455,Deepak Mishra,Rewa,REWA,"23140126710, GOVT. HSS MARTAND NO.-2 REWA",प्रतिभागी,शिक्षक
CC3545,JAY PANDEY,Rewa,REWA,"23140126710, GOVT. HSS MARTAND NO.-2 REWA",प्रतिभागी,शिक्षक
AW4545,Manish Kumar Verma,Rewa,REWA,"23140110310, GOVT. HSS NIPANIYA",प्रतिभागी,शिक्षक
AW8498,Prahlad Kumar,Rewa,REWA,"23140110310, GOVT. HSS NIPANIYA",प्रतिभागी,शिक्षक
AW8506,Ranjana Ravi,Rewa,REWA,"23140110310, GOVT. HSS NIPANIYA",प्रतिभागी,शिक्षक
BC1613,Ekta Shukla,Rewa,REWA,"23140110310, GOVT. HSS NIPANIYA",प्रतिभागी,शिक्षक
BC2140,Santhosh Kumar Manjhi,Rewa,REWA,"23140110310, GOVT. HSS NIPANIYA",प्रतिभागी,शिक्षक
BC7059,Avantika Patel,Rewa,REWA,"23140110310, GOVT. HSS NIPANIYA",प्रतिभागी,शिक्षक
BM9747,Sangeeta Singh,Rewa,REWA,"23140110310, GOVT. HSS NIPANIYA",प्रतिभागी,शिक्षक
BU2945,Ramyash Pal,Rewa,REWA,"23140110310, GOVT. HSS NIPANIYA",प्रतिभागी,शिक्षक
AN8666,Mamta Patel,Rewa,REWA,"23140121308, GOVT. HSS  AGDAL",प्रतिभागी,शिक्षक
AW7181,Rakesh Kumar Shukla,Rewa,REWA,"23140121308, GOVT. HSS  AGDAL",प्रतिभागी,शिक्षक
BV7076,Om Prakash Mishra,Rewa,REWA,"23140121308, GOVT. HSS  AGDAL",प्रतिभागी,शिक्षक
BW8619,Santosh Kumar Shukla,Rewa,REWA,"23140121308, GOVT. HSS  AGDAL",प्रतिभागी,शिक्षक
CA2735,Nisha Pathak,Rewa,REWA,"23140121308, GOVT. HSS  AGDAL",प्रतिभागी,शिक्षक
AW8535,Poonam Verma,Rewa,REWA,"23140101808, GOVT. HSS DIHIYA",प्रतिभागी,शिक्षक
BF4300,Rajeev Kumar Mishra,Rewa,REWA,"23140101808, GOVT. HSS DIHIYA",प्रतिभागी,शिक्षक
BU3311,Sandeep Kumar Agnihotri,Rewa,REWA,"23140101808, GOVT. HSS DIHIYA",प्रतिभागी,शिक्षक
CB1838,ANKITA PANDEY,Rewa,REWA,"23140105007, GOVT. HSS SILPARA",प्रतिभागी,शिक्षक
AT4136,Ramlala Yadav,Rewa,REWA,"23140120012, GOVT. HSS GIRLS,  P.K. REWA",प्रतिभागी,शिक्षक
AW2390,Prabha Tiwari,Rewa,REWA,"23140120012, GOVT. HSS GIRLS,  P.K. REWA",प्रतिभागी,शिक्षक
AX1046,Neelima Sohgaura,Rewa,REWA,"23140120012, GOVT. HSS GIRLS,  P.K. REWA",प्रतिभागी,शिक्षक
BB7733,Sunita Singh,Rewa,REWA,"23140120012, GOVT. HSS GIRLS,  P.K. REWA",प्रतिभागी,शिक्षक
BW5582,Aashish Pandey,Rewa,REWA,"23140120012, GOVT. HSS GIRLS,  P.K. REWA",प्रतिभागी,शिक्षक
BX7254,Shaily Sharma,Rewa,REWA,"23140120012, GOVT. HSS GIRLS,  P.K. REWA",प्रतिभागी,शिक्षक
CB7439,HRITIKA TIWARI,Rewa,REWA,"23140120012, GOVT. HSS GIRLS,  P.K. REWA",प्रतिभागी,शिक्षक
AT4385,Janhvi Dwivedi,Rewa,REWA,"23140107217, GOVT. HSS MAHSAON",प्रतिभागी,शिक्षक
AW2168,Renu Verma,Rewa,REWA,"23140107217, GOVT. HSS MAHSAON",प्रतिभागी,शिक्षक
AW7970,Brijesh Pratap Singh,Rewa,REWA,"23140107217, GOVT. HSS MAHSAON",प्रतिभागी,शिक्षक
BU2021,Rakshambika Soni,Rewa,REWA,"23140107217, GOVT. HSS MAHSAON",प्रतिभागी,शिक्षक
BU3563,Sunita Patel,Rewa,REWA,"23140107217, GOVT. HSS MAHSAON",प्रतिभागी,शिक्षक
AW6718,Prabha Shankar Urmaliya,Rewa,REWA,"23140120916, GOVT. HSS  GODAHAR",प्रतिभागी,शिक्षक
BC6275,Shraddha Mishra,Rewa,REWA,"23140120916, GOVT. HSS  GODAHAR",प्रतिभागी,शिक्षक
BS8396,Sarita Lakhera Laxkar,Rewa,REWA,"23140120916, GOVT. HSS  GODAHAR",प्रतिभागी,शिक्षक
AW7727,Nirmala Jatav,Rewa,REWA,"23140110603, GOVT. HSS SHIVPURWA",प्रतिभागी,शिक्षक
AX4794,Rajesh Kumar Gupta,Rewa,REWA,"23140110603, GOVT. HSS SHIVPURWA",प्रतिभागी,शिक्षक
BS8415,Raj Kumari,Rewa,REWA,"23140110603, GOVT. HSS SHIVPURWA",प्रतिभागी,शिक्षक
AM1470,Shakun Kumrey,Rewa,REWA,"23140114308, GOVT. HSS PAIPAKHARA",प्रतिभागी,शिक्षक
AV3540,Dheerendra Kumar Saket,Rewa,REWA,"23140114308, GOVT. HSS PAIPAKHARA",प्रतिभागी,शिक्षक
AV5233,Pushpendra Pratap Singh,Rewa,REWA,"23140114308, GOVT. HSS PAIPAKHARA",प्रतिभागी,शिक्षक
AW6774,Suresh Chandra Tiwari,Rewa,REWA,"23140114308, GOVT. HSS PAIPAKHARA",प्रतिभागी,शिक्षक
BU3421,Muni Prasad Pandey,Rewa,REWA,"23140114308, GOVT. HSS PAIPAKHARA",प्रतिभागी,शिक्षक
BY2108,Poonam Shukla,Rewa,REWA,"23140114308, GOVT. HSS PAIPAKHARA",प्रतिभागी,शिक्षक
AW4951,Neelam Tripathi,Rewa,REWA,"23140104803, GOVT. HSS GIRLS, SK REWA",प्रतिभागी,शिक्षक
BP1518,Sarita Dubey,Rewa,REWA,"23140104803, GOVT. HSS GIRLS, SK REWA",प्रतिभागी,शिक्षक
BV7557,Pragya Singh,Rewa,REWA,"23140104803, GOVT. HSS GIRLS, SK REWA",प्रतिभागी,शिक्षक
BX4772,Vishnu Kant Sharma,Rewa,REWA,"23140104803, GOVT. HSS GIRLS, SK REWA",प्रतिभागी,शिक्षक
AW7334,Jitendra Singh,Rewa,REWA,"23140112111, GOVT. HSS RAHAT",प्रतिभागी,अन्य
AX4068,Anand Kumar Dwivedi,Rewa,REWA,"23140112111, GOVT. HSS RAHAT",प्रतिभागी,शिक्षक
BU4682,Archana Tiwari,Rewa,REWA,"23140112111, GOVT. HSS RAHAT",प्रतिभागी,शिक्षक
BZ7649,Sapna Mishra,Rewa,REWA,"23140112111, GOVT. HSS RAHAT",प्रतिभागी,अन्य
AW2159,Neelam Kumar Dixit,Rewa,REWA,"23140125104, GOVT. HSS NO.1 REWA",प्रतिभागी,शिक्षक
AW7776,Rajbhan Kushwaha,Rewa,REWA,"23140125104, GOVT. HSS NO.1 REWA",प्रतिभागी,शिक्षक
AW7977,Maneesha Kushwaha,Rewa,REWA,"23140125104, GOVT. HSS NO.1 REWA",प्रतिभागी,शिक्षक
CA2686,Anuradha Mishra,Rewa,REWA,"23140125104, GOVT. HSS NO.1 REWA",प्रतिभागी,शिक्षक
AW2337,Sujeet Kumar,Rewa,REWA,"23140101211, GOVT. HSS BOYS, PUSHPRAJ GOVINDGARH",प्रतिभागी,शिक्षक
AW4206,Mahendra Prasad Mishra,Rewa,REWA,"23140101211, GOVT. HSS BOYS, PUSHPRAJ GOVINDGARH",प्रतिभागी,शिक्षक
AW6179,Manisha Dubey,Rewa,REWA,"23140101211, GOVT. HSS BOYS, PUSHPRAJ GOVINDGARH",प्रतिभागी,शिक्षक
BP1292,Baby Teenaz Khan,Rewa,REWA,"23140101211, GOVT. HSS BOYS, PUSHPRAJ GOVINDGARH",प्रतिभागी,शिक्षक
AW6583,Bharati Dwivedi,Rewa,SIRMOUR,"23140402024, GOVT. HSS GIRLS, SEMARIYA",प्रतिभागी,शिक्षक
BR8297,Manoj Dwivedi,Rewa,SIRMOUR,"23140402024, GOVT. HSS GIRLS, SEMARIYA",प्रतिभागी,शिक्षक
AV3091,Ajay Kumar Mishra,Rewa,SIRMOUR,"23140408607, GOVT. HSS HARDI KAPSA",प्रतिभागी,शिक्षक
BX7259,Umesh Kali Singh,Rewa,SIRMOUR,"23140408607, GOVT. HSS HARDI KAPSA",प्रतिभागी,शिक्षक
BX7261,Ramkalesh Kushwaha,Rewa,SIRMOUR,"23140408607, GOVT. HSS HARDI KAPSA",प्रतिभागी,शिक्षक
AW4761,Kuldeep Tripathi,Rewa,SIRMOUR,"23140417804, GOVT. HSS DR. AMB. BAROUN",प्रतिभागी,शिक्षक
BU5947,Arti Shukla,Rewa,SIRMOUR,"23140417804, GOVT. HSS DR. AMB. BAROUN",प्रतिभागी,शिक्षक
BZ5356,Mahendra Kumar Tiwari,Rewa,SIRMOUR,"23140411803, GOVT. HSS TILKHAN",प्रतिभागी,शिक्षक
AW4341,Laxmi Narayan Pandey,Rewa,SIRMOUR,"23140417005, GOVT. HSS  EXCELLENCE, SIRMOUR",प्रतिभागी,शिक्षक
BO5598,Raj Kumar Kol,Rewa,SIRMOUR,"23140417005, GOVT. HSS  EXCELLENCE, SIRMOUR",प्रतिभागी,शिक्षक
BP1624,Govind SHUKLA,Rewa,SIRMOUR,"23140417005, GOVT. HSS  EXCELLENCE, SIRMOUR",प्रतिभागी,शिक्षक
BU3990,Sunil Kumar Shrivastava,Rewa,SIRMOUR,"23140417005, GOVT. HSS  EXCELLENCE, SIRMOUR",प्रतिभागी,शिक्षक
CD2212,GAURI KATARIA,Rewa,SIRMOUR,"23140417005, GOVT. HSS  EXCELLENCE, SIRMOUR",प्रतिभागी,शिक्षक
BO8744,Rajendra Saket,Rewa,SIRMOUR,"23140413206, GOVT HSS BADI HARDI",प्रतिभागी,शिक्षक
BU2634,Ashok Kumar Sen,Rewa,SIRMOUR,"23140413206, GOVT HSS BADI HARDI",प्रतिभागी,शिक्षक
AV6334,Santosh Kumar Kushwaha,Rewa,SIRMOUR,"23140410330, GOVT. HSS BOYS, BAIKUNTHPUR",प्रतिभागी,शिक्षक
AW5676,Vishnu Kant Verma,Rewa,SIRMOUR,"23140410330, GOVT. HSS BOYS, BAIKUNTHPUR",प्रतिभागी,शिक्षक
AW5679,Janak Dulari Rawat,Rewa,SIRMOUR,"23140410330, GOVT. HSS BOYS, BAIKUNTHPUR",प्रतिभागी,शिक्षक
BB7683,Rajendra Prasad Saket,Rewa,SIRMOUR,"23140410330, GOVT. HSS BOYS, BAIKUNTHPUR",प्रतिभागी,शिक्षक
BO8158,Manjula Namdeo,Rewa,SIRMOUR,"23140410906, GOVT. HSS SHAHPUR VRITT",प्रतिभागी,शिक्षक
BU5481,Vijay Kumar Pandey,Rewa,SIRMOUR,"23140410906, GOVT. HSS SHAHPUR VRITT",प्रतिभागी,शिक्षक
AT2945,Pushpa Mishra,Rewa,SIRMOUR,"23140411408, GOVT. HSS MAJHIGAWAN(SIRMOUR)",प्रतिभागी,शिक्षक
AW6327,Vishnukanta Dwivedi,Rewa,SIRMOUR,"23140411408, GOVT. HSS MAJHIGAWAN(SIRMOUR)",प्रतिभागी,शिक्षक
BU3987,Pritee Singh,Rewa,SIRMOUR,"23140411408, GOVT. HSS MAJHIGAWAN(SIRMOUR)",प्रतिभागी,शिक्षक
AW4791,Jiyalal Saket,Rewa,SIRMOUR,"23140414606, GOVT. HSS RANGOULI",प्रतिभागी,शिक्षक
AW7790,Suneeta Singh,Rewa,SIRMOUR,"23140414606, GOVT. HSS RANGOULI",प्रतिभागी,शिक्षक
BR8296,Shravan Kumar,Rewa,SIRMOUR,"23140414606, GOVT. HSS RANGOULI",प्रतिभागी,शिक्षक
AX4069,Vimlesh Kumar Gautam,Rewa,SIRMOUR,"23140416112, GOVT. HS  BELWA SURSARI SINGH",प्रतिभागी,शिक्षक
BM8377,Roshan Lal,Rewa,SIRMOUR,"23140416112, GOVT. HS  BELWA SURSARI SINGH",प्रतिभागी,शिक्षक
BW1288,Sanjay Singh,Rewa,TEONTHAR,"23140607211, GOVT. EXCELLENCE  HSS , TEONTHAR",प्रतिभागी,शिक्षक
AX6092,Ashok Kumar Vishwakarma,Sagar,BANDA,"23110915831, GOVT HSS GIRLS, BANDA",प्रतिभागी,शिक्षक
AX6327,Mukesh Kumar Tiwari,Sagar,BANDA,"23110915831, GOVT HSS GIRLS, BANDA",प्रतिभागी,शिक्षक
AX6474,Arvind Kujur,Sagar,BANDA,"23110915831, GOVT HSS GIRLS, BANDA",प्रतिभागी,शिक्षक
AY7109,Madhuri Bhojak,Sagar,BANDA,"23110915831, GOVT HSS GIRLS, BANDA",प्रतिभागी,शिक्षक
AY7141,Ashish Kumar Jain,Sagar,BANDA,"23110915831, GOVT HSS GIRLS, BANDA",प्रतिभागी,शिक्षक
AY7301,Pradeep Kumar Ahirwar,Sagar,BANDA,"23110915831, GOVT HSS GIRLS, BANDA",प्रतिभागी,शिक्षक
BQ8506,Gopal Singh Thakur,Sagar,BANDA,"23110915831, GOVT HSS GIRLS, BANDA",प्रतिभागी,शिक्षक
BS6654,Krishnakant Vishwakarma,Sagar,BANDA,"23110915831, GOVT HSS GIRLS, BANDA",प्रतिभागी,शिक्षक
BX4174,Vikash Sahu,Sagar,BANDA,"23110915831, GOVT HSS GIRLS, BANDA",प्रतिभागी,शिक्षक
BR8866,Sanjeeda Qureshi,Sagar,BANDA,"23110915830, GOVT HSS EXCELLENCE, BANDA",प्रतिभागी,शिक्षक
BQ7635,Ushadevi Ahirwar,Sagar,BANDA,"23110909703, GOVT HSS MAGRADHA",प्रतिभागी,शिक्षक
BX8309,Kirti Ahirwar,Sagar,BANDA,"23110909703, GOVT HSS MAGRADHA",प्रतिभागी,शिक्षक
CB3112,LAGAN TIWARI,Sagar,BANDA,"23110909703, GOVT HSS MAGRADHA",प्रतिभागी,शिक्षक
AX6557,Heera Lal Gaund,Sagar,BANDA,"23110912304, GOVT HS BAHROL",प्रतिभागी,शिक्षक
BQ8361,Santosh Kumar Suryavanshi,Sagar,BANDA,"23110912304, GOVT HS BAHROL",प्रतिभागी,शिक्षक
BW2173,Ajim Khan,Sagar,BANDA,"23110905906, GOVT HSS BARA",प्रतिभागी,शिक्षक
AY4805,Shivkumar Dhurwey,Sagar,BEENA,"23110414118, GOVT HSS MANDI BAMORA",प्रतिभागी,शिक्षक
AX9941,Manoj Kumar Gharoo,Sagar,DEORI,"23110617215, GOVT HSS BOYS, GOURJHAMAR",प्रतिभागी,शिक्षक
AY1054,Sandeep Kumar Mehra,Sagar,DEORI,"23110617215, GOVT HSS BOYS, GOURJHAMAR",प्रतिभागी,शिक्षक
AY2113,Rajesh Kumar Soni,Sagar,DEORI,"23110617215, GOVT HSS BOYS, GOURJHAMAR",प्रतिभागी,शिक्षक
AY2186,Preeti Parasar,Sagar,DEORI,"23110617215, GOVT HSS BOYS, GOURJHAMAR",प्रतिभागी,शिक्षक
AY2207,Radha Lakhera,Sagar,DEORI,"23110617215, GOVT HSS BOYS, GOURJHAMAR",प्रतिभागी,शिक्षक
BW4376,Manoj Kumar Vishwakarma,Sagar,DEORI,"23110617215, GOVT HSS BOYS, GOURJHAMAR",प्रतिभागी,शिक्षक
AY3322,Dashrath Prasad Sahu,Sagar,DEORI,"23110601803, GOVT HS CHIRCHITA SUKHJU",प्रतिभागी,शिक्षक
CC1402,MANISHA GAUND,Sagar,DEORI,"23110601803, GOVT HS CHIRCHITA SUKHJU",प्रतिभागी,शिक्षक
AX9603,Dinesh Dixit,Sagar,DEORI,"23110608807, GOVT HS RASENA",प्रतिभागी,शिक्षक
AX9635,Padam Singh Thakur,Sagar,DEORI,"23110608807, GOVT HS RASENA",प्रतिभागी,शिक्षक
BX2252,Rupesh Kumar Tiwari,Sagar,DEORI,"23110608807, GOVT HS RASENA",प्रतिभागी,शिक्षक
BX6536,Pranima Shukla,Sagar,DEORI,"23110608807, GOVT HS RASENA",प्रतिभागी,शिक्षक
AX9885,Rajni Shrivastava,Sagar,DEORI,"23110603808, GOVT HSS MAHRAJPUR",प्रतिभागी,शिक्षक
AY7155,Bhagawatsharan Kanghi Wale,Sagar,DEORI,"23110603808, GOVT HSS MAHRAJPUR",प्रतिभागी,शिक्षक
BR8751,Namita Fulbel,Sagar,DEORI,"23110603808, GOVT HSS MAHRAJPUR",प्रतिभागी,शिक्षक
BR8783,Mahendra Kumar Sahu,Sagar,DEORI,"23110603808, GOVT HSS MAHRAJPUR",प्रतिभागी,शिक्षक
BX6528,Rakesh Rajoriya,Sagar,DEORI,"23110603808, GOVT HSS MAHRAJPUR",प्रतिभागी,शिक्षक
AY2100,Amit Saxena,Sagar,DEORI,"23110617216, GOVT HSS GIRLS, GOURJHAMAR",प्रतिभागी,शिक्षक
BQ6217,Anita Rajoriya,Sagar,DEORI,"23110626106, GOVT HSS EXCELLENCE, DEORI",प्रतिभागी,शिक्षक
AX9728,Kalpana Varma,Sagar,DEORI,"23110614007, GOVT HSS JAITPUR KOPRA",प्रतिभागी,शिक्षक
AY2665,Manoj Shukla,Sagar,JAISINAGAR,"23110204005, GOVT HS PADRAI",प्रतिभागी,शिक्षक
AY2716,Narbada Prasad Kori,Sagar,JAISINAGAR,"23110204005, GOVT HS PADRAI",प्रतिभागी,शिक्षक
AY2734,Kamlesh Kumar Dewliya,Sagar,JAISINAGAR,"23110204005, GOVT HS PADRAI",प्रतिभागी,शिक्षक
BQ1080,Savita Soni,Sagar,JAISINAGAR,"23110204005, GOVT HS PADRAI",प्रतिभागी,शिक्षक
BX9825,Preeti Vishwakarma,Sagar,JAISINAGAR,"23110204005, GOVT HS PADRAI",प्रतिभागी,शिक्षक
AX5885,Umesh Datt Agnihotri,Sagar,JAISINAGAR,"23110211004, GOVT HS BARODA SAGAR",प्रतिभागी,शिक्षक
AY6292,Tulsiram Prajapati,Sagar,JAISINAGAR,"23110211004, GOVT HS BARODA SAGAR",प्रतिभागी,शिक्षक
AX7022,Bhagat Singh Thakur,Sagar,JAISINAGAR,"23110200114, GOVT HSS EXCELLENCE, JAISINAGAR",प्रतिभागी,शिक्षक
AY2880,Ganesh Prasad Choudhary,Sagar,JAISINAGAR,"23110200114, GOVT HSS EXCELLENCE, JAISINAGAR",प्रतिभागी,शिक्षक
AY4660,Hemkumari Sharma,Sagar,JAISINAGAR,"23110200114, GOVT HSS EXCELLENCE, JAISINAGAR",प्रतिभागी,शिक्षक
BS9272,Manish Kumar Namdeo,Sagar,JAISINAGAR,"23110200114, GOVT HSS EXCELLENCE, JAISINAGAR",प्रतिभागी,शिक्षक
BS9297,Ramavtar Yadav,Sagar,JAISINAGAR,"23110200114, GOVT HSS EXCELLENCE, JAISINAGAR",प्रतिभागी,शिक्षक
BV9972,Ragini Sahu,Sagar,JAISINAGAR,"23110200114, GOVT HSS EXCELLENCE, JAISINAGAR",प्रतिभागी,शिक्षक
BX9837,Ashish Jain,Sagar,JAISINAGAR,"23110200114, GOVT HSS EXCELLENCE, JAISINAGAR",प्रतिभागी,शिक्षक
CB4216,SAPNA PATEL,Sagar,JAISINAGAR,"23110200114, GOVT HSS EXCELLENCE, JAISINAGAR",प्रतिभागी,शिक्षक
AY2653,Rajkumar Raj,Sagar,JAISINAGAR,"23110204405, GOVT HS BANSA",प्रतिभागी,शिक्षक
BQ1019,Vinita Varma,Sagar,JAISINAGAR,"23110204405, GOVT HS BANSA",प्रतिभागी,शिक्षक
AY2808,Devi Singh Rajput,Sagar,JAISINAGAR,"23110202706, GOVT HS SATTADHANA",प्रतिभागी,शिक्षक
BK1083,RASHMI SHUKLA,Sagar,JAISINAGAR,"23110202706, GOVT HS SATTADHANA",प्रतिभागी,शिक्षक
BX1042,Deepti Vidyasagar,Sagar,JAISINAGAR,"23110202706, GOVT HS SATTADHANA",प्रतिभागी,शिक्षक
BX9519,Rakhi Sahu,Sagar,JAISINAGAR,"23110202706, GOVT HS SATTADHANA",प्रतिभागी,शिक्षक
AX7175,Anjana Dubey,Sagar,JAISINAGAR,"23110207716, GOVT HSS BILHARA",प्रतिभागी,शिक्षक
AX7195,Meghraj Singh Thakur,Sagar,JAISINAGAR,"23110207716, GOVT HSS BILHARA",प्रतिभागी,शिक्षक
AY3750,Shaligram Sahu,Sagar,JAISINAGAR,"23110207716, GOVT HSS BILHARA",प्रतिभागी,शिक्षक
BQ9711,Kamalbhan Singh Thakur,Sagar,JAISINAGAR,"23110207716, GOVT HSS BILHARA",प्रतिभागी,शिक्षक
BQ9736,Sharad Singh Rajpoot,Sagar,JAISINAGAR,"23110207716, GOVT HSS BILHARA",प्रतिभागी,शिक्षक
BQ9746,Muktilata Kujur,Sagar,JAISINAGAR,"23110207716, GOVT HSS BILHARA",प्रतिभागी,शिक्षक
BR2789,Suman Thakur,Sagar,JAISINAGAR,"23110207716, GOVT HSS BILHARA",प्रतिभागी,शिक्षक
AY3237,Arjun Singh Patel,Sagar,KESLI,"23110700112, GOVT HSS GIRLS, KESLI",प्रतिभागी,शिक्षक
AY3476,Kamlesh Kumar Dubey,Sagar,KESLI,"23110700112, GOVT HSS GIRLS, KESLI",प्रतिभागी,शिक्षक
BQ2357,Vineeta Mishra,Sagar,KESLI,"23110700112, GOVT HSS GIRLS, KESLI",प्रतिभागी,शिक्षक
AY1830,Shobhna Brahmin,Sagar,KESLI,"23110706512, GOVT HSS SAHAJPUR",प्रतिभागी,शिक्षक
AY3246,Brajesh Kumar Pandey,Sagar,KESLI,"23110706512, GOVT HSS SAHAJPUR",प्रतिभागी,शिक्षक
AY3287,Swati Jain,Sagar,KESLI,"23110706512, GOVT HSS SAHAJPUR",प्रतिभागी,शिक्षक
BQ6821,Durgesh Kumar Yadav,Sagar,KESLI,"23110706512, GOVT HSS SAHAJPUR",प्रतिभागी,शिक्षक
BV2406,Khilansingh RAJPOOT,Sagar,KESLI,"23110706512, GOVT HSS SAHAJPUR",प्रतिभागी,शिक्षक
AY3660,Deendayal Namdeo,Sagar,KESLI,"23110708003, GOVT HSS NAHARMAU",प्रतिभागी,शिक्षक
BV8181,Loknath Patel,Sagar,KESLI,"23110708003, GOVT HSS NAHARMAU",प्रतिभागी,शिक्षक
BX9520,Rajendra Singh Dangi,Sagar,KESLI,"23110708003, GOVT HSS NAHARMAU",प्रतिभागी,शिक्षक
CC5759,PRAMOD KUMAR,Sagar,KESLI,"23110708003, GOVT HSS NAHARMAU",प्रतिभागी,शिक्षक
AY3489,Kailash Vyash,Sagar,KESLI,"23110700113, GOVT HSS EXCELLENCE, KESLI",प्रतिभागी,शिक्षक
BR1921,Rashmi Ahirwar,Sagar,KHURAI,"23110516578, GOVT HSS GIRLS, LALITA SHASTRI, KHURAI",प्रतिभागी,शिक्षक
BS7997,Anuradha Nayak,Sagar,KHURAI,"23110516578, GOVT HSS GIRLS, LALITA SHASTRI, KHURAI",प्रतिभागी,शिक्षक
BT4467,Deepali Soni,Sagar,KHURAI,"23110516578, GOVT HSS GIRLS, LALITA SHASTRI, KHURAI",प्रतिभागी,शिक्षक
AY3962,Bhagat Ram Nayak,Sagar,KHURAI,"23110503003, GOVT HSS DHANORA (KHURAI)",प्रतिभागी,शिक्षक
AY4375,Rajesh Singh Dangi,Sagar,KHURAI,"23110510509, GOVT HSS GADHOLA JAGEER",प्रतिभागी,शिक्षक
BX6176,Arvind Ahirwar,Sagar,KHURAI,"23110510509, GOVT HSS GADHOLA JAGEER",प्रतिभागी,शिक्षक
AY4058,Dhanna Lal Ahirwar,Sagar,KHURAI,"23110516120, GOVT HSS KHIMLASA",प्रतिभागी,शिक्षक
AY4513,Ginni Raja Bundela,Sagar,KHURAI,"23110516120, GOVT HSS KHIMLASA",प्रतिभागी,शिक्षक
AY4001,Shivshankar Tiwari,Sagar,KHURAI,"23110500108, GOVT HSS BARODIYA NONAGAR",प्रतिभागी,शिक्षक
BQ8122,Manoj Yadav,Sagar,KHURAI,"23110500108, GOVT HSS BARODIYA NONAGAR",प्रतिभागी,शिक्षक
BR4994,Keshav Prasad Choubey,Sagar,KHURAI,"23110500108, GOVT HSS BARODIYA NONAGAR",प्रतिभागी,शिक्षक
AY4117,Jay Prakash Narayan Shrivastava,Sagar,KHURAI,"23110505115, GOVT HSS BASAHARI",प्रतिभागी,शिक्षक
BX6322,Roshi Jain,Sagar,KHURAI,"23110505115, GOVT HSS BASAHARI",प्रतिभागी,शिक्षक
AY3901,Shankarsingh Kurmi,Sagar,KHURAI,"23110516577, GOVT HSS EXCELLENCE, KC.SHARMA, KHURAI",प्रतिभागी,शिक्षक
AY4080,Deepali Nema,Sagar,KHURAI,"23110516577, GOVT HSS EXCELLENCE, KC.SHARMA, KHURAI",प्रतिभागी,शिक्षक
AY4401,Lakhanlal Ahirwar,Sagar,KHURAI,"23110516577, GOVT HSS EXCELLENCE, KC.SHARMA, KHURAI",प्रतिभागी,शिक्षक
BP8805,Bhagwan Das Prajapati,Sagar,KHURAI,"23110516577, GOVT HSS EXCELLENCE, KC.SHARMA, KHURAI",प्रतिभागी,शिक्षक
BQ2563,Devendra Kumar Ahirwar,Sagar,KHURAI,"23110516577, GOVT HSS EXCELLENCE, KC.SHARMA, KHURAI",प्रतिभागी,शिक्षक
BS7834,Deepika Xalxo,Sagar,KHURAI,"23110516577, GOVT HSS EXCELLENCE, KC.SHARMA, KHURAI",प्रतिभागी,शिक्षक
BU6132,Manoj Kumar Ahirwar,Sagar,KHURAI,"23110516577, GOVT HSS EXCELLENCE, KC.SHARMA, KHURAI",प्रतिभागी,शिक्षक
BZ5788,Manoj Kumar Rahangdale,Sagar,KHURAI,"23110516577, GOVT HSS EXCELLENCE, KC.SHARMA, KHURAI",प्रतिभागी,शिक्षक
CD3847,SHAIL RAWAT,Sagar,KHURAI,"23110516577, GOVT HSS EXCELLENCE, KC.SHARMA, KHURAI",प्रतिभागी,शिक्षक
AY4714,Usha Rai,Sagar,MALTHON,"23110100121, GOVT HSS EXCELLENCE, MALTHON",प्रतिभागी,शिक्षक
CD3841,RAJEEV JAIN,Sagar,MALTHON,"23110100121, GOVT HSS EXCELLENCE, MALTHON",प्रतिभागी,शिक्षक
AX6721,Ramnath Singh Lodhi,Sagar,MALTHON,"23110115304, GOVT HS PITHORIYA",प्रतिभागी,शिक्षक
BP3409,Preeti Yadav,Sagar,MALTHON,"23110115304, GOVT HS PITHORIYA",प्रतिभागी,शिक्षक
AX7094,Balram Ahirwar,Sagar,MALTHON,"23110108107, GOVT HSS RAJVANS",प्रतिभागी,शिक्षक
AX7081,Harendra Kumar Mishra,Sagar,MALTHON,"23110118603, GOVT HSS BARODIYA KALAN",प्रतिभागी,शिक्षक
BT8611,Dhaniram Sen,Sagar,MALTHON,"23110118603, GOVT HSS BARODIYA KALAN",प्रतिभागी,शिक्षक
AY4732,Parwat Singh Lodhi,Sagar,MALTHON,"23110102904, GOVT HSS PARSON",प्रतिभागी,डाइट प्रशिक्षण प्रभारी
CD1354,SHASHI RAWAT,Sagar,MALTHON,"23110102904, GOVT HSS PARSON",प्रतिभागी,शिक्षक
AX6682,Ram Singh Prajapati,Sagar,MALTHON,"23110113313, GOVT HSS BANDRI",प्रतिभागी,शिक्षक
AX7086,Pushpa Kerketta,Sagar,MALTHON,"23110113313, GOVT HSS BANDRI",प्रतिभागी,शिक्षक
AY6239,Lakhan Nagbansi,Sagar,MALTHON,"23110113313, GOVT HSS BANDRI",प्रतिभागी,शिक्षक
BT7076,Manju Tiwari,Sagar,MALTHON,"23110113313, GOVT HSS BANDRI",प्रतिभागी,शिक्षक
CB3190,VANDANA YADAV,Sagar,MALTHON,"23110113313, GOVT HSS BANDRI",प्रतिभागी,शिक्षक
CE6696,RAMAKANT SHARMA,Sagar,MALTHON,"23110113313, GOVT HSS BANDRI",प्रतिभागी,शिक्षक
AH5919,Seema Athya,Sagar,RAHATGARH,"23110814216, GOVT HSS JARUAKHEDA",प्रतिभागी,शिक्षक
AY4364,Neelima Reubin,Sagar,RAHATGARH,"23110814216, GOVT HSS JARUAKHEDA",प्रतिभागी,शिक्षक
BT5124,Neelima Tiwari,Sagar,RAHATGARH,"23110814216, GOVT HSS JARUAKHEDA",प्रतिभागी,शिक्षक
BT7208,Narayan Prasad Saini,Sagar,RAHATGARH,"23110814216, GOVT HSS JARUAKHEDA",प्रतिभागी,शिक्षक
AX9577,Kavita Choubey,Sagar,RAHATGARH,"23110818105, GOVT HSS MEHAR",प्रतिभागी,शिक्षक
AX5843,Ram Kishore Pathak,Sagar,RAHATGARH,"23110809709, GOVT HSS SIHORA",प्रतिभागी,शिक्षक
AX6582,Rajendra Singh,Sagar,RAHATGARH,"23110809709, GOVT HSS SIHORA",प्रतिभागी,शिक्षक
BQ9336,Swatantra Kumar Dubey,Sagar,RAHATGARH,"23110809709, GOVT HSS SIHORA",प्रतिभागी,शिक्षक
BS9254,Sangeeta Pathak,Sagar,RAHATGARH,"23110809709, GOVT HSS SIHORA",प्रतिभागी,शिक्षक
BW5064,Roshan Singh Tomar,Sagar,RAHATGARH,"23110809709, GOVT HSS SIHORA",प्रतिभागी,शिक्षक
AX5622,Vivek Kumar Jain,Sagar,RAHATGARH,"23110800141, GOVT HSS EXCELLENCE, RAHATGARH",प्रतिभागी,शिक्षक
BR2944,Chandrabhan Ahirwar,Sagar,RAHATGARH,"23110800141, GOVT HSS EXCELLENCE, RAHATGARH",प्रतिभागी,शिक्षक
BR9375,Suryakant Prajapati,Sagar,RAHATGARH,"23110800141, GOVT HSS EXCELLENCE, RAHATGARH",प्रतिभागी,शिक्षक
BZ6336,Altaf Ahmad,Sagar,RAHATGARH,"23110800141, GOVT HSS EXCELLENCE, RAHATGARH",प्रतिभागी,शिक्षक
AY6298,Anjna Lakra,Sagar,RAHATGARH,"23110816920, GOVT HSS EXCELLENCE, NARYAWALI",प्रतिभागी,शिक्षक
BX5388,Renuka Sharma,Sagar,RAHATGARH,"23110816920, GOVT HSS EXCELLENCE, NARYAWALI",प्रतिभागी,शिक्षक
AX5641,Umesh Kumar Sharma,Sagar,RAHATGARH,"23110804605, GOVT HSS JHILA",प्रतिभागी,शिक्षक
AY5298,Aman Singh Ahirwar,Sagar,RAHATGARH,"23110804605, GOVT HSS JHILA",प्रतिभागी,शिक्षक
AY5376,Veer Singh,Sagar,RAHATGARH,"23110804605, GOVT HSS JHILA",प्रतिभागी,शिक्षक
BV7890,Krishn Kumar Sahu,Sagar,RAHATGARH,"23110804605, GOVT HSS JHILA",प्रतिभागी,शिक्षक
AX8785,Chaturbhuj Rajak,Sagar,RAHATGARH,"23110800140, GOVT HS GIRLS, RAHATGARH",प्रतिभागी,शिक्षक
AX5614,Devendra Kumar Ahirwar,Sagar,RAHATGARH,"23110812205, GOVT HSS PEEPARA",प्रतिभागी,शिक्षक
AX8324,Savan Kumar Sharma,Sagar,RAHATGARH,"23110812205, GOVT HSS PEEPARA",प्रतिभागी,शिक्षक
AY1335,Lalsingh Chadar,Sagar,RAHATGARH,"23110812205, GOVT HSS PEEPARA",प्रतिभागी,शिक्षक
AY3686,Arvind Sen,Sagar,RAHATGARH,"23110812205, GOVT HSS PEEPARA",प्रतिभागी,शिक्षक
BV3598,Devisingh Yadav,Sagar,RAHATGARH,"23110812205, GOVT HSS PEEPARA",प्रतिभागी,शिक्षक
AY4850,Kalpana Shrivastava,Sagar,RAHATGARH,"23110806303, GOVT HS PARASARI KALA",प्रतिभागी,शिक्षक
AY5340,Irfan Mohammad Siddiqui,Sagar,RAHATGARH,"23110806303, GOVT HS PARASARI KALA",प्रतिभागी,शिक्षक
BQ4338,Dr.Amit Raj Mehra,Sagar,RAHATGARH,"23110806303, GOVT HS PARASARI KALA",प्रतिभागी,शिक्षक
BS8325,Rekha Nema,Sagar,RAHATGARH,"23110806303, GOVT HS PARASARI KALA",प्रतिभागी,शिक्षक
BW1701,Rajesh Awasthi,Sagar,RAHATGARH,"23110806303, GOVT HS PARASARI KALA",प्रतिभागी,शिक्षक
AY5445,Ramkumar Baroliya,Sagar,REHLI,"23111109509, GOVT HSS CHANDPUR",प्रतिभागी,शिक्षक
BQ5910,Umesh Kumar Shukla,Sagar,REHLI,"23111109509, GOVT HSS CHANDPUR",प्रतिभागी,शिक्षक
BT9775,Neetibala Jain,Sagar,REHLI,"23111109509, GOVT HSS CHANDPUR",प्रतिभागी,शिक्षक
AY6082,Dinesh Kumar Chouksey,Sagar,REHLI,"23111121416, GOVT HSS EXCELLENCE, AGRICULTURE, REHLI",प्रतिभागी,शिक्षक
BR4451,Shivani Dubey,Sagar,REHLI,"23111121416, GOVT HSS EXCELLENCE, AGRICULTURE, REHLI",प्रतिभागी,शिक्षक
BW3948,Ashish Tiwari,Sagar,REHLI,"23111121416, GOVT HSS EXCELLENCE, AGRICULTURE, REHLI",प्रतिभागी,शिक्षक
AY1851,Ghanshyam Prasad Kori,Sagar,REHLI,"23111120819, GOVT HSS GIRLS, GARHAKOTA",प्रतिभागी,शिक्षक
AY5797,Jitendra Sahu,Sagar,REHLI,"23111101511, GOVT HSS PATNA BUJURG",प्रतिभागी,शिक्षक
AY6034,Mohammad Sharif,Sagar,REHLI,"23111101511, GOVT HSS PATNA BUJURG",प्रतिभागी,शिक्षक
BS7990,Shakun Choubey,Sagar,REHLI,"23111101511, GOVT HSS PATNA BUJURG",प्रतिभागी,शिक्षक
BW4708,Bhagwan Das Sahu,Sagar,REHLI,"23111101511, GOVT HSS PATNA BUJURG",प्रतिभागी,शिक्षक
AY1773,Ramsingh Ahirwar,Sagar,REHLI,"23111120603, GOVT HSS SABULAL, GARHAKOTA",प्रतिभागी,शिक्षक
AY6143,Pramod Kumar Upadhyay,Sagar,REHLI,"23111121417, GOVT HSS GIRLS, REHLI",प्रतिभागी,शिक्षक
BP4078,Ashok Kumar Gound,Sagar,REHLI,"23111121417, GOVT HSS GIRLS, REHLI",प्रतिभागी,शिक्षक
AY5654,Amit Kumar Rathore,Sagar,REHLI,"23111120708, GOVT HSS CHHIRARI",प्रतिभागी,शिक्षक
AY5667,Bhageerath Kurmi,Sagar,REHLI,"23111120708, GOVT HSS CHHIRARI",प्रतिभागी,शिक्षक
AY5787,Dwarka Prasad Holkar,Sagar,REHLI,"23111120708, GOVT HSS CHHIRARI",प्रतिभागी,शिक्षक
BZ3451,Praveen Kumar Tiwari,Sagar,REHLI,"23111120708, GOVT HSS CHHIRARI",प्रतिभागी,शिक्षक
AY7015,Deepti Thakur,Sagar,SAGAR,"23111009408, GOVT HSS BAMHORI BEEKA",प्रतिभागी,शिक्षक
BS9751,Kiran Kori,Sagar,SAGAR,"23111009408, GOVT HSS BAMHORI BEEKA",प्रतिभागी,शिक्षक
BW1139,Rakesh Garg,Sagar,SAGAR,"23111009408, GOVT HSS BAMHORI BEEKA",प्रतिभागी,शिक्षक
BW5676,HARNARAYAN RATHAUR,Sagar,SAGAR,"23111009408, GOVT HSS BAMHORI BEEKA",प्रतिभागी,शिक्षक
BW6728,Deepanshi Soni,Sagar,SAGAR,"23111009408, GOVT HSS BAMHORI BEEKA",प्रतिभागी,शिक्षक
BW9804,Usha Thakur,Sagar,SAGAR,"23111009408, GOVT HSS BAMHORI BEEKA",प्रतिभागी,शिक्षक
BX8279,Deepa Seth,Sagar,SAGAR,"23111009408, GOVT HSS BAMHORI BEEKA",प्रतिभागी,शिक्षक
AY3067,Veer Singh Thakur,Sagar,SAGAR,"23111005819, GOVT HSS KARRAPUR",प्रतिभागी,शिक्षक
AY3380,Rakesh Kumar Dumar,Sagar,SAGAR,"23111005819, GOVT HSS KARRAPUR",प्रतिभागी,शिक्षक
AY3385,Balkrishna Ahirwar,Sagar,SAGAR,"23111005819, GOVT HSS KARRAPUR",प्रतिभागी,शिक्षक
AY4478,Anjali Sinha,Sagar,SAGAR,"23111005819, GOVT HSS KARRAPUR",प्रतिभागी,शिक्षक
AY7140,Arvind Singh Thakur,Sagar,SAGAR,"23111005819, GOVT HSS KARRAPUR",प्रतिभागी,शिक्षक
BS7999,Ankita Jain,Sagar,SAGAR,"23111005819, GOVT HSS KARRAPUR",प्रतिभागी,शिक्षक
BU3008,Geeta Gupta,Sagar,SAGAR,"23111005819, GOVT HSS KARRAPUR",प्रतिभागी,शिक्षक
BW4366,Shilpi Jain,Sagar,SAGAR,"23111005819, GOVT HSS KARRAPUR",प्रतिभागी,शिक्षक
AL8574,Madhu Singh Sengar,Sagar,SAGAR,"23111015914, GOVT HSS AGRICULTURE, SURKHI",प्रतिभागी,शिक्षक
AX7053,Aruna Thakur,Sagar,SAGAR,"23111015914, GOVT HSS AGRICULTURE, SURKHI",प्रतिभागी,शिक्षक
AY2099,Rajkumar Lodhi,Sagar,SAGAR,"23111015914, GOVT HSS AGRICULTURE, SURKHI",प्रतिभागी,शिक्षक
AY3338,Praveen Jain,Sagar,SAGAR,"23111015914, GOVT HSS AGRICULTURE, SURKHI",प्रतिभागी,शिक्षक
AY7268,Rajni Kori,Sagar,SAGAR,"23111015914, GOVT HSS AGRICULTURE, SURKHI",प्रतिभागी,शिक्षक
BN4790,Anuradha Thakur,Sagar,SAGAR,"23111015914, GOVT HSS AGRICULTURE, SURKHI",प्रतिभागी,शिक्षक
BZ3302,Shubha Shrivastava,Sagar,SAGAR,"23111015914, GOVT HSS AGRICULTURE, SURKHI",प्रतिभागी,शिक्षक
AY1338,Shyam Sunder Hazari,Sagar,SAGAR,"23111019709, GOVT HSS BOYS, DHANA",प्रतिभागी,शिक्षक
BR4694,Vijaya Mishra,Sagar,SAGAR,"23111019709, GOVT HSS BOYS, DHANA",प्रतिभागी,शिक्षक
BW1702,Firdaus Jahan,Sagar,SAGAR,"23111019709, GOVT HSS BOYS, DHANA",प्रतिभागी,शिक्षक
AX6425,Chandra Mohini,Sagar,SAGAR,"23111019023, GOVT HSS BOYS, SHAHPUR",प्रतिभागी,शिक्षक
AY6321,Virendra Kumar Lahariya,Sagar,SAGAR,"23111019023, GOVT HSS BOYS, SHAHPUR",प्रतिभागी,शिक्षक
BQ5864,Sushma Chadar,Sagar,SAGAR,"23111019023, GOVT HSS BOYS, SHAHPUR",प्रतिभागी,शिक्षक
BS6742,Hari Sharan Sen,Sagar,SAGAR,"23111019023, GOVT HSS BOYS, SHAHPUR",प्रतिभागी,शिक्षक
BS8531,Rani Thakur,Sagar,SAGAR,"23111019023, GOVT HSS BOYS, SHAHPUR",प्रतिभागी,शिक्षक
BT8378,Bhagirath Vishwakarma,Sagar,SAGAR,"23111019023, GOVT HSS BOYS, SHAHPUR",प्रतिभागी,शिक्षक
BW9809,Omkar Singh Gound,Sagar,SAGAR,"23111019023, GOVT HSS BOYS, SHAHPUR",प्रतिभागी,शिक्षक
BX6180,Dashoda Ahirwar,Sagar,SAGAR,"23111019023, GOVT HSS BOYS, SHAHPUR",प्रतिभागी,शिक्षक
CB4316,VARSHA THAKUR,Sagar,SAGAR,"23111019023, GOVT HSS BOYS, SHAHPUR",प्रतिभागी,शिक्षक
AI1940,Netram Chakrawarti,Sagar,SAGAR,"23111006808, GOVT HSS PARSORIYA",प्रतिभागी,शिक्षक
AX9731,Devendra Ahirwar,Sagar,SAGAR,"23111006808, GOVT HSS PARSORIYA",प्रतिभागी,सीएसी
AY5007,Nirbhay Prasad Chadar,Sagar,SAGAR,"23111006808, GOVT HSS PARSORIYA",प्रतिभागी,शिक्षक
AY7288,Mahesh Kumar Prajapati,Sagar,SAGAR,"23111006808, GOVT HSS PARSORIYA",प्रतिभागी,शिक्षक
BU1809,Nandinee Upadhyay,Sagar,SAGAR,"23111006808, GOVT HSS PARSORIYA",प्रतिभागी,शिक्षक
BW9827,Balram Patel,Sagar,SAGAR,"23111006808, GOVT HSS PARSORIYA",प्रतिभागी,शिक्षक
AX8470,Ekta Choksey,Sagar,SAGAR,"23111019603, GOVT HSS GOUR NAGAR, SAGAR",प्रतिभागी,शिक्षक
AX8731,Satyam Sahay Soni,Sagar,SAGAR,"23111019603, GOVT HSS GOUR NAGAR, SAGAR",प्रतिभागी,शिक्षक
AY2367,Rajkumari Ahirwar,Sagar,SAGAR,"23111019603, GOVT HSS GOUR NAGAR, SAGAR",प्रतिभागी,शिक्षक
AF5853,Hemlata Dharu,Sagar,SAGAR,"23111018937, GOVT HSS GIRLS, MLB. NO.2, SADAR, SAGAR",प्रतिभागी,शिक्षक
AH8166,Sandhya Jain,Sagar,SAGAR,"23111018937, GOVT HSS GIRLS, MLB. NO.2, SADAR, SAGAR",प्रतिभागी,शिक्षक
AH9891,Jyoti Chowksey,Sagar,SAGAR,"23111018937, GOVT HSS GIRLS, MLB. NO.2, SADAR, SAGAR",प्रतिभागी,शिक्षक
AX8371,Govind Prasad Vishwakarma,Sagar,SAGAR,"23111018937, GOVT HSS GIRLS, MLB. NO.2, SADAR, SAGAR",प्रतिभागी,शिक्षक
AY2812,Sandeep Shrivastava,Sagar,SAGAR,"23111018937, GOVT HSS GIRLS, MLB. NO.2, SADAR, SAGAR",प्रतिभागी,शिक्षक
AY4479,Geetanjali Dubey,Sagar,SAGAR,"23111018937, GOVT HSS GIRLS, MLB. NO.2, SADAR, SAGAR",प्रतिभागी,शिक्षक
AY5357,Sandhaya Namdev,Sagar,SAGAR,"23111027307, GOVT HSS GIRLS, PT. RAVISHANKAR, SAGAR",प्रतिभागी,शिक्षक
AY5436,Pratibha Rajput,Sagar,SAGAR,"23111027307, GOVT HSS GIRLS, PT. RAVISHANKAR, SAGAR",प्रतिभागी,शिक्षक
AY7006,Archna Sharma,Sagar,SAGAR,"23111027307, GOVT HSS GIRLS, PT. RAVISHANKAR, SAGAR",प्रतिभागी,शिक्षक
BS6364,Rajesh Kumar Jain,Sagar,SAGAR,"23111027307, GOVT HSS GIRLS, PT. RAVISHANKAR, SAGAR",प्रतिभागी,शिक्षक
BS8005,Neelam Shukla,Sagar,SAGAR,"23111027307, GOVT HSS GIRLS, PT. RAVISHANKAR, SAGAR",प्रतिभागी,शिक्षक
BT8807,Abhilasha Sarraf,Sagar,SAGAR,"23111027307, GOVT HSS GIRLS, PT. RAVISHANKAR, SAGAR",प्रतिभागी,शिक्षक
AT1647,Rajkumari Keshari,Sagar,SAGAR,"23111019333, GOVT HSS GIRLS, MLB. NO.1, BUS STAND,SAGAR",प्रतिभागी,शिक्षक
AX8152,Sunita Chaurasiya,Sagar,SAGAR,"23111019333, GOVT HSS GIRLS, MLB. NO.1, BUS STAND,SAGAR",प्रतिभागी,शिक्षक
AY2363,Rajesh Kumar Jain,Sagar,SAGAR,"23111003105, GOVT HS BHAINSA NAKA",प्रतिभागी,शिक्षक
AY2364,Sangeeta Bara,Sagar,SAGAR,"23111003105, GOVT HS BHAINSA NAKA",प्रतिभागी,शिक्षक
AY2383,Rajesh Kumar Sahu,Sagar,SAGAR,"23111003105, GOVT HS BHAINSA NAKA",प्रतिभागी,शिक्षक
BX5405,Satyavati Namdeo,Sagar,SAGAR,"23111003105, GOVT HS BHAINSA NAKA",प्रतिभागी,शिक्षक
BZ4412,Lalit Soni,Sagar,SAGAR,"23111003105, GOVT HS BHAINSA NAKA",प्रतिभागी,शिक्षक
CB3809,ANURAG VISHWAKARMA,Sagar,SHAHGARH,"23110303804, GOVT HS TARPOH",प्रतिभागी,शिक्षक
AF6676,Apurwa Jain,Sagar,SHAHGARH,"23110300122, GOVT HSS GIRLS, SHAHGARH",प्रतिभागी,शिक्षक
AY2597,Uma Shrivastav,Sagar,SHAHGARH,"23110300122, GOVT HSS GIRLS, SHAHGARH",प्रतिभागी,शिक्षक
AY6498,Anshubala Soni,Sagar,SHAHGARH,"23110300122, GOVT HSS GIRLS, SHAHGARH",प्रतिभागी,शिक्षक
AY6703,Harpal Singh Gound,Sagar,SHAHGARH,"23110300122, GOVT HSS GIRLS, SHAHGARH",प्रतिभागी,शिक्षक
BY5283,Anita Jain,Sagar,SHAHGARH,"23110300122, GOVT HSS GIRLS, SHAHGARH",प्रतिभागी,शिक्षक
AX6414,Koshal Kishore Pateriya,Sagar,SHAHGARH,"23110304908, GOVT HSS BARAYATHA",प्रतिभागी,शिक्षक
AX6443,Tirlok Singh Thakur,Sagar,SHAHGARH,"23110304908, GOVT HSS BARAYATHA",प्रतिभागी,शिक्षक
AX6962,Hari Krishna Goswami,Sagar,SHAHGARH,"23110304908, GOVT HSS BARAYATHA",प्रतिभागी,शिक्षक
CD2672,ROSHANI DANGI,Sagar,SHAHGARH,"23110304908, GOVT HSS BARAYATHA",प्रतिभागी,शिक्षक
AX6436,Chhote Lal Verma,Sagar,SHAHGARH,"23110312204, GOVT HSS GUGRA KHURD",प्रतिभागी,शिक्षक
AX6439,Sohan Singh Gond,Sagar,SHAHGARH,"23110312204, GOVT HSS GUGRA KHURD",प्रतिभागी,सीएसी
AX6942,Kamlesh Kumar Sahu,Sagar,SHAHGARH,"23110312204, GOVT HSS GUGRA KHURD",प्रतिभागी,शिक्षक
BU8663,Deepesh Thakur,Sagar,SHAHGARH,"23110312204, GOVT HSS GUGRA KHURD",प्रतिभागी,शिक्षक
AY6708,Chatra Ahirwar,Sagar,SHAHGARH,"23110301610, GOVT HSS HEERAPUR",प्रतिभागी,शिक्षक
AY6488,Seema Bhalla,Sagar,SHAHGARH,"23110300123, GOVT HSS EXCELLENCE, SHAHGARH",प्रतिभागी,शिक्षक
AY6502,Santosh Kumar Vishwakarma,Sagar,SHAHGARH,"23110300123, GOVT HSS EXCELLENCE, SHAHGARH",प्रतिभागी,शिक्षक
AY7127,Meena Nema,Sagar,SHAHGARH,"23110300123, GOVT HSS EXCELLENCE, SHAHGARH",प्रतिभागी,शिक्षक
AX9485,Indra Bhushan Mishra,Sagar,SHAHGARH,"23110308609, GOVT HSS DALPATPUR",प्रतिभागी,शिक्षक
AX9491,Vijay Kumar Mishra,Sagar,SHAHGARH,"23110308609, GOVT HSS DALPATPUR",प्रतिभागी,शिक्षक
AV2022,Anil Kumar Pandey,Satna,AMARPATAN,"23130100245, Pandit Atalbihari Bajpai Govt Ex. HSS Amarpatan",प्रतिभागी,शिक्षक
AV2057,Girdhari Lal Kushwaha,Satna,AMARPATAN,"23130100245, Pandit Atalbihari Bajpai Govt Ex. HSS Amarpatan",प्रतिभागी,शिक्षक
AV2088,Vibhuti Bhushan Dwivedi,Satna,AMARPATAN,"23130100245, Pandit Atalbihari Bajpai Govt Ex. HSS Amarpatan",प्रतिभागी,शिक्षक
AV8918,Ramesh Kumar Singh,Satna,AMARPATAN,"23130100245, Pandit Atalbihari Bajpai Govt Ex. HSS Amarpatan",प्रतिभागी,शिक्षक
CB9104,SHRADDHA TRIPATHI,Satna,AMARPATAN,"23130100245, Pandit Atalbihari Bajpai Govt Ex. HSS Amarpatan",प्रतिभागी,शिक्षक
AV2071,Virendra Singh,Satna,AMARPATAN,"23130100246, GGHSS AMARPATAN",प्रतिभागी,शिक्षक
AV2092,Manjula Varma (Bunkar),Satna,AMARPATAN,"23130100246, GGHSS AMARPATAN",प्रतिभागी,शिक्षक
AV5107,Geeta Singh,Satna,AMARPATAN,"23130100246, GGHSS AMARPATAN",प्रतिभागी,शिक्षक
AV5675,Samay Lal Kol,Satna,AMARPATAN,"23130100246, GGHSS AMARPATAN",प्रतिभागी,शिक्षक
AV1937,Kamlesh Kumar Pandey,Satna,AMARPATAN,"23130113403, GHSS KARHI",प्रतिभागी,शिक्षक
BZ6256,Ramlakhan Bansal,Satna,AMARPATAN,"23130113403, GHSS KARHI",प्रतिभागी,शिक्षक
BZ6260,Arjun Kumar Patel,Satna,AMARPATAN,"23130113403, GHSS KARHI",प्रतिभागी,शिक्षक
CB7486,JITENDRA DWIVEDI,Satna,AMARPATAN,"23130113403, GHSS KARHI",प्रतिभागी,शिक्षक
AV8740,Ramesh Kumar Pandey,Satna,AMARPATAN,"23130109416, GHSS MUKUNDPUR",प्रतिभागी,शिक्षक
AV8804,Nagenda Kumar Pandey,Satna,AMARPATAN,"23130109416, GHSS MUKUNDPUR",प्रतिभागी,शिक्षक
AV1707,Rajendra Kumar Saket,Satna,AMARPATAN,"23130109415, GGHSS MUKUNDPUR",प्रतिभागी,शिक्षक
AV4792,Vinod Kumar Tripathi,Satna,AMARPATAN,"23130109415, GGHSS MUKUNDPUR",प्रतिभागी,शिक्षक
BC8601,Shailesh Shrivastava,Satna,AMARPATAN,"23130109415, GGHSS MUKUNDPUR",प्रतिभागी,सीएसी
BQ6903,Shivraj Singh,Satna,AMARPATAN,"23130109415, GGHSS MUKUNDPUR",प्रतिभागी,शिक्षक
AV3473,Sanjay Kumar Sharma,Satna,AMARPATAN,"23130102311, GHSS MAHUDAR",प्रतिभागी,शिक्षक
AV3523,Vandita Shrivastava,Satna,AMARPATAN,"23130102311, GHSS MAHUDAR",प्रतिभागी,शिक्षक
BC8675,Suman Mishra,Satna,AMARPATAN,"23130102311, GHSS MAHUDAR",प्रतिभागी,शिक्षक
BW4442,Akhilesh Kumar Tiwari,Satna,AMARPATAN,"23130102311, GHSS MAHUDAR",प्रतिभागी,शिक्षक
AW3535,Shyamsunder Patel,Satna,AMARPATAN,"23130101920, GHSS TALA",प्रतिभागी,शिक्षक
BZ1867,Upendra Mishra,Satna,AMARPATAN,"23130101920, GHSS TALA",प्रतिभागी,शिक्षक
AV5655,Angad Pd. Pandey,Satna,AMARPATAN,"23130106209, GHSS KATHAHA",प्रतिभागी,शिक्षक
BC1918,Ramoo Kumhar,Satna,AMARPATAN,"23130106209, GHSS KATHAHA",प्रतिभागी,शिक्षक
BW7021,Arun Pratap Singh,Satna,AMARPATAN,"23130106209, GHSS KATHAHA",प्रतिभागी,शिक्षक
AV2044,Roshan Singh Thakur,Satna,AMARPATAN,"23130101412, GHSS BHISHAMPUR",प्रतिभागी,शिक्षक
AV8902,Dashrath Prasad Saket,Satna,AMARPATAN,"23130101412, GHSS BHISHAMPUR",प्रतिभागी,शिक्षक
AV1781,Ajay Kumar Kashyap,Satna,AMARPATAN,"23130103811, GHSS TYONDHARI",प्रतिभागी,शिक्षक
AV2038,Brijbhushan Singh,Satna,AMARPATAN,"23130103811, GHSS TYONDHARI",प्रतिभागी,शिक्षक
AV3466,Sitaram Patel,Satna,AMARPATAN,"23130103811, GHSS TYONDHARI",प्रतिभागी,शिक्षक
AV3574,Pushparaj Singh,Satna,AMARPATAN,"23130103811, GHSS TYONDHARI",प्रतिभागी,शिक्षक
AV2268,Indrapal Singh Tekam,Satna,MAIHAR,"23130216408, GHSS AJWAIN",प्रतिभागी,शिक्षक
BT8935,Krishna Singh Gond,Satna,MAIHAR,"23130216408, GHSS AJWAIN",प्रतिभागी,शिक्षक
AV7612,Suresh Singh,Satna,MAIHAR,"23130215104, GHSS AMATARA",प्रतिभागी,शिक्षक
AV7902,Ravi Shankar Shrivastava,Satna,MAIHAR,"23130215104, GHSS AMATARA",प्रतिभागी,शिक्षक
AV9563,PREMESHWARI Urweti,Satna,MAIHAR,"23130215104, GHSS AMATARA",प्रतिभागी,शिक्षक
AV9676,Harilal Saket,Satna,MAIHAR,"23130215104, GHSS AMATARA",प्रतिभागी,शिक्षक
AV7737,Mala Keshwani,Satna,MAIHAR,"23130208576, G EX. HSS MAIHAR",प्रतिभागी,शिक्षक
BW2180,Mohammad Sarfaraj Khan,Satna,MAIHAR,"23130208576, G EX. HSS MAIHAR",प्रतिभागी,शिक्षक
AV7460,Shivshankar Shrivastava,Satna,MAIHAR,"23130208577, GGHSS MAIHAR",प्रतिभागी,शिक्षक
AV7697,Jyotsna Parauha,Satna,MAIHAR,"23130208577, GGHSS MAIHAR",प्रतिभागी,शिक्षक
BX3092,Tekeshwari Thakre,Satna,MAIHAR,"23130208577, GGHSS MAIHAR",प्रतिभागी,शिक्षक
AV7351,Upendra Prasad Kushwaha,Satna,MAIHAR,"23130214809, GHSS BERMA",प्रतिभागी,शिक्षक
AV7449,Krishna Kumar Mishra,Satna,MAIHAR,"23130214809, GHSS BERMA",प्रतिभागी,शिक्षक
AV7892,Dolly Gautam,Satna,MAIHAR,"23130214809, GHSS BERMA",प्रतिभागी,शिक्षक
BS9290,Devendra Kumar Parte,Satna,MAIHAR,"23130214809, GHSS BERMA",प्रतिभागी,शिक्षक
BZ3925,Saroj Kushwaha,Satna,MAIHAR,"23130214809, GHSS BERMA",प्रतिभागी,शिक्षक
AV7237,Amrit Lal Patel,Satna,MAIHAR,"23130202515, GHSS GHUNWARA",प्रतिभागी,शिक्षक
BX2772,Ashiwani Kumar Pandey,Satna,MAIHAR,"23130202515, GHSS GHUNWARA",प्रतिभागी,शिक्षक
AV8965,Ram Nandan Upadhyaya,Satna,MAIHAR,"23130217710, GHS MADAI",प्रतिभागी,शिक्षक
AV7162,Mahesh Ram Kol,Satna,MAIHAR,"23130211610, GHSS LATAGAON",प्रतिभागी,शिक्षक
AV7369,Jagdish Prasad Kol,Satna,MAIHAR,"23130211610, GHSS LATAGAON",प्रतिभागी,शिक्षक
AV7622,Gyan Singh,Satna,MAIHAR,"23130211610, GHSS LATAGAON",प्रतिभागी,शिक्षक
AV7760,Niwas SAKET,Satna,MAIHAR,"23130211610, GHSS LATAGAON",प्रतिभागी,शिक्षक
BZ1295,Ramesh Doras,Satna,MAIHAR,"23130211610, GHSS LATAGAON",प्रतिभागी,शिक्षक
AV7278,Ramesh Singh,Satna,MAIHAR,"23130212603, GHSS GORAIYA",प्रतिभागी,शिक्षक
AV7576,Govind Prasad Gupta,Satna,MAIHAR,"23130212603, GHSS GORAIYA",प्रतिभागी,शिक्षक
AV6918,Shyam Kishor,Satna,MAIHAR,"23130219207, GHSS MAGRAURA",प्रतिभागी,शिक्षक
AW3683,Indrabhan Singh,Satna,MAIHAR,"23130219207, GHSS MAGRAURA",प्रतिभागी,शिक्षक
BX2239,Pushpa Ravi,Satna,MAIHAR,"23130219207, GHSS MAGRAURA",प्रतिभागी,शिक्षक
BY6616,Nilesh Kumar Shukla,Satna,MAIHAR,"23130219207, GHSS MAGRAURA",प्रतिभागी,शिक्षक
AV8967,Muneendra Kumar Panday,Satna,MAIHAR,"23130216009, GHSS NADAN",प्रतिभागी,शिक्षक
AW1375,Brajesh Kumar Patel,Satna,MAIHAR,"23130216009, GHSS NADAN",प्रतिभागी,शिक्षक
BX2159,Suryakant Tripathi,Satna,MAIHAR,"23130216009, GHSS NADAN",प्रतिभागी,शिक्षक
AV7606,Ravendra Singh,Satna,MAIHAR,"23130218704, GHSS TIDUHATA",प्रतिभागी,शिक्षक
BQ3383,Bharat Kumar Ravat,Satna,MAIHAR,"23130200810, GHSS AMDARA",प्रतिभागी,शिक्षक
BR5612,Kalpana Mishra,Satna,MAIHAR,"23130200810, GHSS AMDARA",प्रतिभागी,शिक्षक
BS3562,Vandana Shukla,Satna,MAIHAR,"23130200810, GHSS AMDARA",प्रतिभागी,शिक्षक
BZ3991,Lata Parihar,Satna,MAIHAR,"23130200810, GHSS AMDARA",प्रतिभागी,शिक्षक
BR5050,Bhavika Patle,Satna,MAIHAR,"23130202006, GHSS SABHAGANJ",प्रतिभागी,शिक्षक
AV4919,Sundar Lal Kushwaha,Satna,MAJHGWAN,"23130309123, GBHSS JAITWARA",प्रतिभागी,शिक्षक
BW7152,Sury Bhan Kushwaha,Satna,MAJHGWAN,"23130309123, GBHSS JAITWARA",प्रतिभागी,शिक्षक
AW1992,Vimla Devi Tripathi,Satna,MAJHGWAN,"23130300125, GGHSS BIRSINGHPUR",प्रतिभागी,शिक्षक
AV2292,RITA TIWARI,Satna,MAJHGWAN,"23130300124, GBHSS BIRSINGHPUR",प्रतिभागी,शिक्षक
BQ3539,Satish Kumar Mishra,Satna,MAJHGWAN,"23130300124, GBHSS BIRSINGHPUR",प्रतिभागी,शिक्षक
BS7009,Meena Saket,Satna,MAJHGWAN,"23130300124, GBHSS BIRSINGHPUR",प्रतिभागी,शिक्षक
AV5798,Ramnath Dohar,Satna,MAJHGWAN,"23130306816, GHSS NAYAGAON",प्रतिभागी,शिक्षक
AV5805,Santosh Kumar Kol,Satna,MAJHGWAN,"23130306816, GHSS NAYAGAON",प्रतिभागी,शिक्षक
AW2102,Ashok Kumar Kushwaha,Satna,MAJHGWAN,"23130306816, GHSS NAYAGAON",प्रतिभागी,शिक्षक
AT1908,Mahendra Kumar Tripathi,Satna,MAJHGWAN,"23130320710, G EX. HSS MAJHGAWAN",प्रतिभागी,शिक्षक
AV8232,Matabadan Verma,Satna,MAJHGWAN,"23130320710, G EX. HSS MAJHGAWAN",प्रतिभागी,शिक्षक
BG8881,Bharti Arora,Satna,MAJHGWAN,"23130320710, G EX. HSS MAJHGAWAN",प्रतिभागी,शिक्षक
AV8162,Janki Sharan Prajapti,Satna,MAJHGWAN,"23130302711, GHSS PINDRA",प्रतिभागी,शिक्षक
BT1835,Dinesh Kumar Patel,Satna,MAJHGWAN,"23130302711, GHSS PINDRA",प्रतिभागी,शिक्षक
BZ5938,Sarita Lange,Satna,MAJHGWAN,"23130302711, GHSS PINDRA",प्रतिभागी,शिक्षक
AV8030,Triloka Singh,Satna,MAJHGWAN,"23130315810, GHSS HIRAUDI",प्रतिभागी,शिक्षक
AV8159,Mamta Arakh,Satna,MAJHGWAN,"23130315810, GHSS HIRAUDI",प्रतिभागी,शिक्षक
AV8184,Ranno Devi Arakh,Satna,MAJHGWAN,"23130315810, GHSS HIRAUDI",प्रतिभागी,शिक्षक
AV8254,Mamta Patkar,Satna,MAJHGWAN,"23130315810, GHSS HIRAUDI",प्रतिभागी,शिक्षक
AV7964,Gaya Prasad Ravi,Satna,MAJHGWAN,"23130318805, GHSS KHOHI",प्रतिभागी,शिक्षक
AV7986,Ramsharan Sen,Satna,MAJHGWAN,"23130318805, GHSS KHOHI",प्रतिभागी,शिक्षक
AW3970,Munna Lal Yadav,Satna,MAJHGWAN,"23130318805, GHSS KHOHI",प्रतिभागी,शिक्षक
BS6571,Rajendra Kumar Yadav,Satna,MAJHGWAN,"23130318805, GHSS KHOHI",प्रतिभागी,शिक्षक
BZ1927,Ajay Kumar Payasi,Satna,MAJHGWAN,"23130318805, GHSS KHOHI",प्रतिभागी,शिक्षक
AV8395,Abhayraj Singh Chauhan,Satna,MAJHGWAN,"23130319306, GHSS NAIKAILA",प्रतिभागी,शिक्षक
AV5463,Sanjay Kumar Shukla,Satna,MAJHGWAN,"23130303015, GHSS KARIGOHI",प्रतिभागी,शिक्षक
AV4859,Ramayan Prasad Vishwakarma,Satna,MAJHGWAN,"23130309124, GGHSS JAITWARA",प्रतिभागी,शिक्षक
AV5828,Usha Garg,Satna,MAJHGWAN,"23130309124, GGHSS JAITWARA",प्रतिभागी,शिक्षक
AV5859,Meenakshi Agnihotri,Satna,MAJHGWAN,"23130309124, GGHSS JAITWARA",प्रतिभागी,शिक्षक
BR6865,Virendra Kumar Vishwakarma,Satna,MAJHGWAN,"23130309124, GGHSS JAITWARA",प्रतिभागी,शिक्षक
AV8342,Chandan Singh,Satna,MAJHGWAN,"23130313027, GHSS KAMTA CHITRAKOOT",प्रतिभागी,शिक्षक
BS7107,Pramod Kumar Prajapati,Satna,MAJHGWAN,"23130313027, GHSS KAMTA CHITRAKOOT",प्रतिभागी,शिक्षक
BX3654,Ajay Singh,Satna,MAJHGWAN,"23130313027, GHSS KAMTA CHITRAKOOT",प्रतिभागी,शिक्षक
BX3667,Rajendra Prasad,Satna,MAJHGWAN,"23130313027, GHSS KAMTA CHITRAKOOT",प्रतिभागी,शिक्षक
AV5193,Dadulle Prasad Satnami,Satna,MAJHGWAN,"23130307408, GHSS SHUKWAH",प्रतिभागी,शिक्षक
AX2629,Nisha Rawat,Satna,MAJHGWAN,"23130307408, GHSS SHUKWAH",प्रतिभागी,शिक्षक
BT6044,Jawitri Trivedi,Satna,MAJHGWAN,"23130307408, GHSS SHUKWAH",प्रतिभागी,शिक्षक
AV8214,Rajendra Kumar Majhi,Satna,MAJHGWAN,"23130311804, GHS GAUHANI",प्रतिभागी,शिक्षक
AT2093,Vijay Kumar Khare,Satna,NAGOD,"23130407912, GHSS SITPURA",प्रतिभागी,शिक्षक
AV3369,Dharmendra Kumar Mishra,Satna,NAGOD,"23130407912, GHSS SITPURA",प्रतिभागी,शिक्षक
AW3467,Brajesh Kumar Saini,Satna,NAGOD,"23130407912, GHSS SITPURA",प्रतिभागी,शिक्षक
AW3479,Neelam Bagri,Satna,NAGOD,"23130407912, GHSS SITPURA",प्रतिभागी,शिक्षक
BQ4263,Lalita Suryvanshi,Satna,NAGOD,"23130407912, GHSS SITPURA",प्रतिभागी,शिक्षक
AV9421,Neeraj Kumar Goyal,Satna,NAGOD,"23130407518, GHSS RAHIKWARA",प्रतिभागी,शिक्षक
AV9474,Manisha Varman,Satna,NAGOD,"23130407518, GHSS RAHIKWARA",प्रतिभागी,शिक्षक
AV9517,Jay Kishore Pandey,Satna,NAGOD,"23130407518, GHSS RAHIKWARA",प्रतिभागी,शिक्षक
BT8482,Savita Bagri,Satna,NAGOD,"23130407518, GHSS RAHIKWARA",प्रतिभागी,शिक्षक
AV5053,Lalman Kushwaha,Satna,NAGOD,"23130415118, GHSS JASO",प्रतिभागी,शिक्षक
AW3477,Amitesh Mishra,Satna,NAGOD,"23130415118, GHSS JASO",प्रतिभागी,शिक्षक
BQ8765,Niraj Kumar Mishra,Satna,NAGOD,"23130415118, GHSS JASO",प्रतिभागी,शिक्षक
AV5059,Pramod Kumar Panday,Satna,NAGOD,"23130405009, GHS KONDAR",प्रतिभागी,शिक्षक
BS9673,Sulkhan Rajak,Satna,NAGOD,"23130405009, GHS KONDAR",प्रतिभागी,शिक्षक
AT1360,Rakesh Kumar Pathak,Satna,NAGOD,"23130407116, GHSS SHIVRAJPUR",प्रतिभागी,शिक्षक
AV8111,Bansh Bahadur Yadav,Satna,NAGOD,"23130407116, GHSS SHIVRAJPUR",प्रतिभागी,शिक्षक
BS1763,Kamlesh Kumar Kori,Satna,NAGOD,"23130407116, GHSS SHIVRAJPUR",प्रतिभागी,शिक्षक
AV2404,Kalavati Prajapati,Satna,NAGOD,"23130400145, GOVT EXCELLENCE HR SEC SCHOOL NAGOD",प्रतिभागी,शिक्षक
AV9441,Rakesh Pratap Singh,Satna,NAGOD,"23130400145, GOVT EXCELLENCE HR SEC SCHOOL NAGOD",प्रतिभागी,शिक्षक
CD7365,MUKESH DWIVEDI,Satna,NAGOD,"23130400145, GOVT EXCELLENCE HR SEC SCHOOL NAGOD",प्रतिभागी,शिक्षक
AT1409,Vijay Laxmi Gupta,Satna,NAGOD,"23130400146, GOVT GIRLS HR SEC SCHOOL NAGOD",प्रतिभागी,शिक्षक
AV9267,Uma Shankar Dwivedi,Satna,NAGOD,"23130400146, GOVT GIRLS HR SEC SCHOOL NAGOD",प्रतिभागी,शिक्षक
AV9679,Surendra Prasad Kumhar,Satna,NAGOD,"23130400146, GOVT GIRLS HR SEC SCHOOL NAGOD",प्रतिभागी,शिक्षक
AW3459,Pratibha Pandey,Satna,NAGOD,"23130400146, GOVT GIRLS HR SEC SCHOOL NAGOD",प्रतिभागी,शिक्षक
BR4955,Sanu Prajapati,Satna,NAGOD,"23130400146, GOVT GIRLS HR SEC SCHOOL NAGOD",प्रतिभागी,शिक्षक
AV4351,Shashi Kant Gautam,Satna,NAGOD,"23130410910, GHSS SEMARWARA",प्रतिभागी,शिक्षक
AV9224,Anand Kumar Pandey,Satna,NAGOD,"23130410910, GHSS SEMARWARA",प्रतिभागी,शिक्षक
9630743832,Lovekesh Kumar Charmkar ,Satna,NAGOD,"23130405919, GHSS SINGHPUR",प्रतिभागी,शिक्षक
AV3254,Ganesh Jee Bagri,Satna,NAGOD,"23130405919, GHSS SINGHPUR",प्रतिभागी,शिक्षक
AW3280,Sayam Kishor Tiwari,Satna,NAGOD,"23130405919, GHSS SINGHPUR",प्रतिभागी,शिक्षक
AW3384,Malti Kushwaha,Satna,NAGOD,"23130405919, GHSS SINGHPUR",प्रतिभागी,शिक्षक
BW9185,Santosh Prajapati,Satna,NAGOD,"23130405919, GHSS SINGHPUR",प्रतिभागी,शिक्षक
CB9020,MAYUR KUMAR PATHAK,Satna,NAGOD,"23130405919, GHSS SINGHPUR",प्रतिभागी,शिक्षक
AW3350,Ramniranjan Bagri,Satna,NAGOD,"23130400209, GHSS BASUDHA",प्रतिभागी,शिक्षक
BN2835,Kuldeep Namdeo,Satna,NAGOD,"23130400209, GHSS BASUDHA",प्रतिभागी,शिक्षक
AV4337,Rajnarayan Garg,Satna,NAGOD,"23130422205, GHSS DUREHA",प्रतिभागी,शिक्षक
AV4345,Narvadeshwar Pratap Singh,Satna,NAGOD,"23130422205, GHSS DUREHA",प्रतिभागी,शिक्षक
BR6158,Pushpendra Singh Bundela,Satna,NAGOD,"23130422205, GHSS DUREHA",प्रतिभागी,शिक्षक
AW1183,Bhurelal Verma,Satna,RAM NAGAR,"23130504417, GHSS BADA ITMA",प्रतिभागी,शिक्षक
BZ8553,Rupa Mishra,Satna,RAM NAGAR,"23130504417, GHSS BADA ITMA",प्रतिभागी,शिक्षक
AN3174,Mahnaj Bee,Satna,RAM NAGAR,"23130507832, GGHSS RAMNAGAR",प्रतिभागी,शिक्षक
AW1206,Raj Kumari Soni,Satna,RAM NAGAR,"23130507832, GGHSS RAMNAGAR",प्रतिभागी,शिक्षक
AW2262,Devendra Prasad Mishra,Satna,RAM NAGAR,"23130511914, GHSS HINAUTI",प्रतिभागी,शिक्षक
BT8588,Akhilesh Pandey,Satna,RAM NAGAR,"23130511914, GHSS HINAUTI",प्रतिभागी,शिक्षक
BE7057,Shiv Kumar Patel,Satna,RAM NAGAR,"23130518606, GHSS MIRGAUTI",प्रतिभागी,शिक्षक
AV4579,Lalaiya Devi Kol,Satna,RAM NAGAR,"23130507831, G EX. HSS RAMNAGAR",प्रतिभागी,शिक्षक
AW1188,Bishram Das Sahu,Satna,RAM NAGAR,"23130507831, G EX. HSS RAMNAGAR",प्रतिभागी,शिक्षक
CB7117,POONAM SINGH,Satna,RAM NAGAR,"23130507831, G EX. HSS RAMNAGAR",प्रतिभागी,शिक्षक
AV4277,Ramprakash Bais,Satna,RAM NAGAR,"23130514103, GHSS LADBAD",प्रतिभागी,शिक्षक
AW1370,Ajay Kumar Patel,Satna,RAM NAGAR,"23130514103, GHSS LADBAD",प्रतिभागी,शिक्षक
7024460987,Rajendra  Saket ,Satna,RAMPUR BAGHELAN,"23130611910, GHSS CHORAHATA",प्रतिभागी,शिक्षक
9039655246,Deepak Kumar Singh ,Satna,RAMPUR BAGHELAN,"23130611910, GHSS CHORAHATA",प्रतिभागी,शिक्षक
9522294494,Roshni Kumari Saket ,Satna,RAMPUR BAGHELAN,"23130611910, GHSS CHORAHATA",प्रतिभागी,शिक्षक
9770164557,Rajni  Tiwari ,Satna,RAMPUR BAGHELAN,"23130611910, GHSS CHORAHATA",प्रतिभागी,शिक्षक
AV2413,Pushpa Singh Patel,Satna,RAMPUR BAGHELAN,"23130611910, GHSS CHORAHATA",प्रतिभागी,शिक्षक
AV4000,Ramdhani Saket,Satna,RAMPUR BAGHELAN,"23130611910, GHSS CHORAHATA",प्रतिभागी,शिक्षक
AV4023,Shobhnath Saket,Satna,RAMPUR BAGHELAN,"23130611910, GHSS CHORAHATA",प्रतिभागी,शिक्षक
AV4093,Ramsushil Pandey,Satna,RAMPUR BAGHELAN,"23130611910, GHSS CHORAHATA",प्रतिभागी,शिक्षक
AV4128,Rajkumar Kol,Satna,RAMPUR BAGHELAN,"23130611910, GHSS CHORAHATA",प्रतिभागी,शिक्षक
AV6013,Virendra Kumar Pandey,Satna,RAMPUR BAGHELAN,"23130611910, GHSS CHORAHATA",प्रतिभागी,शिक्षक
AV6383,Shyamlal Kumhar,Satna,RAMPUR BAGHELAN,"23130611910, GHSS CHORAHATA",प्रतिभागी,शिक्षक
AV6476,Ramesh Kumar Tiwari,Satna,RAMPUR BAGHELAN,"23130611910, GHSS CHORAHATA",प्रतिभागी,शिक्षक
BU5435,Anand Singh,Satna,RAMPUR BAGHELAN,"23130611910, GHSS CHORAHATA",प्रतिभागी,शिक्षक
AW2466,Akhilesh Kumar Dwivedi,Satna,RAMPUR BAGHELAN,"23130610506, GHSS GUDUHURU",प्रतिभागी,शिक्षक
AW2484,Ramkhelavan Saket,Satna,RAMPUR BAGHELAN,"23130610506, GHSS GUDUHURU",प्रतिभागी,शिक्षक
BT4083,Mamta Dwivedi,Satna,RAMPUR BAGHELAN,"23130610506, GHSS GUDUHURU",प्रतिभागी,शिक्षक
BY8460,Shilpi Gupta,Satna,RAMPUR BAGHELAN,"23130610506, GHSS GUDUHURU",प्रतिभागी,शिक्षक
BP4557,Padma Tiwari,Satna,RAMPUR BAGHELAN,"23130605813, GHSS SAJJANPUR",प्रतिभागी,शिक्षक
BT4425,Poonam Dubey,Satna,RAMPUR BAGHELAN,"23130605813, GHSS SAJJANPUR",प्रतिभागी,शिक्षक
BX4732,Pravin Kumar Pandey,Satna,RAMPUR BAGHELAN,"23130605813, GHSS SAJJANPUR",प्रतिभागी,शिक्षक
BX8644,Ramawatar Kushwaha,Satna,RAMPUR BAGHELAN,"23130605813, GHSS SAJJANPUR",प्रतिभागी,शिक्षक
9584561788,Deepak  Singh ,Satna,RAMPUR BAGHELAN,"23130608214, GHSS SIJAHATA",प्रतिभागी,शिक्षक
AW3088,Rajpal Singh,Satna,RAMPUR BAGHELAN,"23130608214, GHSS SIJAHATA",प्रतिभागी,शिक्षक
BX6730,Nagendra Chaturvedi,Satna,RAMPUR BAGHELAN,"23130608214, GHSS SIJAHATA",प्रतिभागी,शिक्षक
AV4113,Seeta Saket,Satna,RAMPUR BAGHELAN,"23130613910, GHSS KRISHNAGARH",प्रतिभागी,शिक्षक
AV3364,Anjani Kumar Tripathi,Satna,RAMPUR BAGHELAN,"23130609024, GGHSS RAMPUR BAGHELAN",प्रतिभागी,शिक्षक
AV4760,Chanchala Singh,Satna,RAMPUR BAGHELAN,"23130609024, GGHSS RAMPUR BAGHELAN",प्रतिभागी,शिक्षक
AV7901,Rajesh Kumar Soni,Satna,RAMPUR BAGHELAN,"23130609024, GGHSS RAMPUR BAGHELAN",प्रतिभागी,शिक्षक
BW8583,Alka Singh,Satna,RAMPUR BAGHELAN,"23130609024, GGHSS RAMPUR BAGHELAN",प्रतिभागी,शिक्षक
AV2861,Durga Prasad Dwivedi,Satna,RAMPUR BAGHELAN,"23130602111, GHSS GORAIYA",प्रतिभागी,शिक्षक
AV6685,Bhimsen Verma,Satna,RAMPUR BAGHELAN,"23130602111, GHSS GORAIYA",प्रतिभागी,शिक्षक
AV3080,Prashant Kumar Dwivedi,Satna,RAMPUR BAGHELAN,"23130601812, GHSS BIHRA NO 1",प्रतिभागी,शिक्षक
AV3688,Jaipal Singh,Satna,RAMPUR BAGHELAN,"23130601812, GHSS BIHRA NO 1",प्रतिभागी,शिक्षक
AV3690,Kaushalendra Singh Baghel,Satna,RAMPUR BAGHELAN,"23130601812, GHSS BIHRA NO 1",प्रतिभागी,शिक्षक
BC6540,Shivraj Singh,Satna,RAMPUR BAGHELAN,"23130601812, GHSS BIHRA NO 1",प्रतिभागी,शिक्षक
AV3896,Rajesh Singh,Satna,RAMPUR BAGHELAN,"23130605308, GHSS CHHIBAURA",प्रतिभागी,शिक्षक
AW1734,Krishnapal Verma,Satna,RAMPUR BAGHELAN,"23130609114, LATE SHRI SHATRUGHAN SINGH TIWARI GHSS CHORMARI",प्रतिभागी,शिक्षक
AV6021,Dinesh Kumar Tripathi,Satna,RAMPUR BAGHELAN,"23130604012, GHSS ABER",प्रतिभागी,शिक्षक
BT9628,Suryabhan Satnami,Satna,RAMPUR BAGHELAN,"23130604012, GHSS ABER",प्रतिभागी,शिक्षक
AV2896,Krishnakant Chaturvedi,Satna,SOHAWAL,"23130710533, AMAR SHHEED THAKUR RANMAT SINGH GHSS KOTHI",प्रतिभागी,शिक्षक
AV6131,Ramakant Singh Tiwari,Satna,SOHAWAL,"23130710533, AMAR SHHEED THAKUR RANMAT SINGH GHSS KOTHI",प्रतिभागी,शिक्षक
AW2955,Indra Singh,Satna,SOHAWAL,"23130710533, AMAR SHHEED THAKUR RANMAT SINGH GHSS KOTHI",प्रतिभागी,शिक्षक
BQ7353,Sushil Kumar Tripathi,Satna,SOHAWAL,"23130710533, AMAR SHHEED THAKUR RANMAT SINGH GHSS KOTHI",प्रतिभागी,शिक्षक
BR4762,Ram Narayan Kacher,Satna,SOHAWAL,"23130710533, AMAR SHHEED THAKUR RANMAT SINGH GHSS KOTHI",प्रतिभागी,शिक्षक
AV2893,Nita Garg,Satna,SOHAWAL,"23130716821, GBHSS SOHAWAL",प्रतिभागी,शिक्षक
AV4385,Anjanee Singh,Satna,SOHAWAL,"23130716821, GBHSS SOHAWAL",प्रतिभागी,शिक्षक
AV4959,Mithla Prajapati,Satna,SOHAWAL,"23130716821, GBHSS SOHAWAL",प्रतिभागी,शिक्षक
AV6755,Rajiv Tiwari,Satna,SOHAWAL,"23130716821, GBHSS SOHAWAL",प्रतिभागी,शिक्षक
AV7909,Vinod Tiwari,Satna,SOHAWAL,"23130716821, GBHSS SOHAWAL",प्रतिभागी,शिक्षक
AW3461,Kalyan Pati Chaturvedi,Satna,SOHAWAL,"23130716821, GBHSS SOHAWAL",प्रतिभागी,शिक्षक
BX5562,Shailendra Kumar,Satna,SOHAWAL,"23130716821, GBHSS SOHAWAL",प्रतिभागी,शिक्षक
AV4913,Arun Kumar Pandey,Satna,SOHAWAL,"23130706013, LATE DADA SUKHENDRA SINGH G EX. HSS RAIGAON",प्रतिभागी,शिक्षक
AV9848,Chandrashekhar Bagri,Satna,SOHAWAL,"23130706013, LATE DADA SUKHENDRA SINGH G EX. HSS RAIGAON",प्रतिभागी,शिक्षक
AT2946,Susheel Kumar Dwivedi,Satna,SOHAWAL,"23130710607, GHSS BHUMKAHAR",प्रतिभागी,शिक्षक
AT3551,Brijvallbh Singh Chouhan,Satna,SOHAWAL,"23130710607, GHSS BHUMKAHAR",प्रतिभागी,शिक्षक
BP9374,Man Mohan Mishra,Satna,SOHAWAL,"23130710607, GHSS BHUMKAHAR",प्रतिभागी,शिक्षक
AV2178,Manjula Shrivastava,Satna,SOHAWAL,"23130720225, GGHSS DHAWARI",प्रतिभागी,शिक्षक
AV2933,Chanda Kol,Satna,SOHAWAL,"23130720225, GGHSS DHAWARI",प्रतिभागी,शिक्षक
AW2664,Ranjita Khare,Satna,SOHAWAL,"23130720225, GGHSS DHAWARI",प्रतिभागी,शिक्षक
AV6397,Vinita Singh,Satna,SOHAWAL,"23130716718, GHSS MADAVGARH",प्रतिभागी,शिक्षक
AV6654,Neeta Shukla,Satna,SOHAWAL,"23130716718, GHSS MADAVGARH",प्रतिभागी,शिक्षक
AV6663,Manish Kumar Mishra,Satna,SOHAWAL,"23130716718, GHSS MADAVGARH",प्रतिभागी,शिक्षक
AW2795,SHRIKANT YADAV,Satna,SOHAWAL,"23130716718, GHSS MADAVGARH",प्रतिभागी,शिक्षक
BB8191,Janki Tiwari,Satna,SOHAWAL,"23130716718, GHSS MADAVGARH",प्रतिभागी,शिक्षक
BN7005,Rajeev Kumar Mishra,Satna,SOHAWAL,"23130716718, GHSS MADAVGARH",प्रतिभागी,शिक्षक
BQ6868,Amrita Singh,Satna,SOHAWAL,"23130716718, GHSS MADAVGARH",प्रतिभागी,शिक्षक
BW5447,Prakash Narayan Singh,Satna,SOHAWAL,"23130716718, GHSS MADAVGARH",प्रतिभागी,शिक्षक
BX8389,Bodhraj Kushwaha,Satna,SOHAWAL,"23130716718, GHSS MADAVGARH",प्रतिभागी,शिक्षक
CE1037,SHAKAMBARI DUBEY,Satna,SOHAWAL,"23130716718, GHSS MADAVGARH",प्रतिभागी,शिक्षक
AV2632,Biran  Kumar Kumahar,Satna,SOHAWAL,"23130701013, GHSS KARSARA",प्रतिभागी,शिक्षक
AV5566,Devdas Kol,Satna,SOHAWAL,"23130701013, GHSS KARSARA",प्रतिभागी,शिक्षक
AW1011,Shailendra Pratap Bagri,Satna,SOHAWAL,"23130701013, GHSS KARSARA",प्रतिभागी,शिक्षक
CA6794,PUSHPENDRA BAGRI,Satna,SOHAWAL,"23130701013, GHSS KARSARA",प्रतिभागी,शिक्षक
AV6159,Saroj Kori,Satna,SOHAWAL,"23130710532, GGHS KOTHI",प्रतिभागी,शिक्षक
BW4749,Jaya Shukla,Satna,SOHAWAL,"23130710532, GGHS KOTHI",प्रतिभागी,शिक्षक
BA4957,Jayram Vishwakarma,Satna,SOHAWAL,"23130708012, GHSS BARHANA (KOTHI)",प्रतिभागी,शिक्षक
BZ3400,Muneshwar Prasad Sharma,Satna,SOHAWAL,"23130708012, GHSS BARHANA (KOTHI)",प्रतिभागी,शिक्षक
AT4424,Jyoti Singh,Satna,SOHAWAL,"23130701406, GHSS HATI",प्रतिभागी,शिक्षक
AV2890,Santosh Kumar Choudhari,Satna,SOHAWAL,"23130701406, GHSS HATI",प्रतिभागी,शिक्षक
AV6311,Yogesh Shrivastava,Satna,SOHAWAL,"23130701406, GHSS HATI",प्रतिभागी,शिक्षक
AV9457,Sudha Mishra,Satna,SOHAWAL,"23130701406, GHSS HATI",प्रतिभागी,शिक्षक
AW3050,Dalveer Singh,Satna,SOHAWAL,"23130701406, GHSS HATI",प्रतिभागी,शिक्षक
AV6753,Bal Krishna Soni,Satna,SOHAWAL,"23130721806, GHSS VENKAT NO. 2 SATNA",प्रतिभागी,शिक्षक
AW1511,Reeta Agrawal,Satna,SOHAWAL,"23130721806, GHSS VENKAT NO. 2 SATNA",प्रतिभागी,शिक्षक
AW2995,Kamlesh Bagari,Satna,SOHAWAL,"23130721806, GHSS VENKAT NO. 2 SATNA",प्रतिभागी,शिक्षक
BR9509,Suman Singh,Satna,SOHAWAL,"23130721806, GHSS VENKAT NO. 2 SATNA",प्रतिभागी,शिक्षक
AW2903,Manoj Kumar Singh,Satna,SOHAWAL,"23130711907, GHSS DAGDEEHA",प्रतिभागी,शिक्षक
AT4402,Veerendra Singh,Satna,SOHAWAL,"23130714609, GHSS GHURDANG",प्रतिभागी,शिक्षक
AW2866,Ramadhar Dwivedi,Satna,SOHAWAL,"23130714609, GHSS GHURDANG",प्रतिभागी,शिक्षक
BU3993,Shalini Mishra,Satna,SOHAWAL,"23130714609, GHSS GHURDANG",प्रतिभागी,शिक्षक
AN6666,Girija Singh,Satna,SOHAWAL,"23130713007, GHSS KUWA",प्रतिभागी,शिक्षक
BS9325,Hari Narayan Chaurasiya,Satna,SOHAWAL,"23130713007, GHSS KUWA",प्रतिभागी,शिक्षक
BX7046,Pankaj Kumar Dwivedi,Satna,SOHAWAL,"23130713007, GHSS KUWA",प्रतिभागी,शिक्षक
BQ6502,Anand Singh,Satna,UNCHERA,"23130800140, G EX. HSS UNCHEHRA",प्रतिभागी,शिक्षक
AV6224,Rambahor Kol,Satna,UNCHERA,"23130808207, GHSS GUDHUWA LAGARGAWA",प्रतिभागी,शिक्षक
AV6473,Suresh Kumar Chaudhari,Satna,UNCHERA,"23130808207, GHSS GUDHUWA LAGARGAWA",प्रतिभागी,शिक्षक
AW3694,Alka Pradhan,Satna,UNCHERA,"23130808207, GHSS GUDHUWA LAGARGAWA",प्रतिभागी,शिक्षक
BT4099,Nirmala Tiwari,Satna,UNCHERA,"23130808207, GHSS GUDHUWA LAGARGAWA",प्रतिभागी,शिक्षक
CD1485,SHIVA SONI,Satna,UNCHERA,"23130808207, GHSS GUDHUWA LAGARGAWA",प्रतिभागी,शिक्षक
AV7677,Raghuvar Sharan Shukla,Satna,UNCHERA,"23130806807, GHSS ICHAUL",प्रतिभागी,शिक्षक
AV9601,Ram Vishwas Kori,Satna,UNCHERA,"23130806807, GHSS ICHAUL",प्रतिभागी,शिक्षक
AV9605,Virendra Singh,Satna,UNCHERA,"23130806807, GHSS ICHAUL",प्रतिभागी,शिक्षक
BW5305,Sushil Kumar Patel,Satna,UNCHERA,"23130806807, GHSS ICHAUL",प्रतिभागी,शिक्षक
BY9308,Krishna Gopal Namdeo,Satna,UNCHERA,"23130806807, GHSS ICHAUL",प्रतिभागी,शिक्षक
BZ1052,Tekchand Bisen,Satna,UNCHERA,"23130806807, GHSS ICHAUL",प्रतिभागी,शिक्षक
AT1945,Shrawan Kumar Chaturvedi,Satna,UNCHERA,"23130807711, GHSS BHATANWARA",प्रतिभागी,शिक्षक
AV3383,Ravindra Kumar Gautam,Satna,UNCHERA,"23130807711, GHSS BHATANWARA",प्रतिभागी,शिक्षक
AV3582,Raj Deep Singh,Satna,UNCHERA,"23130807711, GHSS BHATANWARA",प्रतिभागी,सीएसी
AV6487,Brajesh Kumar Prajapati,Satna,UNCHERA,"23130807711, GHSS BHATANWARA",प्रतिभागी,शिक्षक
BW5322,Anamika Namdeo,Satna,UNCHERA,"23130807711, GHSS BHATANWARA",प्रतिभागी,शिक्षक
BX8547,Rama Kushwaha,Satna,UNCHERA,"23130807711, GHSS BHATANWARA",प्रतिभागी,शिक्षक
BZ3970,Dinesh Kumar Gautam,Satna,UNCHERA,"23130807711, GHSS BHATANWARA",प्रतिभागी,शिक्षक
AS9260,Pooja Vishwakarma,Satna,UNCHERA,"23130805712, Lal Kamadraj Singh GHSS PATAURA",प्रतिभागी,शिक्षक
AV6451,Rakesh Kumar Chaturvedi,Satna,UNCHERA,"23130805712, Lal Kamadraj Singh GHSS PATAURA",प्रतिभागी,शिक्षक
AV8498,Ram Prakash Yadav,Satna,UNCHERA,"23130805712, Lal Kamadraj Singh GHSS PATAURA",प्रतिभागी,शिक्षक
AW3695,Sushma Pandey,Satna,UNCHERA,"23130805712, Lal Kamadraj Singh GHSS PATAURA",प्रतिभागी,शिक्षक
BQ7511,Ravindra Kumar Shrivastava,Satna,UNCHERA,"23130805712, Lal Kamadraj Singh GHSS PATAURA",प्रतिभागी,शिक्षक
AV9829,Ram Prasad Tiwari,Satna,UNCHERA,"23130801911, GHSS ATRA",प्रतिभागी,शिक्षक
CB1987,HEMLATA RAHANGDALE,Sehore,BUDHANI,"23330210807, GOVT. HSS DOBI",प्रतिभागी,शिक्षक
AA5971,Arifa Kausar,Sehore,ICHHAWAR,"23330302207, GOVT. HS SEMALIJADID",प्रतिभागी,शिक्षक
AY8283,Krishna Kumar Jaiswal,Seoni,BARGHAT,"23440201016, GOVT. HSS ARI",प्रतिभागी,शिक्षक
AY8366,Surendra Kumar Gedam,Seoni,BARGHAT,"23440201016, GOVT. HSS ARI",प्रतिभागी,शिक्षक
AY9245,Pratap Singh,Seoni,BARGHAT,"23440201016, GOVT. HSS ARI",प्रतिभागी,शिक्षक
AZ2126,Teerath Nag,Seoni,BARGHAT,"23440201016, GOVT. HSS ARI",प्रतिभागी,शिक्षक
AZ7350,Murlidhar Rangdale,Seoni,BARGHAT,"23440201016, GOVT. HSS ARI",प्रतिभागी,शिक्षक
BR5754,Anil Kumar Thakre,Seoni,BARGHAT,"23440201016, GOVT. HSS ARI",प्रतिभागी,शिक्षक
BS7608,Mamta Bisen,Seoni,BARGHAT,"23440201016, GOVT. HSS ARI",प्रतिभागी,शिक्षक
BU2967,Gajendra Kumar Bhagat,Seoni,BARGHAT,"23440201016, GOVT. HSS ARI",प्रतिभागी,शिक्षक
BU5685,Khimlesh Kumar Goutam,Seoni,BARGHAT,"23440201016, GOVT. HSS ARI",प्रतिभागी,शिक्षक
BU6207,Lokesh Pandey,Seoni,BARGHAT,"23440201016, GOVT. HSS ARI",प्रतिभागी,शिक्षक
BY8505,Sanjay Kumar Marskole,Seoni,BARGHAT,"23440201016, GOVT. HSS ARI",प्रतिभागी,शिक्षक
AY7373,Lok Chand Thakur,Seoni,BARGHAT,"23440212208, GOVT. HSS ASHTA",प्रतिभागी,शिक्षक
AY7419,Shyamvati Patle,Seoni,BARGHAT,"23440212208, GOVT. HSS ASHTA",प्रतिभागी,शिक्षक
AY9611,Santosh Kumar,Seoni,BARGHAT,"23440212208, GOVT. HSS ASHTA",प्रतिभागी,शिक्षक
AZ2556,Manoj Kumar Jaitvar,Seoni,BARGHAT,"23440212208, GOVT. HSS ASHTA",प्रतिभागी,शिक्षक
BX3058,Rambharos Katre,Seoni,BARGHAT,"23440212208, GOVT. HSS ASHTA",प्रतिभागी,शिक्षक
CB5357,VARSHA BADME,Seoni,BARGHAT,"23440212208, GOVT. HSS ASHTA",प्रतिभागी,शिक्षक
CB6414,VINEETA DHURVE,Seoni,BARGHAT,"23440212208, GOVT. HSS ASHTA",प्रतिभागी,शिक्षक
AZ2182,Takkan Singh,Seoni,BARGHAT,"23440207112, GOVT. HSS GANGERUA (DHAPARA)",प्रतिभागी,शिक्षक
AZ3887,Ramkripal Uikey,Seoni,BARGHAT,"23440207112, GOVT. HSS GANGERUA (DHAPARA)",प्रतिभागी,शिक्षक
AZ7438,Kamta Prasad Harinkhede,Seoni,BARGHAT,"23440207112, GOVT. HSS GANGERUA (DHAPARA)",प्रतिभागी,शिक्षक
BJ8634,Nemichand Neware,Seoni,BARGHAT,"23440207112, GOVT. HSS GANGERUA (DHAPARA)",प्रतिभागी,शिक्षक
BS8787,Anil Kumar Borkar,Seoni,BARGHAT,"23440207112, GOVT. HSS GANGERUA (DHAPARA)",प्रतिभागी,शिक्षक
BS9877,Salikram Bhoore,Seoni,BARGHAT,"23440207112, GOVT. HSS GANGERUA (DHAPARA)",प्रतिभागी,शिक्षक
BT4602,Fakeerchand Bisen,Seoni,BARGHAT,"23440207112, GOVT. HSS GANGERUA (DHAPARA)",प्रतिभागी,शिक्षक
BV4897,Dr.Dinesh Kumar Gautam,Seoni,BARGHAT,"23440207112, GOVT. HSS GANGERUA (DHAPARA)",प्रतिभागी,शिक्षक
AY7563,Bharat Lal Baghel,Seoni,BARGHAT,"23440213505, GOVT. HSS KHAMI",प्रतिभागी,शिक्षक
AY7673,Uday Prakash Hirakney,Seoni,BARGHAT,"23440213505, GOVT. HSS KHAMI",प्रतिभागी,शिक्षक
AY7675,Veer Singh Pandre,Seoni,BARGHAT,"23440213505, GOVT. HSS KHAMI",प्रतिभागी,शिक्षक
BU2962,Hemant Pandre,Seoni,BARGHAT,"23440213505, GOVT. HSS KHAMI",प्रतिभागी,शिक्षक
BU5576,GUNENDRI CHOUDHARY,Seoni,BARGHAT,"23440213505, GOVT. HSS KHAMI",प्रतिभागी,शिक्षक
AY7647,Beena Dhurve,Seoni,BARGHAT,"23440202505, GOVT. HSS BUDHENA KALA",प्रतिभागी,शिक्षक
AY9286,Lilavati Vatti,Seoni,BARGHAT,"23440202505, GOVT. HSS BUDHENA KALA",प्रतिभागी,शिक्षक
AZ2161,Deena Markam,Seoni,BARGHAT,"23440202505, GOVT. HSS BUDHENA KALA",प्रतिभागी,शिक्षक
BU2609,Dharmendra Kumar Tekam,Seoni,BARGHAT,"23440202505, GOVT. HSS BUDHENA KALA",प्रतिभागी,शिक्षक
BU3356,Mukesh Tiwari,Seoni,BARGHAT,"23440202505, GOVT. HSS BUDHENA KALA",प्रतिभागी,शिक्षक
BY3886,Pushpa Jambhare,Seoni,BARGHAT,"23440202505, GOVT. HSS BUDHENA KALA",प्रतिभागी,शिक्षक
CB6615,MAMTA UIKEY,Seoni,BARGHAT,"23440202505, GOVT. HSS BUDHENA KALA",प्रतिभागी,शिक्षक
AL4135,Tamesh Kumar Sahu,Seoni,BARGHAT,"23440214112, GOVT. HSS DHARNA KALA",प्रतिभागी,शिक्षक
AY7730,Yogendra Singh Thakur,Seoni,BARGHAT,"23440214112, GOVT. HSS DHARNA KALA",प्रतिभागी,शिक्षक
AZ1093,Lata Deshmukh,Seoni,BARGHAT,"23440214112, GOVT. HSS DHARNA KALA",प्रतिभागी,शिक्षक
BP6049,Shweta Singh Rajput,Seoni,BARGHAT,"23440214112, GOVT. HSS DHARNA KALA",प्रतिभागी,शिक्षक
AC8222,Ram Kumar Bhoyer,Seoni,BARGHAT,"23440210539, GOVT. HSS EXCELLENCE BARGHAT",प्रतिभागी,शिक्षक
AY7620,Lalsingh Parihar,Seoni,BARGHAT,"23440210539, GOVT. HSS EXCELLENCE BARGHAT",प्रतिभागी,शिक्षक
AY8376,Dileep Kumar Choudhary,Seoni,BARGHAT,"23440210539, GOVT. HSS EXCELLENCE BARGHAT",प्रतिभागी,शिक्षक
AY9301,Balwant Singh Temre,Seoni,BARGHAT,"23440210539, GOVT. HSS EXCELLENCE BARGHAT",प्रतिभागी,शिक्षक
AY9579,Prabhawati Thakur,Seoni,BARGHAT,"23440210539, GOVT. HSS EXCELLENCE BARGHAT",प्रतिभागी,शिक्षक
BW7044,Omprakash Namdev,Seoni,BARGHAT,"23440210539, GOVT. HSS EXCELLENCE BARGHAT",प्रतिभागी,शिक्षक
AH2695,Sharmila Tekam,Seoni,BARGHAT,"23440210540, GOVT. HSS GIRLS, BARGHAT",प्रतिभागी,शिक्षक
AY9532,Nilesh Kumar Uikey,Seoni,BARGHAT,"23440210540, GOVT. HSS GIRLS, BARGHAT",प्रतिभागी,शिक्षक
AZ2598,Archana Vasnik,Seoni,BARGHAT,"23440210540, GOVT. HSS GIRLS, BARGHAT",प्रतिभागी,शिक्षक
AZ5903,Kamla Prasad Patle,Seoni,BARGHAT,"23440210540, GOVT. HSS GIRLS, BARGHAT",प्रतिभागी,शिक्षक
AZ5994,Ashfaque Ansari,Seoni,BARGHAT,"23440210540, GOVT. HSS GIRLS, BARGHAT",प्रतिभागी,शिक्षक
BU2964,Ramkumari Uikey,Seoni,BARGHAT,"23440210540, GOVT. HSS GIRLS, BARGHAT",प्रतिभागी,शिक्षक
BY3123,Tevindra Katre,Seoni,BARGHAT,"23440210540, GOVT. HSS GIRLS, BARGHAT",प्रतिभागी,शिक्षक
AY8424,Saroj Saiyam,Seoni,BARGHAT,"23440205511, GOVT. HSS BORIKALA",प्रतिभागी,शिक्षक
BQ8033,Niteshvaree Tembhre,Seoni,BARGHAT,"23440205511, GOVT. HSS BORIKALA",प्रतिभागी,शिक्षक
BV4489,Mahanand Bopche,Seoni,BARGHAT,"23440205511, GOVT. HSS BORIKALA",प्रतिभागी,शिक्षक
AY8437,Ritu Baghel,Seoni,CHHAPARA,"23440500132, GOVT. HSS EXCELLENCE CHHAPARA",प्रतिभागी,शिक्षक
AY9738,Pramod Shivhare,Seoni,CHHAPARA,"23440500132, GOVT. HSS EXCELLENCE CHHAPARA",प्रतिभागी,शिक्षक
AZ1052,Khursid Naushad Khairo,Seoni,CHHAPARA,"23440500132, GOVT. HSS EXCELLENCE CHHAPARA",प्रतिभागी,शिक्षक
AZ1263,Dost Mohammad khan,Seoni,CHHAPARA,"23440500132, GOVT. HSS EXCELLENCE CHHAPARA",प्रतिभागी,शिक्षक
AZ1291,Anil Kumar Dongre,Seoni,CHHAPARA,"23440500132, GOVT. HSS EXCELLENCE CHHAPARA",प्रतिभागी,शिक्षक
AZ6164,Rajnarayan Tiwari,Seoni,CHHAPARA,"23440500132, GOVT. HSS EXCELLENCE CHHAPARA",प्रतिभागी,शिक्षक
AZ6182,Koduram Parde,Seoni,CHHAPARA,"23440500132, GOVT. HSS EXCELLENCE CHHAPARA",प्रतिभागी,शिक्षक
AZ6194,Mamta Kumar,Seoni,CHHAPARA,"23440500132, GOVT. HSS EXCELLENCE CHHAPARA",प्रतिभागी,शिक्षक
AZ6296,Bijender Singh Khestriya,Seoni,CHHAPARA,"23440500132, GOVT. HSS EXCELLENCE CHHAPARA",प्रतिभागी,शिक्षक
BF7551,Priyanka Jaiswal,Seoni,CHHAPARA,"23440500132, GOVT. HSS EXCELLENCE CHHAPARA",प्रतिभागी,शिक्षक
BS7295,Rekha Bhuriya,Seoni,CHHAPARA,"23440500132, GOVT. HSS EXCELLENCE CHHAPARA",प्रतिभागी,शिक्षक
BT8139,Chhaya Sahu,Seoni,CHHAPARA,"23440500132, GOVT. HSS EXCELLENCE CHHAPARA",प्रतिभागी,शिक्षक
BV1643,Satendra Awadhiya,Seoni,CHHAPARA,"23440500132, GOVT. HSS EXCELLENCE CHHAPARA",प्रतिभागी,शिक्षक
AY8432,Abhilasha Awasthi,Seoni,CHHAPARA,"23440500133, GOVT. HSS GIRLS, CHHAPARA",प्रतिभागी,शिक्षक
AY9944,Devendra Thakur,Seoni,CHHAPARA,"23440500133, GOVT. HSS GIRLS, CHHAPARA",प्रतिभागी,शिक्षक
AZ1090,Mahesh Prasad Kumre,Seoni,CHHAPARA,"23440500133, GOVT. HSS GIRLS, CHHAPARA",प्रतिभागी,शिक्षक
AZ1231,Priyanka Priyanka marskole,Seoni,CHHAPARA,"23440500133, GOVT. HSS GIRLS, CHHAPARA",प्रतिभागी,शिक्षक
AZ1252,Sunil Awashthi,Seoni,CHHAPARA,"23440500133, GOVT. HSS GIRLS, CHHAPARA",प्रतिभागी,शिक्षक
AZ1419,Manju Yadav,Seoni,CHHAPARA,"23440500133, GOVT. HSS GIRLS, CHHAPARA",प्रतिभागी,शिक्षक
AZ5179,Gayatri Dubey,Seoni,CHHAPARA,"23440500133, GOVT. HSS GIRLS, CHHAPARA",प्रतिभागी,शिक्षक
AZ6249,Devi Prasad Sanodiya,Seoni,CHHAPARA,"23440500133, GOVT. HSS GIRLS, CHHAPARA",प्रतिभागी,शिक्षक
AZ6275,Jagdish Kumar Singotiya,Seoni,CHHAPARA,"23440500133, GOVT. HSS GIRLS, CHHAPARA",प्रतिभागी,शिक्षक
AZ6311,Santosh Nema,Seoni,CHHAPARA,"23440500133, GOVT. HSS GIRLS, CHHAPARA",प्रतिभागी,शिक्षक
BS7525,Anjana Shriwastav,Seoni,CHHAPARA,"23440500133, GOVT. HSS GIRLS, CHHAPARA",प्रतिभागी,शिक्षक
BU4550,Ananad Soni,Seoni,CHHAPARA,"23440500133, GOVT. HSS GIRLS, CHHAPARA",प्रतिभागी,शिक्षक
BW7446,Saroj Rahangdale,Seoni,CHHAPARA,"23440500133, GOVT. HSS GIRLS, CHHAPARA",प्रतिभागी,शिक्षक
AZ4308,Koshlesh Kumar Chouksey,Seoni,CHHAPARA,"23440503005, GOVT. HSS KEKDA",प्रतिभागी,शिक्षक
AY9978,Zameel Ahmed Khan,Seoni,CHHAPARA,"23440508110, GOVT. HSS BHIMGARH",प्रतिभागी,शिक्षक
AZ1096,Mohmmad Qureshi,Seoni,CHHAPARA,"23440508110, GOVT. HSS BHIMGARH",प्रतिभागी,शिक्षक
AY9746,Hirup Singh Thakur,Seoni,CHHAPARA,"23440503712, GOVT. HSS CHAMARI KHURD",प्रतिभागी,शिक्षक
AY9997,Satendra Sahu,Seoni,CHHAPARA,"23440503712, GOVT. HSS CHAMARI KHURD",प्रतिभागी,शिक्षक
AZ6210,Dudanlal Yadav,Seoni,CHHAPARA,"23440503712, GOVT. HSS CHAMARI KHURD",प्रतिभागी,शिक्षक
AS3207,Reena Chouksey,Seoni,CHHAPARA,"23440500131, GOVT. HS GIRLS, CHHAPARA",प्रतिभागी,शिक्षक
AY9901,Jai Shankar Dixit,Seoni,CHHAPARA,"23440500131, GOVT. HS GIRLS, CHHAPARA",प्रतिभागी,शिक्षक
AZ1082,Rashmi Patel,Seoni,CHHAPARA,"23440500131, GOVT. HS GIRLS, CHHAPARA",प्रतिभागी,शिक्षक
AZ1173,Rajni Soni,Seoni,CHHAPARA,"23440500131, GOVT. HS GIRLS, CHHAPARA",प्रतिभागी,शिक्षक
AZ1268,NEETU SONI,Seoni,CHHAPARA,"23440500131, GOVT. HS GIRLS, CHHAPARA",प्रतिभागी,शिक्षक
BS7294,Pushpalata Bardiya,Seoni,CHHAPARA,"23440500131, GOVT. HS GIRLS, CHHAPARA",प्रतिभागी,शिक्षक
CA2492,Irfan Ansari,Seoni,CHHAPARA,"23440500131, GOVT. HS GIRLS, CHHAPARA",प्रतिभागी,शिक्षक
CC4604,JYOTI SUMAN,Seoni,CHHAPARA,"23440500131, GOVT. HS GIRLS, CHHAPARA",प्रतिभागी,शिक्षक
AZ1529,Radhe Shyam Nirmalkar,Seoni,DHANORA,"23440804616, GOVT. HSS EXCELLENCE DHANORA",प्रतिभागी,शिक्षक
AZ1559,Kirtilata Khalko,Seoni,DHANORA,"23440804616, GOVT. HSS EXCELLENCE DHANORA",प्रतिभागी,शिक्षक
AZ1635,Pusu Lal Kunjam,Seoni,DHANORA,"23440804616, GOVT. HSS EXCELLENCE DHANORA",प्रतिभागी,शिक्षक
AZ1659,Archana Shrivastava,Seoni,DHANORA,"23440804616, GOVT. HSS EXCELLENCE DHANORA",प्रतिभागी,शिक्षक
AZ1785,Gend Lal Ahirwar,Seoni,DHANORA,"23440804616, GOVT. HSS EXCELLENCE DHANORA",प्रतिभागी,शिक्षक
AZ6349,Ravindra Kumar Jamudkar,Seoni,DHANORA,"23440804616, GOVT. HSS EXCELLENCE DHANORA",प्रतिभागी,शिक्षक
BV2846,Kailash Prasad Sen,Seoni,DHANORA,"23440804616, GOVT. HSS EXCELLENCE DHANORA",प्रतिभागी,शिक्षक
AZ1389,Ganesh Singh Patel,Seoni,DHANORA,"23440805806, GOVT. HSS BEGARWANI",प्रतिभागी,शिक्षक
AZ1537,Ravindra Prasad Sanodiya,Seoni,DHANORA,"23440805806, GOVT. HSS BEGARWANI",प्रतिभागी,शिक्षक
AZ3198,Umrav Singh Kumre,Seoni,DHANORA,"23440805806, GOVT. HSS BEGARWANI",प्रतिभागी,शिक्षक
BT8635,Naresh Kakodiya,Seoni,DHANORA,"23440805806, GOVT. HSS BEGARWANI",प्रतिभागी,शिक्षक
BY6827,Balram Bisen,Seoni,DHANORA,"23440805806, GOVT. HSS BEGARWANI",प्रतिभागी,शिक्षक
AZ1652,Manak Lal Uikey,Seoni,DHANORA,"23440800711, GOVT. HSS KUDARI",प्रतिभागी,शिक्षक
AZ2539,Ranjeeta Thakur,Seoni,DHANORA,"23440800711, GOVT. HSS KUDARI",प्रतिभागी,शिक्षक
BT7156,Satish Rai,Seoni,DHANORA,"23440800711, GOVT. HSS KUDARI",प्रतिभागी,शिक्षक
BT8872,Santosh Uttay,Seoni,DHANORA,"23440800711, GOVT. HSS KUDARI",प्रतिभागी,शिक्षक
BT9709,Warsha Thakur,Seoni,DHANORA,"23440800711, GOVT. HSS KUDARI",प्रतिभागी,शिक्षक
CB5482,KAVITA SOLANKI,Seoni,DHANORA,"23440800711, GOVT. HSS KUDARI",प्रतिभागी,शिक्षक
AZ1601,Santosh Rakesh,Seoni,DHANORA,"23440800810, GOVT. HSS SUNWARA",प्रतिभागी,शिक्षक
BV2799,Ramcharan Thakur,Seoni,DHANORA,"23440800810, GOVT. HSS SUNWARA",प्रतिभागी,शिक्षक
AY8749,Govind Sarvey,Seoni,DHANORA,"23440801804, GOVT. HSS BORIYA",प्रतिभागी,शिक्षक
AZ1440,Rajaram Bhalavi,Seoni,DHANORA,"23440801804, GOVT. HSS BORIYA",प्रतिभागी,शिक्षक
AZ1646,Sheikh Gulmeer Qureshi,Seoni,DHANORA,"23440801804, GOVT. HSS BORIYA",प्रतिभागी,शिक्षक
AZ1730,Rakesh Kumar Daheriya,Seoni,DHANORA,"23440801804, GOVT. HSS BORIYA",प्रतिभागी,शिक्षक
BY7649,Rokesh Sakre,Seoni,DHANORA,"23440801804, GOVT. HSS BORIYA",प्रतिभागी,शिक्षक
AZ1370,Jam Singh Marskole,Seoni,DHANORA,"23440800104, GOVT. HS GWARI",प्रतिभागी,शिक्षक
BU3836,Varsha Uikey,Seoni,DHANORA,"23440800104, GOVT. HS GWARI",प्रतिभागी,शिक्षक
AB9746,Shailandra Dixit,Seoni,GHANSORE,"23440713031, GOVT. HSS GIRLS, GHANSORE",प्रतिभागी,शिक्षक
AZ2425,Neerja Shrivastav,Seoni,GHANSORE,"23440713031, GOVT. HSS GIRLS, GHANSORE",प्रतिभागी,शिक्षक
AZ2860,Naresh Uike,Seoni,GHANSORE,"23440713031, GOVT. HSS GIRLS, GHANSORE",प्रतिभागी,शिक्षक
CF1194,KULDEEP YADAV,Seoni,GHANSORE,"23440713031, GOVT. HSS GIRLS, GHANSORE",प्रतिभागी,शिक्षक
BV3986,Teekaram Patel,Seoni,GHANSORE,"23440711105, GOVT. HSS BARODA MAL",प्रतिभागी,शिक्षक
AZ2758,Ramesh Kumar Nema,Seoni,GHANSORE,"23440704005, GOVT. HS BARELA",प्रतिभागी,शिक्षक
AZ2859,Jaychand Uike,Seoni,GHANSORE,"23440704005, GOVT. HS BARELA",प्रतिभागी,शिक्षक
AZ6454,Kodulal Maravi,Seoni,GHANSORE,"23440704005, GOVT. HS BARELA",प्रतिभागी,शिक्षक
AZ2787,Mahendra Nareti,Seoni,GHANSORE,"23440714703, GOVT. HSS KINDRAI 2016-17",प्रतिभागी,शिक्षक
AZ2803,Gayatri Sant,Seoni,GHANSORE,"23440714703, GOVT. HSS KINDRAI 2016-17",प्रतिभागी,शिक्षक
AZ6461,Charan Singh Saiyyam,Seoni,GHANSORE,"23440714703, GOVT. HSS KINDRAI 2016-17",प्रतिभागी,शिक्षक
AZ6601,Teklal Kamali,Seoni,GHANSORE,"23440714703, GOVT. HSS KINDRAI 2016-17",प्रतिभागी,शिक्षक
AZ6729,Raja Ram Koushly,Seoni,GHANSORE,"23440714703, GOVT. HSS KINDRAI 2016-17",प्रतिभागी,सीएसी
CC7730,MAHESH Kumar Nagesh,Seoni,GHANSORE,"23440714703, GOVT. HSS KINDRAI 2016-17",प्रतिभागी,शिक्षक
AZ2433,Rakesh Kumar Patel,Seoni,GHANSORE,"23440702707, GOVT. HSS BHILAI",प्रतिभागी,सीएसी
AZ1748,Ramkumar Uikey,Seoni,GHANSORE,"23440708107, GOVT. HSS KEDARPUR",प्रतिभागी,शिक्षक
AZ2418,Rajaram Nareti,Seoni,GHANSORE,"23440708107, GOVT. HSS KEDARPUR",प्रतिभागी,शिक्षक
AZ6591,Ramesh Kumar Yadav,Seoni,GHANSORE,"23440708107, GOVT. HSS KEDARPUR",प्रतिभागी,शिक्षक
AZ2322,Ram Kumar Patel,Seoni,GHANSORE,"23440713030, GOVT. HSS EXCELLENCE GHANSORE",प्रतिभागी,शिक्षक
AZ6613,Sahablal Uike,Seoni,GHANSORE,"23440713030, GOVT. HSS EXCELLENCE GHANSORE",प्रतिभागी,शिक्षक
BY9301,Jgdish Daharwal,Seoni,GHANSORE,"23440713030, GOVT. HSS EXCELLENCE GHANSORE",प्रतिभागी,शिक्षक
AZ2419,Bhumeshvari Pardhi,Seoni,GHANSORE,"23440715306, GOVT. HSS GORAKHPUR",प्रतिभागी,शिक्षक
AZ2753,Ghanshyam Golhani,Seoni,GHANSORE,"23440709611, GOVT. HSS KAHANI",प्रतिभागी,शिक्षक
AZ2756,Sudheer Singh Thakur,Seoni,GHANSORE,"23440709611, GOVT. HSS KAHANI",प्रतिभागी,शिक्षक
AZ2621,Rajni Chouksey,Seoni,GHANSORE,"23440708808, GOVT. HSS SHIKARA",प्रतिभागी,शिक्षक
AZ6432,BIR SINGH DEHARIYA,Seoni,GHANSORE,"23440708808, GOVT. HSS SHIKARA",प्रतिभागी,शिक्षक
AZ3624,Balram Singoura,Seoni,KEOLARI,"23440302205, GOVT. HSS CHHINDA",प्रतिभागी,शिक्षक
CD3908,ABHILASHA THAKUR,Seoni,KEOLARI,"23440302205, GOVT. HSS CHHINDA",प्रतिभागी,शिक्षक
AU8133,Rajendra Janghela,Seoni,KEOLARI,"23440310905, GOVT. HSS KHAIRRANJI",प्रतिभागी,शिक्षक
AY7767,Pushplata Uikey,Seoni,KEOLARI,"23440310905, GOVT. HSS KHAIRRANJI",प्रतिभागी,शिक्षक
AZ3187,Sitaram Rajput,Seoni,KEOLARI,"23440310905, GOVT. HSS KHAIRRANJI",प्रतिभागी,शिक्षक
BP9648,Rahul Singh Thakur,Seoni,KEOLARI,"23440310905, GOVT. HSS KHAIRRANJI",प्रतिभागी,शिक्षक
BX1305,Santosh KUMAR GAYAKWAD,Seoni,KEOLARI,"23440310905, GOVT. HSS KHAIRRANJI",प्रतिभागी,शिक्षक
AZ3426,Chhotelal Dubey,Seoni,KEOLARI,"23440312519, GOVT. HSS EXCELLENCE KEOLARI",प्रतिभागी,शिक्षक
AZ3644,Jitendra Choudhary,Seoni,KEOLARI,"23440312519, GOVT. HSS EXCELLENCE KEOLARI",प्रतिभागी,शिक्षक
BQ7798,Amita Singh,Seoni,KEOLARI,"23440312519, GOVT. HSS EXCELLENCE KEOLARI",प्रतिभागी,शिक्षक
BT2127,Keshram Uikey,Seoni,KEOLARI,"23440312519, GOVT. HSS EXCELLENCE KEOLARI",प्रतिभागी,शिक्षक
CD2694,HIRDERAM YADAV,Seoni,KEOLARI,"23440312519, GOVT. HSS EXCELLENCE KEOLARI",प्रतिभागी,शिक्षक
CD4582,JYOTI DEHARIYA,Seoni,KEOLARI,"23440312519, GOVT. HSS EXCELLENCE KEOLARI",प्रतिभागी,शिक्षक
AZ3340,Jayprakash Chandel,Seoni,KEOLARI,"23440312520, GOVT. HSS GIRLS, KEOLARI",प्रतिभागी,शिक्षक
AZ3394,Onkarsingh Uikey,Seoni,KEOLARI,"23440312520, GOVT. HSS GIRLS, KEOLARI",प्रतिभागी,शिक्षक
AZ3496,Raghunandan Singh Baghel,Seoni,KEOLARI,"23440312520, GOVT. HSS GIRLS, KEOLARI",प्रतिभागी,शिक्षक
AZ5001,Mishri Lal Jhariya,Seoni,KEOLARI,"23440312520, GOVT. HSS GIRLS, KEOLARI",प्रतिभागी,शिक्षक
AZ6755,Rajkumar Baghel,Seoni,KEOLARI,"23440312520, GOVT. HSS GIRLS, KEOLARI",प्रतिभागी,शिक्षक
AZ2445,Satish Updhayay,Seoni,KEOLARI,"23440304310, GOVT. HSS KHERA PALARI",प्रतिभागी,शिक्षक
AZ4890,Yajendra Kumar Rai,Seoni,KEOLARI,"23440304310, GOVT. HSS KHERA PALARI",प्रतिभागी,शिक्षक
AZ4998,Menka Bhalavi,Seoni,KEOLARI,"23440304310, GOVT. HSS KHERA PALARI",प्रतिभागी,शिक्षक
AZ4999,Navneet Kumar Sahare,Seoni,KEOLARI,"23440304310, GOVT. HSS KHERA PALARI",प्रतिभागी,शिक्षक
BV5787,Sohan Lal Rinayat,Seoni,KEOLARI,"23440304310, GOVT. HSS KHERA PALARI",प्रतिभागी,शिक्षक
BV6771,Manish Kumar Namdev,Seoni,KEOLARI,"23440304310, GOVT. HSS KHERA PALARI",प्रतिभागी,शिक्षक
AZ5255,Seetaram Jaitwar,Seoni,KEOLARI,"23440303707, GOVT. HSS MOHBARRA",प्रतिभागी,शिक्षक
AZ5313,Hare Singh Uikey,Seoni,KEOLARI,"23440303707, GOVT. HSS MOHBARRA",प्रतिभागी,शिक्षक
BV1517,Neeraj Kumar Thakur,Seoni,KEOLARI,"23440314515, GOVT. HS GIRLS, UGLI",प्रतिभागी,शिक्षक
AY7635,Rameshwar Bhoyar,Seoni,KEOLARI,"23440305304, GOVT. HSS SAREKHA",प्रतिभागी,शिक्षक
AZ5381,Jagdev Prasad Nageshwar,Seoni,KEOLARI,"23440305304, GOVT. HSS SAREKHA",प्रतिभागी,शिक्षक
BT8349,Parmanand Harinkhede,Seoni,KEOLARI,"23440305304, GOVT. HSS SAREKHA",प्रतिभागी,शिक्षक
AZ5043,Surtan Singh,Seoni,KEOLARI,"23440313609, GOVT. HSS PANDIYA CHHAPARA",प्रतिभागी,शिक्षक
AZ5105,Mahesh Prasad Khandate,Seoni,KEOLARI,"23440313609, GOVT. HSS PANDIYA CHHAPARA",प्रतिभागी,शिक्षक
AZ5374,Ajesh Kumar Maneshwar,Seoni,KEOLARI,"23440313609, GOVT. HSS PANDIYA CHHAPARA",प्रतिभागी,शिक्षक
BQ1604,Rantosh Kumar Arkey,Seoni,KEOLARI,"23440313609, GOVT. HSS PANDIYA CHHAPARA",प्रतिभागी,शिक्षक
BT8419,Hariram Gautam,Seoni,KEOLARI,"23440313609, GOVT. HSS PANDIYA CHHAPARA",प्रतिभागी,शिक्षक
BV6782,DEEPTI CHOUHAN,Seoni,KEOLARI,"23440313609, GOVT. HSS PANDIYA CHHAPARA",प्रतिभागी,शिक्षक
AZ3948,Subhash Rao Soni,Seoni,KURAI,"23440400711, GOVT. HSS BADALPAR",प्रतिभागी,सीएसी
BX6265,Rajkumar Katre,Seoni,KURAI,"23440400711, GOVT. HSS BADALPAR",प्रतिभागी,शिक्षक
BX9374,Raghuveer Thakur,Seoni,KURAI,"23440400711, GOVT. HSS BADALPAR",प्रतिभागी,शिक्षक
CC3461,DEEPAK PATLE,Seoni,KURAI,"23440400711, GOVT. HSS BADALPAR",प्रतिभागी,शिक्षक
AZ3947,Shivlal Marskole,Seoni,KURAI,"23440414301, GOVT. HSS CHAKKI KHAMARIYA",प्रतिभागी,शिक्षक
BN3406,Chaitram Sanodiya,Seoni,KURAI,"23440414301, GOVT. HSS CHAKKI KHAMARIYA",प्रतिभागी,शिक्षक
BS5761,Vandna Giri Goswami,Seoni,KURAI,"23440414301, GOVT. HSS CHAKKI KHAMARIYA",प्रतिभागी,शिक्षक
BT5650,Seema Sahu,Seoni,KURAI,"23440414301, GOVT. HSS CHAKKI KHAMARIYA",प्रतिभागी,शिक्षक
CC1940,PREETI PANDRE,Seoni,KURAI,"23440414301, GOVT. HSS CHAKKI KHAMARIYA",प्रतिभागी,शिक्षक
AZ1980,Girendra Thakur,Seoni,KURAI,"23440415303, GOVT. HSS DARASI KALA",प्रतिभागी,शिक्षक
AZ3939,Beena Parate,Seoni,KURAI,"23440415303, GOVT. HSS DARASI KALA",प्रतिभागी,शिक्षक
AZ3942,Yashwant Rao Parihar,Seoni,KURAI,"23440415303, GOVT. HSS DARASI KALA",प्रतिभागी,शिक्षक
AZ3954,Poonaram Bhalavi,Seoni,KURAI,"23440415303, GOVT. HSS DARASI KALA",प्रतिभागी,शिक्षक
AZ4303,Labheshwar Markam,Seoni,KURAI,"23440415303, GOVT. HSS DARASI KALA",प्रतिभागी,शिक्षक
BT4826,Kiranti Prasad Markam,Seoni,KURAI,"23440415303, GOVT. HSS DARASI KALA",प्रतिभागी,शिक्षक
BV1309,Roopsingh Katre,Seoni,KURAI,"23440415303, GOVT. HSS DARASI KALA",प्रतिभागी,शिक्षक
CE8521,MUKESH SAHU,Seoni,KURAI,"23440415303, GOVT. HSS DARASI KALA",प्रतिभागी,शिक्षक
CF4604,AKHILESH DHURWE,Seoni,KURAI,"23440415303, GOVT. HSS DARASI KALA",प्रतिभागी,शिक्षक
AZ3712,Dinesh Sharma,Seoni,KURAI,"23440413205, GOVT. HS GHATKOHKA",प्रतिभागी,शिक्षक
BP9406,Neeraj Kumar Tiwari,Seoni,KURAI,"23440413205, GOVT. HS GHATKOHKA",प्रतिभागी,शिक्षक
BS7362,Dinesh Patle,Seoni,KURAI,"23440413205, GOVT. HS GHATKOHKA",प्रतिभागी,शिक्षक
AZ3783,Priya Saroj Singh,Seoni,KURAI,"23440403611, GOVT. HSS KHAWASA",प्रतिभागी,शिक्षक
BV5909,Ankila Bisen,Seoni,KURAI,"23440403611, GOVT. HSS KHAWASA",प्रतिभागी,शिक्षक
BY4657,Manoj Choudri,Seoni,KURAI,"23440403611, GOVT. HSS KHAWASA",प्रतिभागी,शिक्षक
CC4614,VINAY MESHRAM,Seoni,KURAI,"23440403611, GOVT. HSS KHAWASA",प्रतिभागी,शिक्षक
AZ4066,Kamlesh Kumar Kumre,Seoni,KURAI,"23440401206, GOVT. HSS EXCELLENCE KURAI",प्रतिभागी,शिक्षक
BS7409,MAHESH KUMAR MARKAM,Seoni,KURAI,"23440401206, GOVT. HSS EXCELLENCE KURAI",प्रतिभागी,शिक्षक
BX8552,Abdul Shahid Khan,Seoni,KURAI,"23440401206, GOVT. HSS EXCELLENCE KURAI",प्रतिभागी,शिक्षक
CA4918,SHWETA GHODESHWAR,Seoni,KURAI,"23440401206, GOVT. HSS EXCELLENCE KURAI",प्रतिभागी,शिक्षक
CC3719,SWETA RAKHELE,Seoni,KURAI,"23440401206, GOVT. HSS EXCELLENCE KURAI",प्रतिभागी,शिक्षक
AZ3723,Tekchand Bopche,Seoni,KURAI,"23440416703, GOVT. HS PATAN",प्रतिभागी,शिक्षक
AZ4009,Mohan Lal Marskole,Seoni,KURAI,"23440416703, GOVT. HS PATAN",प्रतिभागी,शिक्षक
BT7171,Ravindra Patle,Seoni,KURAI,"23440416703, GOVT. HS PATAN",प्रतिभागी,शिक्षक
CC2174,HARIKISHAN RATHORE,Seoni,KURAI,"23440416703, GOVT. HS PATAN",प्रतिभागी,शिक्षक
AZ1269,Pameshwari Amule,Seoni,KURAI,"23440403404, GOVT. HSS PIPARWANI",प्रतिभागी,शिक्षक
AZ2571,Dharmraj Rana,Seoni,KURAI,"23440403404, GOVT. HSS PIPARWANI",प्रतिभागी,शिक्षक
AZ3832,Verendra Jamunpane,Seoni,KURAI,"23440403404, GOVT. HSS PIPARWANI",प्रतिभागी,शिक्षक
AZ3833,Laxaman Uchhbagle,Seoni,KURAI,"23440403404, GOVT. HSS PIPARWANI",प्रतिभागी,शिक्षक
BT2763,Manohar Bangde,Seoni,KURAI,"23440403404, GOVT. HSS PIPARWANI",प्रतिभागी,शिक्षक
BY4114,Yogita Jamunpani,Seoni,KURAI,"23440403404, GOVT. HSS PIPARWANI",प्रतिभागी,शिक्षक
CC2485,SANTOSH SHENDE,Seoni,KURAI,"23440403404, GOVT. HSS PIPARWANI",प्रतिभागी,शिक्षक
AZ2982,Rajaram Bhardwaj,Seoni,KURAI,"23440407207, GOVT. HSS SUKTARA",प्रतिभागी,शिक्षक
AZ2984,Mahesh Kumar Rahangdale,Seoni,KURAI,"23440407207, GOVT. HSS SUKTARA",प्रतिभागी,शिक्षक
AZ3902,Praveen Kumar Baghel,Seoni,KURAI,"23440407207, GOVT. HSS SUKTARA",प्रतिभागी,शिक्षक
AZ3956,Ritu Uikey,Seoni,KURAI,"23440407207, GOVT. HSS SUKTARA",प्रतिभागी,शिक्षक
BT4824,Ashok Marskole,Seoni,KURAI,"23440407207, GOVT. HSS SUKTARA",प्रतिभागी,शिक्षक
BV2038,Nagendra Chandrawansi,Seoni,KURAI,"23440407207, GOVT. HSS SUKTARA",प्रतिभागी,शिक्षक
BV6289,Shubham Sharma,Seoni,KURAI,"23440407207, GOVT. HSS SUKTARA",प्रतिभागी,शिक्षक
BY6821,Nishu Kavre,Seoni,KURAI,"23440407207, GOVT. HSS SUKTARA",प्रतिभागी,शिक्षक
AY8480,Manjulata Rai,Seoni,LAKHNADON,"23440601311, GOVT. HSS GANESHGANJ",प्रतिभागी,शिक्षक
AY8684,Rameshkumar Parte,Seoni,LAKHNADON,"23440601311, GOVT. HSS GANESHGANJ",प्रतिभागी,शिक्षक
BV2649,Sadik Khan,Seoni,LAKHNADON,"23440601311, GOVT. HSS GANESHGANJ",प्रतिभागी,शिक्षक
AY9878,Mansingh Marskole,Seoni,LAKHNADON,"23440603406, GOVT. HSS SIHORA",प्रतिभागी,शिक्षक
AZ4588,Sajjansingh Tekam,Seoni,LAKHNADON,"23440603406, GOVT. HSS SIHORA",प्रतिभागी,शिक्षक
CC7311,GULAB DHURVE,Seoni,LAKHNADON,"23440603406, GOVT. HSS SIHORA",प्रतिभागी,शिक्षक
CF7515,Pushpendra Kumar,Seoni,LAKHNADON,"23440603406, GOVT. HSS SIHORA",प्रतिभागी,शिक्षक
AZ4556,Sruti Shrivastava,Seoni,LAKHNADON,"23440600834, GOVT. HSS EXCELLENCE LAKHNADON",प्रतिभागी,शिक्षक
AZ4587,Atul Tiwari,Seoni,LAKHNADON,"23440600834, GOVT. HSS EXCELLENCE LAKHNADON",प्रतिभागी,शिक्षक
AZ4619,Taruna Tekam,Seoni,LAKHNADON,"23440600834, GOVT. HSS EXCELLENCE LAKHNADON",प्रतिभागी,शिक्षक
BP5770,Arti Srivastava,Seoni,LAKHNADON,"23440600834, GOVT. HSS EXCELLENCE LAKHNADON",प्रतिभागी,शिक्षक
BS5669,Omprakash Gomasta,Seoni,LAKHNADON,"23440600834, GOVT. HSS EXCELLENCE LAKHNADON",प्रतिभागी,शिक्षक
BU5432,Rinku Namdeo,Seoni,LAKHNADON,"23440600834, GOVT. HSS EXCELLENCE LAKHNADON",प्रतिभागी,शिक्षक
AP9157,Prateema Pandre,Seoni,LAKHNADON,"23440600835, GOVT. HSS GIRLS, LAKHNADON",प्रतिभागी,शिक्षक
AY9992,Govind Narayan Singh Thakur,Seoni,LAKHNADON,"23440600835, GOVT. HSS GIRLS, LAKHNADON",प्रतिभागी,शिक्षक
AZ4249,Raghunath Prasad Thakur,Seoni,LAKHNADON,"23440600835, GOVT. HSS GIRLS, LAKHNADON",प्रतिभागी,शिक्षक
AZ4276,Ramgopal Dubey,Seoni,LAKHNADON,"23440600835, GOVT. HSS GIRLS, LAKHNADON",प्रतिभागी,शिक्षक
BT1338,Gayatri Golhani,Seoni,LAKHNADON,"23440600835, GOVT. HSS GIRLS, LAKHNADON",प्रतिभागी,शिक्षक
CC1426,MAMTA SONI,Seoni,LAKHNADON,"23440600835, GOVT. HSS GIRLS, LAKHNADON",प्रतिभागी,शिक्षक
AY8729,Anita Namdeo,Seoni,LAKHNADON,"23440600318, GOVT. HSS ADEGAON",प्रतिभागी,शिक्षक
BS2298,Gend Lal Daheriy,Seoni,LAKHNADON,"23440600318, GOVT. HSS ADEGAON",प्रतिभागी,शिक्षक
BU2576,Ram Kumar Soni,Seoni,LAKHNADON,"23440600318, GOVT. HSS ADEGAON",प्रतिभागी,शिक्षक
CC5215,OMBATI UIKEY,Seoni,LAKHNADON,"23440600318, GOVT. HSS ADEGAON",प्रतिभागी,शिक्षक
AY8697,Ramji Yadav,Seoni,LAKHNADON,"23440614002, GOVT. HS PINDRAI",प्रतिभागी,शिक्षक
AY8738,Pooranlal Upreliya,Seoni,LAKHNADON,"23440614002, GOVT. HS PINDRAI",प्रतिभागी,शिक्षक
AY8798,Vikas Kumar Nema,Seoni,LAKHNADON,"23440614002, GOVT. HS PINDRAI",प्रतिभागी,शिक्षक
AY8799,Ajay Kumar Dubey,Seoni,LAKHNADON,"23440614002, GOVT. HS PINDRAI",प्रतिभागी,शिक्षक
BT7169,Rajesh Shrivastava,Seoni,LAKHNADON,"23440614002, GOVT. HS PINDRAI",प्रतिभागी,शिक्षक
BV1512,Shraddha Mishra,Seoni,LAKHNADON,"23440614002, GOVT. HS PINDRAI",प्रतिभागी,शिक्षक
AY8741,Saroj Sahu,Seoni,LAKHNADON,"23440603707, GOVT. HSS MADHI",प्रतिभागी,शिक्षक
BT3854,Manoj Patel,Seoni,LAKHNADON,"23440613303, GOVT. HS PARASIYA",प्रतिभागी,शिक्षक
CF1193,POOJA SAHU,Seoni,LAKHNADON,"23440613303, GOVT. HS PARASIYA",प्रतिभागी,शिक्षक
CF1196,DEEPIKA PATEL,Seoni,LAKHNADON,"23440613303, GOVT. HS PARASIYA",प्रतिभागी,शिक्षक
AZ1977,Nanheveer Aharwar,Seoni,LAKHNADON,"23440607304, GOVT. HS SANAIDONGRI",प्रतिभागी,शिक्षक
AZ4307,Neetu Thakur,Seoni,LAKHNADON,"23440607304, GOVT. HS SANAIDONGRI",प्रतिभागी,शिक्षक
BD5034,Netraj Singh Thakur,Seoni,LAKHNADON,"23440607304, GOVT. HS SANAIDONGRI",प्रतिभागी,शिक्षक
AZ2004,Moolchand Kulaste,Seoni,LAKHNADON,"23440610406, GOVT. HSS NAGANDEORI",प्रतिभागी,शिक्षक
CC1628,ASHISH MEHRA,Seoni,LAKHNADON,"23440610406, GOVT. HSS NAGANDEORI",प्रतिभागी,शिक्षक
AZ1990,Kiran Jain,Seoni,LAKHNADON,"23440605813, GOVT. HSS GIRLS, DHOOMA",प्रतिभागी,शिक्षक
AZ2113,Jageshwar Yahke,Seoni,LAKHNADON,"23440605813, GOVT. HSS GIRLS, DHOOMA",प्रतिभागी,शिक्षक
BW1612,Alka Dubey,Seoni,LAKHNADON,"23440605813, GOVT. HSS GIRLS, DHOOMA",प्रतिभागी,शिक्षक
CB9239,VINAY DEHARIYA,Seoni,LAKHNADON,"23440605813, GOVT. HSS GIRLS, DHOOMA",प्रतिभागी,शिक्षक
AZ1964,Yogesh Singh,Seoni,LAKHNADON,"23440605812, GOVT. HSS BOYS, DHOOMA",प्रतिभागी,शिक्षक
AZ2021,Kupja Uike,Seoni,LAKHNADON,"23440605812, GOVT. HSS BOYS, DHOOMA",प्रतिभागी,शिक्षक
BP3285,Chandrika Prasad Dubey,Seoni,LAKHNADON,"23440605812, GOVT. HSS BOYS, DHOOMA",प्रतिभागी,शिक्षक
AZ1970,Dashrath Tekam,Seoni,LAKHNADON,"23440611603, GOVT. HSS BAIGAPIPARIYA",प्रतिभागी,शिक्षक
AZ2763,Rakesh Usrethe,Seoni,LAKHNADON,"23440611603, GOVT. HSS BAIGAPIPARIYA",प्रतिभागी,शिक्षक
AZ4644,Shekhrasid Mansuri,Seoni,LAKHNADON,"23440611603, GOVT. HSS BAIGAPIPARIYA",प्रतिभागी,शिक्षक
AZ4570,Vinita Bhalavi,Seoni,SEONI,"23440106805, GOVT. HS KALARBANKI",प्रतिभागी,शिक्षक
BP5266,Santosh Kumar,Seoni,SEONI,"23440106805, GOVT. HS KALARBANKI",प्रतिभागी,शिक्षक
AY9092,Ramprakash Jaiswal,Seoni,SEONI,"23440115409, GOVT. HSS BANDOL",प्रतिभागी,शिक्षक
AZ2248,Afroj Begam,Seoni,SEONI,"23440115409, GOVT. HSS BANDOL",प्रतिभागी,शिक्षक
BT1300,Sardar Singh Baghel,Seoni,SEONI,"23440115409, GOVT. HSS BANDOL",प्रतिभागी,शिक्षक
AG9213,Rajkumari Chodhri,Seoni,SEONI,"23440104902, GOVT. HSS GOPALGANJ",प्रतिभागी,शिक्षक
AT8033,Ram Kumar Dhage,Seoni,SEONI,"23440104902, GOVT. HSS GOPALGANJ",प्रतिभागी,शिक्षक
AY8149,Mansingh Watti,Seoni,SEONI,"23440104902, GOVT. HSS GOPALGANJ",प्रतिभागी,शिक्षक
AZ4897,Kishor Kumar Yadav,Seoni,SEONI,"23440104902, GOVT. HSS GOPALGANJ",प्रतिभागी,शिक्षक
BQ7112,Rizvana Begam Khan,Seoni,SEONI,"23440104902, GOVT. HSS GOPALGANJ",प्रतिभागी,शिक्षक
BU4460,Vineeta Bhalekar,Seoni,SEONI,"23440104902, GOVT. HSS GOPALGANJ",प्रतिभागी,शिक्षक
AZ5141,Arefa Kouser Qureshi,Seoni,SEONI,"23440148122, GOVT. HSS NETAJI SUBHASH SEONI",प्रतिभागी,शिक्षक
AZ5623,Sanjay Kumar Tiwari,Seoni,SEONI,"23440148122, GOVT. HSS NETAJI SUBHASH SEONI",प्रतिभागी,शिक्षक
AZ6882,Shashi Gour,Seoni,SEONI,"23440148122, GOVT. HSS NETAJI SUBHASH SEONI",प्रतिभागी,शिक्षक
BS7216,Sunita Dhurve,Seoni,SEONI,"23440148122, GOVT. HSS NETAJI SUBHASH SEONI",प्रतिभागी,शिक्षक
BT3349,Deepak Thakur,Seoni,SEONI,"23440148122, GOVT. HSS NETAJI SUBHASH SEONI",प्रतिभागी,शिक्षक
BU4807,Silochna Hanumante,Seoni,SEONI,"23440148122, GOVT. HSS NETAJI SUBHASH SEONI",प्रतिभागी,शिक्षक
BV4444,Alok Tiwari,Seoni,SEONI,"23440148122, GOVT. HSS NETAJI SUBHASH SEONI",प्रतिभागी,शिक्षक
AY9217,Anand Kumar Patel,Seoni,SEONI,"23440148120, GOVT. HSS GIRLS, MLB SEONI",प्रतिभागी,शिक्षक
AZ2633,Chhaya Nandni Patle,Seoni,SEONI,"23440148120, GOVT. HSS GIRLS, MLB SEONI",प्रतिभागी,शिक्षक
AZ5693,Pankaj Tiwari,Seoni,SEONI,"23440148120, GOVT. HSS GIRLS, MLB SEONI",प्रतिभागी,सीएसी
BH2056,Shweta Kariya,Seoni,SEONI,"23440148120, GOVT. HSS GIRLS, MLB SEONI",प्रतिभागी,शिक्षक
BT5428,Mukesh Thakur,Seoni,SEONI,"23440148120, GOVT. HSS GIRLS, MLB SEONI",प्रतिभागी,शिक्षक
BU7411,Umakant Tripathi,Seoni,SEONI,"23440148120, GOVT. HSS GIRLS, MLB SEONI",प्रतिभागी,शिक्षक
BV1791,Shivangi Soni,Seoni,SEONI,"23440148120, GOVT. HSS GIRLS, MLB SEONI",प्रतिभागी,शिक्षक
AY8190,Brijesh Kumar Tiwari,Seoni,SEONI,"23440148121, GOVT. HSS GIRLS, SEONI (URDU)",प्रतिभागी,शिक्षक
BR8752,Dileshwari Parihar,Seoni,SEONI,"23440148121, GOVT. HSS GIRLS, SEONI (URDU)",प्रतिभागी,शिक्षक
BX2327,Sandhya Rahangdale,Seoni,SEONI,"23440148121, GOVT. HSS GIRLS, SEONI (URDU)",प्रतिभागी,शिक्षक
BX9858,Nishat Anjum,Seoni,SEONI,"23440148121, GOVT. HSS GIRLS, SEONI (URDU)",प्रतिभागी,शिक्षक
CC2489,SUMIT POTDAR,Seoni,SEONI,"23440148121, GOVT. HSS GIRLS, SEONI (URDU)",प्रतिभागी,शिक्षक
AY8150,Hemlata Marskole,Seoni,SEONI,"23440105903, GOVT. HS SAGAR",प्रतिभागी,शिक्षक
AY8952,Jageshwar Prasad,Seoni,SEONI,"23440105903, GOVT. HS SAGAR",प्रतिभागी,शिक्षक
AY9114,Poonaram Dhurve,Seoni,SEONI,"23440105903, GOVT. HS SAGAR",प्रतिभागी,शिक्षक
AZ5762,Rani Gupta,Seoni,SEONI,"23440110106, GOVT. HSS  KATALBODI",प्रतिभागी,शिक्षक
BV6778,Mahesh Kumar Meshram,Seoni,SEONI,"23440110106, GOVT. HSS  KATALBODI",प्रतिभागी,शिक्षक
BY7115,Mithlesh Shrivastav,Seoni,SEONI,"23440110106, GOVT. HSS  KATALBODI",प्रतिभागी,शिक्षक
BZ2073,Sandeep Kumar Tiwari,Seoni,SEONI,"23440110106, GOVT. HSS  KATALBODI",प्रतिभागी,शिक्षक
CE6987,BHAVNA PATLE,Seoni,SEONI,"23440110106, GOVT. HSS  KATALBODI",प्रतिभागी,शिक्षक
AY7980,Rakesh Kumar,Seoni,SEONI,"23440103107, GOVT. HS MUNGWANI",प्रतिभागी,शिक्षक
AZ4840,Purushottam Lal Sanodiya,Seoni,SEONI,"23440103107, GOVT. HS MUNGWANI",प्रतिभागी,शिक्षक
BQ2816,Shashank Sonkeshariya,Seoni,SEONI,"23440103107, GOVT. HS MUNGWANI",प्रतिभागी,शिक्षक
BU6817,Rama Sanodiya,Seoni,SEONI,"23440103107, GOVT. HS MUNGWANI",प्रतिभागी,शिक्षक
CB6807,KAMLESH SANODIYA,Seoni,SEONI,"23440103107, GOVT. HS MUNGWANI",प्रतिभागी,शिक्षक
AY8639,Santlal Warkade,Seoni,SEONI,"23440103813, GOVT. HS GIRLS, BHOMA",प्रतिभागी,शिक्षक
AY9632,Chandan Lal Marskole,Seoni,SEONI,"23440103813, GOVT. HS GIRLS, BHOMA",प्रतिभागी,शिक्षक
BU6002,Vandana Marskole,Seoni,SEONI,"23440103813, GOVT. HS GIRLS, BHOMA",प्रतिभागी,शिक्षक
BQ7415,Veena Rahangdale,Seoni,SEONI,"23440103812, GOVT. HSS BHOMA",प्रतिभागी,शिक्षक
BU2482,Roshni Thakur,Seoni,SEONI,"23440103812, GOVT. HSS BHOMA",प्रतिभागी,शिक्षक
BV7959,Santosh Kumar Nayak,Seoni,SEONI,"23440103812, GOVT. HSS BHOMA",प्रतिभागी,शिक्षक
BX8064,Jyoti Thakre,Seoni,SEONI,"23440103812, GOVT. HSS BHOMA",प्रतिभागी,शिक्षक
AY8049,Hifzurrahman Khan,Seoni,SEONI,"23440112720, GOVT. HSS KANHIWADA",प्रतिभागी,शिक्षक
AY8556,Manoj Kumar Rahangdale,Seoni,SEONI,"23440112720, GOVT. HSS KANHIWADA",प्रतिभागी,शिक्षक
AZ5293,Devsingh Inwati,Seoni,SEONI,"23440112720, GOVT. HSS KANHIWADA",प्रतिभागी,शिक्षक
AZ5681,Manisha Parte,Seoni,SEONI,"23440112720, GOVT. HSS KANHIWADA",प्रतिभागी,शिक्षक
AZ6980,Delan Singh Patle,Seoni,SEONI,"23440112720, GOVT. HSS KANHIWADA",प्रतिभागी,शिक्षक
BS3364,Maneesh Kumar Choudhary,Seoni,SEONI,"23440112720, GOVT. HSS KANHIWADA",प्रतिभागी,शिक्षक
BT7718,Anjanee Uikey,Seoni,SEONI,"23440112720, GOVT. HSS KANHIWADA",प्रतिभागी,शिक्षक
BY7933,Jitendra Kumar Thakre,Seoni,SEONI,"23440112720, GOVT. HSS KANHIWADA",प्रतिभागी,शिक्षक
AY8570,Suresh Kumar Bhalavi,Seoni,SEONI,"23440112721, GOVT. HS GIRLS, KANHIWADA",प्रतिभागी,शिक्षक
AY8545,Sher Singh Parte,Seoni,SEONI,"23440103304, GOVT. HS HINOTIYA",प्रतिभागी,शिक्षक
AY8583,Pankaj Kumar Shrivastava,Seoni,SEONI,"23440103304, GOVT. HS HINOTIYA",प्रतिभागी,शिक्षक
AZ7650,Bhopal Singh Thakur,Seoni,SEONI,"23440103304, GOVT. HS HINOTIYA",प्रतिभागी,शिक्षक
BP5746,Aniruddh Kumar Tiwari,Seoni,SEONI,"23440103304, GOVT. HS HINOTIYA",प्रतिभागी,शिक्षक
BH8302,Rajesh Kumar Mishra,Shahdol,BEOHARI,"23160200908, GOVT HSS EXCELLENCE,BEOHARI",प्रतिभागी,शिक्षक
BN6481,Pankaj Kumar Gupta,Shahdol,BEOHARI,"23160200908, GOVT HSS EXCELLENCE,BEOHARI",प्रतिभागी,शिक्षक
BD3335,Manuel Toppo,Shahdol,BEOHARI,"23160201108, GOVT HSS GIRLS,BEOHARI",प्रतिभागी,शिक्षक
BH8770,Jiyalal Prajapati,Shahdol,BEOHARI,"23160201108, GOVT HSS GIRLS,BEOHARI",प्रतिभागी,शिक्षक
BH8772,Chandra Prakash Shukla,Shahdol,BEOHARI,"23160201108, GOVT HSS GIRLS,BEOHARI",प्रतिभागी,शिक्षक
BH9203,Santosh Kumra Dwivedi,Shahdol,BEOHARI,"23160201108, GOVT HSS GIRLS,BEOHARI",प्रतिभागी,शिक्षक
BH7310,Ramlal Prajapati,Shahdol,BEOHARI,"23160207016, GOVT HSS MAU",प्रतिभागी,शिक्षक
BH9225,Suresh Kumar Rawat,Shahdol,BEOHARI,"23160207016, GOVT HSS MAU",प्रतिभागी,शिक्षक
BH9923,Ramavatar Singh,Shahdol,BEOHARI,"23160214410, GOVT HS CHACHAI",प्रतिभागी,शिक्षक
BR5894,Uma Prasad Patel,Shahdol,BEOHARI,"23160214410, GOVT HS CHACHAI",प्रतिभागी,शिक्षक
BT8040,Uma Prajpati,Shahdol,BEOHARI,"23160214410, GOVT HS CHACHAI",प्रतिभागी,शिक्षक
BZ7559,DEVAKI GUPTA,Shahdol,BEOHARI,"23160214410, GOVT HS CHACHAI",प्रतिभागी,शिक्षक
CA9086,NARENDRA SINGH,Shahdol,BEOHARI,"23160214410, GOVT HS CHACHAI",प्रतिभागी,शिक्षक
8359821801,Saurabh  Tiwari ,Shahdol,BEOHARI,"23160204315, GOVT HSS BOYS BUDWA",प्रतिभागी,शिक्षक
BI2193,Munnalal Khairwar,Shahdol,BEOHARI,"23160204315, GOVT HSS BOYS BUDWA",प्रतिभागी,शिक्षक
BY7137,Dheerendr Prasad Mishr,Shahdol,BEOHARI,"23160204315, GOVT HSS BOYS BUDWA",प्रतिभागी,शिक्षक
BI2427,Ram Garib Kol,Shahdol,BEOHARI,"23160204316, GOVT HSS GIRLS BUDWA",प्रतिभागी,शिक्षक
BH8749,Deepak Kumar Patel,Shahdol,BEOHARI,"23160204012, GOVT HSS AKHETPUR",प्रतिभागी,शिक्षक
BH9024,Madhu Bala Beck,Shahdol,BEOHARI,"23160204012, GOVT HSS AKHETPUR",प्रतिभागी,शिक्षक
BH8899,Sri Ram Bais,Shahdol,BEOHARI,"23160203207, GOVT HSS PAPREDI",प्रतिभागी,शिक्षक
BH9258,Rohani Singh Gond,Shahdol,BEOHARI,"23160203207, GOVT HSS PAPREDI",प्रतिभागी,शिक्षक
BI2189,Garun Singh Gond,Shahdol,BEOHARI,"23160203207, GOVT HSS PAPREDI",प्रतिभागी,शिक्षक
BI2200,Shivraj Singh,Shahdol,BEOHARI,"23160203207, GOVT HSS PAPREDI",प्रतिभागी,शिक्षक
BI3056,Rajendra Singh Gond,Shahdol,BEOHARI,"23160209307, GOVT HSS TIKHWA",प्रतिभागी,शिक्षक
BI3072,Geeta Singh Gond,Shahdol,BEOHARI,"23160209307, GOVT HSS TIKHWA",प्रतिभागी,शिक्षक
BI3123,Jagdish Prasad Sutrakar,Shahdol,BEOHARI,"23160209307, GOVT HSS TIKHWA",प्रतिभागी,शिक्षक
BD5025,Mahendr Prasad Kol,Shahdol,BEOHARI,"23160210415, GOVT HSS NIPANIYA",प्रतिभागी,शिक्षक
BH8707,Shambhoo Lal Kol,Shahdol,BEOHARI,"23160210415, GOVT HSS NIPANIYA",प्रतिभागी,शिक्षक
BH7879,Rambali Napit,Shahdol,BEOHARI,"23160211504, GOVT HSS BAROUDHA",प्रतिभागी,शिक्षक
BK3995,Ratiya Prsad Kol,Shahdol,BEOHARI,"23160211504, GOVT HSS BAROUDHA",प्रतिभागी,शिक्षक
BI3053,Rajmani Shukla,Shahdol,BEOHARI,"23160212705, GOVT HSS PATHREHI",प्रतिभागी,शिक्षक
BH9865,Suresh Prasad Patel,Shahdol,BURHAR,"23160300105, GOVT HSS BIRUHALI",प्रतिभागी,शिक्षक
CC6010,SATYENDRA SINGH,Shahdol,BURHAR,"23160300105, GOVT HSS BIRUHALI",प्रतिभागी,शिक्षक
BH6911,Panne Lal Singh,Shahdol,BURHAR,"23160316706, GOVT HSS SAKHI",प्रतिभागी,शिक्षक
BH8015,Ganesh Singh,Shahdol,BURHAR,"23160316706, GOVT HSS SAKHI",प्रतिभागी,शिक्षक
BS7729,Ram Singh,Shahdol,BURHAR,"23160316706, GOVT HSS SAKHI",प्रतिभागी,शिक्षक
BU5216,Rajeshkumar Verma,Shahdol,BURHAR,"23160316706, GOVT HSS SAKHI",प्रतिभागी,शिक्षक
BH8184,Ramdayal Agariya,Shahdol,BURHAR,"23160305305, GOVT HSS KHAMIDOL",प्रतिभागी,शिक्षक
BH9595,Baldev Prasad Khairwar,Shahdol,BURHAR,"23160305305, GOVT HSS KHAMIDOL",प्रतिभागी,शिक्षक
BH9686,Raj Bali Singh,Shahdol,BURHAR,"23160305305, GOVT HSS KHAMIDOL",प्रतिभागी,शिक्षक
BI3326,Chote Lal Singh,Shahdol,BURHAR,"23160305305, GOVT HSS KHAMIDOL",प्रतिभागी,शिक्षक
BK3095,Kamlesh Singh,Shahdol,BURHAR,"23160305305, GOVT HSS KHAMIDOL",प्रतिभागी,शिक्षक
BY9463,Gajadhar Mishra,Shahdol,BURHAR,"23160301507, GOVT HSS BALBAHARA",प्रतिभागी,शिक्षक
BH9524,Iswar Singh,Shahdol,BURHAR,"23160302906, GOVT HSS RAMPUR",प्रतिभागी,शिक्षक
BI3226,Anjani Mishra,Shahdol,BURHAR,"23160313612, GOVT HSS RASMOHANI",प्रतिभागी,शिक्षक
BI3227,Manju Mishra,Shahdol,BURHAR,"23160313612, GOVT HSS RASMOHANI",प्रतिभागी,शिक्षक
BR9859,Kalpana Singh,Shahdol,BURHAR,"23160313612, GOVT HSS RASMOHANI",प्रतिभागी,शिक्षक
BR9996,NILESH CARPENTER,Shahdol,BURHAR,"23160309610, GOVT HS SABO COLARY",प्रतिभागी,शिक्षक
BX5143,Rajesh Prajapati,Shahdol,BURHAR,"23160309610, GOVT HS SABO COLARY",प्रतिभागी,शिक्षक
BH9727,Sanjeev  Kumar Tripathi,Shahdol,BURHAR,"23160319108, GOVT HSS GIRLS BURHAR",प्रतिभागी,शिक्षक
BH9731,Aniruddha Pandey,Shahdol,BURHAR,"23160319108, GOVT HSS GIRLS BURHAR",प्रतिभागी,शिक्षक
BH9849,Ashok Kumar Mishra,Shahdol,BURHAR,"23160319108, GOVT HSS GIRLS BURHAR",प्रतिभागी,शिक्षक
BH9939,Seema Agrawal,Shahdol,BURHAR,"23160319108, GOVT HSS GIRLS BURHAR",प्रतिभागी,शिक्षक
BN4463,Santosh Kumar Tiwari,Shahdol,BURHAR,"23160319108, GOVT HSS GIRLS BURHAR",प्रतिभागी,शिक्षक
CC6184,SAVITA VARMA,Shahdol,BURHAR,"23160319108, GOVT HSS GIRLS BURHAR",प्रतिभागी,शिक्षक
BH6949,Rampal Somwani,Shahdol,BURHAR,"23160308612, GOVT HSS KESHWAHI",प्रतिभागी,शिक्षक
BH8154,Biharilal Charmkar,Shahdol,BURHAR,"23160308612, GOVT HSS KESHWAHI",प्रतिभागी,शिक्षक
BH9606,Gyan Chand Ahirwar,Shahdol,BURHAR,"23160310503, GOVT HSS JHINK BIJURI",प्रतिभागी,सीएसी
BI3026,Kedar Singh,Shahdol,BURHAR,"23160310503, GOVT HSS JHINK BIJURI",प्रतिभागी,शिक्षक
BI3034,Panchu Singh,Shahdol,BURHAR,"23160310503, GOVT HSS JHINK BIJURI",प्रतिभागी,शिक्षक
BH7764,Lalshah Singh,Shahdol,GOHPARU,"23160401812, GOVT HSS KHANOUDHI",प्रतिभागी,शिक्षक
BH8196,Santosh Namdeo,Shahdol,GOHPARU,"23160401812, GOVT HSS KHANOUDHI",प्रतिभागी,शिक्षक
BS1090,Hemlata Singh,Shahdol,GOHPARU,"23160409807, GOVT HSS CHUHIRI",प्रतिभागी,शिक्षक
BH7713,Ramawatar Singh,Shahdol,GOHPARU,"23160407604, GOVT HS PAILWAH",प्रतिभागी,शिक्षक
BH7692,Lokeshawar Singh,Shahdol,GOHPARU,"23160408407, GOVT HSS BARMANIYA",प्रतिभागी,शिक्षक
BI2562,Gokul Prasad Mahra,Shahdol,GOHPARU,"23160411904, GOVT HSS GURRA",प्रतिभागी,शिक्षक
BI2653,Santosh Kumar Prjapati,Shahdol,GOHPARU,"23160411904, GOVT HSS GURRA",प्रतिभागी,शिक्षक
BI1142,Arti Shukla,Shahdol,JAISINGHNAGAR,"23160500116, GOVT HSS EXCELLENCE JAISHINGNAGAR",प्रतिभागी,शिक्षक
BP2384,Anil Kol,Shahdol,JAISINGHNAGAR,"23160500116, GOVT HSS EXCELLENCE JAISHINGNAGAR",प्रतिभागी,शिक्षक
BI1415,Vivek Kumar Chaturvedi,Shahdol,JAISINGHNAGAR,"23160502508, GOVT HSS CHITRAO",प्रतिभागी,शिक्षक
CF9871,AKANKSHA WADIVA,Shahdol,JAISINGHNAGAR,"23160503516, GOVT HSS AMJHOR",प्रतिभागी,शिक्षक
BV2229,Nanbai Pathari,Shahdol,JAISINGHNAGAR,"23160505907, GOVT HS SIDHI",प्रतिभागी,शिक्षक
BI1021,Devendra Prasad Patel,Shahdol,JAISINGHNAGAR,"23160507008, GOVT HSS VANSUKALI",प्रतिभागी,शिक्षक
BT2614,Suneeta Patel,Shahdol,JAISINGHNAGAR,"23160507008, GOVT HSS VANSUKALI",प्रतिभागी,शिक्षक
BH9170,Ram Kishor Patel,Shahdol,JAISINGHNAGAR,"23160510108, GOVT HSS AMDIH",प्रतिभागी,शिक्षक
BO2662,Brajmohan Singh,Shahdol,JAISINGHNAGAR,"23160510108, GOVT HSS AMDIH",प्रतिभागी,शिक्षक
BO2505,Rajesh Kumar Mishra,Shahdol,JAISINGHNAGAR,"23160511113, GOVT HS TIHAKI",प्रतिभागी,शिक्षक
BU1925,Maya Mishra,Shahdol,JAISINGHNAGAR,"23160512609, GOVT HSS PONDI KALA",प्रतिभागी,शिक्षक
BS9066,Padmarani Patel,Shahdol,JAISINGHNAGAR,"23160511911, GOVT HSS BARACHH",प्रतिभागी,शिक्षक
BH9967,Rajeev Kumar Singh,Shahdol,JAISINGHNAGAR,"23160513311, GOVT HSS KARKI",प्रतिभागी,शिक्षक
BH9960,Dauram Yadav,Shahdol,JAISINGHNAGAR,"23160500117, GOVT HSS GIRLS JAISINGHNAGAR",प्रतिभागी,शिक्षक
BE7390,Aneeta Singh,Shahdol,JAISINGHNAGAR,"23160517707, GOVT HSS KANADI KHURD",प्रतिभागी,शिक्षक
BI1288,Shyamlal Prajapati,Shahdol,JAISINGHNAGAR,"23160517707, GOVT HSS KANADI KHURD",प्रतिभागी,शिक्षक
BI2739,Balbeer Singh,Shahdol,SOHAGPUR,"23161205310, GOVT HSS PACHGAV",प्रतिभागी,शिक्षक
BN7571,Rashmi Shrivastava,Shahdol,SOHAGPUR,"23161205310, GOVT HSS PACHGAV",प्रतिभागी,शिक्षक
BP4755,Champa Yadav,Shahdol,SOHAGPUR,"23161205310, GOVT HSS PACHGAV",प्रतिभागी,शिक्षक
BS8716,Anil Kumar Vaishnav,Shahdol,SOHAGPUR,"23161205310, GOVT HSS PACHGAV",प्रतिभागी,शिक्षक
BY5279,Savita Singh,Shahdol,SOHAGPUR,"23161205310, GOVT HSS PACHGAV",प्रतिभागी,शिक्षक
BU5577,Ashokkumar Shukla,Shahdol,SOHAGPUR,"23161210212, GOVT HSS KHAIRAHA",प्रतिभागी,शिक्षक
CF6108,VIMLA RAUTEL,Shahdol,SOHAGPUR,"23161210212, GOVT HSS KHAIRAHA",प्रतिभागी,शिक्षक
BC7100,Vimala Soni,Shahdol,SOHAGPUR,"23161220008, GOVT GIRLS H S S DHANPURI",प्रतिभागी,शिक्षक
BF6950,Aradhna Tiwari,Shahdol,SOHAGPUR,"23161220008, GOVT GIRLS H S S DHANPURI",प्रतिभागी,शिक्षक
BH9418,Vinod Kumar Singh,Shahdol,SOHAGPUR,"23161220008, GOVT GIRLS H S S DHANPURI",प्रतिभागी,शिक्षक
BI2043,Tolman Dharwaya,Shahdol,SOHAGPUR,"23161220008, GOVT GIRLS H S S DHANPURI",प्रतिभागी,शिक्षक
BT3495,Motilal Kol,Shahdol,SOHAGPUR,"23161220008, GOVT GIRLS H S S DHANPURI",प्रतिभागी,शिक्षक
CC6784,MANVENDRA SINGH,Shahdol,SOHAGPUR,"23161220008, GOVT GIRLS H S S DHANPURI",प्रतिभागी,शिक्षक
BH9379,Abdul Aleem Khan,Shahdol,SOHAGPUR,"23161203909, GOVT HS KOTMA",प्रतिभागी,शिक्षक
BI1951,Sanjay Pathak,Shahdol,SOHAGPUR,"23161203909, GOVT HS KOTMA",प्रतिभागी,शिक्षक
BI2651,Rekha Raidas,Shahdol,SOHAGPUR,"23161203909, GOVT HS KOTMA",प्रतिभागी,शिक्षक
BR4872,Urmila Kol,Shahdol,SOHAGPUR,"23161203909, GOVT HS KOTMA",प्रतिभागी,शिक्षक
BR5210,Mithilesh Sondhiya,Shahdol,SOHAGPUR,"23161203909, GOVT HS KOTMA",प्रतिभागी,शिक्षक
BR5456,Gulab Singh Baghel,Shahdol,SOHAGPUR,"23161203909, GOVT HS KOTMA",प्रतिभागी,शिक्षक
BF8211,NIDHI SHUKLA,Shahdol,SOHAGPUR,"23161200107, GOVT HSS CHHATWAI",प्रतिभागी,शिक्षक
BH8299,Manoj Adneriya,Shahdol,SOHAGPUR,"23161200107, GOVT HSS CHHATWAI",प्रतिभागी,शिक्षक
BR5186,Shweta Shriwastava,Shahdol,SOHAGPUR,"23161200107, GOVT HSS CHHATWAI",प्रतिभागी,शिक्षक
BR5727,Saurabh Kumar Gupta,Shahdol,SOHAGPUR,"23161200107, GOVT HSS CHHATWAI",प्रतिभागी,शिक्षक
BT4543,Piyush Shukla,Shahdol,SOHAGPUR,"23161200107, GOVT HSS CHHATWAI",प्रतिभागी,शिक्षक
BE6919,Gayatri Yadav,Shahdol,SOHAGPUR,"23161202207, GOVT. HSS DHURWAR",प्रतिभागी,शिक्षक
BH8542,Niranjan Patel,Shahdol,SOHAGPUR,"23161202207, GOVT. HSS DHURWAR",प्रतिभागी,शिक्षक
BI2833,Sarika Pandey,Shahdol,SOHAGPUR,"23161202207, GOVT. HSS DHURWAR",प्रतिभागी,शिक्षक
BP2040,Mane Lal Baiga,Shahdol,SOHAGPUR,"23161202207, GOVT. HSS DHURWAR",प्रतिभागी,शिक्षक
BI2602,Shrawan Gupta,Shahdol,SOHAGPUR,"23161209304, GOVT. HSS HARRA TOLA",प्रतिभागी,शिक्षक
CC6729,PRIYANKA SHUKLA,Shahdol,SOHAGPUR,"23161209304, GOVT. HSS HARRA TOLA",प्रतिभागी,शिक्षक
BH7666,Hanuman Prasad Gupta,Shahdol,SOHAGPUR,"23161208113, GOVT HSS SINGHPUR",प्रतिभागी,शिक्षक
BR9850,Manish Kumar Nigam,Shahdol,SOHAGPUR,"23161208113, GOVT HSS SINGHPUR",प्रतिभागी,शिक्षक
CC7797,ROSHAN ALI,Shahdol,SOHAGPUR,"23161208113, GOVT HSS SINGHPUR",प्रतिभागी,शिक्षक
BI1761,Kamla Sharma,Shahdol,SOHAGPUR,"23161215308, GOVT HSS GIRLS SOHAGPUR",प्रतिभागी,शिक्षक
BI1990,Rekha Namdev,Shahdol,SOHAGPUR,"23161215308, GOVT HSS GIRLS SOHAGPUR",प्रतिभागी,शिक्षक
BP4440,Pratibha Shukla,Shahdol,SOHAGPUR,"23161215308, GOVT HSS GIRLS SOHAGPUR",प्रतिभागी,शिक्षक
BQ8419,Rajesh Kumar Mahobiya,Shahdol,SOHAGPUR,"23161215308, GOVT HSS GIRLS SOHAGPUR",प्रतिभागी,शिक्षक
AI3454,Sangeeta Khalkho,Shahdol,SOHAGPUR,"23161215807, GOVT. HSS MLB GIRLS SHAHDOL",प्रतिभागी,शिक्षक
BF9690,Lalji Patel,Shahdol,SOHAGPUR,"23161215807, GOVT. HSS MLB GIRLS SHAHDOL",प्रतिभागी,शिक्षक
BH7647,Sangeeta Verma,Shahdol,SOHAGPUR,"23161215807, GOVT. HSS MLB GIRLS SHAHDOL",प्रतिभागी,शिक्षक
BI1517,Manisha Shukla,Shahdol,SOHAGPUR,"23161215807, GOVT. HSS MLB GIRLS SHAHDOL",प्रतिभागी,शिक्षक
BO2827,Surekha Gupta,Shahdol,SOHAGPUR,"23161215807, GOVT. HSS MLB GIRLS SHAHDOL",प्रतिभागी,शिक्षक
BR5702,Mohd.Ismaile Khan,Shahdol,SOHAGPUR,"23161215807, GOVT. HSS MLB GIRLS SHAHDOL",प्रतिभागी,शिक्षक
AA9322,Reeta Gupta,Shajapur,KALAPIPAL,"23220500946, GOVT. H.S.S. EXCELL. KALAPIPAL",प्रतिभागी,शिक्षक
AZ9907,Sunita Suryavanshi,Shajapur,KALAPIPAL,"23220500946, GOVT. H.S.S. EXCELL. KALAPIPAL",प्रतिभागी,शिक्षक
BA4276,Dheeraj Maheswari,Shajapur,KALAPIPAL,"23220500946, GOVT. H.S.S. EXCELL. KALAPIPAL",प्रतिभागी,शिक्षक
BU3818,Gyan Singh Mewada,Shajapur,KALAPIPAL,"23220500946, GOVT. H.S.S. EXCELL. KALAPIPAL",प्रतिभागी,सीएसी
BU6435,Neeta Sheshkar,Shajapur,KALAPIPAL,"23220500946, GOVT. H.S.S. EXCELL. KALAPIPAL",प्रतिभागी,शिक्षक
BX1244,Pratap Singh Chandel,Shajapur,KALAPIPAL,"23220500946, GOVT. H.S.S. EXCELL. KALAPIPAL",प्रतिभागी,शिक्षक
BZ6768,Antimbala Rathore,Shajapur,KALAPIPAL,"23220500946, GOVT. H.S.S. EXCELL. KALAPIPAL",प्रतिभागी,शिक्षक
CA9385,ARVIND SHARMA,Shajapur,KALAPIPAL,"23220500946, GOVT. H.S.S. EXCELL. KALAPIPAL",प्रतिभागी,शिक्षक
CB2537,AAKANSHA PATIDAR,Shajapur,KALAPIPAL,"23220500946, GOVT. H.S.S. EXCELL. KALAPIPAL",प्रतिभागी,शिक्षक
CB5749,NUTAN JAISWAL,Shajapur,KALAPIPAL,"23220500946, GOVT. H.S.S. EXCELL. KALAPIPAL",प्रतिभागी,शिक्षक
CE3161,LAXMAN SINGH PARIHAR,Shajapur,KALAPIPAL,"23220500946, GOVT. H.S.S. EXCELL. KALAPIPAL",प्रतिभागी,शिक्षक
AZ8714,Hemraj Verma,Shajapur,KALAPIPAL,"23220509512, GOVT. H .S . RANAYAL",प्रतिभागी,शिक्षक
BS3558,Rampal Singh Sisodiya,Shajapur,KALAPIPAL,"23220509512, GOVT. H .S . RANAYAL",प्रतिभागी,शिक्षक
CD3401,SUMIT SONANIYA,Shajapur,KALAPIPAL,"23220502226, GOVT. H.S.S. ARNIYA KALAN",प्रतिभागी,शिक्षक
BW2237,Rameshwar Kalmodiya,Shajapur,KALAPIPAL,"23220506312, GOVT. H.S.S TILAWAD MAINA",प्रतिभागी,शिक्षक
AO3056,Dinesh Kumar Leve,Shajapur,KALAPIPAL,"23220506529, GOVT. H.S.S . NANDNI",प्रतिभागी,शिक्षक
BA1047,Jayprakash Panwar,Shajapur,KALAPIPAL,"23220506529, GOVT. H.S.S . NANDNI",प्रतिभागी,शिक्षक
BA1071,Rajendra Singh Mewada,Shajapur,KALAPIPAL,"23220506529, GOVT. H.S.S . NANDNI",प्रतिभागी,शिक्षक
BA2559,Ravi Shankar Gupta,Shajapur,KALAPIPAL,"23220506529, GOVT. H.S.S . NANDNI",प्रतिभागी,शिक्षक
BV2417,Manoj Chouhan,Shajapur,KALAPIPAL,"23220506529, GOVT. H.S.S . NANDNI",प्रतिभागी,शिक्षक
BX1971,Rakesh Giri,Shajapur,KALAPIPAL,"23220506529, GOVT. H.S.S . NANDNI",प्रतिभागी,शिक्षक
BX2089,Sher Singh Malviya,Shajapur,KALAPIPAL,"23220506529, GOVT. H.S.S . NANDNI",प्रतिभागी,शिक्षक
BY2211,Sapna Mewada,Shajapur,KALAPIPAL,"23220506529, GOVT. H.S.S . NANDNI",प्रतिभागी,शिक्षक
BA1333,Murari Patidar,Shajapur,KALAPIPAL,"23220507713, GOVT. H S.S. KHARDONKALAN",प्रतिभागी,शिक्षक
8717967990,Mukesh Kumar   ,Shajapur,KALAPIPAL,"23220505516, GOVT. H.S.S. BEHRAWAL",प्रतिभागी,शिक्षक
AZ9235,Mukesh Kumar Patidar,Shajapur,KALAPIPAL,"23220505516, GOVT. H.S.S. BEHRAWAL",प्रतिभागी,शिक्षक
BA1413,Javed Khan,Shajapur,KALAPIPAL,"23220505516, GOVT. H.S.S. BEHRAWAL",प्रतिभागी,शिक्षक
BA1486,Om Prakash Verma,Shajapur,KALAPIPAL,"23220508717, GOVT. H S S. KHONKARAKALAN",प्रतिभागी,शिक्षक
BA5730,Bhagirath Rajput,Shajapur,KALAPIPAL,"23220508717, GOVT. H S S. KHONKARAKALAN",प्रतिभागी,शिक्षक
BE3335,Jeevan Kumar Pagaria,Shajapur,KALAPIPAL,"23220508717, GOVT. H S S. KHONKARAKALAN",प्रतिभागी,शिक्षक
BU5794,Dinesh Patil,Shajapur,KALAPIPAL,"23220508717, GOVT. H S S. KHONKARAKALAN",प्रतिभागी,शिक्षक
BW3859,Govind Patidar,Shajapur,KALAPIPAL,"23220508717, GOVT. H S S. KHONKARAKALAN",प्रतिभागी,शिक्षक
BA1692,Jahida Bee,Shajapur,M. BARODIYA,"23220412709, GOVT. H.S.S.DUPADA",प्रतिभागी,शिक्षक
BA1518,Lokesh Patidar,Shajapur,M. BARODIYA,"23220412309, GOVT. H.SS.CHOMA",प्रतिभागी,शिक्षक
BA1748,Satyanarayan Malviya,Shajapur,M. BARODIYA,"23220412309, GOVT. H.SS.CHOMA",प्रतिभागी,शिक्षक
BA2747,Pallavi Khenwar,Shajapur,M. BARODIYA,"23220406705, GOVT. H.S. DUDHANA",प्रतिभागी,शिक्षक
BT3432,Seema Malviya,Shajapur,M. BARODIYA,"23220406705, GOVT. H.S. DUDHANA",प्रतिभागी,शिक्षक
BY7939,Ishwar Chandra,Shajapur,M. BARODIYA,"23220406705, GOVT. H.S. DUDHANA",प्रतिभागी,शिक्षक
CC9236,PINKI SAHU,Shajapur,M. BARODIYA,"23220406705, GOVT. H.S. DUDHANA",प्रतिभागी,शिक्षक
CD3078,VIPIN SHARMA,Shajapur,M. BARODIYA,"23220406705, GOVT. H.S. DUDHANA",प्रतिभागी,शिक्षक
AZ9297,Ram Singh Saurashtriya,Shajapur,M. BARODIYA,"23220401422, GOVT. H.S.S. GULANA",प्रतिभागी,शिक्षक
BA1144,Gajendra Singh Yadav,Shajapur,M. BARODIYA,"23220401422, GOVT. H.S.S. GULANA",प्रतिभागी,शिक्षक
BA3421,Archna Tyagi,Shajapur,M. BARODIYA,"23220401422, GOVT. H.S.S. GULANA",प्रतिभागी,शिक्षक
AU4309,Vikas Kumar Nagar,Shajapur,M. BARODIYA,"23220407511, GOVT. H.S.S.MANGLAJ",प्रतिभागी,शिक्षक
BQ1222,Ram Chandra Parmar,Shajapur,M. BARODIYA,"23220407511, GOVT. H.S.S.MANGLAJ",प्रतिभागी,शिक्षक
BA3916,Kailash Chandra Parmar,Shajapur,M. BARODIYA,"23220402010, GOVT. H.S.S. POLAY KHURD",प्रतिभागी,शिक्षक
9826895326,Dileep Singh Pawar ,Shajapur,M. BARODIYA,"23220402913, GOVT. H.S.S. MADANA",प्रतिभागी,शिक्षक
BA2700,Kishor Singh Lavavanshi,Shajapur,M. BARODIYA,"23220407803, GOVT. H.S.S. SHADIPURA",प्रतिभागी,शिक्षक
BA1519,Rashmi Soni,Shajapur,SHAJAPUR,"23220617504, GOVT. H.S.S. NO.2 SHAJAPUR",प्रतिभागी,शिक्षक
BA2986,Savita Soni,Shajapur,SHAJAPUR,"23220617504, GOVT. H.S.S. NO.2 SHAJAPUR",प्रतिभागी,शिक्षक
BX1389,Poorna Saxena,Shajapur,SHAJAPUR,"23220617504, GOVT. H.S.S. NO.2 SHAJAPUR",प्रतिभागी,शिक्षक
BA3094,Rekha Suryawanshi,Shajapur,SHAJAPUR,"23220617503, GOVT. H.S.S.GIRLS. MLB. SHAJAPUR",प्रतिभागी,शिक्षक
BA3143,Rama Garg,Shajapur,SHAJAPUR,"23220617503, GOVT. H.S.S.GIRLS. MLB. SHAJAPUR",प्रतिभागी,शिक्षक
BA3156,Anjum Mirza,Shajapur,SHAJAPUR,"23220617503, GOVT. H.S.S.GIRLS. MLB. SHAJAPUR",प्रतिभागी,शिक्षक
BA3170,Rajesh Kumar Satwasker,Shajapur,SHAJAPUR,"23220617503, GOVT. H.S.S.GIRLS. MLB. SHAJAPUR",प्रतिभागी,शिक्षक
BA3636,Shailja Verma,Shajapur,SHAJAPUR,"23220617503, GOVT. H.S.S.GIRLS. MLB. SHAJAPUR",प्रतिभागी,शिक्षक
BA3660,Sanjay Kumar Soni,Shajapur,SHAJAPUR,"23220617503, GOVT. H.S.S.GIRLS. MLB. SHAJAPUR",प्रतिभागी,शिक्षक
BA5011,Bharti Patidar,Shajapur,SHAJAPUR,"23220617503, GOVT. H.S.S.GIRLS. MLB. SHAJAPUR",प्रतिभागी,शिक्षक
BE1148,Danishvar Agha,Shajapur,SHAJAPUR,"23220617503, GOVT. H.S.S.GIRLS. MLB. SHAJAPUR",प्रतिभागी,शिक्षक
BW6884,Neha Arya,Shajapur,SHAJAPUR,"23220617503, GOVT. H.S.S.GIRLS. MLB. SHAJAPUR",प्रतिभागी,शिक्षक
AZ9107,Meena Shrivastava,Shajapur,SHAJAPUR,"23220619434, GOVT. H.S.S.TILAK MAKSI",प्रतिभागी,शिक्षक
BA1864,Radheshyam Sharma,Shajapur,SHAJAPUR,"23220619434, GOVT. H.S.S.TILAK MAKSI",प्रतिभागी,शिक्षक
BN3041,Santosh Dethaliya,Shajapur,SHAJAPUR,"23220619434, GOVT. H.S.S.TILAK MAKSI",प्रतिभागी,शिक्षक
CD1559,VANDANA RATHORE,Shajapur,SHAJAPUR,"23220619434, GOVT. H.S.S.TILAK MAKSI",प्रतिभागी,शिक्षक
AZ9395,Babu Lal Hanotiya,Shajapur,SHAJAPUR,"23220605507, GOVT. H.S.S.BERCHA MANDL",प्रतिभागी,शिक्षक
AZ9427,Mohan Lal Tailor,Shajapur,SHAJAPUR,"23220605507, GOVT. H.S.S.BERCHA MANDL",प्रतिभागी,शिक्षक
BA3123,Rubeena Parveen,Shajapur,SHAJAPUR,"23220605507, GOVT. H.S.S.BERCHA MANDL",प्रतिभागी,शिक्षक
BA3214,Biharilal Chhavadi,Shajapur,SHAJAPUR,"23220605507, GOVT. H.S.S.BERCHA MANDL",प्रतिभागी,सीएसी
BA4438,Mangilal Kalekar,Shajapur,SHAJAPUR,"23220605507, GOVT. H.S.S.BERCHA MANDL",प्रतिभागी,शिक्षक
BA4892,Dinesh Kumar Patidar,Shajapur,SHAJAPUR,"23220605507, GOVT. H.S.S.BERCHA MANDL",प्रतिभागी,शिक्षक
BZ6640,Devendra Karanjiya,Shajapur,SHAJAPUR,"23220600214, GOVT. H.S.S. RANTHBHANWAR",प्रतिभागी,शिक्षक
BP9707,Jitendra Singh Yadav,Shajapur,SHAJAPUR,"23220621405, GOVT. H.S.S. SUNDERSI",प्रतिभागी,शिक्षक
BA4875,Shiv Narayan Rathore,Shajapur,SHAJAPUR,"23220605009, GOVT. H. S-S.MAKODI",प्रतिभागी,शिक्षक
BA4952,Jayram Chouhan,Shajapur,SHAJAPUR,"23220605009, GOVT. H. S-S.MAKODI",प्रतिभागी,शिक्षक
BW3254,Radheshyam Carpenter,Shajapur,SHAJAPUR,"23220605009, GOVT. H. S-S.MAKODI",प्रतिभागी,शिक्षक
AZ7739,Jagdish Chandra Dhakad,Shajapur,SHAJAPUR,"23220605917, GOVT. H.S.S. PANWADI",प्रतिभागी,शिक्षक
AZ9464,Mahendra Kumar Pandey,Shajapur,SHAJAPUR,"23220605917, GOVT. H.S.S. PANWADI",प्रतिभागी,शिक्षक
BA2645,Udaynarayan Saxena,Shajapur,SHAJAPUR,"23220605917, GOVT. H.S.S. PANWADI",प्रतिभागी,शिक्षक
BA4858,Durga Chaavdee,Shajapur,SHAJAPUR,"23220605917, GOVT. H.S.S. PANWADI",प्रतिभागी,शिक्षक
CC6787,ANKITA TOMAR,Shajapur,SHAJAPUR,"23220605917, GOVT. H.S.S. PANWADI",प्रतिभागी,शिक्षक
BA3154,Omprakash Chouhan,Shajapur,SHAJAPUR,"23220614605, GOVT. HS SAJOD",प्रतिभागी,शिक्षक
CA9392,HARSHDEEP JAISWAL,Shajapur,SHAJAPUR,"23220614605, GOVT. HS SAJOD",प्रतिभागी,शिक्षक
BA3160,Ekta Surana,Shajapur,SHAJAPUR,"23220609907, GOVT. HS BHARAD",प्रतिभागी,शिक्षक
BA3652,Arati Rajawat,Shajapur,SHAJAPUR,"23220609907, GOVT. HS BHARAD",प्रतिभागी,शिक्षक
BW6891,Disha Gaur,Shajapur,SHAJAPUR,"23220609907, GOVT. HS BHARAD",प्रतिभागी,शिक्षक
AZ9106,Ramesh Chandra Dhaked,Shajapur,SHAJAPUR,"23220611105, GOVT. HS TUKRANA",प्रतिभागी,शिक्षक
BA2642,Ram Chandra Kharoliya,Shajapur,SHAJAPUR,"23220611105, GOVT. HS TUKRANA",प्रतिभागी,शिक्षक
BE1158,Ajay Saxena,Shajapur,SHAJAPUR,"23220611105, GOVT. HS TUKRANA",प्रतिभागी,शिक्षक
BX4669,Vijayshree Kharoliya,Shajapur,SHAJAPUR,"23220611105, GOVT. HS TUKRANA",प्रतिभागी,शिक्षक
BX4727,Chain Singh Khelwal,Shajapur,SHAJAPUR,"23220611105, GOVT. HS TUKRANA",प्रतिभागी,शिक्षक
BA3151,Jyoti Pandey,Shajapur,SHAJAPUR,"23220615312, GOVT. H.S.S. LAHORI",प्रतिभागी,शिक्षक
BA3307,Dinesh Kumar Sharma,Shajapur,SHAJAPUR,"23220615312, GOVT. H.S.S. LAHORI",प्रतिभागी,शिक्षक
BA3651,Rashmi Tomar,Shajapur,SHAJAPUR,"23220615312, GOVT. H.S.S. LAHORI",प्रतिभागी,शिक्षक
BZ1352,Jitendra Kumar Sen,Shajapur,SHAJAPUR,"23220615312, GOVT. H.S.S. LAHORI",प्रतिभागी,शिक्षक
CE9243,SALMA SITARA,Shajapur,SHAJAPUR,"23220615312, GOVT. H.S.S. LAHORI",प्रतिभागी,शिक्षक
AZ8595,Sushma Saxena,Shajapur,SHUJALPUR,"23220711814, GOVT. H.S.E.EXCELL SHARDA SHUJALPUR",प्रतिभागी,शिक्षक
BA5661,Mukesh Kumar Sehroliya,Shajapur,SHUJALPUR,"23220711814, GOVT. H.S.E.EXCELL SHARDA SHUJALPUR",प्रतिभागी,शिक्षक
AU9686,Vibha Saxena,Shajapur,SHUJALPUR,"23220709044, GOVT. H.S.S. GIRLS SHUJALPUR MANDI",प्रतिभागी,शिक्षक
AZ8582,Asha Chakradhari,Shajapur,SHUJALPUR,"23220709044, GOVT. H.S.S. GIRLS SHUJALPUR MANDI",प्रतिभागी,शिक्षक
AZ9905,Ramgopal Suryavanshi,Shajapur,SHUJALPUR,"23220709044, GOVT. H.S.S. GIRLS SHUJALPUR MANDI",प्रतिभागी,शिक्षक
BA4431,Nisha Kavishwar,Shajapur,SHUJALPUR,"23220709044, GOVT. H.S.S. GIRLS SHUJALPUR MANDI",प्रतिभागी,शिक्षक
BR9638,Rachana Gaud,Shajapur,SHUJALPUR,"23220709044, GOVT. H.S.S. GIRLS SHUJALPUR MANDI",प्रतिभागी,शिक्षक
AZ8744,Nitu Saxena,Shajapur,SHUJALPUR,"23220704938, GOVT. H.S.S. BOYS SHUJALPUR CITY",प्रतिभागी,शिक्षक
BA2477,Sunil Kumar Soni,Shajapur,SHUJALPUR,"23220704938, GOVT. H.S.S. BOYS SHUJALPUR CITY",प्रतिभागी,शिक्षक
BA2961,Roshan Singh Parmar,Shajapur,SHUJALPUR,"23220704938, GOVT. H.S.S. BOYS SHUJALPUR CITY",प्रतिभागी,बीएसी
BA4417,Sunita Keshwal,Shajapur,SHUJALPUR,"23220704938, GOVT. H.S.S. BOYS SHUJALPUR CITY",प्रतिभागी,शिक्षक
BA4496,Mamta Vishwkarma,Shajapur,SHUJALPUR,"23220704938, GOVT. H.S.S. BOYS SHUJALPUR CITY",प्रतिभागी,शिक्षक
BA4503,Savita Jain,Shajapur,SHUJALPUR,"23220704938, GOVT. H.S.S. BOYS SHUJALPUR CITY",प्रतिभागी,शिक्षक
BA1986,Smt Chitrabala Yadav,Shajapur,SHUJALPUR,"23220704937, GOVT. H.S.S. GIRLS . SHUJALPUR CITY",प्रतिभागी,शिक्षक
BA4193,Seema Bai Kumbhkar,Shajapur,SHUJALPUR,"23220704937, GOVT. H.S.S. GIRLS . SHUJALPUR CITY",प्रतिभागी,शिक्षक
BA4424,Pramila Sharma,Shajapur,SHUJALPUR,"23220704937, GOVT. H.S.S. GIRLS . SHUJALPUR CITY",प्रतिभागी,शिक्षक
BN2990,Karma Parmar,Shajapur,SHUJALPUR,"23220704937, GOVT. H.S.S. GIRLS . SHUJALPUR CITY",प्रतिभागी,शिक्षक
BA4005,Kailash Narayan Choudhari,Shajapur,SHUJALPUR,"23220701918, GOVT. H. S.S JAMNER",प्रतिभागी,शिक्षक
BA4404,Santosh Kumar Patidar,Shajapur,SHUJALPUR,"23220701918, GOVT. H. S.S JAMNER",प्रतिभागी,शिक्षक
BA4455,Toshi Jaiswal,Shajapur,SHUJALPUR,"23220701918, GOVT. H. S.S JAMNER",प्रतिभागी,शिक्षक
BA4463,Akil Khan Mansuri,Shajapur,SHUJALPUR,"23220701918, GOVT. H. S.S JAMNER",प्रतिभागी,शिक्षक
BN1821,Khemraj Vishwakarma,Shajapur,SHUJALPUR,"23220701918, GOVT. H. S.S JAMNER",प्रतिभागी,शिक्षक
BT8866,Suresh Channdr Shrma,Shajapur,SHUJALPUR,"23220701918, GOVT. H. S.S JAMNER",प्रतिभागी,शिक्षक
BV8616,Nitesh Kumar Saxena,Shajapur,SHUJALPUR,"23220701918, GOVT. H. S.S JAMNER",प्रतिभागी,शिक्षक
BA3647,Lal Singh Chouhan,Shajapur,SHUJALPUR,"23220706424, GOVT. H.S.S. EXCELL. POLAYKALAN",प्रतिभागी,शिक्षक
BA4407,Gajraj Singh Verma,Shajapur,SHUJALPUR,"23220706424, GOVT. H.S.S. EXCELL. POLAYKALAN",प्रतिभागी,शिक्षक
BT2630,Jagdish Bhaisaniya,Shajapur,SHUJALPUR,"23220706424, GOVT. H.S.S. EXCELL. POLAYKALAN",प्रतिभागी,शिक्षक
BW4279,Ashok Maheshwary,Shajapur,SHUJALPUR,"23220706424, GOVT. H.S.S. EXCELL. POLAYKALAN",प्रतिभागी,शिक्षक
AZ7700,Vikram Singh Arya,Shajapur,SHUJALPUR,"23220703403, GOVT. H.S.S.AVANTIPUR BADODIYA",प्रतिभागी,शिक्षक
AZ8833,Mohan Lal Verma,Shajapur,SHUJALPUR,"23220703403, GOVT. H.S.S.AVANTIPUR BADODIYA",प्रतिभागी,शिक्षक
AZ8836,Dheerendra Kumar Bhaisaniya,Shajapur,SHUJALPUR,"23220703403, GOVT. H.S.S.AVANTIPUR BADODIYA",प्रतिभागी,शिक्षक
BA4373,Eklesh Kumar,Shajapur,SHUJALPUR,"23220703403, GOVT. H.S.S.AVANTIPUR BADODIYA",प्रतिभागी,सीएसी
BQ9815,Balram Soni,Shajapur,SHUJALPUR,"23220703403, GOVT. H.S.S.AVANTIPUR BADODIYA",प्रतिभागी,शिक्षक
BT4137,Omprakash Sen,Shajapur,SHUJALPUR,"23220703403, GOVT. H.S.S.AVANTIPUR BADODIYA",प्रतिभागी,शिक्षक
BS5414,Ram Bharat Sharma,Sheopur,KARAHAL,"23011002305, GOVT. HSS  AWDA",प्रतिभागी,शिक्षक
CB9972,ABHISEK GOSWAMEE,Sheopur,KARAHAL,"23011002305, GOVT. HSS  AWDA",प्रतिभागी,शिक्षक
CC1277,DURGA BITHOLIYA,Sheopur,KARAHAL,"23011002305, GOVT. HSS  AWDA",प्रतिभागी,शिक्षक
CC2270,SATENDRA CHAUHAN,Sheopur,KARAHAL,"23011002305, GOVT. HSS  AWDA",प्रतिभागी,शिक्षक
CC5131,PADAM SINGH,Sheopur,KARAHAL,"23011002305, GOVT. HSS  AWDA",प्रतिभागी,शिक्षक
BS6479,Shashikala Sharma,Sheopur,KARAHAL,"23011004707, GOVT. HS   GORAS",प्रतिभागी,शिक्षक
BA5817,Jitendra Singh,Sheopur,KARAHAL,"23011009104, GOVT. HS JAKHDA",प्रतिभागी,शिक्षक
CC1848,RAGHAVENDRA SIKARWAR,Sheopur,KARAHAL,"23011009104, GOVT. HS JAKHDA",प्रतिभागी,शिक्षक
CC1849,MUKESH PRAJAPATI,Sheopur,KARAHAL,"23011009104, GOVT. HS JAKHDA",प्रतिभागी,शिक्षक
BA5883,Murari Lal Gaud,Sheopur,KARAHAL,"23011006404, GOVT. HS   PATODA",प्रतिभागी,शिक्षक
CC1778,ROBIN SHARMA,Sheopur,KARAHAL,"23011006404, GOVT. HS   PATODA",प्रतिभागी,शिक्षक
CC7010,NAROTTAM SHAKYA,Sheopur,KARAHAL,"23011006404, GOVT. HS   PATODA",प्रतिभागी,शिक्षक
CD8613,LADHKUWAR AHIRWAR,Sheopur,KARAHAL,"23011006404, GOVT. HS   PATODA",प्रतिभागी,शिक्षक
BA7670,Sh. Kamlesh Kumar Magal,Sheopur,KARAHAL,"23011010738, GOVT. HS   GIRLS KARHAL",प्रतिभागी,शिक्षक
BR9274,Jagdish Barai,Sheopur,KARAHAL,"23011010738, GOVT. HS   GIRLS KARHAL",प्रतिभागी,शिक्षक
CC1353,NEERAJ KUMAR,Sheopur,KARAHAL,"23011010738, GOVT. HS   GIRLS KARHAL",प्रतिभागी,शिक्षक
CC1771,RAVINDRA TENGURIYA,Sheopur,KARAHAL,"23011010738, GOVT. HS   GIRLS KARHAL",प्रतिभागी,शिक्षक
CC2757,PUJA RAWAT,Sheopur,KARAHAL,"23011010738, GOVT. HS   GIRLS KARHAL",प्रतिभागी,शिक्षक
CF5535,SARLA CHAURSIYA,Sheopur,KARAHAL,"23011010738, GOVT. HS   GIRLS KARHAL",प्रतिभागी,शिक्षक
BO6790,Devi Lal Saneriya,Sheopur,KARAHAL,"23011007309, GOVT. HSS  BARGAVAN",प्रतिभागी,शिक्षक
BA7631,Veerendra Singh Chaudhary,Sheopur,KARAHAL,"23011000207, GOVT. HSS  GIRDHARPUR",प्रतिभागी,शिक्षक
BP9368,Sakuntala Tomar,Sheopur,KARAHAL,"23011000207, GOVT. HSS  GIRDHARPUR",प्रतिभागी,शिक्षक
BU2331,Radheshyam Singh,Sheopur,KARAHAL,"23011000207, GOVT. HSS  GIRDHARPUR",प्रतिभागी,शिक्षक
CC1634,MUKESH SUMAN,Sheopur,KARAHAL,"23011000207, GOVT. HSS  GIRDHARPUR",प्रतिभागी,शिक्षक
CC2771,SANJEEV RAO,Sheopur,KARAHAL,"23011004005, GOVT. HSS PAHELA",प्रतिभागी,शिक्षक
CC2777,SANTOSH KIRAR,Sheopur,KARAHAL,"23011004005, GOVT. HSS PAHELA",प्रतिभागी,शिक्षक
CC5834,BANTEE JATAV,Sheopur,KARAHAL,"23011004005, GOVT. HSS PAHELA",प्रतिभागी,शिक्षक
CC6762,SOURABH GAUTAM,Sheopur,KARAHAL,"23011004005, GOVT. HSS PAHELA",प्रतिभागी,शिक्षक
CC1483,BHOOPENDRA SINGH,Sheopur,KARAHAL,"23011009208, GOVT. HSS SESAIPURA",प्रतिभागी,शिक्षक
BA6169,Hasan Khan,Sheopur,SHEOPUR,"23010924830, GOVT. HSS BARODA",प्रतिभागी,शिक्षक
BA6177,Dharmraj Rawat,Sheopur,SHEOPUR,"23010924830, GOVT. HSS BARODA",प्रतिभागी,शिक्षक
BA6341,Omprakash Meena,Sheopur,SHEOPUR,"23010924830, GOVT. HSS BARODA",प्रतिभागी,शिक्षक
BA6889,Hansraj Arya,Sheopur,SHEOPUR,"23010924830, GOVT. HSS BARODA",प्रतिभागी,शिक्षक
BU3078,Suneel Kumar Deshlahara,Sheopur,SHEOPUR,"23010924830, GOVT. HSS BARODA",प्रतिभागी,शिक्षक
BX1178,Phool Chand Gautam,Sheopur,SHEOPUR,"23010924830, GOVT. HSS BARODA",प्रतिभागी,शिक्षक
BZ2250,Lalit Kumar Nama,Sheopur,SHEOPUR,"23010924830, GOVT. HSS BARODA",प्रतिभागी,शिक्षक
BA6920,Ramsingh Meena,Sheopur,SHEOPUR,"23010903609, GOVT. HSS   DATARDA",प्रतिभागी,शिक्षक
BA7133,Kailash Sharma,Sheopur,SHEOPUR,"23010903609, GOVT. HSS   DATARDA",प्रतिभागी,शिक्षक
BA7155,Hanuman Prasad Jangid,Sheopur,SHEOPUR,"23010903609, GOVT. HSS   DATARDA",प्रतिभागी,शिक्षक
BW9629,Manmohan Singh,Sheopur,SHEOPUR,"23010903609, GOVT. HSS   DATARDA",प्रतिभागी,शिक्षक
BZ1833,Sushil Kumar Chandra,Sheopur,SHEOPUR,"23010903609, GOVT. HSS   DATARDA",प्रतिभागी,शिक्षक
CC2119,VIVEK SHARMA,Sheopur,SHEOPUR,"23010903609, GOVT. HSS   DATARDA",प्रतिभागी,शिक्षक
BA6093,Bharat Singh Jat,Sheopur,SHEOPUR,"23010922307, GOVT. HSS   MAKRAWDA",प्रतिभागी,शिक्षक
BA6183,Meena Rathor,Sheopur,SHEOPUR,"23010922307, GOVT. HSS   MAKRAWDA",प्रतिभागी,शिक्षक
BA7026,Prakash Chand Suman,Sheopur,SHEOPUR,"23010922307, GOVT. HSS   MAKRAWDA",प्रतिभागी,शिक्षक
BA6661,Satyanarayan Mahor,Sheopur,SHEOPUR,"23010902112, GOVT. HSS MANPUR",प्रतिभागी,शिक्षक
BA6674,Dinesh Kumar Rajput,Sheopur,SHEOPUR,"23010902112, GOVT. HSS MANPUR",प्रतिभागी,शिक्षक
BA7140,Kamal Singh Jatav,Sheopur,SHEOPUR,"23010902112, GOVT. HSS MANPUR",प्रतिभागी,शिक्षक
BP2881,Shreepal Adiwasi,Sheopur,SHEOPUR,"23010902112, GOVT. HSS MANPUR",प्रतिभागी,शिक्षक
BV4985,Mahesh Mathuria,Sheopur,SHEOPUR,"23010902112, GOVT. HSS MANPUR",प्रतिभागी,शिक्षक
BX7251,Dashrath Meena,Sheopur,SHEOPUR,"23010902112, GOVT. HSS MANPUR",प्रतिभागी,शिक्षक
BY6164,Shashi Bhushan Sharma,Sheopur,SHEOPUR,"23010902112, GOVT. HSS MANPUR",प्रतिभागी,शिक्षक
BA6058,Shambhu Dayal Mahour,Sheopur,SHEOPUR,"23010917213, GOVT. HSS PANDOLA",प्रतिभागी,शिक्षक
BA6805,Rajendra Prasad Gupta,Sheopur,SHEOPUR,"23010917213, GOVT. HSS PANDOLA",प्रतिभागी,शिक्षक
BA6948,Gizala Arifanomani,Sheopur,SHEOPUR,"23010917213, GOVT. HSS PANDOLA",प्रतिभागी,शिक्षक
BV8257,Anita Nagar,Sheopur,SHEOPUR,"23010917213, GOVT. HSS PANDOLA",प्रतिभागी,शिक्षक
BX8510,Dinesh Kumar Nagar,Sheopur,SHEOPUR,"23010917213, GOVT. HSS PANDOLA",प्रतिभागी,शिक्षक
BY9310,Kamalesh Kumar Nagar,Sheopur,SHEOPUR,"23010917213, GOVT. HSS PANDOLA",प्रतिभागी,शिक्षक
CB3258,KHILNTA NAGAR,Sheopur,SHEOPUR,"23010917213, GOVT. HSS PANDOLA",प्रतिभागी,शिक्षक
BA6063,Jagdish Narayan Chouhan,Sheopur,SHEOPUR,"23010913605, GOVT. HSS   UTANBAD",प्रतिभागी,शिक्षक
BV4816,Chitrgupt Jaluthriya,Sheopur,SHEOPUR,"23010913605, GOVT. HSS   UTANBAD",प्रतिभागी,शिक्षक
AZ9555,Krishan Murari Gupta,Sheopur,SHEOPUR,"23010924577, GOVT. HSS  GIRLS SHEOPUR",प्रतिभागी,शिक्षक
BA6122,Nuzhat Parveen,Sheopur,SHEOPUR,"23010924577, GOVT. HSS  GIRLS SHEOPUR",प्रतिभागी,शिक्षक
BA6361,Satywan Singh Dadoriya,Sheopur,SHEOPUR,"23010924577, GOVT. HSS  GIRLS SHEOPUR",प्रतिभागी,शिक्षक
BA6724,Manish Gupta,Sheopur,SHEOPUR,"23010924577, GOVT. HSS  GIRLS SHEOPUR",प्रतिभागी,शिक्षक
BA7005,Hemant Kumar Manjhi,Sheopur,SHEOPUR,"23010924577, GOVT. HSS  GIRLS SHEOPUR",प्रतिभागी,शिक्षक
BA7707,Rakesh Kumar Pathak,Sheopur,SHEOPUR,"23010924577, GOVT. HSS  GIRLS SHEOPUR",प्रतिभागी,शिक्षक
BU4556,Monika Sharma,Sheopur,SHEOPUR,"23010924577, GOVT. HSS  GIRLS SHEOPUR",प्रतिभागी,शिक्षक
BV5462,Kavita Gupta,Sheopur,SHEOPUR,"23010924577, GOVT. HSS  GIRLS SHEOPUR",प्रतिभागी,शिक्षक
BW4761,Ikram Uddin,Sheopur,SHEOPUR,"23010924577, GOVT. HSS  GIRLS SHEOPUR",प्रतिभागी,शिक्षक
BW9612,Renu Gautam,Sheopur,SHEOPUR,"23010924577, GOVT. HSS  GIRLS SHEOPUR",प्रतिभागी,शिक्षक
BX3792,Kailash Jatav,Sheopur,SHEOPUR,"23010924577, GOVT. HSS  GIRLS SHEOPUR",प्रतिभागी,शिक्षक
CC4312,MANISH SHUKLA,Sheopur,SHEOPUR,"23010924577, GOVT. HSS  GIRLS SHEOPUR",प्रतिभागी,शिक्षक
BA6708,Balvant Singh,Sheopur,SHEOPUR,"23010912211, GOVT. HSS  PREMSAR",प्रतिभागी,शिक्षक
BA7176,Premchand Rathor,Sheopur,SHEOPUR,"23010912211, GOVT. HSS  PREMSAR",प्रतिभागी,शिक्षक
BU4555,Deepak Pareek,Sheopur,SHEOPUR,"23010912211, GOVT. HSS  PREMSAR",प्रतिभागी,शिक्षक
BV5699,Sushil Kumar Soni,Sheopur,SHEOPUR,"23010912211, GOVT. HSS  PREMSAR",प्रतिभागी,शिक्षक
BV8265,Meenu Nayak,Sheopur,SHEOPUR,"23010912211, GOVT. HSS  PREMSAR",प्रतिभागी,शिक्षक
BW4184,Ashok Kumar Sharma,Sheopur,SHEOPUR,"23010912211, GOVT. HSS  PREMSAR",प्रतिभागी,शिक्षक
BY6158,Harish Sharma,Sheopur,SHEOPUR,"23010912211, GOVT. HSS  PREMSAR",प्रतिभागी,शिक्षक
BA6054,Hari Swaroop Sharma,Sheopur,SHEOPUR,"23010924578, GOVT. HSS SHRI HAJARESHWAR SHEOPUR",प्रतिभागी,शिक्षक
BA6337,Man Singh Mahor,Sheopur,SHEOPUR,"23010924578, GOVT. HSS SHRI HAJARESHWAR SHEOPUR",प्रतिभागी,शिक्षक
BA6340,Om Prakash Rathor,Sheopur,SHEOPUR,"23010924578, GOVT. HSS SHRI HAJARESHWAR SHEOPUR",प्रतिभागी,शिक्षक
BA6371,Shishupal Adiwasi,Sheopur,SHEOPUR,"23010924578, GOVT. HSS SHRI HAJARESHWAR SHEOPUR",प्रतिभागी,शिक्षक
BA6383,Ramganesh Argal,Sheopur,SHEOPUR,"23010924578, GOVT. HSS SHRI HAJARESHWAR SHEOPUR",प्रतिभागी,शिक्षक
BA6510,Durgawati Mahor,Sheopur,SHEOPUR,"23010924578, GOVT. HSS SHRI HAJARESHWAR SHEOPUR",प्रतिभागी,शिक्षक
BA7177,Abdul Rajak Ansari,Sheopur,SHEOPUR,"23010924578, GOVT. HSS SHRI HAJARESHWAR SHEOPUR",प्रतिभागी,शिक्षक
BA7235,Manohar Gautam,Sheopur,SHEOPUR,"23010924578, GOVT. HSS SHRI HAJARESHWAR SHEOPUR",प्रतिभागी,शिक्षक
BV8152,Kailash Chand Gupta,Sheopur,SHEOPUR,"23010924578, GOVT. HSS SHRI HAJARESHWAR SHEOPUR",प्रतिभागी,शिक्षक
BV8883,Surendra Kumar Gautam,Sheopur,SHEOPUR,"23010924578, GOVT. HSS SHRI HAJARESHWAR SHEOPUR",प्रतिभागी,शिक्षक
BX2482,Sanjay Gupta,Sheopur,SHEOPUR,"23010924578, GOVT. HSS SHRI HAJARESHWAR SHEOPUR",प्रतिभागी,शिक्षक
BY7067,Durga Shnkar Nagar,Sheopur,SHEOPUR,"23010924578, GOVT. HSS SHRI HAJARESHWAR SHEOPUR",प्रतिभागी,शिक्षक
BZ1690,Kamal Kumar Mahor,Sheopur,SHEOPUR,"23010924578, GOVT. HSS SHRI HAJARESHWAR SHEOPUR",प्रतिभागी,शिक्षक
BA7830,Lokendra Sharma,Sheopur,VIJAYPUR,"23010808506, GOVT. HS GARHI",प्रतिभागी,शिक्षक
BA7835,Dharmendra Sharma,Sheopur,VIJAYPUR,"23010808506, GOVT. HS GARHI",प्रतिभागी,शिक्षक
BA7865,Sarvan Lal Shakya,Sheopur,VIJAYPUR,"23010808506, GOVT. HS GARHI",प्रतिभागी,शिक्षक
BA7907,Dinesh Kumar Rathore,Sheopur,VIJAYPUR,"23010808506, GOVT. HS GARHI",प्रतिभागी,शिक्षक
BS8648,Deepak Upadhyay,Sheopur,VIJAYPUR,"23010808506, GOVT. HS GARHI",प्रतिभागी,शिक्षक
BT4970,Shashi Harshavardhan Verma,Sheopur,VIJAYPUR,"23010808506, GOVT. HS GARHI",प्रतिभागी,शिक्षक
BX1338,Satish Dhakar,Sheopur,VIJAYPUR,"23010808506, GOVT. HS GARHI",प्रतिभागी,शिक्षक
BX8192,Pooja Jatav,Sheopur,VIJAYPUR,"23010808506, GOVT. HS GARHI",प्रतिभागी,शिक्षक
CB4585,SANTOSHI RATHORE,Sheopur,VIJAYPUR,"23010808506, GOVT. HS GARHI",प्रतिभागी,शिक्षक
BA7759,Ramphool Meena,Sheopur,VIJAYPUR,"23010804504, GOVT. HSS SHYAMPUR",प्रतिभागी,शिक्षक
BA8282,Bhagwati Prasad Rawat,Sheopur,VIJAYPUR,"23010804504, GOVT. HSS SHYAMPUR",प्रतिभागी,शिक्षक
BQ6661,Gopilal Lal,Sheopur,VIJAYPUR,"23010805505, GOVT. HSS OCHAPURA",प्रतिभागी,शिक्षक
BR8795,Ram Kumar Tyagi,Sheopur,VIJAYPUR,"23010805505, GOVT. HSS OCHAPURA",प्रतिभागी,सीएसी
BY7441,Purushottam Lal Meena,Sheopur,VIJAYPUR,"23010805505, GOVT. HSS OCHAPURA",प्रतिभागी,शिक्षक
CD9447,NEETU GARG,Sheopur,VIJAYPUR,"23010805505, GOVT. HSS OCHAPURA",प्रतिभागी,शिक्षक
CE4426,RAHUL SHARMA,Sheopur,VIJAYPUR,"23010805505, GOVT. HSS OCHAPURA",प्रतिभागी,शिक्षक
BP7137,Mohar Lal Rawat,Sheopur,VIJAYPUR,"23010814508, GOVT. HS   AGRA",प्रतिभागी,शिक्षक
BQ4633,Surendra Singh Rajoriya,Sheopur,VIJAYPUR,"23010814508, GOVT. HS   AGRA",प्रतिभागी,शिक्षक
CE8877,LAXARAM DHAKAR,Sheopur,VIJAYPUR,"23010814508, GOVT. HS   AGRA",प्रतिभागी,शिक्षक
BA7972,Pramod Kumar Sharma,Sheopur,VIJAYPUR,"23010822926, GOVT. HSS  GIRLS VIJAYPUR",प्रतिभागी,शिक्षक
BS4076,Ramnivas Jatav,Sheopur,VIJAYPUR,"23010822926, GOVT. HSS  GIRLS VIJAYPUR",प्रतिभागी,शिक्षक
BT5415,Amar Singh Rawat,Sheopur,VIJAYPUR,"23010822926, GOVT. HSS  GIRLS VIJAYPUR",प्रतिभागी,शिक्षक
BW6524,Aparmal Dhakar,Sheopur,VIJAYPUR,"23010822926, GOVT. HSS  GIRLS VIJAYPUR",प्रतिभागी,शिक्षक
BZ1343,koksingh dhakar,Sheopur,VIJAYPUR,"23010822926, GOVT. HSS  GIRLS VIJAYPUR",प्रतिभागी,शिक्षक
BZ1891,Beerendra Dhakar,Sheopur,VIJAYPUR,"23010822926, GOVT. HSS  GIRLS VIJAYPUR",प्रतिभागी,शिक्षक
BW8279,Mahesh Rawat,Sheopur,VIJAYPUR,"23010816406, GOVT. HSS  GOHATA",प्रतिभागी,शिक्षक
BA7826,Sunita Awsthi,Sheopur,VIJAYPUR,"23010821007, GOVT. HSS SAHASRAM",प्रतिभागी,शिक्षक
BT5119,Jitender Kumar Sharma,Sheopur,VIJAYPUR,"23010821007, GOVT. HSS SAHASRAM",प्रतिभागी,शिक्षक
CD8202,GAJENDRA YADAV,Sheopur,VIJAYPUR,"23010821007, GOVT. HSS SAHASRAM",प्रतिभागी,शिक्षक
CF3571,POOJA DHAKAD,Sheopur,VIJAYPUR,"23010821007, GOVT. HSS SAHASRAM",प्रतिभागी,शिक्षक
BA6398,Jagmohan Singh Kaushal,Sheopur,VIJAYPUR,"23010808011, GOVT. HSS  BEERPUR",प्रतिभागी,शिक्षक
BA7805,Chandra Pal Singh Jatav,Sheopur,VIJAYPUR,"23010808011, GOVT. HSS  BEERPUR",प्रतिभागी,शिक्षक
BA8222,Subodh Kumar Sharma,Sheopur,VIJAYPUR,"23010808011, GOVT. HSS  BEERPUR",प्रतिभागी,शिक्षक
BA8540,Maharaj Singh,Sheopur,VIJAYPUR,"23010808011, GOVT. HSS  BEERPUR",प्रतिभागी,शिक्षक
BR8798,Dinesh Kumar,Sheopur,VIJAYPUR,"23010808011, GOVT. HSS  BEERPUR",प्रतिभागी,शिक्षक
BW4103,Vinod Kumar,Sheopur,VIJAYPUR,"23010808011, GOVT. HSS  BEERPUR",प्रतिभागी,शिक्षक
BW4117,Rajeshwari Rawat,Sheopur,VIJAYPUR,"23010808011, GOVT. HSS  BEERPUR",प्रतिभागी,शिक्षक
BW8521,Gyan Singh Rawat,Sheopur,VIJAYPUR,"23010808011, GOVT. HSS  BEERPUR",प्रतिभागी,शिक्षक
BA6411,Arjunlal Bairwa,Sheopur,VIJAYPUR,"23010800707, GOVT. HSS  TARAKALAN",प्रतिभागी,शिक्षक
BP2888,Ramprasad Prajapati,Sheopur,VIJAYPUR,"23010800707, GOVT. HSS  TARAKALAN",प्रतिभागी,शिक्षक
BV9059,Vishnu Kumar Mathuria,Sheopur,VIJAYPUR,"23010800707, GOVT. HSS  TARAKALAN",प्रतिभागी,शिक्षक
BV9180,Girraj Jat,Sheopur,VIJAYPUR,"23010800707, GOVT. HSS  TARAKALAN",प्रतिभागी,शिक्षक
CD6184,SUMAN GUPTA,Sheopur,VIJAYPUR,"23010800707, GOVT. HSS  TARAKALAN",प्रतिभागी,शिक्षक
BA8052,Rakesh Kumar Batham,Sheopur,VIJAYPUR,"23010822925, GOVT. HSS  EXCELLENCE VIJAYPUR",प्रतिभागी,शिक्षक
BW1030,Mahesh Giri,Sheopur,VIJAYPUR,"23010822925, GOVT. HSS  EXCELLENCE VIJAYPUR",प्रतिभागी,शिक्षक
BW6518,Raghuvir Singh Dhakar,Sheopur,VIJAYPUR,"23010822925, GOVT. HSS  EXCELLENCE VIJAYPUR",प्रतिभागी,शिक्षक
BX2762,Navdeep Soni,Sheopur,VIJAYPUR,"23010822925, GOVT. HSS  EXCELLENCE VIJAYPUR",प्रतिभागी,शिक्षक
9165280173,Surendra   ,Shivpuri,BADARWAS,"23060308409, GOVT HSS INDAAR",प्रतिभागी,शिक्षक
BB2294,Kiran Bhagat,Shivpuri,BADARWAS,"23060308409, GOVT HSS INDAAR",प्रतिभागी,शिक्षक
BN6753,Rambir Mishra,Shivpuri,BADARWAS,"23060308409, GOVT HSS INDAAR",प्रतिभागी,शिक्षक
BV5673,Ramkrishan Kabirpanthi,Shivpuri,BADARWAS,"23060308409, GOVT HSS INDAAR",प्रतिभागी,शिक्षक
BX2655,Satyendra Raghuwanshi,Shivpuri,BADARWAS,"23060308409, GOVT HSS INDAAR",प्रतिभागी,शिक्षक
AK5873,Babulal Ghuraiya,Shivpuri,BADARWAS,"23060304803, GOVT HS AGRA",प्रतिभागी,शिक्षक
BA8788,Jagannath Jatav,Shivpuri,BADARWAS,"23060304803, GOVT HS AGRA",प्रतिभागी,शिक्षक
BA9071,Naresh Chand Jatav,Shivpuri,BADARWAS,"23060304803, GOVT HS AGRA",प्रतिभागी,शिक्षक
BA9107,Pancham Singh Kushwaha,Shivpuri,BADARWAS,"23060304803, GOVT HS AGRA",प्रतिभागी,शिक्षक
BB3094,Hemant Agrawal,Shivpuri,BADARWAS,"23060304803, GOVT HS AGRA",प्रतिभागी,शिक्षक
BN4909,Shivraj Singh Yadav,Shivpuri,BADARWAS,"23060304803, GOVT HS AGRA",प्रतिभागी,शिक्षक
BV5677,Hariramsingh Yadav,Shivpuri,BADARWAS,"23060302704, GOVT HS ATALPUR",प्रतिभागी,शिक्षक
BY8219,Santosh Kumar Ojha,Shivpuri,BADARWAS,"23060302704, GOVT HS ATALPUR",प्रतिभागी,शिक्षक
BB2334,Sunita Sharma,Shivpuri,BADARWAS,"23060307520, GOVT HS KHATORA",प्रतिभागी,शिक्षक
BB2342,Ghooman Singh Goliya,Shivpuri,BADARWAS,"23060307520, GOVT HS KHATORA",प्रतिभागी,शिक्षक
BB2357,Rajveer Singh Yadav,Shivpuri,BADARWAS,"23060307520, GOVT HS KHATORA",प्रतिभागी,सीएसी
BA8993,Giriraj Singh Kirar,Shivpuri,BADARWAS,"23060324805, GOVT.HSS BIJRONI",प्रतिभागी,शिक्षक
BB2355,Subhan Chander,Shivpuri,BADARWAS,"23060324805, GOVT.HSS BIJRONI",प्रतिभागी,शिक्षक
BB2453,Brajendra Singh Yadav,Shivpuri,BADARWAS,"23060324805, GOVT.HSS BIJRONI",प्रतिभागी,शिक्षक
CD3636,SACHIN SHARMA,Shivpuri,BADARWAS,"23060306105, GOVT HS DEHRDA GANES",प्रतिभागी,शिक्षक
8085121922,Deepak Kumar Jha   ,Shivpuri,KARAIRA,"23060701011, GOVT.HSS AMOLPATHA KARERA",प्रतिभागी,शिक्षक
BB1049,Maneshwar Ram Bhagat,Shivpuri,KARAIRA,"23060718206, GOVT HS SILANAGAR",प्रतिभागी,शिक्षक
BB1551,Shambhu Singh Sahu,Shivpuri,KARAIRA,"23060718206, GOVT HS SILANAGAR",प्रतिभागी,शिक्षक
BN4677,Mithalesh Kumar Sahu,Shivpuri,KARAIRA,"23060718206, GOVT HS SILANAGAR",प्रतिभागी,शिक्षक
BQ1007,Omvati Kushwah,Shivpuri,KARAIRA,"23060718206, GOVT HS SILANAGAR",प्रतिभागी,शिक्षक
BB1044,Akhilesh Gupta,Shivpuri,KARAIRA,"23060702517, GOVT.HSS SIRSOUD KARERA",प्रतिभागी,सीएसी
BA9423,Mamta Gupta,Shivpuri,KARAIRA,"23060705607, GOVT HS KALIPAHADI",प्रतिभागी,शिक्षक
BB3101,Pragya Singh Chauhan,Shivpuri,KARAIRA,"23060705607, GOVT HS KALIPAHADI",प्रतिभागी,शिक्षक
BQ9553,Uttam Singh Shakya,Shivpuri,KARAIRA,"23060705607, GOVT HS KALIPAHADI",प्रतिभागी,शिक्षक
BU5860,Raj Kumar Yadav,Shivpuri,KARAIRA,"23060705607, GOVT HS KALIPAHADI",प्रतिभागी,शिक्षक
BV8670,Mahendra Singh Rajput,Shivpuri,KARAIRA,"23060705607, GOVT HS KALIPAHADI",प्रतिभागी,शिक्षक
BA9419,Shailendra Kumar Shukla,Shivpuri,KARAIRA,"23060715569, GOVT HSS DINARA",प्रतिभागी,शिक्षक
BB1296,Vimla Gupta,Shivpuri,KARAIRA,"23060715569, GOVT HSS DINARA",प्रतिभागी,शिक्षक
BQ2223,Ashok Kumar Gupta,Shivpuri,KARAIRA,"23060715569, GOVT HSS DINARA",प्रतिभागी,शिक्षक
BZ4008,Rajendra Chaturvedi,Shivpuri,KARAIRA,"23060715569, GOVT HSS DINARA",प्रतिभागी,शिक्षक
BU8504,Anil Kumar Choubey,Shivpuri,KARAIRA,"23060708007, GOVT.HSS DAMRONKALA KARERA",प्रतिभागी,शिक्षक
BY2803,Ajab Singh Lodhi,Shivpuri,KARAIRA,"23060708007, GOVT.HSS DAMRONKALA KARERA",प्रतिभागी,शिक्षक
BB1098,Kamlakishor Jha,Shivpuri,KARAIRA,"23060715567, GOVT.HSS EXCELLENCE KARERA",प्रतिभागी,शिक्षक
BB1116,Shweta Gupta,Shivpuri,KARAIRA,"23060715567, GOVT.HSS EXCELLENCE KARERA",प्रतिभागी,शिक्षक
BB4773,Sindhu Chandel,Shivpuri,KARAIRA,"23060715567, GOVT.HSS EXCELLENCE KARERA",प्रतिभागी,शिक्षक
BB7253,Santosh Kumar Sutrakar,Shivpuri,KARAIRA,"23060715567, GOVT.HSS EXCELLENCE KARERA",प्रतिभागी,शिक्षक
BR2577,Sangeeta Saroj Kujur,Shivpuri,KARAIRA,"23060715567, GOVT.HSS EXCELLENCE KARERA",प्रतिभागी,शिक्षक
CD5378,Manoj Kumar Sahu,Shivpuri,KARAIRA,"23060715567, GOVT.HSS EXCELLENCE KARERA",प्रतिभागी,शिक्षक
CD7228,RAVINDRA RAI,Shivpuri,KARAIRA,"23060715567, GOVT.HSS EXCELLENCE KARERA",प्रतिभागी,शिक्षक
BB1770,Mahendra Singh Vais,Shivpuri,KHANIYADHANA,"23060500410, GOVT HS PIPRA",प्रतिभागी,शिक्षक
BB1945,Ramnath Singh Yadav,Shivpuri,KHANIYADHANA,"23060500410, GOVT HS PIPRA",प्रतिभागी,शिक्षक
BB2043,Seeta Bagbar,Shivpuri,KHANIYADHANA,"23060500410, GOVT HS PIPRA",प्रतिभागी,शिक्षक
CB7067,MEENAKSHI KOLI,Shivpuri,KHANIYADHANA,"23060500410, GOVT HS PIPRA",प्रतिभागी,शिक्षक
CD2295,MAKHAN LODHI,Shivpuri,KHANIYADHANA,"23060500410, GOVT HS PIPRA",प्रतिभागी,शिक्षक
BB1947,Malkhan Singh Jatav,Shivpuri,KHANIYADHANA,"23060500833, GOVT.HSS GIRLS KHANIYADHANA",प्रतिभागी,शिक्षक
BB1962,Prakash Chand Ahirwar,Shivpuri,KHANIYADHANA,"23060500833, GOVT.HSS GIRLS KHANIYADHANA",प्रतिभागी,शिक्षक
BY9665,Manoj Kumar Koli,Shivpuri,KHANIYADHANA,"23060500833, GOVT.HSS GIRLS KHANIYADHANA",प्रतिभागी,शिक्षक
CB5438,ANJALI PARMAR,Shivpuri,KHANIYADHANA,"23060500833, GOVT.HSS GIRLS KHANIYADHANA",प्रतिभागी,शिक्षक
BS7862,Pramod Kumar Pathak,Shivpuri,KHANIYADHANA,"23060500832, GOVT.HSS EXCELLENCE KHANIYADHANA",प्रतिभागी,शिक्षक
BB1772,Sanjeev Kumar Jain,Shivpuri,KHANIYADHANA,"23060505816, GOVT HS CHAMRAUA",प्रतिभागी,शिक्षक
BB2046,Brajendra Shrivastava,Shivpuri,KHANIYADHANA,"23060532609, GOVT HSS MUHARI",प्रतिभागी,शिक्षक
BB1724,Pushplata Karn,Shivpuri,KHANIYADHANA,"23060533206, GOVT HSS BAMORKALA",प्रतिभागी,शिक्षक
BR4636,Anil Kumar Sahu,Shivpuri,KHANIYADHANA,"23060533206, GOVT HSS BAMORKALA",प्रतिभागी,शिक्षक
BZ8204,Pankaj Modi,Shivpuri,KHANIYADHANA,"23060533206, GOVT HSS BAMORKALA",प्रतिभागी,शिक्षक
BN4882,Rahul Dev Purohit,Shivpuri,KHANIYADHANA,"23060523708, GOVT HS RAHI",प्रतिभागी,शिक्षक
BB1712,Tavassum Begam,Shivpuri,KHANIYADHANA,"23060506207, GOVT. HS ACHHRONI",प्रतिभागी,शिक्षक
BB1517,Kashiram Jatav,Shivpuri,KHANIYADHANA,"23060501907, GOVT HS SINAWAL KALA",प्रतिभागी,शिक्षक
BB2181,Vinod Kumar Jatav,Shivpuri,KHANIYADHANA,"23060501907, GOVT HS SINAWAL KALA",प्रतिभागी,शिक्षक
BB2239,Rajesh Kumar Ahirwar,Shivpuri,KHANIYADHANA,"23060501907, GOVT HS SINAWAL KALA",प्रतिभागी,शिक्षक
BR7851,Jitendra Kumar Diwan,Shivpuri,KHANIYADHANA,"23060501907, GOVT HS SINAWAL KALA",प्रतिभागी,शिक्षक
BZ6764,Anand Chaurasiya,Shivpuri,KHANIYADHANA,"23060501907, GOVT HS SINAWAL KALA",प्रतिभागी,शिक्षक
BB1863,Raj Kumar Yadav,Shivpuri,KHANIYADHANA,"23060503304, GOVT HSS PIPROUDA UBARI",प्रतिभागी,शिक्षक
BB1957,Mahesh Singh Rathore,Shivpuri,KHANIYADHANA,"23060503304, GOVT HSS PIPROUDA UBARI",प्रतिभागी,शिक्षक
BQ2216,Pramod Kumar Sharma,Shivpuri,KHANIYADHANA,"23060503304, GOVT HSS PIPROUDA UBARI",प्रतिभागी,सीएसी
CB4620,LALOO Prasad,Shivpuri,KHANIYADHANA,"23060503304, GOVT HSS PIPROUDA UBARI",प्रतिभागी,शिक्षक
BB1925,Ramkumar Yogi,Shivpuri,KHANIYADHANA,"23060503205, GOVT HSS MAYAPUR",प्रतिभागी,शिक्षक
AC2555,Archna Sharma,Shivpuri,KOLARAS,"23060200138, GOVT HSS EXCELLENCE KOLARAS",प्रतिभागी,शिक्षक
AJ9676,Bhagvat Sharan Pandey,Shivpuri,KOLARAS,"23060200138, GOVT HSS EXCELLENCE KOLARAS",प्रतिभागी,शिक्षक
BB2880,Lalji Ram Shakya,Shivpuri,KOLARAS,"23060200138, GOVT HSS EXCELLENCE KOLARAS",प्रतिभागी,शिक्षक
BV5700,Gopal Sharan Sharma,Shivpuri,KOLARAS,"23060200138, GOVT HSS EXCELLENCE KOLARAS",प्रतिभागी,शिक्षक
CB3336,RAKHSHANDA KHAN,Shivpuri,KOLARAS,"23060200138, GOVT HSS EXCELLENCE KOLARAS",प्रतिभागी,शिक्षक
BB3016,Surendra Singh Lodhi,Shivpuri,KOLARAS,"23060203003, GOVT HS RAI",प्रतिभागी,शिक्षक
BB2548,Brajmohan Singh Rawat,Shivpuri,KOLARAS,"23060202303, GOVT HS KARYA",प्रतिभागी,शिक्षक
BJ9488,Dinesh Kumar Shakya,Shivpuri,KOLARAS,"23060202303, GOVT HS KARYA",प्रतिभागी,शिक्षक
BX7789,Girraj Kashyap,Shivpuri,KOLARAS,"23060202303, GOVT HS KARYA",प्रतिभागी,शिक्षक
BB2900,Vinod Kumar Shrivastava,Shivpuri,KOLARAS,"23060201706, GOVT.HSS SESAI SADAK",प्रतिभागी,शिक्षक
BB5749,Bisunlal Jatav,Shivpuri,KOLARAS,"23060201706, GOVT.HSS SESAI SADAK",प्रतिभागी,सीएसी
BB5992,Sayid Farida,Shivpuri,KOLARAS,"23060201706, GOVT.HSS SESAI SADAK",प्रतिभागी,शिक्षक
BB2566,Kalyan Singh Jatav,Shivpuri,KOLARAS,"23060205703, GOVT HSS KHARAI TENDUA",प्रतिभागी,शिक्षक
BB2572,Lakhan Singh Rawat,Shivpuri,KOLARAS,"23060205703, GOVT HSS KHARAI TENDUA",प्रतिभागी,शिक्षक
BB3056,Shravan Kumar Batham,Shivpuri,KOLARAS,"23060205703, GOVT HSS KHARAI TENDUA",प्रतिभागी,शिक्षक
BR3452,Veerendra Kumar Lakshakar,Shivpuri,KOLARAS,"23060204304, GOVT HS PACHAWALI",प्रतिभागी,शिक्षक
BU5515,Ravindra Singh Tomar,Shivpuri,KOLARAS,"23060204304, GOVT HS PACHAWALI",प्रतिभागी,शिक्षक
BA8880,Laxmi Narayan Sharma,Shivpuri,KOLARAS,"23060208916, GOVT HSS LUKWASA",प्रतिभागी,शिक्षक
BB2213,Hemlata Pande,Shivpuri,KOLARAS,"23060208916, GOVT HSS LUKWASA",प्रतिभागी,शिक्षक
BT3319,Rajendra Singh Jayant,Shivpuri,KOLARAS,"23060208916, GOVT HSS LUKWASA",प्रतिभागी,शिक्षक
AL2919,Badam Singh Mourya,Shivpuri,NARWAR,"23060807407, GOVT HS GWALIYA",प्रतिभागी,शिक्षक
BB3592,Arti Devi,Shivpuri,NARWAR,"23060807407, GOVT HS GWALIYA",प्रतिभागी,शिक्षक
BB3717,Sudama Prasad Goud,Shivpuri,NARWAR,"23060807407, GOVT HS GWALIYA",प्रतिभागी,शिक्षक
BZ7448,Gajendra Singh Gurjar,Shivpuri,NARWAR,"23060808209, GOVT HSS SIHORE",प्रतिभागी,शिक्षक
BR2452,Mahesh Chandra Mourya,Shivpuri,NARWAR,"23060800560, GOVT.HSS EXCELLENCE  NARWAR",प्रतिभागी,शिक्षक
BT5385,Mohan Kumar Maurya,Shivpuri,NARWAR,"23060800560, GOVT.HSS EXCELLENCE  NARWAR",प्रतिभागी,शिक्षक
BQ8923,Neelam Tripathi,Shivpuri,NARWAR,"23060811705, GOVT HS KANKAR",प्रतिभागी,शिक्षक
BB1011,Shikha Kothari,Shivpuri,PICHHORE,"23060900143, GOVT.HSS EXCELLENCE PICHHORE",प्रतिभागी,शिक्षक
BB1808,Gaurav Gupta,Shivpuri,PICHHORE,"23060900143, GOVT.HSS EXCELLENCE PICHHORE",प्रतिभागी,शिक्षक
BB2234,Mamta Tomar,Shivpuri,PICHHORE,"23060900143, GOVT.HSS EXCELLENCE PICHHORE",प्रतिभागी,शिक्षक
BB2236,Praveen Gupta,Shivpuri,PICHHORE,"23060900143, GOVT.HSS EXCELLENCE PICHHORE",प्रतिभागी,शिक्षक
BB4256,Santosh Kumar Gupta,Shivpuri,PICHHORE,"23060900143, GOVT.HSS EXCELLENCE PICHHORE",प्रतिभागी,शिक्षक
BB4345,Vinod Kumar Bhargava,Shivpuri,PICHHORE,"23060900143, GOVT.HSS EXCELLENCE PICHHORE",प्रतिभागी,शिक्षक
BB4687,Kamlesh Kumar Gupta,Shivpuri,PICHHORE,"23060900143, GOVT.HSS EXCELLENCE PICHHORE",प्रतिभागी,शिक्षक
BB4691,Laxmi Narayan Jha,Shivpuri,PICHHORE,"23060900143, GOVT.HSS EXCELLENCE PICHHORE",प्रतिभागी,शिक्षक
BB4111,Anjum Afgani,Shivpuri,PICHHORE,"23060903908, GOVT HSS KARARKHEDA",प्रतिभागी,शिक्षक
BW3148,Anuradha Sharma,Shivpuri,PICHHORE,"23060903908, GOVT HSS KARARKHEDA",प्रतिभागी,शिक्षक
CD6568,KHUSHBU CHOUDHARY,Shivpuri,PICHHORE,"23060903908, GOVT HSS KARARKHEDA",प्रतिभागी,शिक्षक
BB2024,Ram Prakash Sharma,Shivpuri,PICHHORE,"23060900141, GOVT.HSS GIRLS PICHHORE",प्रतिभागी,शिक्षक
BB4778,Renu Gupta,Shivpuri,PICHHORE,"23060900141, GOVT.HSS GIRLS PICHHORE",प्रतिभागी,शिक्षक
BQ2206,Dharmendra Koli,Shivpuri,PICHHORE,"23060900141, GOVT.HSS GIRLS PICHHORE",प्रतिभागी,शिक्षक
BW6484,Suresh Kumar Jatav,Shivpuri,PICHHORE,"23060902604, GOVT. HSS BAMORE DAMRON PICHHORE",प्रतिभागी,शिक्षक
BB4774,Mahendra Kumar Sharma,Shivpuri,PICHHORE,"23060901612, GOVT HSS BHONTI",प्रतिभागी,शिक्षक
BB4947,Preeti Gupta,Shivpuri,PICHHORE,"23060901612, GOVT HSS BHONTI",प्रतिभागी,शिक्षक
CE4685,HEMLATA YOGI,Shivpuri,PICHHORE,"23060902211, GOVT HSS MANPURA",प्रतिभागी,शिक्षक
BW1633,Bir Singh Lodhi,Shivpuri,PICHHORE,"23060907318, GOVT.HSS KHOD",प्रतिभागी,शिक्षक
BZ8390,Ramnivas Narvariya,Shivpuri,PICHHORE,"23060907318, GOVT.HSS KHOD",प्रतिभागी,शिक्षक
BB4697,Pramod Kumar Rai,Shivpuri,PICHHORE,"23060909405, GOVT. HSS VEERA",प्रतिभागी,शिक्षक
CD4139,DEVENDRA LODHI,Shivpuri,PICHHORE,"23060909405, GOVT. HSS VEERA",प्रतिभागी,शिक्षक
BB4781,Ashish Kumar Gupta,Shivpuri,PICHHORE,"23060923607, GOVT HSS MALAWANI",प्रतिभागी,शिक्षक
BB4073,Bhaiya Sahab Yadav,Shivpuri,PICHHORE,"23060908605, GOVT HS PADORA",प्रतिभागी,शिक्षक
BB4319,Shankar Ram Bhagat,Shivpuri,PICHHORE,"23060908605, GOVT HS PADORA",प्रतिभागी,शिक्षक
BB4344,Pushpa Anima Kerketta,Shivpuri,PICHHORE,"23060908605, GOVT HS PADORA",प्रतिभागी,शिक्षक
BX4252,Jaisingh Kushwah,Shivpuri,PICHHORE,"23060908605, GOVT HS PADORA",प्रतिभागी,शिक्षक
BB5260,Padam Prasad Verma,Shivpuri,POHRI,"23060612307, GOVT HSS GANJIGAD",प्रतिभागी,शिक्षक
CE8686,KRISHNA JADON,Shivpuri,POHRI,"23060612307, GOVT HSS GANJIGAD",प्रतिभागी,शिक्षक
BB5388,Richa Gupta,Shivpuri,POHRI,"23060613212, GOVT HSS BHATNAWAR",प्रतिभागी,शिक्षक
BB5394,Bhagwan Singh,Shivpuri,POHRI,"23060613212, GOVT HSS BHATNAWAR",प्रतिभागी,शिक्षक
BB5607,Parmal Singh Verma,Shivpuri,POHRI,"23060613212, GOVT HSS BHATNAWAR",प्रतिभागी,शिक्षक
BU5008,Hukam Singh Khangar,Shivpuri,POHRI,"23060613212, GOVT HSS BHATNAWAR",प्रतिभागी,शिक्षक
BX2460,Matadeen Verma,Shivpuri,POHRI,"23060613212, GOVT HSS BHATNAWAR",प्रतिभागी,शिक्षक
BB3059,Richa Sharma,Shivpuri,POHRI,"23060600131, GOVT.HS GIRLS POHARI",प्रतिभागी,शिक्षक
BB5369,Asha Sharma,Shivpuri,POHRI,"23060600131, GOVT.HS GIRLS POHARI",प्रतिभागी,शिक्षक
BB5387,Ranjana Singh Kushwah,Shivpuri,POHRI,"23060600131, GOVT.HS GIRLS POHARI",प्रतिभागी,शिक्षक
BB5818,Babita Shrivastava,Shivpuri,POHRI,"23060600131, GOVT.HS GIRLS POHARI",प्रतिभागी,शिक्षक
CD5854,HEMAT DHAKAR,Shivpuri,POHRI,"23060600131, GOVT.HS GIRLS POHARI",प्रतिभागी,शिक्षक
BB5721,Mahesh Kumar Swarnkar,Shivpuri,POHRI,"23060600130, GOVT. HSS EXCELLENCE  POHRI",प्रतिभागी,शिक्षक
BB5806,Suneeta Jha,Shivpuri,POHRI,"23060600130, GOVT. HSS EXCELLENCE  POHRI",प्रतिभागी,शिक्षक
BB5357,Bhawarsingh Dhaked,Shivpuri,POHRI,"23060602908, GOVT.HSS.JHIRI",प्रतिभागी,शिक्षक
BB5762,Raj Bihari Sharma,Shivpuri,POHRI,"23060602908, GOVT.HSS.JHIRI",प्रतिभागी,शिक्षक
BV8413,Daulatram Verma,Shivpuri,POHRI,"23060602908, GOVT.HSS.JHIRI",प्रतिभागी,सीएसी
BX1118,Lokendra Singh Rawat,Shivpuri,POHRI,"23060602908, GOVT.HSS.JHIRI",प्रतिभागी,शिक्षक
BB5492,Kalpana Vyas,Shivpuri,POHRI,"23060604302, GOVT HS PARICHHA KIRAR",प्रतिभागी,शिक्षक
BY3918,Pratibha Bharti,Shivpuri,POHRI,"23060604302, GOVT HS PARICHHA KIRAR",प्रतिभागी,शिक्षक
CB4464,GAJRAJ SINGH,Shivpuri,POHRI,"23060604302, GOVT HS PARICHHA KIRAR",प्रतिभागी,शिक्षक
BO4886,Surendra Adiwashi,Shivpuri,POHRI,"23060606304, GOVT HSS CHHARCH",प्रतिभागी,शिक्षक
BS8693,Praveen Bhargava,Shivpuri,POHRI,"23060606304, GOVT HSS CHHARCH",प्रतिभागी,सीएसी
CB7613,SONA ADIWASI,Shivpuri,POHRI,"23060606304, GOVT HSS CHHARCH",प्रतिभागी,शिक्षक
BB5709,Sualal Jatav,Shivpuri,POHRI,"23060607130, GOVT HSS BAIRAD",प्रतिभागी,शिक्षक
BQ9324,NEELU CHAUHAN,Shivpuri,POHRI,"23060607130, GOVT HSS BAIRAD",प्रतिभागी,शिक्षक
BU2777,Kaushal Kishore Yogi,Shivpuri,POHRI,"23060607130, GOVT HSS BAIRAD",प्रतिभागी,शिक्षक
BY9840,Dinesh Kumar Verma,Shivpuri,POHRI,"23060607130, GOVT HSS BAIRAD",प्रतिभागी,शिक्षक
CA5147,Govardhan Tyagi,Shivpuri,POHRI,"23060607130, GOVT HSS BAIRAD",प्रतिभागी,शिक्षक
CA5151,Padam Chand Jatav,Shivpuri,POHRI,"23060607130, GOVT HSS BAIRAD",प्रतिभागी,शिक्षक
BB5162,Hakim Singh Yadav,Shivpuri,POHRI,"23060610503, GOVT.HSS GOVARDHAN",प्रतिभागी,शिक्षक
BX8613,Dataram Yadav,Shivpuri,POHRI,"23060610503, GOVT.HSS GOVARDHAN",प्रतिभागी,शिक्षक
BZ1421,Prashant Sharma,Shivpuri,POHRI,"23060610503, GOVT.HSS GOVARDHAN",प्रतिभागी,शिक्षक
BZ1881,Dharmendra Singh Jadon,Shivpuri,POHRI,"23060610503, GOVT.HSS GOVARDHAN",प्रतिभागी,शिक्षक
CB4803,NEHA SHARMA,Shivpuri,POHRI,"23060610503, GOVT.HSS GOVARDHAN",प्रतिभागी,शिक्षक
BZ1897,Veerendra Yadav,Shivpuri,POHRI,"23060611004, GOVT HS ENCHAWDA",प्रतिभागी,शिक्षक
BB4064,Om Prakash Bairagi,Shivpuri,SHIVPURI,"23060140810, GOVT HSS SIRSOD",प्रतिभागी,शिक्षक
BB5041,Laxman Prasad Sharma,Shivpuri,SHIVPURI,"23060140810, GOVT HSS SIRSOD",प्रतिभागी,शिक्षक
BB6128,Sarita Shakya,Shivpuri,SHIVPURI,"23060140810, GOVT HSS SIRSOD",प्रतिभागी,शिक्षक
BP9767,Anil Kumar Sharma,Shivpuri,SHIVPURI,"23060140810, GOVT HSS SIRSOD",प्रतिभागी,शिक्षक
BS5778,Vinita Hinwar,Shivpuri,SHIVPURI,"23060140810, GOVT HSS SIRSOD",प्रतिभागी,शिक्षक
BB4062,Kailash Narayan Shakya,Shivpuri,SHIVPURI,"23060112003, GOVT HSS TANPUR",प्रतिभागी,शिक्षक
BB5831,REKHA VYAS,Shivpuri,SHIVPURI,"23060112003, GOVT HSS TANPUR",प्रतिभागी,शिक्षक
BG6357,Ranjeet Tirkey,Shivpuri,SHIVPURI,"23060112003, GOVT HSS TANPUR",प्रतिभागी,शिक्षक
BW5331,Ravi Kant Shivhare,Shivpuri,SHIVPURI,"23060112003, GOVT HSS TANPUR",प्रतिभागी,शिक्षक
BB6619,Sonpal Singh Dhkad,Shivpuri,SHIVPURI,"23060131005, GOVT HS BHANGAD",प्रतिभागी,शिक्षक
CB4689,SANDEEP PANNA,Shivpuri,SHIVPURI,"23060131005, GOVT HS BHANGAD",प्रतिभागी,शिक्षक
BB1059,Urmila Koli,Shivpuri,SHIVPURI,"23060140904, GOVT HS SATANWADA",प्रतिभागी,शिक्षक
BB2473,Aarti Bhatnagar,Shivpuri,SHIVPURI,"23060140904, GOVT HS SATANWADA",प्रतिभागी,शिक्षक
BB2665,Sandeep Kulshrestha,Shivpuri,SHIVPURI,"23060140904, GOVT HS SATANWADA",प्रतिभागी,शिक्षक
BN4938,Rajeev Kumar Verma,Shivpuri,SHIVPURI,"23060140904, GOVT HS SATANWADA",प्रतिभागी,शिक्षक
BP3122,Rameshwar Dayal Dhakad,Shivpuri,SHIVPURI,"23060140904, GOVT HS SATANWADA",प्रतिभागी,शिक्षक
BQ4675,Seema Channa,Shivpuri,SHIVPURI,"23060140904, GOVT HS SATANWADA",प्रतिभागी,शिक्षक
AI3357,Jyoti Sharma,Shivpuri,SHIVPURI,"23060112615, GOVT.HSS N. 2 SHIVPURI",प्रतिभागी,शिक्षक
BA9111,Mahendra Verma,Shivpuri,SHIVPURI,"23060112615, GOVT.HSS N. 2 SHIVPURI",प्रतिभागी,शिक्षक
BB1919,Balram Tripathi,Shivpuri,SHIVPURI,"23060112615, GOVT.HSS N. 2 SHIVPURI",प्रतिभागी,शिक्षक
BB2577,Pankaj Sharma,Shivpuri,SHIVPURI,"23060112615, GOVT.HSS N. 2 SHIVPURI",प्रतिभागी,शिक्षक
BB5837,Bhagwan Swaroop Sharma,Shivpuri,SHIVPURI,"23060112615, GOVT.HSS N. 2 SHIVPURI",प्रतिभागी,शिक्षक
BB6528,Mamta Goswami,Shivpuri,SHIVPURI,"23060112615, GOVT.HSS N. 2 SHIVPURI",प्रतिभागी,शिक्षक
BB6542,Girja Shrivastava,Shivpuri,SHIVPURI,"23060112615, GOVT.HSS N. 2 SHIVPURI",प्रतिभागी,शिक्षक
BB7203,Shashi Jatav,Shivpuri,SHIVPURI,"23060112615, GOVT.HSS N. 2 SHIVPURI",प्रतिभागी,शिक्षक
BV6918,Pramod Kumar Jha,Shivpuri,SHIVPURI,"23060112615, GOVT.HSS N. 2 SHIVPURI",प्रतिभागी,शिक्षक
BV9996,Arun Kumar Shrivastava,Shivpuri,SHIVPURI,"23060112615, GOVT.HSS N. 2 SHIVPURI",प्रतिभागी,शिक्षक
BB1114,Anoop Kumar Shivhare,Shivpuri,SHIVPURI,"23060118607, GOVT.HSS GIRLS SHIVPURI",प्रतिभागी,शिक्षक
BB4049,Bharti Dhakar,Shivpuri,SHIVPURI,"23060118607, GOVT.HSS GIRLS SHIVPURI",प्रतिभागी,शिक्षक
BB6136,Reena Bairagi,Shivpuri,SHIVPURI,"23060118607, GOVT.HSS GIRLS SHIVPURI",प्रतिभागी,शिक्षक
BB6199,Sufiya Syed,Shivpuri,SHIVPURI,"23060118607, GOVT.HSS GIRLS SHIVPURI",प्रतिभागी,शिक्षक
BB6506,Joyti Shrivastava,Shivpuri,SHIVPURI,"23060118607, GOVT.HSS GIRLS SHIVPURI",प्रतिभागी,शिक्षक
BB7166,Kalawati Devariya,Shivpuri,SHIVPURI,"23060118607, GOVT.HSS GIRLS SHIVPURI",प्रतिभागी,शिक्षक
BP9788,Priyanka Gupta,Shivpuri,SHIVPURI,"23060118607, GOVT.HSS GIRLS SHIVPURI",प्रतिभागी,शिक्षक
BU5923,Priti Mishra,Shivpuri,SHIVPURI,"23060118607, GOVT.HSS GIRLS SHIVPURI",प्रतिभागी,शिक्षक
CC2565,MAHIMA SHARMA,Shivpuri,SHIVPURI,"23060118607, GOVT.HSS GIRLS SHIVPURI",प्रतिभागी,शिक्षक
CC4333,RICHA CHIDAR,Shivpuri,SHIVPURI,"23060118607, GOVT.HSS GIRLS SHIVPURI",प्रतिभागी,शिक्षक
CC4935,MADHUMALA -,Shivpuri,SHIVPURI,"23060118607, GOVT.HSS GIRLS SHIVPURI",प्रतिभागी,शिक्षक
AM4002,Prakash RAWAT,Shivpuri,SHIVPURI,"23060113404, GOVT. HSS SEODHA",प्रतिभागी,शिक्षक
BB6632,Kalyan Singh Tomar,Shivpuri,SHIVPURI,"23060113404, GOVT. HSS SEODHA",प्रतिभागी,शिक्षक
BB6686,Madhuri Mamta Kujur,Shivpuri,SHIVPURI,"23060113404, GOVT. HSS SEODHA",प्रतिभागी,शिक्षक
BP6651,Sunil Verma,Shivpuri,SHIVPURI,"23060113404, GOVT. HSS SEODHA",प्रतिभागी,शिक्षक
CB4457,SATISH DHAKAD,Shivpuri,SHIVPURI,"23060113404, GOVT. HSS SEODHA",प्रतिभागी,शिक्षक
CB4688,GEETA DEVI,Shivpuri,SHIVPURI,"23060113404, GOVT. HSS SEODHA",प्रतिभागी,शिक्षक
BB3087,Sandhya Chalisgaonkar,Shivpuri,SHIVPURI,"23060143804, GOVT HS SURWAYA",प्रतिभागी,शिक्षक
BR5097,Jyoti Sharma,Shivpuri,SHIVPURI,"23060143804, GOVT HS SURWAYA",प्रतिभागी,शिक्षक
BU5341,Pradeep Pamaar,Shivpuri,SHIVPURI,"23060143804, GOVT HS SURWAYA",प्रतिभागी,शिक्षक
BA9085,Manoj Kumar Bhargava,Shivpuri,SHIVPURI,"23060152602, GOVT HS KUNWARPUR",प्रतिभागी,शिक्षक
BQ1912,Vijay Kumar Sahu,Shivpuri,SHIVPURI,"23060152602, GOVT HS KUNWARPUR",प्रतिभागी,शिक्षक
BV1013,Manish Sharma,Shivpuri,SHIVPURI,"23060152602, GOVT HS KUNWARPUR",प्रतिभागी,शिक्षक
BX1893,Bhupendra Singh Dhakar,Shivpuri,SHIVPURI,"23060152602, GOVT HS KUNWARPUR",प्रतिभागी,शिक्षक
BB2639,Rajnish Pandey,Shivpuri,SHIVPURI,"23060116404, GOVT HS THARRA",प्रतिभागी,शिक्षक
BB5969,Rajkumar Raghuwanshi,Shivpuri,SHIVPURI,"23060116404, GOVT HS THARRA",प्रतिभागी,शिक्षक
BB6076,Ram Lakhan Rathore,Shivpuri,SHIVPURI,"23060116404, GOVT HS THARRA",प्रतिभागी,डीआरजी
BB6150,Sunita Kushwah,Shivpuri,SHIVPURI,"23060116404, GOVT HS THARRA",प्रतिभागी,शिक्षक
BY8500,Sheru Singh Bohare,Shivpuri,SHIVPURI,"23060116404, GOVT HS THARRA",प्रतिभागी,शिक्षक
BB9567,Tara Wati,Sidhi,KUSAMI,"23170308706, GOVT. HSS LURGHUTI",प्रतिभागी,शिक्षक
BV3135,Poonam Panika,Sidhi,KUSAMI,"23170308706, GOVT. HSS LURGHUTI",प्रतिभागी,शिक्षक
CE5568,DHEERENDRA Singh Kushwaha,Sidhi,KUSAMI,"23170308706, GOVT. HSS LURGHUTI",प्रतिभागी,शिक्षक
BT5923,Brijlal Singhshyam,Sidhi,KUSAMI,"23170303410, GOVT. HSS EXCELLENCE SCHOOL KUSAMI",प्रतिभागी,शिक्षक
CC7709,SHAMEEM MANSURI,Sidhi,KUSAMI,"23170303410, GOVT. HSS EXCELLENCE SCHOOL KUSAMI",प्रतिभागी,शिक्षक
CC1232,UMESH SHARMA,Sidhi,KUSAMI,"23170312310, GOVT. HSS JOORI",प्रतिभागी,शिक्षक
BF7347,Chandrabhan Sahu,Sidhi,KUSAMI,"23170307605, GOVT. HSS CHINAGWAH",प्रतिभागी,शिक्षक
CB9985,NISHA KUSHWAH,Sidhi,KUSAMI,"23170307605, GOVT. HSS CHINAGWAH",प्रतिभागी,शिक्षक
CB9990,RAJARAM HARIJAN,Sidhi,KUSAMI,"23170307605, GOVT. HSS CHINAGWAH",प्रतिभागी,शिक्षक
CC4740,ABHILASHA CHAKRAVARTI,Sidhi,KUSAMI,"23170307605, GOVT. HSS CHINAGWAH",प्रतिभागी,शिक्षक
CC5301,ANURAG SHUKLA,Sidhi,KUSAMI,"23170307605, GOVT. HSS CHINAGWAH",प्रतिभागी,शिक्षक
CE7232,RAMCHANDRA TELI,Sidhi,KUSAMI,"23170307605, GOVT. HSS CHINAGWAH",प्रतिभागी,सीएसी
BC2471,Gunja Devi Panadiya,Sidhi,KUSAMI,"23170312509, GOVT. HSS BHADAURA",प्रतिभागी,शिक्षक
CC1198,KRISNAPAL YADAV,Sidhi,KUSAMI,"23170312509, GOVT. HSS BHADAURA",प्रतिभागी,शिक्षक
CC1201,SHIV SAKET,Sidhi,KUSAMI,"23170312509, GOVT. HSS BHADAURA",प्रतिभागी,शिक्षक
CC7025,ANJU YADAV,Sidhi,KUSAMI,"23170312509, GOVT. HSS BHADAURA",प्रतिभागी,शिक्षक
CE9553,GAYATRI JAYSWAL,Sidhi,KUSAMI,"23170312509, GOVT. HSS BHADAURA",प्रतिभागी,शिक्षक
BB9550,Kailash Pati Verma,Sidhi,KUSAMI,"23170304411, GOVT. HSS TAMSAR",प्रतिभागी,शिक्षक
BB9642,Pramod Kumar Pandey,Sidhi,KUSAMI,"23170304411, GOVT. HSS TAMSAR",प्रतिभागी,शिक्षक
BC2427,Rampal Singh,Sidhi,KUSAMI,"23170304411, GOVT. HSS TAMSAR",प्रतिभागी,शिक्षक
BC2457,Sangeeta Singh,Sidhi,KUSAMI,"23170304411, GOVT. HSS TAMSAR",प्रतिभागी,शिक्षक
CC4963,AKHIL MISHRA,Sidhi,KUSAMI,"23170304411, GOVT. HSS TAMSAR",प्रतिभागी,शिक्षक
CC4965,SEEMA PATEL,Sidhi,KUSAMI,"23170304411, GOVT. HSS TAMSAR",प्रतिभागी,शिक्षक
CC4966,RAMKRISHN PANDEY,Sidhi,KUSAMI,"23170304411, GOVT. HSS TAMSAR",प्रतिभागी,शिक्षक
CC7068,ALOK SHARMA,Sidhi,KUSAMI,"23170304411, GOVT. HSS TAMSAR",प्रतिभागी,शिक्षक
BB9661,Ramdeen Panika,Sidhi,KUSAMI,"23170300107, GOVT. HSS BHUIMAD",प्रतिभागी,शिक्षक
BB9749,Ajeet Kumar Singh,Sidhi,KUSAMI,"23170300107, GOVT. HSS BHUIMAD",प्रतिभागी,शिक्षक
BO8494,Mohan Lal Singh,Sidhi,KUSAMI,"23170300107, GOVT. HSS BHUIMAD",प्रतिभागी,शिक्षक
CC6138,CHETMANI KACHHI,Sidhi,KUSAMI,"23170300107, GOVT. HSS BHUIMAD",प्रतिभागी,सीएसी
CC7454,SAKET SEN,Sidhi,KUSAMI,"23170300107, GOVT. HSS BHUIMAD",प्रतिभागी,शिक्षक
CE6888,SANTOSH PANIKA,Sidhi,KUSAMI,"23170300107, GOVT. HSS BHUIMAD",प्रतिभागी,शिक्षक
CC7974,RAJESH KUMAR SHUKLA,Sidhi,MAJHAULI,"23170400115, GOVT. HSS EXCELLENCE, MAJHAULI",प्रतिभागी,शिक्षक
CF2723,SUMER SINGH,Sidhi,MAJHAULI,"23170400115, GOVT. HSS EXCELLENCE, MAJHAULI",प्रतिभागी,शिक्षक
BB8100,Ramagovind Chaturvedi,Sidhi,MAJHAULI,"23170403906, GOVT. HSS CHAMARADOL",प्रतिभागी,शिक्षक
BB8624,Mahabeer Singh,Sidhi,MAJHAULI,"23170403906, GOVT. HSS CHAMARADOL",प्रतिभागी,शिक्षक
BB9024,Shiv Kumar Vishwakarma,Sidhi,MAJHAULI,"23170403906, GOVT. HSS CHAMARADOL",प्रतिभागी,शिक्षक
BS6935,Rajeev Kumar Gupta,Sidhi,MAJHAULI,"23170403906, GOVT. HSS CHAMARADOL",प्रतिभागी,शिक्षक
BC1260,Ram Pal Panika,Sidhi,MAJHAULI,"23170401112, GOVT. HSS GAJARI",प्रतिभागी,शिक्षक
BC1340,Vijaybhan Singh,Sidhi,MAJHAULI,"23170404308, GOVT. HSS DANGA",प्रतिभागी,शिक्षक
9425905082,Rahish Kumar Shukla ,Sidhi,MAJHAULI,"23170410309, GOVT. HSS KHADAURA",प्रतिभागी,शिक्षक
BB8566,Baboolal Singh,Sidhi,MAJHAULI,"23170410309, GOVT. HSS KHADAURA",प्रतिभागी,शिक्षक
BB8889,Chandrabhan Prasad Charmkar,Sidhi,MAJHAULI,"23170410309, GOVT. HSS KHADAURA",प्रतिभागी,शिक्षक
BC5626,Mukesh Kumar Kol,Sidhi,MAJHAULI,"23170410309, GOVT. HSS KHADAURA",प्रतिभागी,शिक्षक
CF5803,JERAL A SINGH,Sidhi,MAJHAULI,"23170410309, GOVT. HSS KHADAURA",प्रतिभागी,शिक्षक
7024867741,Prabhat Kumar Gupta   ,Sidhi,MAJHAULI,"23170406013, GOVT. HSS GIJAWAR",प्रतिभागी,शिक्षक
9755897798,Mathura Prasad Gupta ,Sidhi,MAJHAULI,"23170406013, GOVT. HSS GIJAWAR",प्रतिभागी,शिक्षक
BB8582,Muniya Singh,Sidhi,MAJHAULI,"23170406013, GOVT. HSS GIJAWAR",प्रतिभागी,शिक्षक
BU1586,Krishna Kant Mishra,Sidhi,MAJHAULI,"23170406013, GOVT. HSS GIJAWAR",प्रतिभागी,शिक्षक
BS6080,Ramdayal Singh,Sidhi,MAJHAULI,"23170411407, GOVT. HSS PATHARAULA",प्रतिभागी,सीएसी
BB9794,Urmila Devi Patkar,Sidhi,MAJHAULI,"23170406518, GOVT. HSS MADWAS",प्रतिभागी,शिक्षक
BC2474,Harisundar Raidas,Sidhi,MAJHAULI,"23170406518, GOVT. HSS MADWAS",प्रतिभागी,शिक्षक
BC2497,Sumiriya Singh,Sidhi,MAJHAULI,"23170406518, GOVT. HSS MADWAS",प्रतिभागी,शिक्षक
BC2508,Jagtbahadur Singh,Sidhi,MAJHAULI,"23170406518, GOVT. HSS MADWAS",प्रतिभागी,शिक्षक
BR9734,Shiv Raj Saket,Sidhi,MAJHAULI,"23170406518, GOVT. HSS MADWAS",प्रतिभागी,शिक्षक
CE1112,JEETENDRA KURARIYA,Sidhi,MAJHAULI,"23170406518, GOVT. HSS MADWAS",प्रतिभागी,शिक्षक
8435641691,Amritlal  Kushwaha ,Sidhi,MAJHAULI,"23170412212, GOVT. HSS TIKARI",प्रतिभागी,शिक्षक
9669117900,Ramakant  Mishra ,Sidhi,MAJHAULI,"23170412212, GOVT. HSS TIKARI",प्रतिभागी,शिक्षक
BC1127,Brijendra Prasad Tiwari,Sidhi,MAJHAULI,"23170412212, GOVT. HSS TIKARI",प्रतिभागी,शिक्षक
BB7885,SUKHLAL PRAJAPATI,Sidhi,RAMPUR NAIKIN,"23170519603, GOVT. HSS BAGHAD",प्रतिभागी,शिक्षक
BR1544,Ashok Kumar Mishra,Sidhi,RAMPUR NAIKIN,"23170519603, GOVT. HSS BAGHAD",प्रतिभागी,शिक्षक
BB8102,Triveni Prasad Saket,Sidhi,RAMPUR NAIKIN,"23170503905, GOVT. HS MAU",प्रतिभागी,शिक्षक
BS4933,Neeraj Shukla,Sidhi,RAMPUR NAIKIN,"23170505309, GOVT. HSS EXCELLENCE, RAMPUR NAIKIN",प्रतिभागी,शिक्षक
BC1616,Vikram Singh,Sidhi,RAMPUR NAIKIN,"23170508013, GOVT. HSS KANDHWAR",प्रतिभागी,शिक्षक
BC2739,Pramod Kol,Sidhi,RAMPUR NAIKIN,"23170508013, GOVT. HSS KANDHWAR",प्रतिभागी,शिक्षक
BC3108,Rama Kumari Shrma,Sidhi,RAMPUR NAIKIN,"23170508013, GOVT. HSS KANDHWAR",प्रतिभागी,शिक्षक
BC3318,Pushpraj Sing,Sidhi,RAMPUR NAIKIN,"23170508013, GOVT. HSS KANDHWAR",प्रतिभागी,शिक्षक
BQ2792,Raj Kumar Goyal,Sidhi,RAMPUR NAIKIN,"23170508013, GOVT. HSS KANDHWAR",प्रतिभागी,शिक्षक
CE3075,AKASH PATEL,Sidhi,RAMPUR NAIKIN,"23170508013, GOVT. HSS KANDHWAR",प्रतिभागी,शिक्षक
BB7894,Shyamlal Prajapti,Sidhi,RAMPUR NAIKIN,"23170508703, GOVT. HSS KUAN",प्रतिभागी,शिक्षक
BC3195,Ram Pratap Dubey,Sidhi,RAMPUR NAIKIN,"23170508703, GOVT. HSS KUAN",प्रतिभागी,शिक्षक
BC3439,Geeta Shukla,Sidhi,RAMPUR NAIKIN,"23170508703, GOVT. HSS KUAN",प्रतिभागी,शिक्षक
BB7272,Ramsiya Saket,Sidhi,RAMPUR NAIKIN,"23170508903, GOVT. HSS BADKHARA",प्रतिभागी,शिक्षक
BC3152,Madan Kumar Satnami,Sidhi,RAMPUR NAIKIN,"23170508903, GOVT. HSS BADKHARA",प्रतिभागी,शिक्षक
BC3391,Shivkumar Saket,Sidhi,RAMPUR NAIKIN,"23170508903, GOVT. HSS BADKHARA",प्रतिभागी,शिक्षक
9131982933,Aklesh Kumar Patel ,Sidhi,RAMPUR NAIKIN,"23170512818, GOVT. HSS BOYS, CHURHAT",प्रतिभागी,शिक्षक
BB8817,Gayatri Dwivedi,Sidhi,RAMPUR NAIKIN,"23170512818, GOVT. HSS BOYS, CHURHAT",प्रतिभागी,शिक्षक
BC2957,Vinay Kumar Shukla,Sidhi,RAMPUR NAIKIN,"23170512818, GOVT. HSS BOYS, CHURHAT",प्रतिभागी,शिक्षक
BC3389,Vidya Prajapati,Sidhi,RAMPUR NAIKIN,"23170512818, GOVT. HSS BOYS, CHURHAT",प्रतिभागी,शिक्षक
BT2182,Devkee Mishra,Sidhi,RAMPUR NAIKIN,"23170512818, GOVT. HSS BOYS, CHURHAT",प्रतिभागी,शिक्षक
BB8353,Ramsumiran Patel,Sidhi,RAMPUR NAIKIN,"23170515307, GOVT. HSS DADHIYA",प्रतिभागी,शिक्षक
BC2956,Lal Kumar Singh,Sidhi,RAMPUR NAIKIN,"23170515307, GOVT. HSS DADHIYA",प्रतिभागी,शिक्षक
BC3295,Haridarshan Prasad Patel,Sidhi,RAMPUR NAIKIN,"23170515307, GOVT. HSS DADHIYA",प्रतिभागी,शिक्षक
BR7145,Prasoon Kumar Patel,Sidhi,RAMPUR NAIKIN,"23170515307, GOVT. HSS DADHIYA",प्रतिभागी,शिक्षक
BS2999,Viveka Nand Shukla,Sidhi,RAMPUR NAIKIN,"23170515307, GOVT. HSS DADHIYA",प्रतिभागी,शिक्षक
BZ8608,Sarita Gupta,Sidhi,RAMPUR NAIKIN,"23170515307, GOVT. HSS DADHIYA",प्रतिभागी,शिक्षक
BC1202,Sushma Tiwari,Sidhi,RAMPUR NAIKIN,"23170514704, GOVT. HS BELDAH",प्रतिभागी,शिक्षक
BC1878,Satendra Kumar Pandey,Sidhi,RAMPUR NAIKIN,"23170514704, GOVT. HS BELDAH",प्रतिभागी,शिक्षक
BC1916,Motilal Saket,Sidhi,RAMPUR NAIKIN,"23170514704, GOVT. HS BELDAH",प्रतिभागी,शिक्षक
BC1948,Sanjay Kumar Singh,Sidhi,RAMPUR NAIKIN,"23170514704, GOVT. HS BELDAH",प्रतिभागी,शिक्षक
BB8931,Chandramani Singh,Sidhi,RAMPUR NAIKIN,"23170514216, GOVT. HSS HANUMANGARH",प्रतिभागी,शिक्षक
BC2664,Lallu Kol,Sidhi,RAMPUR NAIKIN,"23170514216, GOVT. HSS HANUMANGARH",प्रतिभागी,शिक्षक
BC4023,Ramsiya Kol,Sidhi,RAMPUR NAIKIN,"23170516014, GOVT. HSS CHAKDAUR",प्रतिभागी,शिक्षक
BT1295,Bhagawat Prasad Sharma,Sidhi,RAMPUR NAIKIN,"23170516014, GOVT. HSS CHAKDAUR",प्रतिभागी,शिक्षक
BW2707,Rama Mishra,Sidhi,RAMPUR NAIKIN,"23170516014, GOVT. HSS CHAKDAUR",प्रतिभागी,शिक्षक
CE5219,JITENDRA KUMAR,Sidhi,RAMPUR NAIKIN,"23170516014, GOVT. HSS CHAKDAUR",प्रतिभागी,शिक्षक
BB8993,Laxmideen Panika,Sidhi,RAMPUR NAIKIN,"23170518605, GOVT. HSS KHADDI",प्रतिभागी,शिक्षक
BB9043,Upendra Kumar Shukla,Sidhi,RAMPUR NAIKIN,"23170518605, GOVT. HSS KHADDI",प्रतिभागी,शिक्षक
BC1520,Shivdas Kori,Sidhi,RAMPUR NAIKIN,"23170518605, GOVT. HSS KHADDI",प्रतिभागी,शिक्षक
BC4038,Shiv Balak Tiwari,Sidhi,RAMPUR NAIKIN,"23170518605, GOVT. HSS KHADDI",प्रतिभागी,शिक्षक
BC5726,Rekha Singh Parihar,Sidhi,RAMPUR NAIKIN,"23170518605, GOVT. HSS KHADDI",प्रतिभागी,शिक्षक
BC2870,Sursari Prasad Dwivedi,Sidhi,SIDHI,"23170600807, GOVT. HSS NO 2 SIDHI",प्रतिभागी,शिक्षक
BC4084,Shakuntala Singh,Sidhi,SIDHI,"23170600807, GOVT. HSS NO 2 SIDHI",प्रतिभागी,शिक्षक
BC4305,Shriram Soni,Sidhi,SIDHI,"23170600807, GOVT. HSS NO 2 SIDHI",प्रतिभागी,शिक्षक
BC7076,Anita Devi Majhi,Sidhi,SIDHI,"23170600807, GOVT. HSS NO 2 SIDHI",प्रतिभागी,शिक्षक
BC7096,Anita Patel,Sidhi,SIDHI,"23170600807, GOVT. HSS NO 2 SIDHI",प्रतिभागी,शिक्षक
BC8536,Maya Tiwari,Sidhi,SIDHI,"23170600807, GOVT. HSS NO 2 SIDHI",प्रतिभागी,शिक्षक
BR4132,Anil Kumar Tiwari,Sidhi,SIDHI,"23170600807, GOVT. HSS NO 2 SIDHI",प्रतिभागी,शिक्षक
BS2364,Mamta Singh,Sidhi,SIDHI,"23170600807, GOVT. HSS NO 2 SIDHI",प्रतिभागी,शिक्षक
CA9187,BALENDU SHEKHAR DUBEY,Sidhi,SIDHI,"23170600807, GOVT. HSS NO 2 SIDHI",प्रतिभागी,शिक्षक
BB7400,RAMKRISHNA VISHWAKARMA,Sidhi,SIDHI,"23170610609, GOVT. HSS KAMARJI",प्रतिभागी,शिक्षक
BC1337,Durga Devi Chaturvedi,Sidhi,SIDHI,"23170610609, GOVT. HSS KAMARJI",प्रतिभागी,शिक्षक
9893017261,Raju  Patel ,Sidhi,SIDHI,"23170612409, GOVT. HSS DHUMMA",प्रतिभागी,शिक्षक
9981389427,Balak Das  Saket ,Sidhi,SIDHI,"23170612409, GOVT. HSS DHUMMA",प्रतिभागी,शिक्षक
9981587915,Ganesh Deen Patel ,Sidhi,SIDHI,"23170612409, GOVT. HSS DHUMMA",प्रतिभागी,शिक्षक
BB7541,Brijwasi Kol,Sidhi,SIDHI,"23170612409, GOVT. HSS DHUMMA",प्रतिभागी,शिक्षक
BB9306,Anita Singh,Sidhi,SIDHI,"23170612409, GOVT. HSS DHUMMA",प्रतिभागी,शिक्षक
BC1160,Arunendra Kumar Patel,Sidhi,SIDHI,"23170612409, GOVT. HSS DHUMMA",प्रतिभागी,शिक्षक
BC1464,Naresh Mishra,Sidhi,SIDHI,"23170612409, GOVT. HSS DHUMMA",प्रतिभागी,शिक्षक
BC3315,Dheeresh Kumar Singh,Sidhi,SIDHI,"23170612409, GOVT. HSS DHUMMA",प्रतिभागी,शिक्षक
BC3330,Rajendra Pd Mishra,Sidhi,SIDHI,"23170612409, GOVT. HSS DHUMMA",प्रतिभागी,शिक्षक
BC3332,Shambulal Singh,Sidhi,SIDHI,"23170612409, GOVT. HSS DHUMMA",प्रतिभागी,शिक्षक
BC3334,Chhotelal Deepankar,Sidhi,SIDHI,"23170612409, GOVT. HSS DHUMMA",प्रतिभागी,शिक्षक
BC3342,Bal Govind Patel,Sidhi,SIDHI,"23170612409, GOVT. HSS DHUMMA",प्रतिभागी,शिक्षक
BC3358,Raghunandan Patel,Sidhi,SIDHI,"23170612409, GOVT. HSS DHUMMA",प्रतिभागी,शिक्षक
BC3359,Savitri Mishra,Sidhi,SIDHI,"23170612409, GOVT. HSS DHUMMA",प्रतिभागी,शिक्षक
BC3360,Ghanshyam Singh,Sidhi,SIDHI,"23170612409, GOVT. HSS DHUMMA",प्रतिभागी,शिक्षक
BC3380,Prem Lal Patel,Sidhi,SIDHI,"23170612409, GOVT. HSS DHUMMA",प्रतिभागी,शिक्षक
BC9131,Shrawan Kumar Singh Baghel,Sidhi,SIDHI,"23170612409, GOVT. HSS DHUMMA",प्रतिभागी,शिक्षक
BS8404,Nita Devi Patel,Sidhi,SIDHI,"23170612409, GOVT. HSS DHUMMA",प्रतिभागी,शिक्षक
BT5902,Akhilesh Patel,Sidhi,SIDHI,"23170612409, GOVT. HSS DHUMMA",प्रतिभागी,शिक्षक
BV3802,Vidyasagar Patel,Sidhi,SIDHI,"23170612409, GOVT. HSS DHUMMA",प्रतिभागी,शिक्षक
BB7522,Rajbhan Singh,Sidhi,SIDHI,"23170614308, GOVT. HSS UPANI",प्रतिभागी,शिक्षक
BC4164,Ashish Kumar Mishra,Sidhi,SIDHI,"23170614308, GOVT. HSS UPANI",प्रतिभागी,शिक्षक
BC4278,Brijnandan Prajapati,Sidhi,SIDHI,"23170614308, GOVT. HSS UPANI",प्रतिभागी,शिक्षक
BC6839,Preeti Singh,Sidhi,SIDHI,"23170614308, GOVT. HSS UPANI",प्रतिभागी,शिक्षक
BR2795,Dharmjeet Saket,Sidhi,SIDHI,"23170614308, GOVT. HSS UPANI",प्रतिभागी,शिक्षक
BS4837,Akhilesh Kumar Soni,Sidhi,SIDHI,"23170614308, GOVT. HSS UPANI",प्रतिभागी,शिक्षक
BS4845,Arti Soni,Sidhi,SIDHI,"23170614308, GOVT. HSS UPANI",प्रतिभागी,शिक्षक
BB7382,Chhotelal Saket,Sidhi,SIDHI,"23170601915, GOVT. HSS SIDHI KHURD",प्रतिभागी,शिक्षक
BB9887,Devendra Kumar Verma,Sidhi,SIDHI,"23170601915, GOVT. HSS SIDHI KHURD",प्रतिभागी,शिक्षक
BC4482,Rambati Panika,Sidhi,SIDHI,"23170601915, GOVT. HSS SIDHI KHURD",प्रतिभागी,शिक्षक
BC8582,Vibha Shrivastav,Sidhi,SIDHI,"23170601915, GOVT. HSS SIDHI KHURD",प्रतिभागी,शिक्षक
BS2355,Amrita Tripathi,Sidhi,SIDHI,"23170601915, GOVT. HSS SIDHI KHURD",प्रतिभागी,शिक्षक
BV8797,Sachin Kumar Halwai,Sidhi,SIDHI,"23170601915, GOVT. HSS SIDHI KHURD",प्रतिभागी,शिक्षक
BB9621,Manoj Kumar Singh Chauhan,Sidhi,SIDHI,"23170628310, GOVT. HSS CHAUPHAL",प्रतिभागी,बीएसी
BX3018,Shubhram Rokde,Sidhi,SIDHI,"23170628310, GOVT. HSS CHAUPHAL",प्रतिभागी,शिक्षक
BB8758,Sanjeev Kumar Singh,Sidhi,SIDHI,"23170604606, GOVT. HSS KHIRKHORI",प्रतिभागी,शिक्षक
BB8766,Devesh Kumar Singh,Sidhi,SIDHI,"23170604606, GOVT. HSS KHIRKHORI",प्रतिभागी,शिक्षक
BC5921,Jagannath Kol,Sidhi,SIDHI,"23170604606, GOVT. HSS KHIRKHORI",प्रतिभागी,शिक्षक
BC3968,Santosh Giri,Sidhi,SIDHI,"23170619308, GOVT. HSS BARAMBABA",प्रतिभागी,शिक्षक
BC4478,Kamlesh Singh,Sidhi,SIDHI,"23170619308, GOVT. HSS BARAMBABA",प्रतिभागी,शिक्षक
BS3487,Raj Kuamr Singh God,Sidhi,SIDHI,"23170619308, GOVT. HSS BARAMBABA",प्रतिभागी,शिक्षक
CE3725,SATYA PRAKASH BISARIYA,Sidhi,SIDHI,"23170619308, GOVT. HSS BARAMBABA",प्रतिभागी,शिक्षक
BC4035,Ram Jiyawan Panika,Sidhi,SIDHI,"23170614204, GOVT. HSS HADAWADO",प्रतिभागी,शिक्षक
BC1422,Maya Dubey,Sidhi,SIDHI,"23170605720, GOVT. HSS SEMARIYA",प्रतिभागी,शिक्षक
BC1881,Sarala Mishra,Sidhi,SIDHI,"23170605720, GOVT. HSS SEMARIYA",प्रतिभागी,शिक्षक
BC3230,Balamik Vishwakarma,Sidhi,SIDHI,"23170605720, GOVT. HSS SEMARIYA",प्रतिभागी,शिक्षक
BC5168,Bharti Tiwari,Sidhi,SIDHI,"23170605720, GOVT. HSS SEMARIYA",प्रतिभागी,शिक्षक
BT1292,Amita Pandey,Sidhi,SIDHI,"23170605720, GOVT. HSS SEMARIYA",प्रतिभागी,शिक्षक
BB8750,Sushama Singh,Sidhi,SIDHI,"23170607309, GOVT. HSS AMARWAH",प्रतिभागी,शिक्षक
BC8573,Ramkhelaban Viswakarma,Sidhi,SIDHI,"23170607309, GOVT. HSS AMARWAH",प्रतिभागी,शिक्षक
BQ5811,Nidhi Saxena,Sidhi,SIDHI,"23170607309, GOVT. HSS AMARWAH",प्रतिभागी,शिक्षक
AT1925,Ajay Kumar Pandey,Sidhi,SIDHI,"23170621504, GOVT. HS NEBUHA",प्रतिभागी,बीएसी
BC3784,Santosh Singh Chauhan,Sidhi,SIDHI,"23170621504, GOVT. HS NEBUHA",प्रतिभागी,शिक्षक
BS7701,Chandresh Prasad Yadav,Sidhi,SIDHI,"23170621504, GOVT. HS NEBUHA",प्रतिभागी,शिक्षक
BB7567,Ramjeet Singh,Sidhi,SIDHI,"23170625209, GOVT. HS KARWAHI",प्रतिभागी,शिक्षक
BB9008,Beer Singh Pendro,Sidhi,SIDHI,"23170625209, GOVT. HS KARWAHI",प्रतिभागी,शिक्षक
BC9156,Rabendra Prasad Gupta,Sidhi,SIDHI,"23170625209, GOVT. HS KARWAHI",प्रतिभागी,शिक्षक
BS6064,Shailendra Singh,Sidhi,SIDHI,"23170625209, GOVT. HS KARWAHI",प्रतिभागी,शिक्षक
BB9412,Amar Singh Gond,Sidhi,SIHAWAL,"23170701216, GOVT. HSS AMILIYA",प्रतिभागी,शिक्षक
BC5012,Kusum Pathk,Sidhi,SIHAWAL,"23170701216, GOVT. HSS AMILIYA",प्रतिभागी,शिक्षक
BC5031,Sunit Kumar Shukla,Sidhi,SIHAWAL,"23170701216, GOVT. HSS AMILIYA",प्रतिभागी,शिक्षक
BC5081,Asha Maurya,Sidhi,SIHAWAL,"23170701216, GOVT. HSS AMILIYA",प्रतिभागी,शिक्षक
BC5121,Sukhchandlal Patel,Sidhi,SIHAWAL,"23170701216, GOVT. HSS AMILIYA",प्रतिभागी,शिक्षक
BR9768,Raghupati Sharan Patel,Sidhi,SIHAWAL,"23170701216, GOVT. HSS AMILIYA",प्रतिभागी,शिक्षक
BS5241,Narendra Kumar Patel,Sidhi,SIHAWAL,"23170701216, GOVT. HSS AMILIYA",प्रतिभागी,शिक्षक
BW6636,Ramkrishn Patel,Sidhi,SIHAWAL,"23170701216, GOVT. HSS AMILIYA",प्रतिभागी,शिक्षक
BC2155,Chhathi Lal Gupta,Sidhi,SIHAWAL,"23170710503, GOVT. HSS SONVARSA",प्रतिभागी,शिक्षक
BQ7204,Anil Kumar Basor,Sidhi,SIHAWAL,"23170710503, GOVT. HSS SONVARSA",प्रतिभागी,शिक्षक
CC9498,RAMBHAJAN PRAJAPATI,Sidhi,SIHAWAL,"23170710503, GOVT. HSS SONVARSA",प्रतिभागी,शिक्षक
9179329659,Shiv Pratap Tiwari ,Sidhi,SIHAWAL,"23170725106, GOVT. HSS HATWAKHAS",प्रतिभागी,शिक्षक
AX1307,Raj Kumari Majhi,Sidhi,SIHAWAL,"23170725106, GOVT. HSS HATWAKHAS",प्रतिभागी,शिक्षक
BB8808,Ramsajiwan Kumhar,Sidhi,SIHAWAL,"23170725106, GOVT. HSS HATWAKHAS",प्रतिभागी,शिक्षक
BC2244,Devkaran Saket,Sidhi,SIHAWAL,"23170725106, GOVT. HSS HATWAKHAS",प्रतिभागी,शिक्षक
BZ6375,Banshmani Prasad Gupta,Sidhi,SIHAWAL,"23170725106, GOVT. HSS HATWAKHAS",प्रतिभागी,शिक्षक
BU2535,Ramesh Kumar Saket,Sidhi,SIHAWAL,"23170721407, GOVT. HSS SUGREEV SUPELA",प्रतिभागी,शिक्षक
BW5497,Jagmohan Prasad Patel,Sidhi,SIHAWAL,"23170721407, GOVT. HSS SUGREEV SUPELA",प्रतिभागी,शिक्षक
BB9674,Ranjana Singh,Sidhi,SIHAWAL,"23170716408, GOVT. HSS BAGHOR",प्रतिभागी,शिक्षक
BC2087,Pramada Devi,Sidhi,SIHAWAL,"23170716408, GOVT. HSS BAGHOR",प्रतिभागी,शिक्षक
CD4647,ARJUN SURYAVANSHI,Sidhi,SIHAWAL,"23170716408, GOVT. HSS BAGHOR",प्रतिभागी,शिक्षक
BC5079,Ramesh Kumar Koiri,Sidhi,SIHAWAL,"23170722712, GOVT. HSS BOYS, HINAUTI",प्रतिभागी,शिक्षक
BC6637,Hanif Mohammad,Sidhi,SIHAWAL,"23170722712, GOVT. HSS BOYS, HINAUTI",प्रतिभागी,शिक्षक
BC6673,Vidyakant Vishwkarma,Sidhi,SIHAWAL,"23170722712, GOVT. HSS BOYS, HINAUTI",प्रतिभागी,शिक्षक
BX9332,Nageshwar Prasad Patel,Sidhi,SIHAWAL,"23170722712, GOVT. HSS BOYS, HINAUTI",प्रतिभागी,शिक्षक
CE7816,DIPAK GUPTA,Sidhi,SIHAWAL,"23170722712, GOVT. HSS BOYS, HINAUTI",प्रतिभागी,शिक्षक
BC7818,Gangadhar Dwivedi,Sidhi,SIHAWAL,"23170719813, GOVT. HSS GIRLS, PATULKHI",प्रतिभागी,शिक्षक
BC7942,Shrinath Banshal,Sidhi,SIHAWAL,"23170719812, GOVT. HSS BOYS, PATULKHI",प्रतिभागी,शिक्षक
BC8025,Balkaran Panika,Sidhi,SIHAWAL,"23170719812, GOVT. HSS BOYS, PATULKHI",प्रतिभागी,शिक्षक
BV4860,Surya Kumar Dwivedi,Sidhi,SIHAWAL,"23170719812, GOVT. HSS BOYS, PATULKHI",प्रतिभागी,शिक्षक
BC7953,Ambrish Pandey,Sidhi,SIHAWAL,"23170703409, GOVT. HSS BAHARI",प्रतिभागी,सीएसी
BC5155,Rajkumar Pathak,Sidhi,SIHAWAL,"23170711209, GOVT. HSS TARKA",प्रतिभागी,शिक्षक
BC1728,Sudama Pd Panika,Sidhi,SIHAWAL,"23170715911, GOVT. HSS POKHARA",प्रतिभागी,शिक्षक
BP1685,Hiralal Singh,Sidhi,SIHAWAL,"23170715911, GOVT. HSS POKHARA",प्रतिभागी,शिक्षक
CC8008,RAKHI RAJPOOT,Sidhi,SIHAWAL,"23170715911, GOVT. HSS POKHARA",प्रतिभागी,शिक्षक
BB9456,Ashok Kumar Singh Baghel,Sidhi,SIHAWAL,"23170714009, GOVT. HSS SAPAHI",प्रतिभागी,शिक्षक
BB9483,Pramila Singh,Sidhi,SIHAWAL,"23170714009, GOVT. HSS SAPAHI",प्रतिभागी,शिक्षक
BC1551,Hinchhlal Saket,Sidhi,SIHAWAL,"23170714009, GOVT. HSS SAPAHI",प्रतिभागी,शिक्षक
BC1632,Manoj Kumar Singh,Sidhi,SIHAWAL,"23170714009, GOVT. HSS SAPAHI",प्रतिभागी,शिक्षक
BC5959,Vibha Singh Baghel,Sidhi,SIHAWAL,"23170714009, GOVT. HSS SAPAHI",प्रतिभागी,शिक्षक
BS3499,Aneeta Pandey,Sidhi,SIHAWAL,"23170714009, GOVT. HSS SAPAHI",प्रतिभागी,शिक्षक
BS3510,Shweta Tiwari,Sidhi,SIHAWAL,"23170714009, GOVT. HSS SAPAHI",प्रतिभागी,शिक्षक
BW6793,Rakesh Kumar Dwivedi,Sidhi,SIHAWAL,"23170718309, GOVT. HSS AMARPUR",प्रतिभागी,शिक्षक
BC7063,Diwakar Prasad Sharma,Sidhi,SIHAWAL,"23170724105, GOVT. HS KHAIRA",प्रतिभागी,शिक्षक
BW2800,Jetendra Prasad Dubey,Sidhi,SIHAWAL,"23170724105, GOVT. HS KHAIRA",प्रतिभागी,शिक्षक
BW2908,Sahmad Ali,Sidhi,SIHAWAL,"23170724105, GOVT. HS KHAIRA",प्रतिभागी,शिक्षक
CA2945,Pushpendra Kumar Shukla,Sidhi,SIHAWAL,"23170724105, GOVT. HS KHAIRA",प्रतिभागी,शिक्षक
8120043204,Ashish Kumar Pandey ,Sidhi,SIHAWAL,"23170714907, GOVT. HSS KHUTELI",प्रतिभागी,शिक्षक
9109523759,Shailendra Kumar Gupta   ,Sidhi,SIHAWAL,"23170714907, GOVT. HSS KHUTELI",प्रतिभागी,अन्य
BC7010,Mrindala Singh,Sidhi,SIHAWAL,"23170714907, GOVT. HSS KHUTELI",प्रतिभागी,शिक्षक
CC9588,GHAMBHEER KUSHWAH,Sidhi,SIHAWAL,"23170714907, GOVT. HSS KHUTELI",प्रतिभागी,शिक्षक
BC2018,Shobha Singh,Sidhi,SIHAWAL,"23170707611, GOVT. HSS EXCELLENCE, SIHAWAL",प्रतिभागी,शिक्षक
BC2040,Ramlal Saket,Sidhi,SIHAWAL,"23170707611, GOVT. HSS EXCELLENCE, SIHAWAL",प्रतिभागी,शिक्षक
BC2058,Jangbahadur Singh,Sidhi,SIHAWAL,"23170707611, GOVT. HSS EXCELLENCE, SIHAWAL",प्रतिभागी,शिक्षक
BC6631,Prem Lal Saket,Sidhi,SIHAWAL,"23170707611, GOVT. HSS EXCELLENCE, SIHAWAL",प्रतिभागी,शिक्षक
BP1577,Gyanendra Kumar Gupta,Sidhi,SIHAWAL,"23170707611, GOVT. HSS EXCELLENCE, SIHAWAL",प्रतिभागी,शिक्षक
BR4812,Jeetendra Kumar Gupta,Sidhi,SIHAWAL,"23170707611, GOVT. HSS EXCELLENCE, SIHAWAL",प्रतिभागी,शिक्षक
BC5476,Upendra Pratap Sharma,Singrauli,CHITARANGI,"23500100509, Govt. HSS  KARTHUA",प्रतिभागी,शिक्षक
BC6520,Vineeta Nigam,Singrauli,CHITARANGI,"23500100509, Govt. HSS  KARTHUA",प्रतिभागी,शिक्षक
BS8929,Chandmani Kwat,Singrauli,CHITARANGI,"23500101207, Govt. HSS  HARFARI",प्रतिभागी,शिक्षक
BC5534,Suryabhan Singh,Singrauli,CHITARANGI,"23500105104, Govt. HSS  DHARAULI",प्रतिभागी,शिक्षक
BC6951,Ramdawan Singh,Singrauli,CHITARANGI,"23500105104, Govt. HSS  DHARAULI",प्रतिभागी,शिक्षक
CE2778,KHEMCHAND LOVAVANSHI,Singrauli,CHITARANGI,"23500105104, Govt. HSS  DHARAULI",प्रतिभागी,शिक्षक
9179545646,Ashish Kumar Jaiswal   ,Singrauli,CHITARANGI,"23500107515, Govt. HSS  EXCELLENCE, CHITRANGI",प्रतिभागी,शिक्षक
BC5413,Bhagwanti Singh,Singrauli,CHITARANGI,"23500107515, Govt. HSS  EXCELLENCE, CHITRANGI",प्रतिभागी,शिक्षक
BC5415,Gajadhar Singh Bais,Singrauli,CHITARANGI,"23500107515, Govt. HSS  EXCELLENCE, CHITRANGI",प्रतिभागी,शिक्षक
BC5561,Ram Janak Saket,Singrauli,CHITARANGI,"23500107515, Govt. HSS  EXCELLENCE, CHITRANGI",प्रतिभागी,शिक्षक
BC7005,Arun Kumar Singh,Singrauli,CHITARANGI,"23500107515, Govt. HSS  EXCELLENCE, CHITRANGI",प्रतिभागी,शिक्षक
BW7068,Dhiraj Pal,Singrauli,CHITARANGI,"23500107515, Govt. HSS  EXCELLENCE, CHITRANGI",प्रतिभागी,शिक्षक
CD8860,GOVIND BAIS,Singrauli,CHITARANGI,"23500107515, Govt. HSS  EXCELLENCE, CHITRANGI",प्रतिभागी,शिक्षक
BC5357,Ashtbhuja Singh,Singrauli,CHITARANGI,"23500113309, Govt. HSS   LAMSARAI",प्रतिभागी,शिक्षक
BC5375,Rakesh Singh,Singrauli,CHITARANGI,"23500113309, Govt. HSS   LAMSARAI",प्रतिभागी,शिक्षक
CC8483,KRISHNA KUMAR GAUTAM,Singrauli,CHITARANGI,"23500113309, Govt. HSS   LAMSARAI",प्रतिभागी,शिक्षक
BC5253,Deo Kumar Pandey,Singrauli,CHITARANGI,"23500120607, Govt. HSS  NAUDIHWA KHAIDAR",प्रतिभागी,शिक्षक
BC5263,Vishwnath Prasad Saket,Singrauli,CHITARANGI,"23500120607, Govt. HSS  NAUDIHWA KHAIDAR",प्रतिभागी,शिक्षक
BC5423,Anand Ram Dubey,Singrauli,CHITARANGI,"23500120607, Govt. HSS  NAUDIHWA KHAIDAR",प्रतिभागी,शिक्षक
BC5425,Shivshankar Verma,Singrauli,CHITARANGI,"23500120607, Govt. HSS  NAUDIHWA KHAIDAR",प्रतिभागी,शिक्षक
BC5452,Puttan Lal Singh,Singrauli,CHITARANGI,"23500120607, Govt. HSS  NAUDIHWA KHAIDAR",प्रतिभागी,शिक्षक
BS2450,Sheshmani Pal,Singrauli,CHITARANGI,"23500120607, Govt. HSS  NAUDIHWA KHAIDAR",प्रतिभागी,शिक्षक
BS4895,Shivpati Singh Bais,Singrauli,CHITARANGI,"23500120607, Govt. HSS  NAUDIHWA KHAIDAR",प्रतिभागी,शिक्षक
BS4896,Harishankar Singh Vaishya,Singrauli,CHITARANGI,"23500120607, Govt. HSS  NAUDIHWA KHAIDAR",प्रतिभागी,शिक्षक
BV9391,Mahendra Kumar Singh,Singrauli,CHITARANGI,"23500120607, Govt. HSS  NAUDIHWA KHAIDAR",प्रतिभागी,शिक्षक
CD3780,ABHISHEK KUMAR,Singrauli,CHITARANGI,"23500123109, Govt. HSS  BAGAIYA",प्रतिभागी,शिक्षक
BC3576,Abdul Mabud,Singrauli,CHITARANGI,"23500128510, Govt. HSS   GORBI KALARI",प्रतिभागी,शिक्षक
BB8066,Vijay Kumar Singh,Singrauli,CHITARANGI,"23500124904, Govt. HSS   KHARKATA",प्रतिभागी,शिक्षक
BC3519,Jujhan Prasad,Singrauli,CHITARANGI,"23500124904, Govt. HSS   KHARKATA",प्रतिभागी,शिक्षक
BC3567,Shiv Prasad Panika,Singrauli,CHITARANGI,"23500124904, Govt. HSS   KHARKATA",प्रतिभागी,शिक्षक
BT3184,Sunta Sahu,Singrauli,CHITARANGI,"23500124904, Govt. HSS   KHARKATA",प्रतिभागी,शिक्षक
BT3208,Kusumkali Bais,Singrauli,CHITARANGI,"23500124904, Govt. HSS   KHARKATA",प्रतिभागी,शिक्षक
BC3598,Arjun Singh,Singrauli,CHITARANGI,"23500107304, Govt. HSS  JHAGRAUHA",प्रतिभागी,शिक्षक
BX1989,Ram Pratap Singh Ayam,Singrauli,CHITARANGI,"23500107304, Govt. HSS  JHAGRAUHA",प्रतिभागी,शिक्षक
BC6101,Lakhan Lal Dwivedi,Singrauli,DEOSAR,"23500206812, Govt. HSS Excellence School Deosar",प्रतिभागी,शिक्षक
BC6243,Saroj Chaturvedi,Singrauli,DEOSAR,"23500206812, Govt. HSS Excellence School Deosar",प्रतिभागी,शिक्षक
BC6269,Mohammad Hasim Ansari,Singrauli,DEOSAR,"23500206812, Govt. HSS Excellence School Deosar",प्रतिभागी,शिक्षक
BC6272,Thakur Prasad Baishya,Singrauli,DEOSAR,"23500206812, Govt. HSS Excellence School Deosar",प्रतिभागी,शिक्षक
BC6487,Gayatri Devi,Singrauli,DEOSAR,"23500206812, Govt. HSS Excellence School Deosar",प्रतिभागी,शिक्षक
BB7724,Raj Karan Kushwaha,Singrauli,DEOSAR,"23500206811, Govt. HSS GIRLS DEOSAR",प्रतिभागी,शिक्षक
BC8989,Shashi Kant Pathak,Singrauli,DEOSAR,"23500206811, Govt. HSS GIRLS DEOSAR",प्रतिभागी,शिक्षक
AL5721,Ravi Shankar Chaturvedi,Singrauli,DEOSAR,"23500209306, Govt. HSS KHADAURA",प्रतिभागी,शिक्षक
BC6264,Vishvagama Singh,Singrauli,DEOSAR,"23500209306, Govt. HSS KHADAURA",प्रतिभागी,शिक्षक
BT5168,Gaurav Kumar Tiwari,Singrauli,DEOSAR,"23500209306, Govt. HSS KHADAURA",प्रतिभागी,शिक्षक
BB8397,Ram Naresh Prajapati,Singrauli,DEOSAR,"23500212208, Govt. HS KURSA",प्रतिभागी,शिक्षक
BC5509,Nirmla Singh,Singrauli,DEOSAR,"23500212208, Govt. HS KURSA",प्रतिभागी,शिक्षक
BC6293,Maya Singh,Singrauli,DEOSAR,"23500212208, Govt. HS KURSA",प्रतिभागी,शिक्षक
BC6512,Ramsewak Mishra,Singrauli,DEOSAR,"23500212208, Govt. HS KURSA",प्रतिभागी,शिक्षक
BS7823,Pramod Kumar Shukla,Singrauli,DEOSAR,"23500212208, Govt. HS KURSA",प्रतिभागी,शिक्षक
CC2572,RABIYA BANO,Singrauli,DEOSAR,"23500212208, Govt. HS KURSA",प्रतिभागी,शिक्षक
BA7336,Vishunram Bhagat,Singrauli,DEOSAR,"23500216312, Govt. HSS   BARGAWAN",प्रतिभागी,शिक्षक
BC6068,Chakradhar Prasad Sharma,Singrauli,DEOSAR,"23500216312, Govt. HSS   BARGAWAN",प्रतिभागी,शिक्षक
BC6096,Sugriv Prasad Saket,Singrauli,DEOSAR,"23500216312, Govt. HSS   BARGAWAN",प्रतिभागी,शिक्षक
BC6109,Shivnath Prasad Pal,Singrauli,DEOSAR,"23500216312, Govt. HSS   BARGAWAN",प्रतिभागी,शिक्षक
BC6115,Lakhpati Prasad,Singrauli,DEOSAR,"23500216312, Govt. HSS   BARGAWAN",प्रतिभागी,शिक्षक
BC6156,Gopal Das Vishwakarma,Singrauli,DEOSAR,"23500216312, Govt. HSS   BARGAWAN",प्रतिभागी,शिक्षक
BT2211,Bhagwan Das Vaishya,Singrauli,DEOSAR,"23500216312, Govt. HSS   BARGAWAN",प्रतिभागी,शिक्षक
BC6137,Premsagar Namdev,Singrauli,DEOSAR,"23500219106, Govt. HS UJJAINI",प्रतिभागी,शिक्षक
CD5829,DEEPIKA THAKUR,Singrauli,DEOSAR,"23500219106, Govt. HS UJJAINI",प्रतिभागी,शिक्षक
BB8484,Laxmi Narayan Vaishya,Singrauli,DEOSAR,"23500200707, Govt. HSS JUDWAR",प्रतिभागी,शिक्षक
BB8521,Mahendra Kumar Bais,Singrauli,DEOSAR,"23500205310, Govt. HSS   GANNAI",प्रतिभागी,शिक्षक
BC8403,Shree Lal Saket,Singrauli,DEOSAR,"23500205310, Govt. HSS   GANNAI",प्रतिभागी,शिक्षक
CD3747,NARENDRA SONI,Singrauli,DEOSAR,"23500217520, Govt. HSS  SARAI",प्रतिभागी,शिक्षक
BC8115,Moti Kunwar Pandey,Singrauli,DEOSAR,"23500204609, Govt. HSS MAHUA GAON",प्रतिभागी,शिक्षक
BC8124,Munni Bai Sahu,Singrauli,DEOSAR,"23500204609, Govt. HSS MAHUA GAON",प्रतिभागी,शिक्षक
BC8141,Santosh Kumar Gupta,Singrauli,DEOSAR,"23500204609, Govt. HSS MAHUA GAON",प्रतिभागी,शिक्षक
BC8151,Urmila Panika,Singrauli,DEOSAR,"23500214405, Govt. HSS RAJANIYA",प्रतिभागी,शिक्षक
BC8198,Rakesh Kumar Singh,Singrauli,DEOSAR,"23500204209, Govt. HSS   NIWAS",प्रतिभागी,शिक्षक
BC8283,Ram Kumar Sarvay,Singrauli,DEOSAR,"23500204209, Govt. HSS   NIWAS",प्रतिभागी,शिक्षक
BC7502,Dan Bahadur Singh,Singrauli,DEOSAR,"23500207807, Govt. HS BANJARI",प्रतिभागी,शिक्षक
BC8158,Angraj Singh,Singrauli,DEOSAR,"23500207807, Govt. HS BANJARI",प्रतिभागी,शिक्षक
BC8190,Raghubans Baiga,Singrauli,DEOSAR,"23500207807, Govt. HS BANJARI",प्रतिभागी,शिक्षक
BC1761,Poonam Panadiya,Singrauli,DEOSAR,"23500221011, Govt. HSS BARKA",प्रतिभागी,शिक्षक
BC1765,Lagan Singh,Singrauli,DEOSAR,"23500221011, Govt. HSS BARKA",प्रतिभागी,शिक्षक
BC2430,Rampati Singh,Singrauli,DEOSAR,"23500221011, Govt. HSS BARKA",प्रतिभागी,शिक्षक
BC3571,Parwati Panika,Singrauli,DEOSAR,"23500221011, Govt. HSS BARKA",प्रतिभागी,शिक्षक
BC8449,Bansh Bahadur Singh,Singrauli,DEOSAR,"23500221011, Govt. HSS BARKA",प्रतिभागी,शिक्षक
BT5689,Urmila Marya,Singrauli,DEOSAR,"23500221011, Govt. HSS BARKA",प्रतिभागी,शिक्षक
BC8411,Ram Narayan Jayswal,Singrauli,DEOSAR,"23500200209, Govt. HSS   JHARA",प्रतिभागी,शिक्षक
BR4863,Tej Bahadur Panika,Singrauli,DEOSAR,"23500200209, Govt. HSS   JHARA",प्रतिभागी,शिक्षक
BT3950,Udal Singh,Singrauli,DEOSAR,"23500200209, Govt. HSS   JHARA",प्रतिभागी,शिक्षक
BS5837,Rupendra Kumar Rawat,Singrauli,WAIDHAN,"23500809805, Govt. HSS   BINDUL",प्रतिभागी,शिक्षक
BA7938,Khristus Ikka,Singrauli,WAIDHAN,"23500817310, Govt. HSS   KHANUA",प्रतिभागी,शिक्षक
BC8358,Lalmani Charmkar,Singrauli,WAIDHAN,"23500817310, Govt. HSS   KHANUA",प्रतिभागी,शिक्षक
BT5690,Ramgopal Shyamle,Singrauli,WAIDHAN,"23500817310, Govt. HSS   KHANUA",प्रतिभागी,शिक्षक
CD5754,NARESH GOUND,Singrauli,WAIDHAN,"23500817310, Govt. HSS   KHANUA",प्रतिभागी,शिक्षक
CD5755,PRIYANKA SOLAM,Singrauli,WAIDHAN,"23500817310, Govt. HSS   KHANUA",प्रतिभागी,शिक्षक
BS5709,Abhimanyu Prasad Bhatt,Singrauli,WAIDHAN,"23500818504, Govt. HSS MAJHAULI PATH",प्रतिभागी,शिक्षक
BU5935,Santosh Kumar Shah,Singrauli,WAIDHAN,"23500805005, Govt. HSS KOYALKHUNTH",प्रतिभागी,शिक्षक
BC2588,Ram Prasad Saket,Singrauli,WAIDHAN,"23500807809, Govt. HS KUMHIYA",प्रतिभागी,शिक्षक
BT3134,Sunita Panika,Singrauli,WAIDHAN,"23500807809, Govt. HS KUMHIYA",प्रतिभागी,शिक्षक
BC5554,Satish Kumar Dubey,Singrauli,WAIDHAN,"23500811107, Govt. HSS   TIYARA",प्रतिभागी,शिक्षक
BC2607,Sunita Sawley,Singrauli,WAIDHAN,"23500811212, Govt. HSS   RAJMILAN",प्रतिभागी,शिक्षक
BT3631,Rajnarayan Pandey,Singrauli,WAIDHAN,"23500811212, Govt. HSS   RAJMILAN",प्रतिभागी,शिक्षक
BC4804,Halimunnisha Siddiqui,Singrauli,WAIDHAN,"23500822118, Govt. HSS   GIRLS  WAIDHAN",प्रतिभागी,शिक्षक
BC4953,Saryu Prasad Tiwari,Singrauli,WAIDHAN,"23500822118, Govt. HSS   GIRLS  WAIDHAN",प्रतिभागी,शिक्षक
BC6909,Sandhya Singh,Singrauli,WAIDHAN,"23500822118, Govt. HSS   GIRLS  WAIDHAN",प्रतिभागी,शिक्षक
BB9279,Jogindra Prasad Verma,Singrauli,WAIDHAN,"23500801221, Govt. HSS   KHUTAR",प्रतिभागी,शिक्षक
BB9332,Manoj Kumar Singh,Singrauli,WAIDHAN,"23500801221, Govt. HSS   KHUTAR",प्रतिभागी,शिक्षक
BB7576,SANGEETA Sahu,Singrauli,WAIDHAN,"23500822117, Govt. HSS EXCELLENCE WAIDHAN",प्रतिभागी,शिक्षक
BC4696,Shriram Dubey,Singrauli,WAIDHAN,"23500822117, Govt. HSS EXCELLENCE WAIDHAN",प्रतिभागी,शिक्षक
BS3512,Jagdish Prasad Pal,Singrauli,WAIDHAN,"23500822117, Govt. HSS EXCELLENCE WAIDHAN",प्रतिभागी,शिक्षक
BY7985,Shailesh Permar,Singrauli,WAIDHAN,"23500813609, Govt. HSS MAKROHAR",प्रतिभागी,शिक्षक
BC2581,Shiv Mohan Singh,Singrauli,WAIDHAN,"23500812908, Govt. HSS   MADA",प्रतिभागी,शिक्षक
BC3895,Chandra Vati Jaysawal,Singrauli,WAIDHAN,"23500815008, Govt. HSS   KARSUA RAJA",प्रतिभागी,शिक्षक
BC4765,Aditya Prasad Napit,Singrauli,WAIDHAN,"23500822404, Govt. HSS   JAYANT",प्रतिभागी,शिक्षक
BY9503,Neerja Singh,Singrauli,WAIDHAN,"23500822404, Govt. HSS   JAYANT",प्रतिभागी,शिक्षक
BC9458,Parashu Ram Saur,Tikamgarh,BALDEWGARH,"23080101604, GHSS AHAR",प्रतिभागी,शिक्षक
BC9528,Rajni Ahirwar,Tikamgarh,BALDEWGARH,"23080101604, GHSS AHAR",प्रतिभागी,शिक्षक
BD1055,Kailash Narayan Mishra,Tikamgarh,BALDEWGARH,"23080101604, GHSS AHAR",प्रतिभागी,शिक्षक
BD1250,Vivek Kumar Shrivastava,Tikamgarh,BALDEWGARH,"23080101604, GHSS AHAR",प्रतिभागी,शिक्षक
BD1267,Santosh Kumar Tiwari,Tikamgarh,BALDEWGARH,"23080101604, GHSS AHAR",प्रतिभागी,शिक्षक
BD1272,Seema Gangele,Tikamgarh,BALDEWGARH,"23080101604, GHSS AHAR",प्रतिभागी,शिक्षक
BD1280,Savita Bhandari,Tikamgarh,BALDEWGARH,"23080101604, GHSS AHAR",प्रतिभागी,शिक्षक
BD2889,Santosh Kumar Vaishya,Tikamgarh,BALDEWGARH,"23080101604, GHSS AHAR",प्रतिभागी,शिक्षक
BV7930,Hemlata Jain,Tikamgarh,BALDEWGARH,"23080101604, GHSS AHAR",प्रतिभागी,शिक्षक
BV8029,Janki Prasad Ahirwar,Tikamgarh,BALDEWGARH,"23080101604, GHSS AHAR",प्रतिभागी,शिक्षक
CC1407,KAILASH YADAV,Tikamgarh,BALDEWGARH,"23080101604, GHSS AHAR",प्रतिभागी,शिक्षक
CB2836,ADARSHA TOMAR,Tikamgarh,BALDEWGARH,"23080115215, GGHSS KHARGAPUR",प्रतिभागी,शिक्षक
CD4018,RAMKISHOR JATAV,Tikamgarh,BALDEWGARH,"23080115215, GGHSS KHARGAPUR",प्रतिभागी,शिक्षक
BC9809,Brajlal Lodhi,Tikamgarh,BALDEWGARH,"23080115214, GBHSS KHARGAPUR",प्रतिभागी,शिक्षक
BD1106,Achchelal Ahirwar,Tikamgarh,BALDEWGARH,"23080115214, GBHSS KHARGAPUR",प्रतिभागी,शिक्षक
BD2681,Shobha Ram Badhai,Tikamgarh,BALDEWGARH,"23080115214, GBHSS KHARGAPUR",प्रतिभागी,शिक्षक
BY2511,Priyanka Jain,Tikamgarh,BALDEWGARH,"23080115214, GBHSS KHARGAPUR",प्रतिभागी,शिक्षक
CD2501,MAHMOOD KHAN,Tikamgarh,BALDEWGARH,"23080115214, GBHSS KHARGAPUR",प्रतिभागी,शिक्षक
BD6531,Ram Milan Lodhi,Tikamgarh,BALDEWGARH,"23080105207, GHSS SARKANPUR",प्रतिभागी,शिक्षक
CD2524,VIBHA YADAV,Tikamgarh,BALDEWGARH,"23080105207, GHSS SARKANPUR",प्रतिभागी,शिक्षक
BC9427,Ghasi Ram Prajapati,Tikamgarh,BALDEWGARH,"23080116820, GGHSS BALDEWGARH",प्रतिभागी,सीएसी
BD1082,Balram Sour,Tikamgarh,BALDEWGARH,"23080113607, GHS MALGUWAN",प्रतिभागी,शिक्षक
BS9399,Om Prakash Vishwakarma,Tikamgarh,BALDEWGARH,"23080113607, GHS MALGUWAN",प्रतिभागी,शिक्षक
BC9780,Shashi Tomar,Tikamgarh,BALDEWGARH,"23080108210, GHSS  DERI",प्रतिभागी,शिक्षक
CE5934,SUNEEL AHIRWAR,Tikamgarh,BALDEWGARH,"23080108210, GHSS  DERI",प्रतिभागी,शिक्षक
BC9591,Hariram Ahirwar,Tikamgarh,BALDEWGARH,"23080104414, GHS BHELSI",प्रतिभागी,शिक्षक
BC9629,Pannalal Ahirwar,Tikamgarh,BALDEWGARH,"23080104414, GHS BHELSI",प्रतिभागी,अन्य
BD1099,Kashiram Sour,Tikamgarh,BALDEWGARH,"23080104414, GHS BHELSI",प्रतिभागी,शिक्षक
CD1098,TWINKLE MAHUNA,Tikamgarh,BALDEWGARH,"23080104414, GHS BHELSI",प्रतिभागी,शिक्षक
BC9434,Pratibha Parashar,Tikamgarh,BALDEWGARH,"23080116821, GHSS EXC BALDEWGARH",प्रतिभागी,शिक्षक
BC9478,Bhagirath Yadav,Tikamgarh,BALDEWGARH,"23080116821, GHSS EXC BALDEWGARH",प्रतिभागी,शिक्षक
BD7281,Archana Tripathi,Tikamgarh,BALDEWGARH,"23080116821, GHSS EXC BALDEWGARH",प्रतिभागी,शिक्षक
CC9391,SHILPI CHATURVEDI,Tikamgarh,BALDEWGARH,"23080116821, GHSS EXC BALDEWGARH",प्रतिभागी,शिक्षक
BD1031,Jagdeesh Prasad Saur,Tikamgarh,BALDEWGARH,"23080114106, GHSS  HATA",प्रतिभागी,शिक्षक
BD1109,Ashok Singh Bundela,Tikamgarh,BALDEWGARH,"23080114106, GHSS  HATA",प्रतिभागी,शिक्षक
BD1150,Haridas Ahirwar,Tikamgarh,BALDEWGARH,"23080114106, GHSS  HATA",प्रतिभागी,शिक्षक
BD2386,Archana Agrawal,Tikamgarh,JATARA,"23080218810, GHSS EXC JATARA",प्रतिभागी,शिक्षक
BX3159,Mahendra Kumar Ahirwar,Tikamgarh,JATARA,"23080218810, GHSS EXC JATARA",प्रतिभागी,शिक्षक
CD6672,KAMAL DUBEY,Tikamgarh,JATARA,"23080218810, GHSS EXC JATARA",प्रतिभागी,शिक्षक
BD2017,Jagdish Prasad Kumhar,Tikamgarh,JATARA,"23080218811, GGHSS  JATARA",प्रतिभागी,शिक्षक
BD2162,Bhagwati Sahu,Tikamgarh,JATARA,"23080218811, GGHSS  JATARA",प्रतिभागी,शिक्षक
BX1897,Sarika Kshatriya,Tikamgarh,JATARA,"23080218811, GGHSS  JATARA",प्रतिभागी,शिक्षक
CE6972,CHANDRAKANT SAMELE,Tikamgarh,JATARA,"23080218811, GGHSS  JATARA",प्रतिभागी,शिक्षक
BS9123,Priyanka Jain,Tikamgarh,JATARA,"23080200906, GHSS BANDHA",प्रतिभागी,शिक्षक
BD2182,Ashok Kumar Balmik,Tikamgarh,JATARA,"23080215308, GHS BAIRWAR",प्रतिभागी,शिक्षक
BT7673,Bhumani Das Ahirwar,Tikamgarh,JATARA,"23080215308, GHS BAIRWAR",प्रतिभागी,शिक्षक
BX1900,Balram Vishwakarma,Tikamgarh,JATARA,"23080215308, GHS BAIRWAR",प्रतिभागी,शिक्षक
BX6613,Rajani Bala Jain,Tikamgarh,JATARA,"23080215308, GHS BAIRWAR",प्रतिभागी,शिक्षक
BX8906,Kamlesh Kumar Ahirwar,Tikamgarh,JATARA,"23080215308, GHS BAIRWAR",प्रतिभागी,शिक्षक
CC8048,ANIL TYAGI,Tikamgarh,JATARA,"23080202612, GHSS  MOHANGARH",प्रतिभागी,शिक्षक
BD1172,Ganesh Prasad Prajapati,Tikamgarh,JATARA,"23080217206, GGHSS  LIDHOURA",प्रतिभागी,शिक्षक
BD3020,Hariram Chaturvedi,Tikamgarh,JATARA,"23080217206, GGHSS  LIDHOURA",प्रतिभागी,शिक्षक
BD3143,Sanjay Kumar Jain,Tikamgarh,JATARA,"23080217206, GGHSS  LIDHOURA",प्रतिभागी,शिक्षक
BD4737,Akhlesh Kumar Saunakiya,Tikamgarh,JATARA,"23080217206, GGHSS  LIDHOURA",प्रतिभागी,शिक्षक
BD7443,Pravin Kumar Chaturvedi,Tikamgarh,JATARA,"23080217206, GGHSS  LIDHOURA",प्रतिभागी,शिक्षक
BU5525,Sitara Bano,Tikamgarh,JATARA,"23080217206, GGHSS  LIDHOURA",प्रतिभागी,शिक्षक
BZ7463,Mayank Dubey,Tikamgarh,JATARA,"23080217206, GGHSS  LIDHOURA",प्रतिभागी,शिक्षक
CB9791,MANISH GAUTAM,Tikamgarh,JATARA,"23080217206, GGHSS  LIDHOURA",प्रतिभागी,शिक्षक
CD5151,TRILOK JATAV,Tikamgarh,JATARA,"23080217206, GGHSS  LIDHOURA",प्रतिभागी,शिक्षक
CD7260,RAVI SHARMA,Tikamgarh,JATARA,"23080217206, GGHSS  LIDHOURA",प्रतिभागी,शिक्षक
BB1092,Dharmendra Singh Bundela,Tikamgarh,JATARA,"23080208006, GHSS BARMADANG",प्रतिभागी,शिक्षक
BD1744,Sangeeta Ahirwar,Tikamgarh,JATARA,"23080208006, GHSS BARMADANG",प्रतिभागी,शिक्षक
CB6882,MONIKA JAIN,Tikamgarh,JATARA,"23080208006, GHSS BARMADANG",प्रतिभागी,शिक्षक
BD1454,Rajeev Singh Bundela,Tikamgarh,JATARA,"23080212317, GHSS  CHANDERA",प्रतिभागी,शिक्षक
BD1476,Rekha Shukla,Tikamgarh,JATARA,"23080212317, GHSS  CHANDERA",प्रतिभागी,शिक्षक
CD5148,OPENDRA DHAKAR,Tikamgarh,JATARA,"23080212317, GHSS  CHANDERA",प्रतिभागी,शिक्षक
BC9927,Praval Kumar Singh,Tikamgarh,JATARA,"23080202109, GHSS ACHARRA",प्रतिभागी,शिक्षक
BO1979,Ghanshyam Das Raikwar,Tikamgarh,JATARA,"23080202109, GHSS ACHARRA",प्रतिभागी,शिक्षक
CD7930,S SAHU,Tikamgarh,JATARA,"23080202109, GHSS ACHARRA",प्रतिभागी,शिक्षक
BD6556,Mohammad Altaf,Tikamgarh,JATARA,"23080205807, GGMS GOR",प्रतिभागी,शिक्षक
BD1633,Rashid Khan,Tikamgarh,JATARA,"23080208920, GGHS DIGODA",प्रतिभागी,शिक्षक
BY2707,Mahesh Kumar Dixit,Tikamgarh,JATARA,"23080208920, GGHS DIGODA",प्रतिभागी,शिक्षक
BD4804,Chaturbhuj Ahirwar,Tikamgarh,PALERA,"23080407804, GHS TOURIYA",प्रतिभागी,शिक्षक
BX5075,Hari Shankar Sahu,Tikamgarh,PALERA,"23080407804, GHS TOURIYA",प्रतिभागी,शिक्षक
CD4775,BRAJESH KUMARI,Tikamgarh,PALERA,"23080407804, GHS TOURIYA",प्रतिभागी,शिक्षक
CE7111,HARISHANKAR PRAJAPATI,Tikamgarh,PALERA,"23080407804, GHS TOURIYA",प्रतिभागी,शिक्षक
BD2402,Ramkishor Prajapati,Tikamgarh,PALERA,"23080413628, GGHSS PALERA",प्रतिभागी,शिक्षक
BD4822,Sudha Gangele,Tikamgarh,PALERA,"23080413628, GGHSS PALERA",प्रतिभागी,शिक्षक
BR9323,Mahesh Khatik,Tikamgarh,PALERA,"23080413628, GGHSS PALERA",प्रतिभागी,शिक्षक
BY2165,Rani Raj Bala Singh,Tikamgarh,PALERA,"23080413628, GGHSS PALERA",प्रतिभागी,शिक्षक
BZ2321,suneel sahu,Tikamgarh,PALERA,"23080413628, GGHSS PALERA",प्रतिभागी,शिक्षक
BZ2324,Bhoopat Prajapati,Tikamgarh,PALERA,"23080413628, GGHSS PALERA",प्रतिभागी,शिक्षक
CD5224,KHUSHBOO TIWARI,Tikamgarh,PALERA,"23080413628, GGHSS PALERA",प्रतिभागी,शिक्षक
AH5825,Sanjay Kumar Varma,Tikamgarh,PALERA,"23080413629, GHSS MODEL PALERA",प्रतिभागी,शिक्षक
BD4928,Manjulata Tripathi,Tikamgarh,PALERA,"23080413629, GHSS MODEL PALERA",प्रतिभागी,शिक्षक
CB9438,ABHISHEK GANGELE,Tikamgarh,PALERA,"23080413629, GHSS MODEL PALERA",प्रतिभागी,शिक्षक
CD5215,PAWAN AHIRWAR,Tikamgarh,PALERA,"23080413629, GHSS MODEL PALERA",प्रतिभागी,शिक्षक
BD4588,Gore Lal Sounr,Tikamgarh,PALERA,"23080409104, GHS PALI",प्रतिभागी,शिक्षक
BD4665,Daud Ali,Tikamgarh,PALERA,"23080409104, GHS PALI",प्रतिभागी,सीएसी
BQ9046,Aneeta Sisodiya,Tikamgarh,PALERA,"23080409104, GHS PALI",प्रतिभागी,शिक्षक
BD3941,Ramesh Kumar Rusiya,Tikamgarh,PALERA,"23080407408, GHS KHAJRI",प्रतिभागी,शिक्षक
BD4976,Keshav Das Gupta,Tikamgarh,PALERA,"23080407408, GHS KHAJRI",प्रतिभागी,शिक्षक
BU4686,Santosh Kumar Ahirwar,Tikamgarh,PALERA,"23080407408, GHS KHAJRI",प्रतिभागी,शिक्षक
BX8892,Om Prakash Ahirwar,Tikamgarh,PALERA,"23080405510, GHSS BAMHORI KALAN",प्रतिभागी,शिक्षक
BD2238,Vijay Singh Parmar,Tikamgarh,PALERA,"23080403605, GHS SAGARWWARA",प्रतिभागी,शिक्षक
BD2384,Suresh Chandra Jain,Tikamgarh,PALERA,"23080403605, GHS SAGARWWARA",प्रतिभागी,शिक्षक
BD3055,Rekha Ahirwar,Tikamgarh,PALERA,"23080400808, GHSS KHARON",प्रतिभागी,शिक्षक
BD3077,Bal Makund Yadav,Tikamgarh,PALERA,"23080400808, GHSS KHARON",प्रतिभागी,शिक्षक
BD1414,Kaushal Shridhar,Tikamgarh,PALERA,"23080402406, GHS NUNA",प्रतिभागी,शिक्षक
BD2228,Gaurishankar Yadav,Tikamgarh,PALERA,"23080402406, GHS NUNA",प्रतिभागी,शिक्षक
CE3037,DILEEP KUMAR AHIRWAR,Tikamgarh,PALERA,"23080402406, GHS NUNA",प्रतिभागी,शिक्षक
BD2530,Har Prasad Rajpali,Tikamgarh,PALERA,"23080402604, GHSS SYAWANI",प्रतिभागी,शिक्षक
BD2533,Seema Verma,Tikamgarh,PALERA,"23080402604, GHSS SYAWANI",प्रतिभागी,शिक्षक
BX3758,Santosh Singh,Tikamgarh,PALERA,"23080402604, GHSS SYAWANI",प्रतिभागी,अन्य
CD5134,RAKESH AHIRWAR,Tikamgarh,PALERA,"23080402604, GHSS SYAWANI",प्रतिभागी,शिक्षक
CE3062,RISHABH KUMAR DIXIT,Tikamgarh,PALERA,"23080402604, GHSS SYAWANI",प्रतिभागी,शिक्षक
BS9726,Mohan Soni,Tikamgarh,TIKAMGARH,"23080608108, GHSS ASTON",प्रतिभागी,शिक्षक
BD6389,Rajeev Jain,Tikamgarh,TIKAMGARH,"23080617277, GHSS  NO. 2, TIKAMGARH",प्रतिभागी,शिक्षक
BD6435,Rakesh Kumar Mishra,Tikamgarh,TIKAMGARH,"23080617277, GHSS  NO. 2, TIKAMGARH",प्रतिभागी,शिक्षक
BD6941,Juveda Khatoon,Tikamgarh,TIKAMGARH,"23080617276, GGHSS  TIKAMGARH",प्रतिभागी,शिक्षक
BD6631,Alma Rosh Tirkey,Tikamgarh,TIKAMGARH,"23080617274, GHS TIKAMGARH SB",प्रतिभागी,शिक्षक
BU3355,Kajal Sultana,Tikamgarh,TIKAMGARH,"23080617274, GHS TIKAMGARH SB",प्रतिभागी,शिक्षक
BV7937,Sameem Ahamad Khan,Tikamgarh,TIKAMGARH,"23080617274, GHS TIKAMGARH SB",प्रतिभागी,शिक्षक
BV9867,Ramswarup Joshi,Tikamgarh,TIKAMGARH,"23080617274, GHS TIKAMGARH SB",प्रतिभागी,शिक्षक
CC1072,RAJNANDINI AHIRWAR,Tikamgarh,TIKAMGARH,"23080617274, GHS TIKAMGARH SB",प्रतिभागी,शिक्षक
AL5053,Arbind Kumar Rawat,Tikamgarh,TIKAMGARH,"23080600307, GHS HERA NAGAR",प्रतिभागी,शिक्षक
AY5798,Sadhna Shukla,Tikamgarh,TIKAMGARH,"23080600307, GHS HERA NAGAR",प्रतिभागी,शिक्षक
BD1722,Jagdeesh Prasad Soni,Tikamgarh,TIKAMGARH,"23080600307, GHS HERA NAGAR",प्रतिभागी,शिक्षक
BD5561,Yasmeen Akhtar,Tikamgarh,TIKAMGARH,"23080600307, GHS HERA NAGAR",प्रतिभागी,शिक्षक
BD6391,Sushma Litoriya,Tikamgarh,TIKAMGARH,"23080600307, GHS HERA NAGAR",प्रतिभागी,शिक्षक
BD6629,Shameem Bano,Tikamgarh,TIKAMGARH,"23080600307, GHS HERA NAGAR",प्रतिभागी,शिक्षक
BD6632,Anand Minj,Tikamgarh,TIKAMGARH,"23080600307, GHS HERA NAGAR",प्रतिभागी,शिक्षक
BD6653,Devendra Kumar Jain,Tikamgarh,TIKAMGARH,"23080600307, GHS HERA NAGAR",प्रतिभागी,शिक्षक
BQ1939,Priti Verma,Tikamgarh,TIKAMGARH,"23080600307, GHS HERA NAGAR",प्रतिभागी,शिक्षक
BS4170,Priti Pateriya,Tikamgarh,TIKAMGARH,"23080600307, GHS HERA NAGAR",प्रतिभागी,शिक्षक
BS9622,Shilpa Jha,Tikamgarh,TIKAMGARH,"23080600307, GHS HERA NAGAR",प्रतिभागी,शिक्षक
BY3793,Manorama Shivhare,Tikamgarh,TIKAMGARH,"23080600307, GHS HERA NAGAR",प्रतिभागी,शिक्षक
BZ2991,Deepak Kumar Pathak,Tikamgarh,TIKAMGARH,"23080600307, GHS HERA NAGAR",प्रतिभागी,शिक्षक
CB7854,JAGDISH KUMHAR,Tikamgarh,TIKAMGARH,"23080600307, GHS HERA NAGAR",प्रतिभागी,शिक्षक
CC1073,UMASHANKAR AHIRWAR,Tikamgarh,TIKAMGARH,"23080600307, GHS HERA NAGAR",प्रतिभागी,सीएसी
BY2754,Alok Shukla,Tikamgarh,TIKAMGARH,"23080603914, GHSS  MABAI",प्रतिभागी,शिक्षक
BD6486,Rakesh Kumar Raikwar,Tikamgarh,TIKAMGARH,"23080608610, GHSS  PATHA",प्रतिभागी,शिक्षक
AH6098,Rukmani Jaiwar,Tikamgarh,TIKAMGARH,"23080610304, GHS AJNOR",प्रतिभागी,शिक्षक
BD2375,Amar Sharma,Tikamgarh,TIKAMGARH,"23080610304, GHS AJNOR",प्रतिभागी,शिक्षक
BD6814,Ramlal Dheemar,Tikamgarh,TIKAMGARH,"23080610304, GHS AJNOR",प्रतिभागी,शिक्षक
BS8544,Pragi Prajapati,Tikamgarh,TIKAMGARH,"23080610304, GHS AJNOR",प्रतिभागी,शिक्षक
BS9624,Sanjay Kumar Jain,Tikamgarh,TIKAMGARH,"23080610304, GHS AJNOR",प्रतिभागी,शिक्षक
BV8520,Devendra Singh Niranjan,Tikamgarh,TIKAMGARH,"23080620015, GHSS  BADAGAON",प्रतिभागी,शिक्षक
BX9639,Mukesh Jain,Tikamgarh,TIKAMGARH,"23080620015, GHSS  BADAGAON",प्रतिभागी,शिक्षक
AF6061,Asharam Yadav,Tikamgarh,TIKAMGARH,"23080611212, GHSS  LAR BANJARIYA",प्रतिभागी,शिक्षक
BU5765,Rajeev Kumar Mishra,Tikamgarh,TIKAMGARH,"23080611212, GHSS  LAR BANJARIYA",प्रतिभागी,शिक्षक
BD2744,Bhaiyalal Ahirwar,Tikamgarh,TIKAMGARH,"23080611508, GHSS  BUDERA",प्रतिभागी,शिक्षक
BD2926,Naval Kishor Pandey,Tikamgarh,TIKAMGARH,"23080611508, GHSS  BUDERA",प्रतिभागी,शिक्षक
BU2428,Rajendra Kumar Shrivastava,Tikamgarh,TIKAMGARH,"23080611508, GHSS  BUDERA",प्रतिभागी,शिक्षक
BX2407,Pushpendra Yadav,Tikamgarh,TIKAMGARH,"23080611508, GHSS  BUDERA",प्रतिभागी,शिक्षक
BX7248,Anjana Pateriya,Tikamgarh,TIKAMGARH,"23080611508, GHSS  BUDERA",प्रतिभागी,शिक्षक
BX7711,Vivek Pastor,Tikamgarh,TIKAMGARH,"23080611508, GHSS  BUDERA",प्रतिभागी,शिक्षक
BD8252,Atmaram Gehlot,Ujjain,BARNAGAR,"23210302509, HSS RUNIJA",प्रतिभागी,शिक्षक
BW3196,Preetee Parasiya,Ujjain,BARNAGAR,"23210302509, HSS RUNIJA",प्रतिभागी,शिक्षक
BW9118,Deepak Kumar Chouhan,Ujjain,BARNAGAR,"23210302509, HSS RUNIJA",प्रतिभागी,शिक्षक
BD8597,Gurjeet Kaur Saluja,Ujjain,BARNAGAR,"23210309111, HSS BHAT PACHLANA",प्रतिभागी,शिक्षक
BU2074,Devi Lal Sharma,Ujjain,BARNAGAR,"23210309111, HSS BHAT PACHLANA",प्रतिभागी,शिक्षक
CD2193,RANJANA CHOUDHARY,Ujjain,BARNAGAR,"23210309111, HSS BHAT PACHLANA",प्रतिभागी,शिक्षक
BD7742,Govindram Rathore,Ujjain,BARNAGAR,"23210301216, HSS KHARSOD KALA",प्रतिभागी,शिक्षक
BE1945,Radheshyam Rathore,Ujjain,BARNAGAR,"23210301216, HSS KHARSOD KALA",प्रतिभागी,शिक्षक
CC9868,RISHI BAIS,Ujjain,BARNAGAR,"23210301216, HSS KHARSOD KALA",प्रतिभागी,शिक्षक
CD2147,SUNIL KUMAR,Ujjain,BARNAGAR,"23210301216, HSS KHARSOD KALA",प्रतिभागी,शिक्षक
BD7827,Kalusingh Dabi,Ujjain,BARNAGAR,"23210324701, HSS EX BADNAGAR",प्रतिभागी,शिक्षक
BD8081,Hitesh Kumar Soni,Ujjain,BARNAGAR,"23210324701, HSS EX BADNAGAR",प्रतिभागी,शिक्षक
BD8434,Ajay Singh Dev,Ujjain,BARNAGAR,"23210324701, HSS EX BADNAGAR",प्रतिभागी,शिक्षक
BV5983,Narendra Joshi,Ujjain,BARNAGAR,"23210324701, HSS EX BADNAGAR",प्रतिभागी,शिक्षक
BD7755,Bhagwan Singh,Ujjain,BARNAGAR,"23210324601, HSS GIRLS BADNAGAR",प्रतिभागी,शिक्षक
BD8462,Vinita Upadhyay,Ujjain,BARNAGAR,"23210324601, HSS GIRLS BADNAGAR",प्रतिभागी,शिक्षक
BQ3166,Pramod Vyas,Ujjain,BARNAGAR,"23210324601, HSS GIRLS BADNAGAR",प्रतिभागी,शिक्षक
BU1651,Laxmi Damahe,Ujjain,BARNAGAR,"23210324601, HSS GIRLS BADNAGAR",प्रतिभागी,शिक्षक
BD7760,Bahadur Parmar,Ujjain,BARNAGAR,"23210306511, HSS LOHANA",प्रतिभागी,शिक्षक
BD8336,Gyarsi Solanki,Ujjain,BARNAGAR,"23210306511, HSS LOHANA",प्रतिभागी,शिक्षक
BD8424,Radheshyam Rathor,Ujjain,BARNAGAR,"23210305811, HSS KHARSOD KHURD",प्रतिभागी,शिक्षक
BD8445,Mahendra Singh Yadav,Ujjain,BARNAGAR,"23210305811, HSS KHARSOD KHURD",प्रतिभागी,शिक्षक
BD8588,Priya Sharivastava,Ujjain,BARNAGAR,"23210305811, HSS KHARSOD KHURD",प्रतिभागी,शिक्षक
BD9766,Rajendra Kumar Rathore,Ujjain,BARNAGAR,"23210315011, HSS INGORIYA",प्रतिभागी,शिक्षक
BE5973,Gayatri Jarwal,Ujjain,BARNAGAR,"23210315011, HSS INGORIYA",प्रतिभागी,शिक्षक
BV7798,Jai Shri Nigam,Ujjain,BARNAGAR,"23210315011, HSS INGORIYA",प्रतिभागी,शिक्षक
BD8538,Jeevan Kumar Masih,Ujjain,BARNAGAR,"23210307112, HSS BALEDI",प्रतिभागी,शिक्षक
BE4632,Krishna Kumar,Ujjain,BARNAGAR,"23210307112, HSS BALEDI",प्रतिभागी,शिक्षक
BW5144,Mukesh Sukwaya,Ujjain,BARNAGAR,"23210307112, HSS BALEDI",प्रतिभागी,शिक्षक
BY1343,Varsha Malusare,Ujjain,BARNAGAR,"23210307112, HSS BALEDI",प्रतिभागी,शिक्षक
BD7719,Nain Singh,Ujjain,BARNAGAR,"23210313814, HSS JAHANGEER PUR",प्रतिभागी,शिक्षक
BD7729,Govindram Patidar,Ujjain,BARNAGAR,"23210313814, HSS JAHANGEER PUR",प्रतिभागी,शिक्षक
BD7731,Shobha Bhatia,Ujjain,BARNAGAR,"23210313814, HSS JAHANGEER PUR",प्रतिभागी,शिक्षक
BD9357,Shikha Nimje,Ujjain,BARNAGAR,"23210313814, HSS JAHANGEER PUR",प्रतिभागी,शिक्षक
BA2774,Gotam Lal Pipalaj,Ujjain,GHATTIA,"23210201127, HSS EX. GHATIYA",प्रतिभागी,शिक्षक
BE1005,Kamini Badgotya,Ujjain,GHATTIA,"23210201127, HSS EX. GHATIYA",प्रतिभागी,शिक्षक
BE2803,Bharti Saxena,Ujjain,GHATTIA,"23210201127, HSS EX. GHATIYA",प्रतिभागी,शिक्षक
BV5553,Gajraj Singh Makwana,Ujjain,GHATTIA,"23210201127, HSS EX. GHATIYA",प्रतिभागी,शिक्षक
BD9849,Kamal Kumar Baloniya,Ujjain,GHATTIA,"23210202518, HSS BICHHROD",प्रतिभागी,शिक्षक
BE4665,Sunil Patidar,Ujjain,GHATTIA,"23210202518, HSS BICHHROD",प्रतिभागी,शिक्षक
BW9096,Shailendra Rathod,Ujjain,GHATTIA,"23210202518, HSS BICHHROD",प्रतिभागी,शिक्षक
BD9449,Chanda Chawda,Ujjain,GHATTIA,"23210208107, HS JAITHAL",प्रतिभागी,शिक्षक
BD9689,Santosh Chouhan,Ujjain,GHATTIA,"23210208107, HS JAITHAL",प्रतिभागी,शिक्षक
BD9862,Mahendra Singh Rajput,Ujjain,GHATTIA,"23210208107, HS JAITHAL",प्रतिभागी,शिक्षक
BE4147,Sangeeta Saxena,Ujjain,GHATTIA,"23210208107, HS JAITHAL",प्रतिभागी,शिक्षक
BN4057,Neha Shrivastava,Ujjain,GHATTIA,"23210208107, HS JAITHAL",प्रतिभागी,शिक्षक
AB9352,Sarita Mahobia,Ujjain,GHATTIA,"23210205120, HSS PAN BIHAR",प्रतिभागी,शिक्षक
BD8963,Mahendrasingh Rathore,Ujjain,GHATTIA,"23210205120, HSS PAN BIHAR",प्रतिभागी,शिक्षक
BD9566,Alka Gargava,Ujjain,GHATTIA,"23210205120, HSS PAN BIHAR",प्रतिभागी,शिक्षक
BD9571,Zahin Ahmed,Ujjain,GHATTIA,"23210205120, HSS PAN BIHAR",प्रतिभागी,शिक्षक
BD9850,Mukesh Sharma,Ujjain,GHATTIA,"23210205120, HSS PAN BIHAR",प्रतिभागी,शिक्षक
BD9856,Bharat Kumar Kumawat,Ujjain,GHATTIA,"23210205120, HSS PAN BIHAR",प्रतिभागी,शिक्षक
BE5060,Ranchhod Lal Sharma,Ujjain,GHATTIA,"23210205120, HSS PAN BIHAR",प्रतिभागी,शिक्षक
BE5667,Jujhar Singh Chouhan,Ujjain,GHATTIA,"23210205120, HSS PAN BIHAR",प्रतिभागी,शिक्षक
BQ6682,Mamta Vagadre,Ujjain,GHATTIA,"23210205120, HSS PAN BIHAR",प्रतिभागी,शिक्षक
BS1903,Sangeeta Sharma,Ujjain,GHATTIA,"23210205120, HSS PAN BIHAR",प्रतिभागी,शिक्षक
AQ5110,Chandrashekhar Vyas,Ujjain,GHATTIA,"23210211106, HS RUI",प्रतिभागी,शिक्षक
BD9109,Prachi Lokhande,Ujjain,GHATTIA,"23210211106, HS RUI",प्रतिभागी,शिक्षक
BD9575,Rajaram Patel,Ujjain,GHATTIA,"23210211106, HS RUI",प्रतिभागी,शिक्षक
BE5672,Sulbha Verma,Ujjain,GHATTIA,"23210211106, HS RUI",प्रतिभागी,शिक्षक
BU7964,Pooja Patidar,Ujjain,GHATTIA,"23210211106, HS RUI",प्रतिभागी,शिक्षक
AM5392,Samta Jain,Ujjain,GHATTIA,"23210212508, HS AMBODIYA",प्रतिभागी,शिक्षक
BD8786,Kusum Pancholi,Ujjain,GHATTIA,"23210212508, HS AMBODIYA",प्रतिभागी,शिक्षक
BD9559,Nisha Gupta,Ujjain,GHATTIA,"23210212508, HS AMBODIYA",प्रतिभागी,शिक्षक
BQ6942,Yogendra Kumar Kanungo,Ujjain,GHATTIA,"23210212508, HS AMBODIYA",प्रतिभागी,शिक्षक
BZ7445,Santosh Kumar,Ujjain,GHATTIA,"23210212508, HS AMBODIYA",प्रतिभागी,शिक्षक
BE1424,Anil Kumar Toppo,Ujjain,KHACHROD,"23210424802, HSS EX KHACHROD",प्रतिभागी,शिक्षक
BE1522,Kafil Ahmed,Ujjain,KHACHROD,"23210424802, HSS EX KHACHROD",प्रतिभागी,शिक्षक
BE1621,Premlata Upadhayay,Ujjain,KHACHROD,"23210424802, HSS EX KHACHROD",प्रतिभागी,शिक्षक
BE1838,Kailash Chandra Patidar,Ujjain,KHACHROD,"23210424802, HSS EX KHACHROD",प्रतिभागी,शिक्षक
BE3179,Sunita Soni,Ujjain,KHACHROD,"23210424802, HSS EX KHACHROD",प्रतिभागी,शिक्षक
BE5169,Shalu Patidar,Ujjain,KHACHROD,"23210424802, HSS EX KHACHROD",प्रतिभागी,शिक्षक
CD4902,ADITI GOND,Ujjain,KHACHROD,"23210424802, HSS EX KHACHROD",प्रतिभागी,शिक्षक
BE1371,Bherulal Maheshwari,Ujjain,KHACHROD,"23210424803, HSS GIRLS ADARSH KHACHROD",प्रतिभागी,शिक्षक
BE1437,Narayan Parihar,Ujjain,KHACHROD,"23210424803, HSS GIRLS ADARSH KHACHROD",प्रतिभागी,शिक्षक
BE1580,Vijendra Singh Songara,Ujjain,KHACHROD,"23210424803, HSS GIRLS ADARSH KHACHROD",प्रतिभागी,शिक्षक
BE1691,Girdhari Lal Chouhan,Ujjain,KHACHROD,"23210424803, HSS GIRLS ADARSH KHACHROD",प्रतिभागी,शिक्षक
BE1791,Ramlal Choudhary,Ujjain,KHACHROD,"23210424803, HSS GIRLS ADARSH KHACHROD",प्रतिभागी,शिक्षक
BQ3642,Sadashiv Sagitra,Ujjain,KHACHROD,"23210424803, HSS GIRLS ADARSH KHACHROD",प्रतिभागी,शिक्षक
BR5418,Ratan Patankar,Ujjain,KHACHROD,"23210424803, HSS GIRLS ADARSH KHACHROD",प्रतिभागी,शिक्षक
BU6205,Avadh Kishore Bamta,Ujjain,KHACHROD,"23210424803, HSS GIRLS ADARSH KHACHROD",प्रतिभागी,शिक्षक
BY5355,Gopal Singh,Ujjain,KHACHROD,"23210424803, HSS GIRLS ADARSH KHACHROD",प्रतिभागी,शिक्षक
BE1351,Vipin Kumar Navalakha,Ujjain,KHACHROD,"23210402709, HSS MADAWADA",प्रतिभागी,शिक्षक
BE1382,Omprakash Nimbola,Ujjain,KHACHROD,"23210402709, HSS MADAWADA",प्रतिभागी,शिक्षक
BE1386,Narsingh Solanki,Ujjain,KHACHROD,"23210402709, HSS MADAWADA",प्रतिभागी,शिक्षक
BE1751,Khubchand Lohar,Ujjain,KHACHROD,"23210402709, HSS MADAWADA",प्रतिभागी,शिक्षक
BE1873,Jyoti Girwal,Ujjain,KHACHROD,"23210402709, HSS MADAWADA",प्रतिभागी,शिक्षक
BE1436,Babulal Goyal,Ujjain,KHACHROD,"23210407605, HSS RUN KHEDA",प्रतिभागी,शिक्षक
BE1452,Ramchandra Goyal,Ujjain,KHACHROD,"23210407605, HSS RUN KHEDA",प्रतिभागी,शिक्षक
BE1713,Klement Lakra,Ujjain,KHACHROD,"23210407605, HSS RUN KHEDA",प्रतिभागी,शिक्षक
BE1827,Pradeep Kumar Sharma,Ujjain,KHACHROD,"23210407605, HSS RUN KHEDA",प्रतिभागी,शिक्षक
BE1311,Tulsiram Chhanta,Ujjain,KHACHROD,"23210405411, HSS GHINODA",प्रतिभागी,शिक्षक
BE1397,Digvijay Singh,Ujjain,KHACHROD,"23210405411, HSS GHINODA",प्रतिभागी,शिक्षक
BE1789,Ramkishan Nayma,Ujjain,KHACHROD,"23210405411, HSS GHINODA",प्रतिभागी,शिक्षक
BR5252,Bharatsingh Sabliya,Ujjain,KHACHROD,"23210405411, HSS GHINODA",प्रतिभागी,शिक्षक
BU4729,Pushpendra Singh Chouhan,Ujjain,KHACHROD,"23210405411, HSS GHINODA",प्रतिभागी,शिक्षक
BY9964,Shahid Khan,Ujjain,KHACHROD,"23210405411, HSS GHINODA",प्रतिभागी,शिक्षक
BE1670,Kanheyalal Bamboriya,Ujjain,KHACHROD,"23210409605, HSS AKYA JAGEER",प्रतिभागी,शिक्षक
BE1683,Nirbhay Ram Atoliya,Ujjain,KHACHROD,"23210409605, HSS AKYA JAGEER",प्रतिभागी,शिक्षक
BY8146,Kamal Kant Sharma,Ujjain,KHACHROD,"23210409605, HSS AKYA JAGEER",प्रतिभागी,शिक्षक
BE1574,Ishwar Singh Chouhan,Ujjain,KHACHROD,"23210411206, HSS BERCHHA",प्रतिभागी,शिक्षक
BE3275,Rekha Yadav,Ujjain,KHACHROD,"23210411206, HSS BERCHHA",प्रतिभागी,शिक्षक
BE3276,Chandra Shekhar Joshi,Ujjain,KHACHROD,"23210411206, HSS BERCHHA",प्रतिभागी,शिक्षक
BE3514,Jagdish Chandra Sagtra,Ujjain,KHACHROD,"23210411206, HSS BERCHHA",प्रतिभागी,शिक्षक
BE3518,Sharad Chandra,Ujjain,KHACHROD,"23210411206, HSS BERCHHA",प्रतिभागी,शिक्षक
BJ7044,Arpana Maroo,Ujjain,KHACHROD,"23210411206, HSS BERCHHA",प्रतिभागी,शिक्षक
BE1703,Saroj Toppo,Ujjain,KHACHROD,"23210430902, HSS BOYS NAGDA",प्रतिभागी,शिक्षक
BE1837,Dariyav Singh,Ujjain,KHACHROD,"23210430902, HSS BOYS NAGDA",प्रतिभागी,शिक्षक
BE3496,Kiran Bhawsar,Ujjain,KHACHROD,"23210430902, HSS BOYS NAGDA",प्रतिभागी,शिक्षक
BE5817,Karan Sing Goud,Ujjain,KHACHROD,"23210430902, HSS BOYS NAGDA",प्रतिभागी,सीएसी
BV5349,Saroj Singh,Ujjain,KHACHROD,"23210430902, HSS BOYS NAGDA",प्रतिभागी,शिक्षक
CD5270,NISHA RATHOR,Ujjain,KHACHROD,"23210430902, HSS BOYS NAGDA",प्रतिभागी,शिक्षक
BE3183,SANJAY ARORA,Ujjain,KHACHROD,"23210430903, HSS GIRLS NAGDA",प्रतिभागी,शिक्षक
BE3279,Kailash Malviya,Ujjain,KHACHROD,"23210430903, HSS GIRLS NAGDA",प्रतिभागी,शिक्षक
BE3432,Jagdish Chandr Parmar,Ujjain,KHACHROD,"23210430903, HSS GIRLS NAGDA",प्रतिभागी,शिक्षक
BE3522,Meharban Varma,Ujjain,KHACHROD,"23210430903, HSS GIRLS NAGDA",प्रतिभागी,शिक्षक
BU6982,Vijay Prajapat,Ujjain,KHACHROD,"23210430903, HSS GIRLS NAGDA",प्रतिभागी,शिक्षक
BD9710,Neelamlata Bhaisare,Ujjain,KHACHROD,"23210418823, HSS BOYS UNHEL",प्रतिभागी,शिक्षक
BE5670,Suresh Parmar,Ujjain,KHACHROD,"23210418823, HSS BOYS UNHEL",प्रतिभागी,शिक्षक
BE5673,Anita Mourya,Ujjain,KHACHROD,"23210418823, HSS BOYS UNHEL",प्रतिभागी,शिक्षक
BE5691,Bhalchandra Vipat,Ujjain,KHACHROD,"23210418823, HSS BOYS UNHEL",प्रतिभागी,शिक्षक
BE5717,Rajesh Kumar Bairagi,Ujjain,KHACHROD,"23210418823, HSS BOYS UNHEL",प्रतिभागी,शिक्षक
BE5813,Sohan Singh,Ujjain,KHACHROD,"23210418823, HSS BOYS UNHEL",प्रतिभागी,शिक्षक
BE5832,Anju Sharma,Ujjain,KHACHROD,"23210418823, HSS BOYS UNHEL",प्रतिभागी,शिक्षक
BE5876,Tolaram Gujarati,Ujjain,KHACHROD,"23210418823, HSS BOYS UNHEL",प्रतिभागी,शिक्षक
BY1320,Ishwar Lal Gujrati,Ujjain,KHACHROD,"23210418823, HSS BOYS UNHEL",प्रतिभागी,शिक्षक
BE3190,Ashok Gour,Ujjain,KHACHROD,"23210418824, HSS GIRLS UNHEL",प्रतिभागी,शिक्षक
BE5689,Omprakash Nandeda,Ujjain,KHACHROD,"23210418824, HSS GIRLS UNHEL",प्रतिभागी,शिक्षक
BE5802,Shankarlal Patel,Ujjain,KHACHROD,"23210418824, HSS GIRLS UNHEL",प्रतिभागी,शिक्षक
BE5803,Bherulal Panchal,Ujjain,KHACHROD,"23210418824, HSS GIRLS UNHEL",प्रतिभागी,शिक्षक
BE5809,Badrilal Panchal,Ujjain,KHACHROD,"23210418824, HSS GIRLS UNHEL",प्रतिभागी,शिक्षक
BE5842,Usha Soni,Ujjain,KHACHROD,"23210418824, HSS GIRLS UNHEL",प्रतिभागी,शिक्षक
BQ9388,Rajesh Sethiya,Ujjain,KHACHROD,"23210418824, HSS GIRLS UNHEL",प्रतिभागी,शिक्षक
BX6965,NANDKISHOR WAKTALIYA,Ujjain,KHACHROD,"23210418824, HSS GIRLS UNHEL",प्रतिभागी,शिक्षक
BE5742,Nandaram Madariya,Ujjain,KHACHROD,"23210420508, HSS BEDAVAN",प्रतिभागी,शिक्षक
BE5847,Govind Singh Devda,Ujjain,KHACHROD,"23210420508, HSS BEDAVAN",प्रतिभागी,शिक्षक
BD9929,Ritu Soni,Ujjain,MAHIDPUR,"23210613613, HSS JHARDA",प्रतिभागी,शिक्षक
BD9958,Raghavendr Kumar Varshi,Ujjain,MAHIDPUR,"23210613613, HSS JHARDA",प्रतिभागी,शिक्षक
BM8972,Vinod Kumar,Ujjain,MAHIDPUR,"23210613613, HSS JHARDA",प्रतिभागी,शिक्षक
BU2222,Mujahid Husain Nagori,Ujjain,MAHIDPUR,"23210613613, HSS JHARDA",प्रतिभागी,शिक्षक
CC4757,SHRADDHA VISHWAKARMA,Ujjain,MAHIDPUR,"23210613613, HSS JHARDA",प्रतिभागी,शिक्षक
BD9986,Karan Singh,Ujjain,MAHIDPUR,"23210615707, HS RANAYRAPEER",प्रतिभागी,शिक्षक
BE1080,Bhanupratap Dhore,Ujjain,MAHIDPUR,"23210615707, HS RANAYRAPEER",प्रतिभागी,शिक्षक
BE2861,Subhash Chandra,Ujjain,MAHIDPUR,"23210615707, HS RANAYRAPEER",प्रतिभागी,शिक्षक
BE1055,Govind VISHWAKARMA,Ujjain,MAHIDPUR,"23210616905, HSS INDOUKH",प्रतिभागी,शिक्षक
BE1963,Rajkumari Panwar,Ujjain,MAHIDPUR,"23210606908, HSS KHEDA KHAJURIYA",प्रतिभागी,शिक्षक
BJ9577,Shahid Hussain Nagori,Ujjain,MAHIDPUR,"23210606908, HSS KHEDA KHAJURIYA",प्रतिभागी,शिक्षक
BV7808,Anita Trivedi,Ujjain,MAHIDPUR,"23210606908, HSS KHEDA KHAJURIYA",प्रतिभागी,शिक्षक
CB2979,GOKUL CHOUHAN,Ujjain,MAHIDPUR,"23210606908, HSS KHEDA KHAJURIYA",प्रतिभागी,शिक्षक
CC2561,RAHUL CHOUHAN,Ujjain,MAHIDPUR,"23210606908, HSS KHEDA KHAJURIYA",प्रतिभागी,शिक्षक
CE4104,RACHNA SHAKYA,Ujjain,MAHIDPUR,"23210606908, HSS KHEDA KHAJURIYA",प्रतिभागी,शिक्षक
BJ9578,Jyoti Soni,Ujjain,MAHIDPUR,"23210610611, HSS GHONSLA",प्रतिभागी,शिक्षक
BT6436,Sushma Singh,Ujjain,MAHIDPUR,"23210610611, HSS GHONSLA",प्रतिभागी,शिक्षक
BE2600,Gordhan Lal,Ujjain,MAHIDPUR,"23210612005, HSS KHEDA KASON",प्रतिभागी,शिक्षक
BE2822,Devilal Gurjarwadiya,Ujjain,MAHIDPUR,"23210600179, HSS MAHIDPUR ROAD",प्रतिभागी,शिक्षक
BE2980,Navin Chandra Rathore,Ujjain,MAHIDPUR,"23210600179, HSS MAHIDPUR ROAD",प्रतिभागी,शिक्षक
BE3132,Kanchan Chouhan,Ujjain,MAHIDPUR,"23210600179, HSS MAHIDPUR ROAD",प्रतिभागी,शिक्षक
BE5032,Ganpatlal Sharma,Ujjain,MAHIDPUR,"23210600179, HSS MAHIDPUR ROAD",प्रतिभागी,शिक्षक
CB2250,MONIKA DEVDA,Ujjain,MAHIDPUR,"23210600179, HSS MAHIDPUR ROAD",प्रतिभागी,शिक्षक
BE1380,Rakhi Uthra,Ujjain,MAHIDPUR,"23210600177, HSS GIRLS  MAHIDPUR",प्रतिभागी,शिक्षक
BE2793,Kalindi Tiwari,Ujjain,MAHIDPUR,"23210600177, HSS GIRLS  MAHIDPUR",प्रतिभागी,शिक्षक
BE2977,Suraj Singh Chouhan,Ujjain,MAHIDPUR,"23210600177, HSS GIRLS  MAHIDPUR",प्रतिभागी,शिक्षक
BJ9492,Prakash Makwana,Ujjain,MAHIDPUR,"23210600177, HSS GIRLS  MAHIDPUR",प्रतिभागी,शिक्षक
BJ9471,Babulal Asodiya,Ujjain,MAHIDPUR,"23210604104, HSS NARAYANA",प्रतिभागी,शिक्षक
BR4128,Sunita Davre,Ujjain,MAHIDPUR,"23210604104, HSS NARAYANA",प्रतिभागी,शिक्षक
BW3075,Azhar Uddin,Ujjain,MAHIDPUR,"23210604104, HSS NARAYANA",प्रतिभागी,शिक्षक
CD5013,SUNIL DHANUK,Ujjain,MAHIDPUR,"23210604104, HSS NARAYANA",प्रतिभागी,शिक्षक
BE1964,Vijay Kumar Pandya,Ujjain,MAHIDPUR,"23210600176, HSS EX. YASHWANT MAHIDPUR",प्रतिभागी,शिक्षक
BE2598,Jaya Patni,Ujjain,MAHIDPUR,"23210600176, HSS EX. YASHWANT MAHIDPUR",प्रतिभागी,शिक्षक
BE2791,Abdul Hamid Nagori,Ujjain,MAHIDPUR,"23210600176, HSS EX. YASHWANT MAHIDPUR",प्रतिभागी,शिक्षक
BJ9335,Shaikh Nasir Mohmmed,Ujjain,MAHIDPUR,"23210600176, HSS EX. YASHWANT MAHIDPUR",प्रतिभागी,शिक्षक
BW7989,Tarun Kumar Modak,Ujjain,MAHIDPUR,"23210600176, HSS EX. YASHWANT MAHIDPUR",प्रतिभागी,शिक्षक
CC9096,GOKUL GHUNGHRWAL,Ujjain,MAHIDPUR,"23210600176, HSS EX. YASHWANT MAHIDPUR",प्रतिभागी,शिक्षक
BE5346,Ambaram Malviya,Ujjain,TARANA,"23210500711, HSS DHABLA HARDU",प्रतिभागी,शिक्षक
BH2178,Rajendra Kumawat,Ujjain,TARANA,"23210500711, HSS DHABLA HARDU",प्रतिभागी,शिक्षक
CB3390,RADHIKA VASKLE,Ujjain,TARANA,"23210500711, HSS DHABLA HARDU",प्रतिभागी,शिक्षक
BD9927,Manoj Kumar Gami,Ujjain,TARANA,"23210501824, HSS RAVINDRA MAKDONE",प्रतिभागी,शिक्षक
BE5281,Dayaram Choudhary,Ujjain,TARANA,"23210501824, HSS RAVINDRA MAKDONE",प्रतिभागी,शिक्षक
BX6359,Dayaram Songara,Ujjain,TARANA,"23210501824, HSS RAVINDRA MAKDONE",प्रतिभागी,शिक्षक
BE5177,Shankar Singh Chandana,Ujjain,TARANA,"23210504714, HS KADODIYA",प्रतिभागी,शिक्षक
BS3906,Reena Sharma,Ujjain,TARANA,"23210504714, HS KADODIYA",प्रतिभागी,शिक्षक
BS4993,Harish Kadam,Ujjain,TARANA,"23210504714, HS KADODIYA",प्रतिभागी,शिक्षक
CB3386,RAVINDRA KUMAR PATIDAR,Ujjain,TARANA,"23210504714, HS KADODIYA",प्रतिभागी,शिक्षक
BE4965,Bharat Singh Pandya,Ujjain,TARANA,"23210508112, HS RUPA KHEDI",प्रतिभागी,शिक्षक
BE5285,Kanhaiya Lal Panwar,Ujjain,TARANA,"23210508112, HS RUPA KHEDI",प्रतिभागी,शिक्षक
BE5287,Nahar Singh,Ujjain,TARANA,"23210508112, HS RUPA KHEDI",प्रतिभागी,शिक्षक
BJ9662,Neelamber Vaishnav,Ujjain,TARANA,"23210508112, HS RUPA KHEDI",प्रतिभागी,शिक्षक
CA8592,RAJESH MALVIYA,Ujjain,TARANA,"23210508112, HS RUPA KHEDI",प्रतिभागी,शिक्षक
BE5239,Karan Singh,Ujjain,TARANA,"23210507110, HSS NANDED",प्रतिभागी,शिक्षक
BE5378,Anita Choursiya,Ujjain,TARANA,"23210507110, HSS NANDED",प्रतिभागी,शिक्षक
AN1046,Mansimgh Patel,Ujjain,TARANA,"23210509311, HSS KACHNARIYA",प्रतिभागी,शिक्षक
BE4663,Rajesh Patidar,Ujjain,TARANA,"23210509311, HSS KACHNARIYA",प्रतिभागी,शिक्षक
BE4684,Balusingh Mandor,Ujjain,TARANA,"23210509311, HSS KACHNARIYA",प्रतिभागी,शिक्षक
BU4851,Vinod Kumar,Ujjain,TARANA,"23210509311, HSS KACHNARIYA",प्रतिभागी,शिक्षक
BV7846,Santosh Kumar Kachawana,Ujjain,TARANA,"23210509311, HSS KACHNARIYA",प्रतिभागी,शिक्षक
BE4783,Baboo Lal Solanki,Ujjain,TARANA,"23210512178, HSS EXCELLENCE BOYS TARANA",प्रतिभागी,शिक्षक
BE4896,Ramnath Singh Tomar,Ujjain,TARANA,"23210512178, HSS EXCELLENCE BOYS TARANA",प्रतिभागी,शिक्षक
BE5069,Dule Singh Chouhan,Ujjain,TARANA,"23210512178, HSS EXCELLENCE BOYS TARANA",प्रतिभागी,शिक्षक
BE5363,Sapna Kochale,Ujjain,TARANA,"23210512178, HSS EXCELLENCE BOYS TARANA",प्रतिभागी,शिक्षक
BV7848,Ashish Thakurlal,Ujjain,TARANA,"23210512178, HSS EXCELLENCE BOYS TARANA",प्रतिभागी,शिक्षक
BW2356,Mamta Navrang,Ujjain,TARANA,"23210512178, HSS EXCELLENCE BOYS TARANA",प्रतिभागी,शिक्षक
CD5472,AJAY CHUDIYA,Ujjain,TARANA,"23210512178, HSS EXCELLENCE BOYS TARANA",प्रतिभागी,शिक्षक
BD8024,Reena Sharma,Ujjain,TARANA,"23210512179, HSS GIRLS TARANA",प्रतिभागी,शिक्षक
BV7844,Dolly Dua,Ujjain,TARANA,"23210512179, HSS GIRLS TARANA",प्रतिभागी,शिक्षक
BX3854,Shaikh Farukh,Ujjain,TARANA,"23210512179, HSS GIRLS TARANA",प्रतिभागी,शिक्षक
BE5058,Omprakash Ahirwar,Ujjain,TARANA,"23210520717, HSS KANASIYA",प्रतिभागी,शिक्षक
BE5411,Sangeeta Jaithva,Ujjain,TARANA,"23210520717, HSS KANASIYA",प्रतिभागी,शिक्षक
BE5353,Nanuram Chourasiya,Ujjain,TARANA,"23210516118, HSS KAYTHA",प्रतिभागी,शिक्षक
BE2289,Savita Kushwah,Ujjain,TARANA,"23210518710, HS KATHBRODA",प्रतिभागी,शिक्षक
BE5365,Santosh Chouhan,Ujjain,TARANA,"23210518710, HS KATHBRODA",प्रतिभागी,शिक्षक
BQ4790,Veena Ghatge,Ujjain,TARANA,"23210518710, HS KATHBRODA",प्रतिभागी,शिक्षक
BU7259,Sunil Kumar Jalodiya,Ujjain,TARANA,"23210518710, HS KATHBRODA",प्रतिभागी,शिक्षक
BV5169,Jaynarayan Patidar,Ujjain,TARANA,"23210518710, HS KATHBRODA",प्रतिभागी,शिक्षक
CA8129,JITENDRA CARPENTER,Ujjain,TARANA,"23210518710, HS KATHBRODA",प्रतिभागी,शिक्षक
BD7533,Shradha Kharoria,Ujjain,UJJAIN RURAL,"23210101523, HSS NARWAR",प्रतिभागी,शिक्षक
BD7566,Yogesh Gumaste,Ujjain,UJJAIN RURAL,"23210101523, HSS NARWAR",प्रतिभागी,शिक्षक
BD8600,Anita Makwana,Ujjain,UJJAIN RURAL,"23210101523, HSS NARWAR",प्रतिभागी,शिक्षक
BE1971,Vijay Deshmukh,Ujjain,UJJAIN RURAL,"23210101523, HSS NARWAR",प्रतिभागी,शिक्षक
BE4058,Darasingh Solanki,Ujjain,UJJAIN RURAL,"23210101523, HSS NARWAR",प्रतिभागी,शिक्षक
BE4256,Omprakash Sahu,Ujjain,UJJAIN RURAL,"23210101523, HSS NARWAR",प्रतिभागी,शिक्षक
BY1329,Sushma Bhagwat,Ujjain,UJJAIN RURAL,"23210101523, HSS NARWAR",प्रतिभागी,शिक्षक
BA3137,Raviraj Wasen,Ujjain,UJJAIN RURAL,"23210100815, HSS TAJPUR",प्रतिभागी,शिक्षक
BD8166,Lalit Vyas,Ujjain,UJJAIN RURAL,"23210100815, HSS TAJPUR",प्रतिभागी,शिक्षक
BD8704,Ashok Kumar Sharma,Ujjain,UJJAIN RURAL,"23210100815, HSS TAJPUR",प्रतिभागी,शिक्षक
BE4010,Vinod Kumar Bhati,Ujjain,UJJAIN RURAL,"23210100815, HSS TAJPUR",प्रतिभागी,शिक्षक
BE4554,Babita Raymond,Ujjain,UJJAIN RURAL,"23210100815, HSS TAJPUR",प्रतिभागी,शिक्षक
BE4594,Rajaram Chouhan,Ujjain,UJJAIN RURAL,"23210100815, HSS TAJPUR",प्रतिभागी,शिक्षक
BE4606,Tanveer Qureshi,Ujjain,UJJAIN RURAL,"23210100815, HSS TAJPUR",प्रतिभागी,शिक्षक
BE5404,Jitendra Patidar,Ujjain,UJJAIN RURAL,"23210100815, HSS TAJPUR",प्रतिभागी,शिक्षक
BE5896,Kailash Puri Goswami,Ujjain,UJJAIN RURAL,"23210100815, HSS TAJPUR",प्रतिभागी,शिक्षक
BF1655,Chitra Mule,Ujjain,UJJAIN RURAL,"23210100815, HSS TAJPUR",प्रतिभागी,शिक्षक
BQ3685,Seema Sharma,Ujjain,UJJAIN RURAL,"23210100815, HSS TAJPUR",प्रतिभागी,शिक्षक
BW7137,Priyanka Loat,Ujjain,UJJAIN RURAL,"23210100815, HSS TAJPUR",प्रतिभागी,शिक्षक
BD7563,Manoj Vyas,Ujjain,UJJAIN RURAL,"23210103208, HS DATANA",प्रतिभागी,शिक्षक
BD8781,Babulal Rajoria,Ujjain,UJJAIN RURAL,"23210103208, HS DATANA",प्रतिभागी,शिक्षक
BE2238,Rajendra Sharma,Ujjain,UJJAIN RURAL,"23210103208, HS DATANA",प्रतिभागी,शिक्षक
BE4820,Krishna Raikwar,Ujjain,UJJAIN RURAL,"23210103208, HS DATANA",प्रतिभागी,शिक्षक
BE5424,Shobha Pateriya,Ujjain,UJJAIN RURAL,"23210103208, HS DATANA",प्रतिभागी,शिक्षक
CB6122,MANOJ VANDELA,Ujjain,UJJAIN RURAL,"23210103208, HS DATANA",प्रतिभागी,शिक्षक
BA1678,Dayaram Parmar,Ujjain,UJJAIN RURAL,"23210112607, HSS TALOD",प्रतिभागी,शिक्षक
BD8211,Nilesh Patel,Ujjain,UJJAIN RURAL,"23210112607, HSS TALOD",प्रतिभागी,शिक्षक
BD9257,Shailesh Borasi,Ujjain,UJJAIN RURAL,"23210112607, HSS TALOD",प्रतिभागी,शिक्षक
BE5949,Gulam Husain,Ujjain,UJJAIN RURAL,"23210112607, HSS TALOD",प्रतिभागी,शिक्षक
BQ6805,Dipak Solanki,Ujjain,UJJAIN RURAL,"23210112607, HSS TALOD",प्रतिभागी,शिक्षक
BR9251,Dharmendra Goyal,Ujjain,UJJAIN RURAL,"23210112607, HSS TALOD",प्रतिभागी,शिक्षक
BU9239,Rajesh Kumar Gupta,Ujjain,UJJAIN RURAL,"23210112607, HSS TALOD",प्रतिभागी,शिक्षक
BV7102,Rekha Pawar,Ujjain,UJJAIN RURAL,"23210112607, HSS TALOD",प्रतिभागी,शिक्षक
BY2666,RAJESH CHOUDHARY,Ujjain,UJJAIN RURAL,"23210112607, HSS TALOD",प्रतिभागी,शिक्षक
BZ9321,Hitesh Shah,Ujjain,UJJAIN RURAL,"23210112607, HSS TALOD",प्रतिभागी,शिक्षक
CB2547,PANKAJ PARMAR,Ujjain,UJJAIN RURAL,"23210112607, HSS TALOD",प्रतिभागी,शिक्षक
BE4543,Omprakash Ambavadia,Ujjain,UJJAIN RURAL,"23210107114, HS CHINTAMAN JAVASIYA",प्रतिभागी,शिक्षक
BE4854,Resham Waskle,Ujjain,UJJAIN RURAL,"23210107114, HS CHINTAMAN JAVASIYA",प्रतिभागी,शिक्षक
BE5868,Basant Singh Kadam,Ujjain,UJJAIN RURAL,"23210107114, HS CHINTAMAN JAVASIYA",प्रतिभागी,शिक्षक
BQ8832,Suchita Dixit,Ujjain,UJJAIN RURAL,"23210107114, HS CHINTAMAN JAVASIYA",प्रतिभागी,शिक्षक
BT7992,Tinkoo Parihar,Ujjain,UJJAIN RURAL,"23210107114, HS CHINTAMAN JAVASIYA",प्रतिभागी,शिक्षक
BT8019,Kiran Paliwal,Ujjain,UJJAIN RURAL,"23210107114, HS CHINTAMAN JAVASIYA",प्रतिभागी,शिक्षक
BX3862,Mamta Joshi,Ujjain,UJJAIN RURAL,"23210107114, HS CHINTAMAN JAVASIYA",प्रतिभागी,शिक्षक
CB3058,ASHWINI PORWAL,Ujjain,UJJAIN RURAL,"23210107114, HS CHINTAMAN JAVASIYA",प्रतिभागी,शिक्षक
CC1235,PRAMOD JATAV,Ujjain,UJJAIN RURAL,"23210107114, HS CHINTAMAN JAVASIYA",प्रतिभागी,शिक्षक
AK5479,Bhavna Patwa,Ujjain,UJJAIN RURAL,"23210103710, HSS PANTH PIPLAI",प्रतिभागी,शिक्षक
AZ7755,Nazia Qureshi,Ujjain,UJJAIN RURAL,"23210103710, HSS PANTH PIPLAI",प्रतिभागी,शिक्षक
BA1143,GIRDHARI CHOUHAN,Ujjain,UJJAIN RURAL,"23210103710, HSS PANTH PIPLAI",प्रतिभागी,शिक्षक
BD9201,Neelima Sharma,Ujjain,UJJAIN RURAL,"23210103710, HSS PANTH PIPLAI",प्रतिभागी,शिक्षक
BE2975,Bhupendra Singh Rathore,Ujjain,UJJAIN RURAL,"23210103710, HSS PANTH PIPLAI",प्रतिभागी,शिक्षक
BE3211,Pushpa Kanver Rathore,Ujjain,UJJAIN RURAL,"23210103710, HSS PANTH PIPLAI",प्रतिभागी,शिक्षक
BE4343,Kanchan Singh Thakur,Ujjain,UJJAIN RURAL,"23210103710, HSS PANTH PIPLAI",प्रतिभागी,शिक्षक
BE5961,Gopal Warurkar,Ujjain,UJJAIN RURAL,"23210103710, HSS PANTH PIPLAI",प्रतिभागी,शिक्षक
BQ8499,Praveen Kumar Mori,Ujjain,UJJAIN RURAL,"23210103710, HSS PANTH PIPLAI",प्रतिभागी,शिक्षक
BT6437,Vandana Sharma,Ujjain,UJJAIN RURAL,"23210103710, HSS PANTH PIPLAI",प्रतिभागी,शिक्षक
BU7155,Chitra Jatwa,Ujjain,UJJAIN RURAL,"23210103710, HSS PANTH PIPLAI",प्रतिभागी,शिक्षक
AZ8062,Shashi Soni,Ujjain,UJJAIN URBAN,"23210700814, HSS GIRLS DHANMANDI",प्रतिभागी,शिक्षक
BD8650,Saket Acharya,Ujjain,UJJAIN URBAN,"23210700814, HSS GIRLS DHANMANDI",प्रतिभागी,शिक्षक
BE3604,Bela Bartaria,Ujjain,UJJAIN URBAN,"23210700814, HSS GIRLS DHANMANDI",प्रतिभागी,शिक्षक
BQ9520,Bharti Payak,Ujjain,UJJAIN URBAN,"23210700814, HSS GIRLS DHANMANDI",प्रतिभागी,शिक्षक
BX3463,Deepak Kumar Nigam,Ujjain,UJJAIN URBAN,"23210700814, HSS GIRLS DHANMANDI",प्रतिभागी,शिक्षक
CD5482,MITHUN DETHLIYA,Ujjain,UJJAIN URBAN,"23210700814, HSS GIRLS DHANMANDI",प्रतिभागी,शिक्षक
BD8976,Bharti Gome,Ujjain,UJJAIN URBAN,"23210703124, HSS GIRLS SARAFA UJJAIN",प्रतिभागी,शिक्षक
BD9360,Manisha Mishraa,Ujjain,UJJAIN URBAN,"23210703124, HSS GIRLS SARAFA UJJAIN",प्रतिभागी,शिक्षक
BD9666,Lalita Dangi,Ujjain,UJJAIN URBAN,"23210703124, HSS GIRLS SARAFA UJJAIN",प्रतिभागी,शिक्षक
BE1239,Kanchan Sharma,Ujjain,UJJAIN URBAN,"23210703124, HSS GIRLS SARAFA UJJAIN",प्रतिभागी,शिक्षक
BE4542,Sapna Solanki,Ujjain,UJJAIN URBAN,"23210703124, HSS GIRLS SARAFA UJJAIN",प्रतिभागी,शिक्षक
BQ8451,Kalpana Singh,Ujjain,UJJAIN URBAN,"23210703124, HSS GIRLS SARAFA UJJAIN",प्रतिभागी,शिक्षक
BX5877,Kiran Panchal,Ujjain,UJJAIN URBAN,"23210703124, HSS GIRLS SARAFA UJJAIN",प्रतिभागी,शिक्षक
BD9558,Kalpana Bhadoriya,Ujjain,UJJAIN URBAN,"23210702913, HSS BOYS MADHAV GANJ UJJAIN",प्रतिभागी,शिक्षक
BE1687,Kiran Bala,Ujjain,UJJAIN URBAN,"23210702913, HSS BOYS MADHAV GANJ UJJAIN",प्रतिभागी,शिक्षक
BE4605,Vidhya Mehar,Ujjain,UJJAIN URBAN,"23210702913, HSS BOYS MADHAV GANJ UJJAIN",प्रतिभागी,शिक्षक
BV9924,Kamini Juneja,Ujjain,UJJAIN URBAN,"23210702913, HSS BOYS MADHAV GANJ UJJAIN",प्रतिभागी,शिक्षक
BD8441,Babita Joshi,Ujjain,UJJAIN URBAN,"23210704215, GOVT.HSS GIRLS DASHERA MAIDAN UJJAIN",प्रतिभागी,शिक्षक
BE3775,Hemlata Vyas,Ujjain,UJJAIN URBAN,"23210704215, GOVT.HSS GIRLS DASHERA MAIDAN UJJAIN",प्रतिभागी,शिक्षक
BE3901,Pallavi Namdeo,Ujjain,UJJAIN URBAN,"23210704215, GOVT.HSS GIRLS DASHERA MAIDAN UJJAIN",प्रतिभागी,शिक्षक
BE4062,Rajkunwar Solanki,Ujjain,UJJAIN URBAN,"23210704215, GOVT.HSS GIRLS DASHERA MAIDAN UJJAIN",प्रतिभागी,शिक्षक
BI5822,Jyoti Joshi,Ujjain,UJJAIN URBAN,"23210704215, GOVT.HSS GIRLS DASHERA MAIDAN UJJAIN",प्रतिभागी,शिक्षक
AM3972,Abhishek Kumar Tripathi,Umaria,KARKELI,"23150732518, GOVT. HSS GIRLS UMARIA",प्रतिभागी,शिक्षक
BE6090,Pradeep Kumar Varma,Umaria,KARKELI,"23150732518, GOVT. HSS GIRLS UMARIA",प्रतिभागी,शिक्षक
BE6175,Shobhe Lal Singh,Umaria,KARKELI,"23150732518, GOVT. HSS GIRLS UMARIA",प्रतिभागी,शिक्षक
BE6558,Rukmani Prasad Patel,Umaria,KARKELI,"23150732518, GOVT. HSS GIRLS UMARIA",प्रतिभागी,शिक्षक
BE8309,Arun Kumar Bhatt,Umaria,KARKELI,"23150732518, GOVT. HSS GIRLS UMARIA",प्रतिभागी,शिक्षक
BQ1334,Bijendra Kumar Gupta,Umaria,KARKELI,"23150732518, GOVT. HSS GIRLS UMARIA",प्रतिभागी,शिक्षक
BU1110,Radha Prajapati,Umaria,KARKELI,"23150732518, GOVT. HSS GIRLS UMARIA",प्रतिभागी,शिक्षक
BU4038,Gyan Chandra Jaiswal,Umaria,KARKELI,"23150732518, GOVT. HSS GIRLS UMARIA",प्रतिभागी,शिक्षक
BV5286,Kuman Bharti Goswami,Umaria,KARKELI,"23150732518, GOVT. HSS GIRLS UMARIA",प्रतिभागी,शिक्षक
BX1347,Anubha Ramteke,Umaria,KARKELI,"23150732518, GOVT. HSS GIRLS UMARIA",प्रतिभागी,शिक्षक
CE2134,DILEEP PARMAR,Umaria,KARKELI,"23150732518, GOVT. HSS GIRLS UMARIA",प्रतिभागी,शिक्षक
BA9841,Bilkan Kumar Minj,Umaria,KARKELI,"23150732519, GOVT. HSS KOLARY UMARIA",प्रतिभागी,शिक्षक
BE6733,Saroj Chaturvedi,Umaria,KARKELI,"23150732519, GOVT. HSS KOLARY UMARIA",प्रतिभागी,शिक्षक
BE8258,Sandhya Tiwari,Umaria,KARKELI,"23150732519, GOVT. HSS KOLARY UMARIA",प्रतिभागी,शिक्षक
BQ3038,Ramlata Chakraverty,Umaria,KARKELI,"23150732519, GOVT. HSS KOLARY UMARIA",प्रतिभागी,शिक्षक
BU5904,Shameem Azad,Umaria,KARKELI,"23150732519, GOVT. HSS KOLARY UMARIA",प्रतिभागी,शिक्षक
BY9966,Bhageshwar Thakre,Umaria,KARKELI,"23150732519, GOVT. HSS KOLARY UMARIA",प्रतिभागी,शिक्षक
AC2889,Indar Singh Maravi,Umaria,KARKELI,"23150722012, GOVT. HS NIGHARI",प्रतिभागी,शिक्षक
BE8230,Shahjad Khan,Umaria,KARKELI,"23150722012, GOVT. HS NIGHARI",प्रतिभागी,शिक्षक
BE6046,Ravi Singh,Umaria,KARKELI,"23150728022, GOVT. HSS BILASHPUR",प्रतिभागी,शिक्षक
CD6318,SUGREEV KOL,Umaria,KARKELI,"23150728022, GOVT. HSS BILASHPUR",प्रतिभागी,शिक्षक
CD6319,SARITA PARTETI,Umaria,KARKELI,"23150728022, GOVT. HSS BILASHPUR",प्रतिभागी,शिक्षक
CD6330,SHAYNA BI,Umaria,KARKELI,"23150728022, GOVT. HSS BILASHPUR",प्रतिभागी,शिक्षक
BE6006,Santosh Kumar Gupta,Umaria,KARKELI,"23150718507, GOVT. HSS AKHDAR",प्रतिभागी,शिक्षक
BE7520,Jagat Narayan Soni,Umaria,KARKELI,"23150718507, GOVT. HSS AKHDAR",प्रतिभागी,शिक्षक
CC3897,DHARMENDRA PATHAK,Umaria,KARKELI,"23150718507, GOVT. HSS AKHDAR",प्रतिभागी,शिक्षक
CD6317,VINEET TRIPATHI,Umaria,KARKELI,"23150718507, GOVT. HSS AKHDAR",प्रतिभागी,शिक्षक
BE6334,Vijay Kumar Pandey,Umaria,KARKELI,"23150731625, GOVT. HSS KOUDIYA",प्रतिभागी,शिक्षक
BE8049,Prakash Kumar Jhariya,Umaria,KARKELI,"23150731625, GOVT. HSS KOUDIYA",प्रतिभागी,शिक्षक
CD2611,POOJA TANTUWAY,Umaria,KARKELI,"23150731625, GOVT. HSS KOUDIYA",प्रतिभागी,शिक्षक
BE6547,Govardhan Prasad Dhurve,Umaria,KARKELI,"23150712630, GOVT. HSS BOYS CHANDIA",प्रतिभागी,शिक्षक
BE6566,Dayaram Rai,Umaria,KARKELI,"23150712630, GOVT. HSS BOYS CHANDIA",प्रतिभागी,शिक्षक
BE6828,Krishnapal Singh,Umaria,KARKELI,"23150712630, GOVT. HSS BOYS CHANDIA",प्रतिभागी,शिक्षक
BE6932,Arun Kumar Sharma,Umaria,KARKELI,"23150712630, GOVT. HSS BOYS CHANDIA",प्रतिभागी,शिक्षक
BE6616,Mo. Abdul Rabban Khan,Umaria,KARKELI,"23150712631, GOVT. HSS GIRLS CHANDIA",प्रतिभागी,शिक्षक
BG2100,Ritu Tiwari,Umaria,KARKELI,"23150712631, GOVT. HSS GIRLS CHANDIA",प्रतिभागी,शिक्षक
BV5430,Bharti Prajapati,Umaria,KARKELI,"23150712631, GOVT. HSS GIRLS CHANDIA",प्रतिभागी,शिक्षक
CC5572,ANKIT AGRAWAL,Umaria,KARKELI,"23150712631, GOVT. HSS GIRLS CHANDIA",प्रतिभागी,शिक्षक
AU3844,Sunil Kumar,Umaria,KARKELI,"23150743413, GOVT. HSS KARKELI",प्रतिभागी,शिक्षक
AW5093,Veerendra Kumar,Umaria,KARKELI,"23150743413, GOVT. HSS KARKELI",प्रतिभागी,शिक्षक
BS3211,Priyanka Tamrakar,Umaria,KARKELI,"23150743413, GOVT. HSS KARKELI",प्रतिभागी,शिक्षक
BZ5433,Laxmi Bisen,Umaria,KARKELI,"23150743413, GOVT. HSS KARKELI",प्रतिभागी,शिक्षक
AL2897,Ajit Prasad Sai,Umaria,KARKELI,"23150743304, GOVT. HSS GHULGHULI",प्रतिभागी,शिक्षक
AU3462,Anoj Kishor Minj,Umaria,KARKELI,"23150743304, GOVT. HSS GHULGHULI",प्रतिभागी,शिक्षक
BE6300,Sanjay Kumar Gupta,Umaria,KARKELI,"23150743304, GOVT. HSS GHULGHULI",प्रतिभागी,शिक्षक
BE6804,Satyendra Singh Paraste,Umaria,KARKELI,"23150743304, GOVT. HSS GHULGHULI",प्रतिभागी,शिक्षक
BE8207,Gopal Singh,Umaria,KARKELI,"23150743304, GOVT. HSS GHULGHULI",प्रतिभागी,शिक्षक
CE1488,MAN DABI,Umaria,KARKELI,"23150743304, GOVT. HSS GHULGHULI",प्रतिभागी,शिक्षक
AB6728,Laxman Prasad Nagesh,Umaria,KARKELI,"23150743212, GOVT. HSS RAHTHA",प्रतिभागी,शिक्षक
BE8281,Kunjan Singh,Umaria,KARKELI,"23150743212, GOVT. HSS RAHTHA",प्रतिभागी,शिक्षक
AV1605,Nirdos Ekka,Umaria,KARKELI,"23150728161, GOVT. HSS BOYS NOWROZABAD",प्रतिभागी,शिक्षक
BQ1976,Manisha Nigam,Umaria,KARKELI,"23150728161, GOVT. HSS BOYS NOWROZABAD",प्रतिभागी,शिक्षक
BE6770,Lalman Kori,Umaria,KARKELI,"23150705123, GOVT. HSS PINAURA",प्रतिभागी,शिक्षक
BE7247,Ganesh Prasad Tripathi,Umaria,KARKELI,"23150705123, GOVT. HSS PINAURA",प्रतिभागी,शिक्षक
BE7480,Ram Prasad Baiga,Umaria,KARKELI,"23150705123, GOVT. HSS PINAURA",प्रतिभागी,शिक्षक
BU8807,Ram Lakhan Mishra,Umaria,KARKELI,"23150705123, GOVT. HSS PINAURA",प्रतिभागी,शिक्षक
CB1828,ARTI SAHU,Umaria,KARKELI,"23150705123, GOVT. HSS PINAURA",प्रतिभागी,शिक्षक
BE6430,Meena Singh,Umaria,MANPUR,"23150916806, GOVT. HS BASKUTA",प्रतिभागी,शिक्षक
BE6511,Janak Raj Singh,Umaria,MANPUR,"23150916806, GOVT. HS BASKUTA",प्रतिभागी,शिक्षक
BE6683,Awadhraj Singh Tekam,Umaria,MANPUR,"23150916806, GOVT. HS BASKUTA",प्रतिभागी,शिक्षक
BN7416,Uttam Singh,Umaria,MANPUR,"23150916806, GOVT. HS BASKUTA",प्रतिभागी,शिक्षक
CE1535,RANJNA SINGH,Umaria,MANPUR,"23150916806, GOVT. HS BASKUTA",प्रतिभागी,शिक्षक
BE6741,Shweta Uyam,Umaria,MANPUR,"23150914403, GOVT. HSS DHAMOKHAR",प्रतिभागी,शिक्षक
BE7975,Anita Singh,Umaria,MANPUR,"23150914403, GOVT. HSS DHAMOKHAR",प्रतिभागी,शिक्षक
BT8843,Ajay Singh Bhadauria,Umaria,MANPUR,"23150914403, GOVT. HSS DHAMOKHAR",प्रतिभागी,शिक्षक
BY8058,Geeta Ade,Umaria,MANPUR,"23150914403, GOVT. HSS DHAMOKHAR",प्रतिभागी,अन्य
CB9581,SHIV BAIGA,Umaria,MANPUR,"23150914403, GOVT. HSS DHAMOKHAR",प्रतिभागी,शिक्षक
BE7336,Ashok Kumar Gautam,Umaria,MANPUR,"23150913707, GOVT. HSS TALA",प्रतिभागी,शिक्षक
BE7368,Tribhuwan Kumar Soni,Umaria,MANPUR,"23150913707, GOVT. HSS TALA",प्रतिभागी,शिक्षक
BE7428,Bhuvan Maravi,Umaria,MANPUR,"23150913707, GOVT. HSS TALA",प्रतिभागी,शिक्षक
BQ2951,Rama Kant Patel,Umaria,MANPUR,"23150913707, GOVT. HSS TALA",प्रतिभागी,शिक्षक
BE7164,Abhay Kumar Dwivedi,Umaria,MANPUR,"23150908912, GOVT. HSS BIJAURI",प्रतिभागी,शिक्षक
BE7309,Shankar Prasad Patel,Umaria,MANPUR,"23150908912, GOVT. HSS BIJAURI",प्रतिभागी,शिक्षक
BE7412,Sanjay Thripathi,Umaria,MANPUR,"23150908912, GOVT. HSS BIJAURI",प्रतिभागी,शिक्षक
BE7704,Raj Kishor Chaudhari,Umaria,MANPUR,"23150908912, GOVT. HSS BIJAURI",प्रतिभागी,शिक्षक
BE7705,Narottam Lal Nanda Manjhi,Umaria,MANPUR,"23150907006, GOVT. HS SAMARKOINI",प्रतिभागी,शिक्षक
BS3495,Jitendra Singh,Umaria,MANPUR,"23150907006, GOVT. HS SAMARKOINI",प्रतिभागी,सीएसी
BE6943,Mohan Lal Prajapati,Umaria,MANPUR,"23150912448, GOVT. HSS GIRLS MANPUR",प्रतिभागी,शिक्षक
CF7093,Satyam Shukla,Umaria,MANPUR,"23150912448, GOVT. HSS GIRLS MANPUR",प्रतिभागी,शिक्षक
BE7033,Jagat Raj Singh,Umaria,MANPUR,"23150906308, GOVT. HSS CHINSURA",प्रतिभागी,शिक्षक
BE7402,Amarnath Patel,Umaria,MANPUR,"23150906308, GOVT. HSS CHINSURA",प्रतिभागी,शिक्षक
BW3968,Mukesh Gupta,Umaria,MANPUR,"23150906308, GOVT. HSS CHINSURA",प्रतिभागी,शिक्षक
BW4537,Bhuvanlal Gautam,Umaria,MANPUR,"23150906308, GOVT. HSS CHINSURA",प्रतिभागी,शिक्षक
BE7291,Bhim Singh Chaturvedi,Umaria,MANPUR,"23150905710, GOVT. HSS BHAREWA",प्रतिभागी,शिक्षक
BE8044,Krishna Kumar Chaturvedi,Umaria,MANPUR,"23150905710, GOVT. HSS BHAREWA",प्रतिभागी,शिक्षक
BC7398,Nagendra Tiwari,Umaria,MANPUR,"23150904707, GOVT. HS JOBI",प्रतिभागी,शिक्षक
BE7104,Rajesh Kumar Mishra,Umaria,MANPUR,"23150904707, GOVT. HS JOBI",प्रतिभागी,शिक्षक
BE7129,Rajkishor Dwivedi,Umaria,MANPUR,"23150904707, GOVT. HS JOBI",प्रतिभागी,शिक्षक
BE7282,Shashi Kant Pandey,Umaria,MANPUR,"23150904707, GOVT. HS JOBI",प्रतिभागी,शिक्षक
BY8569,Ramphal Kol,Umaria,MANPUR,"23150904707, GOVT. HS JOBI",प्रतिभागी,शिक्षक
BZ9440,Kedar Nath Patel,Umaria,MANPUR,"23150904707, GOVT. HS JOBI",प्रतिभागी,शिक्षक
8719981750,Hari Lal Sakesh ,Umaria,MANPUR,"23150924411, GOVT. HSS UMARIA BAKELI",प्रतिभागी,शिक्षक
BE7418,Prahalad Singh,Umaria,MANPUR,"23150924411, GOVT. HSS UMARIA BAKELI",प्रतिभागी,शिक्षक
BE8066,Ram Kumar Maravi,Umaria,MANPUR,"23150924411, GOVT. HSS UMARIA BAKELI",प्रतिभागी,शिक्षक
BW2606,Vijay Kumar Prajapati,Umaria,MANPUR,"23150924411, GOVT. HSS UMARIA BAKELI",प्रतिभागी,शिक्षक
BZ8554,Rajeev Pandey,Umaria,MANPUR,"23150924411, GOVT. HSS UMARIA BAKELI",प्रतिभागी,शिक्षक
CD6038,PRIYANSHI JHARIYA,Umaria,MANPUR,"23150924411, GOVT. HSS UMARIA BAKELI",प्रतिभागी,शिक्षक
BE7259,Pushpa Rani Singh,Umaria,MANPUR,"23150902508, GOVT. HSS AMARPUR",प्रतिभागी,शिक्षक
BE7265,Anant Ram Sahu,Umaria,MANPUR,"23150902508, GOVT. HSS AMARPUR",प्रतिभागी,शिक्षक
BE7295,VARSHA Singh Sengar,Umaria,MANPUR,"23150902508, GOVT. HSS AMARPUR",प्रतिभागी,शिक्षक
BZ1249,Hameshwari Rahangdale,Umaria,MANPUR,"23150902508, GOVT. HSS AMARPUR",प्रतिभागी,शिक्षक
BZ2734,Brijendra Singh,Umaria,MANPUR,"23150902508, GOVT. HSS AMARPUR",प्रतिभागी,शिक्षक
CB1393,VIVEK CHATURVEDI,Umaria,MANPUR,"23150902508, GOVT. HSS AMARPUR",प्रतिभागी,शिक्षक
CB1443,SANJAY THAKUR,Umaria,MANPUR,"23150902508, GOVT. HSS AMARPUR",प्रतिभागी,शिक्षक
BS5400,Jawahar Gond,Umaria,PALI,"23151008404, GOVT. HSS CHAURI",प्रतिभागी,शिक्षक
CC5338,BALBODI AHIRWAR,Umaria,PALI,"23151008404, GOVT. HSS CHAURI",प्रतिभागी,शिक्षक
BO1319,Uday Prasad Sariwan,Umaria,PALI,"23151000509, GOVT. HSS BADWAHI",प्रतिभागी,सीएसी
BP4982,Satish Chandra Singh,Umaria,PALI,"23151000509, GOVT. HSS BADWAHI",प्रतिभागी,शिक्षक
BU2774,Renuka Gupta,Umaria,PALI,"23151000509, GOVT. HSS BADWAHI",प्रतिभागी,शिक्षक
BE7768,Lakhan Singh,Umaria,PALI,"23151001315, GOVT. HS AMILIHA",प्रतिभागी,शिक्षक
BF8554,Tanjeem Khan,Umaria,PALI,"23151001315, GOVT. HS AMILIHA",प्रतिभागी,शिक्षक
BO8584,Rajesh Kumar Mishra,Umaria,PALI,"23151001315, GOVT. HS AMILIHA",प्रतिभागी,शिक्षक
BP4714,Ramlal Soni,Umaria,PALI,"23151001315, GOVT. HS AMILIHA",प्रतिभागी,शिक्षक
BP4728,Anwari Begam,Umaria,PALI,"23151001315, GOVT. HS AMILIHA",प्रतिभागी,शिक्षक
BP4944,Lakshmi Kant Mishra,Umaria,PALI,"23151001315, GOVT. HS AMILIHA",प्रतिभागी,शिक्षक
BE7776,Sushama Mishra,Umaria,PALI,"23151005305, GOVT. HSS SHAHPUR",प्रतिभागी,शिक्षक
BE8010,Abha Singh,Umaria,PALI,"23151005305, GOVT. HSS SHAHPUR",प्रतिभागी,शिक्षक
BP5056,Archana Singh,Umaria,PALI,"23151008910, GOVT. HSS GHUNGHUTI",प्रतिभागी,शिक्षक
BP4710,Sundar Das Padwar,Umaria,PALI,"23151006405, GOVT. HSS BANNAUDA",प्रतिभागी,शिक्षक
BR4818,Lal Bahadur Baiga,Umaria,PALI,"23151006405, GOVT. HSS BANNAUDA",प्रतिभागी,शिक्षक
BR9760,Ramcharit Baiga,Umaria,PALI,"23151006405, GOVT. HSS BANNAUDA",प्रतिभागी,शिक्षक
BY5777,Sarju Prasad Vishwakarma,Umaria,PALI,"23151006405, GOVT. HSS BANNAUDA",प्रतिभागी,शिक्षक
CC3846,DHARMENDRA AHIRWAR,Umaria,PALI,"23151006405, GOVT. HSS BANNAUDA",प्रतिभागी,शिक्षक
CC5229,NEERAJ VISHWAKARMA,Umaria,PALI,"23151006405, GOVT. HSS BANNAUDA",प्रतिभागी,शिक्षक
BF2519,Santosh Kumar Chourasia,Vidisha,BASODA,"23310105903, Govt. HS BHIDAWASAN",प्रतिभागी,शिक्षक
BF2620,Anil Vinodia,Vidisha,BASODA,"23310105903, Govt. HS BHIDAWASAN",प्रतिभागी,शिक्षक
BF2561,Sharvan Kumar Sadhya,Vidisha,BASODA,"23310117505, Govt. HSS NOUGHAI",प्रतिभागी,शिक्षक
BF2630,Hemant Kumar Vishwakarma,Vidisha,BASODA,"23310117505, Govt. HSS NOUGHAI",प्रतिभागी,शिक्षक
CB7926,CHANCHAL PATWA,Vidisha,BASODA,"23310117505, Govt. HSS NOUGHAI",प्रतिभागी,शिक्षक
BE8846,Pappu Lal,Vidisha,BASODA,"23310120003, Govt. HSS SUMER DANGI",प्रतिभागी,शिक्षक
BE8847,Umesh Kumar,Vidisha,BASODA,"23310120003, Govt. HSS SUMER DANGI",प्रतिभागी,शिक्षक
BY6150,Narbda Prasad Sen,Vidisha,BASODA,"23310120003, Govt. HSS SUMER DANGI",प्रतिभागी,शिक्षक
BF2612,Geeta Devi,Vidisha,BASODA,"23310124311, Govt. HSS BOYS TYONDA",प्रतिभागी,शिक्षक
BE8661,Sajan Kumar,Vidisha,BASODA,"23310128394, Govt. HSS BASODA (BOYS)",प्रतिभागी,शिक्षक
BE9150,Vipin Bihari Tiwari,Vidisha,BASODA,"23310128394, Govt. HSS BASODA (BOYS)",प्रतिभागी,शिक्षक
BF1265,Gayatree Aarya,Vidisha,BASODA,"23310128394, Govt. HSS BASODA (BOYS)",प्रतिभागी,शिक्षक
BF2313,Rajesh Panthi,Vidisha,BASODA,"23310128394, Govt. HSS BASODA (BOYS)",प्रतिभागी,शिक्षक
BF2691,Ratna Pandey,Vidisha,BASODA,"23310128394, Govt. HSS BASODA (BOYS)",प्रतिभागी,शिक्षक
BF3280,Parasram Dubey,Vidisha,BASODA,"23310128394, Govt. HSS BASODA (BOYS)",प्रतिभागी,शिक्षक
BT7377,Nilima Namdev,Vidisha,BASODA,"23310128394, Govt. HSS BASODA (BOYS)",प्रतिभागी,शिक्षक
BX7380,Vipin Narvaria,Vidisha,BASODA,"23310128394, Govt. HSS BASODA (BOYS)",प्रतिभागी,शिक्षक
BE8759,Prema Xess,Vidisha,BASODA,"23310128395, Govt. HSS BASODA ",प्रतिभागी,शिक्षक
BF1901,Dharmendra Chaturvedi,Vidisha,BASODA,"23310128395, Govt. HSS BASODA ",प्रतिभागी,शिक्षक
BF1979,Kapil Kumar Shrivastava,Vidisha,BASODA,"23310128395, Govt. HSS BASODA ",प्रतिभागी,शिक्षक
BF2276,Sudhir Shrivastava,Vidisha,BASODA,"23310128395, Govt. HSS BASODA ",प्रतिभागी,शिक्षक
BF2690,Indu Laud,Vidisha,BASODA,"23310128395, Govt. HSS BASODA ",प्रतिभागी,शिक्षक
BF3747,Sushama Sharma,Vidisha,BASODA,"23310128395, Govt. HSS BASODA ",प्रतिभागी,शिक्षक
BF5754,Anita Panthi,Vidisha,BASODA,"23310128395, Govt. HSS BASODA ",प्रतिभागी,शिक्षक
BE8884,Nisha Gupta,Vidisha,BASODA,"23310103310, Govt. HSS BARETH",प्रतिभागी,शिक्षक
BF2509,Om Prakash Sahu,Vidisha,BASODA,"23310103310, Govt. HSS BARETH",प्रतिभागी,शिक्षक
BF2667,Yamini Swarnkar,Vidisha,BASODA,"23310103310, Govt. HSS BARETH",प्रतिभागी,शिक्षक
BF3295,Avdhesh Kumar Dixit,Vidisha,BASODA,"23310103310, Govt. HSS BARETH",प्रतिभागी,शिक्षक
BF3556,Veer Singh Ahirwar,Vidisha,BASODA,"23310103310, Govt. HSS BARETH",प्रतिभागी,शिक्षक
BP3081,Usha Chidar,Vidisha,BASODA,"23310103310, Govt. HSS BARETH",प्रतिभागी,शिक्षक
BS5136,Jai Prakash Shrivastava,Vidisha,BASODA,"23310103310, Govt. HSS BARETH",प्रतिभागी,शिक्षक
BF1787,Santosh Kumar Sharma,Vidisha,BASODA,"23310105006, Govt. HSS MASUDPUR",प्रतिभागी,शिक्षक
BF2173,Shakun Raikwar,Vidisha,BASODA,"23310105006, Govt. HSS MASUDPUR",प्रतिभागी,शिक्षक
BF2275,Satish Kumar Sadh,Vidisha,BASODA,"23310105006, Govt. HSS MASUDPUR",प्रतिभागी,शिक्षक
BK2035,Kalu Ram Ahirwar,Vidisha,BASODA,"23310105006, Govt. HSS MASUDPUR",प्रतिभागी,शिक्षक
BU3964,Satish Kushwah,Vidisha,BASODA,"23310105006, Govt. HSS MASUDPUR",प्रतिभागी,शिक्षक
BF1843,Rajni Shrivastava,Vidisha,BASODA,"23310128396, Govt. HSS RAJENDRA NAGAR BASODA",प्रतिभागी,शिक्षक
BF2027,Govind Singh,Vidisha,BASODA,"23310128396, Govt. HSS RAJENDRA NAGAR BASODA",प्रतिभागी,अन्य
BF3848,Rajesh Kumar,Vidisha,BASODA,"23310128396, Govt. HSS RAJENDRA NAGAR BASODA",प्रतिभागी,शिक्षक
BF4717,Jyoti Bhargava,Vidisha,BASODA,"23310128396, Govt. HSS RAJENDRA NAGAR BASODA",प्रतिभागी,शिक्षक
BF6161,MANJEETA BHARTI,Vidisha,BASODA,"23310128396, Govt. HSS RAJENDRA NAGAR BASODA",प्रतिभागी,शिक्षक
BX1162,Vandna Sahu,Vidisha,BASODA,"23310128396, Govt. HSS RAJENDRA NAGAR BASODA",प्रतिभागी,अन्य
BF2659,Smita Dangi,Vidisha,BASODA,"23310121609, Govt. HSS SIRNOTA",प्रतिभागी,शिक्षक
BF2694,Vimlesh Lodhi,Vidisha,BASODA,"23310121609, Govt. HSS SIRNOTA",प्रतिभागी,शिक्षक
BF1457,Manish Kapoor,Vidisha,BASODA,"23310126809, Govt. HSS UDYAPUR",प्रतिभागी,शिक्षक
BF1459,Sunil Kumar Ahirwar,Vidisha,BASODA,"23310126809, Govt. HSS UDYAPUR",प्रतिभागी,शिक्षक
BF2621,Swaroop Singh Mogiya,Vidisha,BASODA,"23310126809, Govt. HSS UDYAPUR",प्रतिभागी,शिक्षक
BS2815,Gayatri Gupta,Vidisha,BASODA,"23310126809, Govt. HSS UDYAPUR",प्रतिभागी,शिक्षक
CE1246,RATNA GUPTA,Vidisha,BASODA,"23310126809, Govt. HSS UDYAPUR",प्रतिभागी,शिक्षक
BF2305,Dropati Panthi,Vidisha,BASODA,"23310107505, Govt. HSS KASWA BAGROD",प्रतिभागी,शिक्षक
BY6124,Deepak Kumar Sharma,Vidisha,BASODA,"23310107505, Govt. HSS KASWA BAGROD",प्रतिभागी,शिक्षक
CE9982,SHIVDAYAL TIWARI,Vidisha,BASODA,"23310107505, Govt. HSS KASWA BAGROD",प्रतिभागी,शिक्षक
BE9077,Avadhnarayan Kushwah,Vidisha,GYARASPUR,"23310202705, Govt. HSS DHAMANOD",प्रतिभागी,शिक्षक
BE9165,Manjeeta Rajpoot,Vidisha,GYARASPUR,"23310202705, Govt. HSS DHAMANOD",प्रतिभागी,शिक्षक
BE9075,Raju Khatik,Vidisha,GYARASPUR,"23310205014, Govt. HSS GULABGANJ",प्रतिभागी,शिक्षक
BF3100,Kamlesh Kumar Saxena,Vidisha,GYARASPUR,"23310205014, Govt. HSS GULABGANJ",प्रतिभागी,शिक्षक
BF3144,Rajesh Kumar Rajak,Vidisha,GYARASPUR,"23310205014, Govt. HSS GULABGANJ",प्रतिभागी,शिक्षक
BF5474,Vimal Kumar Sahu,Vidisha,GYARASPUR,"23310216503, Govt. HS VAN",प्रतिभागी,शिक्षक
BF5503,Madan Lal Jariya,Vidisha,GYARASPUR,"23310216503, Govt. HS VAN",प्रतिभागी,शिक्षक
BR9226,Rita Sharma,Vidisha,GYARASPUR,"23310216503, Govt. HS VAN",प्रतिभागी,शिक्षक
BE9147,Laxmi Lodhi,Vidisha,GYARASPUR,"23310207416, Govt. HSS GYARASPUR",प्रतिभागी,शिक्षक
BF1283,Santosh Sen,Vidisha,GYARASPUR,"23310207416, Govt. HSS GYARASPUR",प्रतिभागी,शिक्षक
BW6766,Monika Sharma,Vidisha,GYARASPUR,"23310207416, Govt. HSS GYARASPUR",प्रतिभागी,शिक्षक
BE9060,Daya Singh,Vidisha,GYARASPUR,"23310208114, Govt. HSS HAIDERGARH",प्रतिभागी,शिक्षक
BE9062,Imrat Singh,Vidisha,GYARASPUR,"23310208114, Govt. HSS HAIDERGARH",प्रतिभागी,शिक्षक
BX3410,Krishna Kumar Kushwah,Vidisha,GYARASPUR,"23310208114, Govt. HSS HAIDERGARH",प्रतिभागी,शिक्षक
BE9134,Lalaram Chidar,Vidisha,GYARASPUR,"23310200708, Govt. HSS ATARI KHEJADA",प्रतिभागी,शिक्षक
BF6580,Sewti Kanti,Vidisha,GYARASPUR,"23310200708, Govt. HSS ATARI KHEJADA",प्रतिभागी,शिक्षक
BT3819,Vikas Kumar Soni,Vidisha,GYARASPUR,"23310200708, Govt. HSS ATARI KHEJADA",प्रतिभागी,शिक्षक
BZ7716,Akhilesh Raghuvanshi,Vidisha,GYARASPUR,"23310200708, Govt. HSS ATARI KHEJADA",प्रतिभागी,शिक्षक
BE9146,Naresh Kumar Shrivastava,Vidisha,GYARASPUR,"23310214707, Govt. HS NOULAS",प्रतिभागी,शिक्षक
BF6569,Rajaram Chandrawanshi,Vidisha,GYARASPUR,"23310214707, Govt. HS NOULAS",प्रतिभागी,शिक्षक
BS5330,Jogendra Singh Thakur,Vidisha,GYARASPUR,"23310214707, Govt. HS NOULAS",प्रतिभागी,शिक्षक
BZ2496,Pushpa Harinkhede,Vidisha,GYARASPUR,"23310214707, Govt. HS NOULAS",प्रतिभागी,शिक्षक
BE9076,Bhujbal Singh,Vidisha,GYARASPUR,"23310203807, GOVT. HS CHATHAULI",प्रतिभागी,शिक्षक
BF3219,Kamalsingh Dangi,Vidisha,GYARASPUR,"23310203807, GOVT. HS CHATHAULI",प्रतिभागी,शिक्षक
BF3893,Devendra Singh,Vidisha,GYARASPUR,"23310203807, GOVT. HS CHATHAULI",प्रतिभागी,शिक्षक
BQ5983,Laxman Singh Choudhary,Vidisha,GYARASPUR,"23310203807, GOVT. HS CHATHAULI",प्रतिभागी,शिक्षक
BQ9092,Surendra Singh Rajput,Vidisha,GYARASPUR,"23310203807, GOVT. HS CHATHAULI",प्रतिभागी,शिक्षक
BR8163,Sangeeta Gupta,Vidisha,GYARASPUR,"23310203807, GOVT. HS CHATHAULI",प्रतिभागी,शिक्षक
BU9605,Abhishek Patwa,Vidisha,GYARASPUR,"23310203807, GOVT. HS CHATHAULI",प्रतिभागी,शिक्षक
BE8703,Tulsa Bai,Vidisha,KURWAI,"23310313617, Govt. HSS PATHARI",प्रतिभागी,शिक्षक
BE8706,Sunita Chidar,Vidisha,KURWAI,"23310313617, Govt. HSS PATHARI",प्रतिभागी,शिक्षक
BF3531,Aziza Bee,Vidisha,KURWAI,"23310313617, Govt. HSS PATHARI",प्रतिभागी,शिक्षक
BW4175,Maya Maske,Vidisha,KURWAI,"23310313617, Govt. HSS PATHARI",प्रतिभागी,शिक्षक
AC2541,Manisha Soni,Vidisha,KURWAI,"23310320222, Govt. HSS KURWAI (GIRLS)",प्रतिभागी,शिक्षक
BF3334,Shaista Naz,Vidisha,KURWAI,"23310320222, Govt. HSS KURWAI (GIRLS)",प्रतिभागी,शिक्षक
BF3573,Jitendra Kumar Jain,Vidisha,KURWAI,"23310320222, Govt. HSS KURWAI (GIRLS)",प्रतिभागी,शिक्षक
BR4615,Vijay Kumar Soni,Vidisha,KURWAI,"23310320222, Govt. HSS KURWAI (GIRLS)",प्रतिभागी,शिक्षक
BF3647,Bhagwan Singh Ahirwar,Vidisha,KURWAI,"23310301311, Govt. HS BARWAI",प्रतिभागी,शिक्षक
BF3719,Shambhoo Singh Dangi,Vidisha,KURWAI,"23310301311, Govt. HS BARWAI",प्रतिभागी,शिक्षक
CE6264,SUNITA PATHODE,Vidisha,KURWAI,"23310301311, Govt. HS BARWAI",प्रतिभागी,शिक्षक
BE8786,Niranjan Singh Bagdi,Vidisha,KURWAI,"23310313618, Govt. HSS PATHARI (GIRLS)",प्रतिभागी,शिक्षक
BF3512,Sumbul Bano,Vidisha,KURWAI,"23310315611, Govt. HS SIHORA",प्रतिभागी,शिक्षक
BS7753,Saraswati Chaturvedi,Vidisha,KURWAI,"23310315611, Govt. HS SIHORA",प्रतिभागी,शिक्षक
CB2762,RAHIL KHAN,Vidisha,KURWAI,"23310315611, Govt. HS SIHORA",प्रतिभागी,शिक्षक
BF5290,Mohammad Irfan Khan,Vidisha,KURWAI,"23310310710, Govt. HS LAYARA",प्रतिभागी,शिक्षक
BZ2808,Jasmeet Kaur Kindra,Vidisha,KURWAI,"23310310710, Govt. HS LAYARA",प्रतिभागी,शिक्षक
BF3693,Kum Shimala Ahirwar,Vidisha,KURWAI,"23310312007, Govt. HSS MEHALUA CHORAHA",प्रतिभागी,शिक्षक
BF3772,Sungeeda Bano,Vidisha,KURWAI,"23310312007, Govt. HSS MEHALUA CHORAHA",प्रतिभागी,शिक्षक
BR7104,Vimla Visbkarma,Vidisha,KURWAI,"23310312007, Govt. HSS MEHALUA CHORAHA",प्रतिभागी,शिक्षक
BF3414,Trilok Chand Jain,Vidisha,KURWAI,"23310304209, Govt. HS BHOURASA",प्रतिभागी,शिक्षक
BF4054,Yashavant Singh,Vidisha,LATERI,"23310407110, Govt. HS JHUKAR JOGI",प्रतिभागी,शिक्षक
BF4112,Vijay Narayan Namdev,Vidisha,LATERI,"23310407110, Govt. HS JHUKAR JOGI",प्रतिभागी,शिक्षक
BF4198,Parasram Panthi,Vidisha,LATERI,"23310407110, Govt. HS JHUKAR JOGI",प्रतिभागी,शिक्षक
BY5654,Pradeep Kumar,Vidisha,LATERI,"23310407110, Govt. HS JHUKAR JOGI",प्रतिभागी,शिक्षक
BF1100,Jagnnath Sen,Vidisha,LATERI,"23310417904, Govt. HSS UNARSI KALAN",प्रतिभागी,शिक्षक
BF3901,Mahesh Rathore,Vidisha,LATERI,"23310417904, Govt. HSS UNARSI KALAN",प्रतिभागी,शिक्षक
BF4121,Parmeshwar Dayal Sharma,Vidisha,LATERI,"23310417904, Govt. HSS UNARSI KALAN",प्रतिभागी,शिक्षक
BF4233,Vishwanath Singh Kushwah,Vidisha,LATERI,"23310417904, Govt. HSS UNARSI KALAN",प्रतिभागी,शिक्षक
BR6069,Jitendra Singh Raghuwanshi,Vidisha,LATERI,"23310417904, Govt. HSS UNARSI KALAN",प्रतिभागी,शिक्षक
BY6205,Rajesh Kumar Sen,Vidisha,LATERI,"23310417904, Govt. HSS UNARSI KALAN",प्रतिभागी,शिक्षक
CF2703,SNEHAL DIGARSE,Vidisha,LATERI,"23310417904, Govt. HSS UNARSI KALAN",प्रतिभागी,शिक्षक
BF4072,Pramod Kumar Baghel,Vidisha,LATERI,"23310406406, Govt. HS JAWTI",प्रतिभागी,शिक्षक
BF4463,Ganda Lal,Vidisha,LATERI,"23310406406, Govt. HS JAWTI",प्रतिभागी,शिक्षक
BF5720,Hari Singh,Vidisha,LATERI,"23310406406, Govt. HS JAWTI",प्रतिभागी,शिक्षक
BZ8640,Laxmi Panthi,Vidisha,LATERI,"23310406406, Govt. HS JAWTI",प्रतिभागी,शिक्षक
BF4077,Anita Rajput,Vidisha,LATERI,"23310418128, Govt. HSS GIRLS LATERI",प्रतिभागी,शिक्षक
BF4320,Astha Shrivastava,Vidisha,LATERI,"23310418128, Govt. HSS GIRLS LATERI",प्रतिभागी,शिक्षक
BF4378,Mukesh Kumar Kirar,Vidisha,LATERI,"23310418128, Govt. HSS GIRLS LATERI",प्रतिभागी,शिक्षक
BP6867,Radheshyam Meena,Vidisha,LATERI,"23310418128, Govt. HSS GIRLS LATERI",प्रतिभागी,शिक्षक
BR7822,Haseen Khan,Vidisha,LATERI,"23310418128, Govt. HSS GIRLS LATERI",प्रतिभागी,शिक्षक
CF7518,JODAM LODHI,Vidisha,LATERI,"23310418128, Govt. HSS GIRLS LATERI",प्रतिभागी,शिक्षक
BF3970,Lokpal Singh Rajpoot,Vidisha,LATERI,"23310418127, Govt. HSS EXCELLENCE LATERI (BOYS)",प्रतिभागी,शिक्षक
BF3996,Khilan Singh Meena,Vidisha,LATERI,"23310418127, Govt. HSS EXCELLENCE LATERI (BOYS)",प्रतिभागी,शिक्षक
BF4039,Sahib Ali,Vidisha,LATERI,"23310418127, Govt. HSS EXCELLENCE LATERI (BOYS)",प्रतिभागी,शिक्षक
BF4316,Nisha Sharma,Vidisha,LATERI,"23310418127, Govt. HSS EXCELLENCE LATERI (BOYS)",प्रतिभागी,शिक्षक
BF4458,Hanumat Singh,Vidisha,LATERI,"23310418127, Govt. HSS EXCELLENCE LATERI (BOYS)",प्रतिभागी,शिक्षक
BF4116,Lakhan Lal,Vidisha,LATERI,"23310401710, Govt. HSS ANANDPUR",प्रतिभागी,शिक्षक
BF4135,Pratap Singh Dhakad,Vidisha,LATERI,"23310401710, Govt. HSS ANANDPUR",प्रतिभागी,शिक्षक
BF4167,Tundelal Ahirwar,Vidisha,LATERI,"23310401710, Govt. HSS ANANDPUR",प्रतिभागी,शिक्षक
BF4171,Ramkishan Malviya,Vidisha,LATERI,"23310401710, Govt. HSS ANANDPUR",प्रतिभागी,शिक्षक
BF4194,Ramdyal Sen,Vidisha,LATERI,"23310401710, Govt. HSS ANANDPUR",प्रतिभागी,शिक्षक
BF4321,Kailash Kumar Shivhare,Vidisha,LATERI,"23310401710, Govt. HSS ANANDPUR",प्रतिभागी,शिक्षक
BY9094,Priyanka Kushwah,Vidisha,LATERI,"23310401710, Govt. HSS ANANDPUR",प्रतिभागी,शिक्षक
BF3922,Saphik Khan Mansuri,Vidisha,LATERI,"23310409008, Govt. HSS MURARIYA",प्रतिभागी,शिक्षक
BT3002,Mahesh Babu Vishwakarma,Vidisha,LATERI,"23310409008, Govt. HSS MURARIYA",प्रतिभागी,शिक्षक
BY5813,Brajmohan Dhakad,Vidisha,LATERI,"23310409008, Govt. HSS MURARIYA",प्रतिभागी,शिक्षक
CB4242,DHARMENDRA RAWAT,Vidisha,LATERI,"23310409008, Govt. HSS MURARIYA",प्रतिभागी,शिक्षक
BF4030,Ram Kishan Ahirwar,Vidisha,LATERI,"23310410009, Govt. HSS MURWAS",प्रतिभागी,शिक्षक
BF4397,Sangeeta Panthi,Vidisha,LATERI,"23310410009, Govt. HSS MURWAS",प्रतिभागी,शिक्षक
BF4522,Mahesh Kumar,Vidisha,LATERI,"23310410009, Govt. HSS MURWAS",प्रतिभागी,शिक्षक
BT5287,Abhishek Nema,Vidisha,LATERI,"23310410009, Govt. HSS MURWAS",प्रतिभागी,शिक्षक
BY6362,Singraj Singh,Vidisha,LATERI,"23310410009, Govt. HSS MURWAS",प्रतिभागी,शिक्षक
BZ2857,Santosh Kumar Meena,Vidisha,LATERI,"23310410009, Govt. HSS MURWAS",प्रतिभागी,शिक्षक
BF5286,Kamod Singh Rajput,Vidisha,NATERAN,"23310507404, Govt. HSS KHADER",प्रतिभागी,शिक्षक
CD6280,RAJESH VARMA,Vidisha,NATERAN,"23310507404, Govt. HSS KHADER",प्रतिभागी,शिक्षक
CE5877,SHRASHTI JAIN,Vidisha,NATERAN,"23310507404, Govt. HSS KHADER",प्रतिभागी,शिक्षक
AY2089,Sangita Kori,Vidisha,NATERAN,"23310506305, Govt. HSS JOHAD",प्रतिभागी,शिक्षक
BE9996,Jyoti Sharma,Vidisha,NATERAN,"23310506305, Govt. HSS JOHAD",प्रतिभागी,शिक्षक
BF2755,Shamsher Singh Gond,Vidisha,NATERAN,"23310506305, Govt. HSS JOHAD",प्रतिभागी,शिक्षक
BF5184,Balbeer Singh Raghuwanshi,Vidisha,NATERAN,"23310506305, Govt. HSS JOHAD",प्रतिभागी,शिक्षक
BF6285,Takhat Singh Ahirwar,Vidisha,NATERAN,"23310506305, Govt. HSS JOHAD",प्रतिभागी,शिक्षक
BA2902,Rani Jatav,Vidisha,NATERAN,"23310510909, Govt. HSS EXCELLENCE NATERAN",प्रतिभागी,शिक्षक
BF4652,Manjula Sharma,Vidisha,NATERAN,"23310510909, Govt. HSS EXCELLENCE NATERAN",प्रतिभागी,शिक्षक
BF5053,Devendra Kumar Choubey,Vidisha,NATERAN,"23310510909, Govt. HSS EXCELLENCE NATERAN",प्रतिभागी,शिक्षक
BR3882,Sitaram Kushwah,Vidisha,NATERAN,"23310510909, Govt. HSS EXCELLENCE NATERAN",प्रतिभागी,शिक्षक
BY2314,Sanjeev Singh Raghuwanshi,Vidisha,NATERAN,"23310510909, Govt. HSS EXCELLENCE NATERAN",प्रतिभागी,शिक्षक
AE9786,Anjana Bhatiya,Vidisha,NATERAN,"23310516208, Govt. HSS SEU",प्रतिभागी,शिक्षक
BE9967,Narayan Singh,Vidisha,NATERAN,"23310516208, Govt. HSS SEU",प्रतिभागी,शिक्षक
BF4750,Ram Singh Jatav,Vidisha,NATERAN,"23310516208, Govt. HSS SEU",प्रतिभागी,शिक्षक
BF4770,Hakam Singh Kori,Vidisha,NATERAN,"23310516208, Govt. HSS SEU",प्रतिभागी,शिक्षक
BJ8437,Laxmi Yadav,Vidisha,NATERAN,"23310513512, Govt. HSS PIPALDHAR",प्रतिभागी,शिक्षक
BJ8441,Sheela Choudhary,Vidisha,NATERAN,"23310513512, Govt. HSS PIPALDHAR",प्रतिभागी,शिक्षक
BJ8500,Pushpendra Singh Rajpoot,Vidisha,NATERAN,"23310513512, Govt. HSS PIPALDHAR",प्रतिभागी,शिक्षक
BW1074,Narendra Kumar Soni,Vidisha,NATERAN,"23310513512, Govt. HSS PIPALDHAR",प्रतिभागी,शिक्षक
BF5112,Hameer Singh Jat,Vidisha,NATERAN,"23310518212, Govt. HSS WARDHA",प्रतिभागी,शिक्षक
BF6260,Raje Khan Mansoori,Vidisha,NATERAN,"23310518212, Govt. HSS WARDHA",प्रतिभागी,शिक्षक
BX2632,Dinesh Kushwah,Vidisha,NATERAN,"23310518212, Govt. HSS WARDHA",प्रतिभागी,शिक्षक
BY8312,Dipti Kushwaha,Vidisha,NATERAN,"23310518212, Govt. HSS WARDHA",प्रतिभागी,शिक्षक
BZ2769,Omprakash Raghuwanshi,Vidisha,NATERAN,"23310518212, Govt. HSS WARDHA",प्रतिभागी,शिक्षक
CE6646,ANIL NAMDEV,Vidisha,NATERAN,"23310518212, Govt. HSS WARDHA",प्रतिभागी,शिक्षक
BF1573,Lallu Singh Bhoi,Vidisha,NATERAN,"23310515604, Govt. HSS SATPADAHAT",प्रतिभागी,शिक्षक
BF5301,Suresh Kumar Raikwar,Vidisha,NATERAN,"23310515604, Govt. HSS SATPADAHAT",प्रतिभागी,शिक्षक
BZ6968,Uttam Singh,Vidisha,NATERAN,"23310515604, Govt. HSS SATPADAHAT",प्रतिभागी,शिक्षक
BF5143,Moji Lal Prajapati,Vidisha,NATERAN,"23310501008, Govt. HSS BARKHEDA JAGIR",प्रतिभागी,शिक्षक
BY5848,Dinesh Babu Sharma,Vidisha,NATERAN,"23310501008, Govt. HSS BARKHEDA JAGIR",प्रतिभागी,शिक्षक
BE9895,Mohammad Iqbal Qureshi,Vidisha,SIRONJ,"23310625063, Govt. HSS EXCELLENCE SIRONJ (BOYS)",प्रतिभागी,शिक्षक
BF1110,Sunder Singh,Vidisha,SIRONJ,"23310625063, Govt. HSS EXCELLENCE SIRONJ (BOYS)",प्रतिभागी,शिक्षक
BF1114,Kamal Singh Chidar,Vidisha,SIRONJ,"23310625063, Govt. HSS EXCELLENCE SIRONJ (BOYS)",प्रतिभागी,शिक्षक
BF1295,Chandrakanta Patel,Vidisha,SIRONJ,"23310625063, Govt. HSS EXCELLENCE SIRONJ (BOYS)",प्रतिभागी,शिक्षक
BF3787,Rashid Mohammed,Vidisha,SIRONJ,"23310625063, Govt. HSS EXCELLENCE SIRONJ (BOYS)",प्रतिभागी,शिक्षक
BF5572,Ram Babu Ahirwar,Vidisha,SIRONJ,"23310625063, Govt. HSS EXCELLENCE SIRONJ (BOYS)",प्रतिभागी,शिक्षक
BT5267,Sapnil Jain,Vidisha,SIRONJ,"23310625063, Govt. HSS EXCELLENCE SIRONJ (BOYS)",प्रतिभागी,शिक्षक
CD2031,VANDNA AHIRWAR,Vidisha,SIRONJ,"23310625063, Govt. HSS EXCELLENCE SIRONJ (BOYS)",प्रतिभागी,शिक्षक
CE6263,APEKSHA SHARMA,Vidisha,SIRONJ,"23310625063, Govt. HSS EXCELLENCE SIRONJ (BOYS)",प्रतिभागी,शिक्षक
BF5654,Ramkrishna Singh Raghuwanshi,Vidisha,SIRONJ,"23310610705, Govt. HSS GHATWAR",प्रतिभागी,शिक्षक
BF5955,Sharda Rajput,Vidisha,SIRONJ,"23310610705, Govt. HSS GHATWAR",प्रतिभागी,शिक्षक
BF5997,Pyare Lal Ahirwar,Vidisha,SIRONJ,"23310610705, Govt. HSS GHATWAR",प्रतिभागी,शिक्षक
BX7102,Haseen Uddin,Vidisha,SIRONJ,"23310610705, Govt. HSS GHATWAR",प्रतिभागी,शिक्षक
BZ4548,Priya Jain,Vidisha,SIRONJ,"23310610705, Govt. HSS GHATWAR",प्रतिभागी,शिक्षक
CE8626,JITENDRA PANWAR,Vidisha,SIRONJ,"23310610705, Govt. HSS GHATWAR",प्रतिभागी,शिक्षक
BF5620,Rajendra Singh Meena,Vidisha,SIRONJ,"23310612803, Govt. HS IMLANI",प्रतिभागी,शिक्षक
BF5854,Sanjay Kumar Pandey,Vidisha,SIRONJ,"23310612803, Govt. HS IMLANI",प्रतिभागी,शिक्षक
BF5989,Suresh Babu Rajak,Vidisha,SIRONJ,"23310612803, Govt. HS IMLANI",प्रतिभागी,शिक्षक
BF6036,Mahesh Kumar Kushwah,Vidisha,SIRONJ,"23310612803, Govt. HS IMLANI",प्रतिभागी,शिक्षक
CE6682,AMIT KUMAR RAGHUWANSHI,Vidisha,SIRONJ,"23310612803, Govt. HS IMLANI",प्रतिभागी,शिक्षक
BF5555,Lalchand Majhi,Vidisha,SIRONJ,"23310614203, Govt. HS KASBATAL",प्रतिभागी,शिक्षक
BS5201,Nasir Khan,Vidisha,SIRONJ,"23310614203, Govt. HS KASBATAL",प्रतिभागी,शिक्षक
BF1346,Rajendra Singh,Vidisha,SIRONJ,"23310607006, Govt. HSS DEEPNAKHEDA",प्रतिभागी,शिक्षक
BF1355,Sanjay Kumar Bhagat,Vidisha,SIRONJ,"23310607006, Govt. HSS DEEPNAKHEDA",प्रतिभागी,शिक्षक
BF5531,Jagdish Prasad Tiwari,Vidisha,SIRONJ,"23310607006, Govt. HSS DEEPNAKHEDA",प्रतिभागी,शिक्षक
CE4090,NIKITA PANDE,Vidisha,SIRONJ,"23310607006, Govt. HSS DEEPNAKHEDA",प्रतिभागी,शिक्षक
CE4285,VIKASH SINGH,Vidisha,SIRONJ,"23310607006, Govt. HSS DEEPNAKHEDA",प्रतिभागी,शिक्षक
CE7327,ROSHANI BARANGE,Vidisha,SIRONJ,"23310607006, Govt. HSS DEEPNAKHEDA",प्रतिभागी,शिक्षक
CE8812,ARPANA HALDAR,Vidisha,SIRONJ,"23310607006, Govt. HSS DEEPNAKHEDA",प्रतिभागी,शिक्षक
BE9860,Balmina Ekka,Vidisha,SIRONJ,"23310610307, Govt. HSS GARENTHA",प्रतिभागी,शिक्षक
BF5584,Ranjeet Kumar,Vidisha,SIRONJ,"23310610307, Govt. HSS GARENTHA",प्रतिभागी,शिक्षक
BF5655,Yashpal Singh Rajput,Vidisha,SIRONJ,"23310610307, Govt. HSS GARENTHA",प्रतिभागी,शिक्षक
BF1151,Pushpa Bai,Vidisha,SIRONJ,"23310602106, Govt. HSS BHAGWANTPUR",प्रतिभागी,शिक्षक
BF1261,Bhagwan Singh Dhakad,Vidisha,SIRONJ,"23310602106, Govt. HSS BHAGWANTPUR",प्रतिभागी,शिक्षक
BF1293,Megha Sharma,Vidisha,SIRONJ,"23310602106, Govt. HSS BHAGWANTPUR",प्रतिभागी,शिक्षक
BF6094,Sanjeev Kumar Dangi,Vidisha,SIRONJ,"23310602106, Govt. HSS BHAGWANTPUR",प्रतिभागी,शिक्षक
BF1142,Kanhaiya Lal Sharma,Vidisha,SIRONJ,"23310620704, Govt. HS RATANBARRI",प्रतिभागी,शिक्षक
BF1363,Bhupendra Singh,Vidisha,SIRONJ,"23310620704, Govt. HS RATANBARRI",प्रतिभागी,शिक्षक
BF5698,Devi Singh Rajput,Vidisha,SIRONJ,"23310620704, Govt. HS RATANBARRI",प्रतिभागी,शिक्षक
BT3370,Rajesh Vishwakarma,Vidisha,SIRONJ,"23310620704, Govt. HS RATANBARRI",प्रतिभागी,शिक्षक
BX8485,Sonu Singh Parihar,Vidisha,SIRONJ,"23310620704, Govt. HS RATANBARRI",प्रतिभागी,शिक्षक
CE8971,MAMTA PARIHAR,Vidisha,SIRONJ,"23310620704, Govt. HS RATANBARRI",प्रतिभागी,शिक्षक
AC2251,Reena Jain,Vidisha,SIRONJ,"23310625064, Govt. HSS SIRONJ (GIRLS)",प्रतिभागी,शिक्षक
AC2534,Antim Goswami,Vidisha,SIRONJ,"23310625064, Govt. HSS SIRONJ (GIRLS)",प्रतिभागी,शिक्षक
BF5957,Zahid Ali Khan,Vidisha,SIRONJ,"23310625064, Govt. HSS SIRONJ (GIRLS)",प्रतिभागी,शिक्षक
BF5988,Mahesh Babu Sahu,Vidisha,SIRONJ,"23310625064, Govt. HSS SIRONJ (GIRLS)",प्रतिभागी,शिक्षक
BF6080,Naval Singh,Vidisha,SIRONJ,"23310625064, Govt. HSS SIRONJ (GIRLS)",प्रतिभागी,शिक्षक
BS1187,Pramod Shakya,Vidisha,SIRONJ,"23310625064, Govt. HSS SIRONJ (GIRLS)",प्रतिभागी,शिक्षक
CB8045,SHUBHAM SAHU,Vidisha,SIRONJ,"23310625064, Govt. HSS SIRONJ (GIRLS)",प्रतिभागी,शिक्षक
BQ6769,Brajesh Panthi,Vidisha,SIRONJ,"23310617603, Govt. HS CHITAWAR",प्रतिभागी,शिक्षक
BY5814,Dhanveer Singh Rajpoot,Vidisha,SIRONJ,"23310617603, Govt. HS CHITAWAR",प्रतिभागी,शिक्षक
CD3085,MAHESH SINGH KUSHWAH,Vidisha,SIRONJ,"23310617603, Govt. HS CHITAWAR",प्रतिभागी,शिक्षक
BF5769,Mangi Lal Ahirwar,Vidisha,SIRONJ,"23310615905, Govt. HSS MUGAL SARAY",प्रतिभागी,शिक्षक
BF5834,Ramdayal Sharma,Vidisha,SIRONJ,"23310615905, Govt. HSS MUGAL SARAY",प्रतिभागी,शिक्षक
BF6044,Chain Singh Dinkar,Vidisha,SIRONJ,"23310615905, Govt. HSS MUGAL SARAY",प्रतिभागी,सीएसी
AU9115,Rachana Choksey,Vidisha,VIDISHA,"23310713703, Govt. HSS KHAMTALA",प्रतिभागी,शिक्षक
BE9126,Manoj Kumar Raikwar,Vidisha,VIDISHA,"23310713703, Govt. HSS KHAMTALA",प्रतिभागी,शिक्षक
BE9215,Jyoti Saxena,Vidisha,VIDISHA,"23310713703, Govt. HSS KHAMTALA",प्रतिभागी,शिक्षक
BF1668,Dharmendra Chouksey,Vidisha,VIDISHA,"23310713703, Govt. HSS KHAMTALA",प्रतिभागी,शिक्षक
BF3881,Anita Parihar,Vidisha,VIDISHA,"23310713703, Govt. HSS KHAMTALA",प्रतिभागी,शिक्षक
BF4949,Saeed Khan,Vidisha,VIDISHA,"23310713703, Govt. HSS KHAMTALA",प्रतिभागी,शिक्षक
BF4980,Umesh Kumar Sharma,Vidisha,VIDISHA,"23310713703, Govt. HSS KHAMTALA",प्रतिभागी,शिक्षक
BS4518,Ajay Methil,Vidisha,VIDISHA,"23310713703, Govt. HSS KHAMTALA",प्रतिभागी,शिक्षक
AU1462,Kavita Tiwari,Vidisha,VIDISHA,"23310723117, Govt. HSS MLB (GIRLS) VIDISHA",प्रतिभागी,शिक्षक
BF4531,Priti Sharma,Vidisha,VIDISHA,"23310723117, Govt. HSS MLB (GIRLS) VIDISHA",प्रतिभागी,शिक्षक
BP4205,Mamta Mehra,Vidisha,VIDISHA,"23310723117, Govt. HSS MLB (GIRLS) VIDISHA",प्रतिभागी,शिक्षक
BW6476,Mamta Jain,Vidisha,VIDISHA,"23310723117, Govt. HSS MLB (GIRLS) VIDISHA",प्रतिभागी,शिक्षक
BF3220,KRISHNA Kumar Sharma,Vidisha,VIDISHA,"23310723118, Govt. HSS BARIPURA, VIDISHA",प्रतिभागी,शिक्षक
BF4159,Mithlesh Dhakad,Vidisha,VIDISHA,"23310723118, Govt. HSS BARIPURA, VIDISHA",प्रतिभागी,शिक्षक
BF4752,Sunita Thakur,Vidisha,VIDISHA,"23310723118, Govt. HSS BARIPURA, VIDISHA",प्रतिभागी,शिक्षक
BV9197,Deepak Bhargava,Vidisha,VIDISHA,"23310723118, Govt. HSS BARIPURA, VIDISHA",प्रतिभागी,शिक्षक
CD2822,UMA VISHWAKARMA,Vidisha,VIDISHA,"23310723118, Govt. HSS BARIPURA, VIDISHA",प्रतिभागी,शिक्षक
AF3359,Sheetal Bidwaiker,Vidisha,VIDISHA,"23310723119, Govt. HSS MADHAVGANJ-2 VIDISHA",प्रतिभागी,शिक्षक
BE9652,Sweta Shrivastava,Vidisha,VIDISHA,"23310723119, Govt. HSS MADHAVGANJ-2 VIDISHA",प्रतिभागी,शिक्षक
BF1665,Vivek Jain,Vidisha,VIDISHA,"23310723119, Govt. HSS MADHAVGANJ-2 VIDISHA",प्रतिभागी,शिक्षक
BF3051,Vijendra Singh Rana,Vidisha,VIDISHA,"23310723119, Govt. HSS MADHAVGANJ-2 VIDISHA",प्रतिभागी,शिक्षक
BF4280,Sneh Lata,Vidisha,VIDISHA,"23310723119, Govt. HSS MADHAVGANJ-2 VIDISHA",प्रतिभागी,शिक्षक
BF4987,Preeti Soni,Vidisha,VIDISHA,"23310723119, Govt. HSS MADHAVGANJ-2 VIDISHA",प्रतिभागी,शिक्षक
BP4204,Meenu Sharma,Vidisha,VIDISHA,"23310723119, Govt. HSS MADHAVGANJ-2 VIDISHA",प्रतिभागी,शिक्षक
BR8699,Rukmani Bhargava,Vidisha,VIDISHA,"23310723119, Govt. HSS MADHAVGANJ-2 VIDISHA",प्रतिभागी,शिक्षक
BZ2567,Ashish Jain,Vidisha,VIDISHA,"23310723119, Govt. HSS MADHAVGANJ-2 VIDISHA",प्रतिभागी,शिक्षक
CB8742,DIMPLE SAHU,Vidisha,VIDISHA,"23310723119, Govt. HSS MADHAVGANJ-2 VIDISHA",प्रतिभागी,शिक्षक
BE9777,Gyanmani Tigga,Vidisha,VIDISHA,"23310707405, Govt. HSS HANSUA",प्रतिभागी,शिक्षक
BE9822,Hukam Singh Dangi,Vidisha,VIDISHA,"23310707405, Govt. HSS HANSUA",प्रतिभागी,शिक्षक
BE9602,Shiv Kumari Thakur,Vidisha,VIDISHA,"23310700108, Govt. HSS AHMADPUR",प्रतिभागी,शिक्षक
BF1279,Jayanti Kushwaha,Vidisha,VIDISHA,"23310700108, Govt. HSS AHMADPUR",प्रतिभागी,शिक्षक
BF5389,Lokman Singh,Vidisha,VIDISHA,"23310700108, Govt. HSS AHMADPUR",प्रतिभागी,शिक्षक
BF6245,Dharmendra Singh Bansal,Vidisha,VIDISHA,"23310700108, Govt. HSS AHMADPUR",प्रतिभागी,शिक्षक
BF6345,Jyoti Sharma,Vidisha,VIDISHA,"23310700108, Govt. HSS AHMADPUR",प्रतिभागी,शिक्षक
BS4471,Adesh Kumar Jain,Vidisha,VIDISHA,"23310700108, Govt. HSS AHMADPUR",प्रतिभागी,शिक्षक
BT4292,Indra Singh Mourya,Vidisha,VIDISHA,"23310700108, Govt. HSS AHMADPUR",प्रतिभागी,शिक्षक
BZ4322,Mahesh Kumar Shilpi,Vidisha,VIDISHA,"23310700108, Govt. HSS AHMADPUR",प्रतिभागी,शिक्षक
BE9498,Narendra Kumar Mourya,Vidisha,VIDISHA,"23310704605, Govt. HSS DEVKHAJURI",प्रतिभागी,शिक्षक
BE9516,Ram Kumar Sharma,Vidisha,VIDISHA,"23310704605, Govt. HSS DEVKHAJURI",प्रतिभागी,शिक्षक
BE9672,Bharti Saini,Vidisha,VIDISHA,"23310704605, Govt. HSS DEVKHAJURI",प्रतिभागी,शिक्षक
BP5281,Safeek Khan,Vidisha,VIDISHA,"23310704605, Govt. HSS DEVKHAJURI",प्रतिभागी,शिक्षक
BR8701,Babita Shrivastava,Vidisha,VIDISHA,"23310704605, Govt. HSS DEVKHAJURI",प्रतिभागी,शिक्षक
BT2264,Deepak Raghuwanshi,Vidisha,VIDISHA,"23310704605, Govt. HSS DEVKHAJURI",प्रतिभागी,शिक्षक
BT2966,Meena Jain,Vidisha,VIDISHA,"23310704605, Govt. HSS DEVKHAJURI",प्रतिभागी,शिक्षक
BV4414,Gajendra Raghuwanshi,Vidisha,VIDISHA,"23310704605, Govt. HSS DEVKHAJURI",प्रतिभागी,शिक्षक
BF4915,Chhaya Sharma,Vidisha,VIDISHA,"23310716307, Govt. HSS PEEPALKHEDA",प्रतिभागी,शिक्षक
BT1134,Sapna Sahu,Vidisha,VIDISHA,"23310716307, Govt. HSS PEEPALKHEDA",प्रतिभागी,शिक्षक
BF1663,Trilok Singh Yadav,Vidisha,VIDISHA,"23310711705, Govt. HSS KHAMKHEDA",प्रतिभागी,शिक्षक
BF1688,Mahesh Kumar Ketoghania,Vidisha,VIDISHA,"23310711705, Govt. HSS KHAMKHEDA",प्रतिभागी,शिक्षक
BQ1324,Maya Verma,Vidisha,VIDISHA,"23310711705, Govt. HSS KHAMKHEDA",प्रतिभागी,शिक्षक
BQ1330,Bablu Dhote,Vidisha,VIDISHA,"23310711705, Govt. HSS KHAMKHEDA",प्रतिभागी,शिक्षक
BV1352,Sheetal Raghuwanshi,Vidisha,VIDISHA,"23310711705, Govt. HSS KHAMKHEDA",प्रतिभागी,शिक्षक
BX4548,Rakesh Vyas,Vidisha,VIDISHA,"23310711705, Govt. HSS KHAMKHEDA",प्रतिभागी,शिक्षक
CB6188,GAJENDRA BAGHEL,Vidisha,VIDISHA,"23310711705, Govt. HSS KHAMKHEDA",प्रतिभागी,शिक्षक
BE9279,Nirpat Singh Jadon,Vidisha,VIDISHA,"23310723121, Govt. HSS GIRLS SHERPURA",प्रतिभागी,शिक्षक
BE9649,Reeta Rohitas,Vidisha,VIDISHA,"23310723121, Govt. HSS GIRLS SHERPURA",प्रतिभागी,शिक्षक
BE9653,Bhakti Makwe,Vidisha,VIDISHA,"23310723121, Govt. HSS GIRLS SHERPURA",प्रतिभागी,शिक्षक
BE9701,Roopam Jain,Vidisha,VIDISHA,"23310723121, Govt. HSS GIRLS SHERPURA",प्रतिभागी,शिक्षक
BE9771,Richa Jain,Vidisha,VIDISHA,"23310723121, Govt. HSS GIRLS SHERPURA",प्रतिभागी,शिक्षक
BF4078,Chandrabhan Chidar,Vidisha,VIDISHA,"23310723121, Govt. HSS GIRLS SHERPURA",प्रतिभागी,शिक्षक
BF4826,Rekha Vishwakarma,Vidisha,VIDISHA,"23310723121, Govt. HSS GIRLS SHERPURA",प्रतिभागी,शिक्षक
BQ6094,Kuldeep Kumbhkar,Vidisha,VIDISHA,"23310723121, Govt. HSS GIRLS SHERPURA",प्रतिभागी,शिक्षक
BZ3484,Megha Saxena,Vidisha,VIDISHA,"23310723121, Govt. HSS GIRLS SHERPURA",प्रतिभागी,शिक्षक
BF1568,Gopal Shrivastava,Vidisha,VIDISHA,"23310703309, Govt. HSS DHAMNODA",प्रतिभागी,शिक्षक
BF2816,Manish Kumar Maheshwari,Vidisha,VIDISHA,"23310703309, Govt. HSS DHAMNODA",प्रतिभागी,शिक्षक
BF5000,Vijay Kumar Dubey,Vidisha,VIDISHA,"23310703309, Govt. HSS DHAMNODA",प्रतिभागी,शिक्षक
BE9464,Gyan Singh Arya,Vidisha,VIDISHA,"23310721806, Govt. HSS THARR",प्रतिभागी,शिक्षक
BF1422,Mukesh Kumar Chouhan,Vidisha,VIDISHA,"23310721806, Govt. HSS THARR",प्रतिभागी,शिक्षक
BF3914,Rekha Kori,Vidisha,VIDISHA,"23310721806, Govt. HSS THARR",प्रतिभागी,शिक्षक
BF6362,Santosh Namdev,Vidisha,VIDISHA,"23310721806, Govt. HSS THARR",प्रतिभागी,शिक्षक
BF6564,Kailash Singh Lodhi,Vidisha,VIDISHA,"23310721806, Govt. HSS THARR",प्रतिभागी,शिक्षक
BW7860,Priyatma Shrivastava,Vidisha,VIDISHA,"23310721806, Govt. HSS THARR",प्रतिभागी,शिक्षक
