EmployeeCode,EmployeeName,DistrictName,BlockName,ClusterName,RoleName,DesignationName
AZ8032,Deepak Bhatnagar,Agar Malwa,AGAR,"23510809812, GOVT. H.S.S . GIRLS . AGAR",प्रतिभागी,सीएसी
AZ8042,Jagdish Chandra Patidar,Agar Malwa,AGAR,"23510809812, GOVT. H.S.S . GIRLS . AGAR",प्रतिभागी,शिक्षक
BA1269,Hemlata Gangwal,Agar Malwa,AGAR,"23510809812, GOVT. H.S.S . GIRLS . AGAR",प्रतिभागी,शिक्षक
BX4341,Durgashankar Guwatiya,Agar Malwa,AGAR,"23510809812, GOVT. H.S.S . GIRLS . AGAR",प्रतिभागी,शिक्षक
AZ8019,Saroj Vishwakarma,Agar Malwa,AGAR,"23510803114, GOVT. H.S.S. TANODIYA",प्रतिभागी,शिक्षक
AZ8020,Gopal Singh,Agar Malwa,AGAR,"23510803114, GOVT. H.S.S. TANODIYA",प्रतिभागी,शिक्षक
BA5379,Jagadish Kadaraa,Agar Malwa,AGAR,"23510803114, GOVT. H.S.S. TANODIYA",प्रतिभागी,शिक्षक
AZ7951,Kalu Singh Rathore,Agar Malwa,AGAR,"23510804213, GOVT. H.S. PIPLONKALAN",प्रतिभागी,शिक्षक
AZ8047,Vivek Kanherkar,Agar Malwa,AGAR,"23510804213, GOVT. H.S. PIPLONKALAN",प्रतिभागी,शिक्षक
BX9064,Rubina Ansari,Agar Malwa,AGAR,"23510804213, GOVT. H.S. PIPLONKALAN",प्रतिभागी,शिक्षक
BA1154,Ramesh Chandra Nevla,Agar Malwa,AGAR,"23510802703, GIRLS P.S. KANAD",प्रतिभागी,शिक्षक
BA1206,Radheshyam Vishvakarma,Agar Malwa,AGAR,"23510802703, GIRLS P.S. KANAD",प्रतिभागी,शिक्षक
AZ7775,Serazun Ansari,Agar Malwa,AGAR,"23510802719, GOVT. H.S.S . KANAD",प्रतिभागी,शिक्षक
BO3459,Satya Narayan Chouhan,Agar Malwa,AGAR,"23510802719, GOVT. H.S.S . KANAD",प्रतिभागी,शिक्षक
AZ8128,Premlata Meghwanshi,Agar Malwa,BAROD,"23510100203, GOVT. HS JAMLI",प्रतिभागी,शिक्षक
AZ8901,Bhuwan Lal,Agar Malwa,BAROD,"23510100203, GOVT. HS JAMLI",प्रतिभागी,शिक्षक
BX5386,Prem Narayan Vishwakarma,Agar Malwa,BAROD,"23510100203, GOVT. HS JAMLI",प्रतिभागी,शिक्षक
AZ9013,Murlidhar Sharma,Agar Malwa,BAROD,"23510108509, GOVT. H. S- SUDWAS",प्रतिभागी,शिक्षक
AZ9111,Tilottama Rao,Agar Malwa,BAROD,"23510111006, GOVT. HS. KHAJURI BAROD",प्रतिभागी,शिक्षक
AZ8985,Mohan Kumar Dube,Agar Malwa,BAROD,"23510110823, GOVT. H.S.S. EXCELL. BAROD",प्रतिभागी,शिक्षक
BA5457,Brijbala Modi,Agar Malwa,BAROD,"23510110823, GOVT. H.S.S. EXCELL. BAROD",प्रतिभागी,शिक्षक
BZ2985,Arvind Singh,Agar Malwa,BAROD,"23510110823, GOVT. H.S.S. EXCELL. BAROD",प्रतिभागी,शिक्षक
AZ8086,Kaluram Parmaar,Agar Malwa,BAROD,"23510104004, GOVT. HSS BIJANAGRI",प्रतिभागी,शिक्षक
DB1954,MURLI KUMAR BHYANZA,Agar Malwa,BAROD,"23510104004, GOVT. HSS BIJANAGRI",प्रतिभागी,शिक्षक
AZ8133,Suresh Soni,Agar Malwa,BAROD,"23510105404, GOVT. HS AMBADEV",प्रतिभागी,शिक्षक
BT8891,Suresh Kumar Bagdawat,Agar Malwa,BAROD,"23510105404, GOVT. HS AMBADEV",प्रतिभागी,शिक्षक
BX7329,Kamal Singh Sisodiya,Agar Malwa,BAROD,"23510105404, GOVT. HS AMBADEV",प्रतिभागी,शिक्षक
CF7513,RAGHAV TRIPATHI,Agar Malwa,BAROD,"23510105404, GOVT. HS AMBADEV",प्रतिभागी,शिक्षक
BA5706,Abdul Rajak Lahori,Agar Malwa,BAROD,"23510110822, GOVT. H.S.S. GIRLS . BAROD",प्रतिभागी,शिक्षक
CD5456,GYAN SHAKYA,Agar Malwa,BAROD,"23510110822, GOVT. H.S.S. GIRLS . BAROD",प्रतिभागी,शिक्षक
BA2054,Satyanarayan Bansiya,Agar Malwa,NALKHEDA,"23510202128, GOVT. H.S.S. EXCEL. NALKHEDA",प्रतिभागी,शिक्षक
BA2151,Saleem Mansoori,Agar Malwa,NALKHEDA,"23510202128, GOVT. H.S.S. EXCEL. NALKHEDA",प्रतिभागी,शिक्षक
CC8298,RAVI VEDIYA,Agar Malwa,NALKHEDA,"23510202128, GOVT. H.S.S. EXCEL. NALKHEDA",प्रतिभागी,शिक्षक
BX6014,Nitin Prajapati,Agar Malwa,NALKHEDA,"23510202127, GOVT. H.S.S. GIRLS . NALKHEDA",प्रतिभागी,शिक्षक
BA2212,Sitaram Sen,Agar Malwa,NALKHEDA,"23510200207, GOVT. H.S.S. SUIGAON",प्रतिभागी,शिक्षक
BA2355,Devisingh Bohara,Agar Malwa,NALKHEDA,"23510200207, GOVT. H.S.S. SUIGAON",प्रतिभागी,शिक्षक
BA2458,Nitu Jain,Agar Malwa,NALKHEDA,"23510200207, GOVT. H.S.S. SUIGAON",प्रतिभागी,शिक्षक
BX7530,Jagdish Patidar,Agar Malwa,NALKHEDA,"23510200207, GOVT. H.S.S. SUIGAON",प्रतिभागी,शिक्षक
BX7531,Nawab Khan,Agar Malwa,NALKHEDA,"23510200207, GOVT. H.S.S. SUIGAON",प्रतिभागी,शिक्षक
BZ6891,Sanvaliya Gurjar,Agar Malwa,NALKHEDA,"23510200207, GOVT. H.S.S. SUIGAON",प्रतिभागी,शिक्षक
BX5341,Sanjay Kumar,Agar Malwa,NALKHEDA,"23510204106, GOVT. H.S. PILWAS",प्रतिभागी,शिक्षक
BY1950,Kanhaiya Lal Patidar,Agar Malwa,NALKHEDA,"23510204106, GOVT. H.S. PILWAS",प्रतिभागी,शिक्षक
BA2171,Balchand Sharma,Agar Malwa,NALKHEDA,"23510205709, GOVT. H.S.S.BADAGAON",प्रतिभागी,शिक्षक
CD5477,SUDHIR KUMAR DONGRE,Agar Malwa,NALKHEDA,"23510205709, GOVT. H.S.S.BADAGAON",प्रतिभागी,शिक्षक
CD5492,RAMBABU MEGHWAL,Agar Malwa,NALKHEDA,"23510205709, GOVT. H.S.S.BADAGAON",प्रतिभागी,शिक्षक
BA5003,Deepak Kumar,Agar Malwa,SUSNER,"23510300126, GOVT. H.S.S. GIRLS . SUSNER",प्रतिभागी,शिक्षक
BA5009,Ashok Kumar,Agar Malwa,SUSNER,"23510300126, GOVT. H.S.S. GIRLS . SUSNER",प्रतिभागी,शिक्षक
BA5016,Babita Jain,Agar Malwa,SUSNER,"23510300126, GOVT. H.S.S. GIRLS . SUSNER",प्रतिभागी,शिक्षक
BT1789,Gaurev Kumar Jat,Agar Malwa,SUSNER,"23510300126, GOVT. H.S.S. GIRLS . SUSNER",प्रतिभागी,शिक्षक
BW6023,Kamana Jain,Agar Malwa,SUSNER,"23510300126, GOVT. H.S.S. GIRLS . SUSNER",प्रतिभागी,शिक्षक
BZ1140,Rameshvar Gurjar,Agar Malwa,SUSNER,"23510300126, GOVT. H.S.S. GIRLS . SUSNER",प्रतिभागी,शिक्षक
CA9697,NISHA JAIN,Agar Malwa,SUSNER,"23510300126, GOVT. H.S.S. GIRLS . SUSNER",प्रतिभागी,शिक्षक
BA4634,Dinesh Kumar Patidar,Agar Malwa,SUSNER,"23510308109, GOVT. H.S.S. DONGARGAON",प्रतिभागी,शिक्षक
BA4970,Mahesh Kumar,Agar Malwa,SUSNER,"23510308109, GOVT. H.S.S. DONGARGAON",प्रतिभागी,शिक्षक
BA4806,Mangilal Jangade,Agar Malwa,SUSNER,"23510301403, GOVT HS DEHRIYA SOYAT",प्रतिभागी,शिक्षक
BA4807,Giri Raj Gupta,Agar Malwa,SUSNER,"23510301403, GOVT HS DEHRIYA SOYAT",प्रतिभागी,शिक्षक
BA4992,Satish Kumar Jain,Agar Malwa,SUSNER,"23510301403, GOVT HS DEHRIYA SOYAT",प्रतिभागी,शिक्षक
BA4993,Arjun Singh Gehlot,Agar Malwa,SUSNER,"23510301403, GOVT HS DEHRIYA SOYAT",प्रतिभागी,शिक्षक
BA5325,Arun Kumar Mule,Agar Malwa,SUSNER,"23510301403, GOVT HS DEHRIYA SOYAT",प्रतिभागी,शिक्षक
BY7415,Arvind Kumar Jatav,Agar Malwa,SUSNER,"23510301403, GOVT HS DEHRIYA SOYAT",प्रतिभागी,शिक्षक
BA5332,Shyamsunder Bansiya,Agar Malwa,SUSNER,"23510300414, GOVT. H.S.S.MODI",प्रतिभागी,शिक्षक
BS3195,Jagdish Prasad Dangi,Agar Malwa,SUSNER,"23510300414, GOVT. H.S.S.MODI",प्रतिभागी,शिक्षक
BY8555,Rameshwar Dayal Verma,Agar Malwa,SUSNER,"23510300414, GOVT. H.S.S.MODI",प्रतिभागी,शिक्षक
BY9542,Mangi Lal,Agar Malwa,SUSNER,"23510300414, GOVT. H.S.S.MODI",प्रतिभागी,शिक्षक
BA4727,Pradhuman Sharma,Agar Malwa,SUSNER,"23510310421, GOVT. H.S.S.. SOYATKALAN",प्रतिभागी,शिक्षक
BA4769,Suman Kumar,Agar Malwa,SUSNER,"23510310421, GOVT. H.S.S.. SOYATKALAN",प्रतिभागी,शिक्षक
BA4773,Rupesh Kumar Sharma,Agar Malwa,SUSNER,"23510310421, GOVT. H.S.S.. SOYATKALAN",प्रतिभागी,शिक्षक
BA4975,Suresh Chand Dangi,Agar Malwa,SUSNER,"23510310421, GOVT. H.S.S.. SOYATKALAN",प्रतिभागी,शिक्षक
BA4997,Rekha Dangi,Agar Malwa,SUSNER,"23510310421, GOVT. H.S.S.. SOYATKALAN",प्रतिभागी,शिक्षक
BA5035,Om Prakash Sen,Agar Malwa,SUSNER,"23510310421, GOVT. H.S.S.. SOYATKALAN",प्रतिभागी,शिक्षक
BX6075,Laxmi Narayan Malviya,Agar Malwa,SUSNER,"23510310421, GOVT. H.S.S.. SOYATKALAN",प्रतिभागी,शिक्षक
BX8683,Giriraj Sharma,Agar Malwa,SUSNER,"23510310421, GOVT. H.S.S.. SOYATKALAN",प्रतिभागी,शिक्षक
BA4972,Jayshree Sharma,Agar Malwa,SUSNER,"23510300125, GOVT. H.S.S.EXCELL. SUSNER",प्रतिभागी,शिक्षक
BA5164,Rana Hemendra Singh,Agar Malwa,SUSNER,"23510300125, GOVT. H.S.S.EXCELL. SUSNER",प्रतिभागी,शिक्षक
BA5240,Devi Lal Atodia,Agar Malwa,SUSNER,"23510300125, GOVT. H.S.S.EXCELL. SUSNER",प्रतिभागी,शिक्षक
BA5303,Balchand Bhilala,Agar Malwa,SUSNER,"23510300125, GOVT. H.S.S.EXCELL. SUSNER",प्रतिभागी,शिक्षक
BP8961,Rakesh Mali,Agar Malwa,SUSNER,"23510300125, GOVT. H.S.S.EXCELL. SUSNER",प्रतिभागी,शिक्षक
BW6431,Krishna Sen,Agar Malwa,SUSNER,"23510300125, GOVT. H.S.S.EXCELL. SUSNER",प्रतिभागी,शिक्षक
BX6066,Shyamsundar Raikuwal,Agar Malwa,SUSNER,"23510300125, GOVT. H.S.S.EXCELL. SUSNER",प्रतिभागी,शिक्षक
BJ7466,Lokendra Singh Panwar,Alirajpur,ALIRAJPUR,"23490204011, GOVT. H.S.S. ALIRAJPUR(BUS STAND)",प्रतिभागी,शिक्षक
BK9631,Virbala Vaghela,Alirajpur,ALIRAJPUR,"23490204011, GOVT. H.S.S. ALIRAJPUR(BUS STAND)",प्रतिभागी,शिक्षक
BO7796,Sageeta Kirad,Alirajpur,ALIRAJPUR,"23490204011, GOVT. H.S.S. ALIRAJPUR(BUS STAND)",प्रतिभागी,शिक्षक
BO7814,Anuj Dvedi,Alirajpur,ALIRAJPUR,"23490204011, GOVT. H.S.S. ALIRAJPUR(BUS STAND)",प्रतिभागी,शिक्षक
BE9985,Chetana Rawat,Alirajpur,ALIRAJPUR,"23490209122, GOVT.  H.S.S. NANPUR",प्रतिभागी,शिक्षक
BJ5180,Onkarsingh Kirad,Alirajpur,ALIRAJPUR,"23490209122, GOVT.  H.S.S. NANPUR",प्रतिभागी,शिक्षक
BJ5215,Saradar Singh Baghel,Alirajpur,ALIRAJPUR,"23490209122, GOVT.  H.S.S. NANPUR",प्रतिभागी,शिक्षक
BM4745,Shailesh Kumar Rathod,Alirajpur,ALIRAJPUR,"23490209122, GOVT.  H.S.S. NANPUR",प्रतिभागी,शिक्षक
BT4322,Sangeeta Solanki,Alirajpur,ALIRAJPUR,"23490209122, GOVT.  H.S.S. NANPUR",प्रतिभागी,शिक्षक
BT6433,Sharda Chouhan Sharda Valaha,Alirajpur,ALIRAJPUR,"23490209122, GOVT.  H.S.S. NANPUR",प्रतिभागी,शिक्षक
BK4841,Anita Chongad,Alirajpur,ALIRAJPUR,"23490213402, GOVT. H.S. CHICHALGURA",प्रतिभागी,शिक्षक
BK9615,Reena Vaghela,Alirajpur,ALIRAJPUR,"23490213402, GOVT. H.S. CHICHALGURA",प्रतिभागी,शिक्षक
BJ4633,KUWAR SINGH CHOUHAN,Alirajpur,ALIRAJPUR,"23490207407, GOVT. H.S.S. BADI",प्रतिभागी,शिक्षक
BK4745,Vidhya Bandor,Alirajpur,ALIRAJPUR,"23490207407, GOVT. H.S.S. BADI",प्रतिभागी,शिक्षक
BK4757,Sunita Rathod,Alirajpur,ALIRAJPUR,"23490207407, GOVT. H.S.S. BADI",प्रतिभागी,शिक्षक
BM4826,Hemlata Pancholi,Alirajpur,ALIRAJPUR,"23490207407, GOVT. H.S.S. BADI",प्रतिभागी,शिक्षक
BM4827,Maheshchandra Gupta,Alirajpur,ALIRAJPUR,"23490207407, GOVT. H.S.S. BADI",प्रतिभागी,शिक्षक
BJ6127,Rendali Sastiya,Alirajpur,ALIRAJPUR,"23490202111, GOVT. H.S. AJANDA",प्रतिभागी,शिक्षक
BM4805,Sersingh Baghel,Alirajpur,ALIRAJPUR,"23490202111, GOVT. H.S. AJANDA",प्रतिभागी,शिक्षक
BK4825,Gayansingh Chongad,Alirajpur,ALIRAJPUR,"23490202608, GOVT. H.S. AMBARI",प्रतिभागी,शिक्षक
BK9614,Aruna Shrivastava,Alirajpur,ALIRAJPUR,"23490204013, GOVT. H.S.S. ALIRAJPUR(BAHARPURA)",प्रतिभागी,शिक्षक
BM4789,Jagat Singh Ravat,Alirajpur,ALIRAJPUR,"23490204013, GOVT. H.S.S. ALIRAJPUR(BAHARPURA)",प्रतिभागी,शिक्षक
BO5815,Hamida Khan,Alirajpur,ALIRAJPUR,"23490204013, GOVT. H.S.S. ALIRAJPUR(BAHARPURA)",प्रतिभागी,शिक्षक
BO9588,Mohan Singh Dawar,Alirajpur,ALIRAJPUR,"23490204013, GOVT. H.S.S. ALIRAJPUR(BAHARPURA)",प्रतिभागी,शिक्षक
CC7759,NEETESH SHARMA,Alirajpur,ALIRAJPUR,"23490204013, GOVT. H.S.S. ALIRAJPUR(BAHARPURA)",प्रतिभागी,शिक्षक
BJ1658,Antar Samaliya,Alirajpur,ALIRAJPUR,"23490210708, GOVT. H.S. KHARKUA",प्रतिभागी,शिक्षक
BK4765,Kalusingh Chouhan,Alirajpur,ALIRAJPUR,"23490210708, GOVT. H.S. KHARKUA",प्रतिभागी,शिक्षक
BK4772,Lalita Barela,Alirajpur,ALIRAJPUR,"23490210708, GOVT. H.S. KHARKUA",प्रतिभागी,शिक्षक
BK4928,Kiran Dawar,Alirajpur,ALIRAJPUR,"23490210708, GOVT. H.S. KHARKUA",प्रतिभागी,शिक्षक
BK9622,Magan Morya,Alirajpur,ALIRAJPUR,"23490210708, GOVT. H.S. KHARKUA",प्रतिभागी,शिक्षक
BN1203,Hardas Dawar,Alirajpur,ALIRAJPUR,"23490210708, GOVT. H.S. KHARKUA",प्रतिभागी,शिक्षक
BO7799,Kusum Dodwa,Alirajpur,ALIRAJPUR,"23490210708, GOVT. H.S. KHARKUA",प्रतिभागी,शिक्षक
BO7800,Kirti Bhinde,Alirajpur,ALIRAJPUR,"23490210708, GOVT. H.S. KHARKUA",प्रतिभागी,शिक्षक
BT4260,Balwantsingh Jamra,Alirajpur,ALIRAJPUR,"23490210708, GOVT. H.S. KHARKUA",प्रतिभागी,शिक्षक
BT4349,Sadhna Gadariya,Alirajpur,ALIRAJPUR,"23490210708, GOVT. H.S. KHARKUA",प्रतिभागी,शिक्षक
BX4622,Shelendra Chouhan,Alirajpur,ALIRAJPUR,"23490210708, GOVT. H.S. KHARKUA",प्रतिभागी,शिक्षक
BK9743,Shobharam Kalam,Alirajpur,ALIRAJPUR,"23490202112, GOVT. H.SS.. LAXMANI",प्रतिभागी,शिक्षक
BJ5803,Dalamsingh Rawat,Alirajpur,ALIRAJPUR,"23490202609, GOVT. H.S. THODSINDHI",प्रतिभागी,शिक्षक
AR6331,Antar Singh,Alirajpur,ALIRAJPUR,"23490207915, GOVT. H.S.S. AMBUA",प्रतिभागी,शिक्षक
BN2477,Rekha Dudve,Alirajpur,ALIRAJPUR,"23490204805, GOVT. H.S.S. BORKHAR ( 1 TO 12)",प्रतिभागी,शिक्षक
CF8227,RANJEETA MORI,Alirajpur,ALIRAJPUR,"23490204805, GOVT. H.S.S. BORKHAR ( 1 TO 12)",प्रतिभागी,शिक्षक
BM4742,Anita Rathod,Alirajpur,ALIRAJPUR,"23490209121, GOVT. H.S.S NANPUR",प्रतिभागी,शिक्षक
BM4802,Gopal Wani,Alirajpur,ALIRAJPUR,"23490209121, GOVT. H.S.S NANPUR",प्रतिभागी,शिक्षक
BR7916,Anuradha Chouhan,Alirajpur,ALIRAJPUR,"23490209121, GOVT. H.S.S NANPUR",प्रतिभागी,शिक्षक
BR9569,Rakesh Vani,Alirajpur,ALIRAJPUR,"23490209121, GOVT. H.S.S NANPUR",प्रतिभागी,शिक्षक
BZ8893,Chiman Baghel,Alirajpur,ALIRAJPUR,"23490209121, GOVT. H.S.S NANPUR",प्रतिभागी,शिक्षक
BL5773,Mahesh Bamniya,Alirajpur,BHABARA,"23490705328, GOVT. EXCE. H.S.S. BHABRA",प्रतिभागी,शिक्षक
BJ4441,Ramesh Ajnar,Alirajpur,BHABARA,"23490705326, GOVT. H.S.S. BHABRA",प्रतिभागी,शिक्षक
BJ4496,Sunita Jamara,Alirajpur,BHABARA,"23490705326, GOVT. H.S.S. BHABRA",प्रतिभागी,शिक्षक
BJ4525,Dinesh Makwana,Alirajpur,BHABARA,"23490705326, GOVT. H.S.S. BHABRA",प्रतिभागी,शिक्षक
BJ4710,Dinesh Bamniya,Alirajpur,BHABARA,"23490705326, GOVT. H.S.S. BHABRA",प्रतिभागी,शिक्षक
BJ4779,Kavita Aroda,Alirajpur,BHABARA,"23490705326, GOVT. H.S.S. BHABRA",प्रतिभागी,शिक्षक
BJ4796,Savalsingh Bhuriya,Alirajpur,BHABARA,"23490705326, GOVT. H.S.S. BHABRA",प्रतिभागी,शिक्षक
BJ4877,Ramsingh Ganava,Alirajpur,BHABARA,"23490705326, GOVT. H.S.S. BHABRA",प्रतिभागी,शिक्षक
BN2453,Hemlata Gohil,Alirajpur,BHABARA,"23490705326, GOVT. H.S.S. BHABRA",प्रतिभागी,शिक्षक
BO6890,Kala Nalwaya,Alirajpur,BHABARA,"23490705326, GOVT. H.S.S. BHABRA",प्रतिभागी,शिक्षक
BL3586,Bharatsingh Bamaniya,Alirajpur,BHABARA,"23490705025, GOVT. GIRLS H.S. BARJHAR",प्रतिभागी,शिक्षक
BJ4457,Karansingh Bhanvar,Alirajpur,BHABARA,"23490705327, GOVT. H.S. BHURAGHATA",प्रतिभागी,शिक्षक
CF1810,PAYAL CHOUHAN,Alirajpur,BHABARA,"23490705327, GOVT. H.S. BHURAGHATA",प्रतिभागी,शिक्षक
BJ4883,Sagarsingh Changod,Alirajpur,BHABARA,"23490700807, GOVT. H.S. DEVLI",प्रतिभागी,सीएसी
BJ4909,Amarsingh Vasuniya,Alirajpur,BHABARA,"23490700807, GOVT. H.S. DEVLI",प्रतिभागी,शिक्षक
CE9783,NILAM BHANWAR,Alirajpur,BHABARA,"23490700807, GOVT. H.S. DEVLI",प्रतिभागी,शिक्षक
BJ4455,Rajesh Chouhan,Alirajpur,BHABARA,"23490705024, GOVT. H.S.S. BARJHAR",प्रतिभागी,शिक्षक
BJ2328,Thansingh Jamra,Alirajpur,JOBAT,"23490101535, GOVT. EXCE. H.S.S. JOBAT",प्रतिभागी,शिक्षक
BJ2366,Sunita Chouhan,Alirajpur,JOBAT,"23490101535, GOVT. EXCE. H.S.S. JOBAT",प्रतिभागी,शिक्षक
BJ2396,Bishan Singh Chouhan,Alirajpur,JOBAT,"23490101535, GOVT. EXCE. H.S.S. JOBAT",प्रतिभागी,शिक्षक
BK5321,Archana Vaskala,Alirajpur,JOBAT,"23490101535, GOVT. EXCE. H.S.S. JOBAT",प्रतिभागी,शिक्षक
BO7852,Sarita Soni,Alirajpur,JOBAT,"23490101535, GOVT. EXCE. H.S.S. JOBAT",प्रतिभागी,शिक्षक
BJ3050,Mehatab Singh Dawar,Alirajpur,JOBAT,"23490101536, GOVT. GIRLS H.S.S. JOBAT",प्रतिभागी,शिक्षक
BK5441,Sangita Rathoud,Alirajpur,JOBAT,"23490101536, GOVT. GIRLS H.S.S. JOBAT",प्रतिभागी,शिक्षक
BK5465,Resham Rathadiya,Alirajpur,JOBAT,"23490101536, GOVT. GIRLS H.S.S. JOBAT",प्रतिभागी,शिक्षक
BM1561,Anita Guthare,Alirajpur,JOBAT,"23490101536, GOVT. GIRLS H.S.S. JOBAT",प्रतिभागी,शिक्षक
BN9616,Mahesh Rathore,Alirajpur,JOBAT,"23490101536, GOVT. GIRLS H.S.S. JOBAT",प्रतिभागी,शिक्षक
BJ6495,Madansingh Dabar,Alirajpur,JOBAT,"23490103208, GOVT. HSS DABDI",प्रतिभागी,शिक्षक
BO7977,Ishwarsingh Bamniya,Alirajpur,JOBAT,"23490103208, GOVT. HSS DABDI",प्रतिभागी,शिक्षक
BT6186,JYOTI DUDWE,Alirajpur,JOBAT,"23490103208, GOVT. HSS DABDI",प्रतिभागी,शिक्षक
BJ2263,Patal Singh Dudve,Alirajpur,JOBAT,"23490107605, GOVT. H.S. THAPLI",प्रतिभागी,शिक्षक
BJ2277,Versingh Chouhan,Alirajpur,JOBAT,"23490107605, GOVT. H.S. THAPLI",प्रतिभागी,शिक्षक
BT4312,SIRDAR DAWAR,Alirajpur,JOBAT,"23490107605, GOVT. H.S. THAPLI",प्रतिभागी,शिक्षक
CC6073,SONU RAWAT,Alirajpur,JOBAT,"23490107605, GOVT. H.S. THAPLI",प्रतिभागी,शिक्षक
BJ2300,Samta Mandloi,Alirajpur,JOBAT,"23490106511, GOVT. H.S. KANWARA",प्रतिभागी,शिक्षक
BJ2365,Geeta Chouhan,Alirajpur,JOBAT,"23490106511, GOVT. H.S. KANWARA",प्रतिभागी,शिक्षक
BJ2506,Gan Singh Dudve,Alirajpur,JOBAT,"23490106511, GOVT. H.S. KANWARA",प्रतिभागी,शिक्षक
BJ5499,Sharmila Dawar,Alirajpur,JOBAT,"23490106511, GOVT. H.S. KANWARA",प्रतिभागी,शिक्षक
BK7925,Keru Singh Mourya,Alirajpur,JOBAT,"23490106511, GOVT. H.S. KANWARA",प्रतिभागी,शिक्षक
BO7609,Kesham Morya,Alirajpur,JOBAT,"23490106511, GOVT. H.S. KANWARA",प्रतिभागी,शिक्षक
CB1406,SMT. SOLANKI,Alirajpur,JOBAT,"23490106511, GOVT. H.S. KANWARA",प्रतिभागी,शिक्षक
BJ2265,Bhursingh Gadriya,Alirajpur,JOBAT,"23490108903, GOVT. H.S. NEHATARA",प्रतिभागी,शिक्षक
BJ3105,Sena Dodve,Alirajpur,JOBAT,"23490108903, GOVT. H.S. NEHATARA",प्रतिभागी,शिक्षक
BJ6572,Indarsingh Dawar,Alirajpur,JOBAT,"23490108903, GOVT. H.S. NEHATARA",प्रतिभागी,शिक्षक
BT6188,SUMITRA MANDLOI,Alirajpur,JOBAT,"23490108903, GOVT. H.S. NEHATARA",प्रतिभागी,शिक्षक
BJ2360,Anil Upadhyay,Alirajpur,JOBAT,"23490103411, GOVT. H.S. UBALAD",प्रतिभागी,शिक्षक
BN8856,Nirmala Rathor,Alirajpur,JOBAT,"23490103411, GOVT. H.S. UBALAD",प्रतिभागी,शिक्षक
BO6897,Anita Chouhan,Alirajpur,JOBAT,"23490103411, GOVT. H.S. UBALAD",प्रतिभागी,शिक्षक
CC5664,GARDHAN ANARE,Alirajpur,JOBAT,"23490103411, GOVT. H.S. UBALAD",प्रतिभागी,शिक्षक
CC6779,AMAR JATAV,Alirajpur,JOBAT,"23490103411, GOVT. H.S. UBALAD",प्रतिभागी,शिक्षक
BJ2302,Pardeep Kumar Mourya,Alirajpur,JOBAT,"23490139604, GOVT. H.S.S. KHATTALI",प्रतिभागी,शिक्षक
BJ2348,Jagadish Parwal,Alirajpur,JOBAT,"23490139604, GOVT. H.S.S. KHATTALI",प्रतिभागी,शिक्षक
BT2581,Dhan Singh Mayda,Alirajpur,JOBAT,"23490139604, GOVT. H.S.S. KHATTALI",प्रतिभागी,शिक्षक
CC6570,ANITA CHOUHAN,Alirajpur,JOBAT,"23490139604, GOVT. H.S.S. KHATTALI",प्रतिभागी,शिक्षक
BK4988,Sankarsingh Rawat,Alirajpur,KATTHIWARA,"23490302224, GOVT. H.S.S. SORWA",प्रतिभागी,शिक्षक
BJ7527,JOHAR SINGH BHINDE,Alirajpur,KATTHIWARA,"23490311409, GOVT. H.S.S. CHANDPUR",प्रतिभागी,शिक्षक
BO5799,Dinesh Bhinde,Alirajpur,KATTHIWARA,"23490311409, GOVT. H.S.S. CHANDPUR",प्रतिभागी,शिक्षक
BJ3829,Rajesh Devda,Alirajpur,KATTHIWARA,"23490304617, GOVT. EXCE. H.S.S. KATTHIWARA",प्रतिभागी,शिक्षक
BJ6354,Nirmala Ratore,Alirajpur,KATTHIWARA,"23490304617, GOVT. EXCE. H.S.S. KATTHIWARA",प्रतिभागी,शिक्षक
BJ6557,Sumitra Bamniya,Alirajpur,KATTHIWARA,"23490304617, GOVT. EXCE. H.S.S. KATTHIWARA",प्रतिभागी,शिक्षक
BJ6502,Suraj Kanesh,Alirajpur,KATTHIWARA,"23490306906, GOVT. H.S. DHYANA",प्रतिभागी,शिक्षक
BO7214,Meena Bariya,Alirajpur,KATTHIWARA,"23490301603, HS KABRISEL",प्रतिभागी,शिक्षक
BJ1893,Jabbar Singh Nargawa,Alirajpur,SONDWA,"23490600107, GOVT. H.S. KULWAT",प्रतिभागी,शिक्षक
BM1316,Bheru Singh Chamelka,Alirajpur,SONDWA,"23490600107, GOVT. H.S. KULWAT",प्रतिभागी,शिक्षक
BQ9700,Chandra Kala,Alirajpur,SONDWA,"23490600107, GOVT. H.S. KULWAT",प्रतिभागी,शिक्षक
BJ1840,Mahesh Dodwa,Alirajpur,SONDWA,"23490605107, GOVT. H. S. KUNDWAT",प्रतिभागी,शिक्षक
BJ1921,Ramsingh Tomar,Alirajpur,SONDWA,"23490605107, GOVT. H. S. KUNDWAT",प्रतिभागी,शिक्षक
CF7976,VIJAY SINGH NARGAWA,Alirajpur,SONDWA,"23490605107, GOVT. H. S. KUNDWAT",प्रतिभागी,शिक्षक
BL8822,Sunita Chouhan,Alirajpur,SONDWA,"23490606108, GOVT. H.S.S. UMARALI",प्रतिभागी,शिक्षक
BN9851,Amar Sastia,Alirajpur,SONDWA,"23490606108, GOVT. H.S.S. UMARALI",प्रतिभागी,शिक्षक
BN9855,Versingh Dawar,Alirajpur,SONDWA,"23490606108, GOVT. H.S.S. UMARALI",प्रतिभागी,शिक्षक
BR6737,Bharchiya Kanesh,Alirajpur,SONDWA,"23490606108, GOVT. H.S.S. UMARALI",प्रतिभागी,शिक्षक
BJ2008,Badada Solanki,Alirajpur,SONDWA,"23490601408, GOVT. H.S. UMARATH",प्रतिभागी,शिक्षक
BM1414,Naresh Singh Chouhan,Alirajpur,SONDWA,"23490601408, GOVT. H.S. UMARATH",प्रतिभागी,शिक्षक
BN9835,Kamal Singh Jamod,Alirajpur,SONDWA,"23490601408, GOVT. H.S. UMARATH",प्रतिभागी,शिक्षक
BN9840,Husaniya Solanki,Alirajpur,SONDWA,"23490601408, GOVT. H.S. UMARATH",प्रतिभागी,शिक्षक
BK4846,Sulwant Choungad,Alirajpur,SONDWA,"23490607613, GOVT. H.S. WALPUR",प्रतिभागी,शिक्षक
BJ1825,Kelash Thakarav,Alirajpur,SONDWA,"23490610109, GOVT. H.S.S. BAKHATGARH",प्रतिभागी,शिक्षक
BM1349,Barakatsingh Tadwla,Alirajpur,SONDWA,"23490610109, GOVT. H.S.S. BAKHATGARH",प्रतिभागी,शिक्षक
BM1361,Khemraj Bhaidiya,Alirajpur,SONDWA,"23490610109, GOVT. H.S.S. BAKHATGARH",प्रतिभागी,शिक्षक
BN9858,Natwarsingh Dodwa,Alirajpur,SONDWA,"23490610109, GOVT. H.S.S. BAKHATGARH",प्रतिभागी,शिक्षक
BJ1970,Dashart Mondloi,Alirajpur,SONDWA,"23490604112, GOVT. H.S.S. CHHAKTALA",प्रतिभागी,शिक्षक
BL8811,Kalsingh Dawar,Alirajpur,SONDWA,"23490604112, GOVT. H.S.S. CHHAKTALA",प्रतिभागी,शिक्षक
BN9865,Ashok Wani,Alirajpur,SONDWA,"23490604112, GOVT. H.S.S. CHHAKTALA",प्रतिभागी,शिक्षक
BU2649,Surta Lohariya,Alirajpur,SONDWA,"23490604112, GOVT. H.S.S. CHHAKTALA",प्रतिभागी,शिक्षक
BU4081,Param Rawat,Alirajpur,SONDWA,"23490604112, GOVT. H.S.S. CHHAKTALA",प्रतिभागी,शिक्षक
AM6331,Juban Singh,Alirajpur,SONDWA,"23490600414, HSS SONDWA",प्रतिभागी,शिक्षक
BJ5278,Bharat Singh Mandloi,Alirajpur,SONDWA,"23490600414, HSS SONDWA",प्रतिभागी,शिक्षक
BM1334,Majan Jamra,Alirajpur,SONDWA,"23490600414, HSS SONDWA",प्रतिभागी,शिक्षक
BM1347,Sursingh Awasiya,Alirajpur,SONDWA,"23490600414, HSS SONDWA",प्रतिभागी,शिक्षक
BO9709,Mahendra Sastiya,Alirajpur,SONDWA,"23490600414, HSS SONDWA",प्रतिभागी,शिक्षक
CC9247,KRANTI MANDERIYA,Alirajpur,SONDWA,"23490600414, HSS SONDWA",प्रतिभागी,शिक्षक
BW8528,Rekha Gupta,Alirajpur,UDAYGARH,"23490509205, GOVT. GIRLS H.S. BORJHAR",प्रतिभागी,शिक्षक
BN8855,Veronik Morya,Alirajpur,UDAYGARH,"23490508504, GOVT. H.S. BARI JUWARI",प्रतिभागी,शिक्षक
BN9721,Karansingh Jamra,Alirajpur,UDAYGARH,"23490508504, GOVT. H.S. BARI JUWARI",प्रतिभागी,शिक्षक
BS7857,Mulesingh Dudwe,Alirajpur,UDAYGARH,"23490508504, GOVT. H.S. BARI JUWARI",प्रतिभागी,शिक्षक
BN9037,Jagat Baghel,Alirajpur,UDAYGARH,"23490506207, GOVT. H.S. KALUWAT",प्रतिभागी,शिक्षक
BN8869,Man Singh Chouhan,Alirajpur,UDAYGARH,"23490504614, GOVT. H.S.S. BORI",प्रतिभागी,शिक्षक
BR7642,Rajusingh Dawar,Alirajpur,UDAYGARH,"23490500609, GOVT. H.S.S. KUNDALWASA",प्रतिभागी,शिक्षक
CC1657,MANISHA BHURIYA,Alirajpur,UDAYGARH,"23490505022, GOVT. EXCE. H.S.S. UDAIGARH",प्रतिभागी,शिक्षक
BF7062,Kamlesh Kol,Anuppur,ANUPPUR,"23470112118, GOVT. HSS BOYS, RAJNAGAR COLLARI",प्रतिभागी,शिक्षक
BF7918,Uttara Panika,Anuppur,ANUPPUR,"23470112118, GOVT. HSS BOYS, RAJNAGAR COLLARI",प्रतिभागी,शिक्षक
BF7991,Tulsi Prasd Manjhi,Anuppur,ANUPPUR,"23470112118, GOVT. HSS BOYS, RAJNAGAR COLLARI",प्रतिभागी,शिक्षक
BG1218,S.K Manikpuri,Anuppur,ANUPPUR,"23470112118, GOVT. HSS BOYS, RAJNAGAR COLLARI",प्रतिभागी,अन्य
BF6693,Jeewan Lal Panika,Anuppur,ANUPPUR,"23470104306, GOVT. HSS MALGA",प्रतिभागी,शिक्षक
BF6696,Raju Prasad Kewat,Anuppur,ANUPPUR,"23470104306, GOVT. HSS MALGA",प्रतिभागी,शिक्षक
BG1314,Phoolmati Bharti,Anuppur,ANUPPUR,"23470104306, GOVT. HSS MALGA",प्रतिभागी,शिक्षक
BF9074,PURAN KEWAT,Anuppur,ANUPPUR,"23470104405, GOVT. HSS BHAD",प्रतिभागी,शिक्षक
BF9108,Shivnarayan Kewat,Anuppur,ANUPPUR,"23470104405, GOVT. HSS BHAD",प्रतिभागी,शिक्षक
BG1300,Jagnarayan Sahu,Anuppur,ANUPPUR,"23470101614, GOVT. HSS VIDYA NIKETAN BHADARA COLLIERY",प्रतिभागी,शिक्षक
BG1343,Phoolmati Singh,Anuppur,ANUPPUR,"23470101614, GOVT. HSS VIDYA NIKETAN BHADARA COLLIERY",प्रतिभागी,शिक्षक
BR4214,Purnima Namdev,Anuppur,ANUPPUR,"23470101614, GOVT. HSS VIDYA NIKETAN BHADARA COLLIERY",प्रतिभागी,शिक्षक
BR4400,Ghanshyam Chandel,Anuppur,ANUPPUR,"23470101614, GOVT. HSS VIDYA NIKETAN BHADARA COLLIERY",प्रतिभागी,शिक्षक
BF6728,Saraswati Prasad Tiwari,Anuppur,ANUPPUR,"23470102403, GOVT. HS LAMATOLA",प्रतिभागी,शिक्षक
BF7132,Ramnarayan Pandey,Anuppur,ANUPPUR,"23470102403, GOVT. HS LAMATOLA",प्रतिभागी,शिक्षक
BF9549,Kanshi Prasad Singh,Anuppur,ANUPPUR,"23470102403, GOVT. HS LAMATOLA",प्रतिभागी,शिक्षक
BF9221,Boby Panika,Anuppur,ANUPPUR,"23470104918, GOVT. HSS JAMUNA COLLIERY",प्रतिभागी,शिक्षक
BF9293,Laxmi Nath Tiwari,Anuppur,ANUPPUR,"23470104918, GOVT. HSS JAMUNA COLLIERY",प्रतिभागी,शिक्षक
BG1348,Jaohar Singh,Anuppur,ANUPPUR,"23470104918, GOVT. HSS JAMUNA COLLIERY",प्रतिभागी,शिक्षक
BF6911,Kavita Masram,Anuppur,ANUPPUR,"23470105406, GOVT. HSS LATAR",प्रतिभागी,शिक्षक
BF9089,Mohan Singh,Anuppur,ANUPPUR,"23470105406, GOVT. HSS LATAR",प्रतिभागी,शिक्षक
BF9112,Rajendra Kumar Singh,Anuppur,ANUPPUR,"23470105406, GOVT. HSS LATAR",प्रतिभागी,शिक्षक
BG1267,Laxman Das Panariya,Anuppur,ANUPPUR,"23470105406, GOVT. HSS LATAR",प्रतिभागी,शिक्षक
BG1287,Makhan Lal Kol,Anuppur,ANUPPUR,"23470105406, GOVT. HSS LATAR",प्रतिभागी,शिक्षक
BF6769,Ashok Lal Kumhar,Anuppur,ANUPPUR,"23470106306, GOVT. HSS DEOGAWAN",प्रतिभागी,शिक्षक
BF8254,Lalji Singh,Anuppur,ANUPPUR,"23470106306, GOVT. HSS DEOGAWAN",प्रतिभागी,शिक्षक
BG1346,Rajendra Prasad Tiwari,Anuppur,ANUPPUR,"23470106306, GOVT. HSS DEOGAWAN",प्रतिभागी,शिक्षक
BF8359,Veerendra Singh,Anuppur,ANUPPUR,"23470110814, GOVT. HSS BAMHANI",प्रतिभागी,शिक्षक
CD8425,RAJKUMARI NIM,Anuppur,ANUPPUR,"23470110814, GOVT. HSS BAMHANI",प्रतिभागी,शिक्षक
BF8780,Sita Mishra,Anuppur,JAITHARI,"23470606717, GOVT. HSS PHUNGA",प्रतिभागी,शिक्षक
BM9402,Raja Ram Dwivedi,Anuppur,JAITHARI,"23470606717, GOVT. HSS PHUNGA",प्रतिभागी,शिक्षक
AV1180,Manharan Lal,Anuppur,JAITHARI,"23470611138, GOVT. HSS EXCELLENCE, ANUPPUR",प्रतिभागी,शिक्षक
BF7289,Mohan Lal Rathour,Anuppur,JAITHARI,"23470611138, GOVT. HSS EXCELLENCE, ANUPPUR",प्रतिभागी,शिक्षक
BF8345,Chintamani Tiwari,Anuppur,JAITHARI,"23470611138, GOVT. HSS EXCELLENCE, ANUPPUR",प्रतिभागी,शिक्षक
BF8489,Geeta Tomar,Anuppur,JAITHARI,"23470611138, GOVT. HSS EXCELLENCE, ANUPPUR",प्रतिभागी,शिक्षक
BF8738,Sunita Yadav,Anuppur,JAITHARI,"23470611138, GOVT. HSS EXCELLENCE, ANUPPUR",प्रतिभागी,शिक्षक
BF8824,Sandhya Tiwari,Anuppur,JAITHARI,"23470611138, GOVT. HSS EXCELLENCE, ANUPPUR",प्रतिभागी,शिक्षक
BP7653,Chhotelal Napit,Anuppur,JAITHARI,"23470611138, GOVT. HSS EXCELLENCE, ANUPPUR",प्रतिभागी,शिक्षक
BQ7646,Amita S.Walke Rawalkar,Anuppur,JAITHARI,"23470611138, GOVT. HSS EXCELLENCE, ANUPPUR",प्रतिभागी,शिक्षक
BF7324,Peush Ram,Anuppur,JAITHARI,"23470615713, GOVT. HSS CHACHAI",प्रतिभागी,शिक्षक
BS6548,Atul Mishra,Anuppur,JAITHARI,"23470615713, GOVT. HSS CHACHAI",प्रतिभागी,शिक्षक
BX2171,RAJESH KUMAR PATEL,Anuppur,JAITHARI,"23470615713, GOVT. HSS CHACHAI",प्रतिभागी,शिक्षक
BF7241,Narayan Singh Chauhan,Anuppur,JAITHARI,"23470609905, GOVT. HSS PATANAKALA",प्रतिभागी,शिक्षक
BF8504,Shyma Singh,Anuppur,JAITHARI,"23470609905, GOVT. HSS PATANAKALA",प्रतिभागी,शिक्षक
BF8810,Ranjana Patel,Anuppur,JAITHARI,"23470609905, GOVT. HSS PATANAKALA",प्रतिभागी,शिक्षक
BR5988,Sangeeta Tripathi,Anuppur,JAITHARI,"23470609905, GOVT. HSS PATANAKALA",प्रतिभागी,शिक्षक
BS7582,Ashutosh Tiwari,Anuppur,JAITHARI,"23470609905, GOVT. HSS PATANAKALA",प्रतिभागी,शिक्षक
CA3130,Bhudhar Prasad Rautel,Anuppur,JAITHARI,"23470609905, GOVT. HSS PATANAKALA",प्रतिभागी,शिक्षक
CC6123,ARCHIKA PARIHAR,Anuppur,JAITHARI,"23470609905, GOVT. HSS PATANAKALA",प्रतिभागी,शिक्षक
CF1250,MONIKA VISHWAKARMA,Anuppur,JAITHARI,"23470609905, GOVT. HSS PATANAKALA",प्रतिभागी,शिक्षक
BF7288,Ponam Tiwari,Anuppur,JAITHARI,"23470612605, GOVT. HSS SAKARA",प्रतिभागी,शिक्षक
BF7578,Rajesh Minj,Anuppur,JAITHARI,"23470612605, GOVT. HSS SAKARA",प्रतिभागी,शिक्षक
BS5958,Jyoti Dwivedi,Anuppur,JAITHARI,"23470612605, GOVT. HSS SAKARA",प्रतिभागी,शिक्षक
AY7119,Shakuntala Minj,Anuppur,JAITHARI,"23470606206, GOVT. HSS PIPARIYA",प्रतिभागी,शिक्षक
BF6904,Silpa Shriwastva,Anuppur,JAITHARI,"23470606206, GOVT. HSS PIPARIYA",प्रतिभागी,शिक्षक
BF8465,Dhayan Singh,Anuppur,JAITHARI,"23470606206, GOVT. HSS PIPARIYA",प्रतिभागी,शिक्षक
BF8829,Usha Devi Patel,Anuppur,JAITHARI,"23470606206, GOVT. HSS PIPARIYA",प्रतिभागी,शिक्षक
CC2013,SELINA BARWA,Anuppur,JAITHARI,"23470606206, GOVT. HSS PIPARIYA",प्रतिभागी,शिक्षक
BF8593,Bhupendra Gupta,Anuppur,JAITHARI,"23470609431, GOVT. HSS EXCELLELCE JAITHARI",प्रतिभागी,शिक्षक
BF8724,Rajendra Kumar Namdeo,Anuppur,JAITHARI,"23470609431, GOVT. HSS EXCELLELCE JAITHARI",प्रतिभागी,शिक्षक
BF8783,Leelawati Rathour,Anuppur,JAITHARI,"23470609431, GOVT. HSS EXCELLELCE JAITHARI",प्रतिभागी,शिक्षक
BF8827,Sudha Rathour,Anuppur,JAITHARI,"23470609431, GOVT. HSS EXCELLELCE JAITHARI",प्रतिभागी,शिक्षक
CB4621,KAMLESH RATHOUR,Anuppur,JAITHARI,"23470609431, GOVT. HSS EXCELLELCE JAITHARI",प्रतिभागी,शिक्षक
BF7870,Malti Kewat,Anuppur,JAITHARI,"23470604613, GOVT. HSS BOYS CHOLNA",प्रतिभागी,शिक्षक
BU5903,Mamta Singh,Anuppur,JAITHARI,"23470604613, GOVT. HSS BOYS CHOLNA",प्रतिभागी,शिक्षक
BF9152,Sona Singh,Anuppur,JAITHARI,"23470601112, GOVT. HSS VENKETNAGAR",प्रतिभागी,शिक्षक
BY4778,Pritam Baiga,Anuppur,JAITHARI,"23470601112, GOVT. HSS VENKETNAGAR",प्रतिभागी,शिक्षक
BF9316,Bhagwaniya Bhariya,Anuppur,KOTMA,"23470806338, GOVT. HSS EXCELLENCE,  KOTMA",प्रतिभागी,शिक्षक
BF9418,Jagjeewanram Ahirwar,Anuppur,KOTMA,"23470806338, GOVT. HSS EXCELLENCE,  KOTMA",प्रतिभागी,शिक्षक
BY5641,Anas Hashmi,Anuppur,KOTMA,"23470806338, GOVT. HSS EXCELLENCE,  KOTMA",प्रतिभागी,शिक्षक
BF9194,Kalpana Mishra,Anuppur,KOTMA,"23470806339, GOVT. HSS GIRLS,  KOTMA",प्रतिभागी,शिक्षक
BF9287,Panna Lal Kewat,Anuppur,KOTMA,"23470806339, GOVT. HSS GIRLS,  KOTMA",प्रतिभागी,शिक्षक
BF9312,Vijay Kumar Singh,Anuppur,KOTMA,"23470807304, GOVT. HS REUSA",प्रतिभागी,शिक्षक
BF9495,Devendra Kumar Patel,Anuppur,KOTMA,"23470807304, GOVT. HS REUSA",प्रतिभागी,शिक्षक
BR5917,Lalan Baiga,Anuppur,KOTMA,"23470807304, GOVT. HS REUSA",प्रतिभागी,शिक्षक
BF7813,R.S. Chaturvedi,Anuppur,KOTMA,"23470803544, GOVT. HSS BOYS, BIJURI",प्रतिभागी,शिक्षक
BF7841,Pratibha Bhimge,Anuppur,KOTMA,"23470800109, GOVT. HSS BAHERABANDH",प्रतिभागी,शिक्षक
BV6094,Mohammad Asif,Anuppur,KOTMA,"23470800109, GOVT. HSS BAHERABANDH",प्रतिभागी,शिक्षक
BF9598,Roshan Deewan,Anuppur,KOTMA,"23470802609, GOVT. HSS KOTHI",प्रतिभागी,शिक्षक
BF9791,Awadhesh Singh,Anuppur,PUSHPRAJ GARH,"23471129209, GOVT. HSS KHAMROUDH",प्रतिभागी,शिक्षक
BU6589,Kashiram Dhurve,Anuppur,PUSHPRAJ GARH,"23471127204, GOVT. HSS LEDHARA",प्रतिभागी,शिक्षक
BF7492,Kusum Lata Gupta,Anuppur,PUSHPRAJ GARH,"23471119910, GOVT. HS RAJENDRAGRAM",प्रतिभागी,शिक्षक
BF7777,Sanyogita Singh,Anuppur,PUSHPRAJ GARH,"23471119910, GOVT. HS RAJENDRAGRAM",प्रतिभागी,शिक्षक
BF9936,Hareesh Namdev,Anuppur,PUSHPRAJ GARH,"23471119910, GOVT. HS RAJENDRAGRAM",प्रतिभागी,शिक्षक
BG1025,Rakesh Kumar Agrawal,Anuppur,PUSHPRAJ GARH,"23471119910, GOVT. HS RAJENDRAGRAM",प्रतिभागी,शिक्षक
BP4980,Bhole Shankar Shrivastava,Anuppur,PUSHPRAJ GARH,"23471119910, GOVT. HS RAJENDRAGRAM",प्रतिभागी,शिक्षक
BT1009,Shukla Singh Marko,Anuppur,PUSHPRAJ GARH,"23471119910, GOVT. HS RAJENDRAGRAM",प्रतिभागी,शिक्षक
AJ7840,Kirti Soni,Anuppur,PUSHPRAJ GARH,"23471100109, GOVT. HSS KAROUNDI",प्रतिभागी,शिक्षक
BF7533,Kamla Shukla,Anuppur,PUSHPRAJ GARH,"23471100109, GOVT. HSS KAROUNDI",प्रतिभागी,शिक्षक
BF7577,Baijanath Singh,Anuppur,PUSHPRAJ GARH,"23471100109, GOVT. HSS KAROUNDI",प्रतिभागी,शिक्षक
BF9986,Mona Gautam,Anuppur,PUSHPRAJ GARH,"23471100109, GOVT. HSS KAROUNDI",प्रतिभागी,शिक्षक
BT7296,Moti Singh Maravi,Anuppur,PUSHPRAJ GARH,"23471100109, GOVT. HSS KAROUNDI",प्रतिभागी,शिक्षक
BF7537,Devendra Yadav,Anuppur,PUSHPRAJ GARH,"23471119706, GOVT. HSS LAKHOURA",प्रतिभागी,शिक्षक
BF7623,Priti Shayam,Anuppur,PUSHPRAJ GARH,"23471119706, GOVT. HSS LAKHOURA",प्रतिभागी,शिक्षक
BS8682,Kiran Paraste,Anuppur,PUSHPRAJ GARH,"23471119706, GOVT. HSS LAKHOURA",प्रतिभागी,शिक्षक
BU1853,Rajesh Tiwari,Anuppur,PUSHPRAJ GARH,"23471119706, GOVT. HSS LAKHOURA",प्रतिभागी,शिक्षक
BU6039,LATA SINGH,Anuppur,PUSHPRAJ GARH,"23471119706, GOVT. HSS LAKHOURA",प्रतिभागी,शिक्षक
CA4109,LAVKESH PANADIYA,Anuppur,PUSHPRAJ GARH,"23471119706, GOVT. HSS LAKHOURA",प्रतिभागी,शिक्षक
CC6375,RAM VERMA,Anuppur,PUSHPRAJ GARH,"23471119706, GOVT. HSS LAKHOURA",प्रतिभागी,शिक्षक
BF7562,Bhola Singh Dhurwey,Anuppur,PUSHPRAJ GARH,"23471111108, GOVT. HSS BHEJARI",प्रतिभागी,शिक्षक
CD7045,KAMLESHWARI SANT,Anuppur,PUSHPRAJ GARH,"23471111108, GOVT. HSS BHEJARI",प्रतिभागी,शिक्षक
BF6838,Rashmi Rao,Anuppur,PUSHPRAJ GARH,"23471126915, GOVT. HSS AMARKANTAK",प्रतिभागी,शिक्षक
BF6848,Lavkesh Pitaniya,Anuppur,PUSHPRAJ GARH,"23471126915, GOVT. HSS AMARKANTAK",प्रतिभागी,शिक्षक
BF7581,Sanjay Kumar Pusham,Anuppur,PUSHPRAJ GARH,"23471126915, GOVT. HSS AMARKANTAK",प्रतिभागी,शिक्षक
BF9930,Sukha Dev Singh,Anuppur,PUSHPRAJ GARH,"23471126915, GOVT. HSS AMARKANTAK",प्रतिभागी,शिक्षक
BT4459,Sahab Lal Singh,Anuppur,PUSHPRAJ GARH,"23471106808, GOVT. HSS KHATI",प्रतिभागी,शिक्षक
BE8082,Bhogee Lal Singh Marko,Anuppur,PUSHPRAJ GARH,"23471106215, GOVT. HSS BILASPUR",प्रतिभागी,अन्य
BF7613,Jeevan Singh,Anuppur,PUSHPRAJ GARH,"23471106215, GOVT. HSS BILASPUR",प्रतिभागी,शिक्षक
BF8082,Teerath Pratap  Singh Adme,Anuppur,PUSHPRAJ GARH,"23471106215, GOVT. HSS BILASPUR",प्रतिभागी,शिक्षक
BF8089,Shambhu Singh Maravi,Anuppur,PUSHPRAJ GARH,"23471106215, GOVT. HSS BILASPUR",प्रतिभागी,शिक्षक
BF8139,Chintamani Baiga,Anuppur,PUSHPRAJ GARH,"23471106215, GOVT. HSS BILASPUR",प्रतिभागी,शिक्षक
BF8183,Ganesh Singh Dhurwey,Anuppur,PUSHPRAJ GARH,"23471105412, GOVT. HSS DAMEHADI",प्रतिभागी,शिक्षक
BG1048,Mohan Goyal,Anuppur,PUSHPRAJ GARH,"23471105412, GOVT. HSS DAMEHADI",प्रतिभागी,शिक्षक
BF7499,Sunial Bhagat,Anuppur,PUSHPRAJ GARH,"23471111909, GOVT. HSS GIRARI",प्रतिभागी,शिक्षक
BF7515,Chanda Singh,Anuppur,PUSHPRAJ GARH,"23471111909, GOVT. HSS GIRARI",प्रतिभागी,शिक्षक
BF9904,Jeena Chand Sant,Anuppur,PUSHPRAJ GARH,"23471111909, GOVT. HSS GIRARI",प्रतिभागी,शिक्षक
BG1081,Jamuna Devi Dhurve,Anuppur,PUSHPRAJ GARH,"23471111909, GOVT. HSS GIRARI",प्रतिभागी,शिक्षक
BG1552,KRISHNA KUMAR SAHU,Anuppur,PUSHPRAJ GARH,"23471117111, GOVT. HSS GIRLS, BENIBARI",प्रतिभागी,सीएसी
CC6089,POORAN AHIRWAR,Anuppur,PUSHPRAJ GARH,"23471117111, GOVT. HSS GIRLS, BENIBARI",प्रतिभागी,शिक्षक
BF7512,Bhaddu Lal Kanojeeya,Anuppur,PUSHPRAJ GARH,"23471117112, GOVT. HSS BOYS, BENIBARI",प्रतिभागी,शिक्षक
BG1597,Ramlali Marko,Anuppur,PUSHPRAJ GARH,"23471117112, GOVT. HSS BOYS, BENIBARI",प्रतिभागी,शिक्षक
BG1625,Narsingh Dhurwey,Anuppur,PUSHPRAJ GARH,"23471117112, GOVT. HSS BOYS, BENIBARI",प्रतिभागी,शिक्षक
BG1645,Maya Devi Devi,Anuppur,PUSHPRAJ GARH,"23471121505, GOVT. HSS AMDARI",प्रतिभागी,शिक्षक
AC1580,Narendra Singh Kushawah,Ashoknagar,ASHOKNAGAR,"23460240101, GOVT. HSS NO. 1  ASHOKNAGAR",प्रतिभागी,शिक्षक
AC1688,Satish Kumar Sharma,Ashoknagar,ASHOKNAGAR,"23460240101, GOVT. HSS NO. 1  ASHOKNAGAR",प्रतिभागी,शिक्षक
AC1922,Shanti Choubey,Ashoknagar,ASHOKNAGAR,"23460240101, GOVT. HSS NO. 1  ASHOKNAGAR",प्रतिभागी,शिक्षक
AC1629,Makhan Singh Yadav,Ashoknagar,ASHOKNAGAR,"23460209307, GOVT. HSS RAJPUR",प्रतिभागी,शिक्षक
BS8473,Pinki Dohare,Ashoknagar,ASHOKNAGAR,"23460209307, GOVT. HSS RAJPUR",प्रतिभागी,शिक्षक
AC1985,Jai Kumar Jain,Ashoknagar,ASHOKNAGAR,"23460201905, GOVT. HSS RAONSAR",प्रतिभागी,शिक्षक
AC2045,Mannulal Ahirwar,Ashoknagar,ASHOKNAGAR,"23460201905, GOVT. HSS RAONSAR",प्रतिभागी,शिक्षक
AC2394,Abhilasha Jatav,Ashoknagar,ASHOKNAGAR,"23460201905, GOVT. HSS RAONSAR",प्रतिभागी,शिक्षक
AC3343,Ganeshram Choudhary,Ashoknagar,ASHOKNAGAR,"23460201905, GOVT. HSS RAONSAR",प्रतिभागी,शिक्षक
AC3435,Alok Bhaskar Bhargava,Ashoknagar,ASHOKNAGAR,"23460201905, GOVT. HSS RAONSAR",प्रतिभागी,शिक्षक
BB5952,Sushil Kumar,Ashoknagar,ASHOKNAGAR,"23460201905, GOVT. HSS RAONSAR",प्रतिभागी,शिक्षक
AC1495,Manisha Bhaisare,Ashoknagar,ASHOKNAGAR,"23460209418, GOVT. HS SHADHORA",प्रतिभागी,शिक्षक
AC1592,Pramod Kumar Kushwah,Ashoknagar,ASHOKNAGAR,"23460209418, GOVT. HS SHADHORA",प्रतिभागी,शिक्षक
BN3859,Virendr Singh,Ashoknagar,ASHOKNAGAR,"23460209418, GOVT. HS SHADHORA",प्रतिभागी,शिक्षक
CB8808,DHARMVIR ARYA,Ashoknagar,ASHOKNAGAR,"23460209418, GOVT. HS SHADHORA",प्रतिभागी,शिक्षक
AC2810,Rajendra Singh Yadav,Ashoknagar,ASHOKNAGAR,"23460209419, GOVT. HSS EXCELLENCE, SHADORA",प्रतिभागी,शिक्षक
BA8945,Amar Singh Raghuwanshi,Ashoknagar,ASHOKNAGAR,"23460209419, GOVT. HSS EXCELLENCE, SHADORA",प्रतिभागी,शिक्षक
BQ9740,Pooja Nanda,Ashoknagar,ASHOKNAGAR,"23460209419, GOVT. HSS EXCELLENCE, SHADORA",प्रतिभागी,शिक्षक
CD6189,JAGRATI SHARMA,Ashoknagar,ASHOKNAGAR,"23460209419, GOVT. HSS EXCELLENCE, SHADORA",प्रतिभागी,शिक्षक
AC3823,Inder Narayan Shrivastava,Ashoknagar,ASHOKNAGAR,"23460218607, GOVT.HSS KACHNAR",प्रतिभागी,शिक्षक
CD7884,SOURABH SHARMA,Ashoknagar,ASHOKNAGAR,"23460218607, GOVT.HSS KACHNAR",प्रतिभागी,शिक्षक
AC1503,Brajendra Singh Raghuwanshi,Ashoknagar,ASHOKNAGAR,"23460240201, GOVT. HSS EXCELLENCE, ASHOKNAGAR",प्रतिभागी,शिक्षक
AC2226,Babu Lal,Ashoknagar,ASHOKNAGAR,"23460240201, GOVT. HSS EXCELLENCE, ASHOKNAGAR",प्रतिभागी,शिक्षक
AC1430,Manohar Lal Sharma,Ashoknagar,ASHOKNAGAR,"23460239601, GOVT. HSS GIRLS, ASHOKNAGAR",प्रतिभागी,शिक्षक
AC1501,Gyanchand Chopra,Ashoknagar,ASHOKNAGAR,"23460239601, GOVT. HSS GIRLS, ASHOKNAGAR",प्रतिभागी,शिक्षक
AC1557,Ashok Rathore,Ashoknagar,ASHOKNAGAR,"23460239601, GOVT. HSS GIRLS, ASHOKNAGAR",प्रतिभागी,शिक्षक
AC2807,Mahaveer Kumar Jain,Ashoknagar,ASHOKNAGAR,"23460239601, GOVT. HSS GIRLS, ASHOKNAGAR",प्रतिभागी,शिक्षक
AC2314,Santosh Soni,Ashoknagar,ASHOKNAGAR,"23460208406, GOVT. HSS JHEELA",प्रतिभागी,शिक्षक
BX6428,Rajesh Ahirwar,Ashoknagar,ASHOKNAGAR,"23460208406, GOVT. HSS JHEELA",प्रतिभागी,शिक्षक
BY3118,Ravindra Pratap Singh Yadav,Ashoknagar,ASHOKNAGAR,"23460208406, GOVT. HSS JHEELA",प्रतिभागी,शिक्षक
AC2598,Arun Kumar Sharma,Ashoknagar,CHANDERI,"23460501403, GOVT. HS GARENTHI",प्रतिभागी,शिक्षक
BY8227,Manish Kumar,Ashoknagar,CHANDERI,"23460501403, GOVT. HS GARENTHI",प्रतिभागी,शिक्षक
BR3572,Sandhya Dube,Ashoknagar,CHANDERI,"23460520202, GOVT. HSS GIRLS, CHANDERI",प्रतिभागी,शिक्षक
BV4850,Hemlata Divan,Ashoknagar,CHANDERI,"23460520202, GOVT. HSS GIRLS, CHANDERI",प्रतिभागी,शिक्षक
BY3365,Abdul Haseen Ansari,Ashoknagar,CHANDERI,"23460520202, GOVT. HSS GIRLS, CHANDERI",प्रतिभागी,शिक्षक
AC2552,Ram Singh Lodhi,Ashoknagar,CHANDERI,"23460520302, GOVT. HSS EXCELLENCE, CHANDERI",प्रतिभागी,शिक्षक
AC2560,Anup Kumar Shrivastava,Ashoknagar,CHANDERI,"23460520302, GOVT. HSS EXCELLENCE, CHANDERI",प्रतिभागी,शिक्षक
AC3080,Jaysingh Dohare,Ashoknagar,CHANDERI,"23460520302, GOVT. HSS EXCELLENCE, CHANDERI",प्रतिभागी,शिक्षक
AC3132,Sudama Prasad Sharma,Ashoknagar,CHANDERI,"23460520302, GOVT. HSS EXCELLENCE, CHANDERI",प्रतिभागी,शिक्षक
AC3414,Mamta Jain,Ashoknagar,CHANDERI,"23460520302, GOVT. HSS EXCELLENCE, CHANDERI",प्रतिभागी,शिक्षक
CF1090,DHARM BEER,Ashoknagar,CHANDERI,"23460520302, GOVT. HSS EXCELLENCE, CHANDERI",प्रतिभागी,शिक्षक
BE8757,Rakhi Sahu,Ashoknagar,CHANDERI,"23460507709, GOVT. HS PRANPUR",प्रतिभागी,शिक्षक
BT5579,Brajendra Kumar Napit,Ashoknagar,CHANDERI,"23460507709, GOVT. HS PRANPUR",प्रतिभागी,शिक्षक
BX8518,Jayaram Singh Ojha,Ashoknagar,CHANDERI,"23460507709, GOVT. HS PRANPUR",प्रतिभागी,शिक्षक
AC3911,Veer Singh Yadav,Ashoknagar,ISAGARH,"23460707103, GOVT. HS AJLESHWAR",प्रतिभागी,शिक्षक
AC3921,Udham Singh Jatav,Ashoknagar,ISAGARH,"23460707103, GOVT. HS AJLESHWAR",प्रतिभागी,शिक्षक
AC3928,Shivram Singh Raghuwanshi,Ashoknagar,ISAGARH,"23460707103, GOVT. HS AJLESHWAR",प्रतिभागी,शिक्षक
AC3938,Prem Singh Narvariya,Ashoknagar,ISAGARH,"23460707103, GOVT. HS AJLESHWAR",प्रतिभागी,शिक्षक
BQ9647,Krishna Bhan Singh,Ashoknagar,ISAGARH,"23460703105, GOVT. HSS MAHIDPUR",प्रतिभागी,शिक्षक
BS5571,Praveen Kumar Raghuwanshi,Ashoknagar,ISAGARH,"23460703105, GOVT. HSS MAHIDPUR",प्रतिभागी,शिक्षक
AC3814,Krishnpal Singh Yadav,Ashoknagar,ISAGARH,"23460704810, GOVT. HS DHAKONI",प्रतिभागी,शिक्षक
AC3817,Nihal Singh Lodhi,Ashoknagar,ISAGARH,"23460704810, GOVT. HS DHAKONI",प्रतिभागी,शिक्षक
BX4963,Dinesh Kumar Sharma,Ashoknagar,ISAGARH,"23460704810, GOVT. HS DHAKONI",प्रतिभागी,शिक्षक
AC3952,Ramesh Kumar Ujjaini,Ashoknagar,ISAGARH,"23460711403, GOVT. HSS PARSOL",प्रतिभागी,शिक्षक
CD2399,VIKAS RAGHUWANSHI,Ashoknagar,ISAGARH,"23460702412, GOVT. HSS NAI SARAY",प्रतिभागी,शिक्षक
AC3492,Veerpal Singh Yadav,Ashoknagar,ISAGARH,"23460722503, GOVT. HSS GIRLS, ESHAGARH",प्रतिभागी,शिक्षक
AK1920,Preetibala Shrivastav,Ashoknagar,ISAGARH,"23460722503, GOVT. HSS GIRLS, ESHAGARH",प्रतिभागी,शिक्षक
BS5559,Saurabh Kulkarni,Ashoknagar,ISAGARH,"23460722503, GOVT. HSS GIRLS, ESHAGARH",प्रतिभागी,शिक्षक
BO3498,Nandlal Ghoshi,Ashoknagar,ISAGARH,"23460722502, GOVT. HSS EXCELLENCE, ESHAGARH",प्रतिभागी,शिक्षक
BU6630,Soubhagya Singh Rawat,Ashoknagar,ISAGARH,"23460722502, GOVT. HSS EXCELLENCE, ESHAGARH",प्रतिभागी,शिक्षक
CE8242,KRITIKA YADAV,Ashoknagar,ISAGARH,"23460722502, GOVT. HSS EXCELLENCE, ESHAGARH",प्रतिभागी,शिक्षक
AC4207,Reena Sen,Ashoknagar,MUNGAOLI,"23460815410, GOVT. HSS ATHAI KHEDA",प्रतिभागी,शिक्षक
AC4276,Anil Kumar,Ashoknagar,MUNGAOLI,"23460815410, GOVT. HSS ATHAI KHEDA",प्रतिभागी,शिक्षक
AC4379,Khalak Singh Baghrdi,Ashoknagar,MUNGAOLI,"23460801204, GOVT. HS MADAUKHEDI",प्रतिभागी,शिक्षक
AC4741,Manish Babu Shrivastava,Ashoknagar,MUNGAOLI,"23460801204, GOVT. HS MADAUKHEDI",प्रतिभागी,शिक्षक
AC4201,RAMLAKHAN VISHWAKARMA,Ashoknagar,MUNGAOLI,"23460804609, GOVT. HSS SEHRAI",प्रतिभागी,शिक्षक
AC4615,Sujan Singh Ahirwar,Ashoknagar,MUNGAOLI,"23460804609, GOVT. HSS SEHRAI",प्रतिभागी,शिक्षक
AC4687,Lal Singh Tetwar,Ashoknagar,MUNGAOLI,"23460804609, GOVT. HSS SEHRAI",प्रतिभागी,सीएसी
AC4759,Sanjeev Kumar Goshwami,Ashoknagar,MUNGAOLI,"23460804609, GOVT. HSS SEHRAI",प्रतिभागी,शिक्षक
AC4082,Brajbhan Singh Yadav,Ashoknagar,MUNGAOLI,"23460833702, GOVT. HSS GIRLS, MUNGAOLI",प्रतिभागी,शिक्षक
AC4937,Mohan Prasad Sahu,Ashoknagar,MUNGAOLI,"23460833702, GOVT. HSS GIRLS, MUNGAOLI",प्रतिभागी,अन्य
BF3852,Pawan Sharma,Ashoknagar,MUNGAOLI,"23460833702, GOVT. HSS GIRLS, MUNGAOLI",प्रतिभागी,शिक्षक
BQ9649,Prabhat Sharma,Ashoknagar,MUNGAOLI,"23460833702, GOVT. HSS GIRLS, MUNGAOLI",प्रतिभागी,शिक्षक
AC4163,Meena Bais,Ashoknagar,MUNGAOLI,"23460826302, GOVT. HSS EXCELLENCE, MUNGAOLI",प्रतिभागी,शिक्षक
AC4254,Rakesh Prabhakar,Ashoknagar,MUNGAOLI,"23460817914, GOVT.H.S.S.PIPRAI",प्रतिभागी,शिक्षक
BS3947,Megha Mishra,Ashoknagar,MUNGAOLI,"23460817914, GOVT.H.S.S.PIPRAI",प्रतिभागी,शिक्षक
BZ4746,Fatima Khan,Ashoknagar,MUNGAOLI,"23460817914, GOVT.H.S.S.PIPRAI",प्रतिभागी,शिक्षक
BZ6827,Monu Dangi,Ashoknagar,MUNGAOLI,"23460817914, GOVT.H.S.S.PIPRAI",प्रतिभागी,शिक्षक
AC4470,Prahlad Singh Ahirwar,Ashoknagar,MUNGAOLI,"23460800110, GOVT. HSS MALHARGARH",प्रतिभागी,शिक्षक
BQ9610,Lokendra Singh Verma,Ashoknagar,MUNGAOLI,"23460800110, GOVT. HSS MALHARGARH",प्रतिभागी,शिक्षक
AC4273,Seema Mishra,Ashoknagar,MUNGAOLI,"23460818311, GOVT. HSS BAHADUR PUR",प्रतिभागी,शिक्षक
AC4582,Neelam Kerketta,Ashoknagar,MUNGAOLI,"23460818311, GOVT. HSS BAHADUR PUR",प्रतिभागी,शिक्षक
AC7675,Pushpendra Chouhan,Balaghat,BAIHAR,"23450902706, GOVT. HSS AAMGAON",प्रतिभागी,शिक्षक
BR3873,Sangeeta Parte,Balaghat,BAIHAR,"23450902706, GOVT. HSS AAMGAON",प्रतिभागी,शिक्षक
BU4954,Revati Markam,Balaghat,BAIHAR,"23450902706, GOVT. HSS AAMGAON",प्रतिभागी,शिक्षक
CC5506,MONIKA BHAGAT,Balaghat,BAIHAR,"23450902706, GOVT. HSS AAMGAON",प्रतिभागी,शिक्षक
AC7757,Hemlata Meravi,Balaghat,BAIHAR,"23450914904, GOVT. HSS PATHARI",प्रतिभागी,शिक्षक
BJ8898,Samarusingh Dhurve,Balaghat,BAIHAR,"23450914904, GOVT. HSS PATHARI",प्रतिभागी,शिक्षक
CC5746,DEEPAK BISEN,Balaghat,BAIHAR,"23450914904, GOVT. HSS PATHARI",प्रतिभागी,शिक्षक
AC7211,Jagdish Sahare,Balaghat,BAIHAR,"23450907304, GOVT. HSS BITHALI",प्रतिभागी,शिक्षक
BB9623,Mahesh Kumar Lilhare,Balaghat,BAIHAR,"23450907304, GOVT. HSS BITHALI",प्रतिभागी,शिक्षक
CB9885,SUNITA LANJEWAR,Balaghat,BAIHAR,"23450907304, GOVT. HSS BITHALI",प्रतिभागी,शिक्षक
AC8644,Manik Lal Baghel,Balaghat,BAIHAR,"23450913506, GOVT. HSS PARSAMAU",प्रतिभागी,शिक्षक
CF3972,Asfa Khan,Balaghat,BAIHAR,"23450913506, GOVT. HSS PARSAMAU",प्रतिभागी,शिक्षक
AD4092,Indra Kusre,Balaghat,BAIHAR,"23450910311, GOVT. HSS GARDHI",प्रतिभागी,शिक्षक
AC7636,Kamalsingh Taram,Balaghat,BAIHAR,"23450905205, GOVT. HS JAITPURI",प्रतिभागी,शिक्षक
AD3666,Kunvarlal Nandagouli,Balaghat,BAIHAR,"23450917406, GOVT. EXCLLENCE HSS BAIHAR",प्रतिभागी,शिक्षक
AQ1007,Bharti Pandav,Balaghat,BAIHAR,"23450917406, GOVT. EXCLLENCE HSS BAIHAR",प्रतिभागी,शिक्षक
BD8011,Vivek Kumar Khotele,Balaghat,BAIHAR,"23450917406, GOVT. EXCLLENCE HSS BAIHAR",प्रतिभागी,शिक्षक
CE1477,NIRVAN GAJBHIYE,Balaghat,BAIHAR,"23450917406, GOVT. EXCLLENCE HSS BAIHAR",प्रतिभागी,अन्य
AC5771,Dhanraj Bisen,Balaghat,BALAGHAT,"23450114312, Govt. HSS CHANGOTOLA",प्रतिभागी,शिक्षक
BR5952,Dharmpal Inwati,Balaghat,BALAGHAT,"23450114312, Govt. HSS CHANGOTOLA",प्रतिभागी,शिक्षक
BQ7679,Sheikh Ejaj,Balaghat,BALAGHAT,"23450115708, Govt. HSS LAMTA",प्रतिभागी,शिक्षक
BQ9158,Santosh Kumar Dhurwey,Balaghat,BALAGHAT,"23450115708, Govt. HSS LAMTA",प्रतिभागी,शिक्षक
AD3959,Shersingh Tekam,Balaghat,BALAGHAT,"23450104905, Govt. HSS CHAREGAON",प्रतिभागी,शिक्षक
AV9877,Sunita Meshram,Balaghat,BALAGHAT,"23450104905, Govt. HSS CHAREGAON",प्रतिभागी,शिक्षक
AY4648,Rikhiram Pandere,Balaghat,BALAGHAT,"23450104905, Govt. HSS CHAREGAON",प्रतिभागी,शिक्षक
AC6534,Raju Singh Maravi,Balaghat,BALAGHAT,"23450109504, Govt. HSS KUMHARI",प्रतिभागी,शिक्षक
AD1172,Bhakt Prahalad Nayak,Balaghat,BALAGHAT,"23450109504, Govt. HSS KUMHARI",प्रतिभागी,शिक्षक
AD2034,Rajeshwari Marskole,Balaghat,BALAGHAT,"23450109504, Govt. HSS KUMHARI",प्रतिभागी,शिक्षक
AZ2553,Manoj Kumar Choure,Balaghat,BALAGHAT,"23450109504, Govt. HSS KUMHARI",प्रतिभागी,शिक्षक
BT2689,Kiran Merave,Balaghat,BALAGHAT,"23450109504, Govt. HSS KUMHARI",प्रतिभागी,शिक्षक
AC5199,Archana Katekar,Balaghat,BALAGHAT,"23450101421, Govt. HSS BHARWELI",प्रतिभागी,शिक्षक
AC7767,Tamsingh Chouhan,Balaghat,BALAGHAT,"23450101421, Govt. HSS BHARWELI",प्रतिभागी,शिक्षक
AD2140,Yangira Gedam,Balaghat,BALAGHAT,"23450101421, Govt. HSS BHARWELI",प्रतिभागी,शिक्षक
AD3283,Lokesh Rahangdale,Balaghat,BALAGHAT,"23450101421, Govt. HSS BHARWELI",प्रतिभागी,शिक्षक
BQ3730,BHAWTEE RAHANGDALE,Balaghat,BALAGHAT,"23450101421, Govt. HSS BHARWELI",प्रतिभागी,शिक्षक
BU5054,Deepshikha Mane,Balaghat,BALAGHAT,"23450101421, Govt. HSS BHARWELI",प्रतिभागी,शिक्षक
BZ5724,Tikeshwari Choudhary,Balaghat,BALAGHAT,"23450101421, Govt. HSS BHARWELI",प्रतिभागी,शिक्षक
AD2080,Anita Bhairam,Balaghat,BALAGHAT,"23450122048, Govt. HSS GIRLS, MLB BALAGHAT",प्रतिभागी,शिक्षक
BP9417,Neeta Patle,Balaghat,BALAGHAT,"23450122048, Govt. HSS GIRLS, MLB BALAGHAT",प्रतिभागी,शिक्षक
BQ2283,Ritu Dwivedi,Balaghat,BALAGHAT,"23450122048, Govt. HSS GIRLS, MLB BALAGHAT",प्रतिभागी,सीएसी
BX2912,Multeshwari Bisen,Balaghat,BALAGHAT,"23450122048, Govt. HSS GIRLS, MLB BALAGHAT",प्रतिभागी,शिक्षक
AC5176,Rekha Bisen,Balaghat,BALAGHAT,"23450108202, Govt. HSS NAVEGAON 13-14",प्रतिभागी,शिक्षक
AC6313,SEWANAND SOMANKAR,Balaghat,BALAGHAT,"23450108202, Govt. HSS NAVEGAON 13-14",प्रतिभागी,सीएसी
AC8841,Yashwanti Pichhode,Balaghat,BALAGHAT,"23450108202, Govt. HSS NAVEGAON 13-14",प्रतिभागी,शिक्षक
AC9504,Yasmin Qurishi,Balaghat,BALAGHAT,"23450108202, Govt. HSS NAVEGAON 13-14",प्रतिभागी,शिक्षक
AC9850,Veena Korram,Balaghat,BALAGHAT,"23450108202, Govt. HSS NAVEGAON 13-14",प्रतिभागी,शिक्षक
AD2072,Hansa Patle,Balaghat,BALAGHAT,"23450108202, Govt. HSS NAVEGAON 13-14",प्रतिभागी,शिक्षक
AD2084,Kapil Baheshwar,Balaghat,BALAGHAT,"23450108202, Govt. HSS NAVEGAON 13-14",प्रतिभागी,शिक्षक
AD2087,Ashok Kumar Bhagat,Balaghat,BALAGHAT,"23450108202, Govt. HSS NAVEGAON 13-14",प्रतिभागी,शिक्षक
AD2090,Jijabai Katre,Balaghat,BALAGHAT,"23450108202, Govt. HSS NAVEGAON 13-14",प्रतिभागी,शिक्षक
AY5443,Vishal Meshram,Balaghat,BALAGHAT,"23450108202, Govt. HSS NAVEGAON 13-14",प्रतिभागी,शिक्षक
BU9942,Vinamralata Pawar,Balaghat,BALAGHAT,"23450108202, Govt. HSS NAVEGAON 13-14",प्रतिभागी,शिक्षक
BW1604,Gyanvanta Rahangdle,Balaghat,BALAGHAT,"23450108202, Govt. HSS NAVEGAON 13-14",प्रतिभागी,शिक्षक
BX9036,Meena Rangire,Balaghat,BALAGHAT,"23450108202, Govt. HSS NAVEGAON 13-14",प्रतिभागी,शिक्षक
CB6423,REENA WARKADE,Balaghat,BALAGHAT,"23450108202, Govt. HSS NAVEGAON 13-14",प्रतिभागी,शिक्षक
AC5173,Mahendra Kumar Patel,Balaghat,BALAGHAT,"23450110713, Govt. HSS BOYS, HATTA",प्रतिभागी,शिक्षक
AC9691,Nirmala Malesh,Balaghat,BALAGHAT,"23450110713, Govt. HSS BOYS, HATTA",प्रतिभागी,शिक्षक
AC9830,Sangeeta Jaiswal,Balaghat,BALAGHAT,"23450110713, Govt. HSS BOYS, HATTA",प्रतिभागी,शिक्षक
BQ7361,Gulabchand Choudhary,Balaghat,BALAGHAT,"23450110713, Govt. HSS BOYS, HATTA",प्रतिभागी,शिक्षक
BQ8290,Tilakchand Bisen,Balaghat,BALAGHAT,"23450110713, Govt. HSS BOYS, HATTA",प्रतिभागी,शिक्षक
BR4946,Sanjusa Mendhekar,Balaghat,BALAGHAT,"23450110713, Govt. HSS BOYS, HATTA",प्रतिभागी,शिक्षक
BS2987,Seema Meshram,Balaghat,BALAGHAT,"23450110713, Govt. HSS BOYS, HATTA",प्रतिभागी,शिक्षक
BS8287,Seema Meshram,Balaghat,BALAGHAT,"23450110713, Govt. HSS BOYS, HATTA",प्रतिभागी,शिक्षक
BX9806,Kamini Panche,Balaghat,BALAGHAT,"23450110713, Govt. HSS BOYS, HATTA",प्रतिभागी,शिक्षक
AC8531,Sohanlal Kalihare,Balaghat,BIRSA,"23451009209, GOVT. HSS GIRLS, BIRSA",प्रतिभागी,शिक्षक
BJ9023,PUSHPA WATT,Balaghat,BIRSA,"23451009209, GOVT. HSS GIRLS, BIRSA",प्रतिभागी,शिक्षक
CC6623,SANDHYA PATLE,Balaghat,BIRSA,"23451009209, GOVT. HSS GIRLS, BIRSA",प्रतिभागी,शिक्षक
BJ9270,Sanjay Yerpude,Balaghat,BIRSA,"23451015508, GOVT. HSS MANEGAON",प्रतिभागी,शिक्षक
AC8612,Sri Atmaram Patle,Balaghat,BIRSA,"23451016605, Govt. HSS DABRI 13-14",प्रतिभागी,शिक्षक
AC8441,Asha Kharole,Balaghat,BIRSA,"23451020806, GOVT. HS SONGUDDA",प्रतिभागी,शिक्षक
AC8664,Sri Rup Singh Meravi,Balaghat,BIRSA,"23451020806, GOVT. HS SONGUDDA",प्रतिभागी,शिक्षक
BJ9039,Rupendra Chouhan,Balaghat,BIRSA,"23451020806, GOVT. HS SONGUDDA",प्रतिभागी,शिक्षक
BN6431,Makhan Dhurwe,Balaghat,BIRSA,"23451020806, GOVT. HS SONGUDDA",प्रतिभागी,शिक्षक
BU1036,Pratima Bhimte,Balaghat,BIRSA,"23451020806, GOVT. HS SONGUDDA",प्रतिभागी,शिक्षक
CC7323,VINOD TEMBHARE,Balaghat,BIRSA,"23451020806, GOVT. HS SONGUDDA",प्रतिभागी,शिक्षक
BJ8375,Rajendra Prasad Thakre,Balaghat,BIRSA,"23451009708, GOVT. HSS MALAJKHAND",प्रतिभागी,शिक्षक
BJ9026,Mannilal Tekam,Balaghat,BIRSA,"23451009708, GOVT. HSS MALAJKHAND",प्रतिभागी,शिक्षक
BK3139,B.M. Panchtilak,Balaghat,BIRSA,"23451009708, GOVT. HSS MALAJKHAND",प्रतिभागी,शिक्षक
BN6442,Ganesh Jware,Balaghat,BIRSA,"23451009708, GOVT. HSS MALAJKHAND",प्रतिभागी,शिक्षक
BN6443,Baliram Markam,Balaghat,BIRSA,"23451009708, GOVT. HSS MALAJKHAND",प्रतिभागी,शिक्षक
AC8452,Sarita Dhurve,Balaghat,BIRSA,"23451018007, GOVT. HSS PALHERA",प्रतिभागी,शिक्षक
AC8525,Nandkishor Maneshwar,Balaghat,BIRSA,"23451018007, GOVT. HSS PALHERA",प्रतिभागी,शिक्षक
BJ9087,KUSUMLATA CHOUDHARY,Balaghat,BIRSA,"23451018007, GOVT. HSS PALHERA",प्रतिभागी,शिक्षक
BJ9059,Khileshwar Patle,Balaghat,BIRSA,"23451006107, GOVT. HSS MANDAI",प्रतिभागी,शिक्षक
CC7690,KHILESHWAR MERAVI,Balaghat,BIRSA,"23451006107, GOVT. HSS MANDAI",प्रतिभागी,शिक्षक
AC9679,Vinayak Singh Meravi,Balaghat,BIRSA,"23451021711, GOVT. HSS MOHGAON",प्रतिभागी,शिक्षक
AD2862,P.C. Durwey,Balaghat,BIRSA,"23451021711, GOVT. HSS MOHGAON",प्रतिभागी,शिक्षक
AD3063,Ss. Uiky,Balaghat,BIRSA,"23451021711, GOVT. HSS MOHGAON",प्रतिभागी,शिक्षक
BZ7229,Renu Pardhi,Balaghat,BIRSA,"23451021711, GOVT. HSS MOHGAON",प्रतिभागी,शिक्षक
CC7215,SHASHI SHIV,Balaghat,BIRSA,"23451021711, GOVT. HSS MOHGAON",प्रतिभागी,शिक्षक
CE9723,PRADEEP KUSHRAM,Balaghat,BIRSA,"23451021711, GOVT. HSS MOHGAON",प्रतिभागी,शिक्षक
AD4514,Chetanlal Somankar,Balaghat,BIRSA,"23451007405, GOVT. HSS KACHNARI",प्रतिभागी,शिक्षक
AM3179,Kumud Kawde,Balaghat,BIRSA,"23451007405, GOVT. HSS KACHNARI",प्रतिभागी,शिक्षक
BJ9154,Anoopsingh Tekam,Balaghat,BIRSA,"23451007405, GOVT. HSS KACHNARI",प्रतिभागी,सीएसी
BT6900,Shanta Netam,Balaghat,BIRSA,"23451007405, GOVT. HSS KACHNARI",प्रतिभागी,शिक्षक
CC5831,KRISHNA BHONDEKAR,Balaghat,BIRSA,"23451007405, GOVT. HSS KACHNARI",प्रतिभागी,शिक्षक
AC8428,Sitaram Ukey,Balaghat,BIRSA,"23451011309, GOVT. HSS DAMOH",प्रतिभागी,शिक्षक
AC8533,Sri Kalyan Singh Markam,Balaghat,BIRSA,"23451011309, GOVT. HSS DAMOH",प्रतिभागी,शिक्षक
AD2891,Kailash Nagpure,Balaghat,BIRSA,"23451011309, GOVT. HSS DAMOH",प्रतिभागी,शिक्षक
BW3435,Dilipkumar Kamde,Balaghat,BIRSA,"23451011309, GOVT. HSS DAMOH",प्रतिभागी,शिक्षक
AC6908,Veena Harinkhere,Balaghat,KATANGI,"23450312919, Govt. HSS EXCELLENCE, KATANGI",प्रतिभागी,शिक्षक
AH4081,Neelam Dehariya,Balaghat,KATANGI,"23450312919, Govt. HSS EXCELLENCE, KATANGI",प्रतिभागी,शिक्षक
BJ8790,Jhanendra Kumar Rahangdale,Balaghat,KATANGI,"23450312919, Govt. HSS EXCELLENCE, KATANGI",प्रतिभागी,शिक्षक
BJ8809,Dinesh Patle,Balaghat,KATANGI,"23450312919, Govt. HSS EXCELLENCE, KATANGI",प्रतिभागी,शिक्षक
BS3564,Akshendra Kumar Patle,Balaghat,KATANGI,"23450312919, Govt. HSS EXCELLENCE, KATANGI",प्रतिभागी,शिक्षक
BW1305,Suresh Kumar Harinkhede,Balaghat,KATANGI,"23450312919, Govt. HSS EXCELLENCE, KATANGI",प्रतिभागी,शिक्षक
8889093861,Ajay Kishor Sahare ,Balaghat,KATANGI,"23450307505, Govt. HS KATEDARA",प्रतिभागी,अन्य
AZ1670,Kavita Patle,Balaghat,KATANGI,"23450307505, Govt. HS KATEDARA",प्रतिभागी,शिक्षक
AZ3917,Dhanwanti Kashyap,Balaghat,KATANGI,"23450307505, Govt. HS KATEDARA",प्रतिभागी,शिक्षक
BQ7900,Khinnalal Bisen,Balaghat,KATANGI,"23450307505, Govt. HS KATEDARA",प्रतिभागी,शिक्षक
AC9039,Sovind Kumar Chouksey,Balaghat,KATANGI,"23450306004, Govt. HSS JAM",प्रतिभागी,शिक्षक
AD1192,Khelan Bisen,Balaghat,KATANGI,"23450306004, Govt. HSS JAM",प्रतिभागी,शिक्षक
AD2717,Kailash Chandravar,Balaghat,KATANGI,"23450306004, Govt. HSS JAM",प्रतिभागी,सीएसी
AD3294,Laxmichand Paradhi,Balaghat,KATANGI,"23450306004, Govt. HSS JAM",प्रतिभागी,शिक्षक
AN1900,Premlata Rahangdale,Balaghat,KATANGI,"23450306004, Govt. HSS JAM",प्रतिभागी,शिक्षक
AQ3531,Kavita Shende,Balaghat,KATANGI,"23450306004, Govt. HSS JAM",प्रतिभागी,शिक्षक
BX8722,Tripti Gautam,Balaghat,KATANGI,"23450306004, Govt. HSS JAM",प्रतिभागी,शिक्षक
BX9248,Yagendra Bopche,Balaghat,KATANGI,"23450306004, Govt. HSS JAM",प्रतिभागी,शिक्षक
8007646108,Anil  Sahare ,Balaghat,KATANGI,"23450302908, Govt. HSS MAHKEPAR",प्रतिभागी,शिक्षक
8878767024,Lalita Patle   ,Balaghat,KATANGI,"23450302908, Govt. HSS MAHKEPAR",प्रतिभागी,शिक्षक
9098199747,Jyoti  Rahangdale ,Balaghat,KATANGI,"23450302908, Govt. HSS MAHKEPAR",प्रतिभागी,शिक्षक
9630241302,Ghamendra Rahangdale   ,Balaghat,KATANGI,"23450302908, Govt. HSS MAHKEPAR",प्रतिभागी,शिक्षक
9755388185,Devendra  Jamunpane ,Balaghat,KATANGI,"23450302908, Govt. HSS MAHKEPAR",प्रतिभागी,शिक्षक
9926523030,Vina Kalaram Uchibagle ,Balaghat,KATANGI,"23450302908, Govt. HSS MAHKEPAR",प्रतिभागी,शिक्षक
AC9156,Lekhram Bhairam,Balaghat,KATANGI,"23450312920, Govt. HSS GIRLS, KATANGI",प्रतिभागी,शिक्षक
BR1460,Rashmi Katre,Balaghat,KATANGI,"23450312920, Govt. HSS GIRLS, KATANGI",प्रतिभागी,शिक्षक
BX8799,Nohar Singh Katre,Balaghat,KATANGI,"23450312920, Govt. HSS GIRLS, KATANGI",प्रतिभागी,शिक्षक
7471152967,Parikshit  Ukey ,Balaghat,KATANGI,"23450300123, Govt. HSS TIRODI",प्रतिभागी,शिक्षक
7509049946,Tarunkumar  Sharnagat ,Balaghat,KATANGI,"23450300123, Govt. HSS TIRODI",प्रतिभागी,शिक्षक
8109151996,Vishal Nirmalkar   ,Balaghat,KATANGI,"23450300123, Govt. HSS TIRODI",प्रतिभागी,शिक्षक
8349720333,Arshiya Hussain   ,Balaghat,KATANGI,"23450300123, Govt. HSS TIRODI",प्रतिभागी,शिक्षक
8878329183,Reemlata  Gautam ,Balaghat,KATANGI,"23450300123, Govt. HSS TIRODI",प्रतिभागी,अन्य
9753716109,Bharti  Katre ,Balaghat,KATANGI,"23450300123, Govt. HSS TIRODI",प्रतिभागी,शिक्षक
8359862685,Kundan  Hedau ,Balaghat,KHAIRLANJI,"23450409112, Govt. HSS EXCELLENCE, KHAIRLANJI",प्रतिभागी,शिक्षक
AC7361,Sadhulal Atre,Balaghat,KHAIRLANJI,"23450409112, Govt. HSS EXCELLENCE, KHAIRLANJI",प्रतिभागी,शिक्षक
AC7505,Duryodhan Bisen,Balaghat,KHAIRLANJI,"23450409112, Govt. HSS EXCELLENCE, KHAIRLANJI",प्रतिभागी,शिक्षक
AC7518,Damendra Mandrele,Balaghat,KHAIRLANJI,"23450409112, Govt. HSS EXCELLENCE, KHAIRLANJI",प्रतिभागी,शिक्षक
BK4645,Dineshwari Harinkhede,Balaghat,KHAIRLANJI,"23450409112, Govt. HSS EXCELLENCE, KHAIRLANJI",प्रतिभागी,शिक्षक
BQ9101,Padam Singh Lilhare,Balaghat,KHAIRLANJI,"23450409112, Govt. HSS EXCELLENCE, KHAIRLANJI",प्रतिभागी,शिक्षक
BX6277,Vinita Chhipeshwar,Balaghat,KHAIRLANJI,"23450409112, Govt. HSS EXCELLENCE, KHAIRLANJI",प्रतिभागी,शिक्षक
9617511409,Santosh  Kumar ,Balaghat,KHAIRLANJI,"23450401107, Govt. HSS AMAI 13-14",प्रतिभागी,शिक्षक
9617776704,Jitendra  Bopche ,Balaghat,KHAIRLANJI,"23450401107, Govt. HSS AMAI 13-14",प्रतिभागी,शिक्षक
AC7365,Sunita Tembhare,Balaghat,KHAIRLANJI,"23450401107, Govt. HSS AMAI 13-14",प्रतिभागी,शिक्षक
BK4193,Rajesh Tembhare,Balaghat,KHAIRLANJI,"23450401107, Govt. HSS AMAI 13-14",प्रतिभागी,शिक्षक
BK4343,Chandrakishor Meshram,Balaghat,KHAIRLANJI,"23450401107, Govt. HSS AMAI 13-14",प्रतिभागी,शिक्षक
BX9261,Arun Kumar Ghonade,Balaghat,KHAIRLANJI,"23450402806, Govt. HSS MIRGPUR",प्रतिभागी,शिक्षक
AC6690,Balkrishna Sonwane,Balaghat,KHAIRLANJI,"23450410606, Govt. HSS KATORI",प्रतिभागी,शिक्षक
AC7525,Gajanand Goupale,Balaghat,KHAIRLANJI,"23450410606, Govt. HSS KATORI",प्रतिभागी,शिक्षक
BQ6572,Devendra Kumar Dhuware,Balaghat,KHAIRLANJI,"23450410606, Govt. HSS KATORI",प्रतिभागी,शिक्षक
8085475964,Balram  Lilhare ,Balaghat,KHAIRLANJI,"23450406208, Govt. HSS ARAMBHA",प्रतिभागी,शिक्षक
9584682251,Satyajeet  Patle ,Balaghat,KHAIRLANJI,"23450406208, Govt. HSS ARAMBHA",प्रतिभागी,शिक्षक
9669325433,Raman Lal Sulkiya ,Balaghat,KHAIRLANJI,"23450406208, Govt. HSS ARAMBHA",प्रतिभागी,शिक्षक
AD1087,Rohit Kumar Bhalavi,Balaghat,KHAIRLANJI,"23450406208, Govt. HSS ARAMBHA",प्रतिभागी,शिक्षक
AD3146,Rupchand Basene,Balaghat,KHAIRLANJI,"23450406208, Govt. HSS ARAMBHA",प्रतिभागी,शिक्षक
AD3745,Radheshyam Dohare,Balaghat,KHAIRLANJI,"23450405006, Govt. HSS BHENDARA",प्रतिभागी,शिक्षक
CB9045,PRAFUL BANSOD,Balaghat,KHAIRLANJI,"23450405006, Govt. HSS BHENDARA",प्रतिभागी,शिक्षक
8817399015,Jitendra  Panche ,Balaghat,KIRNAPUR,"23450207513, Govt. HSS EXCELLENCE, KIRNAPUR",प्रतिभागी,शिक्षक
BS4330,Usha Bisen,Balaghat,KIRNAPUR,"23450207513, Govt. HSS EXCELLENCE, KIRNAPUR",प्रतिभागी,शिक्षक
BX4504,Lalchand Dandre,Balaghat,KIRNAPUR,"23450207513, Govt. HSS EXCELLENCE, KIRNAPUR",प्रतिभागी,शिक्षक
CB7597,ASHOK PARDHI,Balaghat,KIRNAPUR,"23450207513, Govt. HSS EXCELLENCE, KIRNAPUR",प्रतिभागी,शिक्षक
BK3980,Suresh Kumar,Balaghat,KIRNAPUR,"23450202807, Govt. HS GIRLS, HIRRI",प्रतिभागी,शिक्षक
BK4000,Kumendra Patle,Balaghat,KIRNAPUR,"23450202807, Govt. HS GIRLS, HIRRI",प्रतिभागी,शिक्षक
BY3487,Bhuneshwar Kothare,Balaghat,KIRNAPUR,"23450202807, Govt. HS GIRLS, HIRRI",प्रतिभागी,शिक्षक
BY8703,Mukesh Kumar Ramteke,Balaghat,KIRNAPUR,"23450202807, Govt. HS GIRLS, HIRRI",प्रतिभागी,शिक्षक
AC5192,Brajlal Kawre,Balaghat,KIRNAPUR,"23450207514, Govt. HSS GIRLS, KIRNAPUR",प्रतिभागी,शिक्षक
AC5431,KAMALCHAND SONI,Balaghat,KIRNAPUR,"23450207514, Govt. HSS GIRLS, KIRNAPUR",प्रतिभागी,शिक्षक
AC6236,Arvind Kore,Balaghat,KIRNAPUR,"23450207514, Govt. HSS GIRLS, KIRNAPUR",प्रतिभागी,शिक्षक
AD1810,Girdhar Rahangdale,Balaghat,KIRNAPUR,"23450207514, Govt. HSS GIRLS, KIRNAPUR",प्रतिभागी,शिक्षक
AD1831,Jayprakash Meshram,Balaghat,KIRNAPUR,"23450207514, Govt. HSS GIRLS, KIRNAPUR",प्रतिभागी,शिक्षक
AD2978,Urmila Rahangdale,Balaghat,KIRNAPUR,"23450207514, Govt. HSS GIRLS, KIRNAPUR",प्रतिभागी,शिक्षक
BJ8318,Dilip Kumar Soni,Balaghat,KIRNAPUR,"23450207514, Govt. HSS GIRLS, KIRNAPUR",प्रतिभागी,शिक्षक
BK3974,Anita Chouke,Balaghat,KIRNAPUR,"23450207514, Govt. HSS GIRLS, KIRNAPUR",प्रतिभागी,शिक्षक
BK4191,Laxmi Bai Donodkar,Balaghat,KIRNAPUR,"23450207514, Govt. HSS GIRLS, KIRNAPUR",प्रतिभागी,शिक्षक
BW8865,Pankaj Kumar Rahangdale,Balaghat,KIRNAPUR,"23450207514, Govt. HSS GIRLS, KIRNAPUR",प्रतिभागी,शिक्षक
BY3495,sangeeta mendhekar,Balaghat,KIRNAPUR,"23450207514, Govt. HSS GIRLS, KIRNAPUR",प्रतिभागी,शिक्षक
BQ5883,Shashikala Bhandari Choudhari,Balaghat,KIRNAPUR,"23450216406, Govt. HSS RAJEGAON",प्रतिभागी,शिक्षक
AC6247,Gopal Krishna Dhuware,Balaghat,KIRNAPUR,"23450201906, Govt. HSS SALETEKA 13-14",प्रतिभागी,शिक्षक
BP9063,Sangita Sonekar,Balaghat,KIRNAPUR,"23450201906, Govt. HSS SALETEKA 13-14",प्रतिभागी,शिक्षक
AC7129,Narendra Kumar Katre,Balaghat,KIRNAPUR,"23450221001, Govt. HSS KUNDA MOHGAON",प्रतिभागी,शिक्षक
AC7130,Yuvraj Bisen,Balaghat,KIRNAPUR,"23450221001, Govt. HSS KUNDA MOHGAON",प्रतिभागी,शिक्षक
AC9288,Madhubala Daharwal,Balaghat,KIRNAPUR,"23450221001, Govt. HSS KUNDA MOHGAON",प्रतिभागी,शिक्षक
BR1726,Hulasram Katre,Balaghat,KIRNAPUR,"23450221001, Govt. HSS KUNDA MOHGAON",प्रतिभागी,शिक्षक
AC5793,Premlal Khare,Balaghat,KIRNAPUR,"23450204906, Govt. HSS MATE 13-14",प्रतिभागी,शिक्षक
AD1832,Ranjeet Gondane,Balaghat,KIRNAPUR,"23450204906, Govt. HSS MATE 13-14",प्रतिभागी,शिक्षक
BR1718,Dilip Mankar,Balaghat,KIRNAPUR,"23450204906, Govt. HSS MATE 13-14",प्रतिभागी,शिक्षक
AC5714,Pitamsingh Tekam,Balaghat,LAL BURRA,"23450602107, Govt. HSS KHAMARIYA",प्रतिभागी,शिक्षक
AU9380,Govind Singh Sonwane,Balaghat,LAL BURRA,"23450602107, Govt. HSS KHAMARIYA",प्रतिभागी,शिक्षक
BR3916,Yuvraj Deshmukh,Balaghat,LAL BURRA,"23450602107, Govt. HSS KHAMARIYA",प्रतिभागी,शिक्षक
BS4103,Ravi Prakash Dongre,Balaghat,LAL BURRA,"23450602107, Govt. HSS KHAMARIYA",प्रतिभागी,शिक्षक
AD1626,Narendra Kumar Meshram,Balaghat,LAL BURRA,"23450615513, Govt. HSS EXCELLENCE, LALBURRA",प्रतिभागी,शिक्षक
BS9425,Rizwana Kureshi,Balaghat,LAL BURRA,"23450615513, Govt. HSS EXCELLENCE, LALBURRA",प्रतिभागी,शिक्षक
BT1453,Mamta Ade,Balaghat,LAL BURRA,"23450615513, Govt. HSS EXCELLENCE, LALBURRA",प्रतिभागी,शिक्षक
AD3629,Shakuntala Bopche,Balaghat,LAL BURRA,"23450612006, Govt. HSS BIRSOLA",प्रतिभागी,शिक्षक
BW7346,Padma Nagpure,Balaghat,LAL BURRA,"23450612006, Govt. HSS BIRSOLA",प्रतिभागी,शिक्षक
AL6372,Rupeshvari Harinkhede,Balaghat,LAL BURRA,"23450613503, Govt. HSS GIRLS, AMOLI",प्रतिभागी,शिक्षक
AY9001,Damyanti Sirsam,Balaghat,LAL BURRA,"23450613503, Govt. HSS GIRLS, AMOLI",प्रतिभागी,शिक्षक
AZ5110,Mithlesh Kumar Sagar,Balaghat,LAL BURRA,"23450613503, Govt. HSS GIRLS, AMOLI",प्रतिभागी,शिक्षक
BS6352,Mamta Sonekar,Balaghat,LAL BURRA,"23450613503, Govt. HSS GIRLS, AMOLI",प्रतिभागी,शिक्षक
BX8016,Ghanshyam Thakre,Balaghat,LAL BURRA,"23450613503, Govt. HSS GIRLS, AMOLI",प्रतिभागी,शिक्षक
BY8173,Sunayana Bramhe,Balaghat,LAL BURRA,"23450613503, Govt. HSS GIRLS, AMOLI",प्रतिभागी,शिक्षक
AC8197,Ramesh Kumar Chouhan,Balaghat,LAL BURRA,"23450604406, Govt. HSS JAM",प्रतिभागी,शिक्षक
BQ6175,Komal Chand Humnekar,Balaghat,LAL BURRA,"23450604406, Govt. HSS JAM",प्रतिभागी,शिक्षक
AC6486,Pratibha Deshmukh,Balaghat,LAL BURRA,"23450606005, Govt. HSS NEWARGAON  (LA)",प्रतिभागी,शिक्षक
AC8740,Shanta Pardhi,Balaghat,LAL BURRA,"23450606005, Govt. HSS NEWARGAON  (LA)",प्रतिभागी,शिक्षक
AD1164,Hukum Chand Chouhan,Balaghat,LAL BURRA,"23450610106, Govt. HSS KANKI",प्रतिभागी,शिक्षक
BZ1712,Kailash Nagwanshi,Balaghat,LAL BURRA,"23450610106, Govt. HSS KANKI",प्रतिभागी,शिक्षक
BZ1850,Yogeshvari Hanwat,Balaghat,LAL BURRA,"23450610106, Govt. HSS KANKI",प्रतिभागी,शिक्षक
AC5958,Onkar Badhai,Balaghat,LANJI,"23450801121, Govt. HSS EXCELLENCE, LANJI",प्रतिभागी,शिक्षक
BJ9092,Devanand Pardhi,Balaghat,LANJI,"23450801121, Govt. HSS EXCELLENCE, LANJI",प्रतिभागी,शिक्षक
BQ6716,Dileshwar Ramchand Bagmore,Balaghat,LANJI,"23450801121, Govt. HSS EXCELLENCE, LANJI",प्रतिभागी,शिक्षक
BR3738,Kuldeep Sonwane,Balaghat,LANJI,"23450801121, Govt. HSS EXCELLENCE, LANJI",प्रतिभागी,शिक्षक
BV1605,Arun Asatkar,Balaghat,LANJI,"23450801121, Govt. HSS EXCELLENCE, LANJI",प्रतिभागी,शिक्षक
BY4583,Usha Kiran Dahikar,Balaghat,LANJI,"23450801121, Govt. HSS EXCELLENCE, LANJI",प्रतिभागी,शिक्षक
AC5934,Vidhyabhushan Chouragade,Balaghat,LANJI,"23450801122, Govt. HSS GIRLS, LANJI",प्रतिभागी,शिक्षक
AC6020,Rajeshwer Meharkar,Balaghat,LANJI,"23450801122, Govt. HSS GIRLS, LANJI",प्रतिभागी,शिक्षक
AC6315,Gadiram Gurde,Balaghat,LANJI,"23450801122, Govt. HSS GIRLS, LANJI",प्रतिभागी,शिक्षक
AC6390,Mukesh Sonwane,Balaghat,LANJI,"23450801122, Govt. HSS GIRLS, LANJI",प्रतिभागी,शिक्षक
AU9329,Lokram Pipare,Balaghat,LANJI,"23450801122, Govt. HSS GIRLS, LANJI",प्रतिभागी,शिक्षक
BM8349,Basant Kumar Bisen,Balaghat,LANJI,"23450801122, Govt. HSS GIRLS, LANJI",प्रतिभागी,शिक्षक
BR7400,Gajanand Randive,Balaghat,LANJI,"23450801122, Govt. HSS GIRLS, LANJI",प्रतिभागी,शिक्षक
BT7117,Bindu Wakde,Balaghat,LANJI,"23450801122, Govt. HSS GIRLS, LANJI",प्रतिभागी,शिक्षक
BX9654,DHARMENDRA Kumar Karsarpe,Balaghat,LANJI,"23450801122, Govt. HSS GIRLS, LANJI",प्रतिभागी,शिक्षक
BY3484,Swati Ramtekkar,Balaghat,LANJI,"23450801122, Govt. HSS GIRLS, LANJI",प्रतिभागी,शिक्षक
BY8167,Rajkumar Nartam,Balaghat,LANJI,"23450801122, Govt. HSS GIRLS, LANJI",प्रतिभागी,शिक्षक
AC6327,Suryakant Madame,Balaghat,LANJI,"23450809204, Govt. HSS MANERI",प्रतिभागी,शिक्षक
AS9304,Jailal Dharne,Balaghat,LANJI,"23450809204, Govt. HSS MANERI",प्रतिभागी,शिक्षक
AT2246,Manohar Dongre,Balaghat,LANJI,"23450809204, Govt. HSS MANERI",प्रतिभागी,शिक्षक
BJ8302,Rajendra Kumar Dhok,Balaghat,LANJI,"23450809204, Govt. HSS MANERI",प्रतिभागी,शिक्षक
BT1656,Tarun Kumar Pichhore,Balaghat,LANJI,"23450809204, Govt. HSS MANERI",प्रतिभागी,शिक्षक
AC6033,Labhchand Haridas Jambhudkar,Balaghat,LANJI,"23450811007, Govt. HSS BAHELA",प्रतिभागी,शिक्षक
AC6149,Pushpalata Banothe,Balaghat,LANJI,"23450802807, Govt. HSS KARANJA",प्रतिभागी,शिक्षक
AC6150,Archana Dinesh Dubey,Balaghat,LANJI,"23450802807, Govt. HSS KARANJA",प्रतिभागी,शिक्षक
AC6151,Huleshwari Kishor Agade,Balaghat,LANJI,"23450802807, Govt. HSS KARANJA",प्रतिभागी,शिक्षक
AC8935,Maya Subhash Randive,Balaghat,LANJI,"23450802807, Govt. HSS KARANJA",प्रतिभागी,शिक्षक
BM8363,Ravi Garude,Balaghat,LANJI,"23450809811, Govt. HSS BHANEGAON",प्रतिभागी,शिक्षक
BW3260,Manisha Chouhan,Balaghat,LANJI,"23450809811, Govt. HSS BHANEGAON",प्रतिभागी,शिक्षक
BY1192,Arun Fulchand Randive,Balaghat,LANJI,"23450809811, Govt. HSS BHANEGAON",प्रतिभागी,शिक्षक
8966868703,Rajeshwari  Meshram ,Balaghat,LANJI,"23450812008, Govt. HSS MOHJHARI",प्रतिभागी,शिक्षक
BQ6938,Gajendra Prabhulal Bisen,Balaghat,LANJI,"23450812008, Govt. HSS MOHJHARI",प्रतिभागी,शिक्षक
BQ9084,Omprakash Thansingh Markam,Balaghat,LANJI,"23450812008, Govt. HSS MOHJHARI",प्रतिभागी,शिक्षक
BR1116,Shrawan Kumar Nakhate,Balaghat,LANJI,"23450812008, Govt. HSS MOHJHARI",प्रतिभागी,शिक्षक
BU9829,Girish Kumar Pardhi,Balaghat,LANJI,"23450812008, Govt. HSS MOHJHARI",प्रतिभागी,शिक्षक
BV6135,Sunita Pawar,Balaghat,LANJI,"23450812008, Govt. HSS MOHJHARI",प्रतिभागी,शिक्षक
BY8704,Shailesh Kumar Meshram,Balaghat,LANJI,"23450812008, Govt. HSS MOHJHARI",प्रतिभागी,शिक्षक
AC6213,Gajendra Sukhlal Nagdaune,Balaghat,LANJI,"23450807210, Govt. HSS TEMNI",प्रतिभागी,शिक्षक
AC6436,Kamla Khanorkar,Balaghat,LANJI,"23450807210, Govt. HSS TEMNI",प्रतिभागी,शिक्षक
AD3604,Parwati Uikey,Balaghat,PARASWADA,"23450502512, GOVT. HSS EXCELLENCE, PARASWADA",प्रतिभागी,शिक्षक
BM9537,Suniti Dhurwe,Balaghat,PARASWADA,"23450502512, GOVT. HSS EXCELLENCE, PARASWADA",प्रतिभागी,शिक्षक
CC7550,SHEETAL GOUTAM,Balaghat,PARASWADA,"23450502512, GOVT. HSS EXCELLENCE, PARASWADA",प्रतिभागी,शिक्षक
CF1209,SEEMA KHARE,Balaghat,PARASWADA,"23450502512, GOVT. HSS EXCELLENCE, PARASWADA",प्रतिभागी,शिक्षक
AD3699,Nandlal Uikey,Balaghat,PARASWADA,"23450505406, GOVT. HSS CHANDANA",प्रतिभागी,शिक्षक
AC7740,Makhan lal Tembhare,Balaghat,PARASWADA,"23450508505, GOVT. HS THEMA",प्रतिभागी,शिक्षक
CC2548,SUPRIYA KHANDEKAR,Balaghat,PARASWADA,"23450508505, GOVT. HS THEMA",प्रतिभागी,शिक्षक
CC3829,VINOD JAMESHWAR,Balaghat,PARASWADA,"23450508505, GOVT. HS THEMA",प्रतिभागी,शिक्षक
AD3774,Pradeep Uikey,Balaghat,PARASWADA,"23450519505, GOVT. HS BODA",प्रतिभागी,शिक्षक
CC6711,RANJITA CHOUDHARY,Balaghat,PARASWADA,"23450519505, GOVT. HS BODA",प्रतिभागी,शिक्षक
BU9571,Sharda Dhurve,Balaghat,PARASWADA,"23450513205, GOVT. HSS KUMADEHI",प्रतिभागी,शिक्षक
AD3280,Mamta Sahare,Balaghat,PARASWADA,"23450512014, GOVT. HSS UKWA",प्रतिभागी,शिक्षक
BN1526,Dineshkumar Bhagat,Balaghat,PARASWADA,"23450512014, GOVT. HSS UKWA",प्रतिभागी,शिक्षक
BZ7797,Mamta Thakre,Balaghat,PARASWADA,"23450512014, GOVT. HSS UKWA",प्रतिभागी,शिक्षक
AD3337,Dinesh Kumar Bhardwaj,Balaghat,PARASWADA,"23450511904, GOVT. HS TANTATOLA",प्रतिभागी,शिक्षक
AD3821,Rajendra Kumar Balle,Balaghat,PARASWADA,"23450511904, GOVT. HS TANTATOLA",प्रतिभागी,शिक्षक
AD4074,Ashok Kumar Dongre,Balaghat,PARASWADA,"23450511904, GOVT. HS TANTATOLA",प्रतिभागी,शिक्षक
AD4075,Chandrkala Dongre,Balaghat,PARASWADA,"23450511904, GOVT. HS TANTATOLA",प्रतिभागी,शिक्षक
CE8340,VILASH UPVANSHI,Balaghat,PARASWADA,"23450516403, GOVT. HSS DORA",प्रतिभागी,शिक्षक
BE8319,Santosh Kumar,Balaghat,WARA SEONI,"23450706734, Govt. HSS GIRLS, K.NEHRU, WARASEONI",प्रतिभागी,शिक्षक
BK1839,Lekhram Bhagat,Balaghat,WARA SEONI,"23450706734, Govt. HSS GIRLS, K.NEHRU, WARASEONI",प्रतिभागी,शिक्षक
BN6195,Hita Nagpure,Balaghat,WARA SEONI,"23450706734, Govt. HSS GIRLS, K.NEHRU, WARASEONI",प्रतिभागी,शिक्षक
BP9898,Usha Bagmare,Balaghat,WARA SEONI,"23450706734, Govt. HSS GIRLS, K.NEHRU, WARASEONI",प्रतिभागी,शिक्षक
BQ7799,Lokesh Dongre,Balaghat,WARA SEONI,"23450706734, Govt. HSS GIRLS, K.NEHRU, WARASEONI",प्रतिभागी,शिक्षक
AC6659,Bhoopsingh Pardhi,Balaghat,WARA SEONI,"23450706733, Govt. HSS EXCELLENCE, T.B., WARASEONI",प्रतिभागी,शिक्षक
AD2333,Anil Neware,Balaghat,WARA SEONI,"23450706733, Govt. HSS EXCELLENCE, T.B., WARASEONI",प्रतिभागी,शिक्षक
BQ4495,Vivekanand Meshram,Balaghat,WARA SEONI,"23450706733, Govt. HSS EXCELLENCE, T.B., WARASEONI",प्रतिभागी,शिक्षक
AC7701,ARCHANA Mahurkar Yerpude,Balaghat,WARA SEONI,"23450706505, Govt. HSS ALEJHARI",प्रतिभागी,शिक्षक
AC8763,Manju Trivedi,Balaghat,WARA SEONI,"23450706505, Govt. HSS ALEJHARI",प्रतिभागी,शिक्षक
AC8880,Manjulata Ramkrushna Ukey,Balaghat,WARA SEONI,"23450706505, Govt. HSS ALEJHARI",प्रतिभागी,शिक्षक
BT8253,Chandrashekhar Nagpure,Balaghat,WARA SEONI,"23450706505, Govt. HSS ALEJHARI",प्रतिभागी,शिक्षक
BU6643,Anita Maravi,Balaghat,WARA SEONI,"23450706505, Govt. HSS ALEJHARI",प्रतिभागी,शिक्षक
BX8694,Sarita Choudhary,Balaghat,WARA SEONI,"23450706505, Govt. HSS ALEJHARI",प्रतिभागी,शिक्षक
BY8624,Dharti Rahangdale,Balaghat,WARA SEONI,"23450706505, Govt. HSS ALEJHARI",प्रतिभागी,शिक्षक
8889886034,Umesh Kumar Lilhare ,Balaghat,WARA SEONI,"23450703705, Govt. HSS MEDHAKI",प्रतिभागी,शिक्षक
AC8830,Khiliram Bopulkar,Balaghat,WARA SEONI,"23450703705, Govt. HSS MEDHAKI",प्रतिभागी,सीएसी
AD3733,Mohammad Azizur Rehman,Balaghat,WARA SEONI,"23450703705, Govt. HSS MEDHAKI",प्रतिभागी,शिक्षक
BM8994,Gajendra Bhoyarkar,Balaghat,WARA SEONI,"23450703705, Govt. HSS MEDHAKI",प्रतिभागी,शिक्षक
BQ5629,Aabha Patle,Balaghat,WARA SEONI,"23450703705, Govt. HSS MEDHAKI",प्रतिभागी,शिक्षक
BX9940,Ishwar Kumar Sonwane,Balaghat,WARA SEONI,"23450703705, Govt. HSS MEDHAKI",प्रतिभागी,शिक्षक
CB8121,SURENDRA PARDHI,Balaghat,WARA SEONI,"23450703705, Govt. HSS MEDHAKI",प्रतिभागी,शिक्षक
AC5595,Devi Prasad Patle,Balaghat,WARA SEONI,"23450713406, Govt. HSS JHALIWADA",प्रतिभागी,शिक्षक
AC6647,Jalesh Kumar Bisen,Balaghat,WARA SEONI,"23450713406, Govt. HSS JHALIWADA",प्रतिभागी,शिक्षक
AC8799,Chitrarekha Dohare,Balaghat,WARA SEONI,"23450713406, Govt. HSS JHALIWADA",प्रतिभागी,शिक्षक
AC8803,Geeta Turkar,Balaghat,WARA SEONI,"23450713406, Govt. HSS JHALIWADA",प्रतिभागी,शिक्षक
AC8826,Ashok Kumar Kawde,Balaghat,WARA SEONI,"23450713406, Govt. HSS JHALIWADA",प्रतिभागी,शिक्षक
AD1103,Tukaram Bhagat,Balaghat,WARA SEONI,"23450713406, Govt. HSS JHALIWADA",प्रतिभागी,शिक्षक
AD3034,Rajesh Kumar,Balaghat,WARA SEONI,"23450713406, Govt. HSS JHALIWADA",प्रतिभागी,शिक्षक
AJ8033,Vidhyaprakash Patel,Balaghat,WARA SEONI,"23450713406, Govt. HSS JHALIWADA",प्रतिभागी,शिक्षक
BK3846,Hiralal Bhagat,Balaghat,WARA SEONI,"23450713406, Govt. HSS JHALIWADA",प्रतिभागी,शिक्षक
BK3877,Yashoda Bhagat,Balaghat,WARA SEONI,"23450713406, Govt. HSS JHALIWADA",प्रतिभागी,शिक्षक
BK4347,Devnath Bhagat,Balaghat,WARA SEONI,"23450713406, Govt. HSS JHALIWADA",प्रतिभागी,शिक्षक
BQ4697,Nazma Anjum,Balaghat,WARA SEONI,"23450713406, Govt. HSS JHALIWADA",प्रतिभागी,शिक्षक
BU6930,Dileeram Thakre,Balaghat,WARA SEONI,"23450713406, Govt. HSS JHALIWADA",प्रतिभागी,शिक्षक
BY6343,Mona Atrahe,Balaghat,WARA SEONI,"23450713406, Govt. HSS JHALIWADA",प्रतिभागी,शिक्षक
BZ1473,Rakesh Neware,Balaghat,WARA SEONI,"23450713406, Govt. HSS JHALIWADA",प्रतिभागी,शिक्षक
7049820398,Jitendra  Pardhi ,Balaghat,WARA SEONI,"23450709507, Govt. HSS BUDBUDA",प्रतिभागी,शिक्षक
9424766339,Shyamlal  Maneshwar ,Balaghat,WARA SEONI,"23450709507, Govt. HSS BUDBUDA",प्रतिभागी,शिक्षक
AC7960,Niraj Sonbarse,Balaghat,WARA SEONI,"23450709507, Govt. HSS BUDBUDA",प्रतिभागी,शिक्षक
AV6128,Sangeeta Uke,Balaghat,WARA SEONI,"23450709507, Govt. HSS BUDBUDA",प्रतिभागी,शिक्षक
BQ4460,Pankaj Kumar Tiwari,Balaghat,WARA SEONI,"23450709507, Govt. HSS BUDBUDA",प्रतिभागी,शिक्षक
AD5401,Kiran Pendharkar,Barwani,BARWANI,"23280309697, GOVT. HS GIRLS BARWANI (1 TO 10)",प्रतिभागी,शिक्षक
AD5677,Siyaram More,Barwani,BARWANI,"23280309697, GOVT. HS GIRLS BARWANI (1 TO 10)",प्रतिभागी,शिक्षक
AD5728,Akhilesh Joshi,Barwani,BARWANI,"23280309697, GOVT. HS GIRLS BARWANI (1 TO 10)",प्रतिभागी,शिक्षक
AD6122,Durgesh Purohit,Barwani,BARWANI,"23280309697, GOVT. HS GIRLS BARWANI (1 TO 10)",प्रतिभागी,शिक्षक
AD6128,Mubarik Mansuri,Barwani,BARWANI,"23280309697, GOVT. HS GIRLS BARWANI (1 TO 10)",प्रतिभागी,शिक्षक
AD6875,Ramesh Alava,Barwani,BARWANI,"23280309697, GOVT. HS GIRLS BARWANI (1 TO 10)",प्रतिभागी,शिक्षक
AD6911,Javed Khan,Barwani,BARWANI,"23280309697, GOVT. HS GIRLS BARWANI (1 TO 10)",प्रतिभागी,शिक्षक
AD7356,MAGANSINGH Chouhan,Barwani,BARWANI,"23280309697, GOVT. HS GIRLS BARWANI (1 TO 10)",प्रतिभागी,शिक्षक
BN4449,ARVIND BHAWSAR,Barwani,BARWANI,"23280309697, GOVT. HS GIRLS BARWANI (1 TO 10)",प्रतिभागी,शिक्षक
BP6062,Ramkuwar Solanki,Barwani,BARWANI,"23280309697, GOVT. HS GIRLS BARWANI (1 TO 10)",प्रतिभागी,शिक्षक
CC7088,poonam MALVIYA,Barwani,BARWANI,"23280309697, GOVT. HS GIRLS BARWANI (1 TO 10)",प्रतिभागी,शिक्षक
AD5858,Anita More,Barwani,BARWANI,"23280307519, GOVT. HS SILAVAD (1 TO 10)",प्रतिभागी,शिक्षक
AD7423,Pawan Nimkar,Barwani,BARWANI,"23280307519, GOVT. HS SILAVAD (1 TO 10)",प्रतिभागी,शिक्षक
AD8913,Tukaram Kanasya,Barwani,BARWANI,"23280307519, GOVT. HS SILAVAD (1 TO 10)",प्रतिभागी,शिक्षक
AD6079,Mahendra Bhawsar,Barwani,BARWANI,"23280304205, HSS BHAWTI",प्रतिभागी,शिक्षक
AD6146,Koshalya Kannoje,Barwani,BARWANI,"23280304205, HSS BHAWTI",प्रतिभागी,शिक्षक
AD7368,Fatusingh Rawat,Barwani,BARWANI,"23280304205, HSS BHAWTI",प्रतिभागी,शिक्षक
AD7536,Anil More,Barwani,BARWANI,"23280304205, HSS BHAWTI",प्रतिभागी,शिक्षक
AJ1191,Dashrath Chouhan,Barwani,BARWANI,"23280304205, HSS BHAWTI",प्रतिभागी,शिक्षक
BK2081,Narayan Verma,Barwani,BARWANI,"23280304205, HSS BHAWTI",प्रतिभागी,शिक्षक
BO7798,Dinesh Varma,Barwani,BARWANI,"23280304205, HSS BHAWTI",प्रतिभागी,शिक्षक
BS9976,Jam Singh Alawe,Barwani,BARWANI,"23280304205, HSS BHAWTI",प्रतिभागी,शिक्षक
AD7537,Sunil Dawar,Barwani,BARWANI,"23280308814, HSS TALWADA BUJURG",प्रतिभागी,शिक्षक
AD8923,JAIPAL NARGAVE,Barwani,BARWANI,"23280308814, HSS TALWADA BUJURG",प्रतिभागी,शिक्षक
AD8963,Yogita Bhawsar,Barwani,BARWANI,"23280308814, HSS TALWADA BUJURG",प्रतिभागी,शिक्षक
AE2050,Vandana Solanki,Barwani,BARWANI,"23280308814, HSS TALWADA BUJURG",प्रतिभागी,शिक्षक
AD7276,Sandhya Poranik,Barwani,BARWANI,"23280309696, GOVT. HS BARWANI (1 TO 10)",प्रतिभागी,शिक्षक
AD7401,Anita Choyal,Barwani,BARWANI,"23280309696, GOVT. HS BARWANI (1 TO 10)",प्रतिभागी,शिक्षक
BN8686,Firoz Khan,Barwani,BARWANI,"23280309696, GOVT. HS BARWANI (1 TO 10)",प्रतिभागी,शिक्षक
BQ6319,Sadhana Patel,Barwani,BARWANI,"23280309696, GOVT. HS BARWANI (1 TO 10)",प्रतिभागी,शिक्षक
BU8952,Mamta Barde,Barwani,BARWANI,"23280309696, GOVT. HS BARWANI (1 TO 10)",प्रतिभागी,शिक्षक
CC2082,BABITA CHOUHAN,Barwani,BARWANI,"23280309696, GOVT. HS BARWANI (1 TO 10)",प्रतिभागी,शिक्षक
CC2510,SHABANA KHAN,Barwani,BARWANI,"23280309696, GOVT. HS BARWANI (1 TO 10)",प्रतिभागी,शिक्षक
AD7446,Kuvarsingh Barde,Barwani,BARWANI,"23280300604, HS BHURA KUA",प्रतिभागी,शिक्षक
BT7524,Rameshwar Dodwe,Barwani,BARWANI,"23280300604, HS BHURA KUA",प्रतिभागी,शिक्षक
AD6091,Kuwarsingh Awaya,Barwani,BARWANI,"23280306115, GOVT. HSS MENIMATA (6 TO 12)",प्रतिभागी,शिक्षक
AD7425,Kousar Alave,Barwani,BARWANI,"23280306115, GOVT. HSS MENIMATA (6 TO 12)",प्रतिभागी,शिक्षक
AD8919,Ravindra Kumar Doorwar,Barwani,BARWANI,"23280306115, GOVT. HSS MENIMATA (6 TO 12)",प्रतिभागी,शिक्षक
BT8873,DURGESH PATIDAR,Barwani,BARWANI,"23280306115, GOVT. HSS MENIMATA (6 TO 12)",प्रतिभागी,शिक्षक
CF2100,RAKESH MORE,Barwani,BARWANI,"23280306115, GOVT. HSS MENIMATA (6 TO 12)",प्रतिभागी,अन्य
AD7348,Mangla Patel,Barwani,BARWANI,"23280303114, GOVT. HSS REHGUN (1 TO 12)",प्रतिभागी,शिक्षक
AD7402,Kailashchandra Patidar,Barwani,BARWANI,"23280303114, GOVT. HSS REHGUN (1 TO 12)",प्रतिभागी,शिक्षक
AD7431,Suresh Kachaway,Barwani,BARWANI,"23280303114, GOVT. HSS REHGUN (1 TO 12)",प्रतिभागी,शिक्षक
AD7449,Navin Mangaroliya,Barwani,BARWANI,"23280303114, GOVT. HSS REHGUN (1 TO 12)",प्रतिभागी,शिक्षक
AD8931,Santosh Dawar,Barwani,BARWANI,"23280303114, GOVT. HSS REHGUN (1 TO 12)",प्रतिभागी,शिक्षक
AD8934,Ravi Prakash Sharma,Barwani,BARWANI,"23280303114, GOVT. HSS REHGUN (1 TO 12)",प्रतिभागी,शिक्षक
AP3337,Prabhu Mandloi,Barwani,BARWANI,"23280303114, GOVT. HSS REHGUN (1 TO 12)",प्रतिभागी,शिक्षक
AD4695,Salma Khan,Barwani,BARWANI,"23280309306, GOVT. HS TALUN (1 TO 10)",प्रतिभागी,शिक्षक
AD6554,Vijay Bhavsar,Barwani,BARWANI,"23280309306, GOVT. HS TALUN (1 TO 10)",प्रतिभागी,शिक्षक
AD7450,Chandu Rathod,Barwani,BARWANI,"23280309306, GOVT. HS TALUN (1 TO 10)",प्रतिभागी,शिक्षक
AD7475,Hanumanprasad Trivedi,Barwani,BARWANI,"23280309306, GOVT. HS TALUN (1 TO 10)",प्रतिभागी,शिक्षक
BN4192,RAJESH RAO SHINDE,Barwani,BARWANI,"23280309306, GOVT. HS TALUN (1 TO 10)",प्रतिभागी,शिक्षक
AD6469,Savitri Sapane,Barwani,BARWANI,"23280307520, GOVT. HSS SILAWAD (6 TO 12)",प्रतिभागी,शिक्षक
AD6999,Pupsha Mishri,Barwani,BARWANI,"23280307520, GOVT. HSS SILAWAD (6 TO 12)",प्रतिभागी,शिक्षक
BJ1198,Uday Singh Jamre,Barwani,BARWANI,"23280307520, GOVT. HSS SILAWAD (6 TO 12)",प्रतिभागी,शिक्षक
BJ6798,Gabbar Singh,Barwani,BARWANI,"23280307520, GOVT. HSS SILAWAD (6 TO 12)",प्रतिभागी,शिक्षक
BS7337,Sangeeta Chouhan,Barwani,BARWANI,"23280307520, GOVT. HSS SILAWAD (6 TO 12)",प्रतिभागी,शिक्षक
BU5182,Satosh Pichole,Barwani,BARWANI,"23280307520, GOVT. HSS SILAWAD (6 TO 12)",प्रतिभागी,शिक्षक
CF2105,ASHA SHAKYA,Barwani,BARWANI,"23280307520, GOVT. HSS SILAWAD (6 TO 12)",प्रतिभागी,शिक्षक
AD6251,Vijay Senda,Barwani,NIWALI,"23281104608, GOVT. HSS GAVADI (1 TO 12)",प्रतिभागी,शिक्षक
AD8523,Sajauddin Khan,Barwani,NIWALI,"23281102616, GOVT. HS JOGWADA (6 TO 10)",प्रतिभागी,शिक्षक
BW8005,Pankaj Soni,Barwani,NIWALI,"23281102616, GOVT. HS JOGWADA (6 TO 10)",प्रतिभागी,शिक्षक
CF4689,VANDANA KANOJE,Barwani,NIWALI,"23281102616, GOVT. HS JOGWADA (6 TO 10)",प्रतिभागी,शिक्षक
CA9949,KAVITA MALVI,Barwani,NIWALI,"23281101806, GOVT. HS MORGUN (6 TO 10)",प्रतिभागी,शिक्षक
BS2976,Sohan Dawar,Barwani,NIWALI,"23281108210, HS VAJHAR",प्रतिभागी,शिक्षक
AD6256,Amjad Khan,Barwani,NIWALI,"23281106408, GOVT. HSS CHATLI (1 TO 12)",प्रतिभागी,शिक्षक
AD6491,Sunita Gupta,Barwani,NIWALI,"23281106408, GOVT. HSS CHATLI (1 TO 12)",प्रतिभागी,शिक्षक
CB6058,NILESH SOLANKI,Barwani,NIWALI,"23281106408, GOVT. HSS CHATLI (1 TO 12)",प्रतिभागी,शिक्षक
AD6231,Dhansing Kannoje,Barwani,NIWALI,"23281100129, GOVT. HSS GIRLS NIWALI (1 TO 12)",प्रतिभागी,शिक्षक
AD7312,Olari Kirade,Barwani,NIWALI,"23281100129, GOVT. HSS GIRLS NIWALI (1 TO 12)",प्रतिभागी,शिक्षक
AD8476,Sevanti Sisodiya,Barwani,NIWALI,"23281100129, GOVT. HSS GIRLS NIWALI (1 TO 12)",प्रतिभागी,शिक्षक
AD8565,Ushabai Dawar,Barwani,NIWALI,"23281100129, GOVT. HSS GIRLS NIWALI (1 TO 12)",प्रतिभागी,शिक्षक
CC5985,ROSHANI SOLANKI,Barwani,NIWALI,"23281100129, GOVT. HSS GIRLS NIWALI (1 TO 12)",प्रतिभागी,शिक्षक
AD7088,Vidhan Jadhav,Barwani,NIWALI,"23281100128, GOVT. HSS NIWALI (1 TO 12)",प्रतिभागी,शिक्षक
AD8567,Bhaylal Patel,Barwani,NIWALI,"23281100128, GOVT. HSS NIWALI (1 TO 12)",प्रतिभागी,शिक्षक
AD5519,Vinod Sirsath,Barwani,PANSEMAL,"23280707317, GOVT. HSS BOYS KHETIYA (1 TO 12)",प्रतिभागी,शिक्षक
AD7149,Devki Badya Waskale,Barwani,PANSEMAL,"23280707317, GOVT. HSS BOYS KHETIYA (1 TO 12)",प्रतिभागी,शिक्षक
AD7521,Nanuram Pundlik Gawle,Barwani,PANSEMAL,"23280707317, GOVT. HSS BOYS KHETIYA (1 TO 12)",प्रतिभागी,शिक्षक
AD7528,Vikas Gore,Barwani,PANSEMAL,"23280707317, GOVT. HSS BOYS KHETIYA (1 TO 12)",प्रतिभागी,शिक्षक
AD8088,Jagruti Patel,Barwani,PANSEMAL,"23280707317, GOVT. HSS BOYS KHETIYA (1 TO 12)",प्रतिभागी,शिक्षक
AD8125,Ratna Suresh Pawar,Barwani,PANSEMAL,"23280707317, GOVT. HSS BOYS KHETIYA (1 TO 12)",प्रतिभागी,शिक्षक
CB8832,EKTA THAKUR,Barwani,PANSEMAL,"23280707317, GOVT. HSS BOYS KHETIYA (1 TO 12)",प्रतिभागी,शिक्षक
AD6264,Suman Jadhav,Barwani,PANSEMAL,"23280708820, HS BOYS PANSEMAL",प्रतिभागी,शिक्षक
AD8169,Kalavati Jadav,Barwani,PANSEMAL,"23280708820, HS BOYS PANSEMAL",प्रतिभागी,शिक्षक
BT7541,Rajkumar Patel,Barwani,PANSEMAL,"23280708820, HS BOYS PANSEMAL",प्रतिभागी,शिक्षक
AP5286,Dilip Mehta,Barwani,PANSEMAL,"23280700809, HS DONDWADA",प्रतिभागी,शिक्षक
AD8114,Rampyari Solanki,Barwani,PANSEMAL,"23280708822, GOVT. HSS GIRLS PANSEMAL (1 TO 12)",प्रतिभागी,शिक्षक
AD8164,Ranjana Jadon,Barwani,PANSEMAL,"23280708822, GOVT. HSS GIRLS PANSEMAL (1 TO 12)",प्रतिभागी,शिक्षक
AD8165,Avinash Soni,Barwani,PANSEMAL,"23280704907, HS JALGON",प्रतिभागी,शिक्षक
AD8176,Raju Khedkar,Barwani,PANSEMAL,"23280704907, HS JALGON",प्रतिभागी,शिक्षक
AD8197,Ramkumari Pal,Barwani,PANSEMAL,"23280704907, HS JALGON",प्रतिभागी,शिक्षक
CF6397,KESHARSINGH KHEDKAR,Barwani,PANSEMAL,"23280704907, HS JALGON",प्रतिभागी,शिक्षक
AD6280,Bharat Patil,Barwani,PANSEMAL,"23280703005, HSS MALFA",प्रतिभागी,शिक्षक
AD8140,Bhagwan Magar,Barwani,PANSEMAL,"23280703005, HSS MALFA",प्रतिभागी,शिक्षक
AD8224,Dilip Chouhan,Barwani,PANSEMAL,"23280703005, HSS MALFA",प्रतिभागी,शिक्षक
AD7534,Yatindra Pukharajmal Soni,Barwani,PANSEMAL,"23280702506, GOVT. HSS RAKHI BUJURG (1 TO 12)",प्रतिभागी,शिक्षक
AD7976,Raman Lal Padvi,Barwani,PANSEMAL,"23280702506, GOVT. HSS RAKHI BUJURG (1 TO 12)",प्रतिभागी,शिक्षक
AD8126,Bapu Surywanshi,Barwani,PANSEMAL,"23280702506, GOVT. HSS RAKHI BUJURG (1 TO 12)",प्रतिभागी,शिक्षक
AD8411,Pradhan Vaskale,Barwani,PANSEMAL,"23280702506, GOVT. HSS RAKHI BUJURG (1 TO 12)",प्रतिभागी,शिक्षक
AD9331,Jitendra Bhandari,Barwani,PANSEMAL,"23280702506, GOVT. HSS RAKHI BUJURG (1 TO 12)",प्रतिभागी,शिक्षक
AD6275,Ramsiya Dudwe,Barwani,PANSEMAL,"23280703205, GOVT. HS TEMLA (1 TO 10)",प्रतिभागी,शिक्षक
AD6527,Sachin Shitole,Barwani,PANSEMAL,"23280703205, GOVT. HS TEMLA (1 TO 10)",प्रतिभागी,शिक्षक
AD7973,Rajendra Pawar,Barwani,PANSEMAL,"23280703205, GOVT. HS TEMLA (1 TO 10)",प्रतिभागी,शिक्षक
AD7116,Bhagwan Singh Randa,Barwani,PATI,"23280409114, HSS BOKRATA",प्रतिभागी,शिक्षक
AD6950,Aarsiya Saste,Barwani,PATI,"23280405317, HS BOYS PATI",प्रतिभागी,शिक्षक
AD6917,Gajanand Soni,Barwani,PATI,"23280405209, GOVT. HS GANDHAWAL (1 TO 10)",प्रतिभागी,शिक्षक
AD6923,Jyoti Gagodiya,Barwani,PATI,"23280405209, GOVT. HS GANDHAWAL (1 TO 10)",प्रतिभागी,शिक्षक
AD6977,Lohar Singh Jhdhv,Barwani,PATI,"23280405209, GOVT. HS GANDHAWAL (1 TO 10)",प्रतिभागी,शिक्षक
AU8240,Kalusingh Sisodiya,Barwani,PATI,"23280405209, GOVT. HS GANDHAWAL (1 TO 10)",प्रतिभागी,शिक्षक
BN7216,Subhanu Rawat,Barwani,PATI,"23280405209, GOVT. HS GANDHAWAL (1 TO 10)",प्रतिभागी,शिक्षक
CF5447,BALRAM BADOLE,Barwani,PATI,"23280405209, GOVT. HS GANDHAWAL (1 TO 10)",प्रतिभागी,शिक्षक
AD6956,Siyani Kanoje,Barwani,PATI,"23280400710, HSS LIMBI",प्रतिभागी,शिक्षक
AD7086,Dinesh Yadav,Barwani,PATI,"23280402008, HS OSADA",प्रतिभागी,शिक्षक
AD7484,Arachana Alawe,Barwani,PATI,"23280402008, HS OSADA",प्रतिभागी,शिक्षक
AD6919,Suwalal Awaya,Barwani,PATI,"23280406905, HS THAN",प्रतिभागी,शिक्षक
AD6942,Sheera Sulya,Barwani,PATI,"23280406905, HS THAN",प्रतिभागी,शिक्षक
AD6945,Kishan Dodwe,Barwani,PATI,"23280406905, HS THAN",प्रतिभागी,शिक्षक
AD7463,Shailendra Jadhav,Barwani,PATI,"23280406905, HS THAN",प्रतिभागी,शिक्षक
AD6974,Virender Rathod,Barwani,PATI,"23280405319, HSS PATI",प्रतिभागी,शिक्षक
BP9109,Suwalal More,Barwani,PATI,"23280405319, HSS PATI",प्रतिभागी,शिक्षक
AD6906,Sunil Rathod,Barwani,PATI,"23280405318, GOVT. HSS GIRLS PATI (6 TO 12)",प्रतिभागी,शिक्षक
AD6908,Geeta Vaskel,Barwani,PATI,"23280405318, GOVT. HSS GIRLS PATI (6 TO 12)",प्रतिभागी,शिक्षक
AD6960,Jatan Singh Solanki,Barwani,PATI,"23280405318, GOVT. HSS GIRLS PATI (6 TO 12)",प्रतिभागी,शिक्षक
BN6555,Arun Rathor,Barwani,PATI,"23280405318, GOVT. HSS GIRLS PATI (6 TO 12)",प्रतिभागी,शिक्षक
BZ5584,Krishna Joshi,Barwani,PATI,"23280405318, GOVT. HSS GIRLS PATI (6 TO 12)",प्रतिभागी,शिक्षक
AD5869,Suresh Verma,Barwani,RAJPUR,"23280105809, HS BALSAMUD",प्रतिभागी,शिक्षक
BJ7111,Santosh Solanki,Barwani,RAJPUR,"23280102707, GOVT. HS BILWANI (1 TO 10)",प्रतिभागी,शिक्षक
CE2051,SANTOSH KOLI,Barwani,RAJPUR,"23280114313, GOVT. HS INDRAPUR (1 TO 10)",प्रतिभागी,शिक्षक
AD4546,Jagdish Parihar,Barwani,RAJPUR,"23280106608, HS KHAJURI",प्रतिभागी,शिक्षक
AD4557,Manish Patel,Barwani,RAJPUR,"23280106608, HS KHAJURI",प्रतिभागी,शिक्षक
AD5870,Jiyalal Chouhan,Barwani,RAJPUR,"23280106608, HS KHAJURI",प्रतिभागी,शिक्षक
BV8746,Shankar Patel,Barwani,RAJPUR,"23280106608, HS KHAJURI",प्रतिभागी,शिक्षक
CF4740,SHEELA KANNOJE,Barwani,RAJPUR,"23280106608, HS KHAJURI",प्रतिभागी,शिक्षक
AD5926,Ravindra Chouhan,Barwani,RAJPUR,"23280115004, GOVT. HS PIPRI BUJURG (6 TO 10)",प्रतिभागी,शिक्षक
AD5946,Mahesh Gupta,Barwani,RAJPUR,"23280115004, GOVT. HS PIPRI BUJURG (6 TO 10)",प्रतिभागी,शिक्षक
AO8619,Babulal Mukesh,Barwani,RAJPUR,"23280115004, GOVT. HS PIPRI BUJURG (6 TO 10)",प्रतिभागी,शिक्षक
AD5809,Kanhaiyalal Arora,Barwani,RAJPUR,"23280105011, GOVT. HS UPLA (6 TO 10)",प्रतिभागी,शिक्षक
AD6744,Dinesh Vadile,Barwani,RAJPUR,"23280105011, GOVT. HS UPLA (6 TO 10)",प्रतिभागी,शिक्षक
AU5851,Bharatsingh Dabar,Barwani,RAJPUR,"23280101120, HSS GIRLS OJHAR",प्रतिभागी,शिक्षक
AD7498,Kishore Pawar,Barwani,RAJPUR,"23280104125, GOVT. HSS GIRLS RAJPUR (1 TO 12)",प्रतिभागी,शिक्षक
AD9386,Manish NIRGUDE,Barwani,RAJPUR,"23280104125, GOVT. HSS GIRLS RAJPUR (1 TO 12)",प्रतिभागी,शिक्षक
AD4496,Santosh Bhabar,Barwani,RAJPUR,"23280103818, HSS JULWANIYA",प्रतिभागी,शिक्षक
AD6180,Rukmani Chouhan,Barwani,RAJPUR,"23280103818, HSS JULWANIYA",प्रतिभागी,शिक्षक
AD6192,Mamta Bhalse,Barwani,RAJPUR,"23280103818, HSS JULWANIYA",प्रतिभागी,शिक्षक
AD7429,Mansharam Gangwal,Barwani,RAJPUR,"23280103818, HSS JULWANIYA",प्रतिभागी,शिक्षक
AD9702,Ramesh Chohan,Barwani,RAJPUR,"23280103818, HSS JULWANIYA",प्रतिभागी,शिक्षक
BN3306,Anil Khanna,Barwani,RAJPUR,"23280103818, HSS JULWANIYA",प्रतिभागी,शिक्षक
CC1867,VIKAS MUJALDE,Barwani,RAJPUR,"23280103818, HSS JULWANIYA",प्रतिभागी,शिक्षक
AD5872,Heeralal Badole,Barwani,RAJPUR,"23280111804, GOVT. HSS KASEL (1 TO 12)",प्रतिभागी,शिक्षक
AD6187,Heeralal Rathod,Barwani,RAJPUR,"23280111804, GOVT. HSS KASEL (1 TO 12)",प्रतिभागी,शिक्षक
BS8522,Rajesh Kesare,Barwani,RAJPUR,"23280111804, GOVT. HSS KASEL (1 TO 12)",प्रतिभागी,शिक्षक
CC6143,MAHESH JAMRE,Barwani,RAJPUR,"23280111804, GOVT. HSS KASEL (1 TO 12)",प्रतिभागी,शिक्षक
AD5440,Nansingh Dawar,Barwani,RAJPUR,"23280101420, HSS NAGALWADI",प्रतिभागी,शिक्षक
AD9742,Mayavati Mukati,Barwani,RAJPUR,"23280101420, HSS NAGALWADI",प्रतिभागी,शिक्षक
BS2946,Kamlesh Jamre,Barwani,RAJPUR,"23280101420, HSS NAGALWADI",प्रतिभागी,शिक्षक
AD6204,Lokendra Tiwari,Barwani,SENDHWA,"23280504804, GOVT. HS BABDAR (1 TO 10)",प्रतिभागी,शिक्षक
AD9045,Rajesh Sharma,Barwani,SENDHWA,"23280504804, GOVT. HS BABDAR (1 TO 10)",प्रतिभागी,शिक्षक
AD9153,Magansingh Dawar,Barwani,SENDHWA,"23280504804, GOVT. HS BABDAR (1 TO 10)",प्रतिभागी,शिक्षक
AD9159,Khushalsingh Mandloi,Barwani,SENDHWA,"23280504804, GOVT. HS BABDAR (1 TO 10)",प्रतिभागी,शिक्षक
AD9163,Sunita Sisodiya,Barwani,SENDHWA,"23280504804, GOVT. HS BABDAR (1 TO 10)",प्रतिभागी,शिक्षक
AD9165,Maya Chouhan,Barwani,SENDHWA,"23280504804, GOVT. HS BABDAR (1 TO 10)",प्रतिभागी,शिक्षक
AD9169,Anjli Joshi,Barwani,SENDHWA,"23280504804, GOVT. HS BABDAR (1 TO 10)",प्रतिभागी,शिक्षक
AD9172,Abdul Sageer Sheikh,Barwani,SENDHWA,"23280504804, GOVT. HS BABDAR (1 TO 10)",प्रतिभागी,शिक्षक
AD9173,Dulari Barde,Barwani,SENDHWA,"23280504804, GOVT. HS BABDAR (1 TO 10)",प्रतिभागी,शिक्षक
AD9696,Dinesh Tiklya,Barwani,SENDHWA,"23280504804, GOVT. HS BABDAR (1 TO 10)",प्रतिभागी,शिक्षक
AE1172,Puni More,Barwani,SENDHWA,"23280504804, GOVT. HS BABDAR (1 TO 10)",प्रतिभागी,शिक्षक
AD9116,Pravin Mujalde,Barwani,SENDHWA,"23280509857, HS BOYS SENDHWA",प्रतिभागी,शिक्षक
AD9314,Idrish Mansoori,Barwani,SENDHWA,"23280507906, GOVT. HS GERUGHATI (1 TO 10)",प्रतिभागी,अन्य
AD9716,Mohansingh Senani,Barwani,SENDHWA,"23280507906, GOVT. HS GERUGHATI (1 TO 10)",प्रतिभागी,शिक्षक
AD9143,Fatelal Solnki,Barwani,SENDHWA,"23280505817, HSS GIRLS BALWADI",प्रतिभागी,शिक्षक
AD9304,Shivaram Pawar,Barwani,SENDHWA,"23280505817, HSS GIRLS BALWADI",प्रतिभागी,शिक्षक
AD9353,Vinod Itli,Barwani,SENDHWA,"23280514223, GOVT. HSS JHOPALI (1 TO 12)",प्रतिभागी,शिक्षक
AD9381,Shyamlal Mansare,Barwani,SENDHWA,"23280514223, GOVT. HSS JHOPALI (1 TO 12)",प्रतिभागी,शिक्षक
AD9677,Ranjana Vyas,Barwani,SENDHWA,"23280514223, GOVT. HSS JHOPALI (1 TO 12)",प्रतिभागी,शिक्षक
AD6224,Niranjan Sahu,Barwani,SENDHWA,"23280506112, GOVT. HS KAMOD (1 TO 10)",प्रतिभागी,शिक्षक
CF5627,LOVEKESH SOLANKI,Barwani,SENDHWA,"23280506112, GOVT. HS KAMOD (1 TO 10)",प्रतिभागी,शिक्षक
AD9285,Bati More,Barwani,SENDHWA,"23280510606, HSS MALWAN",प्रतिभागी,शिक्षक
AD9706,Prakash Nargawe,Barwani,SENDHWA,"23280515207, GOVT. HS MAHEDGAON (1 TO 10)",प्रतिभागी,शिक्षक
AD9984,Shivram Jadhaw,Barwani,SENDHWA,"23280502218, HSS DHANORA",प्रतिभागी,शिक्षक
AE1036,Ramesh Dawar,Barwani,SENDHWA,"23280515913, GOVT. HSS VARLA (1 TO 12)",प्रतिभागी,शिक्षक
BZ4442,Sardar Chouhan,Barwani,SENDHWA,"23280515913, GOVT. HSS VARLA (1 TO 12)",प्रतिभागी,शिक्षक
AD5799,Sapna Khote,Barwani,THIKRI,"23281605612, GOVT. HS TALWADA DEB (1 TO 10)",प्रतिभागी,शिक्षक
AD5860,Sunita Alone,Barwani,THIKRI,"23281605612, GOVT. HS TALWADA DEB (1 TO 10)",प्रतिभागी,शिक्षक
AE1269,Sobharam Bakawle,Barwani,THIKRI,"23281601712, HSS BARUFATAK",प्रतिभागी,शिक्षक
CC6306,MADHUREE SHUKLA,Barwani,THIKRI,"23281601712, HSS BARUFATAK",प्रतिभागी,शिक्षक
AD6164,Manohar Singh Bamnave,Barwani,THIKRI,"23281605135, HSS BOYS ANJAD",प्रतिभागी,शिक्षक
AE1333,Sitaram Khanna,Barwani,THIKRI,"23281605135, HSS BOYS ANJAD",प्रतिभागी,शिक्षक
AE1868,Narsingh Chouhan,Barwani,THIKRI,"23281605135, HSS BOYS ANJAD",प्रतिभागी,शिक्षक
AE2351,Farida Qureshi,Barwani,THIKRI,"23281605135, HSS BOYS ANJAD",प्रतिभागी,शिक्षक
AE2354,Shriram Solanki,Barwani,THIKRI,"23281605135, HSS BOYS ANJAD",प्रतिभागी,शिक्षक
CC8370,SUNIL SAGAR,Barwani,THIKRI,"23281605135, HSS BOYS ANJAD",प्रतिभागी,शिक्षक
AD6155,Gayatri Chouhan,Barwani,THIKRI,"23281605821, GOVT. HSS THIKRI (6 TO 12)",प्रतिभागी,शिक्षक
AD6485,Lokendra Shukla,Barwani,THIKRI,"23281605821, GOVT. HSS THIKRI (6 TO 12)",प्रतिभागी,शिक्षक
AE1302,Dinesh Patel,Barwani,THIKRI,"23281605821, GOVT. HSS THIKRI (6 TO 12)",प्रतिभागी,शिक्षक
AE2169,Vina Soni,Barwani,THIKRI,"23281605821, GOVT. HSS THIKRI (6 TO 12)",प्रतिभागी,शिक्षक
AE2180,Parveen Kureshi,Barwani,THIKRI,"23281605821, GOVT. HSS THIKRI (6 TO 12)",प्रतिभागी,शिक्षक
CC5928,SHAKSHI BURMAN,Barwani,THIKRI,"23281605821, GOVT. HSS THIKRI (6 TO 12)",प्रतिभागी,शिक्षक
CF1112,RAGHVENDRA GOUR,Barwani,THIKRI,"23281605821, GOVT. HSS THIKRI (6 TO 12)",प्रतिभागी,शिक्षक
AE1822,Ranjana Kumavat,Barwani,THIKRI,"23281601210, GOVT. HSS DAWANA (1 TO 12)",प्रतिभागी,शिक्षक
AE1836,Vinod Malviya,Barwani,THIKRI,"23281601210, GOVT. HSS DAWANA (1 TO 12)",प्रतिभागी,शिक्षक
AE1318,Premlata Mukati,Barwani,THIKRI,"23281600911, GOVT. HSS KUA (1 TO 12)",प्रतिभागी,शिक्षक
AE2199,Parvatee Patidar,Barwani,THIKRI,"23281600911, GOVT. HSS KUA (1 TO 12)",प्रतिभागी,शिक्षक
BS8526,Vikram Patel,Barwani,THIKRI,"23281600911, GOVT. HSS KUA (1 TO 12)",प्रतिभागी,शिक्षक
CC7839,BHAMVAR SINGH,Barwani,THIKRI,"23281600911, GOVT. HSS KUA (1 TO 12)",प्रतिभागी,शिक्षक
CF4306,ARVIND NIRANJAN,Barwani,THIKRI,"23281600911, GOVT. HSS KUA (1 TO 12)",प्रतिभागी,शिक्षक
CF7460,POOJA GOUR,Barwani,THIKRI,"23281600911, GOVT. HSS KUA (1 TO 12)",प्रतिभागी,शिक्षक
AD6158,Uma Thakur,Barwani,THIKRI,"23281601610, GOVT. HSS MANDWADA (1 TO 12)",प्रतिभागी,शिक्षक
AE1880,Motilal Waskale,Barwani,THIKRI,"23281601610, GOVT. HSS MANDWADA (1 TO 12)",प्रतिभागी,शिक्षक
BM9252,K M Gupta,Barwani,THIKRI,"23281601610, GOVT. HSS MANDWADA (1 TO 12)",प्रतिभागी,शिक्षक
CE8988,PUSHPRAJ JAMRE,Barwani,THIKRI,"23281601610, GOVT. HSS MANDWADA (1 TO 12)",प्रतिभागी,शिक्षक
AE7075,Dharampal Bagiyar,Betul,AMLA,"23350101230, GOVT. HSS EXCELLENCE AMLA",प्रतिभागी,शिक्षक
AE7343,Sujata Devhare,Betul,AMLA,"23350101230, GOVT. HSS EXCELLENCE AMLA",प्रतिभागी,शिक्षक
AE3347,Madhu Rodle,Betul,AMLA,"23350101231, GOVT. HSS GIRLS AMLA",प्रतिभागी,शिक्षक
AE7085,Santosh Rao Patankar,Betul,AMLA,"23350101231, GOVT. HSS GIRLS AMLA",प्रतिभागी,शिक्षक
AL6357,Mamta Chouhan,Betul,AMLA,"23350101231, GOVT. HSS GIRLS AMLA",प्रतिभागी,शिक्षक
AE7103,Suresh Deshmukh,Betul,AMLA,"23350115304, GOVT HSS CHHAWAL",प्रतिभागी,शिक्षक
AE7129,Rameshwar Yaduwanshi,Betul,AMLA,"23350115304, GOVT HSS CHHAWAL",प्रतिभागी,शिक्षक
BX2105,Parmeshwar Deshmukh,Betul,AMLA,"23350115304, GOVT HSS CHHAWAL",प्रतिभागी,शिक्षक
BZ1665,Arun Kumar Simaiya,Betul,AMLA,"23350115304, GOVT HSS CHHAWAL",प्रतिभागी,शिक्षक
AE2515,MAGRET BATHRI,Betul,AMLA,"23350109407, GOVT. HSS JAMBADA",प्रतिभागी,शिक्षक
AE7391,Jasvanti Wadiwa,Betul,AMLA,"23350104605, GOVT. HSS CHIPANYA PIPARIYA",प्रतिभागी,शिक्षक
BS6223,Umesh Khakare,Betul,AMLA,"23350104605, GOVT. HSS CHIPANYA PIPARIYA",प्रतिभागी,शिक्षक
CD6548,BHARTI NAGPURE,Betul,AMLA,"23350104605, GOVT. HSS CHIPANYA PIPARIYA",प्रतिभागी,शिक्षक
AE7524,Birmal Singh,Betul,AMLA,"23350107406, GOVT. HSS BORDEHI",प्रतिभागी,शिक्षक
BX8137,Rashid Khan,Betul,AMLA,"23350107406, GOVT. HSS BORDEHI",प्रतिभागी,सीएसी
CB5278,AARTI GUJRE,Betul,AMLA,"23350107406, GOVT. HSS BORDEHI",प्रतिभागी,शिक्षक
AE8183,Chepa Ivane,Betul,AMLA,"23350108510, GOVT HSS KHEDLI BAZAR",प्रतिभागी,शिक्षक
BQ4228,Ganesh Kumar Sahu,Betul,AMLA,"23350108510, GOVT HSS KHEDLI BAZAR",प्रतिभागी,शिक्षक
BV4423,Omprakash Pahade,Betul,AMLA,"23350108510, GOVT HSS KHEDLI BAZAR",प्रतिभागी,शिक्षक
BQ6987,Pravin Suryawanshi,Betul,AMLA,"23350111304, GOVT. HSS UMARIYA",प्रतिभागी,सीएसी
BV6494,Tukdya Pawar,Betul,AMLA,"23350111304, GOVT. HSS UMARIYA",प्रतिभागी,शिक्षक
BX2065,Neeta Sone,Betul,AMLA,"23350111304, GOVT. HSS UMARIYA",प्रतिभागी,शिक्षक
AE5357,Archana Malviya,Betul,ATHNER,"23350200718, GOVT. HSS EXCELLENCE ATHNER",प्रतिभागी,शिक्षक
AE5483,Sr.Sunita Ghorse,Betul,ATHNER,"23350200718, GOVT. HSS EXCELLENCE ATHNER",प्रतिभागी,शिक्षक
AE8328,Manjulata Basantpure,Betul,ATHNER,"23350200718, GOVT. HSS EXCELLENCE ATHNER",प्रतिभागी,शिक्षक
BY8788,Raghunath Dhadshe,Betul,ATHNER,"23350200718, GOVT. HSS EXCELLENCE ATHNER",प्रतिभागी,शिक्षक
AE5963,Sangeeta Jain,Betul,ATHNER,"23350202704, GOVT. HS JAWRA",प्रतिभागी,शिक्षक
AE8325,Asha Jitapure,Betul,ATHNER,"23350202704, GOVT. HS JAWRA",प्रतिभागी,शिक्षक
AE8591,Ram Prasad Bhalawe,Betul,ATHNER,"23350202704, GOVT. HS JAWRA",प्रतिभागी,शिक्षक
BX1931,Sunaina Narware,Betul,ATHNER,"23350202704, GOVT. HS JAWRA",प्रतिभागी,शिक्षक
CC4075,UMESH NARWARE,Betul,ATHNER,"23350202704, GOVT. HS JAWRA",प्रतिभागी,शिक्षक
AE4878,Brijlal Kakodiya,Betul,ATHNER,"23350207404, GOVT. HSS DEHGUD",प्रतिभागी,शिक्षक
AE8335,Gajendra Kasde,Betul,ATHNER,"23350207404, GOVT. HSS DEHGUD",प्रतिभागी,शिक्षक
AE5420,Bhagrati Chilhate,Betul,ATHNER,"23350209506, GOVT. HSS SATNER",प्रतिभागी,शिक्षक
BY1857,Rusi Verma,Betul,ATHNER,"23350209506, GOVT. HSS SATNER",प्रतिभागी,शिक्षक
AE5416,Sukinath Shelu,Betul,ATHNER,"23350200106, GOVT HSS KAWLA",प्रतिभागी,शिक्षक
BX2081,Laxman Ahake,Betul,ATHNER,"23350200106, GOVT HSS KAWLA",प्रतिभागी,शिक्षक
AE2608,Pratibha Sharma,Betul,BETUL,"23350321403, GOVT HSS AGRI. BETUL BAZAR",प्रतिभागी,शिक्षक
AE6616,Subhash Satpute,Betul,BETUL,"23350321403, GOVT HSS AGRI. BETUL BAZAR",प्रतिभागी,शिक्षक
AE9039,Ramesh Kumar Pinjare,Betul,BETUL,"23350321403, GOVT HSS AGRI. BETUL BAZAR",प्रतिभागी,शिक्षक
AK1736,Geeta Nagle,Betul,BETUL,"23350321403, GOVT HSS AGRI. BETUL BAZAR",प्रतिभागी,शिक्षक
BZ2202,Geeta Kapse,Betul,BETUL,"23350321403, GOVT HSS AGRI. BETUL BAZAR",प्रतिभागी,शिक्षक
CB5544,HARSHITA RATHORE,Betul,BETUL,"23350321403, GOVT HSS AGRI. BETUL BAZAR",प्रतिभागी,शिक्षक
AE6757,Kailash Rathore,Betul,BETUL,"23350320901, GOVT HSS GIRLS BETUL BAZAR",प्रतिभागी,शिक्षक
AE2506,Archana Deshmukh,Betul,BETUL,"23350324905, GOVT HSS GIRLS BETUL GANJ BETUL",प्रतिभागी,शिक्षक
AE8826,Sarojbala Mathankar,Betul,BETUL,"23350324905, GOVT HSS GIRLS BETUL GANJ BETUL",प्रतिभागी,शिक्षक
AE9379,Asha Naik,Betul,BETUL,"23350324905, GOVT HSS GIRLS BETUL GANJ BETUL",प्रतिभागी,शिक्षक
BQ9435,Vandna Bhalekar,Betul,BETUL,"23350324905, GOVT HSS GIRLS BETUL GANJ BETUL",प्रतिभागी,शिक्षक
AE6658,Rameshver Darwai,Betul,BETUL,"23350301206, GOVT HSS BHADUS",प्रतिभागी,शिक्षक
AE6726,Ratnamala Gayakwad,Betul,BETUL,"23350301206, GOVT HSS BHADUS",प्रतिभागी,शिक्षक
BS1982,Sapna Khade,Betul,BETUL,"23350301206, GOVT HSS BHADUS",प्रतिभागी,शिक्षक
BS2334,Chaman Thakur,Betul,BETUL,"23350301206, GOVT HSS BHADUS",प्रतिभागी,शिक्षक
BS5103,Jeevan Pawar,Betul,BETUL,"23350301206, GOVT HSS BHADUS",प्रतिभागी,शिक्षक
BW6173,Rita Makode,Betul,BETUL,"23350301206, GOVT HSS BHADUS",प्रतिभागी,शिक्षक
CA3151,Brajendra Radwe,Betul,BETUL,"23350301206, GOVT HSS BHADUS",प्रतिभागी,शिक्षक
AE2594,Dhanraj Deshmukh,Betul,BETUL,"23350314307, GOVT HSS JEEN",प्रतिभागी,शिक्षक
AE6624,Mahendra Bharati,Betul,BETUL,"23350314307, GOVT HSS JEEN",प्रतिभागी,शिक्षक
AE8785,Kashinath Lokhande,Betul,BETUL,"23350314307, GOVT HSS JEEN",प्रतिभागी,शिक्षक
AE9776,Anand Xess,Betul,BETUL,"23350314307, GOVT HSS JEEN",प्रतिभागी,शिक्षक
BS2962,Laxmi Pawar,Betul,BETUL,"23350314307, GOVT HSS JEEN",प्रतिभागी,शिक्षक
AE2586,Sangeeta Makode,Betul,BETUL,"23350315905, GOVT HSS KHANDARA",प्रतिभागी,शिक्षक
AE3591,Kamla Thakre,Betul,BETUL,"23350315905, GOVT HSS KHANDARA",प्रतिभागी,शिक्षक
BS2954,Madhuri Khatarkar,Betul,BETUL,"23350315905, GOVT HSS KHANDARA",प्रतिभागी,शिक्षक
CD9971,DEEKSHA RATHORE,Betul,BETUL,"23350315905, GOVT HSS KHANDARA",प्रतिभागी,शिक्षक
BS2909,Pushpa Pawar,Betul,BETUL,"23350317603, GOVT HSS KODAROTI",प्रतिभागी,शिक्षक
BV7320,Pushpraj Bharti,Betul,BETUL,"23350317603, GOVT HSS KODAROTI",प्रतिभागी,शिक्षक
BY6889,Shreeram Yadav,Betul,BETUL,"23350317603, GOVT HSS KODAROTI",प्रतिभागी,शिक्षक
CB5525,MONIKA PAWAR,Betul,BETUL,"23350317603, GOVT HSS KODAROTI",प्रतिभागी,शिक्षक
AE2561,Sohan Lal Salame,Betul,BETUL,"23350306205, GOVT HSS NAHIYA",प्रतिभागी,शिक्षक
BX2048,Anita Kaushik,Betul,BETUL,"23350306205, GOVT HSS NAHIYA",प्रतिभागी,शिक्षक
AE3357,Ammulal Uikey,Betul,BETUL,"23350310506, GOVT HSS SEHRA",प्रतिभागी,शिक्षक
AE6573,Ramdayal Barpete,Betul,BETUL,"23350310506, GOVT HSS SEHRA",प्रतिभागी,शिक्षक
AR9605,Preeti Thakur,Betul,BETUL,"23350310506, GOVT HSS SEHRA",प्रतिभागी,शिक्षक
AZ9998,Jitendra Narware,Betul,BETUL,"23350310506, GOVT HSS SEHRA",प्रतिभागी,शिक्षक
CC5911,UMA SALAM,Betul,BETUL,"23350310506, GOVT HSS SEHRA",प्रतिभागी,शिक्षक
AE2582,Shveta Nirapure,Betul,BETUL,"23350322403, GOVT. HSS GIRLS M.L.B. BETUL",प्रतिभागी,शिक्षक
AE3732,Sarita Uikey,Betul,BETUL,"23350322403, GOVT. HSS GIRLS M.L.B. BETUL",प्रतिभागी,शिक्षक
AE6323,Asha Dawande,Betul,BETUL,"23350322403, GOVT. HSS GIRLS M.L.B. BETUL",प्रतिभागी,शिक्षक
AE6703,Ishwari Wagadre,Betul,BETUL,"23350322403, GOVT. HSS GIRLS M.L.B. BETUL",प्रतिभागी,शिक्षक
AF1179,Sewanti Ivane,Betul,BETUL,"23350322403, GOVT. HSS GIRLS M.L.B. BETUL",प्रतिभागी,शिक्षक
BS2910,Rupali Panse,Betul,BETUL,"23350322403, GOVT. HSS GIRLS M.L.B. BETUL",प्रतिभागी,शिक्षक
BV5586,Susheela Sable,Betul,BETUL,"23350322403, GOVT. HSS GIRLS M.L.B. BETUL",प्रतिभागी,शिक्षक
CC2806,MAHENDRA KHATARKAR,Betul,BETUL,"23350322403, GOVT. HSS GIRLS M.L.B. BETUL",प्रतिभागी,शिक्षक
BS7514,Santosh Rao Likhitker,Betul,BHAINSDEHI,"23350413315, GOVT. HSS GIRLS BHAINSDEHI",प्रतिभागी,शिक्षक
BT1564,Sukchand Jawarkar,Betul,BHAINSDEHI,"23350413315, GOVT. HSS GIRLS BHAINSDEHI",प्रतिभागी,शिक्षक
AE3765,Maheshwar Dhurve,Betul,BHAINSDEHI,"23350413705, GOVT. HS BARHAPUR",प्रतिभागी,शिक्षक
AE4479,Devendra Sakre,Betul,BHAINSDEHI,"23350403903, GOVT. HSS DHABA",प्रतिभागी,शिक्षक
AE4645,Raghunath Singh Erpache,Betul,BHAINSDEHI,"23350403903, GOVT. HSS DHABA",प्रतिभागी,शिक्षक
AE4892,Vishnusing Chouhan,Betul,BHAINSDEHI,"23350403903, GOVT. HSS DHABA",प्रतिभागी,शिक्षक
AE3943,Suresh Kumar Jhade,Betul,BHAINSDEHI,"23350411507, GOVT. HSS JHALLAR",प्रतिभागी,शिक्षक
AE4401,Lalita Verma,Betul,BHAINSDEHI,"23350411507, GOVT. HSS JHALLAR",प्रतिभागी,शिक्षक
CC2019,AMIT SONI,Betul,BHAINSDEHI,"23350401906, GOVT. HS KHAMLA",प्रतिभागी,शिक्षक
CE7230,RAJESH DHOTE,Betul,BHAINSDEHI,"23350406705, GOVT. HSS SAWALMENDA",प्रतिभागी,शिक्षक
AE5942,Natthu Ghumare,Betul,BHIMPUR,"23350505713, GOVT. HSS EXCELLENCE SCHOOL BHIMPUR",प्रतिभागी,शिक्षक
AE6264,Chironjilal Wadiwa,Betul,BHIMPUR,"23350505713, GOVT. HSS EXCELLENCE SCHOOL BHIMPUR",प्रतिभागी,शिक्षक
AE6308,Yogesh Arya,Betul,BHIMPUR,"23350505713, GOVT. HSS EXCELLENCE SCHOOL BHIMPUR",प्रतिभागी,शिक्षक
AE6369,Malik Pandram,Betul,BHIMPUR,"23350505713, GOVT. HSS EXCELLENCE SCHOOL BHIMPUR",प्रतिभागी,शिक्षक
BT1542,Sheshrao Pawar,Betul,BHIMPUR,"23350505713, GOVT. HSS EXCELLENCE SCHOOL BHIMPUR",प्रतिभागी,शिक्षक
AE6017,Mansaram Salame,Betul,BHIMPUR,"23350513607, GOVT. HSS DAMJIPURA",प्रतिभागी,शिक्षक
AE6262,Baldev Salame,Betul,BHIMPUR,"23350513607, GOVT. HSS DAMJIPURA",प्रतिभागी,शिक्षक
AE6278,Jagansingh Kakodia,Betul,BHIMPUR,"23350513607, GOVT. HSS DAMJIPURA",प्रतिभागी,शिक्षक
AE6338,Navalkishor Baraskar,Betul,BHIMPUR,"23350513607, GOVT. HSS DAMJIPURA",प्रतिभागी,शिक्षक
BQ3303,Sukhaman Marskoley,Betul,BHIMPUR,"23350513607, GOVT. HSS DAMJIPURA",प्रतिभागी,शिक्षक
AE5741,Meenu Gavtam,Betul,BHIMPUR,"23350500106, GOVT. HS ADRSH DHANORA",प्रतिभागी,शिक्षक
BQ3330,Dinesh Kumar Raypure,Betul,BHIMPUR,"23350500106, GOVT. HS ADRSH DHANORA",प्रतिभागी,शिक्षक
AE5579,Radhelal Bhalavi,Betul,BHIMPUR,"23350504905, GOVT. HSS NANDA",प्रतिभागी,शिक्षक
AE6303,Anita Dhokey,Betul,BHIMPUR,"23350504905, GOVT. HSS NANDA",प्रतिभागी,शिक्षक
BQ3155,Amirlal Dhurve,Betul,BHIMPUR,"23350504905, GOVT. HSS NANDA",प्रतिभागी,शिक्षक
AE5533,Natthu Yadav,Betul,BHIMPUR,"23350513803, GOVT. HSS PRABHUDHANA",प्रतिभागी,शिक्षक
AE7966,Gulab Gadge,Betul,BHIMPUR,"23350513803, GOVT. HSS PRABHUDHANA",प्रतिभागी,शिक्षक
BQ3282,Sudhakar Patankar,Betul,BHIMPUR,"23350513803, GOVT. HSS PRABHUDHANA",प्रतिभागी,शिक्षक
AE4714,Surtoo Singh Evane,Betul,BHIMPUR,"23350502504, GOVT. HS KEKDIYAKALA",प्रतिभागी,शिक्षक
AE5628,Somlal Salame,Betul,BHIMPUR,"23350502504, GOVT. HS KEKDIYAKALA",प्रतिभागी,शिक्षक
AE5974,Pyarelal Marskole,Betul,BHIMPUR,"23350502504, GOVT. HS KEKDIYAKALA",प्रतिभागी,शिक्षक
AE5826,Sukhdeo Yadav,Betul,BHIMPUR,"23350508407, GOVT HSS CHANDU",प्रतिभागी,अन्य
AE5999,Shankarlal Uikey,Betul,BHIMPUR,"23350508407, GOVT HSS CHANDU",प्रतिभागी,अन्य
AE6005,Mahadev Yadav,Betul,BHIMPUR,"23350508407, GOVT HSS CHANDU",प्रतिभागी,अन्य
BV7338,Babalu Sariya,Betul,BHIMPUR,"23350508407, GOVT HSS CHANDU",प्रतिभागी,अन्य
CF5695,VIJAY BAMNE,Betul,BHIMPUR,"23350508407, GOVT HSS CHANDU",प्रतिभागी,अन्य
AE5802,Manojsingh Bais,Betul,BHIMPUR,"23350501805, GOVT HSS GURUWA PIPRIYA",प्रतिभागी,शिक्षक
BT1627,Sunil Salame,Betul,BHIMPUR,"23350501805, GOVT HSS GURUWA PIPRIYA",प्रतिभागी,शिक्षक
AE7578,Purnima Arya,Betul,CHICHOLI,"23350600115, GOVT. HSS GIRLS CHICHOLI",प्रतिभागी,शिक्षक
CC4597,AMITA CHAURASIA,Betul,CHICHOLI,"23350600115, GOVT. HSS GIRLS CHICHOLI",प्रतिभागी,शिक्षक
AE8807,Pradeep Mishra,Betul,CHICHOLI,"23350600114, GOVT. HSS EXCELLENCE CHICHOLI",प्रतिभागी,शिक्षक
CC1999,VANDANA GARG,Betul,CHICHOLI,"23350600114, GOVT. HSS EXCELLENCE CHICHOLI",प्रतिभागी,शिक्षक
AF1640,Jaysingh Bhalavi,Betul,CHICHOLI,"23350604405, GOVT. HSS CHIRAPATLA",प्रतिभागी,शिक्षक
AF2019,Jangu Singh Dhurve,Betul,CHICHOLI,"23350604405, GOVT. HSS CHIRAPATLA",प्रतिभागी,शिक्षक
CC9288,VANDANA TIWARI,Betul,CHICHOLI,"23350604405, GOVT. HSS CHIRAPATLA",प्रतिभागी,शिक्षक
BV4675,Ranjeet Rathore,Betul,CHICHOLI,"23350603603, GOVT. HSS HARDU",प्रतिभागी,शिक्षक
AE8133,Manikrao Ubnare,Betul,GHORADONGRI,"23350705414, GOVT. HSS GHORADONGRI",प्रतिभागी,शिक्षक
AL5866,Sangeeta Bhumarkar,Betul,GHORADONGRI,"23350705414, GOVT. HSS GHORADONGRI",प्रतिभागी,शिक्षक
BT1050,Preeti Ubnare,Betul,GHORADONGRI,"23350705414, GOVT. HSS GHORADONGRI",प्रतिभागी,शिक्षक
BT8227,Rekha Mahaski,Betul,GHORADONGRI,"23350705414, GOVT. HSS GHORADONGRI",प्रतिभागी,शिक्षक
BZ4074,Ashish Kumar Varma,Betul,GHORADONGRI,"23350705414, GOVT. HSS GHORADONGRI",प्रतिभागी,शिक्षक
CC5109,DEEPAK AHIRWAR,Betul,GHORADONGRI,"23350705414, GOVT. HSS GHORADONGRI",प्रतिभागी,शिक्षक
CD8928,SONIYA SENDRE,Betul,GHORADONGRI,"23350705414, GOVT. HSS GHORADONGRI",प्रतिभागी,शिक्षक
AE4218,Kishorilal Narware,Betul,GHORADONGRI,"23350712404, GOVT. HSS JUWADI",प्रतिभागी,शिक्षक
AE5324,Raju Sonare,Betul,GHORADONGRI,"23350712404, GOVT. HSS JUWADI",प्रतिभागी,शिक्षक
AE9907,Pradyumna Sarshode,Betul,GHORADONGRI,"23350712404, GOVT. HSS JUWADI",प्रतिभागी,शिक्षक
CC3475,ANKUSH BHUSARE,Betul,GHORADONGRI,"23350712404, GOVT. HSS JUWADI",प्रतिभागी,शिक्षक
AE4240,Bharti Dhote,Betul,GHORADONGRI,"23350723103, GOVT. HSS SHOBHAPUR COLONY",प्रतिभागी,शिक्षक
AE6462,Bhageerath Gadekar,Betul,GHORADONGRI,"23350723103, GOVT. HSS SHOBHAPUR COLONY",प्रतिभागी,शिक्षक
AF2111,Manoj Kumar Gupta,Betul,GHORADONGRI,"23350723103, GOVT. HSS SHOBHAPUR COLONY",प्रतिभागी,शिक्षक
AF2120,Tanuja Pandey,Betul,GHORADONGRI,"23350723103, GOVT. HSS SHOBHAPUR COLONY",प्रतिभागी,शिक्षक
AF2460,Jagdish Barde,Betul,GHORADONGRI,"23350723103, GOVT. HSS SHOBHAPUR COLONY",प्रतिभागी,शिक्षक
AF2480,Sunita Warwade,Betul,GHORADONGRI,"23350723103, GOVT. HSS SHOBHAPUR COLONY",प्रतिभागी,शिक्षक
AF2540,Jaiprakash Jhod,Betul,GHORADONGRI,"23350723103, GOVT. HSS SHOBHAPUR COLONY",प्रतिभागी,शिक्षक
AM1210,Sanjay Singh Raghuwanshi,Betul,GHORADONGRI,"23350723103, GOVT. HSS SHOBHAPUR COLONY",प्रतिभागी,शिक्षक
BT8361,Rajesh Lokhande,Betul,GHORADONGRI,"23350723103, GOVT. HSS SHOBHAPUR COLONY",प्रतिभागी,शिक्षक
BV5689,Rukhsana Khan,Betul,GHORADONGRI,"23350723103, GOVT. HSS SHOBHAPUR COLONY",प्रतिभागी,शिक्षक
AE4182,Batulal Ahake,Betul,GHORADONGRI,"23350704213, GOVT. HSS BOYS SARNI",प्रतिभागी,शिक्षक
AE4204,Nidhi Kaur Hundal,Betul,GHORADONGRI,"23350704213, GOVT. HSS BOYS SARNI",प्रतिभागी,शिक्षक
AE8069,Rajesh Kumar Manker,Betul,GHORADONGRI,"23350704213, GOVT. HSS BOYS SARNI",प्रतिभागी,शिक्षक
AE8833,Kiran Chilhate,Betul,GHORADONGRI,"23350704213, GOVT. HSS BOYS SARNI",प्रतिभागी,शिक्षक
AF2386,Jaipal Vatke,Betul,GHORADONGRI,"23350704213, GOVT. HSS BOYS SARNI",प्रतिभागी,शिक्षक
AF2388,Sanjay Deshmukh,Betul,GHORADONGRI,"23350704213, GOVT. HSS BOYS SARNI",प्रतिभागी,शिक्षक
BS7684,Devaji Uikey,Betul,GHORADONGRI,"23350704213, GOVT. HSS BOYS SARNI",प्रतिभागी,शिक्षक
BT4849,Tejee Lal Yadav,Betul,GHORADONGRI,"23350708609, GOVT. HSS PADHAR",प्रतिभागी,शिक्षक
AE4116,Kundanlal Dhurve,Betul,GHORADONGRI,"23350709703, GOVT. HS KHADARA",प्रतिभागी,शिक्षक
AE4223,Gourav Kokane,Betul,GHORADONGRI,"23350709703, GOVT. HS KHADARA",प्रतिभागी,शिक्षक
AE6193,Gyandev Sahukar,Betul,GHORADONGRI,"23350709703, GOVT. HS KHADARA",प्रतिभागी,शिक्षक
AE8026,Arti Masih,Betul,GHORADONGRI,"23350709703, GOVT. HS KHADARA",प्रतिभागी,शिक्षक
AG8075,Omshri Saryam,Betul,GHORADONGRI,"23350709703, GOVT. HS KHADARA",प्रतिभागी,शिक्षक
BP6575,Dhananjay Dhadse,Betul,GHORADONGRI,"23350709703, GOVT. HS KHADARA",प्रतिभागी,शिक्षक
BT1052,Bhavna Kokane,Betul,GHORADONGRI,"23350709703, GOVT. HS KHADARA",प्रतिभागी,शिक्षक
BV8950,Sarojbala Khandagre,Betul,GHORADONGRI,"23350709703, GOVT. HS KHADARA",प्रतिभागी,शिक्षक
BV9154,Nilesh Pahade,Betul,GHORADONGRI,"23350709703, GOVT. HS KHADARA",प्रतिभागी,शिक्षक
AE4260,Prem Lal Rakse,Betul,GHORADONGRI,"23350703011, GOVT. HSS CHOPNA",प्रतिभागी,शिक्षक
AE5058,Santosh Jothe,Betul,GHORADONGRI,"23350703011, GOVT. HSS CHOPNA",प्रतिभागी,शिक्षक
BT8219,Omprakash Bharti,Betul,GHORADONGRI,"23350703011, GOVT. HSS CHOPNA",प्रतिभागी,शिक्षक
CC7242,SAMEER MANDAL,Betul,GHORADONGRI,"23350703011, GOVT. HSS CHOPNA",प्रतिभागी,शिक्षक
CC5098,SHAILENDRA SINGH,Betul,GHORADONGRI,"23350713503, GOVT. HS NISCHINTPUR",प्रतिभागी,शिक्षक
CC7653,ARAVIND SINGH RAWAT,Betul,GHORADONGRI,"23350713503, GOVT. HS NISCHINTPUR",प्रतिभागी,शिक्षक
CC1724,NEELU SARYAM,Betul,GHORADONGRI,"23350704806, GOVT. HS BATKIDOH",प्रतिभागी,शिक्षक
AE3777,Marotirao Deshmukh,Betul,MULTAI,"23350814803, GOVT. HSS GIRLS MULTAI",प्रतिभागी,शिक्षक
AE3795,Babita Marskole,Betul,MULTAI,"23350814803, GOVT. HSS GIRLS MULTAI",प्रतिभागी,शिक्षक
AE3858,Premlata Jhaliye,Betul,MULTAI,"23350814803, GOVT. HSS GIRLS MULTAI",प्रतिभागी,शिक्षक
AE7274,Dhadu Buwade,Betul,MULTAI,"23350814803, GOVT. HSS GIRLS MULTAI",प्रतिभागी,शिक्षक
AE7599,Ramesh Pawar,Betul,MULTAI,"23350814803, GOVT. HSS GIRLS MULTAI",प्रतिभागी,शिक्षक
AF1676,Gajanand Sahu,Betul,MULTAI,"23350814803, GOVT. HSS GIRLS MULTAI",प्रतिभागी,शिक्षक
AL5098,Manoher Dadhore,Betul,MULTAI,"23350814803, GOVT. HSS GIRLS MULTAI",प्रतिभागी,शिक्षक
BQ7005,Poonam Badode,Betul,MULTAI,"23350814803, GOVT. HSS GIRLS MULTAI",प्रतिभागी,शिक्षक
BQ9188,SUDHA WAMANKAR,Betul,MULTAI,"23350814803, GOVT. HSS GIRLS MULTAI",प्रतिभागी,शिक्षक
BR4033,Geeta Borban,Betul,MULTAI,"23350814803, GOVT. HSS GIRLS MULTAI",प्रतिभागी,शिक्षक
BT1608,Madhuri Sahu,Betul,MULTAI,"23350814803, GOVT. HSS GIRLS MULTAI",प्रतिभागी,शिक्षक
BZ8163,Sarita Pandole,Betul,MULTAI,"23350814803, GOVT. HSS GIRLS MULTAI",प्रतिभागी,शिक्षक
AE2431,Namrata Raghuwanshi,Betul,MULTAI,"23350814601, GOVT. HSS EXCELLENCE MULTAI",प्रतिभागी,शिक्षक
AE3172,Gulab Rao Sarode,Betul,MULTAI,"23350814601, GOVT. HSS EXCELLENCE MULTAI",प्रतिभागी,शिक्षक
BQ9178,Lata Pawar,Betul,MULTAI,"23350814601, GOVT. HSS EXCELLENCE MULTAI",प्रतिभागी,शिक्षक
BS9880,Madhuri Raghuwanshi,Betul,MULTAI,"23350814601, GOVT. HSS EXCELLENCE MULTAI",प्रतिभागी,शिक्षक
BU1623,Lalita Suryawanshi,Betul,MULTAI,"23350814601, GOVT. HSS EXCELLENCE MULTAI",प्रतिभागी,शिक्षक
BY4659,Shalinee Farkade,Betul,MULTAI,"23350814601, GOVT. HSS EXCELLENCE MULTAI",प्रतिभागी,शिक्षक
CD6601,RITU THAKUR,Betul,MULTAI,"23350814601, GOVT. HSS EXCELLENCE MULTAI",प्रतिभागी,शिक्षक
AE3525,Rajendra Kumar Makode,Betul,MULTAI,"23350806606, GOVT. HSS SAIKHEDA",प्रतिभागी,शिक्षक
AE3744,Sumitra Baraskar,Betul,MULTAI,"23350806606, GOVT. HSS SAIKHEDA",प्रतिभागी,शिक्षक
BV6475,Rajendra Baraskar,Betul,MULTAI,"23350806606, GOVT. HSS SAIKHEDA",प्रतिभागी,शिक्षक
AE3687,Shashikala Pawar,Betul,MULTAI,"23350811106, GOVT. HSS JOULKHEDA",प्रतिभागी,शिक्षक
BS3310,Tina PARIHAR,Betul,MULTAI,"23350811106, GOVT. HSS JOULKHEDA",प्रतिभागी,शिक्षक
AE3522,Gyandeo Deshmukh,Betul,MULTAI,"23350812206, GOVT. HSS KHEDI KORT",प्रतिभागी,शिक्षक
AL5613,Rekha Bhumarkar,Betul,MULTAI,"23350812206, GOVT. HSS KHEDI KORT",प्रतिभागी,शिक्षक
BP8071,Gaytri Patil,Betul,MULTAI,"23350812206, GOVT. HSS KHEDI KORT",प्रतिभागी,शिक्षक
AE2442,Bhuvan Barange,Betul,MULTAI,"23350801009, GOVT. HSS DUNAWA",प्रतिभागी,शिक्षक
AE3857,Mamta Bihare,Betul,MULTAI,"23350801009, GOVT. HSS DUNAWA",प्रतिभागी,शिक्षक
AE3503,Manohar Bhikonde,Betul,MULTAI,"23350802006, GOVT. HSS BARKHED",प्रतिभागी,शिक्षक
AE3622,Narayan Potphode,Betul,MULTAI,"23350802006, GOVT. HSS BARKHED",प्रतिभागी,शिक्षक
AE3733,Meeta Dhurve,Betul,MULTAI,"23350802006, GOVT. HSS BARKHED",प्रतिभागी,शिक्षक
BH1120,Jaisukh Pawar,Betul,MULTAI,"23350802006, GOVT. HSS BARKHED",प्रतिभागी,शिक्षक
BQ6988,Manoj Choukikar,Betul,MULTAI,"23350802006, GOVT. HSS BARKHED",प्रतिभागी,शिक्षक
BU2454,MANORAMA Kale,Betul,MULTAI,"23350802006, GOVT. HSS BARKHED",प्रतिभागी,शिक्षक
BU6805,Manohar Suryavanshi,Betul,MULTAI,"23350802006, GOVT. HSS BARKHED",प्रतिभागी,शिक्षक
CD6549,RISHI BUWADE,Betul,MULTAI,"23350802006, GOVT. HSS BARKHED",प्रतिभागी,शिक्षक
AE3337,Ramesh Kumar Khandwe,Betul,PRABHAT PATTAN,"23350900113, GOVT. HSS GIRLS PRABHAT PATTAN",प्रतिभागी,शिक्षक
AE3351,Sanju Evanate,Betul,PRABHAT PATTAN,"23350900113, GOVT. HSS GIRLS PRABHAT PATTAN",प्रतिभागी,शिक्षक
AF1450,Ramchandra Evanate,Betul,PRABHAT PATTAN,"23350900113, GOVT. HSS GIRLS PRABHAT PATTAN",प्रतिभागी,शिक्षक
AE3846,Sunita Deshmukh,Betul,PRABHAT PATTAN,"23350901207, GOVT. HSS GHATBIROLI",प्रतिभागी,शिक्षक
BQ8210,Yuvraj Maske,Betul,PRABHAT PATTAN,"23350901207, GOVT. HSS GHATBIROLI",प्रतिभागी,शिक्षक
AE3433,Kailash Khakre,Betul,PRABHAT PATTAN,"23350904910, GOVT. HSS BIRUL BAZAR",प्रतिभागी,शिक्षक
AF1409,Sheshrao Bhopte,Betul,PRABHAT PATTAN,"23350904910, GOVT. HSS BIRUL BAZAR",प्रतिभागी,शिक्षक
BQ9825,Geeta Barode,Betul,PRABHAT PATTAN,"23350904910, GOVT. HSS BIRUL BAZAR",प्रतिभागी,शिक्षक
BR2925,Pramila Dawande,Betul,PRABHAT PATTAN,"23350904910, GOVT. HSS BIRUL BAZAR",प्रतिभागी,शिक्षक
BR6643,Vandana Wamanker,Betul,PRABHAT PATTAN,"23350904910, GOVT. HSS BIRUL BAZAR",प्रतिभागी,शिक्षक
BV4572,Anil Guhe,Betul,PRABHAT PATTAN,"23350904910, GOVT. HSS BIRUL BAZAR",प्रतिभागी,शिक्षक
CA7051,GANGADHARSONI SONI,Betul,PRABHAT PATTAN,"23350904910, GOVT. HSS BIRUL BAZAR",प्रतिभागी,शिक्षक
AF1552,Vinita Kumbhare,Betul,PRABHAT PATTAN,"23350905910, GOVT. HSS MASOD",प्रतिभागी,शिक्षक
BQ5783,Hemant Bodkhe,Betul,PRABHAT PATTAN,"23350905910, GOVT. HSS MASOD",प्रतिभागी,शिक्षक
BR3740,Suresh Nirapure,Betul,PRABHAT PATTAN,"23350908805, GOVT. HSS GEHUBARSA",प्रतिभागी,शिक्षक
AE3361,Khushraj Kapse,Betul,PRABHAT PATTAN,"23350907507, GOVT, HSS BISNOOR",प्रतिभागी,शिक्षक
AF1598,Subhash Sahu,Betul,PRABHAT PATTAN,"23350907507, GOVT, HSS BISNOOR",प्रतिभागी,शिक्षक
AF1624,Kundlik Nirapure,Betul,PRABHAT PATTAN,"23350907507, GOVT, HSS BISNOOR",प्रतिभागी,शिक्षक
BV6082,Panjabrao Barde,Betul,PRABHAT PATTAN,"23350907507, GOVT, HSS BISNOOR",प्रतिभागी,शिक्षक
AE2868,Vipatsingh Uikey,Betul,SHAHPUR,"23351003912, GOVT. HSS GIRLS SHAHPUR",प्रतिभागी,शिक्षक
AF2207,Kamlakar Deshmukh,Betul,SHAHPUR,"23351003912, GOVT. HSS GIRLS SHAHPUR",प्रतिभागी,शिक्षक
AE5251,Ramvilash Kajle,Betul,SHAHPUR,"23351010104, GOVT. HS KUNDI",प्रतिभागी,शिक्षक
AE6426,Chhotelal Chouhan,Betul,SHAHPUR,"23351010104, GOVT. HS KUNDI",प्रतिभागी,शिक्षक
BT2666,Sukhman Kawade,Betul,SHAHPUR,"23351010104, GOVT. HS KUNDI",प्रतिभागी,शिक्षक
CF4476,GOVIND VISHWAKARMA,Betul,SHAHPUR,"23351010104, GOVT. HS KUNDI",प्रतिभागी,शिक्षक
AE6454,Anjna Uikey,Betul,SHAHPUR,"23351008014, GOVT. HSS GIRLS BHOURA",प्रतिभागी,शिक्षक
BQ3335,Deepak Kumar Parte,Betul,SHAHPUR,"23351008014, GOVT. HSS GIRLS BHOURA",प्रतिभागी,शिक्षक
AE2829,Raghuvir Siloo,Betul,SHAHPUR,"23351005804, GOVT.HSS BIJADEHI",प्रतिभागी,शिक्षक
AE5152,Shivcharan Salam,Betul,SHAHPUR,"23351007105, GOVT. HS DHODHRAMAU",प्रतिभागी,शिक्षक
AE9330,Raghunath Deshmukh,Betul,SHAHPUR,"23351008506, GOVT. HSS KESIYA",प्रतिभागी,शिक्षक
CF5702,SUBHASH BANKER,Betul,SHAHPUR,"23351008506, GOVT. HSS KESIYA",प्रतिभागी,शिक्षक
AE5131,Shailesh Kumar Sarone,Betul,SHAHPUR,"23351009205, GOVT. HS TARA",प्रतिभागी,शिक्षक
BG3981,Visavnath Panday,Bhind,ATER,"23030604406, GOVT. HSS JAWASA",प्रतिभागी,शिक्षक
BG4005,Shiv Dayal Jha,Bhind,ATER,"23030604406, GOVT. HSS JAWASA",प्रतिभागी,शिक्षक
BG4048,Rajeev Tripathi,Bhind,ATER,"23030604406, GOVT. HSS JAWASA",प्रतिभागी,शिक्षक
AU6870,Nirmala Basediya,Bhind,ATER,"23030611906, GOVT. HS BAROHI",प्रतिभागी,शिक्षक
BG4119,Alok Singh Bhadouria,Bhind,ATER,"23030611906, GOVT. HS BAROHI",प्रतिभागी,शिक्षक
BG4454,Mahendra Tiwari,Bhind,ATER,"23030611906, GOVT. HS BAROHI",प्रतिभागी,शिक्षक
BG6319,Sunita Agrawal,Bhind,ATER,"23030611906, GOVT. HS BAROHI",प्रतिभागी,शिक्षक
BQ4982,Rajesh Kumar Sharma,Bhind,ATER,"23030611906, GOVT. HS BAROHI",प्रतिभागी,शिक्षक
BX6331,Kuldeep Tiwari,Bhind,ATER,"23030611906, GOVT. HS BAROHI",प्रतिभागी,शिक्षक
BZ3749,Pradeep Singh Yadav,Bhind,ATER,"23030611906, GOVT. HS BAROHI",प्रतिभागी,शिक्षक
BG3785,Suresh Pipal,Bhind,ATER,"23030614303, GOVT. HS PAWAI",प्रतिभागी,शिक्षक
BG3786,Rajkumar Mishra,Bhind,ATER,"23030614303, GOVT. HS PAWAI",प्रतिभागी,शिक्षक
BG3923,Bipati Singh Baghel,Bhind,ATER,"23030614303, GOVT. HS PAWAI",प्रतिभागी,शिक्षक
BG4004,Abneesh Singh Narwariya,Bhind,ATER,"23030614303, GOVT. HS PAWAI",प्रतिभागी,शिक्षक
BG4109,Aditya Kumar Tiwari,Bhind,ATER,"23030614303, GOVT. HS PAWAI",प्रतिभागी,शिक्षक
BG4138,Rajveer Singh Rathore,Bhind,ATER,"23030614303, GOVT. HS PAWAI",प्रतिभागी,शिक्षक
BG4248,Rakesh Singh Rajput,Bhind,ATER,"23030614303, GOVT. HS PAWAI",प्रतिभागी,शिक्षक
BG8746,Narendra Singh,Bhind,ATER,"23030614303, GOVT. HS PAWAI",प्रतिभागी,शिक्षक
BY2013,Preeti Shrivas,Bhind,ATER,"23030614303, GOVT. HS PAWAI",प्रतिभागी,शिक्षक
BB1057,Dev Dutt Singh Bhadoria,Bhind,ATER,"23030609413, GOVT. HSS PIPRI",प्रतिभागी,शिक्षक
BG3940,Rekha Arya,Bhind,ATER,"23030609413, GOVT. HSS PIPRI",प्रतिभागी,शिक्षक
BG3960,Shailesh Kumar Sharma,Bhind,ATER,"23030609413, GOVT. HSS PIPRI",प्रतिभागी,शिक्षक
BG4102,Shashi Kant Jha,Bhind,ATER,"23030609413, GOVT. HSS PIPRI",प्रतिभागी,शिक्षक
BG4155,Rambeer Singh,Bhind,ATER,"23030609413, GOVT. HSS PIPRI",प्रतिभागी,शिक्षक
BG4157,Shyam Singh,Bhind,ATER,"23030609413, GOVT. HSS PIPRI",प्रतिभागी,शिक्षक
BG4434,Balveer Singh Rathore,Bhind,ATER,"23030609413, GOVT. HSS PIPRI",प्रतिभागी,शिक्षक
BS7091,Nagendra Singh Kushwah,Bhind,ATER,"23030609413, GOVT. HSS PIPRI",प्रतिभागी,शिक्षक
BU8718,Raghuraj Singh Narwaria,Bhind,ATER,"23030609413, GOVT. HSS PIPRI",प्रतिभागी,शिक्षक
BG4052,Ashok Kumar Verma,Bhind,ATER,"23030610814, GOVT. HSS MASOORI",प्रतिभागी,शिक्षक
BU8902,Amar Singh Shrivas,Bhind,ATER,"23030610814, GOVT. HSS MASOORI",प्रतिभागी,शिक्षक
BX7602,Priyanka Awasthi,Bhind,ATER,"23030610814, GOVT. HSS MASOORI",प्रतिभागी,शिक्षक
BY9528,Ajay Kumar,Bhind,ATER,"23030610814, GOVT. HSS MASOORI",प्रतिभागी,शिक्षक
BZ3873,Hari Singh Bhadoriya,Bhind,ATER,"23030610814, GOVT. HSS MASOORI",प्रतिभागी,शिक्षक
CB2677,SANJAY SINGH,Bhind,ATER,"23030610814, GOVT. HSS MASOORI",प्रतिभागी,शिक्षक
BG8401,Basant Kumar Sharma,Bhind,ATER,"23030618305, GOVT. HSS UDOTGRAH",प्रतिभागी,शिक्षक
BG3492,Nishar Mohammad Khan,Bhind,ATER,"23030616804, GOVT. HSS JAMSARA",प्रतिभागी,शिक्षक
BG4469,Arthathius Khakha,Bhind,ATER,"23030616804, GOVT. HSS JAMSARA",प्रतिभागी,शिक्षक
BW9343,Pramod Singh,Bhind,ATER,"23030616804, GOVT. HSS JAMSARA",प्रतिभागी,शिक्षक
BG3966,Akhand Pratap Singh Tomar,Bhind,ATER,"23030607208, GOVT. HSS KISHUPURA",प्रतिभागी,शिक्षक
BG4386,Rajesh Pachauri,Bhind,ATER,"23030607208, GOVT. HSS KISHUPURA",प्रतिभागी,शिक्षक
BG4464,Pramod Kumar Sharma,Bhind,ATER,"23030607208, GOVT. HSS KISHUPURA",प्रतिभागी,शिक्षक
BG4615,Shakti Vikram Singh Chauhan,Bhind,ATER,"23030607208, GOVT. HSS KISHUPURA",प्रतिभागी,शिक्षक
BT1084,Subodh Kumar Sharma,Bhind,ATER,"23030607208, GOVT. HSS KISHUPURA",प्रतिभागी,शिक्षक
BU3751,Beenu Bhadauriya,Bhind,ATER,"23030607208, GOVT. HSS KISHUPURA",प्रतिभागी,शिक्षक
BG3112,Manish Kumar Mishra,Bhind,ATER,"23030602906, GOVT. HS BADAPURA",प्रतिभागी,शिक्षक
BG3816,Anoop Kumar Pandey,Bhind,ATER,"23030602906, GOVT. HS BADAPURA",प्रतिभागी,शिक्षक
BG3953,Dataram Singh Baghel,Bhind,ATER,"23030602906, GOVT. HS BADAPURA",प्रतिभागी,शिक्षक
BG8458,Satish Kumar,Bhind,ATER,"23030602906, GOVT. HS BADAPURA",प्रतिभागी,शिक्षक
BU4617,Brijesh Yadav,Bhind,ATER,"23030602906, GOVT. HS BADAPURA",प्रतिभागी,शिक्षक
BW3006,Ravindra Shivhare,Bhind,ATER,"23030602906, GOVT. HS BADAPURA",प्रतिभागी,शिक्षक
BX1556,Surendra Singh,Bhind,ATER,"23030602906, GOVT. HS BADAPURA",प्रतिभागी,शिक्षक
BX6237,Dharmbir Singh,Bhind,ATER,"23030602906, GOVT. HS BADAPURA",प्रतिभागी,शिक्षक
CD9252,NEELAM SARASWAT,Bhind,ATER,"23030602906, GOVT. HS BADAPURA",प्रतिभागी,शिक्षक
BG4618,Digvijay Narayan Singh Kushwah,Bhind,ATER,"23030600505, GOVT. HSS MANEPURA",प्रतिभागी,शिक्षक
BG8303,Jitendra Singh Bhadoriya,Bhind,ATER,"23030600505, GOVT. HSS MANEPURA",प्रतिभागी,शिक्षक
BX6316,Sushil Kumar Daipuria,Bhind,ATER,"23030600505, GOVT. HSS MANEPURA",प्रतिभागी,शिक्षक
BG2999,Ashok Kumar Soni,Bhind,BHIND,"23030414114, GOVT. HS NUNHATA",प्रतिभागी,शिक्षक
BG3964,Vinod Kumar Goyal,Bhind,BHIND,"23030414114, GOVT. HS NUNHATA",प्रतिभागी,शिक्षक
BU1040,Sunil Singh Bhadauria,Bhind,BHIND,"23030414114, GOVT. HS NUNHATA",प्रतिभागी,शिक्षक
AT1894,Devanand Singh Fulwar,Bhind,BHIND,"23030421110, GOVT. HSS NAYAGAON",प्रतिभागी,शिक्षक
BR7539,Sanjeev Kumar Mishra,Bhind,BHIND,"23030421110, GOVT. HSS NAYAGAON",प्रतिभागी,शिक्षक
BT1402,Manoj Kumar Singh,Bhind,BHIND,"23030421110, GOVT. HSS NAYAGAON",प्रतिभागी,शिक्षक
CE4761,SANDEEP SINGH,Bhind,BHIND,"23030421110, GOVT. HSS NAYAGAON",प्रतिभागी,शिक्षक
CE8166,NEHA RAJAWAT,Bhind,BHIND,"23030421110, GOVT. HSS NAYAGAON",प्रतिभागी,शिक्षक
AT1880,Kamlesh Kumar,Bhind,BHIND,"23030409605, GOVT. HS KOT",प्रतिभागी,शिक्षक
BF4314,Raj Kishor Pandey,Bhind,BHIND,"23030409605, GOVT. HS KOT",प्रतिभागी,शिक्षक
BS2734,Ramkumar Tiwari,Bhind,BHIND,"23030409605, GOVT. HS KOT",प्रतिभागी,शिक्षक
BT5404,Upendra Singh,Bhind,BHIND,"23030409605, GOVT. HS KOT",प्रतिभागी,शिक्षक
BT5797,Ramendra Singh Sengar,Bhind,BHIND,"23030409605, GOVT. HS KOT",प्रतिभागी,शिक्षक
BX3566,Neelendr Kumar Tiwari,Bhind,BHIND,"23030417407, GOVT. HS BARAKALAN",प्रतिभागी,शिक्षक
BG3982,Phundi Lal Yadav,Bhind,BHIND,"23030403507, GOVT. HS DIDI KHURD",प्रतिभागी,शिक्षक
BG7552,Shyamsunder Baghel,Bhind,BHIND,"23030403507, GOVT. HS DIDI KHURD",प्रतिभागी,शिक्षक
BT4580,Pradeep Singh Kushwah,Bhind,BHIND,"23030403507, GOVT. HS DIDI KHURD",प्रतिभागी,शिक्षक
BU2705,Rajni Ahirwar,Bhind,BHIND,"23030403507, GOVT. HS DIDI KHURD",प्रतिभागी,शिक्षक
BU3998,Shimla Tomar,Bhind,BHIND,"23030403507, GOVT. HS DIDI KHURD",प्रतिभागी,शिक्षक
BZ2669,Amit Kumar Shrivastava,Bhind,BHIND,"23030403507, GOVT. HS DIDI KHURD",प्रतिभागी,शिक्षक
BZ3885,Pankaj Mishra,Bhind,BHIND,"23030403507, GOVT. HS DIDI KHURD",प्रतिभागी,शिक्षक
BG2387,Sandhya Bhadoria,Bhind,BHIND,"23030406215, GOVT. HSS UMARI",प्रतिभागी,शिक्षक
BG9027,Ravindra Babu Jarouliya,Bhind,BHIND,"23030406215, GOVT. HSS UMARI",प्रतिभागी,शिक्षक
BG9129,Ravindra Kumar Varma,Bhind,BHIND,"23030406215, GOVT. HSS UMARI",प्रतिभागी,शिक्षक
BS8439,Meera Devi,Bhind,BHIND,"23030406215, GOVT. HSS UMARI",प्रतिभागी,शिक्षक
BW9782,Surendra Singh Kaneriya,Bhind,BHIND,"23030406215, GOVT. HSS UMARI",प्रतिभागी,शिक्षक
BG4351,Dileep Kumar,Bhind,BHIND,"23030416715, GOVT. HS BABEDI",प्रतिभागी,शिक्षक
BU2097,Dileep Singh Sisodiya,Bhind,BHIND,"23030416715, GOVT. HS BABEDI",प्रतिभागी,शिक्षक
BY2077,Saurabh Ojha,Bhind,BHIND,"23030416715, GOVT. HS BABEDI",प्रतिभागी,शिक्षक
BY2044,Swarthi Tiwari,Bhind,BHIND,"23030402905, GOVT. HSS BHAVANPURA",प्रतिभागी,शिक्षक
BG4891,Deenanath Shakya,Bhind,BHIND,"23030411707, GOVT. HSS BILAO",प्रतिभागी,शिक्षक
BG7509,Pramila Chouhan,Bhind,BHIND,"23030411707, GOVT. HSS BILAO",प्रतिभागी,शिक्षक
BG8971,Vijay Baretha,Bhind,BHIND,"23030411707, GOVT. HSS BILAO",प्रतिभागी,शिक्षक
BT6585,Santosh Sharma,Bhind,BHIND,"23030411707, GOVT. HSS BILAO",प्रतिभागी,शिक्षक
BU4536,Sanjay Singh Rajawat,Bhind,BHIND,"23030411707, GOVT. HSS BILAO",प्रतिभागी,शिक्षक
BY4574,Vipin Agaraiya,Bhind,BHIND,"23030411707, GOVT. HSS BILAO",प्रतिभागी,शिक्षक
CD5399,VEDPRAKASH BHADAURIA,Bhind,BHIND,"23030411707, GOVT. HSS BILAO",प्रतिभागी,शिक्षक
AK1424,Jooli SHARMA,Bhind,BHIND,"23030419809, GOVT. HSS NO. 2, BHIND",प्रतिभागी,शिक्षक
BG3464,Asha Pachori,Bhind,BHIND,"23030419809, GOVT. HSS NO. 2, BHIND",प्रतिभागी,शिक्षक
BU9254,Ashok Sharma,Bhind,BHIND,"23030419809, GOVT. HSS NO. 2, BHIND",प्रतिभागी,शिक्षक
BY3197,Manu Khare,Bhind,BHIND,"23030419809, GOVT. HSS NO. 2, BHIND",प्रतिभागी,शिक्षक
CC4489,ANKITA BHADORIA,Bhind,BHIND,"23030419809, GOVT. HSS NO. 2, BHIND",प्रतिभागी,शिक्षक
BU8610,Santosh Kumar Shakya,Bhind,BHIND,"23030408008, GOVT. HS BAJHAI",प्रतिभागी,शिक्षक
BG5138,Shakuntla Dixit,Bhind,BHIND,"23030419808, GOVT. HSS GIRLS, MLB, BHIND",प्रतिभागी,शिक्षक
BG6162,Sarita Awasthi,Bhind,BHIND,"23030419808, GOVT. HSS GIRLS, MLB, BHIND",प्रतिभागी,शिक्षक
BG7958,Anita Bhadoria,Bhind,BHIND,"23030419808, GOVT. HSS GIRLS, MLB, BHIND",प्रतिभागी,शिक्षक
BQ8134,Anuradha Bhadauria,Bhind,BHIND,"23030419808, GOVT. HSS GIRLS, MLB, BHIND",प्रतिभागी,शिक्षक
BR3663,Rampal Bhadoriya,Bhind,BHIND,"23030419808, GOVT. HSS GIRLS, MLB, BHIND",प्रतिभागी,शिक्षक
BU8796,Keerti Kumar Awasthi,Bhind,BHIND,"23030419808, GOVT. HSS GIRLS, MLB, BHIND",प्रतिभागी,शिक्षक
BZ2195,Anjali Katare,Bhind,BHIND,"23030419808, GOVT. HSS GIRLS, MLB, BHIND",प्रतिभागी,शिक्षक
AU9331,Dharmendra Shakya,Bhind,BHIND,"23030410613, GOVT. HSS AKODA",प्रतिभागी,शिक्षक
BG2676,Manoj Kumar Karaiya,Bhind,BHIND,"23030410613, GOVT. HSS AKODA",प्रतिभागी,शिक्षक
BG8714,Sunil Kumar Tiwari,Bhind,BHIND,"23030410613, GOVT. HSS AKODA",प्रतिभागी,शिक्षक
BS9923,Suman Karaiya,Bhind,BHIND,"23030410613, GOVT. HSS AKODA",प्रतिभागी,शिक्षक
BT1800,Upendrakumar Mishra,Bhind,BHIND,"23030410613, GOVT. HSS AKODA",प्रतिभागी,शिक्षक
BU3739,Rahul Mishra,Bhind,BHIND,"23030410613, GOVT. HSS AKODA",प्रतिभागी,शिक्षक
BU3956,Priyanka Sharma,Bhind,BHIND,"23030410613, GOVT. HSS AKODA",प्रतिभागी,शिक्षक
BU6318,Santosh Sharma,Bhind,BHIND,"23030410613, GOVT. HSS AKODA",प्रतिभागी,शिक्षक
AF6554,Sunit Kumar Shakya,Bhind,BHIND,"23030408805, GOVT. HS TEHNGUR",प्रतिभागी,शिक्षक
BU3502,Mukesh Singh Bhadouria,Bhind,BHIND,"23030408805, GOVT. HS TEHNGUR",प्रतिभागी,शिक्षक
BG5630,Sunita Tiwari,Bhind,GOHAD,"23030709909, GOVT. HSS MALANPUR",प्रतिभागी,शिक्षक
BG5903,Brijesh Kumar Mishra,Bhind,GOHAD,"23030709909, GOVT. HSS MALANPUR",प्रतिभागी,शिक्षक
BG6144,Safiq Mohammad,Bhind,GOHAD,"23030709909, GOVT. HSS MALANPUR",प्रतिभागी,शिक्षक
BW2913,Manoj Singh,Bhind,GOHAD,"23030709909, GOVT. HSS MALANPUR",प्रतिभागी,शिक्षक
BG2830,Neeraj Singh Chauhan,Bhind,GOHAD,"23030719006, GOVT. HSS SARVA",प्रतिभागी,शिक्षक
BS7477,Sumersingh Chandel,Bhind,GOHAD,"23030711104, GOVT. HSS SHERPUR",प्रतिभागी,शिक्षक
BW8329,Dilip Kumar Soni,Bhind,GOHAD,"23030711104, GOVT. HSS SHERPUR",प्रतिभागी,शिक्षक
BG8692,Surendra Singh,Bhind,GOHAD,"23030707106, GOVT. HSS KHANETA",प्रतिभागी,शिक्षक
BW2246,Namrata Singh,Bhind,GOHAD,"23030707106, GOVT. HSS KHANETA",प्रतिभागी,शिक्षक
BZ7176,Radha Bhadoriya Tripathi,Bhind,GOHAD,"23030707106, GOVT. HSS KHANETA",प्रतिभागी,एसआरजी
CD5606,MANOJ GOSWAMEE,Bhind,GOHAD,"23030707106, GOVT. HSS KHANETA",प्रतिभागी,शिक्षक
BG3691,Ranveer Singh,Bhind,GOHAD,"23030714108, GOVT. HS BIRKHADI",प्रतिभागी,शिक्षक
BG8949,Rakesh Sharma,Bhind,GOHAD,"23030714108, GOVT. HS BIRKHADI",प्रतिभागी,शिक्षक
BU9627,Vimlesh Arya,Bhind,GOHAD,"23030714108, GOVT. HS BIRKHADI",प्रतिभागी,शिक्षक
BG8781,Jagdeesh Prsad,Bhind,GOHAD,"23030714505, GOVT. HS BHAGWASA",प्रतिभागी,शिक्षक
BN1923,Manoj Kumar,Bhind,GOHAD,"23030714505, GOVT. HS BHAGWASA",प्रतिभागी,शिक्षक
BU3858,Sunita Mishra,Bhind,GOHAD,"23030714505, GOVT. HS BHAGWASA",प्रतिभागी,शिक्षक
BG4635,Rajbir Singh,Bhind,GOHAD,"23030721168, GOVT. HSS GIRLS, GOHAD",प्रतिभागी,शिक्षक
AT2658,Manjushlata Arya,Bhind,GOHAD,"23030721167, GOVT. HSS EXCELENCE , GOHAD",प्रतिभागी,शिक्षक
BG3575,Brajesh Singh Bhadoria,Bhind,GOHAD,"23030721167, GOVT. HSS EXCELENCE , GOHAD",प्रतिभागी,शिक्षक
BG5593,Smt. Saroj Shrivastav,Bhind,GOHAD,"23030721167, GOVT. HSS EXCELENCE , GOHAD",प्रतिभागी,शिक्षक
BG5746,Girjamoti Kushwah,Bhind,GOHAD,"23030721167, GOVT. HSS EXCELENCE , GOHAD",प्रतिभागी,शिक्षक
BG5751,Satish Kumar,Bhind,GOHAD,"23030721167, GOVT. HSS EXCELENCE , GOHAD",प्रतिभागी,शिक्षक
BV9467,Radha Nagar,Bhind,GOHAD,"23030721167, GOVT. HSS EXCELENCE , GOHAD",प्रतिभागी,शिक्षक
BV9610,Jitendra Sharma,Bhind,GOHAD,"23030721167, GOVT. HSS EXCELENCE , GOHAD",प्रतिभागी,शिक्षक
BW3363,Ashok Kumar,Bhind,GOHAD,"23030721167, GOVT. HSS EXCELENCE , GOHAD",प्रतिभागी,शिक्षक
BW3430,Jyoti Sharma,Bhind,GOHAD,"23030721167, GOVT. HSS EXCELENCE , GOHAD",प्रतिभागी,शिक्षक
BG2840,Rajiv Kumar Gupta,Bhind,GOHAD,"23030718003, GOVT. HS AICHAYA",प्रतिभागी,शिक्षक
BW3395,Madhavi Sharma,Bhind,GOHAD,"23030718003, GOVT. HS AICHAYA",प्रतिभागी,शिक्षक
BG2322,Shailendra Kumar Joshi,Bhind,GOHAD,"23030700704, GOVT. HS JHANKARI",प्रतिभागी,शिक्षक
BG3972,Urmila Raiypuriya,Bhind,GOHAD,"23030700704, GOVT. HS JHANKARI",प्रतिभागी,शिक्षक
BP4040,Ganesh Singh Gurjar,Bhind,GOHAD,"23030700704, GOVT. HS JHANKARI",प्रतिभागी,शिक्षक
BQ7763,Surendra Singh,Bhind,GOHAD,"23030700704, GOVT. HS JHANKARI",प्रतिभागी,शिक्षक
BG3195,Naresh Singh,Bhind,GOHAD,"23030718550, GOVT. HSS GIRLS, MAU",प्रतिभागी,शिक्षक
BN4008,Omprakash Yadav,Bhind,GOHAD,"23030718550, GOVT. HSS GIRLS, MAU",प्रतिभागी,शिक्षक
CB4148,NITIN YADAV,Bhind,GOHAD,"23030718549, GOVT. HSS BOYS, MAU",प्रतिभागी,शिक्षक
AY1488,Ramnivas Bhadkaria,Bhind,GOHAD,"23030705604, GOVT. HS ANDHIYARI KHURD",प्रतिभागी,शिक्षक
BG1869,Ashok Kumar Sharma,Bhind,GOHAD,"23030705604, GOVT. HS ANDHIYARI KHURD",प्रतिभागी,शिक्षक
BG1877,Munni Devi,Bhind,GOHAD,"23030705604, GOVT. HS ANDHIYARI KHURD",प्रतिभागी,शिक्षक
BR3843,Sudheer Kumar Sharma,Bhind,GOHAD,"23030705604, GOVT. HS ANDHIYARI KHURD",प्रतिभागी,शिक्षक
BT4517,Madhav Singh Yadav,Bhind,GOHAD,"23030705604, GOVT. HS ANDHIYARI KHURD",प्रतिभागी,शिक्षक
BZ7380,Raghbendra Singh,Bhind,GOHAD,"23030705604, GOVT. HS ANDHIYARI KHURD",प्रतिभागी,शिक्षक
BG5447,Suneel Kumar Singh,Bhind,LAHAR,"23030514906, GOVT. HSS VAISHPURA",प्रतिभागी,शिक्षक
BG5460,Satyendra Singh,Bhind,LAHAR,"23030514906, GOVT. HSS VAISHPURA",प्रतिभागी,शिक्षक
BG6295,Mahaveerasharan Sharan,Bhind,LAHAR,"23030514906, GOVT. HSS VAISHPURA",प्रतिभागी,शिक्षक
BG6406,Aditya Kumar Dubey,Bhind,LAHAR,"23030514906, GOVT. HSS VAISHPURA",प्रतिभागी,शिक्षक
BG6760,AJAY KUMAR,Bhind,LAHAR,"23030514906, GOVT. HSS VAISHPURA",प्रतिभागी,शिक्षक
BQ7094,Piyush Gupta,Bhind,LAHAR,"23030514906, GOVT. HSS VAISHPURA",प्रतिभागी,शिक्षक
BZ7526,Ramprakash Hinnariya,Bhind,LAHAR,"23030514906, GOVT. HSS VAISHPURA",प्रतिभागी,शिक्षक
BZ8666,Priti Soni,Bhind,LAHAR,"23030514906, GOVT. HSS VAISHPURA",प्रतिभागी,शिक्षक
CB7068,HEMANT KUMAR,Bhind,LAHAR,"23030514906, GOVT. HSS VAISHPURA",प्रतिभागी,शिक्षक
AI6725,Deenbandhu Tiwari,Bhind,LAHAR,"23030500146, GOVT. HSS EXCELENCE, LAHAR",प्रतिभागी,शिक्षक
BG2995,Manjulata Gupta,Bhind,LAHAR,"23030500146, GOVT. HSS EXCELENCE, LAHAR",प्रतिभागी,शिक्षक
BG6341,Suman Singh,Bhind,LAHAR,"23030500146, GOVT. HSS EXCELENCE, LAHAR",प्रतिभागी,शिक्षक
BG6894,Vinod Kumar,Bhind,LAHAR,"23030500146, GOVT. HSS EXCELENCE, LAHAR",प्रतिभागी,शिक्षक
BG6942,Dashrath Singh,Bhind,LAHAR,"23030500146, GOVT. HSS EXCELENCE, LAHAR",प्रतिभागी,शिक्षक
BQ4985,Devendra Kumar Gupta,Bhind,LAHAR,"23030500146, GOVT. HSS EXCELENCE, LAHAR",प्रतिभागी,शिक्षक
CB4605,RAJ DOHARE,Bhind,LAHAR,"23030500146, GOVT. HSS EXCELENCE, LAHAR",प्रतिभागी,शिक्षक
BG6754,Sarvesh Bhadoriya,Bhind,LAHAR,"23030500147, GOVT. HSS GIRLS, LAHAR",प्रतिभागी,शिक्षक
BR5483,Rajeev Shankar Tripathi,Bhind,LAHAR,"23030500147, GOVT. HSS GIRLS, LAHAR",प्रतिभागी,शिक्षक
BZ6429,Ramnish Agrawal,Bhind,LAHAR,"23030500147, GOVT. HSS GIRLS, LAHAR",प्रतिभागी,शिक्षक
BG2996,Jitendra Kumar Gupta,Bhind,LAHAR,"23030502205, GOVT. HSS AJNAR",प्रतिभागी,शिक्षक
BG3025,Sanjeev Gupta,Bhind,LAHAR,"23030502205, GOVT. HSS AJNAR",प्रतिभागी,शिक्षक
BG6747,Satyendra Singh Kushwah,Bhind,LAHAR,"23030502205, GOVT. HSS AJNAR",प्रतिभागी,शिक्षक
AR6157,Rajendra Upadhyay,Bhind,LAHAR,"23030505709, GOVT. HSS ASWAR",प्रतिभागी,शिक्षक
BG6361,Ramashankar Birtharia,Bhind,LAHAR,"23030505709, GOVT. HSS ASWAR",प्रतिभागी,शिक्षक
BQ4307,Krishna Bihari Shrivastava,Bhind,LAHAR,"23030505709, GOVT. HSS ASWAR",प्रतिभागी,शिक्षक
BX1902,Aji Amit Pal,Bhind,LAHAR,"23030505709, GOVT. HSS ASWAR",प्रतिभागी,शिक्षक
BG6984,Rajesh Kumar Sharma,Bhind,LAHAR,"23030504906, GOVT. HS DEVARI",प्रतिभागी,शिक्षक
BG7044,Prabhudayal DOHARE,Bhind,LAHAR,"23030504906, GOVT. HS DEVARI",प्रतिभागी,शिक्षक
BG5469,Anil Kumar Gupta,Bhind,LAHAR,"23030510432, GOVT. HS GIRLS, DABOH",प्रतिभागी,शिक्षक
BG8298,Balkishan Manjhi,Bhind,LAHAR,"23030510432, GOVT. HS GIRLS, DABOH",प्रतिभागी,शिक्षक
BQ7126,Mukesh Kumar,Bhind,LAHAR,"23030510432, GOVT. HS GIRLS, DABOH",प्रतिभागी,शिक्षक
AI4999,Dharmendra Phadnis,Bhind,LAHAR,"23030516708, GOVT. HSS BOYS, ALAMPUR",प्रतिभागी,शिक्षक
BG4853,Milan Kumar Gupta,Bhind,LAHAR,"23030516708, GOVT. HSS BOYS, ALAMPUR",प्रतिभागी,शिक्षक
BG6777,Satyendra Singh Niranjan,Bhind,LAHAR,"23030516708, GOVT. HSS BOYS, ALAMPUR",प्रतिभागी,शिक्षक
AI6942,Manoj Kumar Sharma,Bhind,MEHGAON,"23030312435, GOVT. HSS GORMI",प्रतिभागी,शिक्षक
BT2842,Vinu Sharma,Bhind,MEHGAON,"23030312435, GOVT. HSS GORMI",प्रतिभागी,शिक्षक
CA5317,PRADEEP SHRIVASTAVA,Bhind,MEHGAON,"23030312435, GOVT. HSS GORMI",प्रतिभागी,शिक्षक
BG5553,Bhupendra Singh,Bhind,MEHGAON,"23030312434, GOVT. HS GIRLS, GORMI",प्रतिभागी,शिक्षक
BO8200,Shiv Shankar Singh Jadaun,Bhind,MEHGAON,"23030312434, GOVT. HS GIRLS, GORMI",प्रतिभागी,शिक्षक
BG3377,Devesh Singh Bhadoria,Bhind,MEHGAON,"23030301509, GOVT.HSS HARIKSHA",प्रतिभागी,शिक्षक
BG6230,Shyamlata Devi,Bhind,MEHGAON,"23030301509, GOVT.HSS HARIKSHA",प्रतिभागी,शिक्षक
BT6019,Brajesh Singh Tomar,Bhind,MEHGAON,"23030301509, GOVT.HSS HARIKSHA",प्रतिभागी,शिक्षक
CB2319,PARMAL NARWARIYA,Bhind,MEHGAON,"23030321805, GOVT. HS NUNHAD",प्रतिभागी,शिक्षक
AQ9523,Rajkumar Gautam,Bhind,MEHGAON,"23030322708, GOVT. HSS MANHAD",प्रतिभागी,शिक्षक
BG3729,Mamta Bhadoriya,Bhind,MEHGAON,"23030322708, GOVT. HSS MANHAD",प्रतिभागी,शिक्षक
BY3179,Ram Veer Sharma,Bhind,MEHGAON,"23030322708, GOVT. HSS MANHAD",प्रतिभागी,शिक्षक
BG3220,Saroj Shakya,Bhind,MEHGAON,"23030317505, GOVT. HSS BARHAD",प्रतिभागी,शिक्षक
BG3272,Komal Singh,Bhind,MEHGAON,"23030317505, GOVT. HSS BARHAD",प्रतिभागी,शिक्षक
BT4755,Seema Sharma,Bhind,MEHGAON,"23030317505, GOVT. HSS BARHAD",प्रतिभागी,शिक्षक
BU5210,Brahmanand Sharma,Bhind,MEHGAON,"23030317505, GOVT. HSS BARHAD",प्रतिभागी,शिक्षक
BG3580,Hemlata Narvariya,Bhind,MEHGAON,"23030316457, GOVT. HSS EXCELENCE, MEHGAON",प्रतिभागी,शिक्षक
BS1935,Varun Dixit,Bhind,MEHGAON,"23030316457, GOVT. HSS EXCELENCE, MEHGAON",प्रतिभागी,शिक्षक
BG2363,Abhishek Tripathi,Bhind,MEHGAON,"23030316458, GOVT. HSS GIRLS, MEHGAON",प्रतिभागी,शिक्षक
BG4437,Vishnu Pratap Singh Bhadauriya,Bhind,MEHGAON,"23030316458, GOVT. HSS GIRLS, MEHGAON",प्रतिभागी,शिक्षक
BQ3510,Devendra Kumar Purohit,Bhind,MEHGAON,"23030316458, GOVT. HSS GIRLS, MEHGAON",प्रतिभागी,शिक्षक
BG2245,Mohammad Noushad,Bhind,MEHGAON,"23030304508, GOVT. HS GADPARA",प्रतिभागी,शिक्षक
BZ1411,Shailendra Singh Jadoun,Bhind,MEHGAON,"23030304508, GOVT. HS GADPARA",प्रतिभागी,शिक्षक
BW6038,Devendra Singh Kaushal,Bhind,MEHGAON,"23030310705, GOVT. HS KANATHAR",प्रतिभागी,सीएसी
AG1537,Ramkishor Singh Kushwah,Bhind,MEHGAON,"23030303408, GOVT. HS BHAROLI",प्रतिभागी,शिक्षक
BG3709,Pradeep Singh,Bhind,MEHGAON,"23030303408, GOVT. HS BHAROLI",प्रतिभागी,शिक्षक
BG1929,Vikram Singh Solanki,Bhind,RAUN,"23030200127, GOVT. HS GIRLS, MIHONA",प्रतिभागी,शिक्षक
BG1943,Prahlad Singh Kushawah,Bhind,RAUN,"23030200127, GOVT. HS GIRLS, MIHONA",प्रतिभागी,शिक्षक
BG2028,Maharaj Singh,Bhind,RAUN,"23030200127, GOVT. HS GIRLS, MIHONA",प्रतिभागी,शिक्षक
BG3088,Mahendra Singh Tomar,Bhind,RAUN,"23030200127, GOVT. HS GIRLS, MIHONA",प्रतिभागी,शिक्षक
BG3772,Man Singh,Bhind,RAUN,"23030200127, GOVT. HS GIRLS, MIHONA",प्रतिभागी,शिक्षक
BG2489,Shashi Kumar,Bhind,RAUN,"23030208814, GOVT. HS MACHHAND",प्रतिभागी,शिक्षक
BP3960,Bhishm Pratap Singh,Bhind,RAUN,"23030208814, GOVT. HS MACHHAND",प्रतिभागी,शिक्षक
BQ2066,Roshan Singh Shakyawar,Bhind,RAUN,"23030208814, GOVT. HS MACHHAND",प्रतिभागी,शिक्षक
BQ9648,Vijay Bahadur Dohare,Bhind,RAUN,"23030208814, GOVT. HS MACHHAND",प्रतिभागी,शिक्षक
BR4075,Ajay Kumar,Bhind,RAUN,"23030208814, GOVT. HS MACHHAND",प्रतिभागी,शिक्षक
BU7603,Gayatri Singh Bhadouriya,Bhind,RAUN,"23030208814, GOVT. HS MACHHAND",प्रतिभागी,शिक्षक
CA1577,Jaydeep Singh Rajawat,Bhind,RAUN,"23030208814, GOVT. HS MACHHAND",प्रतिभागी,शिक्षक
CA4681,Brijpal Singh Kushwah,Bhind,RAUN,"23030208814, GOVT. HS MACHHAND",प्रतिभागी,शिक्षक
BG1930,Gopal Singh Prajapati,Bhind,RAUN,"23030200126, GOVT. HSS MIHONA",प्रतिभागी,शिक्षक
BG2008,Surendra Singh,Bhind,RAUN,"23030200126, GOVT. HSS MIHONA",प्रतिभागी,शिक्षक
BG2014,Aneeta Kuhwah,Bhind,RAUN,"23030200126, GOVT. HSS MIHONA",प्रतिभागी,शिक्षक
BG2503,Rajeev Dohare,Bhind,RAUN,"23030200126, GOVT. HSS MIHONA",प्रतिभागी,शिक्षक
BG3773,Hari Vinod,Bhind,RAUN,"23030200126, GOVT. HSS MIHONA",प्रतिभागी,शिक्षक
AQ8518,Shiv Kumar Dixit,Bhind,RAUN,"23030200711, GOVT. HS JETPURA MADHI",प्रतिभागी,शिक्षक
BG4505,Anurag Singh Kushwah,Bhind,RAUN,"23030207802, GOVT. HS JASAWALI",प्रतिभागी,शिक्षक
BU5167,Manish Tiwari,Bhind,RAUN,"23030207802, GOVT. HS JASAWALI",प्रतिभागी,शिक्षक
AK1335,Kamlesh Kumar Baghel,Bhind,RAUN,"23030200219, GOVT. HSS EXCELENCE, RAUN",प्रतिभागी,शिक्षक
BG2071,Ikbal Khan,Bhind,RAUN,"23030200219, GOVT. HSS EXCELENCE, RAUN",प्रतिभागी,शिक्षक
BG2106,Lal Singh Garg,Bhind,RAUN,"23030200219, GOVT. HSS EXCELENCE, RAUN",प्रतिभागी,शिक्षक
BG2602,Mukesh Shrivastava,Bhind,RAUN,"23030200219, GOVT. HSS EXCELENCE, RAUN",प्रतिभागी,शिक्षक
BU3741,Prveen Kumar Sharma,Bhind,RAUN,"23030200219, GOVT. HSS EXCELENCE, RAUN",प्रतिभागी,शिक्षक
AA4556,Gulab Singh Jatav,Bhopal,BERASIA,"23320125506, GOVT HSS SOHAYA CLASS 9 TO 12",प्रतिभागी,शिक्षक
AA4608,Hirdesh Arya,Bhopal,BERASIA,"23320125506, GOVT HSS SOHAYA CLASS 9 TO 12",प्रतिभागी,शिक्षक
AX1150,Kiran Sonkar,Bhopal,BERASIA,"23320125506, GOVT HSS SOHAYA CLASS 9 TO 12",प्रतिभागी,शिक्षक
BN9601,Tanzeem Bano,Bhopal,BERASIA,"23320125506, GOVT HSS SOHAYA CLASS 9 TO 12",प्रतिभागी,शिक्षक
BY5227,Anita Sharma,Bhopal,BERASIA,"23320125506, GOVT HSS SOHAYA CLASS 9 TO 12",प्रतिभागी,शिक्षक
BY5257,Kirti Bala Bhalavi,Bhopal,BERASIA,"23320125506, GOVT HSS SOHAYA CLASS 9 TO 12",प्रतिभागी,शिक्षक
AA4104,Nitendr Bhargava,Bhopal,BERASIA,"23320129258, GOVT HSS BOYS, BERASIA  CLASS 6 TO 12",प्रतिभागी,शिक्षक
BP3333,Kirti Jatav,Bhopal,BERASIA,"23320129258, GOVT HSS BOYS, BERASIA  CLASS 6 TO 12",प्रतिभागी,शिक्षक
BS6011,Hemant Kumar Chhipa,Bhopal,BERASIA,"23320129258, GOVT HSS BOYS, BERASIA  CLASS 6 TO 12",प्रतिभागी,शिक्षक
BX9873,Ashok Kumar,Bhopal,BERASIA,"23320129258, GOVT HSS BOYS, BERASIA  CLASS 6 TO 12",प्रतिभागी,शिक्षक
BX9934,Hirdesh Kumar Dangi,Bhopal,BERASIA,"23320129258, GOVT HSS BOYS, BERASIA  CLASS 6 TO 12",प्रतिभागी,शिक्षक
AA5308,Mangi Lal Gupta,Bhopal,BERASIA,"23320129259, GOVT HSS GIRLS, SAROJINI NAIDU BERASIA",प्रतिभागी,शिक्षक
BF5237,Pradeep Minj,Bhopal,BERASIA,"23320129259, GOVT HSS GIRLS, SAROJINI NAIDU BERASIA",प्रतिभागी,शिक्षक
BK1169,Jagdish Sahu,Bhopal,BERASIA,"23320129259, GOVT HSS GIRLS, SAROJINI NAIDU BERASIA",प्रतिभागी,शिक्षक
BO4596,Madhu Sahu,Bhopal,BERASIA,"23320129259, GOVT HSS GIRLS, SAROJINI NAIDU BERASIA",प्रतिभागी,शिक्षक
BW7063,Manjlesh Kumar Saxena,Bhopal,BERASIA,"23320129259, GOVT HSS GIRLS, SAROJINI NAIDU BERASIA",प्रतिभागी,शिक्षक
BQ7488,Sarita Lodhi,Bhopal,BERASIA,"23320110008, GOVT HSS GUNGA",प्रतिभागी,शिक्षक
AA4816,Kusum Dubey,Bhopal,BERASIA,"23320110206, GOVT HSS HARRAKHEDA",प्रतिभागी,शिक्षक
AU6124,Rita Varma,Bhopal,BERASIA,"23320110206, GOVT HSS HARRAKHEDA",प्रतिभागी,शिक्षक
BP1120,Rajendra Tiwari,Bhopal,BERASIA,"23320110206, GOVT HSS HARRAKHEDA",प्रतिभागी,शिक्षक
BP1141,Saroj Lodhi,Bhopal,BERASIA,"23320110206, GOVT HSS HARRAKHEDA",प्रतिभागी,शिक्षक
BP3670,Abhay Kumar Gupta,Bhopal,BERASIA,"23320110206, GOVT HSS HARRAKHEDA",प्रतिभागी,शिक्षक
BY6332,Prachi Gupta,Bhopal,BERASIA,"23320110206, GOVT HSS HARRAKHEDA",प्रतिभागी,शिक्षक
AA4054,Bhagavan Singh,Bhopal,BERASIA,"23320117806, GOVT HSS LALARIYA",प्रतिभागी,शिक्षक
AA5086,Prakash Chanda Chakraborty,Bhopal,BERASIA,"23320117806, GOVT HSS LALARIYA",प्रतिभागी,शिक्षक
BK4017,Soudan Singh Ahirwar,Bhopal,BERASIA,"23320117806, GOVT HSS LALARIYA",प्रतिभागी,शिक्षक
BT6694,Narendra Kumar,Bhopal,BERASIA,"23320117806, GOVT HSS LALARIYA",प्रतिभागी,शिक्षक
BY2832,Santosh Kumar Shakya,Bhopal,BERASIA,"23320117806, GOVT HSS LALARIYA",प्रतिभागी,शिक्षक
BY2872,Lakhan Singh Rajput,Bhopal,BERASIA,"23320117806, GOVT HSS LALARIYA",प्रतिभागी,शिक्षक
BR8583,Kumud Kushwaha,Bhopal,BERASIA,"23320120607, GOVT HSS NAJEERABAD",प्रतिभागी,शिक्षक
BU9357,Rahul Sharma,Bhopal,BERASIA,"23320120607, GOVT HSS NAJEERABAD",प्रतिभागी,शिक्षक
BX2602,Mukesh Sen,Bhopal,BERASIA,"23320120607, GOVT HSS NAJEERABAD",प्रतिभागी,शिक्षक
BY1965,Nanak Prasad Ahirwar,Bhopal,BERASIA,"23320120607, GOVT HSS NAJEERABAD",प्रतिभागी,शिक्षक
AQ9683,Lekharam Ravate,Bhopal,BERASIA,"23320124510, GOVT HSS RUNAHA",प्रतिभागी,शिक्षक
BM8328,Mukesh Kumar Chakradhar,Bhopal,BERASIA,"23320124510, GOVT HSS RUNAHA",प्रतिभागी,शिक्षक
BO8179,Karan Singh Jatav,Bhopal,BERASIA,"23320124510, GOVT HSS RUNAHA",प्रतिभागी,शिक्षक
BS4790,Ramakant Singh,Bhopal,BERASIA,"23320124510, GOVT HSS RUNAHA",प्रतिभागी,शिक्षक
AA4752,Narbada Ahirwar,Bhopal,BERASIA,"23320107308, GOVT HS DHAMARRA",प्रतिभागी,शिक्षक
AA4516,Amar Singh Meena,Bhopal,BERASIA,"23320111307, GOVT HS JAMUSAR KALAN",प्रतिभागी,शिक्षक
BU4875,Ramkishan Vishwkarma,Bhopal,BERASIA,"23320111307, GOVT HS JAMUSAR KALAN",प्रतिभागी,शिक्षक
CA6805,RAVINDRA DANGI,Bhopal,BERASIA,"23320111307, GOVT HS JAMUSAR KALAN",प्रतिभागी,शिक्षक
BK3882,Habil Lakda,Bhopal,BERASIA,"23320121306, GOVT HSS NAYSAMAND Class 1 to 12",प्रतिभागी,शिक्षक
BK4105,Ramraj Singh Solanki,Bhopal,BERASIA,"23320121306, GOVT HSS NAYSAMAND Class 1 to 12",प्रतिभागी,शिक्षक
BW6184,Yashwant Singh Meena,Bhopal,BERASIA,"23320121306, GOVT HSS NAYSAMAND Class 1 to 12",प्रतिभागी,शिक्षक
AA4838,Sarita Bai Dangi,Bhopal,PHANDA RURAL,"23320205706, GOVT HSS ENNTKHEDI",प्रतिभागी,शिक्षक
AA5464,Ritu Devaliya,Bhopal,PHANDA RURAL,"23320205706, GOVT HSS ENNTKHEDI",प्रतिभागी,शिक्षक
AL4599,Shailendra Mishra,Bhopal,PHANDA RURAL,"23320205706, GOVT HSS ENNTKHEDI",प्रतिभागी,शिक्षक
AZ9806,Mahesh Kumar Mandre,Bhopal,PHANDA RURAL,"23320205706, GOVT HSS ENNTKHEDI",प्रतिभागी,शिक्षक
BF6132,Pradeepti Jhariya,Bhopal,PHANDA RURAL,"23320205706, GOVT HSS ENNTKHEDI",प्रतिभागी,शिक्षक
BJ8485,Deepti Singh,Bhopal,PHANDA RURAL,"23320205706, GOVT HSS ENNTKHEDI",प्रतिभागी,शिक्षक
BW7473,Kavita Namdeo,Bhopal,PHANDA RURAL,"23320205706, GOVT HSS ENNTKHEDI",प्रतिभागी,शिक्षक
AA2405,Madhuri Solanki,Bhopal,PHANDA RURAL,"23320210507, GOVT HSS MUGALIYA CHHAP",प्रतिभागी,शिक्षक
AA4164,Hemlata Verma,Bhopal,PHANDA RURAL,"23320210507, GOVT HSS MUGALIYA CHHAP",प्रतिभागी,शिक्षक
BD7397,Nidhi Jain,Bhopal,PHANDA RURAL,"23320210507, GOVT HSS MUGALIYA CHHAP",प्रतिभागी,शिक्षक
BP1122,Mukesh Kumar Gour,Bhopal,PHANDA RURAL,"23320210507, GOVT HSS MUGALIYA CHHAP",प्रतिभागी,शिक्षक
BW8274,Deepa Nair,Bhopal,PHANDA RURAL,"23320210507, GOVT HSS MUGALIYA CHHAP",प्रतिभागी,शिक्षक
CB9390,KAVITA SIHARE,Bhopal,PHANDA RURAL,"23320210507, GOVT HSS MUGALIYA CHHAP",प्रतिभागी,शिक्षक
AA4285,Bhavna Rajput,Bhopal,PHANDA RURAL,"23320211603, GOVT HSS PADARIA KACHHI",प्रतिभागी,शिक्षक
AK9503,Neeraja Mishra,Bhopal,PHANDA RURAL,"23320211603, GOVT HSS PADARIA KACHHI",प्रतिभागी,शिक्षक
AT8689,Pratibha Gupta,Bhopal,PHANDA RURAL,"23320211603, GOVT HSS PADARIA KACHHI",प्रतिभागी,शिक्षक
AU2484,Gya Prasad Raikwar,Bhopal,PHANDA RURAL,"23320211603, GOVT HSS PADARIA KACHHI",प्रतिभागी,शिक्षक
AU2799,Jyoti Shakyawar,Bhopal,PHANDA RURAL,"23320211603, GOVT HSS PADARIA KACHHI",प्रतिभागी,शिक्षक
BF6083,Sonali Katare,Bhopal,PHANDA RURAL,"23320211603, GOVT HSS PADARIA KACHHI",प्रतिभागी,शिक्षक
BP3422,Rakhi Lokhande,Bhopal,PHANDA RURAL,"23320211603, GOVT HSS PADARIA KACHHI",प्रतिभागी,शिक्षक
BP3604,Seema Singh Pawar,Bhopal,PHANDA RURAL,"23320211603, GOVT HSS PADARIA KACHHI",प्रतिभागी,शिक्षक
BP3658,Harnam Singh Gurjar,Bhopal,PHANDA RURAL,"23320211603, GOVT HSS PADARIA KACHHI",प्रतिभागी,शिक्षक
BP3675,Lina Shrivastava,Bhopal,PHANDA RURAL,"23320211603, GOVT HSS PADARIA KACHHI",प्रतिभागी,शिक्षक
BP4621,Rakhi Soni,Bhopal,PHANDA RURAL,"23320211603, GOVT HSS PADARIA KACHHI",प्रतिभागी,शिक्षक
BP8261,Pradeep Singh,Bhopal,PHANDA RURAL,"23320211603, GOVT HSS PADARIA KACHHI",प्रतिभागी,शिक्षक
BS6480,Kiran Sailor Manjhi,Bhopal,PHANDA RURAL,"23320211603, GOVT HSS PADARIA KACHHI",प्रतिभागी,शिक्षक
BW5688,Janki Yadav,Bhopal,PHANDA RURAL,"23320211603, GOVT HSS PADARIA KACHHI",प्रतिभागी,शिक्षक
AT3198,Preeti Gautam,Bhopal,PHANDA RURAL,"23320212504, GOVT HSS PARWALIA SADAK",प्रतिभागी,शिक्षक
BQ8551,Rameshwar Singh,Bhopal,PHANDA RURAL,"23320212504, GOVT HSS PARWALIA SADAK",प्रतिभागी,शिक्षक
BW6382,Shikha Jain,Bhopal,PHANDA RURAL,"23320212504, GOVT HSS PARWALIA SADAK",प्रतिभागी,शिक्षक
BW6390,Barkha Khare,Bhopal,PHANDA RURAL,"23320212504, GOVT HSS PARWALIA SADAK",प्रतिभागी,अन्य
AT2094,Dolly Khare,Bhopal,PHANDA RURAL,"23320212709, GOVT HSS MAHARANA PRATAP PHANDA KALAN (HARIHAR NAGAR)",प्रतिभागी,शिक्षक
BD6538,Amita Sahu,Bhopal,PHANDA RURAL,"23320212709, GOVT HSS MAHARANA PRATAP PHANDA KALAN (HARIHAR NAGAR)",प्रतिभागी,शिक्षक
BR8505,Vatsala Sharma Pathak,Bhopal,PHANDA RURAL,"23320212709, GOVT HSS MAHARANA PRATAP PHANDA KALAN (HARIHAR NAGAR)",प्रतिभागी,शिक्षक
BT6863,Geeta Singh Rana,Bhopal,PHANDA RURAL,"23320212709, GOVT HSS MAHARANA PRATAP PHANDA KALAN (HARIHAR NAGAR)",प्रतिभागी,शिक्षक
AT5053,Seema Rajak,Bhopal,PHANDA RURAL,"23320214707, GOVT HSS CHANDR SHEKAHR AZAD RATIBARH",प्रतिभागी,शिक्षक
AT8030,Neelam Rajput,Bhopal,PHANDA RURAL,"23320214707, GOVT HSS CHANDR SHEKAHR AZAD RATIBARH",प्रतिभागी,शिक्षक
BB6697,Rachna Sharma,Bhopal,PHANDA RURAL,"23320214707, GOVT HSS CHANDR SHEKAHR AZAD RATIBARH",प्रतिभागी,शिक्षक
BP4390,Meena Vishwakarma,Bhopal,PHANDA RURAL,"23320214707, GOVT HSS CHANDR SHEKAHR AZAD RATIBARH",प्रतिभागी,शिक्षक
BQ6539,Suresh Kumar Malviya,Bhopal,PHANDA RURAL,"23320214707, GOVT HSS CHANDR SHEKAHR AZAD RATIBARH",प्रतिभागी,शिक्षक
BQ6556,Kiran Vati Bele,Bhopal,PHANDA RURAL,"23320214707, GOVT HSS CHANDR SHEKAHR AZAD RATIBARH",प्रतिभागी,शिक्षक
BT3910,Meenu Saxena,Bhopal,PHANDA RURAL,"23320214707, GOVT HSS CHANDR SHEKAHR AZAD RATIBARH",प्रतिभागी,शिक्षक
AA5906,Nandini Dagaonkar,Bhopal,PHANDA RURAL,"23320216004, GOVT HS MANGAL PANDEY SUKHI SEVANIA",प्रतिभागी,शिक्षक
BS3651,Sunita Singh,Bhopal,PHANDA RURAL,"23320216004, GOVT HS MANGAL PANDEY SUKHI SEVANIA",प्रतिभागी,शिक्षक
BX2760,Priyanka Sharma,Bhopal,PHANDA RURAL,"23320216004, GOVT HS MANGAL PANDEY SUKHI SEVANIA",प्रतिभागी,शिक्षक
BO7522,Suchita Tiwari,Bhopal,PHANDA RURAL,"23320202205, GOVT HSS BAGRODA",प्रतिभागी,शिक्षक
BO7524,Sadhana Mishra,Bhopal,PHANDA RURAL,"23320202205, GOVT HSS BAGRODA",प्रतिभागी,शिक्षक
AB1339,Rajesh Kumar Gound,Bhopal,PHANDA RURAL,"23320211803, GOVT HS NIPANIYA JAAT",प्रतिभागी,शिक्षक
AG8935,Arti Banwari,Bhopal,PHANDA RURAL,"23320211803, GOVT HS NIPANIYA JAAT",प्रतिभागी,शिक्षक
AT9833,Zeenatunisa Kausar,Bhopal,PHANDA RURAL,"23320211803, GOVT HS NIPANIYA JAAT",प्रतिभागी,शिक्षक
AU9388,Bhupendra Sharma,Bhopal,PHANDA RURAL,"23320211803, GOVT HS NIPANIYA JAAT",प्रतिभागी,शिक्षक
BP3591,Manjusha Karnik Singh,Bhopal,PHANDA RURAL,"23320211803, GOVT HS NIPANIYA JAAT",प्रतिभागी,शिक्षक
BP3596,Bhanupratap Sharma,Bhopal,PHANDA RURAL,"23320211803, GOVT HS NIPANIYA JAAT",प्रतिभागी,शिक्षक
BP9316,Prakrati Pawar,Bhopal,PHANDA RURAL,"23320211803, GOVT HS NIPANIYA JAAT",प्रतिभागी,शिक्षक
BT1179,Ramesh Deshmukh,Bhopal,PHANDA RURAL,"23320211803, GOVT HS NIPANIYA JAAT",प्रतिभागी,शिक्षक
BT2594,Anita Choudhary,Bhopal,PHANDA RURAL,"23320211803, GOVT HS NIPANIYA JAAT",प्रतिभागी,शिक्षक
CB3735,NITESH DANGI,Bhopal,PHANDA RURAL,"23320211803, GOVT HS NIPANIYA JAAT",प्रतिभागी,शिक्षक
AA1503,Sushil Kumar Dubey,Bhopal,PHANDA URBAN NEW,"23320300423, GOVT HSS BOYS, BAIRAGARH",प्रतिभागी,शिक्षक
AA1684,Jafar Siddiqui,Bhopal,PHANDA URBAN NEW,"23320300423, GOVT HSS BOYS, BAIRAGARH",प्रतिभागी,शिक्षक
BP7870,Ravindra Bangde,Bhopal,PHANDA URBAN NEW,"23320300423, GOVT HSS BOYS, BAIRAGARH",प्रतिभागी,शिक्षक
BW5284,Baby Vinita Shakar,Bhopal,PHANDA URBAN NEW,"23320300423, GOVT HSS BOYS, BAIRAGARH",प्रतिभागी,शिक्षक
BY5052,Khushboo Keshwani,Bhopal,PHANDA URBAN NEW,"23320300423, GOVT HSS BOYS, BAIRAGARH",प्रतिभागी,शिक्षक
AL9162,Aabha Upadhyay,Bhopal,PHANDA URBAN NEW,"23320302913, GOVT HSS GIRLS, GOVINDPURA, BHEL",प्रतिभागी,शिक्षक
AT8933,Fulgence Ekka,Bhopal,PHANDA URBAN NEW,"23320302913, GOVT HSS GIRLS, GOVINDPURA, BHEL",प्रतिभागी,शिक्षक
BF6049,Harish Nath Pandey,Bhopal,PHANDA URBAN NEW,"23320302913, GOVT HSS GIRLS, GOVINDPURA, BHEL",प्रतिभागी,शिक्षक
BR3153,Kirti Prajapati,Bhopal,PHANDA URBAN NEW,"23320302913, GOVT HSS GIRLS, GOVINDPURA, BHEL",प्रतिभागी,शिक्षक
BY5098,Saman Fatima,Bhopal,PHANDA URBAN NEW,"23320302913, GOVT HSS GIRLS, GOVINDPURA, BHEL",प्रतिभागी,शिक्षक
BY6014,Usha Dashora,Bhopal,PHANDA URBAN NEW,"23320302913, GOVT HSS GIRLS, GOVINDPURA, BHEL",प्रतिभागी,शिक्षक
AL3279,Julee Pathak,Bhopal,PHANDA URBAN NEW,"23320300712, GOVT HSS GIRLS, KASTURBA",प्रतिभागी,शिक्षक
BE8795,Yogesh Vyas,Bhopal,PHANDA URBAN NEW,"23320300712, GOVT HSS GIRLS, KASTURBA",प्रतिभागी,शिक्षक
BO8037,Naveen Kumar Mishra,Bhopal,PHANDA URBAN NEW,"23320300712, GOVT HSS GIRLS, KASTURBA",प्रतिभागी,शिक्षक
BQ2558,Richa Singh,Bhopal,PHANDA URBAN NEW,"23320300712, GOVT HSS GIRLS, KASTURBA",प्रतिभागी,शिक्षक
AA4142,Radha Rani Singh,Bhopal,PHANDA URBAN NEW,"23320303021, GOVT HSS MAHATMA GANDHI BHEL",प्रतिभागी,शिक्षक
BM8309,Yogesh Kumar Lokhande,Bhopal,PHANDA URBAN NEW,"23320303021, GOVT HSS MAHATMA GANDHI BHEL",प्रतिभागी,शिक्षक
BY1972,shubhangi Pandey,Bhopal,PHANDA URBAN NEW,"23320303021, GOVT HSS MAHATMA GANDHI BHEL",प्रतिभागी,शिक्षक
BY6938,Alpana Mishra,Bhopal,PHANDA URBAN NEW,"23320303021, GOVT HSS MAHATMA GANDHI BHEL",प्रतिभागी,शिक्षक
CB1057,NIDHI JHA,Bhopal,PHANDA URBAN NEW,"23320303021, GOVT HSS MAHATMA GANDHI BHEL",प्रतिभागी,शिक्षक
CB3945,SAPNA BHAGAT,Bhopal,PHANDA URBAN NEW,"23320303021, GOVT HSS MAHATMA GANDHI BHEL",प्रतिभागी,शिक्षक
AY5762,Rajul Jain,Bhopal,PHANDA URBAN NEW,"23320302007, GOVT HSS ARERA COLONY NAVEEN (OLD CAMPION)",प्रतिभागी,शिक्षक
BW1254,Neelam Gyani,Bhopal,PHANDA URBAN NEW,"23320302007, GOVT HSS ARERA COLONY NAVEEN (OLD CAMPION)",प्रतिभागी,शिक्षक
BX2672,Anshu Jain,Bhopal,PHANDA URBAN NEW,"23320302007, GOVT HSS ARERA COLONY NAVEEN (OLD CAMPION)",प्रतिभागी,शिक्षक
BY4993,Deepti Sharma,Bhopal,PHANDA URBAN NEW,"23320302007, GOVT HSS ARERA COLONY NAVEEN (OLD CAMPION)",प्रतिभागी,शिक्षक
CB1990,AAKANKSHA BHATT,Bhopal,PHANDA URBAN NEW,"23320302007, GOVT HSS ARERA COLONY NAVEEN (OLD CAMPION)",प्रतिभागी,शिक्षक
CC2937,DIVYA DEWRA,Bhopal,PHANDA URBAN NEW,"23320302007, GOVT HSS ARERA COLONY NAVEEN (OLD CAMPION)",प्रतिभागी,शिक्षक
AT4737,Anjali Shrivastava,Bhopal,PHANDA URBAN NEW,"23320303905, GOVT HSS DR. SHYAMA PRASAD MUKHARJEE KOLAR AKBARPUR",प्रतिभागी,शिक्षक
AU5438,Suman Vijayvargiya,Bhopal,PHANDA URBAN NEW,"23320303905, GOVT HSS DR. SHYAMA PRASAD MUKHARJEE KOLAR AKBARPUR",प्रतिभागी,शिक्षक
AA1239,NAYAB JAHAN,Bhopal,PHANDA URBAN OLD,"23320401926, GOVT HSS GIRLS, BARKHEDI, JAHANGIRABAD",प्रतिभागी,शिक्षक
AA3100,Arti Pachori,Bhopal,PHANDA URBAN OLD,"23320401926, GOVT HSS GIRLS, BARKHEDI, JAHANGIRABAD",प्रतिभागी,शिक्षक
AA3471,Khushnooda Ali,Bhopal,PHANDA URBAN OLD,"23320401926, GOVT HSS GIRLS, BARKHEDI, JAHANGIRABAD",प्रतिभागी,शिक्षक
AF8208,Ranjana Pandey,Bhopal,PHANDA URBAN OLD,"23320401926, GOVT HSS GIRLS, BARKHEDI, JAHANGIRABAD",प्रतिभागी,शिक्षक
BX2674,Preeti Yadav,Bhopal,PHANDA URBAN OLD,"23320401926, GOVT HSS GIRLS, BARKHEDI, JAHANGIRABAD",प्रतिभागी,शिक्षक
AC3017,Asma Bee,Bhopal,PHANDA URBAN OLD,"23320401927, GOVT HSS GIRLS, JAHANGIRABAD",प्रतिभागी,शिक्षक
BU9730,Shweta Mishra,Bhopal,PHANDA URBAN OLD,"23320401927, GOVT HSS GIRLS, JAHANGIRABAD",प्रतिभागी,शिक्षक
BW6417,Anjali Tiwari,Bhopal,PHANDA URBAN OLD,"23320401927, GOVT HSS GIRLS, JAHANGIRABAD",प्रतिभागी,शिक्षक
BY5837,Kusum Kanojiya,Bhopal,PHANDA URBAN OLD,"23320401927, GOVT HSS GIRLS, JAHANGIRABAD",प्रतिभागी,शिक्षक
CD7561,ANJALI GOSWAMI,Bhopal,PHANDA URBAN OLD,"23320401927, GOVT HSS GIRLS, JAHANGIRABAD",प्रतिभागी,शिक्षक
AA1746,Mukesh Chouksey,Bhopal,PHANDA URBAN OLD,"23320402032, GOVT HSS GIRLS, STATION AREA",प्रतिभागी,शिक्षक
AA1872,Lata Batham,Bhopal,PHANDA URBAN OLD,"23320402032, GOVT HSS GIRLS, STATION AREA",प्रतिभागी,शिक्षक
AA3043,Tulasa Barasaiya,Bhopal,PHANDA URBAN OLD,"23320402032, GOVT HSS GIRLS, STATION AREA",प्रतिभागी,शिक्षक
AA4197,Shamim Khan,Bhopal,PHANDA URBAN OLD,"23320402032, GOVT HSS GIRLS, STATION AREA",प्रतिभागी,शिक्षक
AA6758,Divya Badika,Bhopal,PHANDA URBAN OLD,"23320402032, GOVT HSS GIRLS, STATION AREA",प्रतिभागी,शिक्षक
AI5217,Kishwer Jahan,Bhopal,PHANDA URBAN OLD,"23320402032, GOVT HSS GIRLS, STATION AREA",प्रतिभागी,शिक्षक
BE9911,Usha Jain,Bhopal,PHANDA URBAN OLD,"23320402032, GOVT HSS GIRLS, STATION AREA",प्रतिभागी,शिक्षक
BK1111,Arvind Kumar Jain,Bhopal,PHANDA URBAN OLD,"23320402032, GOVT HSS GIRLS, STATION AREA",प्रतिभागी,शिक्षक
BP4277,Rupesh Kumar Deshkar,Bhopal,PHANDA URBAN OLD,"23320402032, GOVT HSS GIRLS, STATION AREA",प्रतिभागी,शिक्षक
BP9957,Aabha Chauhan,Bhopal,PHANDA URBAN OLD,"23320402032, GOVT HSS GIRLS, STATION AREA",प्रतिभागी,शिक्षक
BR3858,Pragya Sahu,Bhopal,PHANDA URBAN OLD,"23320402032, GOVT HSS GIRLS, STATION AREA",प्रतिभागी,शिक्षक
BT1072,Snehlata Uikey,Bhopal,PHANDA URBAN OLD,"23320402032, GOVT HSS GIRLS, STATION AREA",प्रतिभागी,शिक्षक
BU1763,Sangeeta Malviya,Bhopal,PHANDA URBAN OLD,"23320402032, GOVT HSS GIRLS, STATION AREA",प्रतिभागी,शिक्षक
BW6307,Rashmi Tiwari,Bhopal,PHANDA URBAN OLD,"23320402032, GOVT HSS GIRLS, STATION AREA",प्रतिभागी,शिक्षक
BX3590,Suman Kushwaha,Bhopal,PHANDA URBAN OLD,"23320402032, GOVT HSS GIRLS, STATION AREA",प्रतिभागी,शिक्षक
BX7952,Sweta Singhai,Bhopal,PHANDA URBAN OLD,"23320402032, GOVT HSS GIRLS, STATION AREA",प्रतिभागी,शिक्षक
BY3196,Archana Chaturvedi,Bhopal,PHANDA URBAN OLD,"23320402032, GOVT HSS GIRLS, STATION AREA",प्रतिभागी,शिक्षक
BY3320,Geeta Prajapati,Bhopal,PHANDA URBAN OLD,"23320402032, GOVT HSS GIRLS, STATION AREA",प्रतिभागी,शिक्षक
BY4845,Sangeeta Jaiswal,Bhopal,PHANDA URBAN OLD,"23320402032, GOVT HSS GIRLS, STATION AREA",प्रतिभागी,शिक्षक
BY7001,Chandni Jain,Bhopal,PHANDA URBAN OLD,"23320402032, GOVT HSS GIRLS, STATION AREA",प्रतिभागी,शिक्षक
AA6902,Dinesh Pandey,Bhopal,PHANDA URBAN OLD,"23320400516, GOVT HSS GIRLS, SULTANIA",प्रतिभागी,शिक्षक
BA4466,Chandrakala Bharadwaj,Bhopal,PHANDA URBAN OLD,"23320400516, GOVT HSS GIRLS, SULTANIA",प्रतिभागी,शिक्षक
BP3419,Madhu Nema,Bhopal,PHANDA URBAN OLD,"23320400516, GOVT HSS GIRLS, SULTANIA",प्रतिभागी,शिक्षक
BP3567,Asifa Sultan,Bhopal,PHANDA URBAN OLD,"23320400516, GOVT HSS GIRLS, SULTANIA",प्रतिभागी,शिक्षक
BR9863,Kumkum Shakya,Bhopal,PHANDA URBAN OLD,"23320400516, GOVT HSS GIRLS, SULTANIA",प्रतिभागी,शिक्षक
BS3715,Mahnaz Tariq,Bhopal,PHANDA URBAN OLD,"23320400516, GOVT HSS GIRLS, SULTANIA",प्रतिभागी,शिक्षक
AA2228,Sheeba Hashmi,Bhopal,PHANDA URBAN OLD,"23320401127, GOVT HSS BOYS, STATION AREA",प्रतिभागी,शिक्षक
AA3693,Rashmi Chourasia,Bhopal,PHANDA URBAN OLD,"23320401127, GOVT HSS BOYS, STATION AREA",प्रतिभागी,शिक्षक
AG3007,Hina Koushar,Bhopal,PHANDA URBAN OLD,"23320401127, GOVT HSS BOYS, STATION AREA",प्रतिभागी,शिक्षक
BG4669,Aahuti Gupta,Bhopal,PHANDA URBAN OLD,"23320401127, GOVT HSS BOYS, STATION AREA",प्रतिभागी,शिक्षक
BS3706,Akhilesh Chaturvedi,Bhopal,PHANDA URBAN OLD,"23320401127, GOVT HSS BOYS, STATION AREA",प्रतिभागी,शिक्षक
BS9392,Rashmi Jain,Bhopal,PHANDA URBAN OLD,"23320401127, GOVT HSS BOYS, STATION AREA",प्रतिभागी,शिक्षक
BX2676,Savita Saini,Bhopal,PHANDA URBAN OLD,"23320401127, GOVT HSS BOYS, STATION AREA",प्रतिभागी,शिक्षक
AA2863,Sushila Machhiwal,Bhopal,PHANDA URBAN OLD,"23320400636, GOVT HSS NISHATPURA",प्रतिभागी,शिक्षक
AI6540,Pratibha Shukla,Bhopal,PHANDA URBAN OLD,"23320400636, GOVT HSS NISHATPURA",प्रतिभागी,शिक्षक
AT8065,Anjana Shrivastava,Bhopal,PHANDA URBAN OLD,"23320400636, GOVT HSS NISHATPURA",प्रतिभागी,शिक्षक
BF1015,Varsha Chourasia,Bhopal,PHANDA URBAN OLD,"23320400636, GOVT HSS NISHATPURA",प्रतिभागी,शिक्षक
BZ3851,Pratibha Rathore,Bhopal,PHANDA URBAN OLD,"23320400636, GOVT HSS NISHATPURA",प्रतिभागी,शिक्षक
AF4205,Rachana Patil,Burhanpur,BURHANPUR,"23480216806, GOVT. HSS GIRLS, BURHANPUR",प्रतिभागी,शिक्षक
AF4979,Atul Uikey,Burhanpur,BURHANPUR,"23480216806, GOVT. HSS GIRLS, BURHANPUR",प्रतिभागी,शिक्षक
AF5041,Shilpa Mehta,Burhanpur,BURHANPUR,"23480216806, GOVT. HSS GIRLS, BURHANPUR",प्रतिभागी,शिक्षक
9039808050,Mohammed Ikram Ansari ,Burhanpur,BURHANPUR,"23480216504, GOVT. URDU GIRLS HSS HARIRPURA BURHANPUR",प्रतिभागी,शिक्षक
AF2669,Fazlur Rehman,Burhanpur,BURHANPUR,"23480216504, GOVT. URDU GIRLS HSS HARIRPURA BURHANPUR",प्रतिभागी,शिक्षक
AF2926,Bilquis Ansari,Burhanpur,BURHANPUR,"23480216504, GOVT. URDU GIRLS HSS HARIRPURA BURHANPUR",प्रतिभागी,शिक्षक
AF3477,Raisa Khtoon,Burhanpur,BURHANPUR,"23480216504, GOVT. URDU GIRLS HSS HARIRPURA BURHANPUR",प्रतिभागी,शिक्षक
AF3497,Jameela Bano,Burhanpur,BURHANPUR,"23480216504, GOVT. URDU GIRLS HSS HARIRPURA BURHANPUR",प्रतिभागी,शिक्षक
AF3541,Subhash Kasdekar,Burhanpur,BURHANPUR,"23480216504, GOVT. URDU GIRLS HSS HARIRPURA BURHANPUR",प्रतिभागी,शिक्षक
AF3619,Shaheed Ahmed Hasan,Burhanpur,BURHANPUR,"23480216504, GOVT. URDU GIRLS HSS HARIRPURA BURHANPUR",प्रतिभागी,शिक्षक
AF4393,Afroz Bi,Burhanpur,BURHANPUR,"23480216504, GOVT. URDU GIRLS HSS HARIRPURA BURHANPUR",प्रतिभागी,शिक्षक
AF4403,Sushma Kothar,Burhanpur,BURHANPUR,"23480216504, GOVT. URDU GIRLS HSS HARIRPURA BURHANPUR",प्रतिभागी,शिक्षक
AF4404,Hemlata Krishnlal Solanki,Burhanpur,BURHANPUR,"23480216504, GOVT. URDU GIRLS HSS HARIRPURA BURHANPUR",प्रतिभागी,शिक्षक
AO2719,Iftekhar Husain Ansari,Burhanpur,BURHANPUR,"23480216504, GOVT. URDU GIRLS HSS HARIRPURA BURHANPUR",प्रतिभागी,शिक्षक
BT9546,Nazma Farhat,Burhanpur,BURHANPUR,"23480216504, GOVT. URDU GIRLS HSS HARIRPURA BURHANPUR",प्रतिभागी,शिक्षक
BY4291,Shabeena Bano,Burhanpur,BURHANPUR,"23480216504, GOVT. URDU GIRLS HSS HARIRPURA BURHANPUR",प्रतिभागी,शिक्षक
AF2835,Raju Savghade,Burhanpur,BURHANPUR,"23480208806, GOVT. HSS LONI",प्रतिभागी,शिक्षक
AF2839,Kailash Sonwane,Burhanpur,BURHANPUR,"23480208806, GOVT. HSS LONI",प्रतिभागी,शिक्षक
AF2974,Vaishali Rajput,Burhanpur,BURHANPUR,"23480208806, GOVT. HSS LONI",प्रतिभागी,शिक्षक
AF3173,Mohammed Anees,Burhanpur,BURHANPUR,"23480208806, GOVT. HSS LONI",प्रतिभागी,शिक्षक
AF3378,Kaushal Kanasya,Burhanpur,BURHANPUR,"23480208806, GOVT. HSS LONI",प्रतिभागी,शिक्षक
AF3379,Rina Wankhede,Burhanpur,BURHANPUR,"23480208806, GOVT. HSS LONI",प्रतिभागी,शिक्षक
AF3385,Ashish Wani,Burhanpur,BURHANPUR,"23480208806, GOVT. HSS LONI",प्रतिभागी,शिक्षक
AF3389,Anil Mahajan,Burhanpur,BURHANPUR,"23480208806, GOVT. HSS LONI",प्रतिभागी,सीएसी
AF3675,Santosh Bhondekar,Burhanpur,BURHANPUR,"23480208806, GOVT. HSS LONI",प्रतिभागी,शिक्षक
AF4290,Mamta Mahajan,Burhanpur,BURHANPUR,"23480208806, GOVT. HSS LONI",प्रतिभागी,शिक्षक
AF4939,Kamlesh Lokhande,Burhanpur,BURHANPUR,"23480208806, GOVT. HSS LONI",प्रतिभागी,शिक्षक
BP8307,Vaishali Wankhede,Burhanpur,BURHANPUR,"23480208806, GOVT. HSS LONI",प्रतिभागी,शिक्षक
BP8795,Pramila Yawatkar,Burhanpur,BURHANPUR,"23480208806, GOVT. HSS LONI",प्रतिभागी,शिक्षक
BP8797,Archana Nitin Choudhary,Burhanpur,BURHANPUR,"23480208806, GOVT. HSS LONI",प्रतिभागी,शिक्षक
BX9562,Kalpana Hankare,Burhanpur,BURHANPUR,"23480208806, GOVT. HSS LONI",प्रतिभागी,शिक्षक
CE1289,NAYANTARA PATIL,Burhanpur,BURHANPUR,"23480208806, GOVT. HSS LONI",प्रतिभागी,शिक्षक
AF3635,Gajala Khan,Burhanpur,BURHANPUR,"23480206413, GOVT.  HSS ICHHAPUR",प्रतिभागी,शिक्षक
AF4272,Asgar Sahab,Burhanpur,BURHANPUR,"23480206413, GOVT.  HSS ICHHAPUR",प्रतिभागी,शिक्षक
AF5007,Vinod Pandit,Burhanpur,BURHANPUR,"23480206413, GOVT.  HSS ICHHAPUR",प्रतिभागी,शिक्षक
AQ9521,Nutan Salve,Burhanpur,BURHANPUR,"23480206413, GOVT.  HSS ICHHAPUR",प्रतिभागी,शिक्षक
BY2552,Pankaj Awar,Burhanpur,BURHANPUR,"23480206413, GOVT.  HSS ICHHAPUR",प्रतिभागी,शिक्षक
BY3271,Manoj Pawar,Burhanpur,BURHANPUR,"23480206413, GOVT.  HSS ICHHAPUR",प्रतिभागी,शिक्षक
CB9212,RAJSHRI ATRE MUKESH ATRE,Burhanpur,BURHANPUR,"23480206413, GOVT.  HSS ICHHAPUR",प्रतिभागी,शिक्षक
AF3366,Padmakar Bavsakar,Burhanpur,BURHANPUR,"23480218206, GOVT. HSS SHAHPUR",प्रतिभागी,शिक्षक
AF5015,Pandharinath Mahajan,Burhanpur,BURHANPUR,"23480218206, GOVT. HSS SHAHPUR",प्रतिभागी,शिक्षक
AF5016,Ramesh Fayake,Burhanpur,BURHANPUR,"23480218206, GOVT. HSS SHAHPUR",प्रतिभागी,शिक्षक
AF5024,Chhannu Jambeker,Burhanpur,BURHANPUR,"23480218206, GOVT. HSS SHAHPUR",प्रतिभागी,शिक्षक
BU5374,Ravindra Pralhad Patil,Burhanpur,BURHANPUR,"23480218206, GOVT. HSS SHAHPUR",प्रतिभागी,शिक्षक
BY2196,Digambar Choudhary,Burhanpur,BURHANPUR,"23480218206, GOVT. HSS SHAHPUR",प्रतिभागी,शिक्षक
BY4130,Gyaneshwar Patil,Burhanpur,BURHANPUR,"23480218206, GOVT. HSS SHAHPUR",प्रतिभागी,शिक्षक
BY4134,Vidhya Mahajan,Burhanpur,BURHANPUR,"23480218206, GOVT. HSS SHAHPUR",प्रतिभागी,शिक्षक
BY4138,Samadhan Vaman Nayake,Burhanpur,BURHANPUR,"23480218206, GOVT. HSS SHAHPUR",प्रतिभागी,शिक्षक
BY4758,Gyaneshwar Choudhary,Burhanpur,BURHANPUR,"23480218206, GOVT. HSS SHAHPUR",प्रतिभागी,शिक्षक
AF4295,Lalita Patil,Burhanpur,BURHANPUR,"23480204205, GOVT.  HSS DARIAPUR",प्रतिभागी,शिक्षक
AF4335,Santosh Singh Kushwah,Burhanpur,BURHANPUR,"23480204205, GOVT.  HSS DARIAPUR",प्रतिभागी,शिक्षक
AF4966,Shrikrishna Mahajan,Burhanpur,BURHANPUR,"23480204205, GOVT.  HSS DARIAPUR",प्रतिभागी,शिक्षक
AF5000,Santosh Nimbhore,Burhanpur,BURHANPUR,"23480204205, GOVT.  HSS DARIAPUR",प्रतिभागी,शिक्षक
BY3256,Yogesh Ajalsonde,Burhanpur,BURHANPUR,"23480204205, GOVT.  HSS DARIAPUR",प्रतिभागी,शिक्षक
AF3377,Manjula Kishor Jatale,Burhanpur,BURHANPUR,"23480205211, DHANU SHRAWAN MAHAJAN GOVT. HSS PHOPNAR",प्रतिभागी,शिक्षक
AF4768,Raju Satarkar,Burhanpur,BURHANPUR,"23480205211, DHANU SHRAWAN MAHAJAN GOVT. HSS PHOPNAR",प्रतिभागी,शिक्षक
AF5049,Gulabrav Yawatkar,Burhanpur,BURHANPUR,"23480205211, DHANU SHRAWAN MAHAJAN GOVT. HSS PHOPNAR",प्रतिभागी,शिक्षक
CD7074,SHAMKANT CHAUDHARI,Burhanpur,BURHANPUR,"23480205211, DHANU SHRAWAN MAHAJAN GOVT. HSS PHOPNAR",प्रतिभागी,शिक्षक
AF3251,Shyam Singh Dangode,Burhanpur,BURHANPUR,"23480200510, GOVT. HS AMBA",प्रतिभागी,शिक्षक
AF3300,Lalsingh Devre,Burhanpur,BURHANPUR,"23480200510, GOVT. HS AMBA",प्रतिभागी,शिक्षक
BZ6820,Ashish Walde,Burhanpur,BURHANPUR,"23480200510, GOVT. HS AMBA",प्रतिभागी,शिक्षक
CE1303,JITENDRA BAMNIYA,Burhanpur,BURHANPUR,"23480200510, GOVT. HS AMBA",प्रतिभागी,शिक्षक
BY2197,Balu Dandge,Burhanpur,BURHANPUR,"23480202809, GOVT.  HSS BORI BUJURG",प्रतिभागी,शिक्षक
BY4964,Baliram Barela,Burhanpur,BURHANPUR,"23480202809, GOVT.  HSS BORI BUJURG",प्रतिभागी,सीएसी
AF3122,Sukhlal Bamniya,Burhanpur,BURHANPUR,"23480204815, GOVT. HSS EXCELLENCE , DHULKOT",प्रतिभागी,शिक्षक
AF3344,Rohit Dawre,Burhanpur,BURHANPUR,"23480204815, GOVT. HSS EXCELLENCE , DHULKOT",प्रतिभागी,शिक्षक
AF3112,Kavita Patil,Burhanpur,BURHANPUR,"23480210407, GOVT.  HSS NIMBOLA",प्रतिभागी,शिक्षक
AF3200,Hiralal Tulaskar,Burhanpur,BURHANPUR,"23480210407, GOVT.  HSS NIMBOLA",प्रतिभागी,शिक्षक
AF4728,Archana Gokul Patil,Burhanpur,BURHANPUR,"23480210407, GOVT.  HSS NIMBOLA",प्रतिभागी,शिक्षक
CB9231,DILIP GOYAL,Burhanpur,BURHANPUR,"23480210407, GOVT.  HSS NIMBOLA",प्रतिभागी,शिक्षक
CD7055,PRESHIT MESHRAM,Burhanpur,BURHANPUR,"23480210407, GOVT.  HSS NIMBOLA",प्रतिभागी,शिक्षक
CD7056,MUKESH MANDLOI,Burhanpur,BURHANPUR,"23480210407, GOVT.  HSS NIMBOLA",प्रतिभागी,शिक्षक
AF4267,Vishnu Mahajan,Burhanpur,BURHANPUR,"23480202506, GOVT.  HSS BODARLI",प्रतिभागी,शिक्षक
BR1065,Devanand Mahajan,Burhanpur,BURHANPUR,"23480202506, GOVT.  HSS BODARLI",प्रतिभागी,शिक्षक
BX8227,Suresh Duba Rathod,Burhanpur,BURHANPUR,"23480202506, GOVT.  HSS BODARLI",प्रतिभागी,शिक्षक
BX9574,Sunil Aananda Bari,Burhanpur,BURHANPUR,"23480202506, GOVT.  HSS BODARLI",प्रतिभागी,शिक्षक
AF3928,Dinkar Dagdu Wankhede,Burhanpur,KHAKNAR,"23480500206, GOVT. HSS AMBADA",प्रतिभागी,शिक्षक
AF3930,Vijay Basantrao Pawar,Burhanpur,KHAKNAR,"23480500206, GOVT. HSS AMBADA",प्रतिभागी,शिक्षक
AD7985,Dashrath Singh Chouhan,Burhanpur,KHAKNAR,"23480514602, GOVT.  HSS  BHATKHEDA",प्रतिभागी,शिक्षक
AF3595,Dhannalal Rathve,Burhanpur,KHAKNAR,"23480514602, GOVT.  HSS  BHATKHEDA",प्रतिभागी,शिक्षक
AF4458,Hariom Nagle,Burhanpur,KHAKNAR,"23480514602, GOVT.  HSS  BHATKHEDA",प्रतिभागी,शिक्षक
CB1808,ANAND DANGODE,Burhanpur,KHAKNAR,"23480514602, GOVT.  HSS  BHATKHEDA",प्रतिभागी,शिक्षक
AF3823,Raju Patil,Burhanpur,KHAKNAR,"23480503109, GOVT. HSS DEDTALAI",प्रतिभागी,शिक्षक
AF3726,Dhanraj Ananda Chouhan,Burhanpur,KHAKNAR,"23480506206, GOVT. HSS EXCELLENCE, KHAKNAR",प्रतिभागी,शिक्षक
AF3987,Narmada Markam,Burhanpur,KHAKNAR,"23480506206, GOVT. HSS EXCELLENCE, KHAKNAR",प्रतिभागी,शिक्षक
BY3735,Dilip Mahajan,Burhanpur,KHAKNAR,"23480506206, GOVT. HSS EXCELLENCE, KHAKNAR",प्रतिभागी,शिक्षक
BY4066,Radhika Patil,Burhanpur,KHAKNAR,"23480506206, GOVT. HSS EXCELLENCE, KHAKNAR",प्रतिभागी,शिक्षक
BY7862,Vinod Dhivre,Burhanpur,KHAKNAR,"23480506206, GOVT. HSS EXCELLENCE, KHAKNAR",प्रतिभागी,शिक्षक
CC7001,VARSHA GUPTA,Burhanpur,KHAKNAR,"23480506206, GOVT. HSS EXCELLENCE, KHAKNAR",प्रतिभागी,शिक्षक
CC7005,KIRTI MEHRA,Burhanpur,KHAKNAR,"23480506206, GOVT. HSS EXCELLENCE, KHAKNAR",प्रतिभागी,शिक्षक
AF3751,Dariyavsingh Chouhan,Burhanpur,KHAKNAR,"23480508007, GOVT. HSS NAVARA",प्रतिभागी,शिक्षक
AF3993,Subhash Sarage,Burhanpur,KHAKNAR,"23480508007, GOVT. HSS NAVARA",प्रतिभागी,शिक्षक
AF4144,Kailash Chandra Gangarekar,Burhanpur,KHAKNAR,"23480508007, GOVT. HSS NAVARA",प्रतिभागी,शिक्षक
BY7858,Kailash Choudhary,Burhanpur,KHAKNAR,"23480508007, GOVT. HSS NAVARA",प्रतिभागी,शिक्षक
AF3599,Sunita Mandle,Burhanpur,KHAKNAR,"23480514902, GOVT. HSS NEPANAGAR",प्रतिभागी,शिक्षक
AF3691,Pushpa Nagwanshi,Burhanpur,KHAKNAR,"23480514902, GOVT. HSS NEPANAGAR",प्रतिभागी,शिक्षक
BT7725,Khagendra Thakur,Burhanpur,KHAKNAR,"23480514902, GOVT. HSS NEPANAGAR",प्रतिभागी,शिक्षक
BR9821,SHAIKH RASHID,Burhanpur,KHAKNAR,"23480512410, GOVT.  HSS SIRPUR",प्रतिभागी,शिक्षक
BY7857,Ajay Wankhede,Burhanpur,KHAKNAR,"23480512410, GOVT.  HSS SIRPUR",प्रतिभागी,शिक्षक
AF3833,Jawaharlal Salve,Burhanpur,KHAKNAR,"23480513109, GOVT.  HSS TUKAITHAD",प्रतिभागी,शिक्षक
BZ1228,Arti Vaidya,Burhanpur,KHAKNAR,"23480513109, GOVT.  HSS TUKAITHAD",प्रतिभागी,शिक्षक
AF6344,Amit Kumar Prajapati,Chhatarpur,BADAMALAHARA,"23090107604, GOVT. HS MAHARAJGANJ",प्रतिभागी,शिक्षक
AF8068,Meena Upadhyay,Chhatarpur,BADAMALAHARA,"23090107604, GOVT. HS MAHARAJGANJ",प्रतिभागी,शिक्षक
BX7980,Jay Kumar Asati,Chhatarpur,BADAMALAHARA,"23090107604, GOVT. HS MAHARAJGANJ",प्रतिभागी,शिक्षक
CD2496,KIRTI PATERIYA,Chhatarpur,BADAMALAHARA,"23090107604, GOVT. HS MAHARAJGANJ",प्रतिभागी,शिक्षक
CE2933,MANISHA NAMDEV,Chhatarpur,BADAMALAHARA,"23090107604, GOVT. HS MAHARAJGANJ",प्रतिभागी,शिक्षक
CE3292,KUMARI DIPIKA BORKER,Chhatarpur,BADAMALAHARA,"23090107604, GOVT. HS MAHARAJGANJ",प्रतिभागी,शिक्षक
CE4270,SATENDRA KUMAR,Chhatarpur,BADAMALAHARA,"23090107604, GOVT. HS MAHARAJGANJ",प्रतिभागी,शिक्षक
AF6347,Sukhlal Ahirwar,Chhatarpur,BADAMALAHARA,"23090105908, GOVT. HS SENDHPA",प्रतिभागी,शिक्षक
AF6572,Vijay Kumar Mishra,Chhatarpur,BADAMALAHARA,"23090105908, GOVT. HS SENDHPA",प्रतिभागी,शिक्षक
AF7888,Ramgopal Nayak,Chhatarpur,BADAMALAHARA,"23090105908, GOVT. HS SENDHPA",प्रतिभागी,शिक्षक
AF8049,Suneeta Dwivedi,Chhatarpur,BADAMALAHARA,"23090105908, GOVT. HS SENDHPA",प्रतिभागी,शिक्षक
CD1975,MOHAN LAL SUTRAKAR,Chhatarpur,BADAMALAHARA,"23090105908, GOVT. HS SENDHPA",प्रतिभागी,शिक्षक
BQ8856,Ram Sevak Vishwakarma,Chhatarpur,BADAMALAHARA,"23090107304, GOVT. HS SIMARIYA",प्रतिभागी,शिक्षक
AF7799,Ram Kali Sour,Chhatarpur,BADAMALAHARA,"23090101820, GOVT. HSS BOYS BADAMALEHRA",प्रतिभागी,शिक्षक
BR1516,Kadora Ahirwar,Chhatarpur,BADAMALAHARA,"23090101820, GOVT. HSS BOYS BADAMALEHRA",प्रतिभागी,शिक्षक
8602382013,Parwati  Soni ,Chhatarpur,BADAMALAHARA,"23090111416, GOVT. HSS GHUWARA",प्रतिभागी,शिक्षक
8959704992,Ramnaresh  Tiwari ,Chhatarpur,BADAMALAHARA,"23090111416, GOVT. HSS GHUWARA",प्रतिभागी,शिक्षक
9755116016,Mukesh  Ahirwar ,Chhatarpur,BADAMALAHARA,"23090111416, GOVT. HSS GHUWARA",प्रतिभागी,शिक्षक
AF6385,Ramprasad Lodhi,Chhatarpur,BADAMALAHARA,"23090111416, GOVT. HSS GHUWARA",प्रतिभागी,शिक्षक
AF7585,Thoban Lal Ahirwar,Chhatarpur,BADAMALAHARA,"23090111416, GOVT. HSS GHUWARA",प्रतिभागी,शिक्षक
AF7613,Phool Singh Ghoshi,Chhatarpur,BADAMALAHARA,"23090111416, GOVT. HSS GHUWARA",प्रतिभागी,शिक्षक
AF7948,Majboot Singh Bundela,Chhatarpur,BADAMALAHARA,"23090111416, GOVT. HSS GHUWARA",प्रतिभागी,शिक्षक
AF6223,Rekha Ahirwar,Chhatarpur,BADAMALAHARA,"23090101821, GOVT. HSS GIRLS BADAMALEHRA",प्रतिभागी,शिक्षक
AF7930,Pushpendra Kumar Tiwari,Chhatarpur,BADAMALAHARA,"23090101821, GOVT. HSS GIRLS BADAMALEHRA",प्रतिभागी,शिक्षक
BD1049,Narendra Kumar Jain,Chhatarpur,BADAMALAHARA,"23090101821, GOVT. HSS GIRLS BADAMALEHRA",प्रतिभागी,शिक्षक
AF6373,Phoola Devi Lodhi,Chhatarpur,BADAMALAHARA,"23090113807, GOVT. HSS BAMNORA KALAN",प्रतिभागी,शिक्षक
AF6380,Mery Goreti Kerketta,Chhatarpur,BADAMALAHARA,"23090113807, GOVT. HSS BAMNORA KALAN",प्रतिभागी,शिक्षक
AF6448,Ajuddi Lal Ahirwar,Chhatarpur,BADAMALAHARA,"23090113807, GOVT. HSS BAMNORA KALAN",प्रतिभागी,शिक्षक
AF7637,Rupesh Kumar Khre,Chhatarpur,BADAMALAHARA,"23090113807, GOVT. HSS BAMNORA KALAN",प्रतिभागी,शिक्षक
AF8055,Ravindra Singh Bundela,Chhatarpur,BADAMALAHARA,"23090113807, GOVT. HSS BAMNORA KALAN",प्रतिभागी,शिक्षक
CE7736,KRASHN TIWARI,Chhatarpur,BADAMALAHARA,"23090113807, GOVT. HSS BAMNORA KALAN",प्रतिभागी,शिक्षक
8435403082,Shubham  Dixit ,Chhatarpur,BADAMALAHARA,"23090105606, GOVT. HSS BANDHA",प्रतिभागी,शिक्षक
AF7709,Jugal Kishor Sahu,Chhatarpur,BADAMALAHARA,"23090105606, GOVT. HSS BANDHA",प्रतिभागी,शिक्षक
7987486556,Prashant  Verma ,Chhatarpur,BADAMALAHARA,"23090108911, GOVT. HSS BHAGWA",प्रतिभागी,शिक्षक
9752631706,Rajendra Pratap Singh ,Chhatarpur,BADAMALAHARA,"23090108911, GOVT. HSS BHAGWA",प्रतिभागी,शिक्षक
CB2297,SHIV AHIRWAR,Chhatarpur,BADAMALAHARA,"23090108911, GOVT. HSS BHAGWA",प्रतिभागी,शिक्षक
AF6646,Guljar Singh,Chhatarpur,BADAMALAHARA,"23090111417, GOVT. HSS GIRLS GHUWARA",प्रतिभागी,शिक्षक
AF6710,Brijesh Kumar Namdeo,Chhatarpur,BADAMALAHARA,"23090111417, GOVT. HSS GIRLS GHUWARA",प्रतिभागी,शिक्षक
CD1022,RAMBACHAN KUSHWAHA,Chhatarpur,BADAMALAHARA,"23090111417, GOVT. HSS GIRLS GHUWARA",प्रतिभागी,शिक्षक
AF9659,Sudha Yadav,Chhatarpur,BARIGARH,"23090409414, GOVT. GIRLS HS BARIGARH",प्रतिभागी,शिक्षक
AG1225,Devideen Pal,Chhatarpur,BARIGARH,"23090409414, GOVT. GIRLS HS BARIGARH",प्रतिभागी,शिक्षक
AG1261,Laxmi Verma,Chhatarpur,BARIGARH,"23090409414, GOVT. GIRLS HS BARIGARH",प्रतिभागी,शिक्षक
AG1322,Shivlal Prajapati,Chhatarpur,BARIGARH,"23090406307, GOVT. HSS KHADDI",प्रतिभागी,शिक्षक
AG1464,Ashok Kumar Prajapati,Chhatarpur,BARIGARH,"23090406307, GOVT. HSS KHADDI",प्रतिभागी,शिक्षक
AT1416,Suresh Kumar Gupta,Chhatarpur,BARIGARH,"23090406307, GOVT. HSS KHADDI",प्रतिभागी,शिक्षक
AF9860,Dayaram Pal,Chhatarpur,BARIGARH,"23090403105, GOVT. HS KITPURA",प्रतिभागी,शिक्षक
BS4122,Kailash Chandra,Chhatarpur,BARIGARH,"23090403105, GOVT. HS KITPURA",प्रतिभागी,शिक्षक
CC8972,RAKESH YADAV,Chhatarpur,BARIGARH,"23090403105, GOVT. HS KITPURA",प्रतिभागी,शिक्षक
AF9642,Gayatri Chaurasiya,Chhatarpur,BARIGARH,"23090409415, GOVT. HSS EXCELLENCE BARIGARH",प्रतिभागी,शिक्षक
BQ3248,RAMSWAROOP ANURAGI,Chhatarpur,BARIGARH,"23090409415, GOVT. HSS EXCELLENCE BARIGARH",प्रतिभागी,शिक्षक
BX3048,Rama Shankar Patel,Chhatarpur,BARIGARH,"23090402609, GOVT. HSS GAURIHAR",प्रतिभागी,शिक्षक
AG1132,Babulal Kol,Chhatarpur,BARIGARH,"23090412611, GOVT. HSS SARBAI",प्रतिभागी,शिक्षक
AG1290,Ram Pratap Mishra,Chhatarpur,BARIGARH,"23090412611, GOVT. HSS SARBAI",प्रतिभागी,शिक्षक
AG1291,Ram Naresh Patel,Chhatarpur,BARIGARH,"23090412611, GOVT. HSS SARBAI",प्रतिभागी,शिक्षक
BX6203,Muhammad Jaheer,Chhatarpur,BARIGARH,"23090412611, GOVT. HSS SARBAI",प्रतिभागी,शिक्षक
8982729047,Akash Kumar Vishwakarma ,Chhatarpur,BIJAWAR,"23090300230, GOVT. BOYS HSS BIJAWAR",प्रतिभागी,शिक्षक
AF8499,Sanjay Sansiya,Chhatarpur,BIJAWAR,"23090300230, GOVT. BOYS HSS BIJAWAR",प्रतिभागी,शिक्षक
AG3865,Balkishun Prajapati,Chhatarpur,BIJAWAR,"23090300230, GOVT. BOYS HSS BIJAWAR",प्रतिभागी,शिक्षक
CD1017,DEVENDRA RAY,Chhatarpur,BIJAWAR,"23090300230, GOVT. BOYS HSS BIJAWAR",प्रतिभागी,शिक्षक
AF8291,Kalpana Tomar,Chhatarpur,BIJAWAR,"23090300231, GOVT. HSS GIRLS BIJAWAR",प्रतिभागी,शिक्षक
AF8558,Sandhya Gupta,Chhatarpur,BIJAWAR,"23090300231, GOVT. HSS GIRLS BIJAWAR",प्रतिभागी,शिक्षक
AF8593,Ajay Kumar Gupta,Chhatarpur,BIJAWAR,"23090300231, GOVT. HSS GIRLS BIJAWAR",प्रतिभागी,शिक्षक
AF9245,Ishrat Parveen,Chhatarpur,BIJAWAR,"23090300231, GOVT. HSS GIRLS BIJAWAR",प्रतिभागी,शिक्षक
AF8575,Ravindra Kumar Niranjan,Chhatarpur,BIJAWAR,"23090307711, GOVT. HSS ANGORE",प्रतिभागी,शिक्षक
7400504291,Rahul  Verma ,Chhatarpur,BIJAWAR,"23090301903, GOVT. HSS KHERAKALA",प्रतिभागी,अन्य
7773079659,Krishna Kant Panday ,Chhatarpur,BIJAWAR,"23090301903, GOVT. HSS KHERAKALA",प्रतिभागी,अन्य
9179986060,Sushil Kumar Pandey ,Chhatarpur,BIJAWAR,"23090301903, GOVT. HSS KHERAKALA",प्रतिभागी,अन्य
9752209538,Jugal Kishor Raikwar ,Chhatarpur,BIJAWAR,"23090301903, GOVT. HSS KHERAKALA",प्रतिभागी,अन्य
9770014976,Laxmikant  Pandey ,Chhatarpur,BIJAWAR,"23090301903, GOVT. HSS KHERAKALA",प्रतिभागी,अन्य
AF8403,Prabhulal Verma,Chhatarpur,BIJAWAR,"23090301903, GOVT. HSS KHERAKALA",प्रतिभागी,शिक्षक
BW8217,Anita Jha,Chhatarpur,BIJAWAR,"23090301903, GOVT. HSS KHERAKALA",प्रतिभागी,शिक्षक
7354552043,Pawan Kumar Chanpuriya ,Chhatarpur,BIJAWAR,"23090302608, GOVT. HSS GIRLS  KISHANGARH",प्रतिभागी,शिक्षक
7805831437,Sonu  Ahirwar ,Chhatarpur,BIJAWAR,"23090302608, GOVT. HSS GIRLS  KISHANGARH",प्रतिभागी,अन्य
8085828156,Rohit Khare   ,Chhatarpur,BIJAWAR,"23090302608, GOVT. HSS GIRLS  KISHANGARH",प्रतिभागी,अन्य
8516842772,Khushbu Jain   ,Chhatarpur,BIJAWAR,"23090302608, GOVT. HSS GIRLS  KISHANGARH",प्रतिभागी,शिक्षक
8819077347,Imran  Khan ,Chhatarpur,BIJAWAR,"23090302608, GOVT. HSS GIRLS  KISHANGARH",प्रतिभागी,शिक्षक
9340484282,Raju  Balmik ,Chhatarpur,BIJAWAR,"23090302608, GOVT. HSS GIRLS  KISHANGARH",प्रतिभागी,शिक्षक
9399042663,Rakhi  Gupta ,Chhatarpur,BIJAWAR,"23090302608, GOVT. HSS GIRLS  KISHANGARH",प्रतिभागी,शिक्षक
9713092572,Ashish  Khare ,Chhatarpur,BIJAWAR,"23090302608, GOVT. HSS GIRLS  KISHANGARH",प्रतिभागी,अन्य
AF8429,Rasulan Begam,Chhatarpur,BIJAWAR,"23090302608, GOVT. HSS GIRLS  KISHANGARH",प्रतिभागी,शिक्षक
AF8552,Kavita Gohe,Chhatarpur,BIJAWAR,"23090302608, GOVT. HSS GIRLS  KISHANGARH",प्रतिभागी,शिक्षक
AF8568,Manjusha Jain,Chhatarpur,BIJAWAR,"23090302608, GOVT. HSS GIRLS  KISHANGARH",प्रतिभागी,शिक्षक
AG3875,Nand Ram Patel,Chhatarpur,BIJAWAR,"23090302608, GOVT. HSS GIRLS  KISHANGARH",प्रतिभागी,शिक्षक
CD2749,GULSHAN AHIRWAR,Chhatarpur,BIJAWAR,"23090302608, GOVT. HSS GIRLS  KISHANGARH",प्रतिभागी,शिक्षक
CE1663,MEGHA SONI,Chhatarpur,BIJAWAR,"23090302608, GOVT. HSS GIRLS  KISHANGARH",प्रतिभागी,शिक्षक
AF8286,Bhagirath Ahirwar,Chhatarpur,BIJAWAR,"23090303806, GOVT HSS PIPAT PANAGAR",प्रतिभागी,शिक्षक
AX1886,Sukhnandan Prajapati,Chhatarpur,BIJAWAR,"23090303806, GOVT HSS PIPAT PANAGAR",प्रतिभागी,शिक्षक
BY1836,Brij Gopal Patel,Chhatarpur,BIJAWAR,"23090303806, GOVT HSS PIPAT PANAGAR",प्रतिभागी,शिक्षक
AF5333,Rakesh Kumar Patel,Chhatarpur,BIJAWAR,"23090304414, GOVT. HSS SATAI",प्रतिभागी,शिक्षक
AF6784,Sadhana Chaurasia,Chhatarpur,BIJAWAR,"23090304414, GOVT. HSS SATAI",प्रतिभागी,शिक्षक
AF7069,Laxman Das Ahirwar,Chhatarpur,BIJAWAR,"23090304414, GOVT. HSS SATAI",प्रतिभागी,शिक्षक
AF7071,Narendra Kumar Patel,Chhatarpur,BIJAWAR,"23090304414, GOVT. HSS SATAI",प्रतिभागी,शिक्षक
AF8559,Ramsevak Raikwaar,Chhatarpur,BIJAWAR,"23090304414, GOVT. HSS SATAI",प्रतिभागी,शिक्षक
AG3885,Maniram Kushwaha,Chhatarpur,BIJAWAR,"23090304414, GOVT. HSS SATAI",प्रतिभागी,अन्य
AG3887,Arjun Lal Yadav,Chhatarpur,BIJAWAR,"23090304414, GOVT. HSS SATAI",प्रतिभागी,शिक्षक
BR9420,Rajkumar Nayak,Chhatarpur,BIJAWAR,"23090304414, GOVT. HSS SATAI",प्रतिभागी,शिक्षक
BS9331,Akhilesh Kumar Sharma,Chhatarpur,BIJAWAR,"23090304414, GOVT. HSS SATAI",प्रतिभागी,शिक्षक
BU6534,Balchand Pal,Chhatarpur,BIJAWAR,"23090304414, GOVT. HSS SATAI",प्रतिभागी,शिक्षक
BY5130,Vivek Jain,Chhatarpur,BUXWAHA,"23090204705, GOVT. HSS DARGUWA",प्रतिभागी,शिक्षक
BY5291,Omprakash Pachauri,Chhatarpur,BUXWAHA,"23090201104, GOVT. HS NIWAR",प्रतिभागी,शिक्षक
AF5814,Gyadeen Prajapati,Chhatarpur,BUXWAHA,"23090206710, GOVT. HSS BAJNA",प्रतिभागी,शिक्षक
AF6013,Komal Prasad Ahirwar,Chhatarpur,BUXWAHA,"23090205207, GOVT. HSS BAMHORI",प्रतिभागी,शिक्षक
AF6036,Abdul Hamid Khan,Chhatarpur,BUXWAHA,"23090205207, GOVT. HSS BAMHORI",प्रतिभागी,शिक्षक
AF6084,Vishnu Prasad Maravi,Chhatarpur,BUXWAHA,"23090205207, GOVT. HSS BAMHORI",प्रतिभागी,शिक्षक
AF6135,Rajkumar Pandey,Chhatarpur,BUXWAHA,"23090205207, GOVT. HSS BAMHORI",प्रतिभागी,शिक्षक
BU5301,Aman Singh Lodhi,Chhatarpur,BUXWAHA,"23090205207, GOVT. HSS BAMHORI",प्रतिभागी,शिक्षक
AF5806,Mahesh Prasad Ahirwar,Chhatarpur,BUXWAHA,"23090202317, GOVT HSS EXCELLANCE BUXWAHA",प्रतिभागी,शिक्षक
AF6124,Vishnu Prasaad Swami,Chhatarpur,BUXWAHA,"23090202317, GOVT HSS EXCELLANCE BUXWAHA",प्रतिभागी,शिक्षक
AF7062,Chandrapal Singh Bundela,Chhatarpur,ISHANAGAAR,"23090509203, GOVT. HSS BRAJPURA",प्रतिभागी,शिक्षक
AF7080,Shailendra Singh Bundela,Chhatarpur,ISHANAGAAR,"23090509203, GOVT. HSS BRAJPURA",प्रतिभागी,शिक्षक
AF7106,Rajendra Prasad Shukla,Chhatarpur,ISHANAGAAR,"23090509203, GOVT. HSS BRAJPURA",प्रतिभागी,शिक्षक
AL9170,Narendra Kumar Mishra,Chhatarpur,ISHANAGAAR,"23090509203, GOVT. HSS BRAJPURA",प्रतिभागी,शिक्षक
AF8554,Shalig Ram Garg,Chhatarpur,ISHANAGAAR,"23090502005, GOVT. HSS DHARARI",प्रतिभागी,शिक्षक
BX8321,Dadu Prasad Rajpoot,Chhatarpur,ISHANAGAAR,"23090502005, GOVT. HSS DHARARI",प्रतिभागी,शिक्षक
BZ2437,Anuruddh Kumar Mishra,Chhatarpur,ISHANAGAAR,"23090502005, GOVT. HSS DHARARI",प्रतिभागी,शिक्षक
AF6215,Yadvendra Singh Yadav,Chhatarpur,ISHANAGAAR,"23090512208, GOVT. HSS MAATGUWA",प्रतिभागी,शिक्षक
AF7160,Rampal Watti,Chhatarpur,ISHANAGAAR,"23090512208, GOVT. HSS MAATGUWA",प्रतिभागी,शिक्षक
AF7586,Mukesh Kumar Shrivastava,Chhatarpur,ISHANAGAAR,"23090512208, GOVT. HSS MAATGUWA",प्रतिभागी,शिक्षक
AF8412,Chandra Shekhar Chaurasiya,Chhatarpur,ISHANAGAAR,"23090512208, GOVT. HSS MAATGUWA",प्रतिभागी,शिक्षक
AG3952,BABITA RAIKWAR,Chhatarpur,ISHANAGAAR,"23090512208, GOVT. HSS MAATGUWA",प्रतिभागी,शिक्षक
AT1614,Santosh Kumar Gangele,Chhatarpur,ISHANAGAAR,"23090512208, GOVT. HSS MAATGUWA",प्रतिभागी,शिक्षक
BK1652,Ramlali Singh,Chhatarpur,ISHANAGAAR,"23090512208, GOVT. HSS MAATGUWA",प्रतिभागी,शिक्षक
CD1224,NEHA AGRAWAL,Chhatarpur,ISHANAGAAR,"23090512208, GOVT. HSS MAATGUWA",प्रतिभागी,शिक्षक
AF6742,Aziz Mohammad,Chhatarpur,ISHANAGAAR,"23090500103, GOVT. HS PADARIYA",प्रतिभागी,शिक्षक
AF6944,Manoj Jain,Chhatarpur,ISHANAGAAR,"23090500103, GOVT. HS PADARIYA",प्रतिभागी,शिक्षक
AF7504,Damianti Tirkey,Chhatarpur,ISHANAGAAR,"23090500103, GOVT. HS PADARIYA",प्रतिभागी,शिक्षक
BU3555,Raja Bhaiya Prajapati,Chhatarpur,ISHANAGAAR,"23090500103, GOVT. HS PADARIYA",प्रतिभागी,शिक्षक
BY2389,Binod Kumar Bharti,Chhatarpur,ISHANAGAAR,"23090500103, GOVT. HS PADARIYA",प्रतिभागी,शिक्षक
AF5349,Devendra Kumar Gautam,Chhatarpur,ISHANAGAAR,"23090510804, GOVT. HSS SALAIYA",प्रतिभागी,शिक्षक
AF5524,Satish Dev Chaurasia,Chhatarpur,ISHANAGAAR,"23090510804, GOVT. HSS SALAIYA",प्रतिभागी,शिक्षक
AF8052,Dharmendra Kumar Chaturvedi,Chhatarpur,ISHANAGAAR,"23090510804, GOVT. HSS SALAIYA",प्रतिभागी,शिक्षक
AF9243,Shailendra Kumar Tamrakar,Chhatarpur,ISHANAGAAR,"23090510804, GOVT. HSS SALAIYA",प्रतिभागी,शिक्षक
AG3190,Ram Kumari Pathak,Chhatarpur,ISHANAGAAR,"23090510804, GOVT. HSS SALAIYA",प्रतिभागी,शिक्षक
AG3931,Sarita Richhariya,Chhatarpur,ISHANAGAAR,"23090510804, GOVT. HSS SALAIYA",प्रतिभागी,शिक्षक
AT2131,Dileep Kumar Lakher,Chhatarpur,ISHANAGAAR,"23090510804, GOVT. HSS SALAIYA",प्रतिभागी,शिक्षक
BB8540,Bhawanideen Ahirwar,Chhatarpur,ISHANAGAAR,"23090510804, GOVT. HSS SALAIYA",प्रतिभागी,शिक्षक
BJ4934,Ram Kumar Rawat,Chhatarpur,ISHANAGAAR,"23090510804, GOVT. HSS SALAIYA",प्रतिभागी,शिक्षक
CC2775,RAGHVENDRA VIDUA,Chhatarpur,ISHANAGAAR,"23090510804, GOVT. HSS SALAIYA",प्रतिभागी,शिक्षक
AF5336,Jagram Prajapati,Chhatarpur,ISHANAGAAR,"23090529436, GOVT. HSS HATWARA, CHP",प्रतिभागी,शिक्षक
AF5366,Sudheer Kumar Chaurasia,Chhatarpur,ISHANAGAAR,"23090529436, GOVT. HSS HATWARA, CHP",प्रतिभागी,शिक्षक
AF6437,Mamta Kushwaha,Chhatarpur,ISHANAGAAR,"23090529436, GOVT. HSS HATWARA, CHP",प्रतिभागी,शिक्षक
AF6800,Mukesh Kumar Gupta,Chhatarpur,ISHANAGAAR,"23090529436, GOVT. HSS HATWARA, CHP",प्रतिभागी,शिक्षक
AF6802,Hargovind Chaurasia,Chhatarpur,ISHANAGAAR,"23090529436, GOVT. HSS HATWARA, CHP",प्रतिभागी,शिक्षक
AF6956,Chameli Gupta,Chhatarpur,ISHANAGAAR,"23090529436, GOVT. HSS HATWARA, CHP",प्रतिभागी,शिक्षक
AG1439,Mamta Dubey,Chhatarpur,ISHANAGAAR,"23090529436, GOVT. HSS HATWARA, CHP",प्रतिभागी,शिक्षक
AG3496,Surendra Kumar Chaurasia,Chhatarpur,ISHANAGAAR,"23090529436, GOVT. HSS HATWARA, CHP",प्रतिभागी,शिक्षक
AT4081,Beta Lal Patel,Chhatarpur,ISHANAGAAR,"23090529436, GOVT. HSS HATWARA, CHP",प्रतिभागी,शिक्षक
BD4914,Pinki Chaurasia,Chhatarpur,ISHANAGAAR,"23090529436, GOVT. HSS HATWARA, CHP",प्रतिभागी,शिक्षक
BN4926,MOHANLAL Kushwaha,Chhatarpur,ISHANAGAAR,"23090529436, GOVT. HSS HATWARA, CHP",प्रतिभागी,शिक्षक
AF6758,Munna Lal Ahirwar,Chhatarpur,ISHANAGAAR,"23090505013, GOVT. HSS ISHANAGAR.",प्रतिभागी,शिक्षक
AG2130,Archna Bundela,Chhatarpur,ISHANAGAAR,"23090505013, GOVT. HSS ISHANAGAR.",प्रतिभागी,शिक्षक
BQ4975,Kamlesh Kumar Bajpai,Chhatarpur,ISHANAGAAR,"23090505013, GOVT. HSS ISHANAGAR.",प्रतिभागी,शिक्षक
BY2695,Geeta Namdev,Chhatarpur,ISHANAGAAR,"23090505013, GOVT. HSS ISHANAGAR.",प्रतिभागी,शिक्षक
CF4813,PREM CHANDRA,Chhatarpur,ISHANAGAAR,"23090505013, GOVT. HSS ISHANAGAR.",प्रतिभागी,शिक्षक
CF4814,PUSHPANJALI SHARMA,Chhatarpur,ISHANAGAAR,"23090505013, GOVT. HSS ISHANAGAR.",प्रतिभागी,शिक्षक
AF6753,Jagjeevan Ram Ahirwar,Chhatarpur,ISHANAGAAR,"23090503304, GOVT. HSS MAHEBA",प्रतिभागी,शिक्षक
AF6952,Hemraj Shivhare,Chhatarpur,ISHANAGAAR,"23090503304, GOVT. HSS MAHEBA",प्रतिभागी,शिक्षक
AF9649,Om Prakash Ahirwar,Chhatarpur,ISHANAGAAR,"23090503304, GOVT. HSS MAHEBA",प्रतिभागी,शिक्षक
AF9920,Ashok Kumar Upadhyay,Chhatarpur,ISHANAGAAR,"23090503304, GOVT. HSS MAHEBA",प्रतिभागी,शिक्षक
AG3777,BALKISHUN SHUKLA,Chhatarpur,ISHANAGAAR,"23090503304, GOVT. HSS MAHEBA",प्रतिभागी,शिक्षक
BK3357,Harishankar Joshi,Chhatarpur,ISHANAGAAR,"23090503304, GOVT. HSS MAHEBA",प्रतिभागी,शिक्षक
BS4854,Aparana Chourasia,Chhatarpur,ISHANAGAAR,"23090503304, GOVT. HSS MAHEBA",प्रतिभागी,शिक्षक
AF5556,Jyoti Prakash Nagayach,Chhatarpur,ISHANAGAAR,"23090529435, GOVT. HSS GIRLS, M.L.B. CHP",प्रतिभागी,शिक्षक
AG1748,Madhumita Khare,Chhatarpur,ISHANAGAAR,"23090529435, GOVT. HSS GIRLS, M.L.B. CHP",प्रतिभागी,शिक्षक
AO2081,Nayna Chaturvedi,Chhatarpur,ISHANAGAAR,"23090529435, GOVT. HSS GIRLS, M.L.B. CHP",प्रतिभागी,शिक्षक
AT1724,Neelam Bala Singh,Chhatarpur,ISHANAGAAR,"23090529435, GOVT. HSS GIRLS, M.L.B. CHP",प्रतिभागी,शिक्षक
AT3678,Renu Rawat,Chhatarpur,ISHANAGAAR,"23090529435, GOVT. HSS GIRLS, M.L.B. CHP",प्रतिभागी,शिक्षक
BD5070,Bharti Nayak,Chhatarpur,ISHANAGAAR,"23090529435, GOVT. HSS GIRLS, M.L.B. CHP",प्रतिभागी,शिक्षक
BN3343,Mangal Prajapati,Chhatarpur,ISHANAGAAR,"23090529435, GOVT. HSS GIRLS, M.L.B. CHP",प्रतिभागी,शिक्षक
BT2635,Surendra Singh Parihar,Chhatarpur,ISHANAGAAR,"23090529435, GOVT. HSS GIRLS, M.L.B. CHP",प्रतिभागी,शिक्षक
BX2334,Pragati Gupta,Chhatarpur,ISHANAGAAR,"23090529435, GOVT. HSS GIRLS, M.L.B. CHP",प्रतिभागी,शिक्षक
BY5315,Dharmendra Kumar Dixit,Chhatarpur,ISHANAGAAR,"23090529435, GOVT. HSS GIRLS, M.L.B. CHP",प्रतिभागी,शिक्षक
AF5506,Ramprapann Shukla,Chhatarpur,ISHANAGAAR,"23090529210, GOVT. HSS WARD NO 2, CHHATARPUR",प्रतिभागी,शिक्षक
AF8464,Anju Tiwari,Chhatarpur,ISHANAGAAR,"23090529210, GOVT. HSS WARD NO 2, CHHATARPUR",प्रतिभागी,शिक्षक
AF9752,Sobi Tabassum,Chhatarpur,ISHANAGAAR,"23090529210, GOVT. HSS WARD NO 2, CHHATARPUR",प्रतिभागी,शिक्षक
BC9638,Mahipal Singh Bundela,Chhatarpur,ISHANAGAAR,"23090529210, GOVT. HSS WARD NO 2, CHHATARPUR",प्रतिभागी,शिक्षक
BK1931,Asha Rai,Chhatarpur,ISHANAGAAR,"23090529210, GOVT. HSS WARD NO 2, CHHATARPUR",प्रतिभागी,शिक्षक
BK4708,Manju Lata Shrivas,Chhatarpur,ISHANAGAAR,"23090529210, GOVT. HSS WARD NO 2, CHHATARPUR",प्रतिभागी,शिक्षक
BY1721,Rajendra Prasad Prajapati,Chhatarpur,ISHANAGAAR,"23090529210, GOVT. HSS WARD NO 2, CHHATARPUR",प्रतिभागी,शिक्षक
CB2423,SANJAY AHIRWAR,Chhatarpur,ISHANAGAAR,"23090529210, GOVT. HSS WARD NO 2, CHHATARPUR",प्रतिभागी,शिक्षक
CD2528,ALOK SHUKLA,Chhatarpur,ISHANAGAAR,"23090529210, GOVT. HSS WARD NO 2, CHHATARPUR",प्रतिभागी,शिक्षक
CE2650,RINA SINGH,Chhatarpur,ISHANAGAAR,"23090529210, GOVT. HSS WARD NO 2, CHHATARPUR",प्रतिभागी,शिक्षक
BT6924,Brijlal Yadav,Chhatarpur,ISHANAGAAR,"23090510305, GOVT.  HSS PANOTHA",प्रतिभागी,शिक्षक
BW1859,Mahesh Kumar Sahu,Chhatarpur,ISHANAGAAR,"23090510305, GOVT.  HSS PANOTHA",प्रतिभागी,शिक्षक
BU6870,Shiddeek Muhammad,Chhatarpur,LAUNDI,"23090612303, GOVT. HS BANSHIYA",प्रतिभागी,शिक्षक
BW1573,Ram Baboo Patel,Chhatarpur,LAUNDI,"23090612303, GOVT. HS BANSHIYA",प्रतिभागी,शिक्षक
BX8186,Vijay Kumar Patel,Chhatarpur,LAUNDI,"23090612303, GOVT. HS BANSHIYA",प्रतिभागी,शिक्षक
BX2727,Babu Lal Ahirwar,Chhatarpur,LAUNDI,"23090607604, GOVT. HSS CHHATI BAMHORI",प्रतिभागी,शिक्षक
CD2047,RAJESH AHIRWAR,Chhatarpur,LAUNDI,"23090607604, GOVT. HSS CHHATI BAMHORI",प्रतिभागी,शिक्षक
8962262905,Mahendra Kumar Ahirwar ,Chhatarpur,LAUNDI,"23090605204, GOVT. HS KATAHARA",प्रतिभागी,शिक्षक
AF5387,Braj Mohan Patel,Chhatarpur,LAUNDI,"23090605204, GOVT. HS KATAHARA",प्रतिभागी,शिक्षक
AV8237,Ramsingh Ahirwar,Chhatarpur,LAUNDI,"23090605204, GOVT. HS KATAHARA",प्रतिभागी,शिक्षक
BN2535,Suneel Kumar Sharma,Chhatarpur,LAUNDI,"23090605204, GOVT. HS KATAHARA",प्रतिभागी,शिक्षक
BW2131,Ramkesh Patel,Chhatarpur,LAUNDI,"23090605204, GOVT. HS KATAHARA",प्रतिभागी,शिक्षक
BX4924,Arunendra Singh,Chhatarpur,LAUNDI,"23090608505, GOVT. HSS PATHA",प्रतिभागी,शिक्षक
AG1930,Bimla Kerketta,Chhatarpur,LAUNDI,"23090602603, GOVT. HS TEHANGA",प्रतिभागी,शिक्षक
AT1901,Devendra Kumar Soni,Chhatarpur,LAUNDI,"23090602603, GOVT. HS TEHANGA",प्रतिभागी,शिक्षक
BQ7367,Kiran Tripathi,Chhatarpur,LAUNDI,"23090602603, GOVT. HS TEHANGA",प्रतिभागी,शिक्षक
BS4116,Anil Kumar Patel,Chhatarpur,LAUNDI,"23090602603, GOVT. HS TEHANGA",प्रतिभागी,शिक्षक
BY4496,Mohan Pal,Chhatarpur,LAUNDI,"23090602603, GOVT. HS TEHANGA",प्रतिभागी,शिक्षक
BZ2328,Ram Narayan Gupta,Chhatarpur,LAUNDI,"23090602603, GOVT. HS TEHANGA",प्रतिभागी,शिक्षक
8085726941,Subhash Chandra Sisodia ,Chhatarpur,LAUNDI,"23090605723, GOVT. HSS BOYS CHANDLA",प्रतिभागी,शिक्षक
AF8741,Roop Singh,Chhatarpur,LAUNDI,"23090605723, GOVT. HSS BOYS CHANDLA",प्रतिभागी,शिक्षक
AF8748,Abhilash Singh,Chhatarpur,LAUNDI,"23090605723, GOVT. HSS BOYS CHANDLA",प्रतिभागी,शिक्षक
AS9238,Manoj Kumar Gupta,Chhatarpur,LAUNDI,"23090605723, GOVT. HSS BOYS CHANDLA",प्रतिभागी,शिक्षक
BX3444,Bhoore Lal Patel,Chhatarpur,LAUNDI,"23090605723, GOVT. HSS BOYS CHANDLA",प्रतिभागी,शिक्षक
AF5534,Siyaram Patel,Chhatarpur,LAUNDI,"23090601442, GOVT. HSS EXCELLENCE, LAUNDI",प्रतिभागी,शिक्षक
AF8659,Vijay Kumar Ahirwar,Chhatarpur,LAUNDI,"23090605724, GOVT. HSS GIRLS CHANDLA",प्रतिभागी,शिक्षक
AF9919,Pramod Kumar Shukla,Chhatarpur,LAUNDI,"23090605724, GOVT. HSS GIRLS CHANDLA",प्रतिभागी,शिक्षक
AG1542,Alsiya Ekka,Chhatarpur,LAUNDI,"23090605724, GOVT. HSS GIRLS CHANDLA",प्रतिभागी,शिक्षक
AG1929,Charles Ekka,Chhatarpur,LAUNDI,"23090605724, GOVT. HSS GIRLS CHANDLA",प्रतिभागी,शिक्षक
AF7887,Babooram Ahirwar,Chhatarpur,LAUNDI,"23090601443, GOVT. HSS GIRLS LAUNDI",प्रतिभागी,शिक्षक
AG1629,Ram Avatar Ahirwar,Chhatarpur,LAUNDI,"23090601443, GOVT. HSS GIRLS LAUNDI",प्रतिभागी,शिक्षक
AG1630,Chhote Lal Prajapati,Chhatarpur,LAUNDI,"23090601443, GOVT. HSS GIRLS LAUNDI",प्रतिभागी,शिक्षक
BS2123,Ram Vilash Shivhare,Chhatarpur,LAUNDI,"23090601443, GOVT. HSS GIRLS LAUNDI",प्रतिभागी,शिक्षक
BX3535,Shatis Kumar Chaurasiya,Chhatarpur,LAUNDI,"23090601443, GOVT. HSS GIRLS LAUNDI",प्रतिभागी,शिक्षक
AF5326,Anita Ahirwar,Chhatarpur,NOWGONG,"23090704867, GOVT. HS MODEL NOWGONG",प्रतिभागी,शिक्षक
AG2563,Brajendra Kumar Mishra,Chhatarpur,NOWGONG,"23090704867, GOVT. HS MODEL NOWGONG",प्रतिभागी,शिक्षक
BD4920,Shailja Pandey,Chhatarpur,NOWGONG,"23090704867, GOVT. HS MODEL NOWGONG",प्रतिभागी,शिक्षक
BU2743,Rajendra Prasad Nayak,Chhatarpur,NOWGONG,"23090704867, GOVT. HS MODEL NOWGONG",प्रतिभागी,शिक्षक
BZ4829,Brajesh Kumar Arjariya,Chhatarpur,NOWGONG,"23090704867, GOVT. HS MODEL NOWGONG",प्रतिभागी,शिक्षक
AF6830,Dayashankar Pandey,Chhatarpur,NOWGONG,"23090702707, GOVT. HS KURRAHA",प्रतिभागी,शिक्षक
AV7950,Ramesh Chandra Prajapati,Chhatarpur,NOWGONG,"23090702707, GOVT. HS KURRAHA",प्रतिभागी,शिक्षक
BU4884,Mukesh Kumar Dwivedi,Chhatarpur,NOWGONG,"23090702707, GOVT. HS KURRAHA",प्रतिभागी,शिक्षक
BY5241,Sanjeev Kumar Rawat,Chhatarpur,NOWGONG,"23090702707, GOVT. HS KURRAHA",प्रतिभागी,शिक्षक
BZ2418,Rajesh Kumar Chaurasiya,Chhatarpur,NOWGONG,"23090702707, GOVT. HS KURRAHA",प्रतिभागी,शिक्षक
AG2842,Anjana Singh,Chhatarpur,NOWGONG,"23090704868, GOVT. EXCELLANCE HSS NOWGONG",प्रतिभागी,शिक्षक
AG2896,Vimla Dohre,Chhatarpur,NOWGONG,"23090704868, GOVT. EXCELLANCE HSS NOWGONG",प्रतिभागी,शिक्षक
AG3006,Prabhakar Rashmi Singh,Chhatarpur,NOWGONG,"23090704868, GOVT. EXCELLANCE HSS NOWGONG",प्रतिभागी,शिक्षक
AG3033,Mu. Javed Aalam,Chhatarpur,NOWGONG,"23090704868, GOVT. EXCELLANCE HSS NOWGONG",प्रतिभागी,शिक्षक
BD2225,Sadhna Gupta,Chhatarpur,NOWGONG,"23090704868, GOVT. EXCELLANCE HSS NOWGONG",प्रतिभागी,शिक्षक
BO2285,Sanjay Kumar Mishra,Chhatarpur,NOWGONG,"23090704868, GOVT. EXCELLANCE HSS NOWGONG",प्रतिभागी,शिक्षक
BT7667,Hridesh Kumar Tiwari,Chhatarpur,NOWGONG,"23090704868, GOVT. EXCELLANCE HSS NOWGONG",प्रतिभागी,शिक्षक
BW5531,Amita Tripathi,Chhatarpur,NOWGONG,"23090704868, GOVT. EXCELLANCE HSS NOWGONG",प्रतिभागी,शिक्षक
AF5195,Niraj Tripathi,Chhatarpur,NOWGONG,"23090702825, GOVT. HSS GIRLS GARHI MALEHRA",प्रतिभागी,शिक्षक
AF5607,Harcharan Prajapati,Chhatarpur,NOWGONG,"23090702825, GOVT. HSS GIRLS GARHI MALEHRA",प्रतिभागी,शिक्षक
CC9712,JEETENDRA CHAURASIA,Chhatarpur,NOWGONG,"23090702825, GOVT. HSS GIRLS GARHI MALEHRA",प्रतिभागी,शिक्षक
AF9261,Ajai Singh Rai,Chhatarpur,NOWGONG,"23090707937, GOVT. GIRLS HSS HARPALPUR",प्रतिभागी,शिक्षक
BF4080,Mahadev Prasad Prajapati,Chhatarpur,NOWGONG,"23090707937, GOVT. GIRLS HSS HARPALPUR",प्रतिभागी,शिक्षक
BT7841,Shiv Kumar Khare,Chhatarpur,NOWGONG,"23090707937, GOVT. GIRLS HSS HARPALPUR",प्रतिभागी,शिक्षक
BV3632,Swami Singh Parmar,Chhatarpur,NOWGONG,"23090707937, GOVT. GIRLS HSS HARPALPUR",प्रतिभागी,शिक्षक
BV4806,Manish Kumar Anuragi,Chhatarpur,NOWGONG,"23090707937, GOVT. GIRLS HSS HARPALPUR",प्रतिभागी,शिक्षक
AF5345,Buddhi Prakash Prajapati,Chhatarpur,NOWGONG,"23090704869, GOVT. HSS GIRLS  NOWGONG",प्रतिभागी,शिक्षक
AG1260,Anil Kumar Gupta,Chhatarpur,NOWGONG,"23090704869, GOVT. HSS GIRLS  NOWGONG",प्रतिभागी,शिक्षक
AG2772,Shashi Prabha Shukla,Chhatarpur,NOWGONG,"23090704869, GOVT. HSS GIRLS  NOWGONG",प्रतिभागी,शिक्षक
AG3939,Shishu Pal Patel,Chhatarpur,NOWGONG,"23090704869, GOVT. HSS GIRLS  NOWGONG",प्रतिभागी,अन्य
BX6566,Divya Pathak,Chhatarpur,NOWGONG,"23090704869, GOVT. HSS GIRLS  NOWGONG",प्रतिभागी,शिक्षक
CB2824,SUSHIL PATHAK,Chhatarpur,NOWGONG,"23090704869, GOVT. HSS GIRLS  NOWGONG",प्रतिभागी,शिक्षक
AF6591,Ram Dayal Ahirwar,Chhatarpur,NOWGONG,"23090708921, GOVT. HSS EXCELLANCE NEHRU MAHAR",प्रतिभागी,शिक्षक
AF6819,Baburam Ahirwar,Chhatarpur,NOWGONG,"23090708921, GOVT. HSS EXCELLANCE NEHRU MAHAR",प्रतिभागी,शिक्षक
AF8915,Rekha Chaurasia,Chhatarpur,NOWGONG,"23090708921, GOVT. HSS EXCELLANCE NEHRU MAHAR",प्रतिभागी,शिक्षक
BY2387,Reeta Devi Chaurasia,Chhatarpur,NOWGONG,"23090708921, GOVT. HSS EXCELLANCE NEHRU MAHAR",प्रतिभागी,शिक्षक
AG2600,Pushpendra Kumar Ahirwar,Chhatarpur,NOWGONG,"23090709912, GOVT. HSS ALIPURA",प्रतिभागी,शिक्षक
AG3013,Bhojraj Nayak,Chhatarpur,NOWGONG,"23090709912, GOVT. HSS ALIPURA",प्रतिभागी,शिक्षक
BQ5414,Geeta Agrawal,Chhatarpur,NOWGONG,"23090709912, GOVT. HSS ALIPURA",प्रतिभागी,शिक्षक
BR6163,Sunita Mishra,Chhatarpur,NOWGONG,"23090709912, GOVT. HSS ALIPURA",प्रतिभागी,शिक्षक
BR8024,Chheda Lal Pal,Chhatarpur,NOWGONG,"23090709912, GOVT. HSS ALIPURA",प्रतिभागी,शिक्षक
BT7605,Sadhna Tamrakar,Chhatarpur,NOWGONG,"23090709912, GOVT. HSS ALIPURA",प्रतिभागी,शिक्षक
BY6175,Rohit Kumar Patel,Chhatarpur,NOWGONG,"23090709912, GOVT. HSS ALIPURA",प्रतिभागी,शिक्षक
AF5315,Bhagwan Das Kathail,Chhatarpur,NOWGONG,"23090702108, GOVT. HSS TATAM",प्रतिभागी,शिक्षक
AG1136,Sadhana Chaurasia,Chhatarpur,NOWGONG,"23090702108, GOVT. HSS TATAM",प्रतिभागी,शिक्षक
CE8008,RAVI KUMAR RAIKWAR,Chhatarpur,NOWGONG,"23090702108, GOVT. HSS TATAM",प्रतिभागी,शिक्षक
AG3523,Hanumat Patel,Chhatarpur,RAJNAGAR,"23090812203, GOVT. HS GOMAKALA",प्रतिभागी,शिक्षक
AG3538,Birendra Singh Bundela,Chhatarpur,RAJNAGAR,"23090818004, GOVT. HSS RANGUWA",प्रतिभागी,शिक्षक
CC3515,SURESH ANURAGI,Chhatarpur,RAJNAGAR,"23090818004, GOVT. HSS RANGUWA",प्रतिभागी,शिक्षक
9993936492,Chhavi Kishor Patel ,Chhatarpur,RAJNAGAR,"23090809420, GOVT. BHSS EXCELLANCE RAJNAGAR",प्रतिभागी,शिक्षक
AG3425,Mangal Singh Yadav,Chhatarpur,RAJNAGAR,"23090809420, GOVT. BHSS EXCELLANCE RAJNAGAR",प्रतिभागी,शिक्षक
BY7253,Rajesh Dubey,Chhatarpur,RAJNAGAR,"23090809420, GOVT. BHSS EXCELLANCE RAJNAGAR",प्रतिभागी,शिक्षक
BZ2089,Ved Prakash Namdeo,Chhatarpur,RAJNAGAR,"23090809420, GOVT. BHSS EXCELLANCE RAJNAGAR",प्रतिभागी,शिक्षक
9752329323,Makhan Singh Yadav ,Chhatarpur,RAJNAGAR,"23090809421, GOVT. HSS GIRLS RAJNAGAR",प्रतिभागी,शिक्षक
AG3360,Raw Raja Bundela,Chhatarpur,RAJNAGAR,"23090809421, GOVT. HSS GIRLS RAJNAGAR",प्रतिभागी,शिक्षक
AG3363,Sharda Ahirwar,Chhatarpur,RAJNAGAR,"23090809421, GOVT. HSS GIRLS RAJNAGAR",प्रतिभागी,शिक्षक
AG3814,Ramesh Prasad Patel,Chhatarpur,RAJNAGAR,"23090809421, GOVT. HSS GIRLS RAJNAGAR",प्रतिभागी,शिक्षक
BX5506,Sunil Kumar Soni,Chhatarpur,RAJNAGAR,"23090809421, GOVT. HSS GIRLS RAJNAGAR",प्रतिभागी,शिक्षक
BZ6737,Khemchand Raikwar,Chhatarpur,RAJNAGAR,"23090809421, GOVT. HSS GIRLS RAJNAGAR",प्रतिभागी,शिक्षक
CB6449,MAHENDRA PATEL,Chhatarpur,RAJNAGAR,"23090809421, GOVT. HSS GIRLS RAJNAGAR",प्रतिभागी,शिक्षक
BV4163,Shobha Lal Kushwaha,Chhatarpur,RAJNAGAR,"23090816505, GOVT. HSS BASARI",प्रतिभागी,शिक्षक
AG3450,Balgovind Trivedi,Chhatarpur,RAJNAGAR,"23090813210, GOVT. HSS CHANDRANAGAR",प्रतिभागी,शिक्षक
AG3462,Anari Lal Kondar,Chhatarpur,RAJNAGAR,"23090813210, GOVT. HSS CHANDRANAGAR",प्रतिभागी,शिक्षक
AG3709,Bahadur Ahirwar,Chhatarpur,RAJNAGAR,"23090813210, GOVT. HSS CHANDRANAGAR",प्रतिभागी,शिक्षक
AF6948,Padam Singh Bundela,Chhatarpur,RAJNAGAR,"23090806011, GOVT. HSS GANJ",प्रतिभागी,शिक्षक
AT3817,Ghanshyam Patel,Chhatarpur,RAJNAGAR,"23090806011, GOVT. HSS GANJ",प्रतिभागी,शिक्षक
BX6208,Rajni Dinkar,Chhatarpur,RAJNAGAR,"23090806011, GOVT. HSS GANJ",प्रतिभागी,शिक्षक
BY5146,Yasmeen Bano,Chhatarpur,RAJNAGAR,"23090806011, GOVT. HSS GANJ",प्रतिभागी,शिक्षक
DB1982,MALIDA  PATEL,Chhatarpur,RAJNAGAR,"23090806011, GOVT. HSS GANJ",प्रतिभागी,शिक्षक
AF7137,Shankar Lal Gupta,Chhatarpur,RAJNAGAR,"23090805104, GOVT. HSS GHOORA",प्रतिभागी,शिक्षक
AF8877,Devideen Vishwakarma,Chhatarpur,RAJNAGAR,"23090805104, GOVT. HSS GHOORA",प्रतिभागी,शिक्षक
BX3151,Kavita Shukla,Chhatarpur,RAJNAGAR,"23090805104, GOVT. HSS GHOORA",प्रतिभागी,शिक्षक
BZ3259,Arun Kumar Agnihotri,Chhatarpur,RAJNAGAR,"23090805104, GOVT. HSS GHOORA",प्रतिभागी,शिक्षक
AG1411,Ankita Upadhyay,Chhatarpur,RAJNAGAR,"23090814704, GOVT. HSS JHAMTULI",प्रतिभागी,शिक्षक
BY5311,Ajuddi Pal,Chhatarpur,RAJNAGAR,"23090814704, GOVT. HSS JHAMTULI",प्रतिभागी,शिक्षक
AF7063,Dinesh Chandra Agrawal,Chhatarpur,RAJNAGAR,"23090817206, GOVT. HSS KARRI",प्रतिभागी,शिक्षक
AF7245,Brijendra Singh,Chhatarpur,RAJNAGAR,"23090817206, GOVT. HSS KARRI",प्रतिभागी,शिक्षक
AF7252,Gulab Singh Sengar,Chhatarpur,RAJNAGAR,"23090817206, GOVT. HSS KARRI",प्रतिभागी,शिक्षक
AG1487,Arbil Lakra,Chhatarpur,RAJNAGAR,"23090810129, GOVT. HSS KHAJURAHO",प्रतिभागी,शिक्षक
AG3399,Asunta Lakra,Chhatarpur,RAJNAGAR,"23090810129, GOVT. HSS KHAJURAHO",प्रतिभागी,शिक्षक
AG3726,Mamta Ahirwar,Chhatarpur,RAJNAGAR,"23090810129, GOVT. HSS KHAJURAHO",प्रतिभागी,शिक्षक
AW2456,Shiwani Jaiswal Shivhare,Chhatarpur,RAJNAGAR,"23090810129, GOVT. HSS KHAJURAHO",प्रतिभागी,शिक्षक
BQ5644,Sushma Chaurasiya,Chhatarpur,RAJNAGAR,"23090810129, GOVT. HSS KHAJURAHO",प्रतिभागी,शिक्षक
BQ7580,Pushpendra Gupta,Chhatarpur,RAJNAGAR,"23090810129, GOVT. HSS KHAJURAHO",प्रतिभागी,शिक्षक
BY6986,Anees Bux,Chhatarpur,RAJNAGAR,"23090810129, GOVT. HSS KHAJURAHO",प्रतिभागी,शिक्षक
CC4907,KALPANA GUPTA,Chhatarpur,RAJNAGAR,"23090810129, GOVT. HSS KHAJURAHO",प्रतिभागी,शिक्षक
AG6731,Pratap Shah Saryam,Chhindwara,AMARWADA,"23430902006, Govt. HSS Hirri",प्रतिभागी,शिक्षक
AG6775,Malti Suryawanshi,Chhindwara,AMARWADA,"23430902006, Govt. HSS Hirri",प्रतिभागी,शिक्षक
AG7209,Sandeep Kumar Jain,Chhindwara,AMARWADA,"23430902006, Govt. HSS Hirri",प्रतिभागी,शिक्षक
BR9469,Santosh Kumar Kadve,Chhindwara,AMARWADA,"23430902006, Govt. HSS Hirri",प्रतिभागी,शिक्षक
BT9323,Dharamchand Janghela,Chhindwara,AMARWADA,"23430902006, Govt. HSS Hirri",प्रतिभागी,शिक्षक
AG6939,Madhuri Mishra,Chhindwara,AMARWADA,"23430915728, Govt. HSS Girls Amarwara",प्रतिभागी,शिक्षक
AH4261,Peshiya Dhurve,Chhindwara,AMARWADA,"23430915728, Govt. HSS Girls Amarwara",प्रतिभागी,शिक्षक
BP2962,Devendra Kumar Dehariya,Chhindwara,AMARWADA,"23430915728, Govt. HSS Girls Amarwara",प्रतिभागी,शिक्षक
AG7077,Dayaram Suryawanshi,Chhindwara,AMARWADA,"23430908805, Govt. HSS Lachuaa",प्रतिभागी,शिक्षक
9630906347,Sant Kumar Yadav ,Chhindwara,AMARWADA,"23430905908, Govt. HSS Pounar",प्रतिभागी,शिक्षक
AG6966,Poonaram Thakur,Chhindwara,AMARWADA,"23430907609, Govt. HSS Ghoghri",प्रतिभागी,शिक्षक
AG6815,Hariom Sahu,Chhindwara,AMARWADA,"23430914003, Govt. HS Saliwada Sharda",प्रतिभागी,शिक्षक
AG7060,Parasram Dehariya,Chhindwara,AMARWADA,"23430914003, Govt. HS Saliwada Sharda",प्रतिभागी,शिक्षक
AG7129,Rubina Mansuri,Chhindwara,AMARWADA,"23430910716, Govt. HSS Singodi",प्रतिभागी,शिक्षक
AG7181,Anusuiya Tekam,Chhindwara,AMARWADA,"23430910716, Govt. HSS Singodi",प्रतिभागी,शिक्षक
BR1908,Sushil Kumar Doijad,Chhindwara,BICHHUA,"23430700104, Govt. HSS Moya",प्रतिभागी,शिक्षक
BV6989,Archana Verma,Chhindwara,BICHHUA,"23430700104, Govt. HSS Moya",प्रतिभागी,शिक्षक
AG4565,Baldeo Dhobare,Chhindwara,BICHHUA,"23430701019, Govt. HSS Excellence Bichua",प्रतिभागी,शिक्षक
AG4650,Dileep Chouriya,Chhindwara,BICHHUA,"23430701019, Govt. HSS Excellence Bichua",प्रतिभागी,शिक्षक
BS4652,Dinesh Kumar Chouriya,Chhindwara,BICHHUA,"23430701019, Govt. HSS Excellence Bichua",प्रतिभागी,शिक्षक
BV4452,Lalita Deshmukh,Chhindwara,BICHHUA,"23430701019, Govt. HSS Excellence Bichua",प्रतिभागी,शिक्षक
BV4455,Neetika Doblekar,Chhindwara,BICHHUA,"23430701019, Govt. HSS Excellence Bichua",प्रतिभागी,शिक्षक
AG4629,Vijesh Indorkar,Chhindwara,BICHHUA,"23430707308, GOVT. HSS KHAMARPANI",प्रतिभागी,शिक्षक
BQ5668,Krishna Dhurve,Chhindwara,BICHHUA,"23430707308, GOVT. HSS KHAMARPANI",प्रतिभागी,शिक्षक
BS5785,Savita Solanki,Chhindwara,BICHHUA,"23430707308, GOVT. HSS KHAMARPANI",प्रतिभागी,शिक्षक
BV9424,Ashok Kharpuse,Chhindwara,BICHHUA,"23430707308, GOVT. HSS KHAMARPANI",प्रतिभागी,शिक्षक
BX6805,Umakant Lokhande,Chhindwara,BICHHUA,"23430707308, GOVT. HSS KHAMARPANI",प्रतिभागी,शिक्षक
BY8372,Shitesh Pathe,Chhindwara,BICHHUA,"23430707308, GOVT. HSS KHAMARPANI",प्रतिभागी,शिक्षक
CE2111,SAVITRI SAHU,Chhindwara,BICHHUA,"23430707308, GOVT. HSS KHAMARPANI",प्रतिभागी,शिक्षक
BO4131,Mohanlal Patil,Chhindwara,BICHHUA,"23430704106, Govt. HSS Khamra",प्रतिभागी,शिक्षक
AG4549,Dhanraj Lokhande,Chhindwara,BICHHUA,"23430709405, GOVT. HSS BADOSA",प्रतिभागी,शिक्षक
AG4635,Vasudeo Bhujade,Chhindwara,BICHHUA,"23430709405, GOVT. HSS BADOSA",प्रतिभागी,शिक्षक
AG4667,Harshika Gajbhiye,Chhindwara,BICHHUA,"23430709405, GOVT. HSS BADOSA",प्रतिभागी,शिक्षक
AG8553,Anil Kumar Lokhande,Chhindwara,BICHHUA,"23430709405, GOVT. HSS BADOSA",प्रतिभागी,शिक्षक
BS6948,Harikrishna Lonare,Chhindwara,BICHHUA,"23430709405, GOVT. HSS BADOSA",प्रतिभागी,शिक्षक
BW7948,Durga Khandait,Chhindwara,BICHHUA,"23430709405, GOVT. HSS BADOSA",प्रतिभागी,शिक्षक
CA1002,Manisha Doijad,Chhindwara,BICHHUA,"23430709405, GOVT. HSS BADOSA",प्रतिभागी,शिक्षक
AG4272,Vasant Kumar Belsare,Chhindwara,BICHHUA,"23430711702, Govt. HSS Dhanegaon",प्रतिभागी,शिक्षक
AG9614,Santosh Kumar Choure,Chhindwara,CHHINDWARA,"23430100226, Govt. HSS Chandangaon",प्रतिभागी,शिक्षक
AG9775,Maltee Thakre,Chhindwara,CHHINDWARA,"23430100226, Govt. HSS Chandangaon",प्रतिभागी,शिक्षक
AH2598,Saroj Bharti,Chhindwara,CHHINDWARA,"23430100226, Govt. HSS Chandangaon",प्रतिभागी,शिक्षक
AH3706,Manik Deshpande,Chhindwara,CHHINDWARA,"23430100226, Govt. HSS Chandangaon",प्रतिभागी,शिक्षक
AH3764,Neelu Khan,Chhindwara,CHHINDWARA,"23430100226, Govt. HSS Chandangaon",प्रतिभागी,शिक्षक
AH4038,Mahesh Kumar Mahore,Chhindwara,CHHINDWARA,"23430100226, Govt. HSS Chandangaon",प्रतिभागी,शिक्षक
AZ1593,Jyoti Karmveer,Chhindwara,CHHINDWARA,"23430100226, Govt. HSS Chandangaon",प्रतिभागी,शिक्षक
BT2918,Shankar Lal Barkoriya,Chhindwara,CHHINDWARA,"23430100226, Govt. HSS Chandangaon",प्रतिभागी,शिक्षक
BV6038,Mamta Baghel,Chhindwara,CHHINDWARA,"23430100226, Govt. HSS Chandangaon",प्रतिभागी,शिक्षक
BY4898,Manju Singare,Chhindwara,CHHINDWARA,"23430100226, Govt. HSS Chandangaon",प्रतिभागी,शिक्षक
BZ8657,Rekha Mohabiya,Chhindwara,CHHINDWARA,"23430100226, Govt. HSS Chandangaon",प्रतिभागी,शिक्षक
CC8050,MEGHA GOHER,Chhindwara,CHHINDWARA,"23430100226, Govt. HSS Chandangaon",प्रतिभागी,शिक्षक
BS1397,Anil Kumar Kumre,Chhindwara,CHHINDWARA,"23430102405, Govt. HSS Kuhiya",प्रतिभागी,शिक्षक
BS2956,Geeta Pawar,Chhindwara,CHHINDWARA,"23430102405, Govt. HSS Kuhiya",प्रतिभागी,शिक्षक
BS5784,Sandeep Kumar Soni,Chhindwara,CHHINDWARA,"23430102405, Govt. HSS Kuhiya",प्रतिभागी,शिक्षक
BT1637,Sangeeta Dehariya,Chhindwara,CHHINDWARA,"23430102405, Govt. HSS Kuhiya",प्रतिभागी,शिक्षक
AH2583,Jitendra Chourasia,Chhindwara,CHHINDWARA,"23430109007, Govt. HSS Bangaon",प्रतिभागी,शिक्षक
AH3440,Anusueya Parteti,Chhindwara,CHHINDWARA,"23430109007, Govt. HSS Bangaon",प्रतिभागी,शिक्षक
BV6558,Pragya Patel,Chhindwara,CHHINDWARA,"23430109007, Govt. HSS Bangaon",प्रतिभागी,शिक्षक
BX3752,Waheed Khan,Chhindwara,CHHINDWARA,"23430109007, Govt. HSS Bangaon",प्रतिभागी,शिक्षक
CB5683,ANSHUL SAHU,Chhindwara,CHHINDWARA,"23430109007, Govt. HSS Bangaon",प्रतिभागी,शिक्षक
AH3426,Shriram Sareyam,Chhindwara,CHHINDWARA,"23430108308, Govt. HSS Ner",प्रतिभागी,शिक्षक
AH3925,Gopal Pawar,Chhindwara,CHHINDWARA,"23430110505, Govt. HSS Kaparwadi",प्रतिभागी,शिक्षक
BR8058,Swapnil Sahu,Chhindwara,CHHINDWARA,"23430110505, Govt. HSS Kaparwadi",प्रतिभागी,शिक्षक
BT4821,Brijesh Kumar Yadav,Chhindwara,CHHINDWARA,"23430110505, Govt. HSS Kaparwadi",प्रतिभागी,शिक्षक
AG9713,Rajendra Nayak,Chhindwara,CHHINDWARA,"23430106805, Govt. HSS Bohnakhairi",प्रतिभागी,शिक्षक
AH3825,Radhe Lal Dhurve,Chhindwara,CHHINDWARA,"23430106805, Govt. HSS Bohnakhairi",प्रतिभागी,शिक्षक
AH4523,Govind Prajapati,Chhindwara,CHHINDWARA,"23430106805, Govt. HSS Bohnakhairi",प्रतिभागी,शिक्षक
AL5827,Reetesh Kumar Bhawarker,Chhindwara,CHHINDWARA,"23430106805, Govt. HSS Bohnakhairi",प्रतिभागी,शिक्षक
BS3620,Pramod Dehariya,Chhindwara,CHHINDWARA,"23430106805, Govt. HSS Bohnakhairi",प्रतिभागी,शिक्षक
BS6404,Jyoti Sahani,Chhindwara,CHHINDWARA,"23430106805, Govt. HSS Bohnakhairi",प्रतिभागी,शिक्षक
BW3060,Shahanaz Mansuri,Chhindwara,CHHINDWARA,"23430106805, Govt. HSS Bohnakhairi",प्रतिभागी,शिक्षक
AH2857,Pushpa Mahore,Chhindwara,CHHINDWARA,"23430112920, Govt. HSS Rohnakala",प्रतिभागी,शिक्षक
AH3378,Ruchi Lal,Chhindwara,CHHINDWARA,"23430112920, Govt. HSS Rohnakala",प्रतिभागी,शिक्षक
AH3775,Vijay Kumar Sharma,Chhindwara,CHHINDWARA,"23430112920, Govt. HSS Rohnakala",प्रतिभागी,शिक्षक
CD4183,AMBIKA VISHWAKARMA,Chhindwara,CHHINDWARA,"23430112920, Govt. HSS Rohnakala",प्रतिभागी,शिक्षक
CE1689,TUSHAR TEKADE,Chhindwara,CHHINDWARA,"23430112920, Govt. HSS Rohnakala",प्रतिभागी,शिक्षक
AG4498,Preeti Uikey,Chhindwara,CHHINDWARA,"23430115613, Govt. HSS (Girls) MLB Chhindwara",प्रतिभागी,शिक्षक
AG4931,Chhaya Pawar,Chhindwara,CHHINDWARA,"23430115613, Govt. HSS (Girls) MLB Chhindwara",प्रतिभागी,शिक्षक
AG8152,Seema Mandraha,Chhindwara,CHHINDWARA,"23430115613, Govt. HSS (Girls) MLB Chhindwara",प्रतिभागी,शिक्षक
AG9783,sangeeta karpeti,Chhindwara,CHHINDWARA,"23430115613, Govt. HSS (Girls) MLB Chhindwara",प्रतिभागी,शिक्षक
AH3089,Paresh Kumar Verma,Chhindwara,CHHINDWARA,"23430115613, Govt. HSS (Girls) MLB Chhindwara",प्रतिभागी,शिक्षक
AH3860,Jyoti Inwati,Chhindwara,CHHINDWARA,"23430115613, Govt. HSS (Girls) MLB Chhindwara",प्रतिभागी,शिक्षक
AH4014,Rajshree Rajput,Chhindwara,CHHINDWARA,"23430115613, Govt. HSS (Girls) MLB Chhindwara",प्रतिभागी,शिक्षक
AH4023,Sandhya Okte,Chhindwara,CHHINDWARA,"23430115613, Govt. HSS (Girls) MLB Chhindwara",प्रतिभागी,शिक्षक
BQ3151,Priyanka Nema,Chhindwara,CHHINDWARA,"23430115613, Govt. HSS (Girls) MLB Chhindwara",प्रतिभागी,शिक्षक
BQ6725,Chetna Bais,Chhindwara,CHHINDWARA,"23430115613, Govt. HSS (Girls) MLB Chhindwara",प्रतिभागी,शिक्षक
BT5163,Sunita Thakur,Chhindwara,CHHINDWARA,"23430115613, Govt. HSS (Girls) MLB Chhindwara",प्रतिभागी,शिक्षक
BV5555,Manju Negi,Chhindwara,CHHINDWARA,"23430115613, Govt. HSS (Girls) MLB Chhindwara",प्रतिभागी,शिक्षक
BW2267,Pooja Mishra,Chhindwara,CHHINDWARA,"23430115613, Govt. HSS (Girls) MLB Chhindwara",प्रतिभागी,शिक्षक
BW6099,Manorama Thakre,Chhindwara,CHHINDWARA,"23430115613, Govt. HSS (Girls) MLB Chhindwara",प्रतिभागी,शिक्षक
CB1116,LATA MOHABE,Chhindwara,CHHINDWARA,"23430115613, Govt. HSS (Girls) MLB Chhindwara",प्रतिभागी,शिक्षक
CB5069,KANCHANA KAPALE,Chhindwara,CHHINDWARA,"23430115613, Govt. HSS (Girls) MLB Chhindwara",प्रतिभागी,शिक्षक
CC3524,SHIVANI CHOUDHARY,Chhindwara,CHHINDWARA,"23430115613, Govt. HSS (Girls) MLB Chhindwara",प्रतिभागी,शिक्षक
AG7230,Mahima Sahu,Chhindwara,CHHINDWARA,"23430113707, Govt. HSS (Girls) Girls Kailashnagar",प्रतिभागी,शिक्षक
AG8610,Niquhat Ali,Chhindwara,CHHINDWARA,"23430113707, Govt. HSS (Girls) Girls Kailashnagar",प्रतिभागी,शिक्षक
AH1186,Chandra Marskole,Chhindwara,CHHINDWARA,"23430113707, Govt. HSS (Girls) Girls Kailashnagar",प्रतिभागी,शिक्षक
BW9933,Navita Choudhary,Chhindwara,CHHINDWARA,"23430113707, Govt. HSS (Girls) Girls Kailashnagar",प्रतिभागी,शिक्षक
AG7194,Kirti Sharma,Chhindwara,CHHINDWARA,"23430104910, Govt. HSS Sonakhar",प्रतिभागी,शिक्षक
AH2711,Sohanvati Kakodiya,Chhindwara,CHHINDWARA,"23430104910, Govt. HSS Sonakhar",प्रतिभागी,शिक्षक
AH3654,Vandana Lokhande,Chhindwara,CHHINDWARA,"23430104910, Govt. HSS Sonakhar",प्रतिभागी,शिक्षक
AH3714,Arpana SHAH,Chhindwara,CHHINDWARA,"23430104910, Govt. HSS Sonakhar",प्रतिभागी,शिक्षक
AH3715,Malti Sahu,Chhindwara,CHHINDWARA,"23430104910, Govt. HSS Sonakhar",प्रतिभागी,शिक्षक
AH4326,Pratibha Sahu,Chhindwara,CHHINDWARA,"23430104910, Govt. HSS Sonakhar",प्रतिभागी,शिक्षक
AH4419,Narendra Kumar Sahu,Chhindwara,CHHINDWARA,"23430104910, Govt. HSS Sonakhar",प्रतिभागी,शिक्षक
BQ3269,Ramkishor Dhurwey,Chhindwara,CHHINDWARA,"23430104910, Govt. HSS Sonakhar",प्रतिभागी,शिक्षक
AH4303,Kaushalya Namdeo,Chhindwara,CHOURAI,"23431116403, GOVT HSS CHOURAI",प्रतिभागी,शिक्षक
AH4451,Laxmi Soni,Chhindwara,CHOURAI,"23431116403, GOVT HSS CHOURAI",प्रतिभागी,शिक्षक
BQ2776,Poonam Malviya,Chhindwara,CHOURAI,"23431116403, GOVT HSS CHOURAI",प्रतिभागी,शिक्षक
BV4490,Dharmendra Thakur,Chhindwara,CHOURAI,"23431116403, GOVT HSS CHOURAI",प्रतिभागी,शिक्षक
BV9819,Sanat Kumar Verma,Chhindwara,CHOURAI,"23431116403, GOVT HSS CHOURAI",प्रतिभागी,शिक्षक
AH3760,Veerbhan Shah Yahke,Chhindwara,CHOURAI,"23431110204, Govt. HSS Sakh",प्रतिभागी,शिक्षक
AH4381,Rajdev Harde,Chhindwara,CHOURAI,"23431110204, Govt. HSS Sakh",प्रतिभागी,शिक्षक
AH4389,Sumerchand Verma,Chhindwara,CHOURAI,"23431110204, Govt. HSS Sakh",प्रतिभागी,शिक्षक
BU3034,Awdhesh Mahobiya,Chhindwara,CHOURAI,"23431110204, Govt. HSS Sakh",प्रतिभागी,शिक्षक
BV4838,Vivek Chandel,Chhindwara,CHOURAI,"23431110204, Govt. HSS Sakh",प्रतिभागी,शिक्षक
BZ3323,Vinod Kumar Patle,Chhindwara,CHOURAI,"23431110204, Govt. HSS Sakh",प्रतिभागी,शिक्षक
DA1675,SHRIRAM NAMDEO,Chhindwara,CHOURAI,"23431110204, Govt. HSS Sakh",प्रतिभागी,शिक्षक
AH4471,Pratima Indourkar,Chhindwara,CHOURAI,"23431105605, Govt. HSS JHILMILI",प्रतिभागी,शिक्षक
AH4180,Sampat Lal Bhalavi,Chhindwara,CHOURAI,"23431116506, Govt. HSS Panjara",प्रतिभागी,शिक्षक
AH4192,Bharatram Masram,Chhindwara,CHOURAI,"23431116506, Govt. HSS Panjara",प्रतिभागी,शिक्षक
AH4320,Sukhdeo Prasad Sahu,Chhindwara,CHOURAI,"23431116506, Govt. HSS Panjara",प्रतिभागी,शिक्षक
AH4387,Saroj Dehariya,Chhindwara,CHOURAI,"23431116506, Govt. HSS Panjara",प्रतिभागी,शिक्षक
AH4407,SARASWATI Bhalavi,Chhindwara,CHOURAI,"23431116506, Govt. HSS Panjara",प्रतिभागी,शिक्षक
BQ3399,Nisha Verma,Chhindwara,CHOURAI,"23431116506, Govt. HSS Panjara",प्रतिभागी,शिक्षक
BZ4909,Kuber Singh Vishwakarma,Chhindwara,CHOURAI,"23431116506, Govt. HSS Panjara",प्रतिभागी,शिक्षक
AH4085,Shripal Ayodhyi,Chhindwara,CHOURAI,"23431113919, Govt. HSS (Boys) Chand",प्रतिभागी,शिक्षक
BZ2802,Sundarlal Umrethe,Chhindwara,CHOURAI,"23431113919, Govt. HSS (Boys) Chand",प्रतिभागी,शिक्षक
CB7803,DEEL MANGROLE,Chhindwara,CHOURAI,"23431113919, Govt. HSS (Boys) Chand",प्रतिभागी,शिक्षक
AH4168,Ramdayal Gonekar,Chhindwara,CHOURAI,"23431113205, Govt. HSS Badgaon",प्रतिभागी,शिक्षक
AH4840,Mukesh Kumar Sharma,Chhindwara,CHOURAI,"23431113205, Govt. HSS Badgaon",प्रतिभागी,शिक्षक
BU6752,Gyanlal Vadiva,Chhindwara,CHOURAI,"23431113205, Govt. HSS Badgaon",प्रतिभागी,शिक्षक
AH3707,Rajendra Kumar Marrafa,Chhindwara,CHOURAI,"23431100107, Govt. HSS Hiwarkhedi",प्रतिभागी,शिक्षक
AH4505,Rajendra Singh Ushrethe,Chhindwara,CHOURAI,"23431100107, Govt. HSS Hiwarkhedi",प्रतिभागी,शिक्षक
AH4875,Mahatlal Bijhoriya,Chhindwara,CHOURAI,"23431100107, Govt. HSS Hiwarkhedi",प्रतिभागी,शिक्षक
BV2163,Mahesh Dehariya,Chhindwara,CHOURAI,"23431100107, Govt. HSS Hiwarkhedi",प्रतिभागी,शिक्षक
CB6545,JITENDRA PATLE,Chhindwara,CHOURAI,"23431100107, Govt. HSS Hiwarkhedi",प्रतिभागी,शिक्षक
BW7416,Vijendra Kumar,Chhindwara,CHOURAI,"23431103005, Govt. HSS Binzawada",प्रतिभागी,शिक्षक
BZ2764,Dhannulal Yadav,Chhindwara,CHOURAI,"23431103005, Govt. HSS Binzawada",प्रतिभागी,शिक्षक
BW2541,Geeta Dehariya,Chhindwara,HARRAI,"23431015214, Govt. HSS Batkakhapa",प्रतिभागी,शिक्षक
CB1165,RAKESH MEHANIYA,Chhindwara,HARRAI,"23431015214, Govt. HSS Batkakhapa",प्रतिभागी,शिक्षक
AG9114,Arunesh Chandel,Chhindwara,HARRAI,"23431028018, Govt. HSS (Girls) Harrai",प्रतिभागी,शिक्षक
CC4413,ANIL GURJAR,Chhindwara,HARRAI,"23431028018, Govt. HSS (Girls) Harrai",प्रतिभागी,शिक्षक
CC6438,JAGESHWARI DEHARIYA,Chhindwara,HARRAI,"23431028018, Govt. HSS (Girls) Harrai",प्रतिभागी,शिक्षक
CC7152,VIDHYA PRAJAPATI,Chhindwara,HARRAI,"23431028018, Govt. HSS (Girls) Harrai",प्रतिभागी,शिक्षक
BP3286,Sameer Nandi,Chhindwara,HARRAI,"23431000910, Govt. HSS Surlakhapa",प्रतिभागी,शिक्षक
BV5237,Sachin Verma,Chhindwara,HARRAI,"23431000910, Govt. HSS Surlakhapa",प्रतिभागी,शिक्षक
CB6958,ROHIT DEHARIYA,Chhindwara,HARRAI,"23431000910, Govt. HSS Surlakhapa",प्रतिभागी,शिक्षक
CE8648,Vikram Dangi,Chhindwara,HARRAI,"23431000910, Govt. HSS Surlakhapa",प्रतिभागी,शिक्षक
AG8669,Mansaram Dehariya,Chhindwara,HARRAI,"23431009003, GOVT. HSS GAIRPANI",प्रतिभागी,शिक्षक
AG8851,Vijay Kumari Dhurve,Chhindwara,HARRAI,"23431009003, GOVT. HSS GAIRPANI",प्रतिभागी,अन्य
AG8985,Arvind Kumar Chandrwanshi,Chhindwara,HARRAI,"23431009003, GOVT. HSS GAIRPANI",प्रतिभागी,शिक्षक
BZ2203,Ramvilas Bhalavi,Chhindwara,HARRAI,"23431009003, GOVT. HSS GAIRPANI",प्रतिभागी,शिक्षक
CC8660,RAJENDRA TEKAM,Chhindwara,HARRAI,"23431009003, GOVT. HSS GAIRPANI",प्रतिभागी,शिक्षक
AG8905,Mohan Dehariya,Chhindwara,HARRAI,"23431017106, GOVT. HSS DHANORA",प्रतिभागी,शिक्षक
AG9285,Shriram Uikey,Chhindwara,HARRAI,"23431000108, GOVT. HS BHUMKA",प्रतिभागी,शिक्षक
BZ7888,Satish Lodhi,Chhindwara,HARRAI,"23431002706, Govt. HS Partapur",प्रतिभागी,शिक्षक
CE2361,Aakash choudhary,Chhindwara,HARRAI,"23431002706, Govt. HS Partapur",प्रतिभागी,शिक्षक
CE9111,Foolmati Prajapati,Chhindwara,HARRAI,"23431002706, Govt. HS Partapur",प्रतिभागी,शिक्षक
AG6984,Rohit Parteti,Chhindwara,HARRAI,"23431016006, GOVT. HS BARGI",प्रतिभागी,शिक्षक
AG8998,Ramdayal Uikey,Chhindwara,HARRAI,"23431016006, GOVT. HS BARGI",प्रतिभागी,शिक्षक
AG9232,Khemchand Udeniya,Chhindwara,HARRAI,"23431016006, GOVT. HS BARGI",प्रतिभागी,शिक्षक
CC4410,RAMCHANDRA KHUSHRAM,Chhindwara,HARRAI,"23431016006, GOVT. HS BARGI",प्रतिभागी,शिक्षक
AG9158,Ashok Parihar,Chhindwara,HARRAI,"23431004306, Govt. HS Madai",प्रतिभागी,शिक्षक
CF5143,Dileep Uikey,Chhindwara,HARRAI,"23431004306, Govt. HS Madai",प्रतिभागी,शिक्षक
AG9266,Toranlal Parteti,Chhindwara,HARRAI,"23431018807, GOVT. HS ATARIYA",प्रतिभागी,शिक्षक
AG8622,Mannu Yaduwanshi,Chhindwara,JUNNARDEO,"23430409106, GOVT. HSS GHANA UMARI",प्रतिभागी,शिक्षक
BW9641,Uttam Deshmukh,Chhindwara,JUNNARDEO,"23430409106, GOVT. HSS GHANA UMARI",प्रतिभागी,शिक्षक
AG8636,Kala Nagwanshi,Chhindwara,JUNNARDEO,"23430414508, GOVT. HSS GHORAWADI KHURD",प्रतिभागी,शिक्षक
BR7153,Ramesh Waiker,Chhindwara,JUNNARDEO,"23430414508, GOVT. HSS GHORAWADI KHURD",प्रतिभागी,शिक्षक
BT1993,Sachin Joshi,Chhindwara,JUNNARDEO,"23430414508, GOVT. HSS GHORAWADI KHURD",प्रतिभागी,शिक्षक
AG8399,Sekh Irsad,Chhindwara,JUNNARDEO,"23430414620, GOVT. HSS (BOYS) DAMUA",प्रतिभागी,शिक्षक
AG7483,Mangal Diyawar,Chhindwara,JUNNARDEO,"23430400118, GOVT. HSS PALACHORAI",प्रतिभागी,शिक्षक
BW3789,Madhavi Pal,Chhindwara,JUNNARDEO,"23430400118, GOVT. HSS PALACHORAI",प्रतिभागी,शिक्षक
AG5233,Gajanand Baghela,Chhindwara,JUNNARDEO,"23430401230, GOVT. HSS EXCELLENCE JUNNARDEO",प्रतिभागी,शिक्षक
BR3650,Alpana Chouhan,Chhindwara,JUNNARDEO,"23430401230, GOVT. HSS EXCELLENCE JUNNARDEO",प्रतिभागी,शिक्षक
AG6086,Sharda Dhurve,Chhindwara,JUNNARDEO,"23430402507, GOVT. HSS HANOTIYA",प्रतिभागी,शिक्षक
AG7692,Deepak Sahu,Chhindwara,JUNNARDEO,"23430402507, GOVT. HSS HANOTIYA",प्रतिभागी,सीएसी
AG7894,Kishor Kumar Patil,Chhindwara,JUNNARDEO,"23430402507, GOVT. HSS HANOTIYA",प्रतिभागी,शिक्षक
AG8071,SANGEETA UIKEY,Chhindwara,JUNNARDEO,"23430402507, GOVT. HSS HANOTIYA",प्रतिभागी,शिक्षक
AG8091,Tularam Choure,Chhindwara,JUNNARDEO,"23430402507, GOVT. HSS HANOTIYA",प्रतिभागी,शिक्षक
AG8932,Laxmi Baghel,Chhindwara,JUNNARDEO,"23430402507, GOVT. HSS HANOTIYA",प्रतिभागी,शिक्षक
BO8550,Shekh Sajir Kadri,Chhindwara,JUNNARDEO,"23430402507, GOVT. HSS HANOTIYA",प्रतिभागी,शिक्षक
BS7774,Varsha Gupta,Chhindwara,JUNNARDEO,"23430402507, GOVT. HSS HANOTIYA",प्रतिभागी,शिक्षक
CC3891,DINESH YADUWANSHI,Chhindwara,JUNNARDEO,"23430402507, GOVT. HSS HANOTIYA",प्रतिभागी,शिक्षक
CE7383,RAKHI SURYWANSHI,Chhindwara,JUNNARDEO,"23430406706, GOVT. HSS BHATODIYA KALA",प्रतिभागी,शिक्षक
CF5561,AMAR SINGH AOHRIYA,Chhindwara,JUNNARDEO,"23430406706, GOVT. HSS BHATODIYA KALA",प्रतिभागी,शिक्षक
AG8461,Siya Pawar,Chhindwara,JUNNARDEO,"23430420706, GOVT. HS SANGAKHEDA",प्रतिभागी,शिक्षक
AG7804,Kashiram Salame,Chhindwara,JUNNARDEO,"23430408610, GOVT. HSS NAVEGAON",प्रतिभागी,शिक्षक
AG7815,Vijay Acharya,Chhindwara,JUNNARDEO,"23430405305, Govt. HSS Bamhanwara",प्रतिभागी,शिक्षक
AG8521,Ravishankar Kolare,Chhindwara,JUNNARDEO,"23430405305, Govt. HSS Bamhanwara",प्रतिभागी,शिक्षक
BW3893,Vikramsingh Parmar,Chhindwara,JUNNARDEO,"23430405305, Govt. HSS Bamhanwara",प्रतिभागी,शिक्षक
BS7506,Shalakha Kumare,Chhindwara,MOHKHED,"23430200612, Govt. HSS Excellence Mohkhed",प्रतिभागी,शिक्षक
BU3360,Reshamlal Bondekar,Chhindwara,MOHKHED,"23430200612, Govt. HSS Excellence Mohkhed",प्रतिभागी,शिक्षक
AH1397,Sunil Lokhande,Chhindwara,MOHKHED,"23430204512, Govt. HSS Umaranala",प्रतिभागी,शिक्षक
BF6110,Asha Shukla,Chhindwara,MOHKHED,"23430204512, Govt. HSS Umaranala",प्रतिभागी,शिक्षक
BQ3796,Dinesh Kumar Sahu,Chhindwara,MOHKHED,"23430204512, Govt. HSS Umaranala",प्रतिभागी,शिक्षक
BR9455,Pandurang Kharpuse,Chhindwara,MOHKHED,"23430204512, Govt. HSS Umaranala",प्रतिभागी,शिक्षक
BV8083,Sarita Gedam,Chhindwara,MOHKHED,"23430204512, Govt. HSS Umaranala",प्रतिभागी,शिक्षक
AG9668,Bajerao Dongre,Chhindwara,MOHKHED,"23430211807, Govt. HSS Sawari Bazar",प्रतिभागी,शिक्षक
AG9883,Girja Katulkar,Chhindwara,MOHKHED,"23430211807, Govt. HSS Sawari Bazar",प्रतिभागी,शिक्षक
AH1009,Usha Ingale,Chhindwara,MOHKHED,"23430211807, Govt. HSS Sawari Bazar",प्रतिभागी,शिक्षक
AG5264,Ramu Pawar,Chhindwara,MOHKHED,"23430203006, Govt. HSS Sillewani",प्रतिभागी,शिक्षक
AG8812,Sirpat Pawar,Chhindwara,MOHKHED,"23430203006, Govt. HSS Sillewani",प्रतिभागी,शिक्षक
AH1279,Premnarayan Vastrane,Chhindwara,MOHKHED,"23430203006, Govt. HSS Sillewani",प्रतिभागी,शिक्षक
BQ5590,Laxmi Sakhre,Chhindwara,MOHKHED,"23430203006, Govt. HSS Sillewani",प्रतिभागी,शिक्षक
BR1073,Harsha Chaudhari,Chhindwara,MOHKHED,"23430203006, Govt. HSS Sillewani",प्रतिभागी,शिक्षक
BY7651,Dasrath Kumar Barange,Chhindwara,MOHKHED,"23430203006, Govt. HSS Sillewani",प्रतिभागी,शिक्षक
AG4969,Shambhajee Bhade,Chhindwara,MOHKHED,"23430211205, Govt. HSS KAMTHI",प्रतिभागी,शिक्षक
AH1202,Madanlal Digarse,Chhindwara,MOHKHED,"23430211205, Govt. HSS KAMTHI",प्रतिभागी,शिक्षक
AH1695,Mamta Bhalavi,Chhindwara,MOHKHED,"23430211205, Govt. HSS KAMTHI",प्रतिभागी,शिक्षक
AH3771,Rahul Kapale,Chhindwara,MOHKHED,"23430211205, Govt. HSS KAMTHI",प्रतिभागी,शिक्षक
AG9602,Charanlal Dehariya,Chhindwara,MOHKHED,"23430215906, Govt. HS Heerawadi",प्रतिभागी,शिक्षक
AH3552,Sudhir Singh Shakrawar,Chhindwara,MOHKHED,"23430215906, Govt. HS Heerawadi",प्रतिभागी,शिक्षक
9111708992,Saiyad  Saddam ,Chhindwara,MOHKHED,"23430206206, Govt. HSS Sarangbihari",प्रतिभागी,शिक्षक
BQ3820,Mahesh Dongre,Chhindwara,MOHKHED,"23430206206, Govt. HSS Sarangbihari",प्रतिभागी,शिक्षक
BQ3829,Divakar Choudhari,Chhindwara,MOHKHED,"23430206206, Govt. HSS Sarangbihari",प्रतिभागी,शिक्षक
BT3132,Kailash Kadve,Chhindwara,MOHKHED,"23430206206, Govt. HSS Sarangbihari",प्रतिभागी,शिक्षक
BT4994,Yamuna Sherke,Chhindwara,MOHKHED,"23430206206, Govt. HSS Sarangbihari",प्रतिभागी,शिक्षक
AG9647,Namrata Deen,Chhindwara,MOHKHED,"23430208608, Govt. HSS Linga",प्रतिभागी,शिक्षक
AG9739,Khimiya Pawar,Chhindwara,MOHKHED,"23430208608, Govt. HSS Linga",प्रतिभागी,शिक्षक
AG9940,Ajabrao Wankhade,Chhindwara,MOHKHED,"23430208608, Govt. HSS Linga",प्रतिभागी,शिक्षक
BQ6078,BHAGVANT RAO FARKARE,Chhindwara,MOHKHED,"23430208608, Govt. HSS Linga",प्रतिभागी,शिक्षक
BQ9060,Jitendra Kharpuse,Chhindwara,MOHKHED,"23430208608, Govt. HSS Linga",प्रतिभागी,शिक्षक
BS6232,Rajkumari Chouriya,Chhindwara,MOHKHED,"23430208608, Govt. HSS Linga",प्रतिभागी,शिक्षक
BV7082,Vaishali Kapale,Chhindwara,MOHKHED,"23430208608, Govt. HSS Linga",प्रतिभागी,शिक्षक
AH1950,Lalita Nasre,Chhindwara,PANDHURNA,"23430801003, Govt. HSS LBS Excellence Pandhurna",प्रतिभागी,शिक्षक
AH2169,Raju Waman Wankhede,Chhindwara,PANDHURNA,"23430801003, Govt. HSS LBS Excellence Pandhurna",प्रतिभागी,शिक्षक
BT1010,Bali Thakre,Chhindwara,PANDHURNA,"23430801003, Govt. HSS LBS Excellence Pandhurna",प्रतिभागी,शिक्षक
CD6075,POOJA SHENDE,Chhindwara,PANDHURNA,"23430801003, Govt. HSS LBS Excellence Pandhurna",प्रतिभागी,शिक्षक
AH1504,Jayantlal Ahake,Chhindwara,PANDHURNA,"23430804908, Govt. HSS Seoni Pandhurna",प्रतिभागी,शिक्षक
AH1820,Gunwant Barmase,Chhindwara,PANDHURNA,"23430804908, Govt. HSS Seoni Pandhurna",प्रतिभागी,शिक्षक
AT7147,Keshav Balpande,Chhindwara,PANDHURNA,"23430804908, Govt. HSS Seoni Pandhurna",प्रतिभागी,शिक्षक
BD7762,Chandrashekhar Khursange,Chhindwara,PANDHURNA,"23430805307, Govt. HSS Badchicholi",प्रतिभागी,शिक्षक
BT4113,Deepika Mahendra Balpande,Chhindwara,PANDHURNA,"23430805307, Govt. HSS Badchicholi",प्रतिभागी,शिक्षक
BU6806,Sunil Digarse,Chhindwara,PANDHURNA,"23430805307, Govt. HSS Badchicholi",प्रतिभागी,शिक्षक
AH1898,Farzana Parveen Diwan,Chhindwara,PANDHURNA,"23430808209, Govt. HSS Sanjay Gandhi Tigaon",प्रतिभागी,शिक्षक
AH1941,Vijay Ghughuskar,Chhindwara,PANDHURNA,"23430808209, Govt. HSS Sanjay Gandhi Tigaon",प्रतिभागी,शिक्षक
AH1542,Sarvoday Walke,Chhindwara,PANDHURNA,"23430809305, Govt. HSS Mangurli",प्रतिभागी,शिक्षक
AH1634,Sangeeta Parteti,Chhindwara,PANDHURNA,"23430809305, Govt. HSS Mangurli",प्रतिभागी,शिक्षक
AH1772,Haresh Balpande,Chhindwara,PANDHURNA,"23430809305, Govt. HSS Mangurli",प्रतिभागी,शिक्षक
AH2126,Yogesh Kumar Godbole,Chhindwara,PANDHURNA,"23430809305, Govt. HSS Mangurli",प्रतिभागी,शिक्षक
8821056152,Punaram  Uikey ,Chhindwara,PANDHURNA,"23430811605, Govt. HSS Ambada",प्रतिभागी,शिक्षक
9630479636,Rupesh  Dale ,Chhindwara,PANDHURNA,"23430811605, Govt. HSS Ambada",प्रतिभागी,शिक्षक
9644151193,Ashutosh  Soni ,Chhindwara,PANDHURNA,"23430811605, Govt. HSS Ambada",प्रतिभागी,शिक्षक
BY4906,Jyotsna Tagde,Chhindwara,PANDHURNA,"23430811605, Govt. HSS Ambada",प्रतिभागी,शिक्षक
AH1627,Subhash Tumdam,Chhindwara,PANDHURNA,"23430813803, Govt. HSS Nandanwadi",प्रतिभागी,शिक्षक
AG5104,Manoj Suryawanshi,Chhindwara,PARASIA,"23430301121, Govt. HSS (Girls) Adarsh Parasiya",प्रतिभागी,शिक्षक
CE1539,SABINA BANO,Chhindwara,PARASIA,"23430301121, Govt. HSS (Girls) Adarsh Parasiya",प्रतिभागी,शिक्षक
BQ6596,Uzma Akhtar,Chhindwara,PARASIA,"23430304620, Govt. HSS (Boys) Badkuhi",प्रतिभागी,शिक्षक
BU5459,Reshma Bano,Chhindwara,PARASIA,"23430304620, Govt. HSS (Boys) Badkuhi",प्रतिभागी,शिक्षक
CC4151,SMITA CHAPLE,Chhindwara,PARASIA,"23430304620, Govt. HSS (Boys) Badkuhi",प्रतिभागी,शिक्षक
AG4855,Mahesh Singh Dhurvey,Chhindwara,PARASIA,"23430319604, Govt. HSS Dungariya Titra",प्रतिभागी,शिक्षक
AH1956,Laxmi Belwanshi,Chhindwara,PARASIA,"23430319604, Govt. HSS Dungariya Titra",प्रतिभागी,शिक्षक
BS9098,Suresh Kumar Dehariya,Chhindwara,PARASIA,"23430316409, Govt. HSS Rawanwada",प्रतिभागी,शिक्षक
CA7122,SANDHYA CHAURASIA,Chhindwara,PARASIA,"23430316409, Govt. HSS Rawanwada",प्रतिभागी,शिक्षक
AG4817,Maina Marskole,Chhindwara,PARASIA,"23430315104, Govt. HSS Palatwada",प्रतिभागी,शिक्षक
AG4827,Ravi Kumar Suryawanshi,Chhindwara,PARASIA,"23430314304, Govt. HS Marai",प्रतिभागी,शिक्षक
AH2076,Krishna Kumar Pandwa,Chhindwara,PARASIA,"23430314304, Govt. HS Marai",प्रतिभागी,अन्य
BQ5415,Suneel Chouriya,Chhindwara,PARASIA,"23430314304, Govt. HS Marai",प्रतिभागी,शिक्षक
BY5942,Geeta Kanathe,Chhindwara,PARASIA,"23430314304, Govt. HS Marai",प्रतिभागी,शिक्षक
AG4970,Gulab Chand Uikey,Chhindwara,PARASIA,"23430313205, Govt. HSS Kanhergaon",प्रतिभागी,शिक्षक
AG4988,Ramdas Pawar,Chhindwara,PARASIA,"23430313205, Govt. HSS Kanhergaon",प्रतिभागी,अन्य
AG4989,Sarjulal Thawre,Chhindwara,PARASIA,"23430313205, Govt. HSS Kanhergaon",प्रतिभागी,शिक्षक
AG6979,Pushpa Uikey,Chhindwara,PARASIA,"23430313205, Govt. HSS Kanhergaon",प्रतिभागी,शिक्षक
AG7094,Ajaz Khan,Chhindwara,PARASIA,"23430313205, Govt. HSS Kanhergaon",प्रतिभागी,सीएसी
AH3361,Pramod Dodke,Chhindwara,PARASIA,"23430313205, Govt. HSS Kanhergaon",प्रतिभागी,शिक्षक
AH3774,Usha Uikey,Chhindwara,PARASIA,"23430313205, Govt. HSS Kanhergaon",प्रतिभागी,शिक्षक
BF4558,Gulab Rao Jharbade,Chhindwara,PARASIA,"23430313205, Govt. HSS Kanhergaon",प्रतिभागी,शिक्षक
BS9451,Neetu Pawar,Chhindwara,PARASIA,"23430313205, Govt. HSS Kanhergaon",प्रतिभागी,शिक्षक
BS9563,Balram Chandrawanshi,Chhindwara,PARASIA,"23430313205, Govt. HSS Kanhergaon",प्रतिभागी,शिक्षक
BT1054,Jaibharti Pawar,Chhindwara,PARASIA,"23430313205, Govt. HSS Kanhergaon",प्रतिभागी,शिक्षक
BT6698,Sangita Binjhade,Chhindwara,PARASIA,"23430313205, Govt. HSS Kanhergaon",प्रतिभागी,शिक्षक
CD7113,MOHAN MALVIYA,Chhindwara,PARASIA,"23430313205, Govt. HSS Kanhergaon",प्रतिभागी,शिक्षक
AA9239,Dileep Kumar Sahu,Chhindwara,PARASIA,"23430307418, Govt. HSS Umreth",प्रतिभागी,शिक्षक
AG6185,Babita Dehariya,Chhindwara,PARASIA,"23430307418, Govt. HSS Umreth",प्रतिभागी,शिक्षक
BQ6084,Prakash Pawar,Chhindwara,PARASIA,"23430307418, Govt. HSS Umreth",प्रतिभागी,शिक्षक
AG5257,Sukdev Pawar,Chhindwara,PARASIA,"23430308706, Govt. HSS Mordongri",प्रतिभागी,शिक्षक
AG5786,Dulichand Dhurve,Chhindwara,PARASIA,"23430308706, Govt. HSS Mordongri",प्रतिभागी,शिक्षक
BS6814,Manisha Tekam,Chhindwara,PARASIA,"23430308706, Govt. HSS Mordongri",प्रतिभागी,शिक्षक
BY9681,Gangaram Bankar,Chhindwara,PARASIA,"23430308706, Govt. HSS Mordongri",प्रतिभागी,शिक्षक
AG5042,Vijendra Singh Rathour,Chhindwara,PARASIA,"23430302836, Govt. HSS Newton Chikhli",प्रतिभागी,शिक्षक
AG5077,Varsha Ivnati,Chhindwara,PARASIA,"23430302836, Govt. HSS Newton Chikhli",प्रतिभागी,सीएसी
BS6639,Amit Kumar Shrivastava,Chhindwara,PARASIA,"23430302836, Govt. HSS Newton Chikhli",प्रतिभागी,शिक्षक
AH1613,Vijay Revaskar,Chhindwara,SAUSAR,"23430615901, Govt. HSS Excellence Sausar",प्रतिभागी,शिक्षक
AH4954,Akhatar Jahan Mansuri,Chhindwara,SAUSAR,"23430615901, Govt. HSS Excellence Sausar",प्रतिभागी,शिक्षक
AH4958,Motiram Tumdam,Chhindwara,SAUSAR,"23430615901, Govt. HSS Excellence Sausar",प्रतिभागी,अन्य
AH5085,Sandhya Chouksey,Chhindwara,SAUSAR,"23430615901, Govt. HSS Excellence Sausar",प्रतिभागी,शिक्षक
AH5423,Murlidhar Bobde,Chhindwara,SAUSAR,"23430615901, Govt. HSS Excellence Sausar",प्रतिभागी,शिक्षक
BU6177,Savita Khandait,Chhindwara,SAUSAR,"23430615901, Govt. HSS Excellence Sausar",प्रतिभागी,शिक्षक
BU9607,Sandip Banait,Chhindwara,SAUSAR,"23430615901, Govt. HSS Excellence Sausar",प्रतिभागी,शिक्षक
BX2970,Mahadeo Wadole,Chhindwara,SAUSAR,"23430615901, Govt. HSS Excellence Sausar",प्रतिभागी,शिक्षक
CC9491,AMRAPALI GAJBHIYE,Chhindwara,SAUSAR,"23430615901, Govt. HSS Excellence Sausar",प्रतिभागी,शिक्षक
9589190135,Pradeep  Chandekar ,Chhindwara,SAUSAR,"23430615801, Govt. HSS (Girls) Sausar",प्रतिभागी,शिक्षक
AH5062,Rajesh Bhojne,Chhindwara,SAUSAR,"23430615801, Govt. HSS (Girls) Sausar",प्रतिभागी,शिक्षक
AH5081,Rajesh Singh Chauhan,Chhindwara,SAUSAR,"23430615801, Govt. HSS (Girls) Sausar",प्रतिभागी,शिक्षक
AH5714,Shashikala Nagle,Chhindwara,SAUSAR,"23430615801, Govt. HSS (Girls) Sausar",प्रतिभागी,शिक्षक
BT4448,Ranjna Batti,Chhindwara,SAUSAR,"23430615801, Govt. HSS (Girls) Sausar",प्रतिभागी,शिक्षक
AH5018,Gayatri Chore,Chhindwara,SAUSAR,"23430604116, Govt. HSS Pipla Narayanwar",प्रतिभागी,शिक्षक
AE3405,Padma Sunil Thosar,Chhindwara,SAUSAR,"23430605409, Govt. HSS Paradasinga",प्रतिभागी,शिक्षक
BU6807,Gunendra Mundafale,Chhindwara,SAUSAR,"23430605409, Govt. HSS Paradasinga",प्रतिभागी,शिक्षक
AG5030,ABHINAY Ghormare,Chhindwara,SAUSAR,"23430607104, Govt. HSS Ghoti",प्रतिभागी,शिक्षक
AH1890,Prashant Bhujade,Chhindwara,SAUSAR,"23430607104, Govt. HSS Ghoti",प्रतिभागी,शिक्षक
AH5131,Shashikant Waghmare,Chhindwara,SAUSAR,"23430607104, Govt. HSS Ghoti",प्रतिभागी,शिक्षक
AI5236,Rajesh Deshbhratar,Chhindwara,SAUSAR,"23430607104, Govt. HSS Ghoti",प्रतिभागी,शिक्षक
BS6412,Rajendra Khiradkar,Chhindwara,SAUSAR,"23430607104, Govt. HSS Ghoti",प्रतिभागी,शिक्षक
BS9665,Devendra Ghatod,Chhindwara,SAUSAR,"23430607104, Govt. HSS Ghoti",प्रतिभागी,शिक्षक
AG6227,Atesha Dhurve,Chhindwara,TAMIA,"23430506718, GOVT. HSS (GIRLS) TAMIA",प्रतिभागी,शिक्षक
AG6339,Rangilal Dhurve,Chhindwara,TAMIA,"23430506718, GOVT. HSS (GIRLS) TAMIA",प्रतिभागी,शिक्षक
AG6377,S P Bhalavi,Chhindwara,TAMIA,"23430506718, GOVT. HSS (GIRLS) TAMIA",प्रतिभागी,शिक्षक
BY2742,Vijay Choure,Chhindwara,TAMIA,"23430506718, GOVT. HSS (GIRLS) TAMIA",प्रतिभागी,शिक्षक
AG6066,Neeta Suryawanshi,Chhindwara,TAMIA,"23430500106, GOVT. HSS LAHGADUA",प्रतिभागी,शिक्षक
AG6466,Noorul Hasan Shaikh,Chhindwara,TAMIA,"23430500106, GOVT. HSS LAHGADUA",प्रतिभागी,शिक्षक
AG6496,Urmila Sailwar,Chhindwara,TAMIA,"23430500106, GOVT. HSS LAHGADUA",प्रतिभागी,शिक्षक
AG6608,K P Kori,Chhindwara,TAMIA,"23430500106, GOVT. HSS LAHGADUA",प्रतिभागी,शिक्षक
AG8953,Pappu Bharti,Chhindwara,TAMIA,"23430500106, GOVT. HSS LAHGADUA",प्रतिभागी,शिक्षक
CC5097,NILESH BHARGAVA,Chhindwara,TAMIA,"23430516906, Govt. HSS Jhirpa",प्रतिभागी,शिक्षक
CC7187,SAIFALI NAMDEO,Chhindwara,TAMIA,"23430516906, Govt. HSS Jhirpa",प्रतिभागी,शिक्षक
CC7197,MAHENDRA PATEL,Chhindwara,TAMIA,"23430516906, Govt. HSS Jhirpa",प्रतिभागी,शिक्षक
AG5986,Surendra Uikey,Chhindwara,TAMIA,"23430501604, GOVT. HSS JAITPUR",प्रतिभागी,शिक्षक
AG6088,Gulab Marskole,Chhindwara,TAMIA,"23430501604, GOVT. HSS JAITPUR",प्रतिभागी,शिक्षक
BX4811,Rakhee Deshmukh,Chhindwara,TAMIA,"23430501604, GOVT. HSS JAITPUR",प्रतिभागी,शिक्षक
AG6034,Shakila Khan,Chhindwara,TAMIA,"23430503310, GOVT. HSS CHINDI",प्रतिभागी,शिक्षक
AG6555,Trilokchan Rotiya,Chhindwara,TAMIA,"23430503310, GOVT. HSS CHINDI",प्रतिभागी,शिक्षक
AG6626,Laxmi Rotia,Chhindwara,TAMIA,"23430503310, GOVT. HSS CHINDI",प्रतिभागी,शिक्षक
CC4349,KEERTI PANDRAM,Chhindwara,TAMIA,"23430503310, GOVT. HSS CHINDI",प्रतिभागी,शिक्षक
AG6124,Prakash Mandre,Chhindwara,TAMIA,"23430504607, Govt. HSS Nagri",प्रतिभागी,शिक्षक
AG6738,Raj Kumar Marskole,Chhindwara,TAMIA,"23430504607, Govt. HSS Nagri",प्रतिभागी,शिक्षक
BV9492,Kiran Chouhan,Chhindwara,TAMIA,"23430504607, Govt. HSS Nagri",प्रतिभागी,शिक्षक
BY8253,Vinod Bhonde,Chhindwara,TAMIA,"23430509007, GOVT. HSS KURSIDHANA",प्रतिभागी,शिक्षक
CF9065,SARASWATI BATKE,Chhindwara,TAMIA,"23430509007, GOVT. HSS KURSIDHANA",प्रतिभागी,शिक्षक
BW4852,Dilip Kumar Banothe,Chhindwara,TAMIA,"23430509909, GOVT. HSS DELAKHARI",प्रतिभागी,शिक्षक
AG6481,L L Ahke,Chhindwara,TAMIA,"23430511105, Govt. HSS Bamhani",प्रतिभागी,शिक्षक
CF4859,NEELU BHARDWAJ,Chhindwara,TAMIA,"23430511105, Govt. HSS Bamhani",प्रतिभागी,शिक्षक
CC5096,BHAGWAN SINGH PATEL,Chhindwara,TAMIA,"23430514108, GOVT. HSS CHAWALPANI",प्रतिभागी,शिक्षक
BT8376,Santosh Kumar Gupta,Damoh,BATIYAGARH,"23120705024, GOVT HSS EXCELLENCE, BATIYAGARH",प्रतिभागी,शिक्षक
BV9009,Jumman Khan,Damoh,BATIYAGARH,"23120705024, GOVT HSS EXCELLENCE, BATIYAGARH",प्रतिभागी,शिक्षक
BZ4259,Suneeta Prajapati,Damoh,BATIYAGARH,"23120705024, GOVT HSS EXCELLENCE, BATIYAGARH",प्रतिभागी,शिक्षक
AH5906,Purshottam Patel,Damoh,BATIYAGARH,"23120700203, GOVT HS RIYANA",प्रतिभागी,शिक्षक
AH5960,Kashiram Ahirawal,Damoh,BATIYAGARH,"23120700203, GOVT HS RIYANA",प्रतिभागी,शिक्षक
AH6537,Ompal Singh Rajput,Damoh,BATIYAGARH,"23120700203, GOVT HS RIYANA",प्रतिभागी,शिक्षक
BS1029,Shailendra Kumar Khare,Damoh,BATIYAGARH,"23120700203, GOVT HS RIYANA",प्रतिभागी,शिक्षक
BW2236,Mahendra Lodhi,Damoh,BATIYAGARH,"23120700203, GOVT HS RIYANA",प्रतिभागी,शिक्षक
AH5751,Santosh Kumar Vishwakarma,Damoh,BATIYAGARH,"23120703009, GOVT HSS KHADERI",प्रतिभागी,अन्य
AI2074,Sanjeev Kumar Duvey,Damoh,BATIYAGARH,"23120703009, GOVT HSS KHADERI",प्रतिभागी,शिक्षक
BX4396,Jahar Yadav,Damoh,BATIYAGARH,"23120703009, GOVT HSS KHADERI",प्रतिभागी,शिक्षक
AH8745,Harishankar Agrawal,Damoh,BATIYAGARH,"23120708509, GOVT HSS MAGRON",प्रतिभागी,शिक्षक
BN2798,Mamta Kori,Damoh,BATIYAGARH,"23120708509, GOVT HSS MAGRON",प्रतिभागी,शिक्षक
CB1200,VINOD DUBEY,Damoh,BATIYAGARH,"23120708509, GOVT HSS MAGRON",प्रतिभागी,शिक्षक
CD9795,KARAN SINGH,Damoh,BATIYAGARH,"23120708509, GOVT HSS MAGRON",प्रतिभागी,शिक्षक
CE5043,SANGEETA ATHYA,Damoh,BATIYAGARH,"23120708509, GOVT HSS MAGRON",प्रतिभागी,शिक्षक
AH5955,Chandrakant Tiwari,Damoh,BATIYAGARH,"23120709418, GOVT HSS FUTERA KALA",प्रतिभागी,शिक्षक
AI1945,Baijnath Prasad Namdeo,Damoh,BATIYAGARH,"23120709418, GOVT HSS FUTERA KALA",प्रतिभागी,शिक्षक
AH5875,Ashik Hussain,Damoh,BATIYAGARH,"23120702706, GOVT HSS PHATEHPUR",प्रतिभागी,शिक्षक
AH6202,Dalchand Patel,Damoh,BATIYAGARH,"23120702706, GOVT HSS PHATEHPUR",प्रतिभागी,शिक्षक
BT9622,Satish Upadhyay,Damoh,BATIYAGARH,"23120702706, GOVT HSS PHATEHPUR",प्रतिभागी,शिक्षक
AI3050,Miharvan Kachhi,Damoh,BATIYAGARH,"23120704103, GOVT HS RONSARA",प्रतिभागी,शिक्षक
BO4480,Manish Kumar Dixit,Damoh,BATIYAGARH,"23120704103, GOVT HS RONSARA",प्रतिभागी,शिक्षक
BV8721,Ahfaj Khan,Damoh,BATIYAGARH,"23120704103, GOVT HS RONSARA",प्रतिभागी,शिक्षक
BW6671,Ashish Patel,Damoh,BATIYAGARH,"23120704103, GOVT HS RONSARA",प्रतिभागी,शिक्षक
AH7147,Vandana Patel,Damoh,DAMOH,"23120310514, GOVT HSS GIRLS, DAMOH",प्रतिभागी,शिक्षक
AH7442,Jaya Dubey,Damoh,DAMOH,"23120310514, GOVT HSS GIRLS, DAMOH",प्रतिभागी,शिक्षक
AH7504,Danshu Prasad Ahirwal,Damoh,DAMOH,"23120310514, GOVT HSS GIRLS, DAMOH",प्रतिभागी,शिक्षक
AH8245,Seema Chourasiya,Damoh,DAMOH,"23120310514, GOVT HSS GIRLS, DAMOH",प्रतिभागी,शिक्षक
AI2466,Madhu Agrawal,Damoh,DAMOH,"23120310514, GOVT HSS GIRLS, DAMOH",प्रतिभागी,शिक्षक
AI2729,Manish Bharadwaj,Damoh,DAMOH,"23120310514, GOVT HSS GIRLS, DAMOH",प्रतिभागी,शिक्षक
AK6149,Mahesh Kumar Gupta,Damoh,DAMOH,"23120310514, GOVT HSS GIRLS, DAMOH",प्रतिभागी,शिक्षक
BR5029,Suneel Dutt Gupta,Damoh,DAMOH,"23120310514, GOVT HSS GIRLS, DAMOH",प्रतिभागी,शिक्षक
BS1398,Naazma Tabassum,Damoh,DAMOH,"23120310514, GOVT HSS GIRLS, DAMOH",प्रतिभागी,शिक्षक
BT5783,Jayanti Premi,Damoh,DAMOH,"23120310514, GOVT HSS GIRLS, DAMOH",प्रतिभागी,शिक्षक
BT6371,Meena Patel,Damoh,DAMOH,"23120310514, GOVT HSS GIRLS, DAMOH",प्रतिभागी,शिक्षक
BV9178,Hemlata Soni,Damoh,DAMOH,"23120310514, GOVT HSS GIRLS, DAMOH",प्रतिभागी,शिक्षक
BY5832,SUMAN PANDEY,Damoh,DAMOH,"23120310514, GOVT HSS GIRLS, DAMOH",प्रतिभागी,शिक्षक
AI2213,Kamlesh Kumar Sahu,Damoh,DAMOH,"23120305906, GOVT HS BILAI",प्रतिभागी,शिक्षक
BY4302,Manoj Kumar Ahirwal,Damoh,DAMOH,"23120305906, GOVT HS BILAI",प्रतिभागी,शिक्षक
AI1565,Madan Lal Vishwakarma,Damoh,DAMOH,"23120307120, GOVT HSS GIRLS, HINDORIYA",प्रतिभागी,शिक्षक
BU6424,Dharmendra Kumar Jain,Damoh,DAMOH,"23120307120, GOVT HSS GIRLS, HINDORIYA",प्रतिभागी,शिक्षक
AH6938,Balram Ahirwal,Damoh,DAMOH,"23120305311, GOVT HSS BANSA TARKHEDA",प्रतिभागी,शिक्षक
AH8072,Dileep Kumar Soni,Damoh,DAMOH,"23120305311, GOVT HSS BANSA TARKHEDA",प्रतिभागी,शिक्षक
AH9317,Supril Kerketta,Damoh,DAMOH,"23120305311, GOVT HSS BANSA TARKHEDA",प्रतिभागी,शिक्षक
AH7797,Lakkhu Prasad Ahirwal,Damoh,DAMOH,"23120310212, GOVT HSS BANDAK PUR",प्रतिभागी,शिक्षक
AH7799,Amzad Khan,Damoh,DAMOH,"23120310212, GOVT HSS BANDAK PUR",प्रतिभागी,शिक्षक
BW1684,Neetika Mishra,Damoh,DAMOH,"23120310212, GOVT HSS BANDAK PUR",प्रतिभागी,शिक्षक
AH8803,Satish Kumar Nagayach,Damoh,DAMOH,"23120302007, GOVT HSS BALAKOT",प्रतिभागी,शिक्षक
AH9051,Rekha Katahre,Damoh,DAMOH,"23120302007, GOVT HSS BALAKOT",प्रतिभागी,शिक्षक
BW7719,Vijay Singh Lodhi,Damoh,DAMOH,"23120302007, GOVT HSS BALAKOT",प्रतिभागी,शिक्षक
BX8979,Babita Raikwar,Damoh,DAMOH,"23120302007, GOVT HSS BALAKOT",प्रतिभागी,शिक्षक
CE3980,KARTIKEY PANDEY,Damoh,DAMOH,"23120302007, GOVT HSS BALAKOT",प्रतिभागी,शिक्षक
CE3986,MANOJ CHOUHAN,Damoh,DAMOH,"23120302007, GOVT HSS BALAKOT",प्रतिभागी,शिक्षक
AH9932,Rashmi Pauranik,Damoh,DAMOH,"23120310810, GOVT HS HIRDEPUR",प्रतिभागी,शिक्षक
AI2323,Mandvi Tiwari,Damoh,DAMOH,"23120310810, GOVT HS HIRDEPUR",प्रतिभागी,शिक्षक
AU2350,Sonula Shrivastava,Damoh,DAMOH,"23120310810, GOVT HS HIRDEPUR",प्रतिभागी,शिक्षक
AH6795,Sangita Ahirwal,Damoh,DAMOH,"23120304004, GOVT HSS MUDIA",प्रतिभागी,शिक्षक
BQ5919,Rashmi Khare,Damoh,DAMOH,"23120304004, GOVT HSS MUDIA",प्रतिभागी,शिक्षक
BR3745,Chandrika Prasad Sahu,Damoh,DAMOH,"23120304004, GOVT HSS MUDIA",प्रतिभागी,शिक्षक
AH7458,Himmat Singh Thakur,Damoh,DAMOH,"23120302603, GOVT HSS IMALIYA GHAT",प्रतिभागी,शिक्षक
AH7523,Koushal Prasad Patel,Damoh,DAMOH,"23120302603, GOVT HSS IMALIYA GHAT",प्रतिभागी,शिक्षक
AI2622,Mahendra Pal Singh Thakur,Damoh,DAMOH,"23120302603, GOVT HSS IMALIYA GHAT",प्रतिभागी,शिक्षक
BW8694,Gumnesh Singh Thakur,Damoh,DAMOH,"23120302603, GOVT HSS IMALIYA GHAT",प्रतिभागी,शिक्षक
AH8654,Laxmi Raj,Damoh,DAMOH,"23120301011, GOVT HSS GIRLS, CIVIL WARD 2",प्रतिभागी,शिक्षक
AI1276,Rizwana Khan,Damoh,DAMOH,"23120301011, GOVT HSS GIRLS, CIVIL WARD 2",प्रतिभागी,शिक्षक
AH6533,Arij Beg,Damoh,DAMOH,"23120317611, GOVT HSS GIRLS, FUTERA WARD 3",प्रतिभागी,शिक्षक
AH7697,Uma Shankar Vishwakarma,Damoh,DAMOH,"23120317611, GOVT HSS GIRLS, FUTERA WARD 3",प्रतिभागी,शिक्षक
AI2288,Neelu Shrivastava,Damoh,DAMOH,"23120317611, GOVT HSS GIRLS, FUTERA WARD 3",प्रतिभागी,शिक्षक
BQ9008,Jaswanti Kori,Damoh,DAMOH,"23120317611, GOVT HSS GIRLS, FUTERA WARD 3",प्रतिभागी,शिक्षक
BR3152,Kranti Ahirwal,Damoh,DAMOH,"23120317611, GOVT HSS GIRLS, FUTERA WARD 3",प्रतिभागी,शिक्षक
AH7673,Dharam Singh Lodhi,Damoh,DAMOH,"23120307818, GOVT HSS ABHANA",प्रतिभागी,शिक्षक
AH7694,Roop Singh Lodhi,Damoh,DAMOH,"23120307818, GOVT HSS ABHANA",प्रतिभागी,शिक्षक
AH8003,Kanhaiya Lal,Damoh,DAMOH,"23120307818, GOVT HSS ABHANA",प्रतिभागी,शिक्षक
AI1198,Gajendra Singh Thakur,Damoh,DAMOH,"23120307818, GOVT HSS ABHANA",प्रतिभागी,शिक्षक
AI1985,Richa Shrivastav,Damoh,DAMOH,"23120307818, GOVT HSS ABHANA",प्रतिभागी,शिक्षक
AQ3407,Sandeep Kumar Shrivastava,Damoh,DAMOH,"23120307818, GOVT HSS ABHANA",प्रतिभागी,शिक्षक
AH7439,Urshila Lakra,Damoh,DAMOH,"23120313105, GOVT HS TOURI",प्रतिभागी,शिक्षक
AH7926,Radha Yadav,Damoh,DAMOH,"23120313105, GOVT HS TOURI",प्रतिभागी,शिक्षक
AH8018,Jaishree Athya,Damoh,DAMOH,"23120313105, GOVT HS TOURI",प्रतिभागी,शिक्षक
AI1274,Ashok Kumar Munda,Damoh,DAMOH,"23120313105, GOVT HS TOURI",प्रतिभागी,सीएसी
AI2065,Surendra Kumar Athya,Damoh,DAMOH,"23120313105, GOVT HS TOURI",प्रतिभागी,शिक्षक
AI2133,Amit Chaturvedi,Damoh,DAMOH,"23120313105, GOVT HS TOURI",प्रतिभागी,शिक्षक
BS8597,Sapana Ahirwar,Damoh,DAMOH,"23120313105, GOVT HS TOURI",प्रतिभागी,शिक्षक
AH8897,Komal Prasad Ahirwar,Damoh,HATTA,"23120402015, GOVT HSS MADIYADO",प्रतिभागी,शिक्षक
AH9348,Vandana Soni,Damoh,HATTA,"23120402015, GOVT HSS MADIYADO",प्रतिभागी,शिक्षक
AI2927,Ishwar Prasad Goswami,Damoh,HATTA,"23120402015, GOVT HSS MADIYADO",प्रतिभागी,शिक्षक
BV9585,Vineeta Chhirolya,Damoh,HATTA,"23120402015, GOVT HSS MADIYADO",प्रतिभागी,शिक्षक
BW2676,Ganesh Prasad Sen,Damoh,HATTA,"23120402015, GOVT HSS MADIYADO",प्रतिभागी,शिक्षक
AH6923,Bakhatiya Basor,Damoh,HATTA,"23120408004, GOVT HSS KANTEE",प्रतिभागी,शिक्षक
AH7719,Manoj Kumar Soni,Damoh,HATTA,"23120408004, GOVT HSS KANTEE",प्रतिभागी,शिक्षक
AH8911,Sunil Kumar Soni,Damoh,HATTA,"23120408004, GOVT HSS KANTEE",प्रतिभागी,शिक्षक
AH9053,Bhagavat Prasad Patel,Damoh,HATTA,"23120408004, GOVT HSS KANTEE",प्रतिभागी,शिक्षक
AH9365,Dinesh Kumar Tantuway,Damoh,HATTA,"23120408004, GOVT HSS KANTEE",प्रतिभागी,शिक्षक
AI1579,Rakesh Sahu,Damoh,HATTA,"23120408004, GOVT HSS KANTEE",प्रतिभागी,शिक्षक
BO5574,Alka Dubey,Damoh,HATTA,"23120408004, GOVT HSS KANTEE",प्रतिभागी,शिक्षक
BT5807,Pravin Kumar Patel,Damoh,HATTA,"23120408004, GOVT HSS KANTEE",प्रतिभागी,शिक्षक
BW3575,Sheetal Prasad Kurmi,Damoh,HATTA,"23120408004, GOVT HSS KANTEE",प्रतिभागी,शिक्षक
BX2563,Harendra Pandey,Damoh,HATTA,"23120408004, GOVT HSS KANTEE",प्रतिभागी,शिक्षक
BX2576,Harikrishna Soni,Damoh,HATTA,"23120408004, GOVT HSS KANTEE",प्रतिभागी,शिक्षक
BX3703,Rakhi Agrawal,Damoh,HATTA,"23120408004, GOVT HSS KANTEE",प्रतिभागी,शिक्षक
BX4479,Seema Kori,Damoh,HATTA,"23120408004, GOVT HSS KANTEE",प्रतिभागी,शिक्षक
BY4304,Ravikiran Ahirwar,Damoh,HATTA,"23120408004, GOVT HSS KANTEE",प्रतिभागी,शिक्षक
CA6597,GAGAN DAHAYAT,Damoh,HATTA,"23120408004, GOVT HSS KANTEE",प्रतिभागी,शिक्षक
AF5900,Rakesh Kumar Saini,Damoh,HATTA,"23120403108, GOVT HSS GASSABAD",प्रतिभागी,शिक्षक
AH9146,Rajkishore Chaurasiya,Damoh,HATTA,"23120403108, GOVT HSS GASSABAD",प्रतिभागी,शिक्षक
BS7629,Ganesh Prasad,Damoh,HATTA,"23120403108, GOVT HSS GASSABAD",प्रतिभागी,सीएसी
AH8919,Pooran Lal Tantuway,Damoh,HATTA,"23120411208, GOVT HSS GIRLS, NAVODAYA WARD",प्रतिभागी,शिक्षक
AH9021,Vinita Shrivastava,Damoh,HATTA,"23120411208, GOVT HSS GIRLS, NAVODAYA WARD",प्रतिभागी,शिक्षक
AH9334,Mohammad Tahir Khan,Damoh,HATTA,"23120411208, GOVT HSS GIRLS, NAVODAYA WARD",प्रतिभागी,शिक्षक
AI2538,Govind Prasad Ravat,Damoh,HATTA,"23120411208, GOVT HSS GIRLS, NAVODAYA WARD",प्रतिभागी,शिक्षक
BR1255,Omkar Prasad Pal,Damoh,HATTA,"23120411208, GOVT HSS GIRLS, NAVODAYA WARD",प्रतिभागी,शिक्षक
BS4821,Balkrashna Chaurasiya,Damoh,HATTA,"23120411208, GOVT HSS GIRLS, NAVODAYA WARD",प्रतिभागी,शिक्षक
AH6291,Tribhuvan Kumar Tiwari,Damoh,HATTA,"23120406610, GOVT HSS RANEH",प्रतिभागी,शिक्षक
AH6474,Dummanlal Kori,Damoh,HATTA,"23120406610, GOVT HSS RANEH",प्रतिभागी,शिक्षक
AX9594,Sanjay Kumar Upadhyay,Damoh,HATTA,"23120405411, GOVT HSS HINOTAKALA",प्रतिभागी,शिक्षक
BW9410,Kamal Prasad Kachhi,Damoh,HATTA,"23120405411, GOVT HSS HINOTAKALA",प्रतिभागी,शिक्षक
BX6513,Deepshikha Dubey,Damoh,HATTA,"23120405411, GOVT HSS HINOTAKALA",प्रतिभागी,शिक्षक
BZ2984,Manoj Kurmi,Damoh,HATTA,"23120405411, GOVT HSS HINOTAKALA",प्रतिभागी,शिक्षक
AH9802,Keshari Singh Thakur,Damoh,JABERA,"23120603707, GOVT HSS SINGHPUR",प्रतिभागी,शिक्षक
BK3352,Meena Thakur,Damoh,JABERA,"23120603707, GOVT HSS SINGHPUR",प्रतिभागी,शिक्षक
BO9801,Manju Urreti,Damoh,JABERA,"23120603707, GOVT HSS SINGHPUR",प्रतिभागी,शिक्षक
BX9821,Pushpraj Rawat,Damoh,JABERA,"23120603707, GOVT HSS SINGHPUR",प्रतिभागी,शिक्षक
AH9546,Virendra Kumar Rai,Damoh,JABERA,"23120601012, GOVT HSS SINGRAMPUR",प्रतिभागी,शिक्षक
AH9566,Omkar Singh Gond,Damoh,JABERA,"23120601012, GOVT HSS SINGRAMPUR",प्रतिभागी,शिक्षक
AH9756,Anil Kumar Soni,Damoh,JABERA,"23120608915, GOVT HSS GIRLS, JABERA",प्रतिभागी,शिक्षक
AH9890,Gulab Bajpai,Damoh,JABERA,"23120608915, GOVT HSS GIRLS, JABERA",प्रतिभागी,शिक्षक
AH9508,Padam Singh Thakur,Damoh,JABERA,"23120600519, GOVT HSS NOHTA",प्रतिभागी,शिक्षक
AH9794,Preetam Lal Sahu,Damoh,JABERA,"23120600519, GOVT HSS NOHTA",प्रतिभागी,शिक्षक
AI2214,Narendra Kumar Pandey,Damoh,JABERA,"23120600519, GOVT HSS NOHTA",प्रतिभागी,शिक्षक
BV6590,Dan Singh Thakur,Damoh,JABERA,"23120600519, GOVT HSS NOHTA",प्रतिभागी,शिक्षक
AI1115,Saroj Goswami,Damoh,JABERA,"23120603806, GOVT HSS CHOUPRA",प्रतिभागी,शिक्षक
AI1140,Surendra Singh,Damoh,JABERA,"23120603806, GOVT HSS CHOUPRA",प्रतिभागी,शिक्षक
AH9647,Kamlesh Kumar Jain,Damoh,JABERA,"23120609210, GOVT HSS BAMHOREE",प्रतिभागी,शिक्षक
AH9964,Gyaprasad Pardhan,Damoh,JABERA,"23120609210, GOVT HSS BAMHOREE",प्रतिभागी,शिक्षक
AI1090,Suraj Singh Gound,Damoh,JABERA,"23120609210, GOVT HSS BAMHOREE",प्रतिभागी,शिक्षक
AI1020,Mukesh Kumar Jain,Damoh,JABERA,"23120604911, GOVT HSS BANWAR",प्रतिभागी,शिक्षक
AI1072,Man Singh Lodhi,Damoh,JABERA,"23120604911, GOVT HSS BANWAR",प्रतिभागी,शिक्षक
AI1261,Vandna Vishwakarma,Damoh,PATERA,"23120101518, GOVT HSS EXCELLENCE, PATERA",प्रतिभागी,शिक्षक
AI1560,Devendra Tantuvay,Damoh,PATERA,"23120101518, GOVT HSS EXCELLENCE, PATERA",प्रतिभागी,शिक्षक
AI1568,Roopwati Ahirwal,Damoh,PATERA,"23120101518, GOVT HSS EXCELLENCE, PATERA",प्रतिभागी,शिक्षक
AT2315,Ranjana Chourasiya,Damoh,PATERA,"23120101518, GOVT HSS EXCELLENCE, PATERA",प्रतिभागी,शिक्षक
BY6301,Maya Vishwakarma,Damoh,PATERA,"23120101518, GOVT HSS EXCELLENCE, PATERA",प्रतिभागी,शिक्षक
BP6195,Amit Kumar Jain,Damoh,PATERA,"23120101206, GOVT HSS KUMHARI",प्रतिभागी,शिक्षक
BS3833,Sachin Kumar,Damoh,PATERA,"23120101206, GOVT HSS KUMHARI",प्रतिभागी,शिक्षक
BS7424,Kamlesh Sen,Damoh,PATERA,"23120101206, GOVT HSS KUMHARI",प्रतिभागी,शिक्षक
BT4205,Rajesh Kori,Damoh,PATERA,"23120101206, GOVT HSS KUMHARI",प्रतिभागी,शिक्षक
AI2513,Kali Charan Ahirwar,Damoh,PATERA,"23120105405, GOVT HS MAGHGUWAN PATOOL",प्रतिभागी,शिक्षक
AI1426,Thakurdas Asati,Damoh,PATERA,"23120105207, GOVT HSS LUHAREE",प्रतिभागी,शिक्षक
BT9146,Bhupendra Rathore,Damoh,PATERA,"23120105207, GOVT HSS LUHAREE",प्रतिभागी,शिक्षक
BV7035,Babita Athya,Damoh,PATERA,"23120105207, GOVT HSS LUHAREE",प्रतिभागी,शिक्षक
BX1765,Ajit Awasthi,Damoh,PATERA,"23120105207, GOVT HSS LUHAREE",प्रतिभागी,शिक्षक
AI1461,Shankar Lal Kori,Damoh,PATERA,"23120105107, GOVT HS BANGAWN",प्रतिभागी,शिक्षक
BS5542,KRANTI MUNDA,Damoh,PATERA,"23120105107, GOVT HS BANGAWN",प्रतिभागी,शिक्षक
AH7072,Bhagchand Ahirwar,Damoh,PATHARIA,"23120200127, GOVT HSS EXCELLENCE, PATHARIYA",प्रतिभागी,शिक्षक
AH8473,Harish Babu Soni,Damoh,PATHARIA,"23120200127, GOVT HSS EXCELLENCE, PATHARIYA",प्रतिभागी,शिक्षक
AY1423,Mahendra Kumar Jain,Damoh,PATHARIA,"23120200127, GOVT HSS EXCELLENCE, PATHARIYA",प्रतिभागी,शिक्षक
BN1213,Anil Kumar Raikwar,Damoh,PATHARIA,"23120200127, GOVT HSS EXCELLENCE, PATHARIYA",प्रतिभागी,शिक्षक
BT8081,Govind Kumar Ahirwar,Damoh,PATHARIA,"23120200127, GOVT HSS EXCELLENCE, PATHARIYA",प्रतिभागी,शिक्षक
BT9148,Archana Yadav,Damoh,PATHARIA,"23120200127, GOVT HSS EXCELLENCE, PATHARIYA",प्रतिभागी,शिक्षक
BX8828,Hemant Rathor,Damoh,PATHARIA,"23120200127, GOVT HSS EXCELLENCE, PATHARIYA",प्रतिभागी,शिक्षक
BZ1489,Rajendra Chakravarti,Damoh,PATHARIA,"23120200127, GOVT HSS EXCELLENCE, PATHARIYA",प्रतिभागी,शिक्षक
AH7400,Pavan Sen,Damoh,PATHARIA,"23120202908, GOVT HSS BANSAKALA",प्रतिभागी,शिक्षक
AH8525,Laxman Prasad Ahirwal,Damoh,PATHARIA,"23120202908, GOVT HSS BANSAKALA",प्रतिभागी,शिक्षक
AI2227,Veerendra Kumar Ahirwar,Damoh,PATHARIA,"23120202908, GOVT HSS BANSAKALA",प्रतिभागी,शिक्षक
BQ8716,Madhulata Tantuway,Damoh,PATHARIA,"23120202908, GOVT HSS BANSAKALA",प्रतिभागी,शिक्षक
BT3907,Deepa Pouranik,Damoh,PATHARIA,"23120202908, GOVT HSS BANSAKALA",प्रतिभागी,शिक्षक
BU4394,Geeta Purani,Damoh,PATHARIA,"23120202908, GOVT HSS BANSAKALA",प्रतिभागी,शिक्षक
BX1134,Premlal Raikwar,Damoh,PATHARIA,"23120202908, GOVT HSS BANSAKALA",प्रतिभागी,शिक्षक
AH6562,Dwarka Prasad Mishra,Damoh,PATHARIA,"23120204506, GOVT HS BOTRAI",प्रतिभागी,शिक्षक
AH6573,Kadorilal Ahirwar,Damoh,PATHARIA,"23120204506, GOVT HS BOTRAI",प्रतिभागी,शिक्षक
AH6608,Madhu Kader,Damoh,PATHARIA,"23120204506, GOVT HS BOTRAI",प्रतिभागी,शिक्षक
AH8519,Sadhuram Gound,Damoh,PATHARIA,"23120204506, GOVT HS BOTRAI",प्रतिभागी,शिक्षक
BW3311,Murlidhar Pal,Damoh,PATHARIA,"23120204506, GOVT HS BOTRAI",प्रतिभागी,शिक्षक
CB2926,RAJKUMAR KUSMARIYA,Damoh,PATHARIA,"23120204506, GOVT HS BOTRAI",प्रतिभागी,शिक्षक
AH5932,Tejilal Ahirwal,Damoh,PATHARIA,"23120201204, GOVT HSS SADGUWAN",प्रतिभागी,शिक्षक
AH6504,Gyaneshwar Singh Rajput,Damoh,PATHARIA,"23120201204, GOVT HSS SADGUWAN",प्रतिभागी,शिक्षक
AH6511,Sundar Lal Ahirwar,Damoh,PATHARIA,"23120201204, GOVT HSS SADGUWAN",प्रतिभागी,शिक्षक
AH6521,Sharad Kumar Sahu,Damoh,PATHARIA,"23120201204, GOVT HSS SADGUWAN",प्रतिभागी,शिक्षक
AH8505,Rekha Niranjan,Damoh,PATHARIA,"23120201204, GOVT HSS SADGUWAN",प्रतिभागी,शिक्षक
AI2249,Roop Singh Lodhi,Damoh,PATHARIA,"23120201204, GOVT HSS SADGUWAN",प्रतिभागी,शिक्षक
BQ7905,Suneel Khatik,Damoh,PATHARIA,"23120201204, GOVT HSS SADGUWAN",प्रतिभागी,शिक्षक
BQ7910,Dev Kumar Ahirwal,Damoh,PATHARIA,"23120201204, GOVT HSS SADGUWAN",प्रतिभागी,शिक्षक
BS4906,Wahabuddin Rayeen,Damoh,PATHARIA,"23120201204, GOVT HSS SADGUWAN",प्रतिभागी,शिक्षक
AH8370,Santosh Kumar Gupta,Damoh,PATHARIA,"23120208703, GOVT HSS KUMERIYA",प्रतिभागी,शिक्षक
BN3877,Rajendra Prasad Patel,Damoh,PATHARIA,"23120208703, GOVT HSS KUMERIYA",प्रतिभागी,शिक्षक
BQ7076,Jitendra Singh Gond,Damoh,PATHARIA,"23120208703, GOVT HSS KUMERIYA",प्रतिभागी,शिक्षक
BS6362,Bhagwan Das Patel,Damoh,PATHARIA,"23120208703, GOVT HSS KUMERIYA",प्रतिभागी,शिक्षक
BY3425,Ram Kurmi,Damoh,PATHARIA,"23120208214, GOVT HS NARSINGHARH",प्रतिभागी,शिक्षक
AH6493,Devkrishna Prajapati,Damoh,PATHARIA,"23120208007, GOVT HSS KISHUNGANG",प्रतिभागी,शिक्षक
AH6499,Anil Kumar Khare,Damoh,PATHARIA,"23120208007, GOVT HSS KISHUNGANG",प्रतिभागी,शिक्षक
AH7707,Chaturbhuj Prasad,Damoh,PATHARIA,"23120208007, GOVT HSS KISHUNGANG",प्रतिभागी,शिक्षक
AH8335,Kashi Ram Ahirwar,Damoh,PATHARIA,"23120208007, GOVT HSS KISHUNGANG",प्रतिभागी,शिक्षक
AI2625,Subhashchand Jain,Damoh,PATHARIA,"23120208007, GOVT HSS KISHUNGANG",प्रतिभागी,शिक्षक
BU6343,Nirbhay Singh Thakur,Damoh,PATHARIA,"23120208007, GOVT HSS KISHUNGANG",प्रतिभागी,शिक्षक
BV8488,Hariram Kumhar,Damoh,PATHARIA,"23120208007, GOVT HSS KISHUNGANG",प्रतिभागी,शिक्षक
BW3933,Indraj Singh Thakur,Damoh,PATHARIA,"23120208007, GOVT HSS KISHUNGANG",प्रतिभागी,शिक्षक
AH9495,Ashish Kumar Jain,Damoh,TENDUKHEDA,"23120500119, GOVT HSS GIRLS, TENDUKHEDA",प्रतिभागी,शिक्षक
AI1949,MANJU Namdev,Damoh,TENDUKHEDA,"23120500119, GOVT HSS GIRLS, TENDUKHEDA",प्रतिभागी,शिक्षक
AI1967,Mamta Khare,Damoh,TENDUKHEDA,"23120500119, GOVT HSS GIRLS, TENDUKHEDA",प्रतिभागी,शिक्षक
AI2405,Anuradha Tiwari,Damoh,TENDUKHEDA,"23120500119, GOVT HSS GIRLS, TENDUKHEDA",प्रतिभागी,शिक्षक
AI3167,Shakuntala Lodhi,Damoh,TENDUKHEDA,"23120500119, GOVT HSS GIRLS, TENDUKHEDA",प्रतिभागी,शिक्षक
BT9776,Ritu Rani Namdeo,Damoh,TENDUKHEDA,"23120500119, GOVT HSS GIRLS, TENDUKHEDA",प्रतिभागी,शिक्षक
BW2783,Devendra Singh Ghoshi,Damoh,TENDUKHEDA,"23120500119, GOVT HSS GIRLS, TENDUKHEDA",प्रतिभागी,शिक्षक
AH6298,Abhinandan Dubey,Damoh,TENDUKHEDA,"23120500118, GOVT HSS BOYS, EXCELLENCE, TENDUKHEDA",प्रतिभागी,शिक्षक
AI1925,Prakash Minj,Damoh,TENDUKHEDA,"23120500118, GOVT HSS BOYS, EXCELLENCE, TENDUKHEDA",प्रतिभागी,शिक्षक
AI1930,Himmat Singh Lodhi,Damoh,TENDUKHEDA,"23120500118, GOVT HSS BOYS, EXCELLENCE, TENDUKHEDA",प्रतिभागी,शिक्षक
AI1946,Susheel Kumar Shreevastav,Damoh,TENDUKHEDA,"23120500118, GOVT HSS BOYS, EXCELLENCE, TENDUKHEDA",प्रतिभागी,शिक्षक
AI1947,Shilpa Khare,Damoh,TENDUKHEDA,"23120500118, GOVT HSS BOYS, EXCELLENCE, TENDUKHEDA",प्रतिभागी,शिक्षक
AI1953,Shavana KHAN,Damoh,TENDUKHEDA,"23120500118, GOVT HSS BOYS, EXCELLENCE, TENDUKHEDA",प्रतिभागी,शिक्षक
AI2053,Halkelal Jain,Damoh,TENDUKHEDA,"23120500118, GOVT HSS BOYS, EXCELLENCE, TENDUKHEDA",प्रतिभागी,शिक्षक
AI2306,Phool Singh Gound,Damoh,TENDUKHEDA,"23120500118, GOVT HSS BOYS, EXCELLENCE, TENDUKHEDA",प्रतिभागी,शिक्षक
BT3969,Pradeep Kumar Khare,Damoh,TENDUKHEDA,"23120500118, GOVT HSS BOYS, EXCELLENCE, TENDUKHEDA",प्रतिभागी,शिक्षक
BV9739,Rajesh Singh Lodhi,Damoh,TENDUKHEDA,"23120500118, GOVT HSS BOYS, EXCELLENCE, TENDUKHEDA",प्रतिभागी,शिक्षक
AI2343,Gajendra Kumar Jain,Damoh,TENDUKHEDA,"23120509107, GOVT HSS SAILWADA",प्रतिभागी,शिक्षक
AI2378,Sushila Thakur,Damoh,TENDUKHEDA,"23120509107, GOVT HSS SAILWADA",प्रतिभागी,शिक्षक
CD3477,SURBHI PATEL,Damoh,TENDUKHEDA,"23120509107, GOVT HSS SAILWADA",प्रतिभागी,शिक्षक
CE5205,RAJESH PANDOLE,Damoh,TENDUKHEDA,"23120509107, GOVT HSS SAILWADA",प्रतिभागी,शिक्षक
AI1871,Uday Raj Patel,Damoh,TENDUKHEDA,"23120509909, GOVT HSS SARRA",प्रतिभागी,शिक्षक
AI1891,Laxmi Narayan Kurmi,Damoh,TENDUKHEDA,"23120509909, GOVT HSS SARRA",प्रतिभागी,शिक्षक
AI1164,Madhav Prasad Sahoo,Damoh,TENDUKHEDA,"23120506107, GOVT HSS TARA DEHI",प्रतिभागी,शिक्षक
AI1731,Phool Singh Lodhi,Damoh,TENDUKHEDA,"23120506107, GOVT HSS TARA DEHI",प्रतिभागी,शिक्षक
AI1746,Jinesh Jain,Damoh,TENDUKHEDA,"23120506107, GOVT HSS TARA DEHI",प्रतिभागी,शिक्षक
AI1756,Raju Prasad Sahu,Damoh,TENDUKHEDA,"23120506107, GOVT HSS TARA DEHI",प्रतिभागी,शिक्षक
AI1766,Rajendra Singh Lodhi,Damoh,TENDUKHEDA,"23120506107, GOVT HSS TARA DEHI",प्रतिभागी,शिक्षक
AI1767,Rakesh Kumar,Damoh,TENDUKHEDA,"23120506107, GOVT HSS TARA DEHI",प्रतिभागी,शिक्षक
AI2060,Santosh Kumar Pathak,Damoh,TENDUKHEDA,"23120502905, GOVT HSS PURA",प्रतिभागी,शिक्षक
BZ5793,Leeladhar Ahirwar,Damoh,TENDUKHEDA,"23120502905, GOVT HSS PURA",प्रतिभागी,शिक्षक
AI1197,Mahendra Kumar Jain,Damoh,TENDUKHEDA,"23120503306, GOVT HSS JHALON",प्रतिभागी,शिक्षक
AI2037,Gopal Singh Ravat,Damoh,TENDUKHEDA,"23120503306, GOVT HSS JHALON",प्रतिभागी,शिक्षक
AI2070,Govardhan Yadav,Damoh,TENDUKHEDA,"23120503306, GOVT HSS JHALON",प्रतिभागी,शिक्षक
AI2081,Dilip Kumar Dwivedi,Damoh,TENDUKHEDA,"23120503306, GOVT HSS JHALON",प्रतिभागी,शिक्षक
AI2878,Santosh Kumar Yadav,Damoh,TENDUKHEDA,"23120503306, GOVT HSS JHALON",प्रतिभागी,शिक्षक
BW5077,Dharmendra Lodhi,Damoh,TENDUKHEDA,"23120503306, GOVT HSS JHALON",प्रतिभागी,शिक्षक
BW7577,Pradeep Kumar Sahu,Damoh,TENDUKHEDA,"23120503306, GOVT HSS JHALON",प्रतिभागी,शिक्षक
AI2108,Dharamchand Jain,Damoh,TENDUKHEDA,"23120500410, GOVT HSS TEJGARH",प्रतिभागी,शिक्षक
AI2207,Shrimti Kamlesh Rajput,Damoh,TENDUKHEDA,"23120500410, GOVT HSS TEJGARH",प्रतिभागी,शिक्षक
AI2211,Sandeep Jain,Damoh,TENDUKHEDA,"23120500410, GOVT HSS TEJGARH",प्रतिभागी,शिक्षक
AI2283,Anil Kumar Sharma,Damoh,TENDUKHEDA,"23120500410, GOVT HSS TEJGARH",प्रतिभागी,शिक्षक
BY3080,Susheel Yadav,Damoh,TENDUKHEDA,"23120500410, GOVT HSS TEJGARH",प्रतिभागी,शिक्षक
AI3249,Sandhya Nagariya,Datia,BHANDER,"23050313906, GOVT HSS EXCELLENCE BHANDER",प्रतिभागी,शिक्षक
AI3263,Meenakshi Tripathi,Datia,BHANDER,"23050313906, GOVT HSS EXCELLENCE BHANDER",प्रतिभागी,शिक्षक
AI4019,Sanjay Kumar,Datia,BHANDER,"23050313906, GOVT HSS EXCELLENCE BHANDER",प्रतिभागी,शिक्षक
BQ1039,Susheel Kumar Dohre,Datia,BHANDER,"23050313906, GOVT HSS EXCELLENCE BHANDER",प्रतिभागी,शिक्षक
BX7478,Shiv Singh Yadav,Datia,BHANDER,"23050313906, GOVT HSS EXCELLENCE BHANDER",प्रतिभागी,शिक्षक
BZ4135,Manoj Kumar Jha,Datia,BHANDER,"23050313906, GOVT HSS EXCELLENCE BHANDER",प्रतिभागी,शिक्षक
AI3783,Raghvendra Singh Niranjan,Datia,BHANDER,"23050313907, GOVT HSS GIRLS BHANDER",प्रतिभागी,शिक्षक
AI3839,Chandra Shekhar Rajpoot,Datia,BHANDER,"23050311604, GOVT HS GONDAN",प्रतिभागी,शिक्षक
AN1426,Gajendra Singh Rajpoot,Datia,BHANDER,"23050311604, GOVT HS GONDAN",प्रतिभागी,शिक्षक
BN7686,Pramod Kumar Chaturvedi,Datia,BHANDER,"23050311604, GOVT HS GONDAN",प्रतिभागी,सीएसी
BP8474,Mahesh Rajput,Datia,BHANDER,"23050311604, GOVT HS GONDAN",प्रतिभागी,शिक्षक
CB3700,HANI YOGI,Datia,BHANDER,"23050311604, GOVT HS GONDAN",प्रतिभागी,शिक्षक
AI4043,Bhim Ratan,Datia,BHANDER,"23050302903, GOVT HS SALETRA",प्रतिभागी,शिक्षक
BD4930,Anita Gupta,Datia,BHANDER,"23050302903, GOVT HS SALETRA",प्रतिभागी,शिक्षक
AI3604,Gambheer Singh Parihaar,Datia,BHANDER,"23050312503, GOVT HS BHALKA",प्रतिभागी,शिक्षक
AI3992,Charan Singh Jat,Datia,BHANDER,"23050312503, GOVT HS BHALKA",प्रतिभागी,सीएसी
AI3578,Girja Devi Sharma,Datia,BHANDER,"23050305304, GOVT HS PANDOKHAR",प्रतिभागी,शिक्षक
AY2664,Jahar Singh Dhaker,Datia,BHANDER,"23050305304, GOVT HS PANDOKHAR",प्रतिभागी,शिक्षक
BD3786,Sapna Rai,Datia,BHANDER,"23050305304, GOVT HS PANDOKHAR",प्रतिभागी,शिक्षक
BP9721,Imran Khan,Datia,BHANDER,"23050305304, GOVT HS PANDOKHAR",प्रतिभागी,शिक्षक
BQ1483,Arvind Singh,Datia,BHANDER,"23050305304, GOVT HS PANDOKHAR",प्रतिभागी,शिक्षक
BQ5694,Sunil Dutt Ahirwar,Datia,BHANDER,"23050305304, GOVT HS PANDOKHAR",प्रतिभागी,शिक्षक
AI3844,Maniram Jatav,Datia,BHANDER,"23050305804, GOVT HSS KHIRIYAALAM",प्रतिभागी,शिक्षक
AI3909,Ram Prakash Tiwari,Datia,BHANDER,"23050305804, GOVT HSS KHIRIYAALAM",प्रतिभागी,शिक्षक
BN3946,Binay Kumar Gupta,Datia,BHANDER,"23050305804, GOVT HSS KHIRIYAALAM",प्रतिभागी,शिक्षक
BZ4138,Kaushal Kishor,Datia,BHANDER,"23050305804, GOVT HSS KHIRIYAALAM",प्रतिभागी,शिक्षक
AI4509,Dilasha Sahu,Datia,DATIA,"23050117007, GOVT. HSS UPRAON",प्रतिभागी,शिक्षक
AI4886,Santosh Gupta,Datia,DATIA,"23050117007, GOVT. HSS UPRAON",प्रतिभागी,शिक्षक
AI6759,Dileep Kumar Patairiya,Datia,DATIA,"23050117007, GOVT. HSS UPRAON",प्रतिभागी,शिक्षक
BO5900,Usha Indoriya,Datia,DATIA,"23050117007, GOVT. HSS UPRAON",प्रतिभागी,शिक्षक
BZ2943,Arvind Kumar Khare,Datia,DATIA,"23050117007, GOVT. HSS UPRAON",प्रतिभागी,शिक्षक
AI4401,Mahesh Kumar Shukla,Datia,DATIA,"23050119209, GOVT. HSS NO 2 DATIA",प्रतिभागी,शिक्षक
AI5115,Shahzad Khan,Datia,DATIA,"23050119209, GOVT. HSS NO 2 DATIA",प्रतिभागी,शिक्षक
AI5170,Satish Kumar Dwivedi,Datia,DATIA,"23050119209, GOVT. HSS NO 2 DATIA",प्रतिभागी,शिक्षक
AI5214,Shilbhadra Goutam,Datia,DATIA,"23050119209, GOVT. HSS NO 2 DATIA",प्रतिभागी,शिक्षक
AI5448,Geeta Dixit,Datia,DATIA,"23050119209, GOVT. HSS NO 2 DATIA",प्रतिभागी,शिक्षक
AM3074,RAMNIVAS GUPTA,Datia,DATIA,"23050119209, GOVT. HSS NO 2 DATIA",प्रतिभागी,शिक्षक
BA9436,Deepak Kumar Dubey,Datia,DATIA,"23050119209, GOVT. HSS NO 2 DATIA",प्रतिभागी,शिक्षक
BO2427,Bhagyawati Bhagat,Datia,DATIA,"23050119209, GOVT. HSS NO 2 DATIA",प्रतिभागी,शिक्षक
BW3481,Ruchi Mukhariya,Datia,DATIA,"23050119209, GOVT. HSS NO 2 DATIA",प्रतिभागी,शिक्षक
BY5429,Chandrakanta Tripathi,Datia,DATIA,"23050119209, GOVT. HSS NO 2 DATIA",प्रतिभागी,शिक्षक
AI4733,Har Prakash Pandey,Datia,DATIA,"23050115004, GOVT. HSS  EARAI",प्रतिभागी,शिक्षक
AI6444,Suresh Kumar Prajapati,Datia,DATIA,"23050115004, GOVT. HSS  EARAI",प्रतिभागी,शिक्षक
BX9977,Suman Prajapati,Datia,DATIA,"23050115004, GOVT. HSS  EARAI",प्रतिभागी,शिक्षक
AI4919,Poonam Shakya,Datia,DATIA,"23050108004, GOVT. HSS JOUHARIYA",प्रतिभागी,शिक्षक
AI5088,Birjesh Kumar,Datia,DATIA,"23050108004, GOVT. HSS JOUHARIYA",प्रतिभागी,शिक्षक
AI5431,Mahesh Kumar Prajapati,Datia,DATIA,"23050112704, GOVT. HSS CHIRULA",प्रतिभागी,शिक्षक
AI5879,Gangaram Pal,Datia,DATIA,"23050112704, GOVT. HSS CHIRULA",प्रतिभागी,शिक्षक
BN4706,Shivam Gupta,Datia,DATIA,"23050112704, GOVT. HSS CHIRULA",प्रतिभागी,शिक्षक
BY1355,Ragini Nagarch,Datia,DATIA,"23050112704, GOVT. HSS CHIRULA",प्रतिभागी,शिक्षक
BQ1913,Megha Ratnam Tripathi,Datia,DATIA,"23050136310, GOVT HSS  JIGNA",प्रतिभागी,शिक्षक
AI3835,Manisha Chavan,Datia,DATIA,"23050134204, GOVT HS HOLIPURA (Class 1-10)",प्रतिभागी,शिक्षक
AI3849,Karuna Khare,Datia,DATIA,"23050134204, GOVT HS HOLIPURA (Class 1-10)",प्रतिभागी,शिक्षक
AI4311,Madhu Shrivastava,Datia,DATIA,"23050134204, GOVT HS HOLIPURA (Class 1-10)",प्रतिभागी,शिक्षक
AI5355,Neelam Dubey,Datia,DATIA,"23050134204, GOVT HS HOLIPURA (Class 1-10)",प्रतिभागी,शिक्षक
AI5735,Sharad Kumar Sahu,Datia,DATIA,"23050134204, GOVT HS HOLIPURA (Class 1-10)",प्रतिभागी,शिक्षक
AI5764,Upma Shukla,Datia,DATIA,"23050134204, GOVT HS HOLIPURA (Class 1-10)",प्रतिभागी,शिक्षक
BX7899,Preeti Tamrakar,Datia,DATIA,"23050134204, GOVT HS HOLIPURA (Class 1-10)",प्रतिभागी,शिक्षक
BY8618,Sanjeev Kumar Sen,Datia,DATIA,"23050134204, GOVT HS HOLIPURA (Class 1-10)",प्रतिभागी,शिक्षक
BY8908,Arvind Sen,Datia,DATIA,"23050134204, GOVT HS HOLIPURA (Class 1-10)",प्रतिभागी,शिक्षक
AI4254,Murari Lal Kori,Datia,DATIA,"23050121103, GOVT HSS KUMHEDI",प्रतिभागी,शिक्षक
AI5320,Baboo Lal Jatav,Datia,DATIA,"23050121103, GOVT HSS KUMHEDI",प्रतिभागी,शिक्षक
AI5753,Bhawesh Verma,Datia,DATIA,"23050121103, GOVT HSS KUMHEDI",प्रतिभागी,शिक्षक
BV8605,Gajendra Rajotiya,Datia,DATIA,"23050121103, GOVT HSS KUMHEDI",प्रतिभागी,शिक्षक
AI4047,Brajnath Ram Bhagat,Datia,DATIA,"23050100907, GOVT. HSS BIKAR",प्रतिभागी,शिक्षक
AI4442,Mamta Ahirwar,Datia,DATIA,"23050100907, GOVT. HSS BIKAR",प्रतिभागी,शिक्षक
AI5247,Neelima Tirkey,Datia,DATIA,"23050100907, GOVT. HSS BIKAR",प्रतिभागी,शिक्षक
AI5392,Rajendra Singh Dangi,Datia,DATIA,"23050100907, GOVT. HSS BIKAR",प्रतिभागी,शिक्षक
AI5421,Archna Priy Anand,Datia,DATIA,"23050100907, GOVT. HSS BIKAR",प्रतिभागी,शिक्षक
BW8345,Anurag Mishra,Datia,DATIA,"23050111504, GOVT. HS BASWAHA",प्रतिभागी,शिक्षक
BZ1570,Karan Singh,Datia,DATIA,"23050111504, GOVT. HS BASWAHA",प्रतिभागी,शिक्षक
AI5271,Devendra Kumar Shrivastava,Datia,DATIA,"23050110319, GOVT. HSS BASAI",प्रतिभागी,शिक्षक
AI5385,Vinod Kumar Tiwari,Datia,DATIA,"23050110319, GOVT. HSS BASAI",प्रतिभागी,शिक्षक
BN4329,Ravi Shankar Sahu,Datia,DATIA,"23050110319, GOVT. HSS BASAI",प्रतिभागी,शिक्षक
AI4590,Anita Ekka,Datia,DATIA,"23050100104, GOVT.  HSS  BARDHUAN",प्रतिभागी,शिक्षक
BV6924,Sadik Qureshi,Datia,DATIA,"23050100104, GOVT.  HSS  BARDHUAN",प्रतिभागी,शिक्षक
AI4421,Murari Lal Chobey,Datia,DATIA,"23050141003, GOVT HS CIVIL LINES",प्रतिभागी,शिक्षक
AI4449,Neeta Shrivastav,Datia,DATIA,"23050141003, GOVT HS CIVIL LINES",प्रतिभागी,शिक्षक
AI4935,Anita Pastor,Datia,DATIA,"23050141003, GOVT HS CIVIL LINES",प्रतिभागी,शिक्षक
AI5139,Savitri Shivhare,Datia,DATIA,"23050141003, GOVT HS CIVIL LINES",प्रतिभागी,शिक्षक
AI5343,Nidhi Mishra,Datia,DATIA,"23050141003, GOVT HS CIVIL LINES",प्रतिभागी,शिक्षक
AI5622,Thadeyus Khalkho,Datia,DATIA,"23050141003, GOVT HS CIVIL LINES",प्रतिभागी,शिक्षक
AI6468,Bharti Gupta,Datia,DATIA,"23050141003, GOVT HS CIVIL LINES",प्रतिभागी,अन्य
BB4725,Shashi Parmar,Datia,DATIA,"23050141003, GOVT HS CIVIL LINES",प्रतिभागी,शिक्षक
BG6243,Hargovind Madholiya,Datia,DATIA,"23050141003, GOVT HS CIVIL LINES",प्रतिभागी,शिक्षक
AL2983,Manoj Kumar Sahu,Datia,DATIA,"23050142302, GOVT HSS BADONI",प्रतिभागी,शिक्षक
BA9705,Sanjeev Kumar Chobey,Datia,DATIA,"23050142302, GOVT HSS BADONI",प्रतिभागी,शिक्षक
BT3364,Hetam Singh Yadav,Datia,DATIA,"23050142302, GOVT HSS BADONI",प्रतिभागी,शिक्षक
BY2139,Dinesh Kumar Dubey,Datia,DATIA,"23050142302, GOVT HSS BADONI",प्रतिभागी,शिक्षक
BY6734,Ankush Kumar Lakshakar,Datia,DATIA,"23050142302, GOVT HSS BADONI",प्रतिभागी,शिक्षक
CD9719,ABHILASHA CHAUHAN,Datia,SEONDHA,"23050203005, GOVT HSS MAGROL",प्रतिभागी,शिक्षक
AK6807,Arvind Singh Yadav,Datia,SEONDHA,"23050231207, GOVT HSS EXCELLENCE SEONDHA",प्रतिभागी,शिक्षक
BU3067,Jayja Bano,Datia,SEONDHA,"23050231207, GOVT HSS EXCELLENCE SEONDHA",प्रतिभागी,शिक्षक
BV7155,Arvind Kumar Saxena,Datia,SEONDHA,"23050231207, GOVT HSS EXCELLENCE SEONDHA",प्रतिभागी,शिक्षक
AI6922,Manohar Singh Prajapati,Datia,SEONDHA,"23050231208, GOVT HSS GIRLS SEONDHA",प्रतिभागी,शिक्षक
AI6982,Brahm Prakash Mishra,Datia,SEONDHA,"23050231208, GOVT HSS GIRLS SEONDHA",प्रतिभागी,शिक्षक
AI7118,Manoj Kumar Shrivastava,Datia,SEONDHA,"23050231208, GOVT HSS GIRLS SEONDHA",प्रतिभागी,शिक्षक
AI7186,Mohasin Khan,Datia,SEONDHA,"23050231208, GOVT HSS GIRLS SEONDHA",प्रतिभागी,शिक्षक
AK7738,Samiksha Shrivastav,Datia,SEONDHA,"23050231208, GOVT HSS GIRLS SEONDHA",प्रतिभागी,शिक्षक
BW9991,Ramkrishna Shrivastav,Datia,SEONDHA,"23050231208, GOVT HSS GIRLS SEONDHA",प्रतिभागी,शिक्षक
AI6018,Bhoop Singh Rajpoot,Datia,SEONDHA,"23050219314, GOVT HSS BHAGUAPURA",प्रतिभागी,शिक्षक
AI6143,Devanand Gupta,Datia,SEONDHA,"23050219314, GOVT HSS BHAGUAPURA",प्रतिभागी,शिक्षक
AI6755,Laxmi Narayan Mahour,Datia,SEONDHA,"23050219314, GOVT HSS BHAGUAPURA",प्रतिभागी,शिक्षक
BR3825,Sunil Kumar Sharma,Datia,SEONDHA,"23050219314, GOVT HSS BHAGUAPURA",प्रतिभागी,शिक्षक
AI6238,Shital Kuchiya,Datia,SEONDHA,"23050203212, GOVT HSS DIGUAN",प्रतिभागी,शिक्षक
AI6292,Mahesh Kumar Kaurav,Datia,SEONDHA,"23050203212, GOVT HSS DIGUAN",प्रतिभागी,शिक्षक
AI6295,Rajendra Prasad Gupta,Datia,SEONDHA,"23050203212, GOVT HSS DIGUAN",प्रतिभागी,शिक्षक
AI6654,Sahab Singh Rajpoot,Datia,SEONDHA,"23050203212, GOVT HSS DIGUAN",प्रतिभागी,शिक्षक
AI6651,Manju Ohdar,Datia,SEONDHA,"23050215617, GOVT HSS THARET",प्रतिभागी,शिक्षक
AN1425,Ram Kishor Dhakad,Datia,SEONDHA,"23050215617, GOVT HSS THARET",प्रतिभागी,शिक्षक
BQ4470,Jitendra Singh Barotiya,Datia,SEONDHA,"23050215617, GOVT HSS THARET",प्रतिभागी,शिक्षक
BX6254,Sunita Dhakad,Datia,SEONDHA,"23050215617, GOVT HSS THARET",प्रतिभागी,शिक्षक
AI6800,Janganu Ram Bhagat,Datia,SEONDHA,"23050204705, GOVT HSS KUDARI",प्रतिभागी,शिक्षक
AI6863,Sunita Parihar,Datia,SEONDHA,"23050204705, GOVT HSS KUDARI",प्रतिभागी,शिक्षक
BB3801,Kamal Singh Jatav,Datia,SEONDHA,"23050204705, GOVT HSS KUDARI",प्रतिभागी,शिक्षक
BZ3739,Shivkumar BAGHEL,Datia,SEONDHA,"23050204705, GOVT HSS KUDARI",प्रतिभागी,शिक्षक
AG1498,Surendra Singh Thakur,Datia,SEONDHA,"23050233304, GOVT HSS BOYS INDERGARH",प्रतिभागी,शिक्षक
AI3599,Sunita Yadav,Datia,SEONDHA,"23050233304, GOVT HSS BOYS INDERGARH",प्रतिभागी,शिक्षक
AI4123,Sitaram Moury,Datia,SEONDHA,"23050233304, GOVT HSS BOYS INDERGARH",प्रतिभागी,शिक्षक
AI6184,Ramjilal Lahri,Datia,SEONDHA,"23050233304, GOVT HSS BOYS INDERGARH",प्रतिभागी,शिक्षक
AI6330,Bipin Bihari Mishra,Datia,SEONDHA,"23050233304, GOVT HSS BOYS INDERGARH",प्रतिभागी,शिक्षक
AI6528,Chandraprakash Singh Jatav,Datia,SEONDHA,"23050233304, GOVT HSS BOYS INDERGARH",प्रतिभागी,शिक्षक
AI6716,Kaptan Singh Jatav,Datia,SEONDHA,"23050233304, GOVT HSS BOYS INDERGARH",प्रतिभागी,शिक्षक
BT7239,Shiva Udainiya,Datia,SEONDHA,"23050233304, GOVT HSS BOYS INDERGARH",प्रतिभागी,शिक्षक
CC4682,CHHAYA PATWA,Datia,SEONDHA,"23050233304, GOVT HSS BOYS INDERGARH",प्रतिभागी,शिक्षक
AI6211,Ramdevi Gautam,Datia,SEONDHA,"23050233205, GOVT HSS GIRLS INDERGARH",प्रतिभागी,शिक्षक
AI6600,Ram Milan Namdev,Datia,SEONDHA,"23050233205, GOVT HSS GIRLS INDERGARH",प्रतिभागी,शिक्षक
BN5174,Ramsakhi Jatav,Datia,SEONDHA,"23050233205, GOVT HSS GIRLS INDERGARH",प्रतिभागी,शिक्षक
BU5519,Kailash Chandra Gaud,Datia,SEONDHA,"23050233205, GOVT HSS GIRLS INDERGARH",प्रतिभागी,शिक्षक
BX9913,Mohammad Shakir Khan,Datia,SEONDHA,"23050233205, GOVT HSS GIRLS INDERGARH",प्रतिभागी,शिक्षक
AI6461,Brajesh Kumar Batham,Datia,SEONDHA,"23050205405, GOVT HSS RARUARAI",प्रतिभागी,शिक्षक
CA8931,RAGHVENDRA KAMARIYA,Datia,SEONDHA,"23050205405, GOVT HSS RARUARAI",प्रतिभागी,शिक्षक
8839420220,Anshul Kumar Shrivastava   ,Datia,SEONDHA,"23050208807, GOVT HSS UCHAD",प्रतिभागी,शिक्षक
AI4747,Ashok Kumar Manjhi,Datia,SEONDHA,"23050208807, GOVT HSS UCHAD",प्रतिभागी,शिक्षक
AI6469,Sunita Kushwah,Datia,SEONDHA,"23050208807, GOVT HSS UCHAD",प्रतिभागी,शिक्षक
AI6787,Radha Gupta,Datia,SEONDHA,"23050208807, GOVT HSS UCHAD",प्रतिभागी,शिक्षक
AI6797,Ghasiya Ram,Datia,SEONDHA,"23050208807, GOVT HSS UCHAD",प्रतिभागी,शिक्षक
AI4746,Usman Husain,Datia,SEONDHA,"23050223204, GOVT NEW HS BHADOUL",प्रतिभागी,शिक्षक
AI6229,Ram Kumari,Datia,SEONDHA,"23050223204, GOVT NEW HS BHADOUL",प्रतिभागी,शिक्षक
AI6578,Dharmendra Singh Bhadouria,Datia,SEONDHA,"23050223204, GOVT NEW HS BHADOUL",प्रतिभागी,शिक्षक
AI6579,Renu Shukla,Datia,SEONDHA,"23050223204, GOVT NEW HS BHADOUL",प्रतिभागी,शिक्षक
BH6000,Daya Ram Acharya,Dewas,BAGLI,"23230414305, GOVT. HSS RATATALAI",प्रतिभागी,शिक्षक
BH6005,Nandram Liloriya,Dewas,BAGLI,"23230414305, GOVT. HSS RATATALAI",प्रतिभागी,शिक्षक
BH6626,Bharat Singh Kirade,Dewas,BAGLI,"23230414305, GOVT. HSS RATATALAI",प्रतिभागी,शिक्षक
CB9747,ANKUSH DESHMUKH,Dewas,BAGLI,"23230414305, GOVT. HSS RATATALAI",प्रतिभागी,शिक्षक
BG9816,Kailash Thakur,Dewas,BAGLI,"23230403709, GOVT. HS AGURLI",प्रतिभागी,शिक्षक
BH2532,Lalita Mishra,Dewas,BAGLI,"23230403709, GOVT. HS AGURLI",प्रतिभागी,शिक्षक
BW9050,Om Kanwar Ranawat,Dewas,BAGLI,"23230403709, GOVT. HS AGURLI",प्रतिभागी,शिक्षक
BX1415,Sanjeev Patidar,Dewas,BAGLI,"23230403709, GOVT. HS AGURLI",प्रतिभागी,शिक्षक
BH2830,Dayram Rekwal,Dewas,BAGLI,"23230402310, GOVT. HSS  DEVGARH",प्रतिभागी,शिक्षक
BH2852,Indar Singh Yadav,Dewas,BAGLI,"23230402310, GOVT. HSS  DEVGARH",प्रतिभागी,शिक्षक
BH2866,Anil Varma,Dewas,BAGLI,"23230402310, GOVT. HSS  DEVGARH",प्रतिभागी,शिक्षक
BH2869,Pravin Soliwal,Dewas,BAGLI,"23230402310, GOVT. HSS  DEVGARH",प्रतिभागी,शिक्षक
BH2875,Shelendra Singh,Dewas,BAGLI,"23230402310, GOVT. HSS  DEVGARH",प्रतिभागी,शिक्षक
BH2913,Mohan Lal Bodana,Dewas,BAGLI,"23230402310, GOVT. HSS  DEVGARH",प्रतिभागी,शिक्षक
BH5090,Ramprasad Malviya,Dewas,BAGLI,"23230402310, GOVT. HSS  DEVGARH",प्रतिभागी,शिक्षक
BX9163,Arun Bagwan,Dewas,BAGLI,"23230402310, GOVT. HSS  DEVGARH",प्रतिभागी,शिक्षक
BX9175,Sobhagya Singh,Dewas,BAGLI,"23230402310, GOVT. HSS  DEVGARH",प्रतिभागी,शिक्षक
BH2883,Gajraj Singh Thakur,Dewas,BAGLI,"23230400114, GOVT. HSS AMLATAJ",प्रतिभागी,शिक्षक
BH2889,Kailash Chandre Kaleshariya,Dewas,BAGLI,"23230400114, GOVT. HSS AMLATAJ",प्रतिभागी,शिक्षक
BH2907,Meharban Singh Choudhary,Dewas,BAGLI,"23230400114, GOVT. HSS AMLATAJ",प्रतिभागी,शिक्षक
BH2931,Babulal Bhoiya,Dewas,BAGLI,"23230400114, GOVT. HSS AMLATAJ",प्रतिभागी,शिक्षक
BH2960,Sagarmal Patidar,Dewas,BAGLI,"23230400114, GOVT. HSS AMLATAJ",प्रतिभागी,शिक्षक
BG9694,Girish Gupta,Dewas,BAGLI,"23230404914, GOVT. HSS NEORI",प्रतिभागी,शिक्षक
BH1448,Ramcharan Panchotia,Dewas,BAGLI,"23230404914, GOVT. HSS NEORI",प्रतिभागी,शिक्षक
BH1486,Babita Jayaswal,Dewas,BAGLI,"23230404914, GOVT. HSS NEORI",प्रतिभागी,शिक्षक
BP9729,Geeta Vishwas,Dewas,BAGLI,"23230404914, GOVT. HSS NEORI",प्रतिभागी,शिक्षक
BX1412,Rajendra Meshra,Dewas,BAGLI,"23230404914, GOVT. HSS NEORI",प्रतिभागी,शिक्षक
CC2361,ANIL CHOUHAN,Dewas,BAGLI,"23230404914, GOVT. HSS NEORI",प्रतिभागी,शिक्षक
BH4589,Kalu Singh Gawali,Dewas,BAGLI,"23230440405, GOVT. HS GIRLS BAGLI",प्रतिभागी,शिक्षक
BQ5806,Arjun Patel,Dewas,BAGLI,"23230440405, GOVT. HS GIRLS BAGLI",प्रतिभागी,शिक्षक
BX1421,Jitendra Patidar,Dewas,BAGLI,"23230440405, GOVT. HS GIRLS BAGLI",प्रतिभागी,शिक्षक
BH2481,Kashiram Bhondiya,Dewas,BAGLI,"23230440406, GOVT. HSS EXCELLENCE BAGLI",प्रतिभागी,शिक्षक
BH4488,Dheeraj Singh Chouhan,Dewas,BAGLI,"23230440406, GOVT. HSS EXCELLENCE BAGLI",प्रतिभागी,शिक्षक
BH4591,Rita Yadav,Dewas,BAGLI,"23230440406, GOVT. HSS EXCELLENCE BAGLI",प्रतिभागी,शिक्षक
BQ6701,Asha Parihar,Dewas,BAGLI,"23230440406, GOVT. HSS EXCELLENCE BAGLI",प्रतिभागी,शिक्षक
BY3647,Rakesh Songara,Dewas,BAGLI,"23230440406, GOVT. HSS EXCELLENCE BAGLI",प्रतिभागी,शिक्षक
BH3601,Lakhan Singh Bakore,Dewas,BAGLI,"23230413312, GOVT. HSS PUNJAPURA",प्रतिभागी,शिक्षक
BH6029,Banesingh Jamle,Dewas,BAGLI,"23230413312, GOVT. HSS PUNJAPURA",प्रतिभागी,शिक्षक
BH6030,Balram Khanna,Dewas,BAGLI,"23230413312, GOVT. HSS PUNJAPURA",प्रतिभागी,शिक्षक
BH6032,Krishna Solanki,Dewas,BAGLI,"23230413312, GOVT. HSS PUNJAPURA",प्रतिभागी,शिक्षक
BH6059,Gyanchandra Joshi,Dewas,BAGLI,"23230413312, GOVT. HSS PUNJAPURA",प्रतिभागी,शिक्षक
BH6086,Raysingh Dawar,Dewas,BAGLI,"23230413312, GOVT. HSS PUNJAPURA",प्रतिभागी,शिक्षक
BO2376,Bhagwanti Chouhan,Dewas,BAGLI,"23230413312, GOVT. HSS PUNJAPURA",प्रतिभागी,शिक्षक
BQ1261,Nar Singh,Dewas,BAGLI,"23230413312, GOVT. HSS PUNJAPURA",प्रतिभागी,शिक्षक
CC3369,DEEPIKA THAKUR,Dewas,BAGLI,"23230413312, GOVT. HSS PUNJAPURA",प्रतिभागी,शिक्षक
BH1008,Bukhar Singh Sendhav,Dewas,BAGLI,"23230418823, GOVT. HSS CHAPRA",प्रतिभागी,शिक्षक
BH1013,Mukesh Gir Goswami,Dewas,BAGLI,"23230418823, GOVT. HSS CHAPRA",प्रतिभागी,शिक्षक
BH1024,Kishore Chouhan,Dewas,BAGLI,"23230418823, GOVT. HSS CHAPRA",प्रतिभागी,शिक्षक
BH2534,Balram Kharadia,Dewas,BAGLI,"23230418823, GOVT. HSS CHAPRA",प्रतिभागी,शिक्षक
BX6977,Anil Chouhan,Dewas,BAGLI,"23230418823, GOVT. HSS CHAPRA",प्रतिभागी,शिक्षक
BX9476,Lokesh Vaishnav,Dewas,BAGLI,"23230418823, GOVT. HSS CHAPRA",प्रतिभागी,शिक्षक
BY8244,Pooja Parmar,Dewas,BAGLI,"23230418823, GOVT. HSS CHAPRA",प्रतिभागी,शिक्षक
BG9651,Lakhan Singh Sendhav,Dewas,BAGLI,"23230442007, GOVT. HSS GIRLS HATPIPLIYA",प्रतिभागी,शिक्षक
BG9666,Vasudev Joshi,Dewas,BAGLI,"23230442007, GOVT. HSS GIRLS HATPIPLIYA",प्रतिभागी,शिक्षक
BG9669,Rajesh Kumar Joshi,Dewas,BAGLI,"23230442007, GOVT. HSS GIRLS HATPIPLIYA",प्रतिभागी,शिक्षक
BH5078,Rajesh Patidar,Dewas,BAGLI,"23230442007, GOVT. HSS GIRLS HATPIPLIYA",प्रतिभागी,शिक्षक
BG9753,Yunus Khan,Dewas,BAGLI,"23230406314, GOVT. HSS KAMLAPUR",प्रतिभागी,शिक्षक
BH2930,Lakhan Singh,Dewas,BAGLI,"23230406314, GOVT. HSS KAMLAPUR",प्रतिभागी,शिक्षक
BH6613,Radheshyam Bamaniya,Dewas,BAGLI,"23230420320, GOVT. HSS UDAY NAGAR",प्रतिभागी,शिक्षक
BH6639,Vijay Singh Mali,Dewas,BAGLI,"23230420320, GOVT. HSS UDAY NAGAR",प्रतिभागी,शिक्षक
BH6642,Surendra Singh Varma,Dewas,BAGLI,"23230420320, GOVT. HSS UDAY NAGAR",प्रतिभागी,शिक्षक
BR3389,Satyaprakash Sharma,Dewas,BAGLI,"23230420320, GOVT. HSS UDAY NAGAR",प्रतिभागी,शिक्षक
BS4498,Galsingh Kanel,Dewas,BAGLI,"23230420320, GOVT. HSS UDAY NAGAR",प्रतिभागी,शिक्षक
BW8392,Vrandavan Mandloi,Dewas,BAGLI,"23230420320, GOVT. HSS UDAY NAGAR",प्रतिभागी,शिक्षक
BZ1842,Chhatar Singh Patel,Dewas,BAGLI,"23230420320, GOVT. HSS UDAY NAGAR",प्रतिभागी,शिक्षक
CC3273,RAKESH CHAMKA,Dewas,BAGLI,"23230420320, GOVT. HSS UDAY NAGAR",प्रतिभागी,शिक्षक
CC4585,POOJA SAXENA,Dewas,BAGLI,"23230420320, GOVT. HSS UDAY NAGAR",प्रतिभागी,शिक्षक
AA9292,Cheema Achale,Dewas,BAGLI,"23230417607, GOVT. HS PANDUTALAB",प्रतिभागी,शिक्षक
BH6606,Arjun Singh,Dewas,BAGLI,"23230417607, GOVT. HS PANDUTALAB",प्रतिभागी,शिक्षक
BH6625,Tersingh Hirve,Dewas,BAGLI,"23230417607, GOVT. HS PANDUTALAB",प्रतिभागी,शिक्षक
BH6673,Tarachand Brahmkshatriya,Dewas,BAGLI,"23230417607, GOVT. HS PANDUTALAB",प्रतिभागी,शिक्षक
BH6688,Dita Parmar,Dewas,BAGLI,"23230417607, GOVT. HS PANDUTALAB",प्रतिभागी,शिक्षक
BH6892,Babulal Nalwaya,Dewas,BAGLI,"23230417607, GOVT. HS PANDUTALAB",प्रतिभागी,शिक्षक
BQ1126,Aap Singh Paradkiya,Dewas,BAGLI,"23230417607, GOVT. HS PANDUTALAB",प्रतिभागी,शिक्षक
BS4300,Firoz Khan Pathan,Dewas,BAGLI,"23230417607, GOVT. HS PANDUTALAB",प्रतिभागी,शिक्षक
BX5334,Jeevan Bagwan,Dewas,BAGLI,"23230417607, GOVT. HS PANDUTALAB",प्रतिभागी,शिक्षक
BX9640,Kamlesh Chouhan,Dewas,BAGLI,"23230417607, GOVT. HS PANDUTALAB",प्रतिभागी,शिक्षक
CB8939,SHANKAR DAWAR,Dewas,BAGLI,"23230417607, GOVT. HS PANDUTALAB",प्रतिभागी,शिक्षक
BH3512,Dayaram Nigam,Dewas,BAGLI,"23230411709, GOVT. HSS PIPRI",प्रतिभागी,शिक्षक
BH3559,Ray Singh Chouhan,Dewas,BAGLI,"23230411709, GOVT. HSS PIPRI",प्रतिभागी,शिक्षक
BH3576,Bude Singh Dawar,Dewas,BAGLI,"23230411709, GOVT. HSS PIPRI",प्रतिभागी,शिक्षक
BG9330,Sohan Singh,Dewas,DEWAS,"23230116608, GOVT HSS  DATOTTAR",प्रतिभागी,शिक्षक
BH1896,Chhagan Lal Solanki,Dewas,DEWAS,"23230116608, GOVT HSS  DATOTTAR",प्रतिभागी,शिक्षक
BH1914,Sangeeta Pandya,Dewas,DEWAS,"23230116608, GOVT HSS  DATOTTAR",प्रतिभागी,शिक्षक
BH2055,Santosh Das Bairagi,Dewas,DEWAS,"23230116608, GOVT HSS  DATOTTAR",प्रतिभागी,शिक्षक
BH2059,Tulasa Moghee,Dewas,DEWAS,"23230116608, GOVT HSS  DATOTTAR",प्रतिभागी,शिक्षक
BH2072,Sanjay Kumar Parmar,Dewas,DEWAS,"23230116608, GOVT HSS  DATOTTAR",प्रतिभागी,शिक्षक
BH2082,Satyendra Singh Narwariya,Dewas,DEWAS,"23230116608, GOVT HSS  DATOTTAR",प्रतिभागी,शिक्षक
BH2086,Jitendrasingh Parihar,Dewas,DEWAS,"23230116608, GOVT HSS  DATOTTAR",प्रतिभागी,शिक्षक
BQ4777,Seema Goyal,Dewas,DEWAS,"23230116608, GOVT HSS  DATOTTAR",प्रतिभागी,शिक्षक
BQ4782,Sharddha Saxena,Dewas,DEWAS,"23230116608, GOVT HSS  DATOTTAR",प्रतिभागी,शिक्षक
BS7353,Ranjana Upadhayay,Dewas,DEWAS,"23230116608, GOVT HSS  DATOTTAR",प्रतिभागी,शिक्षक
BS7512,Sunita Dhalse,Dewas,DEWAS,"23230116608, GOVT HSS  DATOTTAR",प्रतिभागी,शिक्षक
BY4448,Sabir Khan,Dewas,DEWAS,"23230116608, GOVT HSS  DATOTTAR",प्रतिभागी,शिक्षक
BH4332,Ghanshyam Ram Bhagat,Dewas,DEWAS,"23230113409, GOVT. HSS AGROD",प्रतिभागी,शिक्षक
BQ4774,Pankaj Katare,Dewas,DEWAS,"23230113409, GOVT. HSS AGROD",प्रतिभागी,शिक्षक
BS4720,Kundan Kumar Jatwa,Dewas,DEWAS,"23230113409, GOVT. HSS AGROD",प्रतिभागी,शिक्षक
BS7894,Preeti Pathak,Dewas,DEWAS,"23230113409, GOVT. HSS AGROD",प्रतिभागी,शिक्षक
CF8892,NAINESH BELAPURKAR,Dewas,DEWAS,"23230113409, GOVT. HSS AGROD",प्रतिभागी,शिक्षक
AS6026,Rani Vandna Bairagi,Dewas,DEWAS,"23230106608, GOVT. HSS  SINGAWDA",प्रतिभागी,शिक्षक
BH1168,Rakesh Kumar Batham,Dewas,DEWAS,"23230106608, GOVT. HSS  SINGAWDA",प्रतिभागी,शिक्षक
BH1901,Devi Singh Malviya,Dewas,DEWAS,"23230106608, GOVT. HSS  SINGAWDA",प्रतिभागी,शिक्षक
BH2083,Santosh Marskole,Dewas,DEWAS,"23230106608, GOVT. HSS  SINGAWDA",प्रतिभागी,शिक्षक
BH2329,RAJESH Varma,Dewas,DEWAS,"23230106608, GOVT. HSS  SINGAWDA",प्रतिभागी,शिक्षक
BH2392,Mayank Dubey,Dewas,DEWAS,"23230106608, GOVT. HSS  SINGAWDA",प्रतिभागी,शिक्षक
BH3632,Reetika Muzumdar,Dewas,DEWAS,"23230106608, GOVT. HSS  SINGAWDA",प्रतिभागी,शिक्षक
BH3641,Manjulata Kujur,Dewas,DEWAS,"23230106608, GOVT. HSS  SINGAWDA",प्रतिभागी,शिक्षक
BH3662,Ritesh Solanki,Dewas,DEWAS,"23230106608, GOVT. HSS  SINGAWDA",प्रतिभागी,शिक्षक
BH3668,Shailendra Nagar,Dewas,DEWAS,"23230106608, GOVT. HSS  SINGAWDA",प्रतिभागी,शिक्षक
BH3691,Shubha Soni,Dewas,DEWAS,"23230106608, GOVT. HSS  SINGAWDA",प्रतिभागी,शिक्षक
BH3693,Vinod Mukati,Dewas,DEWAS,"23230106608, GOVT. HSS  SINGAWDA",प्रतिभागी,शिक्षक
BP1997,Hemlata Vashishth,Dewas,DEWAS,"23230106608, GOVT. HSS  SINGAWDA",प्रतिभागी,शिक्षक
BS2013,Ghanshyam Giri,Dewas,DEWAS,"23230106608, GOVT. HSS  SINGAWDA",प्रतिभागी,शिक्षक
BS5225,Devnarayan Kumawat,Dewas,DEWAS,"23230106608, GOVT. HSS  SINGAWDA",प्रतिभागी,शिक्षक
BG9493,Devkaran Solanki,Dewas,DEWAS,"23230135826, GOVT.HSS GIRLS  RADHABAI DEWAS",प्रतिभागी,शिक्षक
BH1200,Sangeeta Gupta,Dewas,DEWAS,"23230135826, GOVT.HSS GIRLS  RADHABAI DEWAS",प्रतिभागी,शिक्षक
BH2213,Bharatdas Bairagi,Dewas,DEWAS,"23230135826, GOVT.HSS GIRLS  RADHABAI DEWAS",प्रतिभागी,शिक्षक
BH2525,Rajesh Choudhary,Dewas,DEWAS,"23230135826, GOVT.HSS GIRLS  RADHABAI DEWAS",प्रतिभागी,शिक्षक
BH3937,Mahima Toppo,Dewas,DEWAS,"23230135826, GOVT.HSS GIRLS  RADHABAI DEWAS",प्रतिभागी,शिक्षक
BH4450,Kiran Kushwah,Dewas,DEWAS,"23230135826, GOVT.HSS GIRLS  RADHABAI DEWAS",प्रतिभागी,शिक्षक
BH4469,Anjali Sawant,Dewas,DEWAS,"23230135826, GOVT.HSS GIRLS  RADHABAI DEWAS",प्रतिभागी,शिक्षक
BH5974,Kiran Jain,Dewas,DEWAS,"23230135826, GOVT.HSS GIRLS  RADHABAI DEWAS",प्रतिभागी,शिक्षक
BP2241,NEENA SHUKLA,Dewas,DEWAS,"23230135826, GOVT.HSS GIRLS  RADHABAI DEWAS",प्रतिभागी,शिक्षक
BP2270,Bhupendra Hinge,Dewas,DEWAS,"23230135826, GOVT.HSS GIRLS  RADHABAI DEWAS",प्रतिभागी,शिक्षक
BP2274,Firdous Shekh,Dewas,DEWAS,"23230135826, GOVT.HSS GIRLS  RADHABAI DEWAS",प्रतिभागी,शिक्षक
BQ4763,Manisha Bairagi,Dewas,DEWAS,"23230135826, GOVT.HSS GIRLS  RADHABAI DEWAS",प्रतिभागी,शिक्षक
BQ6609,Deepak Rege,Dewas,DEWAS,"23230135826, GOVT.HSS GIRLS  RADHABAI DEWAS",प्रतिभागी,शिक्षक
BW8740,Anjum Shaikh,Dewas,DEWAS,"23230135826, GOVT.HSS GIRLS  RADHABAI DEWAS",प्रतिभागी,शिक्षक
BW9705,Kundan Patel,Dewas,DEWAS,"23230135826, GOVT.HSS GIRLS  RADHABAI DEWAS",प्रतिभागी,शिक्षक
BZ7256,Samina Pathan,Dewas,DEWAS,"23230135826, GOVT.HSS GIRLS  RADHABAI DEWAS",प्रतिभागी,शिक्षक
AO2070,Farha Azli Kuraishi,Dewas,DEWAS,"23230136201, GOVT.HSS N.V.M NO1 DEWAS",प्रतिभागी,शिक्षक
BG9421,Rajendra Choudhary,Dewas,DEWAS,"23230136201, GOVT.HSS N.V.M NO1 DEWAS",प्रतिभागी,शिक्षक
BH1972,Sureshchandra Sunaniya,Dewas,DEWAS,"23230136201, GOVT.HSS N.V.M NO1 DEWAS",प्रतिभागी,शिक्षक
BH3624,Javed Ahmed,Dewas,DEWAS,"23230136201, GOVT.HSS N.V.M NO1 DEWAS",प्रतिभागी,शिक्षक
BH4149,Yasmeen Shaikh,Dewas,DEWAS,"23230136201, GOVT.HSS N.V.M NO1 DEWAS",प्रतिभागी,शिक्षक
BH4246,Rashmi Shukla,Dewas,DEWAS,"23230136201, GOVT.HSS N.V.M NO1 DEWAS",प्रतिभागी,शिक्षक
BH4247,Mamta Mimrot,Dewas,DEWAS,"23230136201, GOVT.HSS N.V.M NO1 DEWAS",प्रतिभागी,शिक्षक
BH5877,Inder Singh Baiswal,Dewas,DEWAS,"23230136201, GOVT.HSS N.V.M NO1 DEWAS",प्रतिभागी,शिक्षक
BH6363,Vishal Sharma,Dewas,DEWAS,"23230136201, GOVT.HSS N.V.M NO1 DEWAS",प्रतिभागी,शिक्षक
BH6874,Tosheer Bano Khan,Dewas,DEWAS,"23230136201, GOVT.HSS N.V.M NO1 DEWAS",प्रतिभागी,शिक्षक
BP6683,Devendra Singh Chandel,Dewas,DEWAS,"23230136201, GOVT.HSS N.V.M NO1 DEWAS",प्रतिभागी,शिक्षक
BP8125,Abhilasha Tiwari,Dewas,DEWAS,"23230136201, GOVT.HSS N.V.M NO1 DEWAS",प्रतिभागी,शिक्षक
BR7165,GAYATRI Manoriya,Dewas,DEWAS,"23230136201, GOVT.HSS N.V.M NO1 DEWAS",प्रतिभागी,शिक्षक
BS2471,Ramkanya Damer,Dewas,DEWAS,"23230136201, GOVT.HSS N.V.M NO1 DEWAS",प्रतिभागी,शिक्षक
BS8023,Sadiya Hashmi,Dewas,DEWAS,"23230136201, GOVT.HSS N.V.M NO1 DEWAS",प्रतिभागी,शिक्षक
CC2319,SONALI RATHOR,Dewas,DEWAS,"23230136201, GOVT.HSS N.V.M NO1 DEWAS",प्रतिभागी,शिक्षक
AK5392,Pragya Vyas,Dewas,DEWAS,"23230136838, GOVT.HSS GIRLS MAHARANI CHIMNA BAI DEWAS",प्रतिभागी,शिक्षक
BH2304,Neeta Shri Vastav,Dewas,DEWAS,"23230136838, GOVT.HSS GIRLS MAHARANI CHIMNA BAI DEWAS",प्रतिभागी,शिक्षक
BH2360,Deepali Phulwani,Dewas,DEWAS,"23230136838, GOVT.HSS GIRLS MAHARANI CHIMNA BAI DEWAS",प्रतिभागी,शिक्षक
BH3941,Ekta Shrivastava,Dewas,DEWAS,"23230136838, GOVT.HSS GIRLS MAHARANI CHIMNA BAI DEWAS",प्रतिभागी,शिक्षक
BH4118,Kiran Bhargava,Dewas,DEWAS,"23230136838, GOVT.HSS GIRLS MAHARANI CHIMNA BAI DEWAS",प्रतिभागी,शिक्षक
BH4472,Archna Raykwar,Dewas,DEWAS,"23230136838, GOVT.HSS GIRLS MAHARANI CHIMNA BAI DEWAS",प्रतिभागी,शिक्षक
BH4955,Savita Awasthi,Dewas,DEWAS,"23230136838, GOVT.HSS GIRLS MAHARANI CHIMNA BAI DEWAS",प्रतिभागी,शिक्षक
BS5607,Sumitra Parmar,Dewas,DEWAS,"23230136838, GOVT.HSS GIRLS MAHARANI CHIMNA BAI DEWAS",प्रतिभागी,शिक्षक
BU4216,Sona Rawat,Dewas,DEWAS,"23230136838, GOVT.HSS GIRLS MAHARANI CHIMNA BAI DEWAS",प्रतिभागी,शिक्षक
BH2230,Tejsingh Rajput,Dewas,DEWAS,"23230111713, GOVT. HSS SIROLIYA",प्रतिभागी,शिक्षक
BH2936,Prakash Chandra Shukla,Dewas,DEWAS,"23230111713, GOVT. HSS SIROLIYA",प्रतिभागी,शिक्षक
BT9926,Rahul Patel,Dewas,DEWAS,"23230111713, GOVT. HSS SIROLIYA",प्रतिभागी,शिक्षक
BU5346,Omprakash Yadav,Dewas,DEWAS,"23230111713, GOVT. HSS SIROLIYA",प्रतिभागी,शिक्षक
CD1568,RAVI PATEL,Dewas,DEWAS,"23230111713, GOVT. HSS SIROLIYA",प्रतिभागी,शिक्षक
AA8562,Sajan Singh,Dewas,DEWAS,"23230115417, GOVT.HSS BOYS  BAROTHA",प्रतिभागी,शिक्षक
BH2292,Lakhan Lal Chodhary,Dewas,DEWAS,"23230115417, GOVT.HSS BOYS  BAROTHA",प्रतिभागी,शिक्षक
BH2342,Rampratap Singh,Dewas,DEWAS,"23230115417, GOVT.HSS BOYS  BAROTHA",प्रतिभागी,शिक्षक
BH2357,Rajesh Swarnkar,Dewas,DEWAS,"23230115417, GOVT.HSS BOYS  BAROTHA",प्रतिभागी,शिक्षक
BH2396,Ashok Singh Thakur,Dewas,DEWAS,"23230115417, GOVT.HSS BOYS  BAROTHA",प्रतिभागी,शिक्षक
BH2994,Shabana Pathan,Dewas,DEWAS,"23230115417, GOVT.HSS BOYS  BAROTHA",प्रतिभागी,शिक्षक
BH3356,Rameshwar Rajoriya,Dewas,DEWAS,"23230115417, GOVT.HSS BOYS  BAROTHA",प्रतिभागी,शिक्षक
BH4677,Basant Singh Thakur,Dewas,DEWAS,"23230115417, GOVT.HSS BOYS  BAROTHA",प्रतिभागी,शिक्षक
BO7017,Swati Choudhary,Dewas,DEWAS,"23230115417, GOVT.HSS BOYS  BAROTHA",प्रतिभागी,शिक्षक
BT7758,Radheshyam Dhakad Nagar,Dewas,DEWAS,"23230115417, GOVT.HSS BOYS  BAROTHA",प्रतिभागी,शिक्षक
BU7849,Bhupendra Bairagi,Dewas,DEWAS,"23230115417, GOVT.HSS BOYS  BAROTHA",प्रतिभागी,शिक्षक
CC1284,SANTOSH SISODIYA,Dewas,DEWAS,"23230115417, GOVT.HSS BOYS  BAROTHA",प्रतिभागी,शिक्षक
CC5685,NAMRATA GUPTA,Dewas,DEWAS,"23230115417, GOVT.HSS BOYS  BAROTHA",प्रतिभागी,शिक्षक
AM9847,Rakesh Mukati,Dewas,DEWAS,"23230105708, GOVT HSS SANNOD",प्रतिभागी,शिक्षक
BH1032,Rajendra Patel,Dewas,DEWAS,"23230105708, GOVT HSS SANNOD",प्रतिभागी,शिक्षक
BH2325,Dharmagaj Patel,Dewas,DEWAS,"23230105708, GOVT HSS SANNOD",प्रतिभागी,शिक्षक
BH2371,Manoharlal Choudhary,Dewas,DEWAS,"23230105708, GOVT HSS SANNOD",प्रतिभागी,शिक्षक
BH2394,Kuldeep Singh Tomar,Dewas,DEWAS,"23230105708, GOVT HSS SANNOD",प्रतिभागी,शिक्षक
BH6509,Jitendra Kumar Mandloi,Dewas,DEWAS,"23230105708, GOVT HSS SANNOD",प्रतिभागी,शिक्षक
BE3155,Leeladhar Gothwal,Dewas,DEWAS,"23230102512, HSS DOUBLE CHOUKI",प्रतिभागी,शिक्षक
BH2332,Karan Singh Choudhary,Dewas,DEWAS,"23230102512, HSS DOUBLE CHOUKI",प्रतिभागी,शिक्षक
BH3690,Archna Badika,Dewas,DEWAS,"23230102512, HSS DOUBLE CHOUKI",प्रतिभागी,शिक्षक
BQ4092,Shweta Singare,Dewas,DEWAS,"23230102512, HSS DOUBLE CHOUKI",प्रतिभागी,शिक्षक
BW9289,Arpita Panchal,Dewas,DEWAS,"23230102512, HSS DOUBLE CHOUKI",प्रतिभागी,शिक्षक
BY3640,Anil Malviya,Dewas,DEWAS,"23230102512, HSS DOUBLE CHOUKI",प्रतिभागी,शिक्षक
CA8039,SANJAY CHOUDHARY,Dewas,DEWAS,"23230102512, HSS DOUBLE CHOUKI",प्रतिभागी,शिक्षक
CD6650,TARUNA SIROHI,Dewas,DEWAS,"23230102512, HSS DOUBLE CHOUKI",प्रतिभागी,शिक्षक
AL5637,Simpho Minj,Dewas,DEWAS,"23230118511, GOVT.HSS KSHIPRA",प्रतिभागी,शिक्षक
BH1216,Rajashri Chincholikar,Dewas,DEWAS,"23230118511, GOVT.HSS KSHIPRA",प्रतिभागी,शिक्षक
BH2235,Ram Lal Natle,Dewas,DEWAS,"23230118511, GOVT.HSS KSHIPRA",प्रतिभागी,शिक्षक
BH2275,Nirmala Singh Tikriya,Dewas,DEWAS,"23230118511, GOVT.HSS KSHIPRA",प्रतिभागी,शिक्षक
BH2280,Asha Badgotiya,Dewas,DEWAS,"23230118511, GOVT.HSS KSHIPRA",प्रतिभागी,शिक्षक
BH2664,Vaishali TAOSE,Dewas,DEWAS,"23230118511, GOVT.HSS KSHIPRA",प्रतिभागी,शिक्षक
BH2755,Neelam Yadav,Dewas,DEWAS,"23230118511, GOVT.HSS KSHIPRA",प्रतिभागी,शिक्षक
BQ3721,Upasna Tiwari,Dewas,DEWAS,"23230118511, GOVT.HSS KSHIPRA",प्रतिभागी,शिक्षक
BR9520,Yogesh Patidar,Dewas,DEWAS,"23230118511, GOVT.HSS KSHIPRA",प्रतिभागी,शिक्षक
BS4155,Rajendra Patel,Dewas,DEWAS,"23230118511, GOVT.HSS KSHIPRA",प्रतिभागी,शिक्षक
BU6803,Shaista Qureshi,Dewas,DEWAS,"23230118511, GOVT.HSS KSHIPRA",प्रतिभागी,शिक्षक
CC8621,SUVARNA CHOUDHARY,Dewas,DEWAS,"23230118511, GOVT.HSS KSHIPRA",प्रतिभागी,शिक्षक
BA3210,Krishna Sharma,Dewas,DEWAS,"23230135204, Govt. NUTUN HIGHER SECONDARY SCHOOL DEWAS",प्रतिभागी,शिक्षक
BG9343,Alka Parmar,Dewas,DEWAS,"23230135204, Govt. NUTUN HIGHER SECONDARY SCHOOL DEWAS",प्रतिभागी,शिक्षक
BH2190,Surya Bala Bagahel,Dewas,DEWAS,"23230135204, Govt. NUTUN HIGHER SECONDARY SCHOOL DEWAS",प्रतिभागी,शिक्षक
BH2192,Vikram Singh Angoriya,Dewas,DEWAS,"23230135204, Govt. NUTUN HIGHER SECONDARY SCHOOL DEWAS",प्रतिभागी,शिक्षक
BH2208,Asha Bamniya,Dewas,DEWAS,"23230135204, Govt. NUTUN HIGHER SECONDARY SCHOOL DEWAS",प्रतिभागी,शिक्षक
BH4113,Kirti Telang,Dewas,DEWAS,"23230135204, Govt. NUTUN HIGHER SECONDARY SCHOOL DEWAS",प्रतिभागी,शिक्षक
BH4381,Swati Kanungo,Dewas,DEWAS,"23230135204, Govt. NUTUN HIGHER SECONDARY SCHOOL DEWAS",प्रतिभागी,शिक्षक
BH5940,Surekha Tapase,Dewas,DEWAS,"23230135204, Govt. NUTUN HIGHER SECONDARY SCHOOL DEWAS",प्रतिभागी,शिक्षक
BH5942,Sudha Soni,Dewas,DEWAS,"23230135204, Govt. NUTUN HIGHER SECONDARY SCHOOL DEWAS",प्रतिभागी,शिक्षक
BH6201,Shakuntala Malviya,Dewas,DEWAS,"23230135204, Govt. NUTUN HIGHER SECONDARY SCHOOL DEWAS",प्रतिभागी,शिक्षक
BP8076,Sangeeta Shah,Dewas,DEWAS,"23230135204, Govt. NUTUN HIGHER SECONDARY SCHOOL DEWAS",प्रतिभागी,शिक्षक
BR8774,Kishore Kumar Gehlot,Dewas,DEWAS,"23230135204, Govt. NUTUN HIGHER SECONDARY SCHOOL DEWAS",प्रतिभागी,शिक्षक
CB8581,PRIYANKA GOUD,Dewas,DEWAS,"23230135204, Govt. NUTUN HIGHER SECONDARY SCHOOL DEWAS",प्रतिभागी,शिक्षक
CB8685,DEEPTI SHASTRI,Dewas,DEWAS,"23230135204, Govt. NUTUN HIGHER SECONDARY SCHOOL DEWAS",प्रतिभागी,शिक्षक
BG9868,Pravin Choudhry,Dewas,KANNOD,"23230521111, GOVT. HSS EXCE. KANNOD",प्रतिभागी,शिक्षक
BH3103,Govind Kakodiya,Dewas,KANNOD,"23230521111, GOVT. HSS EXCE. KANNOD",प्रतिभागी,शिक्षक
BH3305,Ramswaroop Barwal,Dewas,KANNOD,"23230521111, GOVT. HSS EXCE. KANNOD",प्रतिभागी,शिक्षक
BH5182,Anita Ekka,Dewas,KANNOD,"23230521111, GOVT. HSS EXCE. KANNOD",प्रतिभागी,शिक्षक
BH5479,Rajendra Prasad Sharma,Dewas,KANNOD,"23230521111, GOVT. HSS EXCE. KANNOD",प्रतिभागी,शिक्षक
AD6901,Bhawar Singh Ghunawat,Dewas,KANNOD,"23230521112, GOVT. HSS GIRLS KANNOD",प्रतिभागी,शिक्षक
BG9876,Yogendra Lahoti,Dewas,KANNOD,"23230521112, GOVT. HSS GIRLS KANNOD",प्रतिभागी,शिक्षक
BG9922,Vishnu Prasad Yadav,Dewas,KANNOD,"23230521112, GOVT. HSS GIRLS KANNOD",प्रतिभागी,शिक्षक
BG9954,Krishna Upadhayay,Dewas,KANNOD,"23230521112, GOVT. HSS GIRLS KANNOD",प्रतिभागी,शिक्षक
BH3089,Balram Yadav,Dewas,KANNOD,"23230521112, GOVT. HSS GIRLS KANNOD",प्रतिभागी,शिक्षक
BH5200,Sanjay Upadhyay,Dewas,KANNOD,"23230521112, GOVT. HSS GIRLS KANNOD",प्रतिभागी,शिक्षक
BQ8074,Jyotsana Tomar,Dewas,KANNOD,"23230521112, GOVT. HSS GIRLS KANNOD",प्रतिभागी,शिक्षक
BS2020,Kavita Paliwal,Dewas,KANNOD,"23230521112, GOVT. HSS GIRLS KANNOD",प्रतिभागी,शिक्षक
CB8682,RAHUL GURJAR,Dewas,KANNOD,"23230521112, GOVT. HSS GIRLS KANNOD",प्रतिभागी,शिक्षक
BG9870,Pradeep Kachole,Dewas,KANNOD,"23230521110, GOVT. HS NAVIN KANNOD",प्रतिभागी,शिक्षक
BG9894,Amrat Khan,Dewas,KANNOD,"23230521110, GOVT. HS NAVIN KANNOD",प्रतिभागी,शिक्षक
BH5167,Balram Hardoneeya,Dewas,KANNOD,"23230521110, GOVT. HS NAVIN KANNOD",प्रतिभागी,शिक्षक
BH5168,Ranjana Hardoneeya,Dewas,KANNOD,"23230521110, GOVT. HS NAVIN KANNOD",प्रतिभागी,शिक्षक
BS2799,Suresh Ganeriya,Dewas,KANNOD,"23230521110, GOVT. HS NAVIN KANNOD",प्रतिभागी,शिक्षक
BT6392,Ritu Kaprela,Dewas,KANNOD,"23230521110, GOVT. HS NAVIN KANNOD",प्रतिभागी,शिक्षक
BZ2178,Satish Parmar,Dewas,KANNOD,"23230521110, GOVT. HS NAVIN KANNOD",प्रतिभागी,शिक्षक
BD8330,Ayyub Khan,Dewas,KANNOD,"23230504311, GOVT. HS PIPALKOTA",प्रतिभागी,शिक्षक
BG9274,Joyti Baghel,Dewas,KANNOD,"23230504311, GOVT. HS PIPALKOTA",प्रतिभागी,शिक्षक
BH1702,Aras Khan,Dewas,KANNOD,"23230504311, GOVT. HS PIPALKOTA",प्रतिभागी,शिक्षक
BH1709,Ayyoob Khan,Dewas,KANNOD,"23230504311, GOVT. HS PIPALKOTA",प्रतिभागी,शिक्षक
BW9760,Sabir Khan,Dewas,KANNOD,"23230504311, GOVT. HS PIPALKOTA",प्रतिभागी,शिक्षक
CB8676,VINOD RATHORE,Dewas,KANNOD,"23230504311, GOVT. HS PIPALKOTA",प्रतिभागी,शिक्षक
AA9611,Sangita Jaiswal,Dewas,KANNOD,"23230522507, GOVT. HSS SATWAS",प्रतिभागी,शिक्षक
AO1904,Vinod Kumar Carpenter,Dewas,KANNOD,"23230522507, GOVT. HSS SATWAS",प्रतिभागी,शिक्षक
AO2342,Premnarayan Yadav,Dewas,KANNOD,"23230522507, GOVT. HSS SATWAS",प्रतिभागी,शिक्षक
AO8600,PRIYANKA JAYSAWAL,Dewas,KANNOD,"23230522507, GOVT. HSS SATWAS",प्रतिभागी,शिक्षक
BG9284,Uma Joshi,Dewas,KANNOD,"23230522507, GOVT. HSS SATWAS",प्रतिभागी,शिक्षक
BG9291,Vijay Rathour,Dewas,KANNOD,"23230522507, GOVT. HSS SATWAS",प्रतिभागी,अन्य
BH1657,Habib Khan Mavati,Dewas,KANNOD,"23230522507, GOVT. HSS SATWAS",प्रतिभागी,शिक्षक
BH1660,Omprakash Joshi,Dewas,KANNOD,"23230522507, GOVT. HSS SATWAS",प्रतिभागी,शिक्षक
BH1664,Umesh Joshi,Dewas,KANNOD,"23230522507, GOVT. HSS SATWAS",प्रतिभागी,शिक्षक
BH1673,Guddi Raja Solanki,Dewas,KANNOD,"23230522507, GOVT. HSS SATWAS",प्रतिभागी,शिक्षक
BH1682,Ajay Kumar,Dewas,KANNOD,"23230522507, GOVT. HSS SATWAS",प्रतिभागी,शिक्षक
BH1695,Sunita Panwar,Dewas,KANNOD,"23230522507, GOVT. HSS SATWAS",प्रतिभागी,शिक्षक
BH1744,Kamini Dhurve,Dewas,KANNOD,"23230522507, GOVT. HSS SATWAS",प्रतिभागी,शिक्षक
BH3130,Manoj Kumar Rathor,Dewas,KANNOD,"23230522507, GOVT. HSS SATWAS",प्रतिभागी,शिक्षक
BH6883,Prmod Kumar Yadav,Dewas,KANNOD,"23230522507, GOVT. HSS SATWAS",प्रतिभागी,शिक्षक
BT6396,Sangita Kajeliya,Dewas,KANNOD,"23230522507, GOVT. HSS SATWAS",प्रतिभागी,शिक्षक
BW9766,Renuka Kala,Dewas,KANNOD,"23230522507, GOVT. HSS SATWAS",प्रतिभागी,शिक्षक
BX4276,Omprakash Chawda,Dewas,KANNOD,"23230522507, GOVT. HSS SATWAS",प्रतिभागी,शिक्षक
BY3696,Dharmendra Badodiya,Dewas,KANNOD,"23230522507, GOVT. HSS SATWAS",प्रतिभागी,शिक्षक
CA1532,Momin Khan,Dewas,KANNOD,"23230522507, GOVT. HSS SATWAS",प्रतिभागी,शिक्षक
AO1902,Rajendra Singh,Dewas,KANNOD,"23230515805, GOVT. HSS BAIJAGWADA",प्रतिभागी,शिक्षक
BG9265,Asharam Kulkarni,Dewas,KANNOD,"23230515805, GOVT. HSS BAIJAGWADA",प्रतिभागी,शिक्षक
BS1799,Mohammed Haneef Khan,Dewas,KANNOD,"23230515805, GOVT. HSS BAIJAGWADA",प्रतिभागी,शिक्षक
BH1530,Jyoti Meena,Dewas,KANNOD,"23230524006, HSS  GIRLS LOHARDA",प्रतिभागी,शिक्षक
BH3190,Jaynarayan Paithari,Dewas,KANNOD,"23230524006, HSS  GIRLS LOHARDA",प्रतिभागी,शिक्षक
BH3217,Mahesh Chandra Malviy,Dewas,KANNOD,"23230524006, HSS  GIRLS LOHARDA",प्रतिभागी,शिक्षक
BH3224,Uma Meena,Dewas,KANNOD,"23230524006, HSS  GIRLS LOHARDA",प्रतिभागी,शिक्षक
BH3295,Babulal Kaneriya,Dewas,KANNOD,"23230524006, HSS  GIRLS LOHARDA",प्रतिभागी,शिक्षक
BH3298,Aruna Devi,Dewas,KANNOD,"23230524006, HSS  GIRLS LOHARDA",प्रतिभागी,शिक्षक
BH3299,Shankarlal Gangwal,Dewas,KANNOD,"23230524006, HSS  GIRLS LOHARDA",प्रतिभागी,शिक्षक
BH3306,Hari Prasad Yadav,Dewas,KANNOD,"23230524006, HSS  GIRLS LOHARDA",प्रतिभागी,शिक्षक
BH3318,Kirti Joshi,Dewas,KANNOD,"23230524006, HSS  GIRLS LOHARDA",प्रतिभागी,शिक्षक
BH3534,Kailash Kachhware,Dewas,KANNOD,"23230524006, HSS  GIRLS LOHARDA",प्रतिभागी,शिक्षक
BH5533,Hemraj Kachnare,Dewas,KANNOD,"23230524006, HSS  GIRLS LOHARDA",प्रतिभागी,शिक्षक
BS1993,Manjula Meena,Dewas,KANNOD,"23230524006, HSS  GIRLS LOHARDA",प्रतिभागी,शिक्षक
BS2016,Rameshwar Meena,Dewas,KANNOD,"23230524006, HSS  GIRLS LOHARDA",प्रतिभागी,शिक्षक
BT6568,Ramhet Dhanwe,Dewas,KANNOD,"23230524006, HSS  GIRLS LOHARDA",प्रतिभागी,शिक्षक
BH1052,Afroja Khan,Dewas,KANNOD,"23230525509, GOVT. HSS KANTAFOD",प्रतिभागी,शिक्षक
BH1110,Bharatsingh Gokul Singh Chouhan,Dewas,KANNOD,"23230525509, GOVT. HSS KANTAFOD",प्रतिभागी,शिक्षक
BH1128,Tulsiram Benal,Dewas,KANNOD,"23230525509, GOVT. HSS KANTAFOD",प्रतिभागी,शिक्षक
BH1156,Raghunath Singh Solanki,Dewas,KANNOD,"23230525509, GOVT. HSS KANTAFOD",प्रतिभागी,शिक्षक
BH1158,Anju Sachan,Dewas,KANNOD,"23230525509, GOVT. HSS KANTAFOD",प्रतिभागी,शिक्षक
BH1163,Ratan Singh Mali,Dewas,KANNOD,"23230525509, GOVT. HSS KANTAFOD",प्रतिभागी,शिक्षक
BH3095,Kishor Batham,Dewas,KANNOD,"23230525509, GOVT. HSS KANTAFOD",प्रतिभागी,शिक्षक
BH3294,Rajeshwari Devi,Dewas,KANNOD,"23230525509, GOVT. HSS KANTAFOD",प्रतिभागी,शिक्षक
BG9874,Shambhu Singh Rajawat,Dewas,KANNOD,"23230506408, GOVT. HSS SUNDREL",प्रतिभागी,शिक्षक
BH1137,Lepsingh Pawar,Dewas,KANNOD,"23230506408, GOVT. HSS SUNDREL",प्रतिभागी,शिक्षक
BH1139,Aruna Sharma,Dewas,KANNOD,"23230506408, GOVT. HSS SUNDREL",प्रतिभागी,शिक्षक
BH1145,Sunilkumar Sharma,Dewas,KANNOD,"23230506408, GOVT. HSS SUNDREL",प्रतिभागी,शिक्षक
BH1159,Shobha Meena,Dewas,KANNOD,"23230506408, GOVT. HSS SUNDREL",प्रतिभागी,शिक्षक
BH1542,Sandhya Eran,Dewas,KANNOD,"23230506408, GOVT. HSS SUNDREL",प्रतिभागी,शिक्षक
BS3577,Ramesh Chandra Mehra,Dewas,KANNOD,"23230506408, GOVT. HSS SUNDREL",प्रतिभागी,शिक्षक
BH1515,Pratap Singh Merundiya,Dewas,KANNOD,"23230504512, GOVT. HSS PANIGAON",प्रतिभागी,शिक्षक
BH1548,Gajendra Upadhyay,Dewas,KANNOD,"23230504512, GOVT. HSS PANIGAON",प्रतिभागी,शिक्षक
BH1563,Chandra Shekhar Tiwari,Dewas,KANNOD,"23230504512, GOVT. HSS PANIGAON",प्रतिभागी,सीएसी
BH1590,Jagdish Sulaniya,Dewas,KANNOD,"23230504512, GOVT. HSS PANIGAON",प्रतिभागी,शिक्षक
BH5184,Omprakash Bachhaniya,Dewas,KANNOD,"23230504512, GOVT. HSS PANIGAON",प्रतिभागी,शिक्षक
BT6567,Prem Narayan Jaiswal,Dewas,KANNOD,"23230504512, GOVT. HSS PANIGAON",प्रतिभागी,शिक्षक
BW8377,Omprakash Verma,Dewas,KANNOD,"23230504512, GOVT. HSS PANIGAON",प्रतिभागी,शिक्षक
CD1096,MONIKA BATRA,Dewas,KANNOD,"23230504512, GOVT. HSS PANIGAON",प्रतिभागी,शिक्षक
8959381070,Anil  Jaiswal ,Dewas,KHATEGAON,"23230615311, GOVT. HSS AJNAS",प्रतिभागी,शिक्षक
BH5393,Santosh Soni,Dewas,KHATEGAON,"23230615311, GOVT. HSS AJNAS",प्रतिभागी,शिक्षक
BH5818,Shailja Bai Dubey,Dewas,KHATEGAON,"23230615311, GOVT. HSS AJNAS",प्रतिभागी,शिक्षक
BH5935,Seema Bai Rege,Dewas,KHATEGAON,"23230615311, GOVT. HSS AJNAS",प्रतिभागी,शिक्षक
BY3682,Dinesh Bakliwal,Dewas,KHATEGAON,"23230615311, GOVT. HSS AJNAS",प्रतिभागी,शिक्षक
BZ9245,Annapurna Rathore,Dewas,KHATEGAON,"23230615311, GOVT. HSS AJNAS",प्रतिभागी,शिक्षक
CB9815,SWATI PRAJAPATI,Dewas,KHATEGAON,"23230615311, GOVT. HSS AJNAS",प्रतिभागी,शिक्षक
BH1267,Prakashchandra Panwar,Dewas,KHATEGAON,"23230605607, GOVT. HSS IKLERA(KHATEGAON)",प्रतिभागी,शिक्षक
BH1304,Rajesh Sharma,Dewas,KHATEGAON,"23230605607, GOVT. HSS IKLERA(KHATEGAON)",प्रतिभागी,शिक्षक
BH1368,Devisingh Panwar,Dewas,KHATEGAON,"23230605607, GOVT. HSS IKLERA(KHATEGAON)",प्रतिभागी,शिक्षक
BO3449,Ram Krishna Panwar,Dewas,KHATEGAON,"23230605607, GOVT. HSS IKLERA(KHATEGAON)",प्रतिभागी,शिक्षक
BH2988,Matin Khan,Dewas,KHATEGAON,"23230601811, GOVT. HSS HARANGAON",प्रतिभागी,शिक्षक
BH5253,Hariom Goyal,Dewas,KHATEGAON,"23230601811, GOVT. HSS HARANGAON",प्रतिभागी,शिक्षक
BX4455,Omprakash Baganiya,Dewas,KHATEGAON,"23230601811, GOVT. HSS HARANGAON",प्रतिभागी,शिक्षक
BZ9286,Kavita Jain,Dewas,KHATEGAON,"23230601811, GOVT. HSS HARANGAON",प्रतिभागी,शिक्षक
BH3141,Chhote Lal Marskole,Dewas,KHATEGAON,"23230603306, GOVT. HSS VIKRAMPUR",प्रतिभागी,शिक्षक
BH3144,Rameshvar Malviya,Dewas,KHATEGAON,"23230603306, GOVT. HSS VIKRAMPUR",प्रतिभागी,शिक्षक
BH5470,Govind Prasad Uikey,Dewas,KHATEGAON,"23230603306, GOVT. HSS VIKRAMPUR",प्रतिभागी,शिक्षक
BH5501,Tirlok Chandra Bagwan,Dewas,KHATEGAON,"23230603306, GOVT. HSS VIKRAMPUR",प्रतिभागी,शिक्षक
BH5938,Chhaganlal Kachware,Dewas,KHATEGAON,"23230603306, GOVT. HSS VIKRAMPUR",प्रतिभागी,शिक्षक
BH6068,Santosh Barkhne,Dewas,KHATEGAON,"23230603306, GOVT. HSS VIKRAMPUR",प्रतिभागी,शिक्षक
BO2375,Rambharos Marskole,Dewas,KHATEGAON,"23230603306, GOVT. HSS VIKRAMPUR",प्रतिभागी,शिक्षक
BH3124,Manoj Tiwari,Dewas,KHATEGAON,"23230620403, GOVT. HSS EXCELLENCE  KHATEGAON",प्रतिभागी,शिक्षक
BH3125,Sunil Kumar Sharma,Dewas,KHATEGAON,"23230620403, GOVT. HSS EXCELLENCE  KHATEGAON",प्रतिभागी,शिक्षक
BH5309,Suresh Chandra Sharma,Dewas,KHATEGAON,"23230620403, GOVT. HSS EXCELLENCE  KHATEGAON",प्रतिभागी,शिक्षक
BH5428,Kamlesh Yadav,Dewas,KHATEGAON,"23230620403, GOVT. HSS EXCELLENCE  KHATEGAON",प्रतिभागी,शिक्षक
BH5451,Sangeeta Dubey,Dewas,KHATEGAON,"23230620403, GOVT. HSS EXCELLENCE  KHATEGAON",प्रतिभागी,शिक्षक
BH5601,Rajendra Lodhi,Dewas,KHATEGAON,"23230620403, GOVT. HSS EXCELLENCE  KHATEGAON",प्रतिभागी,शिक्षक
BN2594,Sandeep Sharma,Dewas,KHATEGAON,"23230620403, GOVT. HSS EXCELLENCE  KHATEGAON",प्रतिभागी,शिक्षक
BY8765,Rajesh Verma,Dewas,KHATEGAON,"23230620403, GOVT. HSS EXCELLENCE  KHATEGAON",प्रतिभागी,शिक्षक
BZ2158,Kirti Dubey,Dewas,KHATEGAON,"23230620403, GOVT. HSS EXCELLENCE  KHATEGAON",प्रतिभागी,शिक्षक
BH5441,Deepak Kumar Sharma,Dewas,KHATEGAON,"23230620404, GOVT. HSS GIRLS KHATEGAON",प्रतिभागी,शिक्षक
BH5455,Narendra Chouhan,Dewas,KHATEGAON,"23230620404, GOVT. HSS GIRLS KHATEGAON",प्रतिभागी,शिक्षक
BH5615,Maya Tiwari,Dewas,KHATEGAON,"23230620404, GOVT. HSS GIRLS KHATEGAON",प्रतिभागी,शिक्षक
BH5685,Avdhesh Tiwari,Dewas,KHATEGAON,"23230620404, GOVT. HSS GIRLS KHATEGAON",प्रतिभागी,शिक्षक
BH5864,Kamlesh Varma,Dewas,KHATEGAON,"23230620404, GOVT. HSS GIRLS KHATEGAON",प्रतिभागी,शिक्षक
BH5874,Hemant Kumar Kachooli,Dewas,KHATEGAON,"23230620404, GOVT. HSS GIRLS KHATEGAON",प्रतिभागी,शिक्षक
BH5888,Rajendra Kumar Atulkar,Dewas,KHATEGAON,"23230620404, GOVT. HSS GIRLS KHATEGAON",प्रतिभागी,शिक्षक
BN1329,Seema Shukla,Dewas,KHATEGAON,"23230620404, GOVT. HSS GIRLS KHATEGAON",प्रतिभागी,शिक्षक
BV5532,Dinesh Boyniya,Dewas,KHATEGAON,"23230620404, GOVT. HSS GIRLS KHATEGAON",प्रतिभागी,शिक्षक
BH1259,Kamal Singh Yadav,Dewas,KHATEGAON,"23230611614, GOVT. HSS NEMAWAR",प्रतिभागी,शिक्षक
BH1263,Hariom Vyas,Dewas,KHATEGAON,"23230611614, GOVT. HSS NEMAWAR",प्रतिभागी,शिक्षक
BH1342,Gajraj Singh Yadav,Dewas,KHATEGAON,"23230611614, GOVT. HSS NEMAWAR",प्रतिभागी,शिक्षक
BH5590,Krishna Sawle,Dewas,KHATEGAON,"23230611614, GOVT. HSS NEMAWAR",प्रतिभागी,शिक्षक
BH5883,Om Prakash,Dewas,KHATEGAON,"23230611614, GOVT. HSS NEMAWAR",प्रतिभागी,शिक्षक
BS6984,Pratibha Sharma,Dewas,KHATEGAON,"23230611614, GOVT. HSS NEMAWAR",प्रतिभागी,शिक्षक
BS7053,Swapnsheel Malviya,Dewas,KHATEGAON,"23230611614, GOVT. HSS NEMAWAR",प्रतिभागी,शिक्षक
BH1375,Gajanand Kundal,Dewas,KHATEGAON,"23230611012, GOVT. HS SANDALPUR",प्रतिभागी,शिक्षक
BH3132,Poonam Jani,Dewas,KHATEGAON,"23230611012, GOVT. HS SANDALPUR",प्रतिभागी,शिक्षक
BH5445,Nitesh Tiwari,Dewas,KHATEGAON,"23230611012, GOVT. HS SANDALPUR",प्रतिभागी,शिक्षक
BH5787,Manish Kumar Laddha,Dewas,KHATEGAON,"23230611012, GOVT. HS SANDALPUR",प्रतिभागी,शिक्षक
BH5829,Satish Chandr Vyash,Dewas,KHATEGAON,"23230611012, GOVT. HS SANDALPUR",प्रतिभागी,शिक्षक
BX4449,Padam Singh Kushwah,Dewas,KHATEGAON,"23230611012, GOVT. HS SANDALPUR",प्रतिभागी,शिक्षक
BX4453,Kamalkishor Nagar,Dewas,KHATEGAON,"23230611012, GOVT. HS SANDALPUR",प्रतिभागी,शिक्षक
BX7644,Vijay Kumar Kushwah,Dewas,KHATEGAON,"23230611012, GOVT. HS SANDALPUR",प्रतिभागी,शिक्षक
BX7646,Devendra Vyas,Dewas,KHATEGAON,"23230611012, GOVT. HS SANDALPUR",प्रतिभागी,शिक्षक
DB1211,AJAJ AHMED MANSURI,Dewas,KHATEGAON,"23230611012, GOVT. HS SANDALPUR",प्रतिभागी,शिक्षक
AA7737,Susheel Kumar Purohit,Dewas,KHATEGAON,"23230613008, GOVT. HSS JIYAGAON",प्रतिभागी,शिक्षक
BH3080,Prabhuram Sharma,Dewas,KHATEGAON,"23230613008, GOVT. HSS JIYAGAON",प्रतिभागी,शिक्षक
BH5256,Manoj Kumar Sarathiya,Dewas,KHATEGAON,"23230613008, GOVT. HSS JIYAGAON",प्रतिभागी,शिक्षक
BH5429,Vijay Singh Thakur,Dewas,KHATEGAON,"23230613008, GOVT. HSS JIYAGAON",प्रतिभागी,शिक्षक
BH5460,Gangaram Nagar,Dewas,KHATEGAON,"23230613008, GOVT. HSS JIYAGAON",प्रतिभागी,शिक्षक
BH5489,Raghunandan Upaddhya,Dewas,KHATEGAON,"23230613008, GOVT. HSS JIYAGAON",प्रतिभागी,शिक्षक
BH5495,Selesh Kachouli,Dewas,KHATEGAON,"23230613008, GOVT. HSS JIYAGAON",प्रतिभागी,शिक्षक
BH5540,Ram Vilas Uikey,Dewas,KHATEGAON,"23230613008, GOVT. HSS JIYAGAON",प्रतिभागी,शिक्षक
BN2919,Kailash Chandra Baghel,Dewas,KHATEGAON,"23230613008, GOVT. HSS JIYAGAON",प्रतिभागी,शिक्षक
BX4450,Narendra Kajle,Dewas,KHATEGAON,"23230613008, GOVT. HSS JIYAGAON",प्रतिभागी,शिक्षक
BX4454,Ashok Tada,Dewas,KHATEGAON,"23230613008, GOVT. HSS JIYAGAON",प्रतिभागी,शिक्षक
BX6684,Aashish Tiwari,Dewas,KHATEGAON,"23230613008, GOVT. HSS JIYAGAON",प्रतिभागी,शिक्षक
BX6685,Raju Choube,Dewas,KHATEGAON,"23230613008, GOVT. HSS JIYAGAON",प्रतिभागी,शिक्षक
CC1299,UTTAM DEVDA,Dewas,KHATEGAON,"23230613008, GOVT. HSS JIYAGAON",प्रतिभागी,शिक्षक
CC8205,ANSHUL GOYAL,Dewas,KHATEGAON,"23230613008, GOVT. HSS JIYAGAON",प्रतिभागी,शिक्षक
BH6278,Himmat Singh Varma,Dewas,SONKATCH,"23230311114, GOVT. HS  CHOUBARAGAJIR",प्रतिभागी,शिक्षक
BH6300,Manohar Lal Verma,Dewas,SONKATCH,"23230311114, GOVT. HS  CHOUBARAGAJIR",प्रतिभागी,शिक्षक
BH3436,Chandrakant Joshi,Dewas,SONKATCH,"23230317605, GOVT. HSS EXCELLENCE  SONKATCH",प्रतिभागी,शिक्षक
BH6241,Chatar Solanky,Dewas,SONKATCH,"23230317605, GOVT. HSS EXCELLENCE  SONKATCH",प्रतिभागी,शिक्षक
BH6285,Saroj Sayal,Dewas,SONKATCH,"23230317605, GOVT. HSS EXCELLENCE  SONKATCH",प्रतिभागी,शिक्षक
BH6369,Sajjan Singh Verma,Dewas,SONKATCH,"23230317605, GOVT. HSS EXCELLENCE  SONKATCH",प्रतिभागी,शिक्षक
BH6591,Devaki Chourasiya,Dewas,SONKATCH,"23230317605, GOVT. HSS EXCELLENCE  SONKATCH",प्रतिभागी,शिक्षक
BS3469,Anar Singh Thakur,Dewas,SONKATCH,"23230317605, GOVT. HSS EXCELLENCE  SONKATCH",प्रतिभागी,शिक्षक
BS3473,Anju Dinkar,Dewas,SONKATCH,"23230317605, GOVT. HSS EXCELLENCE  SONKATCH",प्रतिभागी,शिक्षक
CB8579,RAJAT NAMDEV,Dewas,SONKATCH,"23230317605, GOVT. HSS EXCELLENCE  SONKATCH",प्रतिभागी,शिक्षक
CB8586,PRATIKSHA RAJPUT,Dewas,SONKATCH,"23230317605, GOVT. HSS EXCELLENCE  SONKATCH",प्रतिभागी,शिक्षक
BH2926,Upmanyu Thakur,Dewas,SONKATCH,"23230317606, GOVT. HSS GIRLS  SONKATCH",प्रतिभागी,शिक्षक
BH3371,Anil Parmar,Dewas,SONKATCH,"23230317606, GOVT. HSS GIRLS  SONKATCH",प्रतिभागी,शिक्षक
BH5083,Ajay Kumar Joshi,Dewas,SONKATCH,"23230317606, GOVT. HSS GIRLS  SONKATCH",प्रतिभागी,शिक्षक
BH6420,Vikram Singh Solanki,Dewas,SONKATCH,"23230317606, GOVT. HSS GIRLS  SONKATCH",प्रतिभागी,शिक्षक
BH6483,Irshad Khan,Dewas,SONKATCH,"23230317606, GOVT. HSS GIRLS  SONKATCH",प्रतिभागी,शिक्षक
BQ2713,Antim Verma,Dewas,SONKATCH,"23230317606, GOVT. HSS GIRLS  SONKATCH",प्रतिभागी,शिक्षक
CB9603,MANEESHA CHOUHAN,Dewas,SONKATCH,"23230317606, GOVT. HSS GIRLS  SONKATCH",प्रतिभागी,शिक्षक
BH3381,Narbat Singh Malviya,Dewas,SONKATCH,"23230320804, GOVT. HSS BOYS PIPALRANWA",प्रतिभागी,शिक्षक
BH3396,Babu Lal Malviya,Dewas,SONKATCH,"23230320804, GOVT. HSS BOYS PIPALRANWA",प्रतिभागी,शिक्षक
BH3423,Hem Singh Dhangar,Dewas,SONKATCH,"23230320804, GOVT. HSS BOYS PIPALRANWA",प्रतिभागी,शिक्षक
BH3816,Rajesh Verma,Dewas,SONKATCH,"23230320804, GOVT. HSS BOYS PIPALRANWA",प्रतिभागी,शिक्षक
BX9173,Sandeep Dhakad,Dewas,SONKATCH,"23230320804, GOVT. HSS BOYS PIPALRANWA",प्रतिभागी,शिक्षक
BZ6208,Arun Dhakd,Dewas,SONKATCH,"23230320804, GOVT. HSS BOYS PIPALRANWA",प्रतिभागी,शिक्षक
BH3061,Prem Narayan Jhala,Dewas,SONKATCH,"23230320803, GOVT. HS GIRLS PIPALRANWA",प्रतिभागी,शिक्षक
BH3440,Mamta Bhaat,Dewas,SONKATCH,"23230320803, GOVT. HS GIRLS PIPALRANWA",प्रतिभागी,शिक्षक
BH3449,Dilip Nagar,Dewas,SONKATCH,"23230320803, GOVT. HS GIRLS PIPALRANWA",प्रतिभागी,शिक्षक
BP4116,Babulal Malviya,Dewas,SONKATCH,"23230320803, GOVT. HS GIRLS PIPALRANWA",प्रतिभागी,शिक्षक
BW6941,Rajendra Singh Kushwah,Dewas,SONKATCH,"23230320803, GOVT. HS GIRLS PIPALRANWA",प्रतिभागी,शिक्षक
BH2076,Pratima Gupta,Dewas,SONKATCH,"23230319404, GOVT. HSS  BHONRASA",प्रतिभागी,शिक्षक
BH2135,Rekha Goud,Dewas,SONKATCH,"23230319404, GOVT. HSS  BHONRASA",प्रतिभागी,शिक्षक
BH2137,Vandana Gwal,Dewas,SONKATCH,"23230319404, GOVT. HSS  BHONRASA",प्रतिभागी,शिक्षक
BH2154,Sheetal Verma,Dewas,SONKATCH,"23230319404, GOVT. HSS  BHONRASA",प्रतिभागी,शिक्षक
BH2196,Sunita Khichi,Dewas,SONKATCH,"23230319404, GOVT. HSS  BHONRASA",प्रतिभागी,शिक्षक
BH2925,Ratan Singh Bagadiya,Dewas,SONKATCH,"23230319404, GOVT. HSS  BHONRASA",प्रतिभागी,शिक्षक
BH4843,Makhan Lal Kumbhkar,Dewas,SONKATCH,"23230319404, GOVT. HSS  BHONRASA",प्रतिभागी,शिक्षक
BH4846,Kamal Singh Yadav,Dewas,SONKATCH,"23230319404, GOVT. HSS  BHONRASA",प्रतिभागी,शिक्षक
BH4848,Aarti Tiwari,Dewas,SONKATCH,"23230319404, GOVT. HSS  BHONRASA",प्रतिभागी,शिक्षक
BR1980,Anita Pawar,Dewas,SONKATCH,"23230319404, GOVT. HSS  BHONRASA",प्रतिभागी,शिक्षक
BR2200,Santosh Kumar Yadav,Dewas,SONKATCH,"23230319404, GOVT. HSS  BHONRASA",प्रतिभागी,शिक्षक
BX5892,Ashwin Kumar Mishra,Dewas,SONKATCH,"23230319404, GOVT. HSS  BHONRASA",प्रतिभागी,शिक्षक
BH2526,Ashok Kumar Arwal,Dewas,SONKATCH,"23230319403, GOVT. HSS GIRLS  BHONRASA",प्रतिभागी,शिक्षक
BH4714,Khurshidalam Khan,Dewas,SONKATCH,"23230319403, GOVT. HSS GIRLS  BHONRASA",प्रतिभागी,शिक्षक
BH4786,Ganesh Solanki,Dewas,SONKATCH,"23230319403, GOVT. HSS GIRLS  BHONRASA",प्रतिभागी,शिक्षक
BH4787,Sureshchandra Mali,Dewas,SONKATCH,"23230319403, GOVT. HSS GIRLS  BHONRASA",प्रतिभागी,शिक्षक
BH4842,Ishrat Jahan Khan,Dewas,SONKATCH,"23230319403, GOVT. HSS GIRLS  BHONRASA",प्रतिभागी,शिक्षक
BH6359,Dinesh Chouhan,Dewas,SONKATCH,"23230319403, GOVT. HSS GIRLS  BHONRASA",प्रतिभागी,शिक्षक
BH6482,Sunil Kumar Choudhary,Dewas,SONKATCH,"23230319403, GOVT. HSS GIRLS  BHONRASA",प्रतिभागी,शिक्षक
BH6586,Gajendra Rathore,Dewas,SONKATCH,"23230319403, GOVT. HSS GIRLS  BHONRASA",प्रतिभागी,शिक्षक
BH6587,Man Singh,Dewas,SONKATCH,"23230319403, GOVT. HSS GIRLS  BHONRASA",प्रतिभागी,शिक्षक
BH6590,Radheshyam Yadav,Dewas,SONKATCH,"23230319403, GOVT. HSS GIRLS  BHONRASA",प्रतिभागी,शिक्षक
BH6594,Sandeep Tankraya,Dewas,SONKATCH,"23230319403, GOVT. HSS GIRLS  BHONRASA",प्रतिभागी,शिक्षक
BQ2704,Reena Pal,Dewas,SONKATCH,"23230319403, GOVT. HSS GIRLS  BHONRASA",प्रतिभागी,शिक्षक
BQ9770,Sardar Singh,Dewas,SONKATCH,"23230319403, GOVT. HSS GIRLS  BHONRASA",प्रतिभागी,शिक्षक
BT4773,Sumer Singh Yadav,Dewas,SONKATCH,"23230319403, GOVT. HSS GIRLS  BHONRASA",प्रतिभागी,शिक्षक
BW9857,Kshetrapal Sharma,Dewas,SONKATCH,"23230319403, GOVT. HSS GIRLS  BHONRASA",प्रतिभागी,शिक्षक
BH1029,Dilip Patidar,Dewas,SONKATCH,"23230313017, GOVT. HSS GANDHARVPURI",प्रतिभागी,शिक्षक
BH4470,Radheshyam Kushwah,Dewas,SONKATCH,"23230313017, GOVT. HSS GANDHARVPURI",प्रतिभागी,शिक्षक
BH6279,Girish Kumar Kushwah,Dewas,SONKATCH,"23230313017, GOVT. HSS GANDHARVPURI",प्रतिभागी,शिक्षक
BH6355,Gajesh Kumar Sharma,Dewas,SONKATCH,"23230313017, GOVT. HSS GANDHARVPURI",प्रतिभागी,शिक्षक
BQ4547,Sunita Patel,Dewas,SONKATCH,"23230313017, GOVT. HSS GANDHARVPURI",प्रतिभागी,शिक्षक
BU6306,Santosh Kumar Sen,Dewas,SONKATCH,"23230313017, GOVT. HSS GANDHARVPURI",प्रतिभागी,शिक्षक
BX1385,Minakshi Patil,Dewas,SONKATCH,"23230313017, GOVT. HSS GANDHARVPURI",प्रतिभागी,शिक्षक
BX9871,Mukesh Kushwah,Dewas,SONKATCH,"23230313017, GOVT. HSS GANDHARVPURI",प्रतिभागी,शिक्षक
BY7923,Seema Kushwah,Dewas,SONKATCH,"23230313017, GOVT. HSS GANDHARVPURI",प्रतिभागी,शिक्षक
BY9508,Ghanshyam Nahar,Dewas,SONKATCH,"23230313017, GOVT. HSS GANDHARVPURI",प्रतिभागी,शिक्षक
BH1797,Vijay Trivedi,Dewas,TONKKHURD,"23230208712, GOVT. HSS DEVLI",प्रतिभागी,शिक्षक
BH2787,Mohan Singh Mandloi,Dewas,TONKKHURD,"23230208712, GOVT. HSS DEVLI",प्रतिभागी,शिक्षक
BH3980,Manohar Lal Parmar,Dewas,TONKKHURD,"23230208712, GOVT. HSS DEVLI",प्रतिभागी,शिक्षक
BH6199,Mukesh Kumar Amlavtiya,Dewas,TONKKHURD,"23230208712, GOVT. HSS DEVLI",प्रतिभागी,शिक्षक
BQ2715,Noshad Khan,Dewas,TONKKHURD,"23230208712, GOVT. HSS DEVLI",प्रतिभागी,शिक्षक
BT3080,Praveen Kumar Tiwari,Dewas,TONKKHURD,"23230208712, GOVT. HSS DEVLI",प्रतिभागी,शिक्षक
BW2281,Shekhar Patel,Dewas,TONKKHURD,"23230208712, GOVT. HSS DEVLI",प्रतिभागी,शिक्षक
BW8640,Rajendra Singh Bagana,Dewas,TONKKHURD,"23230208712, GOVT. HSS DEVLI",प्रतिभागी,शिक्षक
BW8733,Surendra Singh Sendhav,Dewas,TONKKHURD,"23230208712, GOVT. HSS DEVLI",प्रतिभागी,शिक्षक
BH1801,Ranjana Thakur,Dewas,TONKKHURD,"23230211910, GOVT. HSS CHIDAVAD",प्रतिभागी,शिक्षक
BH2043,Rajesh Parmar,Dewas,TONKKHURD,"23230211910, GOVT. HSS CHIDAVAD",प्रतिभागी,शिक्षक
BH2350,Bhuwanesh Kumar Mehta,Dewas,TONKKHURD,"23230211910, GOVT. HSS CHIDAVAD",प्रतिभागी,शिक्षक
BH3813,Arjun Kumar Mandloi,Dewas,TONKKHURD,"23230211910, GOVT. HSS CHIDAVAD",प्रतिभागी,शिक्षक
BQ8968,Satynarayan Patel,Dewas,TONKKHURD,"23230211910, GOVT. HSS CHIDAVAD",प्रतिभागी,शिक्षक
BU7261,Jugal Patel,Dewas,TONKKHURD,"23230211910, GOVT. HSS CHIDAVAD",प्रतिभागी,शिक्षक
BV7005,Narsingh Solanki,Dewas,TONKKHURD,"23230211910, GOVT. HSS CHIDAVAD",प्रतिभागी,शिक्षक
BW9852,Harinarayan Mandloi,Dewas,TONKKHURD,"23230211910, GOVT. HSS CHIDAVAD",प्रतिभागी,शिक्षक
BX6631,Nilesh Dethliya,Dewas,TONKKHURD,"23230211910, GOVT. HSS CHIDAVAD",प्रतिभागी,शिक्षक
BH2790,Rajendra Singh Yadav,Dewas,TONKKHURD,"23230207506, GOVT. HS  IKLARA MATAJI",प्रतिभागी,शिक्षक
BH3029,Yogendra Singh Chouhan,Dewas,TONKKHURD,"23230207506, GOVT. HS  IKLARA MATAJI",प्रतिभागी,अन्य
BH3031,Mukesh Patidar,Dewas,TONKKHURD,"23230207506, GOVT. HS  IKLARA MATAJI",प्रतिभागी,शिक्षक
BU5378,Rahul Nagar,Dewas,TONKKHURD,"23230207506, GOVT. HS  IKLARA MATAJI",प्रतिभागी,शिक्षक
BX1388,Shahadat Husain,Dewas,TONKKHURD,"23230207506, GOVT. HS  IKLARA MATAJI",प्रतिभागी,शिक्षक
BY1205,Kanhaiya Lal Patel,Dewas,TONKKHURD,"23230207506, GOVT. HS  IKLARA MATAJI",प्रतिभागी,शिक्षक
BH1849,Madan Lal Malviya,Dewas,TONKKHURD,"23230205307, GOVT. HSS PADLIYA",प्रतिभागी,शिक्षक
BH2693,Om Prakash Dethliya,Dewas,TONKKHURD,"23230205307, GOVT. HSS PADLIYA",प्रतिभागी,शिक्षक
BH2729,Mahesh Kumar Mandloi,Dewas,TONKKHURD,"23230205307, GOVT. HSS PADLIYA",प्रतिभागी,शिक्षक
BH2739,Rajesh Kumar Malviya,Dewas,TONKKHURD,"23230205307, GOVT. HSS PADLIYA",प्रतिभागी,शिक्षक
BH2741,Kanti Lal Mandloi,Dewas,TONKKHURD,"23230205307, GOVT. HSS PADLIYA",प्रतिभागी,शिक्षक
BH2770,Krishankant Verma,Dewas,TONKKHURD,"23230205307, GOVT. HSS PADLIYA",प्रतिभागी,शिक्षक
BH3052,Anoop Singh Makwana,Dewas,TONKKHURD,"23230205307, GOVT. HSS PADLIYA",प्रतिभागी,शिक्षक
BH3811,Ghanshyam Jalodiya,Dewas,TONKKHURD,"23230205307, GOVT. HSS PADLIYA",प्रतिभागी,शिक्षक
BK1458,Nandkishor Arya,Dewas,TONKKHURD,"23230205307, GOVT. HSS PADLIYA",प्रतिभागी,शिक्षक
BP9253,Jitendra Kumar Mandloi,Dewas,TONKKHURD,"23230205307, GOVT. HSS PADLIYA",प्रतिभागी,शिक्षक
BR9680,Brijkishor Bilavaliya,Dewas,TONKKHURD,"23230205307, GOVT. HSS PADLIYA",प्रतिभागी,शिक्षक
BX3464,Manoj Varma,Dewas,TONKKHURD,"23230205307, GOVT. HSS PADLIYA",प्रतिभागी,शिक्षक
BX9648,Rajesh Kumar Parmar,Dewas,TONKKHURD,"23230205307, GOVT. HSS PADLIYA",प्रतिभागी,शिक्षक
BH1786,Rajesh Malviya,Dewas,TONKKHURD,"23230200719, GOVT.HSS TONK KALA",प्रतिभागी,शिक्षक
BH1788,Manisha Thakur,Dewas,TONKKHURD,"23230200719, GOVT.HSS TONK KALA",प्रतिभागी,शिक्षक
BH2255,Dinesh Parmar,Dewas,TONKKHURD,"23230200719, GOVT.HSS TONK KALA",प्रतिभागी,शिक्षक
BH2666,Sarla Mahajan,Dewas,TONKKHURD,"23230200719, GOVT.HSS TONK KALA",प्रतिभागी,शिक्षक
BH2740,Umesh Singh Khichi,Dewas,TONKKHURD,"23230200719, GOVT.HSS TONK KALA",प्रतिभागी,सीएसी
BH3810,Nazma Parveen Shaikh,Dewas,TONKKHURD,"23230200719, GOVT.HSS TONK KALA",प्रतिभागी,शिक्षक
BH4734,Nirdosh Tirkey,Dewas,TONKKHURD,"23230200719, GOVT.HSS TONK KALA",प्रतिभागी,शिक्षक
BH4956,Rekha Malviya,Dewas,TONKKHURD,"23230200719, GOVT.HSS TONK KALA",प्रतिभागी,शिक्षक
BP9997,Gauri Shrivastava,Dewas,TONKKHURD,"23230200719, GOVT.HSS TONK KALA",प्रतिभागी,शिक्षक
BS9367,Prem Narayan Arya,Dewas,TONKKHURD,"23230200719, GOVT.HSS TONK KALA",प्रतिभागी,शिक्षक
BW8734,Swati Sameer Jawkhedkar,Dewas,TONKKHURD,"23230200719, GOVT.HSS TONK KALA",प्रतिभागी,शिक्षक
CD3483,ASHWIN NAYAK,Dewas,TONKKHURD,"23230200719, GOVT.HSS TONK KALA",प्रतिभागी,शिक्षक
BH3133,Mohan Kelwa,Dewas,TONKKHURD,"23230213706, HSS EXCE. TONKKHURD",प्रतिभागी,शिक्षक
BH3847,Babulal Malviya,Dewas,TONKKHURD,"23230213706, HSS EXCE. TONKKHURD",प्रतिभागी,शिक्षक
BH3879,Sunil Thakur,Dewas,TONKKHURD,"23230213706, HSS EXCE. TONKKHURD",प्रतिभागी,शिक्षक
BH3920,Vijendra Kumar Sharma,Dewas,TONKKHURD,"23230213706, HSS EXCE. TONKKHURD",प्रतिभागी,शिक्षक
BQ8078,Manoj Patel,Dewas,TONKKHURD,"23230213706, HSS EXCE. TONKKHURD",प्रतिभागी,शिक्षक
BX1401,Asha Dhamu,Dewas,TONKKHURD,"23230213706, HSS EXCE. TONKKHURD",प्रतिभागी,शिक्षक
BM9591,Champalal Makwana,Dhar,BADNAVAR,"23250112210, HSS TILGARA",प्रतिभागी,शिक्षक
BN4248,Vijay Singh Sastiya,Dhar,BADNAVAR,"23250112210, HSS TILGARA",प्रतिभागी,शिक्षक
AM5386,Narayan Sagitra,Dhar,BADNAVAR,"23250120303, HSS BHAINSOLA",प्रतिभागी,शिक्षक
AS8218,Ramesh Nigam,Dhar,BADNAVAR,"23250120303, HSS BHAINSOLA",प्रतिभागी,शिक्षक
BN3712,Raju Bariya,Dhar,BADNAVAR,"23250120303, HSS BHAINSOLA",प्रतिभागी,शिक्षक
BN3715,Dharmraj Patidar,Dhar,BADNAVAR,"23250120303, HSS BHAINSOLA",प्रतिभागी,शिक्षक
BT3848,Rakesh Mandloi,Dhar,BADNAVAR,"23250120303, HSS BHAINSOLA",प्रतिभागी,शिक्षक
AJ5184,Kalu Singh Rathore,Dhar,BADNAVAR,"23250108208, HSS KACHHIBARODA",प्रतिभागी,शिक्षक
BN7290,Dileep Singh,Dhar,BADNAVAR,"23250108208, HSS KACHHIBARODA",प्रतिभागी,शिक्षक
BK4152,Gowardhan Singh Dawar,Dhar,BADNAVAR,"23250109210, HS KHEDA (CLASS 1 TO 10)",प्रतिभागी,शिक्षक
BR5397,Abid Mohammad Qureshi,Dhar,BADNAVAR,"23250109210, HS KHEDA (CLASS 1 TO 10)",प्रतिभागी,शिक्षक
CC4090,KISHOR KANASH,Dhar,BADNAVAR,"23250109919, HSS NAGDA",प्रतिभागी,शिक्षक
BN6668,Ashok Tiwari,Dhar,BADNAVAR,"23250113215, HSS BAKHATGARH",प्रतिभागी,शिक्षक
BN6975,Ismail Khan,Dhar,BADNAVAR,"23250113215, HSS BAKHATGARH",प्रतिभागी,शिक्षक
BQ6225,Devendra Patidar,Dhar,BADNAVAR,"23250113215, HSS BAKHATGARH",प्रतिभागी,शिक्षक
AJ5200,Surendra Singh Solanki,Dhar,BADNAVAR,"23250118115, HSS MULTHAN",प्रतिभागी,शिक्षक
BI6949,Nansingh Mory,Dhar,BADNAVAR,"23250118115, HSS MULTHAN",प्रतिभागी,शिक्षक
BM9772,Rajendra Rathore,Dhar,BADNAVAR,"23250118115, HSS MULTHAN",प्रतिभागी,शिक्षक
BN5331,Radheshyam Patidar,Dhar,BADNAVAR,"23250118115, HSS MULTHAN",प्रतिभागी,शिक्षक
BW4171,Kamlesh Parmar,Dhar,BADNAVAR,"23250118115, HSS MULTHAN",प्रतिभागी,शिक्षक
BW6204,Swati Patidar,Dhar,BADNAVAR,"23250118115, HSS MULTHAN",प्रतिभागी,शिक्षक
BN3656,Kaluram Bhuriya,Dhar,BADNAVAR,"23250100933, HSS KANVAN",प्रतिभागी,शिक्षक
BN6768,Basant Kumar Shinde,Dhar,BADNAVAR,"23250100933, HSS KANVAN",प्रतिभागी,शिक्षक
AQ6747,Kan Singh Sastyaa,Dhar,BADNAVAR,"23250123902, HSS MODEL SCHOOL BADNAWAR",प्रतिभागी,शिक्षक
AT1597,Than Singh Tagore,Dhar,BADNAVAR,"23250123902, HSS MODEL SCHOOL BADNAWAR",प्रतिभागी,शिक्षक
BN3664,Kailashchandra Sisodiya,Dhar,BADNAVAR,"23250123902, HSS MODEL SCHOOL BADNAWAR",प्रतिभागी,शिक्षक
BI5654,Juwan Singh Chouhan,Dhar,BADNAVAR,"23250104511, HSS DHOLANA",प्रतिभागी,शिक्षक
BN5716,Shankar Singh Dawar,Dhar,BADNAVAR,"23250104511, HSS DHOLANA",प्रतिभागी,शिक्षक
CA8001,ARVIND PANWAR,Dhar,BADNAVAR,"23250104511, HSS DHOLANA",प्रतिभागी,शिक्षक
CD7875,PRAKASH SUNHARE,Dhar,BADNAVAR,"23250104511, HSS DHOLANA",प्रतिभागी,शिक्षक
AJ3321,Anita Chouhan,Dhar,BAGH,"23250206434, HSS EXCELLENCE BAGH",प्रतिभागी,शिक्षक
BO4046,Meena Mujelda,Dhar,BAGH,"23250206434, HSS EXCELLENCE BAGH",प्रतिभागी,शिक्षक
BR4316,Sangita Mori,Dhar,BAGH,"23250206434, HSS EXCELLENCE BAGH",प्रतिभागी,शिक्षक
AJ4671,Kelsingh Mandloi,Dhar,BAGH,"23250202812, GOVT. H.S AAGAR",प्रतिभागी,शिक्षक
BT1964,Dur Mandloi,Dhar,BAGH,"23250202812, GOVT. H.S AAGAR",प्रतिभागी,शिक्षक
AJ4593,Dileep Dodave,Dhar,BAGH,"23250206210, GOVT. HS BHAMORI",प्रतिभागी,शिक्षक
CF4868,KUSUM CHOUHAN,Dhar,BAGH,"23250206210, GOVT. HS BHAMORI",प्रतिभागी,शिक्षक
BO4830,Indarsingh Dabar,Dhar,BAGH,"23250203217, GOVT. HSS TANDA",प्रतिभागी,शिक्षक
CB3342,SARAMA JAMRA,Dhar,BAGH,"23250203217, GOVT. HSS TANDA",प्रतिभागी,शिक्षक
CC2028,SARITA CHOUHAN,Dhar,BAGH,"23250203217, GOVT. HSS TANDA",प्रतिभागी,शिक्षक
AJ3869,Versha Dixit,Dhar,DAHI,"23250302238, HSS EXCELLENCE DAHI",प्रतिभागी,शिक्षक
AJ4902,Motesingh Bamniya,Dhar,DAHI,"23250302238, HSS EXCELLENCE DAHI",प्रतिभागी,शिक्षक
BN9931,Devisingh Doriya,Dhar,DAHI,"23250302238, HSS EXCELLENCE DAHI",प्रतिभागी,शिक्षक
CC6081,GAJRAJ THAKUR,Dhar,DAHI,"23250304011, HSS PADIYAL",प्रतिभागी,शिक्षक
CC6202,CHHAYA AHIRWAR,Dhar,DAHI,"23250312007, GOVT. HSS ARADA ( 6 TO 12 )",प्रतिभागी,शिक्षक
AJ3770,Mahesh Patidar,Dhar,DAHI,"23250305432, HS DHARAMRAI",प्रतिभागी,शिक्षक
CC6275,DINESH DODWA,Dhar,DAHI,"23250305432, HS DHARAMRAI",प्रतिभागी,शिक्षक
AD9717,SUMAN WASKEL,Dhar,DAHI,"23250306210, GOVT. HSS BARDA (1 TO 12)",प्रतिभागी,शिक्षक
AJ3735,Bhursingh Ahoriya,Dhar,DAHI,"23250306210, GOVT. HSS BARDA (1 TO 12)",प्रतिभागी,शिक्षक
AJ3877,Anita Solanki,Dhar,DAHI,"23250306210, GOVT. HSS BARDA (1 TO 12)",प्रतिभागी,शिक्षक
BS7492,Sunita Mori,Dhar,DAHI,"23250306210, GOVT. HSS BARDA (1 TO 12)",प्रतिभागी,शिक्षक
BT9210,Sunita Varma,Dhar,DAHI,"23250306210, GOVT. HSS BARDA (1 TO 12)",प्रतिभागी,शिक्षक
AJ4904,Rakesh Solanki,Dhar,DAHI,"23250303615, HS ATERSUMA",प्रतिभागी,शिक्षक
AJ4910,Archana Onkar,Dhar,DAHI,"23250303615, HS ATERSUMA",प्रतिभागी,शिक्षक
BQ6157,Mrs. Besar Mandloi,Dhar,DAHI,"23250307019, HS FIFEDA",प्रतिभागी,शिक्षक
AQ6718,Bakhat Sapliya,Dhar,DAHI,"23250304225, Government HSS GAJAGOTA",प्रतिभागी,शिक्षक
AA4565,MANORAMA MODIYA,Dhar,DHAR,"23250411626, GOVT. HSS ANAND NO 2 DHAR",प्रतिभागी,शिक्षक
AJ5250,Santosh Vishwakarma,Dhar,DHAR,"23250411626, GOVT. HSS ANAND NO 2 DHAR",प्रतिभागी,शिक्षक
BS8167,Manoj Harod,Dhar,DHAR,"23250411626, GOVT. HSS ANAND NO 2 DHAR",प्रतिभागी,शिक्षक
BZ2333,Vijay Khangar,Dhar,DHAR,"23250411626, GOVT. HSS ANAND NO 2 DHAR",प्रतिभागी,शिक्षक
AD4466,Sangeeta Dawar,Dhar,DHAR,"23250411628, BHOJ GIRLS HSS DHAR",प्रतिभागी,शिक्षक
AJ1664,Surekha Bhanwar,Dhar,DHAR,"23250411628, BHOJ GIRLS HSS DHAR",प्रतिभागी,शिक्षक
AJ2800,Nisha Gil,Dhar,DHAR,"23250411628, BHOJ GIRLS HSS DHAR",प्रतिभागी,शिक्षक
AJ2819,Shaheda Parveen,Dhar,DHAR,"23250411628, BHOJ GIRLS HSS DHAR",प्रतिभागी,शिक्षक
AJ2827,Aabha Tripathi,Dhar,DHAR,"23250411628, BHOJ GIRLS HSS DHAR",प्रतिभागी,शिक्षक
BO7731,Sunita Morya,Dhar,DHAR,"23250411628, BHOJ GIRLS HSS DHAR",प्रतिभागी,शिक्षक
BQ8303,Arati Shreevastava,Dhar,DHAR,"23250411628, BHOJ GIRLS HSS DHAR",प्रतिभागी,शिक्षक
AJ2922,Mohd. Jamal Shaikh,Dhar,DHAR,"23250409704, GOVT. HS TEESGAON",प्रतिभागी,शिक्षक
CC3962,MONIKA RAGHUWANSHI,Dhar,DHAR,"23250409704, GOVT. HS TEESGAON",प्रतिभागी,शिक्षक
AJ5244,Bhadarsingh Panwar,Dhar,DHAR,"23250407114, BOYS HSS KESUR",प्रतिभागी,शिक्षक
BY1850,Ishwardas Bairagi,Dhar,DHAR,"23250407114, BOYS HSS KESUR",प्रतिभागी,सीएसी
CC1148,SHIKHA PAL,Dhar,DHAR,"23250407114, BOYS HSS KESUR",प्रतिभागी,शिक्षक
CE5762,ARPIT SOLANKI,Dhar,DHAR,"23250407114, BOYS HSS KESUR",प्रतिभागी,शिक्षक
CF1991,SHRIRAM DHAKAD,Dhar,DHAR,"23250407114, BOYS HSS KESUR",प्रतिभागी,शिक्षक
CF5881,DIKSHA DUBEY,Dhar,DHAR,"23250407114, BOYS HSS KESUR",प्रतिभागी,शिक्षक
AF4156,Ambaram Gokhle,Dhar,DHAR,"23250410008, HSS GHATABILLOD",प्रतिभागी,शिक्षक
AJ4678,Sunita Chouhan,Dhar,DHAR,"23250410008, HSS GHATABILLOD",प्रतिभागी,शिक्षक
AJ5269,Sangeeta Rai,Dhar,DHAR,"23250410008, HSS GHATABILLOD",प्रतिभागी,शिक्षक
CC1986,RAMBABU SAHU,Dhar,DHAR,"23250410008, HSS GHATABILLOD",प्रतिभागी,शिक्षक
CC2894,DIWAKAR PAREEK,Dhar,DHAR,"23250410008, HSS GHATABILLOD",प्रतिभागी,शिक्षक
AI9868,Rajesh Chouhan,Dhar,DHAR,"23250411627, HSS DEDLA",प्रतिभागी,शिक्षक
AJ1279,Kamal Panchal,Dhar,DHAR,"23250411627, HSS DEDLA",प्रतिभागी,शिक्षक
AJ3049,Hakamsingh Thakur,Dhar,DHAR,"23250411627, HSS DEDLA",प्रतिभागी,शिक्षक
AJ3125,Shersingh Sisodiya,Dhar,DHAR,"23250411627, HSS DEDLA",प्रतिभागी,शिक्षक
AJ5256,Urmila Sharma,Dhar,DHAR,"23250411627, HSS DEDLA",प्रतिभागी,शिक्षक
BM7571,Rameshchandra Bundela,Dhar,DHAR,"23250411627, HSS DEDLA",प्रतिभागी,शिक्षक
BM7825,Yogendra Kumar Jaiswal,Dhar,DHAR,"23250411627, HSS DEDLA",प्रतिभागी,शिक्षक
BM8578,Versha Vaishnav,Dhar,DHAR,"23250411627, HSS DEDLA",प्रतिभागी,शिक्षक
BO7736,Satrupa Mahant,Dhar,DHAR,"23250411627, HSS DEDLA",प्रतिभागी,शिक्षक
BS3982,Kanta Muzalda,Dhar,DHAR,"23250411627, HSS DEDLA",प्रतिभागी,शिक्षक
BT8380,Gul Bai Bhide,Dhar,DHAR,"23250411627, HSS DEDLA",प्रतिभागी,शिक्षक
CC2095,POONAM CHOUHAN,Dhar,DHAR,"23250411627, HSS DEDLA",प्रतिभागी,शिक्षक
CC2899,RAHUL BHADOURIA,Dhar,DHAR,"23250411627, HSS DEDLA",प्रतिभागी,शिक्षक
CC6256,NITESH PATIDAR,Dhar,DHAR,"23250411627, HSS DEDLA",प्रतिभागी,शिक्षक
CF5868,SUNIL THAKUR,Dhar,DHARAMPURI,"23250504213, GOVT. BOYS HSS SUNDREL",प्रतिभागी,शिक्षक
AD5867,Urmila Parihar,Dhar,DHARAMPURI,"23250500311, GOVT. HSS SEMALDA",प्रतिभागी,शिक्षक
AI9369,Gopalsingh Katare,Dhar,DHARAMPURI,"23250500311, GOVT. HSS SEMALDA",प्रतिभागी,शिक्षक
AJ2301,Jasoda Kanel,Dhar,DHARAMPURI,"23250500311, GOVT. HSS SEMALDA",प्रतिभागी,शिक्षक
BP7893,Shyama Alawa,Dhar,DHARAMPURI,"23250500311, GOVT. HSS SEMALDA",प्रतिभागी,शिक्षक
BM7911,Kool Kevalram Bagala,Dhar,DHARAMPURI,"23250516002, GOVT. HSS EXCELLENCE DHARAMPURI",प्रतिभागी,शिक्षक
AO9525,Jyoti Patidar,Dhar,DHARAMPURI,"23250507818, GOVT. BOYS HSS KHALGHAT",प्रतिभागी,शिक्षक
BR6651,Jyoti Aashish Rathod,Dhar,DHARAMPURI,"23250507818, GOVT. BOYS HSS KHALGHAT",प्रतिभागी,शिक्षक
BK4103,Sitaram Solanki,Dhar,DHARAMPURI,"23250506215, GOVT. HSS TARAPUR",प्रतिभागी,शिक्षक
BR7734,Mohansingh Muwel,Dhar,DHARAMPURI,"23250506215, GOVT. HSS TARAPUR",प्रतिभागी,शिक्षक
AI9568,Baliram Prajapat,Dhar,DHARAMPURI,"23250502847, GOVT. BOYS HSS DHAMNOD",प्रतिभागी,शिक्षक
AI9670,Premlata Achale,Dhar,DHARAMPURI,"23250502847, GOVT. BOYS HSS DHAMNOD",प्रतिभागी,शिक्षक
AI9720,Mahadev Katare,Dhar,DHARAMPURI,"23250502847, GOVT. BOYS HSS DHAMNOD",प्रतिभागी,शिक्षक
AI9744,Vimla Rathod,Dhar,DHARAMPURI,"23250502847, GOVT. BOYS HSS DHAMNOD",प्रतिभागी,शिक्षक
AJ2358,Ranjana Aske,Dhar,DHARAMPURI,"23250502847, GOVT. BOYS HSS DHAMNOD",प्रतिभागी,शिक्षक
AJ5135,Bholya Dawar,Dhar,DHARAMPURI,"23250502847, GOVT. BOYS HSS DHAMNOD",प्रतिभागी,शिक्षक
BO6433,GAYATRI THAKUR,Dhar,DHARAMPURI,"23250502847, GOVT. BOYS HSS DHAMNOD",प्रतिभागी,शिक्षक
BP2763,Chanchal Chouhan,Dhar,DHARAMPURI,"23250502847, GOVT. BOYS HSS DHAMNOD",प्रतिभागी,शिक्षक
AI9470,Manorama Thakur,Dhar,DHARAMPURI,"23250513601, GOVT. HSS GUJRI",प्रतिभागी,शिक्षक
AI9473,Deva Kharade,Dhar,DHARAMPURI,"23250513601, GOVT. HSS GUJRI",प्रतिभागी,शिक्षक
AJ5259,Raju Bhatiya,Dhar,DHARAMPURI,"23250513601, GOVT. HSS GUJRI",प्रतिभागी,शिक्षक
CC2891,POOJA DHANDE,Dhar,DHARAMPURI,"23250513601, GOVT. HSS GUJRI",प्रतिभागी,शिक्षक
BO4697,Amarsingh Somla,Dhar,GANDHWANI,"23250600110, GOVT. HSS BALEDI",प्रतिभागी,शिक्षक
BO4717,Kishan Motesingh,Dhar,GANDHWANI,"23250600110, GOVT. HSS BALEDI",प्रतिभागी,शिक्षक
BW4835,Ashta Raghuvanshi,Dhar,GANDHWANI,"23250600110, GOVT. HSS BALEDI",प्रतिभागी,शिक्षक
BM7951,Mehersingh Bhuriya,Dhar,GANDHWANI,"23250600610, GOVT. HS BILDA",प्रतिभागी,शिक्षक
AI8062,Bhuri Mujalda,Dhar,GANDHWANI,"23250610106, HSS EXCELLENCE GANDHAWANI",प्रतिभागी,शिक्षक
AI8312,Seema Chouhan,Dhar,GANDHWANI,"23250610106, HSS EXCELLENCE GANDHAWANI",प्रतिभागी,शिक्षक
BI6350,Tara Dharve,Dhar,GANDHWANI,"23250610106, HSS EXCELLENCE GANDHAWANI",प्रतिभागी,शिक्षक
BM8213,Hemar Singh Davar,Dhar,GANDHWANI,"23250610106, HSS EXCELLENCE GANDHAWANI",प्रतिभागी,शिक्षक
BP1940,Balwant Sisodiya,Dhar,GANDHWANI,"23250610106, HSS EXCELLENCE GANDHAWANI",प्रतिभागी,शिक्षक
BM7932,Manuram Davar,Dhar,GANDHWANI,"23250604609, GOVT. HS BEKALYA",प्रतिभागी,शिक्षक
BM7927,Sidhki Hasmi,Dhar,GANDHWANI,"23250606210, GOVT. HS KHOJAKUAN",प्रतिभागी,शिक्षक
AJ3331,Samiulla Khan,Dhar,KUKSHI,"23250701062, GOVT. GIRLS HSS KUKSHI",प्रतिभागी,शिक्षक
AJ4150,Sharmila Dharwe,Dhar,KUKSHI,"23250701062, GOVT. GIRLS HSS KUKSHI",प्रतिभागी,शिक्षक
BJ3020,Kashiram Randa,Dhar,KUKSHI,"23250701062, GOVT. GIRLS HSS KUKSHI",प्रतिभागी,शिक्षक
BK6597,Nirmal Chouhan,Dhar,KUKSHI,"23250701062, GOVT. GIRLS HSS KUKSHI",प्रतिभागी,शिक्षक
BR7902,Savita Mori,Dhar,KUKSHI,"23250701062, GOVT. GIRLS HSS KUKSHI",प्रतिभागी,शिक्षक
AJ4907,Sushila Chouhan,Dhar,KUKSHI,"23250703406, HS KHANDLAI",प्रतिभागी,शिक्षक
BN6797,Resham Chouhan,Dhar,KUKSHI,"23250703406, HS KHANDLAI",प्रतिभागी,शिक्षक
BO1784,Antarsingh Solanki,Dhar,KUKSHI,"23250703406, HS KHANDLAI",प्रतिभागी,शिक्षक
BL8819,Dhansingh Tegor,Dhar,KUKSHI,"23250700312, HSS DHOLYA",प्रतिभागी,शिक्षक
BN6958,Ramkunwarbai Baghel,Dhar,KUKSHI,"23250700312, HSS DHOLYA",प्रतिभागी,शिक्षक
BQ5545,Tara Masania,Dhar,KUKSHI,"23250700312, HSS DHOLYA",प्रतिभागी,शिक्षक
BT3674,Mamta Chouhan,Dhar,KUKSHI,"23250700312, HSS DHOLYA",प्रतिभागी,शिक्षक
CC6552,VIKAS BHIDE,Dhar,KUKSHI,"23250700312, HSS DHOLYA",प्रतिभागी,शिक्षक
BR6444,Babulal Alwa,Dhar,KUKSHI,"23250700611, GOVT. HS AALI",प्रतिभागी,शिक्षक
AJ4188,Anil Kumar Solanki,Dhar,KUKSHI,"23250705011, HSS DEHRI",प्रतिभागी,शिक्षक
BN5896,Bhimsingh Eske,Dhar,KUKSHI,"23250705011, HSS DEHRI",प्रतिभागी,शिक्षक
BN6274,Champal Upadhyay,Dhar,KUKSHI,"23250705011, HSS DEHRI",प्रतिभागी,शिक्षक
AI8574,Kamla Ransore,Dhar,MANAVAR,"23250801944, GOVT. HSS EXCELLENCE MANAWAR",प्रतिभागी,शिक्षक
AI8716,Chhatar Singh Mandloi,Dhar,MANAVAR,"23250801944, GOVT. HSS EXCELLENCE MANAWAR",प्रतिभागी,शिक्षक
AI9076,Laxmi Verma,Dhar,MANAVAR,"23250801944, GOVT. HSS EXCELLENCE MANAWAR",प्रतिभागी,शिक्षक
AJ4151,Kamlesh Joshi,Dhar,MANAVAR,"23250801944, GOVT. HSS EXCELLENCE MANAWAR",प्रतिभागी,शिक्षक
AZ9086,Kamla Alone,Dhar,MANAVAR,"23250801944, GOVT. HSS EXCELLENCE MANAWAR",प्रतिभागी,शिक्षक
BV7720,Deepak MULE,Dhar,MANAVAR,"23250801944, GOVT. HSS EXCELLENCE MANAWAR",प्रतिभागी,शिक्षक
CE2388,SUSHMA GAVLI,Dhar,MANAVAR,"23250801944, GOVT. HSS EXCELLENCE MANAWAR",प्रतिभागी,शिक्षक
AI8372,Mohan Sing Waskel,Dhar,MANAVAR,"23250800818, GOVT. HSS SINGHANA",प्रतिभागी,शिक्षक
AI8985,Taru Nargesh,Dhar,MANAVAR,"23250800818, GOVT. HSS SINGHANA",प्रतिभागी,शिक्षक
BT8236,Vijay Ganvani,Dhar,MANAVAR,"23250800818, GOVT. HSS SINGHANA",प्रतिभागी,शिक्षक
BU7130,Mukesh Solanki,Dhar,MANAVAR,"23250800818, GOVT. HSS SINGHANA",प्रतिभागी,शिक्षक
AI8431,Dinesh Bairagi,Dhar,MANAVAR,"23250810902, GOVT. HSS GANPUR",प्रतिभागी,शिक्षक
AI8978,Jay Prakash Patidar,Dhar,MANAVAR,"23250810902, GOVT. HSS GANPUR",प्रतिभागी,शिक्षक
BN4211,Shantilal Patidar,Dhar,MANAVAR,"23250810902, GOVT. HSS GANPUR",प्रतिभागी,शिक्षक
AI8643,Moti Lal Savner,Dhar,MANAVAR,"23250806604, GOVT. HS KURADAKHAL",प्रतिभागी,शिक्षक
AI8701,Premchandra Barman,Dhar,MANAVAR,"23250806604, GOVT. HS KURADAKHAL",प्रतिभागी,शिक्षक
AI9088,Durga Patidar,Dhar,MANAVAR,"23250806604, GOVT. HS KURADAKHAL",प्रतिभागी,शिक्षक
AI9089,Ranjana Patidar,Dhar,MANAVAR,"23250806604, GOVT. HS KURADAKHAL",प्रतिभागी,शिक्षक
BP1819,Rakesh Patidar,Dhar,MANAVAR,"23250806604, GOVT. HS KURADAKHAL",प्रतिभागी,शिक्षक
BR8927,Deepak Vaskale,Dhar,MANAVAR,"23250806604, GOVT. HS KURADAKHAL",प्रतिभागी,शिक्षक
BS2346,Santosh Waskel,Dhar,MANAVAR,"23250806604, GOVT. HS KURADAKHAL",प्रतिभागी,शिक्षक
CF2900,RAKESH MUVEL,Dhar,MANAVAR,"23250806604, GOVT. HS KURADAKHAL",प्रतिभागी,शिक्षक
AI9086,Manish Rathore,Dhar,MANAVAR,"23250810009, HSS KALWANI",प्रतिभागी,शिक्षक
BR7702,Manjula Kag,Dhar,MANAVAR,"23250810009, HSS KALWANI",प्रतिभागी,शिक्षक
BS9800,Mayuri Choyal,Dhar,MANAVAR,"23250810009, HSS KALWANI",प्रतिभागी,शिक्षक
CA9052,MAHESH NINGWAL,Dhar,MANAVAR,"23250810009, HSS KALWANI",प्रतिभागी,शिक्षक
CC6205,SADHANA GUPTA,Dhar,MANAVAR,"23250810009, HSS KALWANI",प्रतिभागी,शिक्षक
AI9098,Gambheer Singh Chongad,Dhar,MANAVAR,"23250810810, GOVT. HS AJANDA",प्रतिभागी,शिक्षक
BU5048,Bansingh Bundela,Dhar,MANAVAR,"23250810810, GOVT. HS AJANDA",प्रतिभागी,शिक्षक
CE2387,CHANDA MALVIYA,Dhar,MANAVAR,"23250810810, GOVT. HS AJANDA",प्रतिभागी,शिक्षक
AI9147,Saroj Mandloi,Dhar,MANAVAR,"23250804909, HS TONKI",प्रतिभागी,शिक्षक
BR7699,Suman Mandloi,Dhar,MANAVAR,"23250804909, HS TONKI",प्रतिभागी,शिक्षक
BT8702,Madan Singh Mandloi,Dhar,MANAVAR,"23250804909, HS TONKI",प्रतिभागी,शिक्षक
BZ2459,Atul Kumar Shrivastava,Dhar,MANAVAR,"23250804909, HS TONKI",प्रतिभागी,शिक्षक
AA8201,LALIT NARGESH,Dhar,MANAVAR,"23250800211, HS BORLAI",प्रतिभागी,सीएसी
AI8970,Ratan Kalme,Dhar,MANAVAR,"23250800211, HS BORLAI",प्रतिभागी,शिक्षक
BC4619,Sheela Askey,Dhar,MANAVAR,"23250800211, HS BORLAI",प्रतिभागी,शिक्षक
BM8402,Suresh Chandra Nigawal,Dhar,MANAVAR,"23250800211, HS BORLAI",प्रतिभागी,शिक्षक
AJ4534,Anita Gupta,Dhar,NALCHHA,"23250910521, GOVT. BHSS.SAGOR",प्रतिभागी,शिक्षक
BJ6642,Vaishali Soni,Dhar,NALCHHA,"23250910521, GOVT. BHSS.SAGOR",प्रतिभागी,शिक्षक
BM7028,Sudha Joshi,Dhar,NALCHHA,"23250910521, GOVT. BHSS.SAGOR",प्रतिभागी,शिक्षक
BM7302,Sharda Choudhan,Dhar,NALCHHA,"23250910521, GOVT. BHSS.SAGOR",प्रतिभागी,शिक्षक
BS9572,Jyoti Gokhle,Dhar,NALCHHA,"23250910521, GOVT. BHSS.SAGOR",प्रतिभागी,शिक्षक
BM7549,Yousuf Khan,Dhar,NALCHHA,"23250905710, HS BACHHANPUR",प्रतिभागी,शिक्षक
BO6038,Durga Mukati,Dhar,NALCHHA,"23250905710, HS BACHHANPUR",प्रतिभागी,शिक्षक
AJ5568,Narendra Kumar Verma,Dhar,NALCHHA,"23250914815, GOVT. H.S.S NALCHHA",प्रतिभागी,शिक्षक
BT2682,Jaypal Thakur,Dhar,NALCHHA,"23250914816, GOVT. GIRLS HS NALCHHA",प्रतिभागी,शिक्षक
BM7153,Kalyan Parmar,Dhar,NALCHHA,"23250908805, GOVT. HS TALWDA",प्रतिभागी,शिक्षक
BT1403,Manikanta Chouhan,Dhar,NALCHHA,"23250908805, GOVT. HS TALWDA",प्रतिभागी,शिक्षक
BT1427,Bharat Kanel,Dhar,NALCHHA,"23250908805, GOVT. HS TALWDA",प्रतिभागी,शिक्षक
CC7717,TARANNUM ANSARI,Dhar,NALCHHA,"23250908805, GOVT. HS TALWDA",प्रतिभागी,शिक्षक
AF4172,Neeta Ramesh Patel,Dhar,NALCHHA,"23250903958, GOVT. HSS PITHAMPUR",प्रतिभागी,शिक्षक
AI9329,Ritu Mukati,Dhar,NALCHHA,"23250903958, GOVT. HSS PITHAMPUR",प्रतिभागी,शिक्षक
AJ3006,Vandana Maikal,Dhar,NALCHHA,"23250903958, GOVT. HSS PITHAMPUR",प्रतिभागी,शिक्षक
AO8682,Anita Gupta,Dhar,NALCHHA,"23250903958, GOVT. HSS PITHAMPUR",प्रतिभागी,शिक्षक
BM6960,Sujata Patil,Dhar,NALCHHA,"23250903958, GOVT. HSS PITHAMPUR",प्रतिभागी,शिक्षक
BM6964,Sikdar Morya,Dhar,NALCHHA,"23250903958, GOVT. HSS PITHAMPUR",प्रतिभागी,शिक्षक
BO7807,Akshay Upadhyay,Dhar,NALCHHA,"23250903958, GOVT. HSS PITHAMPUR",प्रतिभागी,शिक्षक
BT1460,Nirmala Shukla Pandey,Dhar,NALCHHA,"23250903958, GOVT. HSS PITHAMPUR",प्रतिभागी,शिक्षक
BT2528,Ranjana Shukla,Dhar,NALCHHA,"23250903958, GOVT. HSS PITHAMPUR",प्रतिभागी,शिक्षक
CA1028,Kavita Varma,Dhar,NALCHHA,"23250903958, GOVT. HSS PITHAMPUR",प्रतिभागी,शिक्षक
CC3145,LOKESH BAKORE,Dhar,NALCHHA,"23250903958, GOVT. HSS PITHAMPUR",प्रतिभागी,शिक्षक
CC3147,VARSHA SAPKAR,Dhar,NALCHHA,"23250903958, GOVT. HSS PITHAMPUR",प्रतिभागी,शिक्षक
CC3983,MADHURI AGRAWAL,Dhar,NALCHHA,"23250903958, GOVT. HSS PITHAMPUR",प्रतिभागी,शिक्षक
CC5270,DIVYABHARTI AWASTHI,Dhar,NALCHHA,"23250903958, GOVT. HSS PITHAMPUR",प्रतिभागी,शिक्षक
CC5941,ARCHANA DIWAKAR,Dhar,NALCHHA,"23250903958, GOVT. HSS PITHAMPUR",प्रतिभागी,शिक्षक
CC9851,LAXMI CHHARI,Dhar,NALCHHA,"23250903958, GOVT. HSS PITHAMPUR",प्रतिभागी,शिक्षक
CF3689,PRIYANKA GOUD,Dhar,NALCHHA,"23250903958, GOVT. HSS PITHAMPUR",प्रतिभागी,शिक्षक
CF9757,NEHA YADAV,Dhar,NALCHHA,"23250903958, GOVT. HSS PITHAMPUR",प्रतिभागी,शिक्षक
BM7141,Sevsingh Parmar,Dhar,NALCHHA,"23250904821, GOVT. HSS BAGDI",प्रतिभागी,शिक्षक
BX5968,Amrita Mandwal,Dhar,NALCHHA,"23250904821, GOVT. HSS BAGDI",प्रतिभागी,शिक्षक
BS9804,Kalu Singh Bhurra,Dhar,NALCHHA,"23250904202, HSS GULVA",प्रतिभागी,शिक्षक
CB8734,NEHA GARG,Dhar,NALCHHA,"23250904202, HSS GULVA",प्रतिभागी,शिक्षक
CC3186,JUGAL PATEL,Dhar,NALCHHA,"23250904202, HSS GULVA",प्रतिभागी,शिक्षक
CC7573,TAIYYAB HUSSAIN,Dhar,NALCHHA,"23250904202, HSS GULVA",प्रतिभागी,शिक्षक
AJ4261,Kailash Gorye,Dhar,NISARPUR,"23251004409, GOVT. HSS DESHVALYA",प्रतिभागी,शिक्षक
BJ4047,Roopsingh Tegore,Dhar,NISARPUR,"23251004409, GOVT. HSS DESHVALYA",प्रतिभागी,शिक्षक
CC2068,KARISHMA BHAWER,Dhar,NISARPUR,"23251001311, GOVT. HSS LOHARI",प्रतिभागी,शिक्षक
BN4447,Sarita Morya,Dhar,NISARPUR,"23251003321, GIRLS HSS SUSARI",प्रतिभागी,शिक्षक
CF4403,MEENA ASKE,Dhar,NISARPUR,"23251003321, GIRLS HSS SUSARI",प्रतिभागी,शिक्षक
AB2341,Jhendar Singh,Dhar,NISARPUR,"23251005226, HSS EXCELLENCE NISARPUR",प्रतिभागी,शिक्षक
AJ5317,Radheshyam Alanse,Dhar,NISARPUR,"23251005226, HSS EXCELLENCE NISARPUR",प्रतिभागी,शिक्षक
BN4079,Sursingh Chouhan,Dhar,NISARPUR,"23251005226, HSS EXCELLENCE NISARPUR",प्रतिभागी,शिक्षक
BQ6299,Bahadur Singh Chouhan,Dhar,NISARPUR,"23251005226, HSS EXCELLENCE NISARPUR",प्रतिभागी,शिक्षक
CD8968,HEMANT BHATIA,Dhar,NISARPUR,"23251005226, HSS EXCELLENCE NISARPUR",प्रतिभागी,शिक्षक
CE1292,UMANSINGH RANDA,Dhar,NISARPUR,"23251005226, HSS EXCELLENCE NISARPUR",प्रतिभागी,शिक्षक
CG1778,DESHRAJ KUSHWAH,Dhar,NISARPUR,"23251005226, HSS EXCELLENCE NISARPUR",प्रतिभागी,शिक्षक
AJ1432,Sunita Domor,Dhar,SARDARPUR,"23251117516, GOVT. BOYS HSS. SARDARPUR",प्रतिभागी,शिक्षक
AJ1525,Minakshi Bhavsar,Dhar,SARDARPUR,"23251117516, GOVT. BOYS HSS. SARDARPUR",प्रतिभागी,शिक्षक
BA4991,Sharmi Jamod,Dhar,SARDARPUR,"23251117516, GOVT. BOYS HSS. SARDARPUR",प्रतिभागी,शिक्षक
CC1105,KAMESH SATPUDA,Dhar,SARDARPUR,"23251117516, GOVT. BOYS HSS. SARDARPUR",प्रतिभागी,शिक्षक
CE6392,Vidhya Charediya,Dhar,SARDARPUR,"23251117516, GOVT. BOYS HSS. SARDARPUR",प्रतिभागी,शिक्षक
CE6398,PRAGATI NAMDEV,Dhar,SARDARPUR,"23251117516, GOVT. BOYS HSS. SARDARPUR",प्रतिभागी,शिक्षक
BO4021,Mamta Latiyal,Dhar,SARDARPUR,"23251110824, HSS RINGNOD",प्रतिभागी,शिक्षक
CF1282,JYOTI BHURIYA,Dhar,SARDARPUR,"23251110824, HSS RINGNOD",प्रतिभागी,शिक्षक
AJ1729,Mahesh Sinam,Dhar,SARDARPUR,"23251114606, GOVT. H.S. HATOD",प्रतिभागी,शिक्षक
AJ1756,Sarita Goyal,Dhar,SARDARPUR,"23251114606, GOVT. H.S. HATOD",प्रतिभागी,शिक्षक
AJ4434,Vimalchnad Jain,Dhar,SARDARPUR,"23251100534, GOVT. BOYS HSS RAJGARH",प्रतिभागी,शिक्षक
BM7151,Vandana Saxena,Dhar,SARDARPUR,"23251100534, GOVT. BOYS HSS RAJGARH",प्रतिभागी,शिक्षक
BO4029,SHAMA MANSHURI,Dhar,SARDARPUR,"23251100534, GOVT. BOYS HSS RAJGARH",प्रतिभागी,शिक्षक
CC3975,MAHESH CHOUHAN,Dhar,SARDARPUR,"23251100534, GOVT. BOYS HSS RAJGARH",प्रतिभागी,शिक्षक
CF3430,DURJAN AHIRWAR,Dhar,SARDARPUR,"23251100534, GOVT. BOYS HSS RAJGARH",प्रतिभागी,शिक्षक
AJ1214,Chhagansingh Ganawa,Dhar,SARDARPUR,"23251112920, HSS LABRIYA",प्रतिभागी,शिक्षक
AJ1262,Udaisingh Khadeda,Dhar,SARDARPUR,"23251113313, HSS BARMANDAL",प्रतिभागी,शिक्षक
AJ1286,Govind Maru,Dhar,SARDARPUR,"23251113313, HSS BARMANDAL",प्रतिभागी,शिक्षक
BO2990,Ramchandra Sharma,Dhar,SARDARPUR,"23251113313, HSS BARMANDAL",प्रतिभागी,शिक्षक
BO4306,Trilokchand Shrikar,Dhar,SARDARPUR,"23251113313, HSS BARMANDAL",प्रतिभागी,शिक्षक
BO4385,Prahalad Rathore,Dhar,SARDARPUR,"23251113313, HSS BARMANDAL",प्रतिभागी,शिक्षक
CF5850,MANISH LOVEVANSHI,Dhar,SARDARPUR,"23251113313, HSS BARMANDAL",प्रतिभागी,शिक्षक
AJ1322,Mahesh Patidar,Dhar,SARDARPUR,"23251107620, GOVT. B. HSS DASAI",प्रतिभागी,शिक्षक
AJ1328,Babulal Parmar,Dhar,SARDARPUR,"23251107620, GOVT. B. HSS DASAI",प्रतिभागी,शिक्षक
AP1730,Jamila Khan,Dhar,SARDARPUR,"23251101330, GOVT. HSS AMJHERA",प्रतिभागी,शिक्षक
BQ7523,Ajay Sharma,Dhar,SARDARPUR,"23251101330, GOVT. HSS AMJHERA",प्रतिभागी,शिक्षक
CC1616,SAPNA SOLANKI,Dhar,SARDARPUR,"23251101330, GOVT. HSS AMJHERA",प्रतिभागी,शिक्षक
CC5251,SUDHEER CHAKRA,Dhar,SARDARPUR,"23251101330, GOVT. HSS AMJHERA",प्रतिभागी,शिक्षक
CC5253,SINKEE UCHARIYA,Dhar,SARDARPUR,"23251101330, GOVT. HSS AMJHERA",प्रतिभागी,शिक्षक
CC7297,UPASANA VERMA,Dhar,SARDARPUR,"23251101330, GOVT. HSS AMJHERA",प्रतिभागी,शिक्षक
CF2913,SHRIKANT PANDEY,Dhar,SARDARPUR,"23251101330, GOVT. HSS AMJHERA",प्रतिभागी,शिक्षक
AJ1513,Atmaram Parmar,Dhar,SARDARPUR,"23251104611, GOVT. HSS JAULANA",प्रतिभागी,शिक्षक
AJ4351,Prakashchand Grewal,Dhar,SARDARPUR,"23251104611, GOVT. HSS JAULANA",प्रतिभागी,शिक्षक
BX8632,Santosh Bairagi,Dhar,SARDARPUR,"23251104611, GOVT. HSS JAULANA",प्रतिभागी,शिक्षक
BC8210,Velsingh Bhabar,Dhar,SARDARPUR,"23251103204, GOVT. HSS DATTIGAON",प्रतिभागी,शिक्षक
CE8365,URMILA DAWAR,Dhar,SARDARPUR,"23251103204, GOVT. HSS DATTIGAON",प्रतिभागी,शिक्षक
CE8434,RAKESH THAKUR,Dhar,SARDARPUR,"23251103204, GOVT. HSS DATTIGAON",प्रतिभागी,शिक्षक
BS1874,Aanandilal Patidar,Dhar,TIRLA,"23251204812, GOVT. GIRLS HS TIRLA",प्रतिभागी,शिक्षक
BS8277,Shakuntala Mandloi,Dhar,TIRLA,"23251204812, GOVT. GIRLS HS TIRLA",प्रतिभागी,शिक्षक
CF2496,VARSHA CHIRVE,Dhar,TIRLA,"23251204812, GOVT. GIRLS HS TIRLA",प्रतिभागी,शिक्षक
AE1861,Rina Dhangar,Dhar,TIRLA,"23251200106, HSS AAHU",प्रतिभागी,शिक्षक
AJ3392,Madhuri Goyal,Dhar,TIRLA,"23251200106, HSS AAHU",प्रतिभागी,शिक्षक
BM8699,Hindusingh Chouhan,Dhar,TIRLA,"23251200106, HSS AAHU",प्रतिभागी,शिक्षक
BS1043,Ashmita Nigam,Dhar,TIRLA,"23251200106, HSS AAHU",प्रतिभागी,डाइट सदस्य
BW6218,Ranjita Shriwas,Dhar,TIRLA,"23251200106, HSS AAHU",प्रतिभागी,शिक्षक
CF2436,Mukesh Patidar,Dhar,TIRLA,"23251200106, HSS AAHU",प्रतिभागी,शिक्षक
CF4881,SANGEETA WASKEL,Dhar,TIRLA,"23251200106, HSS AAHU",प्रतिभागी,शिक्षक
BT5073,Jagdeesh Bamniya,Dhar,TIRLA,"23251208504, GOVT. HS PARVATPURA",प्रतिभागी,शिक्षक
CC1146,SATISH MALVIYA,Dhar,TIRLA,"23251202913, HS SALKANPUR",प्रतिभागी,शिक्षक
CC1147,SEKUSINGH BHAWAR,Dhar,TIRLA,"23251202913, HS SALKANPUR",प्रतिभागी,शिक्षक
CC6126,VIVEK SAHU,Dhar,TIRLA,"23251202913, HS SALKANPUR",प्रतिभागी,शिक्षक
CE6428,VIKRAM AHORIYA,Dhar,TIRLA,"23251202913, HS SALKANPUR",प्रतिभागी,शिक्षक
AJ1850,Khema Gwale,Dhar,UMARBAN,"23251305816, GOVT. GIRLS HSS BAKANER",प्रतिभागी,शिक्षक
AJ2062,Premlata Kanel,Dhar,UMARBAN,"23251305816, GOVT. GIRLS HSS BAKANER",प्रतिभागी,शिक्षक
AJ2122,Vandana Muvel,Dhar,UMARBAN,"23251305816, GOVT. GIRLS HSS BAKANER",प्रतिभागी,शिक्षक
AJ2223,Rampal Sisodiya,Dhar,UMARBAN,"23251305816, GOVT. GIRLS HSS BAKANER",प्रतिभागी,शिक्षक
AJ2257,Mohansingh Vaskel,Dhar,UMARBAN,"23251305816, GOVT. GIRLS HSS BAKANER",प्रतिभागी,शिक्षक
AJ2359,Praveen Mandloi,Dhar,UMARBAN,"23251305816, GOVT. GIRLS HSS BAKANER",प्रतिभागी,शिक्षक
BR6310,Shusila Morya,Dhar,UMARBAN,"23251305816, GOVT. GIRLS HSS BAKANER",प्रतिभागी,शिक्षक
AJ1780,Mangilal Chouhan,Dhar,UMARBAN,"23251300809, GOVT. HSS BHANPUR",प्रतिभागी,शिक्षक
BT3826,Lal Eshke,Dhar,UMARBAN,"23251300809, GOVT. HSS BHANPUR",प्रतिभागी,शिक्षक
AJ2360,Shailendra Mandloi,Dhar,UMARBAN,"23251301508, HS JHIRVI",प्रतिभागी,शिक्षक
AJ2144,Bhursingh Bhide,Dhar,UMARBAN,"23251307412, HSS UMARBAN",प्रतिभागी,शिक्षक
AJ2146,Nirbhaysingh Sisodiya,Dhar,UMARBAN,"23251307412, HSS UMARBAN",प्रतिभागी,शिक्षक
CB7458,MITHUN WASKEL,Dhar,UMARBAN,"23251307412, HSS UMARBAN",प्रतिभागी,शिक्षक
AR7358,Bhagirath Bariya,Dhar,UMARBAN,"23251301316, HSS KALIBAVDI",प्रतिभागी,शिक्षक
AJ2321,Manju Chouhan,Dhar,UMARBAN,"23251305412, GOVT. HSS DABHAD",प्रतिभागी,शिक्षक
BP2738,Jamsingh Thakur,Dhar,UMARBAN,"23251305412, GOVT. HSS DABHAD",प्रतिभागी,शिक्षक
CC6841,NEHA BHARGAVA,Dhar,UMARBAN,"23251305412, GOVT. HSS DABHAD",प्रतिभागी,शिक्षक
CE2783,SHAMBHU DAYAL RAJAK,Dindori,AMARPUR,"23410808909, GOVT.HSS KAMKOMOHANIYA",प्रतिभागी,शिक्षक
AJ5861,Subhash Singh,Dindori,BAJAG,"23411100807, GOVT.HSS KHARGAHNA",प्रतिभागी,शिक्षक
AJ6017,Anguri Maravi,Dindori,BAJAG,"23411100807, GOVT.HSS KHARGAHNA",प्रतिभागी,शिक्षक
AJ6578,Sudeen Singh,Dindori,BAJAG,"23411100807, GOVT.HSS KHARGAHNA",प्रतिभागी,शिक्षक
BO3008,Anita Manjhi,Dindori,BAJAG,"23411100807, GOVT.HSS KHARGAHNA",प्रतिभागी,शिक्षक
CF4211,SHRAVAN TEKAM,Dindori,BAJAG,"23411100807, GOVT.HSS KHARGAHNA",प्रतिभागी,शिक्षक
AJ5915,Poorandas Suryavansi,Dindori,BAJAG,"23411101305, HIGH SCHOOL SUKULPURA",प्रतिभागी,शिक्षक
AJ5970,Maya Poosham,Dindori,BAJAG,"23411101305, HIGH SCHOOL SUKULPURA",प्रतिभागी,शिक्षक
BP7579,Jayanti Pendram,Dindori,BAJAG,"23411101305, HIGH SCHOOL SUKULPURA",प्रतिभागी,शिक्षक
BR9862,Rekha Patta,Dindori,BAJAG,"23411101305, HIGH SCHOOL SUKULPURA",प्रतिभागी,शिक्षक
CE2316,DILEEP SHYAM,Dindori,BAJAG,"23411101305, HIGH SCHOOL SUKULPURA",प्रतिभागी,शिक्षक
AJ5914,Gandlal Parste,Dindori,BAJAG,"23411104004, HIGH SCHOOL BACHHARGOUN",प्रतिभागी,शिक्षक
AJ6475,Rajkumar Chandel,Dindori,BAJAG,"23411104004, HIGH SCHOOL BACHHARGOUN",प्रतिभागी,शिक्षक
AJ6482,kashee raam saiyam,Dindori,BAJAG,"23411104004, HIGH SCHOOL BACHHARGOUN",प्रतिभागी,शिक्षक
AJ6483,Nansay Dhurve,Dindori,BAJAG,"23411104004, HIGH SCHOOL BACHHARGOUN",प्रतिभागी,शिक्षक
AJ6534,Chetusingh Patta,Dindori,BAJAG,"23411104004, HIGH SCHOOL BACHHARGOUN",प्रतिभागी,शिक्षक
AJ6585,Leela Bai,Dindori,BAJAG,"23411104004, HIGH SCHOOL BACHHARGOUN",प्रतिभागी,शिक्षक
AJ7958,Rajendra Maravi,Dindori,BAJAG,"23411104004, HIGH SCHOOL BACHHARGOUN",प्रतिभागी,शिक्षक
CE8445,SUSHMITA DHURWEY,Dindori,BAJAG,"23411104004, HIGH SCHOOL BACHHARGOUN",प्रतिभागी,शिक्षक
CF1865,GAJENDRA KUSHWAHA,Dindori,BAJAG,"23411104004, HIGH SCHOOL BACHHARGOUN",प्रतिभागी,शिक्षक
AJ5963,Aradhana Maravi,Dindori,BAJAG,"23411103318, HSS GADASARAI",प्रतिभागी,शिक्षक
AJ6510,Sadhana Banvasi,Dindori,BAJAG,"23411103318, HSS GADASARAI",प्रतिभागी,शिक्षक
AJ6596,Ram Singh,Dindori,BAJAG,"23411103318, HSS GADASARAI",प्रतिभागी,शिक्षक
AP8839,Lovely Modi,Dindori,BAJAG,"23411103318, HSS GADASARAI",प्रतिभागी,शिक्षक
AZ2544,Santoshi Masram,Dindori,BAJAG,"23411103318, HSS GADASARAI",प्रतिभागी,शिक्षक
BD3358,Nansay Singh Dhurwey,Dindori,BAJAG,"23411103318, HSS GADASARAI",प्रतिभागी,शिक्षक
BR4480,niteel kumar ramteke,Dindori,BAJAG,"23411103318, HSS GADASARAI",प्रतिभागी,शिक्षक
CF8504,SHAILENDRA SINGH,Dindori,BAJAG,"23411103318, HSS GADASARAI",प्रतिभागी,शिक्षक
AJ5822,Mangalsingh Dhurve,Dindori,BAJAG,"23411107607, GOVT.HSS GIRLS BAJAG",प्रतिभागी,शिक्षक
AJ6491,Ashok Manikpuri,Dindori,BAJAG,"23411107607, GOVT.HSS GIRLS BAJAG",प्रतिभागी,शिक्षक
AJ7955,Giraj Parsrte,Dindori,BAJAG,"23411107607, GOVT.HSS GIRLS BAJAG",प्रतिभागी,शिक्षक
BU3442,Manjula Sonwani,Dindori,BAJAG,"23411107607, GOVT.HSS GIRLS BAJAG",प्रतिभागी,शिक्षक
BY9652,Sunita Kole,Dindori,BAJAG,"23411107607, GOVT.HSS GIRLS BAJAG",प्रतिभागी,शिक्षक
AJ5790,Mangru Lal Parste,Dindori,BAJAG,"23411109110, HSS CHANDA",प्रतिभागी,शिक्षक
AJ6515,Anand Singh Dhurve,Dindori,BAJAG,"23411109110, HSS CHANDA",प्रतिभागी,शिक्षक
AJ6553,Kumhar Singh,Dindori,BAJAG,"23411109110, HSS CHANDA",प्रतिभागी,शिक्षक
AJ6572,Hari Singh,Dindori,BAJAG,"23411109110, HSS CHANDA",प्रतिभागी,शिक्षक
AJ7733,Omkar Prasad Baghel,Dindori,BAJAG,"23411109110, HSS CHANDA",प्रतिभागी,शिक्षक
BR4466,Sukhsen Marawi,Dindori,BAJAG,"23411109110, HSS CHANDA",प्रतिभागी,सीएसी
BU1024,Dhaneshwar Manikpuri,Dindori,BAJAG,"23411109110, HSS CHANDA",प्रतिभागी,शिक्षक
CE2313,DEEPAK PARTE,Dindori,BAJAG,"23411109110, HSS CHANDA",प्रतिभागी,शिक्षक
AJ7465,MAHENDRA KUMAR URAITI,Dindori,DINDORI,"23410719308, GOVT.HSS KUDA",प्रतिभागी,शिक्षक
AJ7646,Shakuntla Syam,Dindori,DINDORI,"23410719308, GOVT.HSS KUDA",प्रतिभागी,शिक्षक
CE2871,GANGA DANGI,Dindori,DINDORI,"23410719308, GOVT.HSS KUDA",प्रतिभागी,शिक्षक
AJ5768,Durgesh Nandini,Dindori,DINDORI,"23410717405, GOVT.HSS RAIPURA",प्रतिभागी,शिक्षक
BP6307,Sushila Paraste,Dindori,DINDORI,"23410717405, GOVT.HSS RAIPURA",प्रतिभागी,शिक्षक
AJ7373,Rajkumari Maravi,Dindori,DINDORI,"23410711611, HSS SHAHPUR ",प्रतिभागी,शिक्षक
BP4883,Sundariya Uddey,Dindori,DINDORI,"23410711611, HSS SHAHPUR ",प्रतिभागी,शिक्षक
BR5016,Satyendra Kumar Beohar,Dindori,DINDORI,"23410711611, HSS SHAHPUR ",प्रतिभागी,शिक्षक
AJ7329,Ramphal Barman,Dindori,DINDORI,"23410704503, GOVT. HSS AJHWAR",प्रतिभागी,शिक्षक
AJ7398,Mohan Kunjam,Dindori,DINDORI,"23410706914, GOVT. HSS VIKRAMPUR",प्रतिभागी,शिक्षक
AJ8527,Phagnu Singh Paraste,Dindori,DINDORI,"23410706914, GOVT. HSS VIKRAMPUR",प्रतिभागी,शिक्षक
AJ7931,YOOSEE KUSHRAM,Dindori,KARANJIA,"23410907022, GOVT.HSS EXE.KARANJIA",प्रतिभागी,शिक्षक
AJ8014,Vimla Pandram,Dindori,KARANJIA,"23410907022, GOVT.HSS EXE.KARANJIA",प्रतिभागी,शिक्षक
CC8631,MANISH MARKAM,Dindori,KARANJIA,"23410907022, GOVT.HSS EXE.KARANJIA",प्रतिभागी,शिक्षक
AJ7977,Dalweer Singh Marko,Dindori,KARANJIA,"23410906205, GOVT.HSS MERHAKHAR",प्रतिभागी,शिक्षक
BQ5256,Sitara Dhurve,Dindori,KARANJIA,"23410906205, GOVT.HSS MERHAKHAR",प्रतिभागी,शिक्षक
AJ7959,Dharam Singh Marko,Dindori,KARANJIA,"23410903303, GOVT.HSS RUSA",प्रतिभागी,शिक्षक
AJ8045,Panchvati Kusram,Dindori,KARANJIA,"23410903303, GOVT.HSS RUSA",प्रतिभागी,शिक्षक
AT1073,Amar Singh Watte,Dindori,KARANJIA,"23410903303, GOVT.HSS RUSA",प्रतिभागी,शिक्षक
BD3388,raghuraj singh walre,Dindori,KARANJIA,"23410903303, GOVT.HSS RUSA",प्रतिभागी,सीएसी
BD7226,Devi Singh Dhurve,Dindori,KARANJIA,"23410903303, GOVT.HSS RUSA",प्रतिभागी,सीएसी
AJ7812,Rajendra Singh Parra,Dindori,KARANJIA,"23410901006, GOVT.HSS GORAKHPUR",प्रतिभागी,शिक्षक
AJ7888,Kishan Lal,Dindori,KARANJIA,"23410901006, GOVT.HSS GORAKHPUR",प्रतिभागी,शिक्षक
AJ7961,Nashim Anjum,Dindori,KARANJIA,"23410901006, GOVT.HSS GORAKHPUR",प्रतिभागी,शिक्षक
AJ7981,AIN SINGH SARATHIYA,Dindori,KARANJIA,"23410901006, GOVT.HSS GORAKHPUR",प्रतिभागी,शिक्षक
AJ8154,Shiv Kumar,Dindori,KARANJIA,"23410901006, GOVT.HSS GORAKHPUR",प्रतिभागी,शिक्षक
BN5363,Shyam Lal Paraste,Dindori,KARANJIA,"23410901006, GOVT.HSS GORAKHPUR",प्रतिभागी,शिक्षक
AJ6033,Zinda Ram Parte,Dindori,MEHANDWANI,"23411501216, GOVT.HSS MODEL MEHANDWANI (RMSA)",प्रतिभागी,शिक्षक
AJ6098,Mr.Mahendar Kumar Ahirwar,Dindori,MEHANDWANI,"23411503310, GOVT.HS SARASDOLI",प्रतिभागी,शिक्षक
AJ6316,Mr.Jham Singh Marko,Dindori,MEHANDWANI,"23411510107, GOVT.HS KANERI",प्रतिभागी,शिक्षक
BS8670,Ritu Kasar,Dindori,MEHANDWANI,"23411510107, GOVT.HS KANERI",प्रतिभागी,शिक्षक
AJ6618,SAHAJAN SINGH DHURWEY,Dindori,MEHANDWANI,"23411505905, GOVT.HSS CHOUBISA",प्रतिभागी,शिक्षक
AJ8427,Kaliram Marko,Dindori,SAMNAPUR,"23411003418, GOVT.HSS GIRLS SAMNAPUR",प्रतिभागी,शिक्षक
AJ9518,Arvind Kumar Poosham,Dindori,SAMNAPUR,"23411003418, GOVT.HSS GIRLS SAMNAPUR",प्रतिभागी,शिक्षक
AZ6642,Hemraj Marko,Dindori,SAMNAPUR,"23411003418, GOVT.HSS GIRLS SAMNAPUR",प्रतिभागी,शिक्षक
BY6815,Bheesm Mouhari,Dindori,SAMNAPUR,"23411003418, GOVT.HSS GIRLS SAMNAPUR",प्रतिभागी,शिक्षक
AJ6665,Shobha Ram Malgam,Dindori,SAMNAPUR,"23411008308, GOVT.HSS BAMHNI",प्रतिभागी,शिक्षक
BU2204,Uttam Rajpoot,Dindori,SAMNAPUR,"23411008308, GOVT.HSS BAMHNI",प्रतिभागी,शिक्षक
CE2978,Ranjeeta Dhurve,Dindori,SAMNAPUR,"23411008308, GOVT.HSS BAMHNI",प्रतिभागी,शिक्षक
AJ6772,Ram Singh Dhurwey,Dindori,SAMNAPUR,"23411005011, GOVT.HSS CHANDRANI",प्रतिभागी,शिक्षक
AJ6778,Krishna Kumar Markam,Dindori,SAMNAPUR,"23411005011, GOVT.HSS CHANDRANI",प्रतिभागी,शिक्षक
AJ8442,Shiv Prasad Maravi,Dindori,SAMNAPUR,"23411005011, GOVT.HSS CHANDRANI",प्रतिभागी,शिक्षक
BE8014,Ganesh Prasad Marko,Dindori,SAMNAPUR,"23411005011, GOVT.HSS CHANDRANI",प्रतिभागी,शिक्षक
AJ6706,Sadhna Uike,Dindori,SAMNAPUR,"23411006903, GOVT.HSS MAJHGAON",प्रतिभागी,शिक्षक
AJ8363,Omprakash Tiwari,Dindori,SAMNAPUR,"23411006903, GOVT.HSS MAJHGAON",प्रतिभागी,शिक्षक
AJ7124,Mr. Nanhelal Sahu,Dindori,SHAHPURA,"23411620222, GOVT.HSS SHAHPURA",प्रतिभागी,शिक्षक
AJ8852,Mr. Mevalal Maravi,Dindori,SHAHPURA,"23411620222, GOVT.HSS SHAHPURA",प्रतिभागी,शिक्षक
CE5491,DILEEP SINGH PARASTE,Dindori,SHAHPURA,"23411620222, GOVT.HSS SHAHPURA",प्रतिभागी,शिक्षक
AJ6910,Phool Singh Dhumketi,Dindori,SHAHPURA,"23411617705, GOVT.HSS AMERA",प्रतिभागी,शिक्षक
BR3851,Balram Sahu,Dindori,SHAHPURA,"23411617705, GOVT.HSS AMERA",प्रतिभागी,शिक्षक
BV4932,Hari Prasad Sahu,Dindori,SHAHPURA,"23411617705, GOVT.HSS AMERA",प्रतिभागी,शिक्षक
CC8649,NANDLAL DHURVE,Dindori,SHAHPURA,"23411617705, GOVT.HSS AMERA",प्रतिभागी,शिक्षक
CC8686,RAJNISH PANDEY,Dindori,SHAHPURA,"23411617705, GOVT.HSS AMERA",प्रतिभागी,शिक्षक
BR3847,Pradeep kumar Sahu,Dindori,SHAHPURA,"23411612810, GOVT.HSS BARGAON",प्रतिभागी,शिक्षक
BS7901,Anil Sahu,Dindori,SHAHPURA,"23411612810, GOVT.HSS BARGAON",प्रतिभागी,शिक्षक
BV4377,Shivnarayan Sahu,Dindori,SHAHPURA,"23411612810, GOVT.HSS BARGAON",प्रतिभागी,शिक्षक
BV4684,Deepak Kumar Sahu,Dindori,SHAHPURA,"23411612810, GOVT.HSS BARGAON",प्रतिभागी,शिक्षक
CC2525,LAKHAN WARKADE,Dindori,SHAHPURA,"23411612810, GOVT.HSS BARGAON",प्रतिभागी,शिक्षक
BV4923,Suman Jhariya,Dindori,SHAHPURA,"23411614612, GOVT HSS BICHHIYA",प्रतिभागी,शिक्षक
CC2526,OM MARAVI,Dindori,SHAHPURA,"23411614612, GOVT HSS BICHHIYA",प्रतिभागी,शिक्षक
AJ8828,Mansingh Maravi,Dindori,SHAHPURA,"23411601801, GOVT.HS KACHHARI",प्रतिभागी,शिक्षक
AJ9051,Bhagvan Das Tiwari,Dindori,SHAHPURA,"23411601801, GOVT.HS KACHHARI",प्रतिभागी,शिक्षक
AJ6873,Jiya Lal Yadav,Dindori,SHAHPURA,"23411606008, GOVT.HSS KOHANI",प्रतिभागी,शिक्षक
AJ7002,Mr. Harish Kumar Dhurve,Dindori,SHAHPURA,"23411606008, GOVT.HSS KOHANI",प्रतिभागी,शिक्षक
AJ8824,Mr. Balram Prasad Barmiya,Dindori,SHAHPURA,"23411606008, GOVT.HSS KOHANI",प्रतिभागी,शिक्षक
AJ8926,Prati Lal Jhariya,Dindori,SHAHPURA,"23411606008, GOVT.HSS KOHANI",प्रतिभागी,शिक्षक
AJ9053,Mr. Dhaniram Maravi,Dindori,SHAHPURA,"23411606008, GOVT.HSS KOHANI",प्रतिभागी,शिक्षक
CD7473,HARVENDRA PARASTE,Dindori,SHAHPURA,"23411606008, GOVT.HSS KOHANI",प्रतिभागी,शिक्षक
BS9173,Vinod Kumar Jhariya,Dindori,SHAHPURA,"23411603407, GOVT.HSS MANIKPUR",प्रतिभागी,शिक्षक
CC2522,ABHILASH JHARIYA,Dindori,SHAHPURA,"23411603407, GOVT.HSS MANIKPUR",प्रतिभागी,शिक्षक
AJ9622,Manish Ojha,Guna,ARON,"23070102904, GOVT HS RAMPUR",प्रतिभागी,सीएसी
AK1791,Khuman Singh Kori,Guna,ARON,"23070102904, GOVT HS RAMPUR",प्रतिभागी,शिक्षक
AJ9841,Devendra Singh Raghuwanshi,Guna,ARON,"23070105032, GOVT HSS GIRLS ARON",प्रतिभागी,शिक्षक
AK2917,Brajraj Singh Jadon,Guna,ARON,"23070105032, GOVT HSS GIRLS ARON",प्रतिभागी,शिक्षक
BR8227,Daya Sharma,Guna,ARON,"23070105032, GOVT HSS GIRLS ARON",प्रतिभागी,शिक्षक
BW4414,Akash Jain,Guna,ARON,"23070105032, GOVT HSS GIRLS ARON",प्रतिभागी,शिक्षक
CD5133,MILAN CHOUBEY,Guna,ARON,"23070105032, GOVT HSS GIRLS ARON",प्रतिभागी,शिक्षक
AJ9826,Bhagwat Singh Kushwah,Guna,ARON,"23070106004, GOVT HS SHAROCK",प्रतिभागी,शिक्षक
AJ9718,Shiv Pratap Singh Jat,Guna,ARON,"23070102707, GOVT HSS  BARKHEDA HAT",प्रतिभागी,सीएसी
BV7975,Santosh Kushwah,Guna,ARON,"23070102707, GOVT HSS  BARKHEDA HAT",प्रतिभागी,शिक्षक
BW7834,Rajkumar Raghuwanshi,Guna,ARON,"23070102707, GOVT HSS  BARKHEDA HAT",प्रतिभागी,शिक्षक
AK1133,Balveer Singh Sahu,Guna,ARON,"23070101807, GOVT HSS PANVADIHAT",प्रतिभागी,शिक्षक
BT3275,Rajkumar Raghuwanshi,Guna,ARON,"23070101807, GOVT HSS PANVADIHAT",प्रतिभागी,शिक्षक
BZ7073,Ankur Sharma,Guna,ARON,"23070101807, GOVT HSS PANVADIHAT",प्रतिभागी,शिक्षक
CD5502,DHARMENDRA JATAV,Guna,ARON,"23070101807, GOVT HSS PANVADIHAT",प्रतिभागी,सीएसी
AK1222,Fool Kunwar Jatav,Guna,ARON,"23070105031, GOVT HSS EXCELLENCE ARON",प्रतिभागी,शिक्षक
BY8134,Maya Bhatt,Guna,BAMORI,"23070305601, GOVT PS VISHANBADA",प्रतिभागी,शिक्षक
BX1394,Jagdish Chandel,Guna,BAMORI,"23070308819, GOVT HSS EXCELLENCE BAMORI",प्रतिभागी,शिक्षक
AK2631,Swati Kori,Guna,BAMORI,"23070304712, GOVT HSS FATEHGAR",प्रतिभागी,शिक्षक
BY5196,Rajendra Kumar Sharma,Guna,BAMORI,"23070304712, GOVT HSS FATEHGAR",प्रतिभागी,शिक्षक
BZ6202,PURUSHOTTAM Rathor,Guna,BAMORI,"23070304712, GOVT HSS FATEHGAR",प्रतिभागी,शिक्षक
CE9507,PRAMOD DHAKAD,Guna,BAMORI,"23070304712, GOVT HSS FATEHGAR",प्रतिभागी,शिक्षक
AK1289,Dragpal Singh Lodha,Guna,BAMORI,"23070313504, GOVT HSS RAMPUR COLONY",प्रतिभागी,शिक्षक
AK1346,Ashok Kumar,Guna,BAMORI,"23070313504, GOVT HSS RAMPUR COLONY",प्रतिभागी,शिक्षक
AK2852,Manmohan Singh Lodha,Guna,BAMORI,"23070313504, GOVT HSS RAMPUR COLONY",प्रतिभागी,शिक्षक
AK3246,Chhatar Singh,Guna,BAMORI,"23070313504, GOVT HSS RAMPUR COLONY",प्रतिभागी,शिक्षक
AK4286,Lakhan Babu Sharma,Guna,BAMORI,"23070313504, GOVT HSS RAMPUR COLONY",प्रतिभागी,शिक्षक
AK4410,Bhoopat Singh Lodha,Guna,BAMORI,"23070313504, GOVT HSS RAMPUR COLONY",प्रतिभागी,शिक्षक
BY9946,Ravi Kirar,Guna,BAMORI,"23070313504, GOVT HSS RAMPUR COLONY",प्रतिभागी,शिक्षक
AK4350,Rajendra Kumar Sahu,Guna,BAMORI,"23070314207, GOVT HSS MURADPUR",प्रतिभागी,शिक्षक
AK5158,Braj Mohan Yadav,Guna,BAMORI,"23070314207, GOVT HSS MURADPUR",प्रतिभागी,शिक्षक
AK5459,Jagmohan Singh,Guna,BAMORI,"23070314207, GOVT HSS MURADPUR",प्रतिभागी,शिक्षक
BW6172,Naresh Lodha,Guna,BAMORI,"23070314207, GOVT HSS MURADPUR",प्रतिभागी,शिक्षक
CC3662,RAMESHWAR SAHARIYA,Guna,BAMORI,"23070314207, GOVT HSS MURADPUR",प्रतिभागी,शिक्षक
AK1351,Brajesh Kumar Khare,Guna,BAMORI,"23070311606, GOVT HSS JHAGAR",प्रतिभागी,शिक्षक
AK3477,Rajani Singh Kushwah,Guna,BAMORI,"23070311606, GOVT HSS JHAGAR",प्रतिभागी,शिक्षक
AK4291,Mohan Lal Kirar,Guna,BAMORI,"23070311606, GOVT HSS JHAGAR",प्रतिभागी,शिक्षक
AK5206,Manoj Kumar Nagle,Guna,BAMORI,"23070311606, GOVT HSS JHAGAR",प्रतिभागी,शिक्षक
BQ6341,Om Prakash Kirar,Guna,BAMORI,"23070311606, GOVT HSS JHAGAR",प्रतिभागी,शिक्षक
BT6441,Bal Kishan Meena,Guna,BAMORI,"23070311606, GOVT HSS JHAGAR",प्रतिभागी,शिक्षक
BW7870,Shyam Singh Kirar,Guna,BAMORI,"23070311606, GOVT HSS JHAGAR",प्रतिभागी,शिक्षक
AC4953,Sudhir Patankar,Guna,BAMORI,"23070304106, GOVT HSS PARVAH",प्रतिभागी,शिक्षक
AK4433,Jagdish Prasad Bairagi,Guna,BAMORI,"23070304106, GOVT HSS PARVAH",प्रतिभागी,शिक्षक
AK5117,Jaynarayan Kashyap,Guna,BAMORI,"23070304106, GOVT HSS PARVAH",प्रतिभागी,शिक्षक
BW3014,Krishna Biyani,Guna,BAMORI,"23070304106, GOVT HSS PARVAH",प्रतिभागी,शिक्षक
BW6022,Prahlad Sen,Guna,BAMORI,"23070304106, GOVT HSS PARVAH",प्रतिभागी,शिक्षक
BW7183,Prahlad Singh Meena,Guna,BAMORI,"23070304106, GOVT HSS PARVAH",प्रतिभागी,शिक्षक
BR7859,Omprakash Galav,Guna,BAMORI,"23070305309, GOVT HS MAGRODA",प्रतिभागी,शिक्षक
BT3465,Mohit Kumar Bhargava,Guna,BAMORI,"23070305309, GOVT HS MAGRODA",प्रतिभागी,शिक्षक
BT3656,Sarita Singh,Guna,BAMORI,"23070305309, GOVT HS MAGRODA",प्रतिभागी,शिक्षक
BY4617,Rajendra Kumar Gour,Guna,BAMORI,"23070305309, GOVT HS MAGRODA",प्रतिभागी,शिक्षक
AK1701,Rajesh Tyagi,Guna,CHACHODA,"23070420221, GOVT HSS EXCELLENCE  BINAGANJ",प्रतिभागी,शिक्षक
AK1704,Rameshwar Singh,Guna,CHACHODA,"23070420221, GOVT HSS EXCELLENCE  BINAGANJ",प्रतिभागी,शिक्षक
AK1734,Hari Shankar Parashar,Guna,CHACHODA,"23070420221, GOVT HSS EXCELLENCE  BINAGANJ",प्रतिभागी,शिक्षक
AK2014,Vinod Meena,Guna,CHACHODA,"23070420221, GOVT HSS EXCELLENCE  BINAGANJ",प्रतिभागी,शिक्षक
BT6923,Sumitrabai Nagesiya,Guna,CHACHODA,"23070420221, GOVT HSS EXCELLENCE  BINAGANJ",प्रतिभागी,शिक्षक
BY6213,Ram Sevak,Guna,CHACHODA,"23070420221, GOVT HSS EXCELLENCE  BINAGANJ",प्रतिभागी,शिक्षक
AK1674,Rajendra Singh Meena,Guna,CHACHODA,"23070420220, GOVT HSS GIRLS  BINAGANJ",प्रतिभागी,शिक्षक
AK1802,Makhan Lal Shrivastava,Guna,CHACHODA,"23070420033, GOVT HSS GIRLS KHUMBHA RAJ",प्रतिभागी,शिक्षक
AK4516,Asha Singh Rajput,Guna,CHACHODA,"23070420033, GOVT HSS GIRLS KHUMBHA RAJ",प्रतिभागी,शिक्षक
AK5056,Shobhana Shakyavar,Guna,CHACHODA,"23070420119, GOVT HSS BOYS  CHACHODA",प्रतिभागी,शिक्षक
BR8211,Savitri Mehra,Guna,CHACHODA,"23070417503, GOVT HS UMARTHANA",प्रतिभागी,शिक्षक
AK1731,Mukesh Kumar Meena,Guna,CHACHODA,"23070420108, GOVT GIRLS MS CHACHODA",प्रतिभागी,शिक्षक
AU6114,Majum Kumar,Guna,CHACHODA,"23070420108, GOVT GIRLS MS CHACHODA",प्रतिभागी,शिक्षक
BY4609,Dharmendra Meena,Guna,CHACHODA,"23070401412, GOVT HSS  MRUGVAS",प्रतिभागी,शिक्षक
AK1880,Karan Singh Bhil,Guna,CHACHODA,"23070415407, GOVT HS BATAVDA",प्रतिभागी,शिक्षक
AK4618,Chandan Singh Bhil,Guna,CHACHODA,"23070415407, GOVT HS BATAVDA",प्रतिभागी,शिक्षक
AK4521,Monika Varma,Guna,CHACHODA,"23070419707, GOVT HS SANAI",प्रतिभागी,शिक्षक
AK4590,Suresh Babu Kurmi,Guna,CHACHODA,"23070419707, GOVT HS SANAI",प्रतिभागी,शिक्षक
AK4591,Surendra Singh Kurmi,Guna,CHACHODA,"23070419707, GOVT HS SANAI",प्रतिभागी,शिक्षक
BU9486,Umesh Balotiya,Guna,CHACHODA,"23070419707, GOVT HS SANAI",प्रतिभागी,शिक्षक
BY8128,Ram Vilash Meena,Guna,CHACHODA,"23070419707, GOVT HS SANAI",प्रतिभागी,शिक्षक
BY8774,Dayaram Meghwal,Guna,CHACHODA,"23070419707, GOVT HS SANAI",प्रतिभागी,शिक्षक
CD6640,ANTIM SHARMA,Guna,CHACHODA,"23070419707, GOVT HS SANAI",प्रतिभागी,शिक्षक
BR8639,Kalyan Prasad Bunkar,Guna,CHACHODA,"23070408704, GOVT HS BANSAHEDA KALA",प्रतिभागी,शिक्षक
BW2686,Narendra Singh,Guna,CHACHODA,"23070408704, GOVT HS BANSAHEDA KALA",प्रतिभागी,शिक्षक
AK1925,Prakash Babu Sharma,Guna,CHACHODA,"23070400706, GOVT HS BADOD",प्रतिभागी,शिक्षक
AK2464,Haribahadur Singh Meena,Guna,CHACHODA,"23070400706, GOVT HS BADOD",प्रतिभागी,शिक्षक
BW5228,Pavan Puri Goswami,Guna,CHACHODA,"23070400706, GOVT HS BADOD",प्रतिभागी,सीएसी
AK2061,Jagdeesh Singh Meena,Guna,CHACHODA,"23070419506, GOVT HSS TELI GAON",प्रतिभागी,शिक्षक
AK4864,Babu Singh,Guna,CHACHODA,"23070419506, GOVT HSS TELI GAON",प्रतिभागी,शिक्षक
BU1326,Gopal Meena,Guna,CHACHODA,"23070419506, GOVT HSS TELI GAON",प्रतिभागी,शिक्षक
BX1098,Ramjiwan Meena,Guna,CHACHODA,"23070419506, GOVT HSS TELI GAON",प्रतिभागी,शिक्षक
BX1108,Anil Kumar Sharma,Guna,CHACHODA,"23070419506, GOVT HSS TELI GAON",प्रतिभागी,सीएसी
AK2128,Krishan Kumar Khare,Guna,GUNA,"23070613619, GOVT HSS MYANA",प्रतिभागी,शिक्षक
AK3034,Hardeep Singh,Guna,GUNA,"23070613619, GOVT HSS MYANA",प्रतिभागी,शिक्षक
BX6927,Manisha Dhakad,Guna,GUNA,"23070613619, GOVT HSS MYANA",प्रतिभागी,शिक्षक
AK3033,Narendra Singh Raghuwanshi,Guna,GUNA,"23070608108, GOVT HS BHADORA",प्रतिभागी,शिक्षक
BS4224,Sangeeta Soni,Guna,GUNA,"23070608108, GOVT HS BHADORA",प्रतिभागी,शिक्षक
AC1608,Dinesh Singh Raghuwanshi,Guna,GUNA,"23070616503, GOVT HS PATAI",प्रतिभागी,शिक्षक
AI6615,Mala Soni,Guna,GUNA,"23070616503, GOVT HS PATAI",प्रतिभागी,शिक्षक
AK3060,Vikas Singh Bais,Guna,GUNA,"23070616503, GOVT HS PATAI",प्रतिभागी,शिक्षक
AK3431,Rani Shilpkar,Guna,GUNA,"23070616503, GOVT HS PATAI",प्रतिभागी,शिक्षक
BD1873,Geeta Devi Bunkar,Guna,GUNA,"23070616503, GOVT HS PATAI",प्रतिभागी,शिक्षक
AC3407,Dinesh Kumar Jatav,Guna,GUNA,"23070628363, GOVT HSS BOYS CANTT GUNA",प्रतिभागी,शिक्षक
AK3009,Anand Jilesar,Guna,GUNA,"23070628363, GOVT HSS BOYS CANTT GUNA",प्रतिभागी,शिक्षक
AK3011,Rakesh Kumar Chidar,Guna,GUNA,"23070628363, GOVT HSS BOYS CANTT GUNA",प्रतिभागी,शिक्षक
AK5816,Ajay Chandel,Guna,GUNA,"23070628363, GOVT HSS BOYS CANTT GUNA",प्रतिभागी,शिक्षक
BV9623,Umesh Sharma,Guna,GUNA,"23070628363, GOVT HSS BOYS CANTT GUNA",प्रतिभागी,शिक्षक
AK3599,Vandana Raghuwanshi,Guna,GUNA,"23070601106, GOVT HSS PAGARA",प्रतिभागी,शिक्षक
AK3618,Keshav Prasad Mathneya,Guna,GUNA,"23070601106, GOVT HSS PAGARA",प्रतिभागी,शिक्षक
AC1568,Ranjeeta Rai,Guna,GUNA,"23070606906, GOVT HS MAVAN",प्रतिभागी,अन्य
AC3344,Ajay Kumar Ojha,Guna,GUNA,"23070606906, GOVT HS MAVAN",प्रतिभागी,शिक्षक
AC3971,Madan Lal Prajapati,Guna,GUNA,"23070606906, GOVT HS MAVAN",प्रतिभागी,शिक्षक
AK3349,Manish Kumar Bhargava,Guna,GUNA,"23070606906, GOVT HS MAVAN",प्रतिभागी,शिक्षक
AK5034,Seema Unya,Guna,GUNA,"23070606906, GOVT HS MAVAN",प्रतिभागी,शिक्षक
BA2730,Shikha Shrivastava,Guna,GUNA,"23070606906, GOVT HS MAVAN",प्रतिभागी,शिक्षक
BB2036,Shahin Sultana,Guna,GUNA,"23070606906, GOVT HS MAVAN",प्रतिभागी,शिक्षक
BP5259,Manoj Kumar Dhakad,Guna,GUNA,"23070606906, GOVT HS MAVAN",प्रतिभागी,शिक्षक
CC4217,MANISHA MADHANI,Guna,GUNA,"23070606906, GOVT HS MAVAN",प्रतिभागी,शिक्षक
BP5854,Satish Kumar,Guna,GUNA,"23070628366, GOVT HSS GIRLS MLB  GUNA",प्रतिभागी,शिक्षक
BX1084,Kamlesh Dhakad,Guna,GUNA,"23070628366, GOVT HSS GIRLS MLB  GUNA",प्रतिभागी,शिक्षक
BX4361,Ghanshyam Ganthe,Guna,GUNA,"23070628366, GOVT HSS GIRLS MLB  GUNA",प्रतिभागी,शिक्षक
AK3079,Seema Goyal,Guna,GUNA,"23070611910, GOVT HSS MARKIMAU",प्रतिभागी,शिक्षक
AK3458,Sarla Ben Pateliya,Guna,GUNA,"23070611910, GOVT HSS MARKIMAU",प्रतिभागी,शिक्षक
AK1879,Sheetal Shrivastava,Guna,GUNA,"23070633003, GOVT HSS NO 2 GUNA",प्रतिभागी,शिक्षक
AK2980,Rashmi Suman,Guna,GUNA,"23070633003, GOVT HSS NO 2 GUNA",प्रतिभागी,शिक्षक
AK3435,Ranjeeta Sharma,Guna,GUNA,"23070633003, GOVT HSS NO 2 GUNA",प्रतिभागी,शिक्षक
AK3445,Shahzadi Khan,Guna,GUNA,"23070633003, GOVT HSS NO 2 GUNA",प्रतिभागी,शिक्षक
AK3577,Madhu Pateriya,Guna,GUNA,"23070633003, GOVT HSS NO 2 GUNA",प्रतिभागी,शिक्षक
AK3786,Gita Nayirar,Guna,GUNA,"23070633003, GOVT HSS NO 2 GUNA",प्रतिभागी,शिक्षक
AK5483,Monika Jain,Guna,GUNA,"23070633003, GOVT HSS NO 2 GUNA",प्रतिभागी,शिक्षक
BP6120,Anusuiya Sharma,Guna,GUNA,"23070633003, GOVT HSS NO 2 GUNA",प्रतिभागी,शिक्षक
BP9899,Anita Raikwar,Guna,GUNA,"23070633003, GOVT HSS NO 2 GUNA",प्रतिभागी,शिक्षक
BQ8005,Madhu Chaturvedi,Guna,GUNA,"23070633003, GOVT HSS NO 2 GUNA",प्रतिभागी,शिक्षक
BW4021,Sapna Madawat,Guna,GUNA,"23070633003, GOVT HSS NO 2 GUNA",प्रतिभागी,शिक्षक
BW6550,Swati Jain,Guna,GUNA,"23070633003, GOVT HSS NO 2 GUNA",प्रतिभागी,शिक्षक
AJ9827,Bhanuprakash OJHA,Guna,GUNA,"23070609706, GOVT HS HARIPUR",प्रतिभागी,शिक्षक
AK2817,Vandana RAJAK,Guna,GUNA,"23070609706, GOVT HS HARIPUR",प्रतिभागी,शिक्षक
AK3410,Jagannath Singh Birde,Guna,GUNA,"23070609706, GOVT HS HARIPUR",प्रतिभागी,शिक्षक
AK3596,Smt. Naheed Khan,Guna,GUNA,"23070609706, GOVT HS HARIPUR",प्रतिभागी,शिक्षक
AK4523,Kamlesh Kumar Sharma,Guna,GUNA,"23070609706, GOVT HS HARIPUR",प्रतिभागी,शिक्षक
AK3339,Ramsakhi Sahu,Guna,GUNA,"23070612514, GOVT HSS BAJRANGGARH",प्रतिभागी,शिक्षक
AK3559,Abbas Ali Saiyad,Guna,GUNA,"23070612514, GOVT HSS BAJRANGGARH",प्रतिभागी,शिक्षक
AK2991,Amar Singh Chopra,Guna,GUNA,"23070609407, GOVT HSS BARKHEDA GIRD",प्रतिभागी,शिक्षक
AK3590,Manmohan Singh Dhakad,Guna,GUNA,"23070609407, GOVT HSS BARKHEDA GIRD",प्रतिभागी,शिक्षक
BW5555,Rajendra Singh Dhakad,Guna,GUNA,"23070609407, GOVT HSS BARKHEDA GIRD",प्रतिभागी,शिक्षक
AK5515,Murari Lal Dhakad,Guna,RAGHOGARH,"23070905405, GOVT HSS DHARNAVDA",प्रतिभागी,शिक्षक
AK5647,Jagdish Prasad Goud,Guna,RAGHOGARH,"23070905405, GOVT HSS DHARNAVDA",प्रतिभागी,शिक्षक
BX2798,Chandra Pratap Singh Kushwah,Guna,RAGHOGARH,"23070905405, GOVT HSS DHARNAVDA",प्रतिभागी,शिक्षक
BX5592,Suresh Kumar Meena,Guna,RAGHOGARH,"23070905405, GOVT HSS DHARNAVDA",प्रतिभागी,शिक्षक
AK1270,Sapna Sharma,Guna,RAGHOGARH,"23070903914, GOVT HSS RUTHIYAI",प्रतिभागी,शिक्षक
AK4561,Keshav Singh Chauhan,Guna,RAGHOGARH,"23070903914, GOVT HSS RUTHIYAI",प्रतिभागी,शिक्षक
AK5744,Sunita Panthi,Guna,RAGHOGARH,"23070903914, GOVT HSS RUTHIYAI",प्रतिभागी,शिक्षक
AK5832,Shahana Mansuri,Guna,RAGHOGARH,"23070903914, GOVT HSS RUTHIYAI",प्रतिभागी,शिक्षक
BR1571,Kranti Nayak,Guna,RAGHOGARH,"23070903914, GOVT HSS RUTHIYAI",प्रतिभागी,शिक्षक
BR8935,Smt Chandrakaanta Pandit,Guna,RAGHOGARH,"23070903914, GOVT HSS RUTHIYAI",प्रतिभागी,शिक्षक
BV7014,Dinesh Kumar Vaishnav,Guna,RAGHOGARH,"23070903914, GOVT HSS RUTHIYAI",प्रतिभागी,शिक्षक
AK1959,Kiran Bak,Guna,RAGHOGARH,"23070901304, GOVT HSS DONGAR",प्रतिभागी,शिक्षक
AK5236,Dharmendra Pareek,Guna,RAGHOGARH,"23070901304, GOVT HSS DONGAR",प्रतिभागी,शिक्षक
AK5571,Savita Sahu,Guna,RAGHOGARH,"23070901304, GOVT HSS DONGAR",प्रतिभागी,शिक्षक
AK5883,Tarni Bhardwaj,Guna,RAGHOGARH,"23070901304, GOVT HSS DONGAR",प्रतिभागी,शिक्षक
AK5974,Tarachandra Tyagi,Guna,RAGHOGARH,"23070901304, GOVT HSS DONGAR",प्रतिभागी,शिक्षक
AK5350,Hariom Kushwah,Guna,RAGHOGARH,"23070901244, GOVT HSS EXCELLENCE  RAGHOGARH",प्रतिभागी,शिक्षक
AK5361,Ranglal Kushwah,Guna,RAGHOGARH,"23070901244, GOVT HSS EXCELLENCE  RAGHOGARH",प्रतिभागी,शिक्षक
AK5893,Tulsi Das Gupta,Guna,RAGHOGARH,"23070901244, GOVT HSS EXCELLENCE  RAGHOGARH",प्रतिभागी,शिक्षक
BZ1117,Ramesh Kumar Kori,Guna,RAGHOGARH,"23070901244, GOVT HSS EXCELLENCE  RAGHOGARH",प्रतिभागी,शिक्षक
AK5266,Mukesh Kumar Ojha,Guna,RAGHOGARH,"23070906806, GOVT HSS GAWARI",प्रतिभागी,सीएसी
AK5614,Bhupendra Singh Dhakad,Guna,RAGHOGARH,"23070906806, GOVT HSS GAWARI",प्रतिभागी,शिक्षक
BX7864,Kamal Singh Lodha,Guna,RAGHOGARH,"23070906806, GOVT HSS GAWARI",प्रतिभागी,शिक्षक
AK5304,Brajesh Sharma,Guna,RAGHOGARH,"23070907909, GOVT HSS BARSAT",प्रतिभागी,शिक्षक
AK5658,Kamarlal Bhil,Guna,RAGHOGARH,"23070907909, GOVT HSS BARSAT",प्रतिभागी,शिक्षक
AK5849,Bapu Lal Bhil,Guna,RAGHOGARH,"23070907909, GOVT HSS BARSAT",प्रतिभागी,शिक्षक
AK5431,Chandan Singh Rai,Guna,RAGHOGARH,"23070901245, GOVT HSS GIRLS RAGHOGARH",प्रतिभागी,शिक्षक
AK5494,Sonali Parmar,Guna,RAGHOGARH,"23070901245, GOVT HSS GIRLS RAGHOGARH",प्रतिभागी,शिक्षक
BT3380,Jagdeesh Sahu,Guna,RAGHOGARH,"23070901245, GOVT HSS GIRLS RAGHOGARH",प्रतिभागी,शिक्षक
BW1786,Om Prakash Saini,Guna,RAGHOGARH,"23070901245, GOVT HSS GIRLS RAGHOGARH",प्रतिभागी,शिक्षक
AK5971,Neelu Sharma,Guna,RAGHOGARH,"23070906411, GOVT HSS AWAN",प्रतिभागी,शिक्षक
BS1674,Brijesh Kumar Bairagi,Guna,RAGHOGARH,"23070906411, GOVT HSS AWAN",प्रतिभागी,शिक्षक
BW6243,Nand Lal Lodha,Guna,RAGHOGARH,"23070906411, GOVT HSS AWAN",प्रतिभागी,शिक्षक
CB4233,DEVESH PRAJAPATI,Guna,RAGHOGARH,"23070909615, GOVT HSS  JAMNER",प्रतिभागी,शिक्षक
AK4914,Kalpana Sharma,Guna,RAGHOGARH,"23070911203, GOVT HS DONGAR(MOTIPUR)",प्रतिभागी,शिक्षक
BZ3468,Manisha Dhakad,Guna,RAGHOGARH,"23070911203, GOVT HS DONGAR(MOTIPUR)",प्रतिभागी,शिक्षक
AK4754,Dharmendra Mangal,Guna,RAGHOGARH,"23070911326, GOVT BOYS  HSS MADHUSUDANGARH",प्रतिभागी,शिक्षक
AK4870,Brij Ballabha Sharma,Guna,RAGHOGARH,"23070911326, GOVT BOYS  HSS MADHUSUDANGARH",प्रतिभागी,शिक्षक
BF4298,Jagdish Prasad Sahu,Guna,RAGHOGARH,"23070911326, GOVT BOYS  HSS MADHUSUDANGARH",प्रतिभागी,शिक्षक
BS9174,Soudan Singh Bhilala,Guna,RAGHOGARH,"23070911326, GOVT BOYS  HSS MADHUSUDANGARH",प्रतिभागी,शिक्षक
BT9886,Pooja Bhil,Guna,RAGHOGARH,"23070911326, GOVT BOYS  HSS MADHUSUDANGARH",प्रतिभागी,शिक्षक
BW4803,Lal Singh Meena,Guna,RAGHOGARH,"23070911326, GOVT BOYS  HSS MADHUSUDANGARH",प्रतिभागी,शिक्षक
CB8980,RAMVILAS BHILALA,Guna,RAGHOGARH,"23070911326, GOVT BOYS  HSS MADHUSUDANGARH",प्रतिभागी,शिक्षक
AK4888,Gangaram Mogiya,Guna,RAGHOGARH,"23070913906, GOVT HS UKAVAD",प्रतिभागी,शिक्षक
AK4973,Ram Prasad Ahirwar,Guna,RAGHOGARH,"23070913906, GOVT HS UKAVAD",प्रतिभागी,शिक्षक
AK6401,Kashiram Sahu,Gwalior,BHITARWAR,"23040220302, GOVT. HSS EXCELLENCE, BHITERWAR(9-12) BHITARWAR",प्रतिभागी,शिक्षक
AL1612,Meena Kirar,Gwalior,BHITARWAR,"23040220302, GOVT. HSS EXCELLENCE, BHITERWAR(9-12) BHITARWAR",प्रतिभागी,शिक्षक
AL3360,Sushil Kirar,Gwalior,BHITARWAR,"23040220302, GOVT. HSS EXCELLENCE, BHITERWAR(9-12) BHITARWAR",प्रतिभागी,शिक्षक
AL1707,Shivratan Prajapati,Gwalior,BHITARWAR,"23040201206, GOVT. HS MOHANGAD(9-10) BHITARWAR",प्रतिभागी,शिक्षक
6264955210,Achlesh  Puri ,Gwalior,BHITARWAR,"23040201714, GOVT. HSS SANKHANI(9-12) BHITARWAR",प्रतिभागी,शिक्षक
DB1456,SIMRAN  CHOURSE,Gwalior,BHITARWAR,"23040203706, GOVT. HS SINGHARAN(9-10) BHITARWAR",प्रतिभागी,शिक्षक
DB1459,RISHI RAJ SINGH,Gwalior,BHITARWAR,"23040203706, GOVT. HS SINGHARAN(9-10) BHITARWAR",प्रतिभागी,शिक्षक
BR3431,Bhawar Singh Rawat,Gwalior,BHITARWAR,"23040213219, GOVT. HSS KARHIYA(9-12)  BHITARWAR",प्रतिभागी,शिक्षक
AK6228,Suman Yadav,Gwalior,BHITARWAR,"23040209128, GOVT. HSS CHINOR(9-12) BHITARWAR",प्रतिभागी,शिक्षक
AK6235,Ganga Singh Tomar,Gwalior,BHITARWAR,"23040209128, GOVT. HSS CHINOR(9-12) BHITARWAR",प्रतिभागी,शिक्षक
BT2180,Preeti Singh Rajput,Gwalior,BHITARWAR,"23040209128, GOVT. HSS CHINOR(9-12) BHITARWAR",प्रतिभागी,शिक्षक
BX9222,Tej Singh Kushwah,Gwalior,BHITARWAR,"23040209128, GOVT. HSS CHINOR(9-12) BHITARWAR",प्रतिभागी,शिक्षक
BX9240,Gopal Krishan Meena,Gwalior,BHITARWAR,"23040209128, GOVT. HSS CHINOR(9-12) BHITARWAR",प्रतिभागी,शिक्षक
AL1587,Rajesh Choubey,Gwalior,BHITARWAR,"23040208019, GOVT. HS BANBAR(9-10) BHITARWAR",प्रतिभागी,शिक्षक
AL1592,Shiv Kumar Rajoriya,Gwalior,BHITARWAR,"23040208019, GOVT. HS BANBAR(9-10) BHITARWAR",प्रतिभागी,शिक्षक
AL1701,Vinod Gautam,Gwalior,BHITARWAR,"23040208019, GOVT. HS BANBAR(9-10) BHITARWAR",प्रतिभागी,शिक्षक
BQ3550,Ravi Prajapati,Gwalior,BHITARWAR,"23040208019, GOVT. HS BANBAR(9-10) BHITARWAR",प्रतिभागी,शिक्षक
BY1828,Anil Kumar Gautam,Gwalior,BHITARWAR,"23040208019, GOVT. HS BANBAR(9-10) BHITARWAR",प्रतिभागी,शिक्षक
BZ2463,Yashvant Pal,Gwalior,BHITARWAR,"23040208019, GOVT. HS BANBAR(9-10) BHITARWAR",प्रतिभागी,शिक्षक
BZ4113,Ratan Lal Gautam,Gwalior,BHITARWAR,"23040208019, GOVT. HS BANBAR(9-10) BHITARWAR",प्रतिभागी,शिक्षक
AI6353,Mukesh Kumar Shakya,Gwalior,BHITARWAR,"23040220401, GOVT. HSS GIRLS, ANTARI(9-12) BHITARWAR",प्रतिभागी,शिक्षक
AL1654,Alok Singh Ghuraiya,Gwalior,BHITARWAR,"23040220401, GOVT. HSS GIRLS, ANTARI(9-12) BHITARWAR",प्रतिभागी,शिक्षक
BY4023,Bhupendra Singh Rana,Gwalior,BHITARWAR,"23040220401, GOVT. HSS GIRLS, ANTARI(9-12) BHITARWAR",प्रतिभागी,शिक्षक
7898536691,Mahendra  Yogi ,Gwalior,BHITARWAR,"23040207003, GOVT. HS DONGARPUR(9-10) BHITARWAR",प्रतिभागी,शिक्षक
AL1594,Nagendra Yadav,Gwalior,BHITARWAR,"23040207003, GOVT. HS DONGARPUR(9-10) BHITARWAR",प्रतिभागी,शिक्षक
BS8008,Ajmer Singh Kushwah,Gwalior,BHITARWAR,"23040213913, GOVT. HS ETMA(9-10) BHITARWAR",प्रतिभागी,शिक्षक
BS3942,Neeraj Yadav,Gwalior,DABRA,"23040107810, GOVT. HS MEHGAON(9-10) DABRA",प्रतिभागी,शिक्षक
BY7608,Chandra Prakash Hindoliya,Gwalior,DABRA,"23040107810, GOVT. HS MEHGAON(9-10) DABRA",प्रतिभागी,शिक्षक
AK6634,Bhogiram Kant,Gwalior,DABRA,"23040108615, GOVT. HSS SHUKALHARI(9-12) DABRA",प्रतिभागी,शिक्षक
BQ9307,Mukesh Kumar Jatav,Gwalior,DABRA,"23040108615, GOVT. HSS SHUKALHARI(9-12) DABRA",प्रतिभागी,शिक्षक
BY4343,Minakshi Gupta,Gwalior,DABRA,"23040108615, GOVT. HSS SHUKALHARI(9-12) DABRA",प्रतिभागी,शिक्षक
AK6598,Varsha Gupta,Gwalior,DABRA,"23040109504, GOVT. HS CHAPRA(9-10) DABRA",प्रतिभागी,शिक्षक
AI4000,Mahendra Kumar Rahul,Gwalior,DABRA,"23040115604, GOVT. HS KHADWAI(9-10) DABRA",प्रतिभागी,शिक्षक
AI4840,Sapana Rai,Gwalior,DABRA,"23040115604, GOVT. HS KHADWAI(9-10) DABRA",प्रतिभागी,शिक्षक
AL2253,Paramanand Sharma,Gwalior,DABRA,"23040115604, GOVT. HS KHADWAI(9-10) DABRA",प्रतिभागी,शिक्षक
AL2416,Omprakash Sharma,Gwalior,DABRA,"23040115604, GOVT. HS KHADWAI(9-10) DABRA",प्रतिभागी,शिक्षक
BA9422,Seema Khatik,Gwalior,DABRA,"23040115604, GOVT. HS KHADWAI(9-10) DABRA",प्रतिभागी,शिक्षक
BR3318,Haridayal Singh,Gwalior,DABRA,"23040115604, GOVT. HS KHADWAI(9-10) DABRA",प्रतिभागी,शिक्षक
BR8335,Meena Shakya,Gwalior,DABRA,"23040115604, GOVT. HS KHADWAI(9-10) DABRA",प्रतिभागी,शिक्षक
BS6139,Nandkishor Sharma,Gwalior,DABRA,"23040115604, GOVT. HS KHADWAI(9-10) DABRA",प्रतिभागी,शिक्षक
AC3736,Vinod Sharma,Gwalior,DABRA,"23040103703, GOVT. HS BADERABUJRAG(9-10), DABRA",प्रतिभागी,शिक्षक
AI5329,Bharatlal Sharma,Gwalior,DABRA,"23040103703, GOVT. HS BADERABUJRAG(9-10), DABRA",प्रतिभागी,शिक्षक
AK6868,Chandraprakash Khatik,Gwalior,DABRA,"23040103703, GOVT. HS BADERABUJRAG(9-10), DABRA",प्रतिभागी,शिक्षक
CD5169,CHHAVI SAXENA,Gwalior,DABRA,"23040103703, GOVT. HS BADERABUJRAG(9-10), DABRA",प्रतिभागी,शिक्षक
AI6480,Narendra Singh Jatav,Gwalior,DABRA,"23040120103, GOVT HSS EXCELLENCE DABRA(6 to12)DABRA",प्रतिभागी,शिक्षक
AK6400,Kavita Sharma,Gwalior,DABRA,"23040120103, GOVT HSS EXCELLENCE DABRA(6 to12)DABRA",प्रतिभागी,शिक्षक
AK6693,Narendra Mudgal,Gwalior,DABRA,"23040120103, GOVT HSS EXCELLENCE DABRA(6 to12)DABRA",प्रतिभागी,शिक्षक
AL1746,Ranjana Pathak,Gwalior,DABRA,"23040120103, GOVT HSS EXCELLENCE DABRA(6 to12)DABRA",प्रतिभागी,शिक्षक
AL2256,Mahesh Kumar Rawat,Gwalior,DABRA,"23040120103, GOVT HSS EXCELLENCE DABRA(6 to12)DABRA",प्रतिभागी,शिक्षक
AL2844,Manoj Shrivastava,Gwalior,DABRA,"23040120103, GOVT HSS EXCELLENCE DABRA(6 to12)DABRA",प्रतिभागी,शिक्षक
AL2929,Rekha Chaurasiya,Gwalior,DABRA,"23040120103, GOVT HSS EXCELLENCE DABRA(6 to12)DABRA",प्रतिभागी,शिक्षक
BV9765,Manorama Kushwah,Gwalior,DABRA,"23040120103, GOVT HSS EXCELLENCE DABRA(6 to12)DABRA",प्रतिभागी,शिक्षक
BW2581,Preeti Mudgal,Gwalior,DABRA,"23040120103, GOVT HSS EXCELLENCE DABRA(6 to12)DABRA",प्रतिभागी,शिक्षक
CD7470,MRIDULA GUPTA,Gwalior,DABRA,"23040120103, GOVT HSS EXCELLENCE DABRA(6 to12)DABRA",प्रतिभागी,शिक्षक
BQ9314,Rahul Sharma,Gwalior,DABRA,"23040114613, GOVT. HSS KARIYAVATI(9-12) DABRA",प्रतिभागी,शिक्षक
AL2951,Babita Sain,Gwalior,DABRA,"23040100307, GOVT. HS BAROTHA(9-10),DABRA",प्रतिभागी,शिक्षक
AL1690,Karan Singh Jatav,Gwalior,DABRA,"23040104810, GOVT. HS AKBAIBADI(9-10) DABRA",प्रतिभागी,शिक्षक
AL2867,Atul Kumar,Gwalior,DABRA,"23040104810, GOVT. HS AKBAIBADI(9-10) DABRA",प्रतिभागी,शिक्षक
BY5230,Usha Devi,Gwalior,DABRA,"23040104810, GOVT. HS AKBAIBADI(9-10) DABRA",प्रतिभागी,शिक्षक
AK6573,Hemant Kumar Gupta,Gwalior,DABRA,"23040110632, GOVT. HSS BOYS, PICHOR,DABRA(9-12) DABRA",प्रतिभागी,शिक्षक
AL1643,Vishambhar Chauhan,Gwalior,DABRA,"23040110632, GOVT. HSS BOYS, PICHOR,DABRA(9-12) DABRA",प्रतिभागी,शिक्षक
BU3765,Rakesh Pawaiya,Gwalior,DABRA,"23040110632, GOVT. HSS BOYS, PICHOR,DABRA(9-12) DABRA",प्रतिभागी,अन्य
BW3267,Pratima Shukla,Gwalior,DABRA,"23040110632, GOVT. HSS BOYS, PICHOR,DABRA(9-12) DABRA",प्रतिभागी,शिक्षक
AL1391,Sapana Parmar,Gwalior,DABRA,"23040118301, GOVT. HSS  BILUA(9-12)DABRA",प्रतिभागी,शिक्षक
AL2204,Kuber Singh Roriya,Gwalior,DABRA,"23040118301, GOVT. HSS  BILUA(9-12)DABRA",प्रतिभागी,शिक्षक
AL2879,Parvati Rajput,Gwalior,DABRA,"23040118301, GOVT. HSS  BILUA(9-12)DABRA",प्रतिभागी,शिक्षक
CB9476,NEHA MAHOR,Gwalior,DABRA,"23040118301, GOVT. HSS  BILUA(9-12)DABRA",प्रतिभागी,शिक्षक
BU7477,Sultan Singh Dhakad,Gwalior,GHATIGAON,"23040300140, GOVT. HSS MOHNA(9-12) GHATGAON",प्रतिभागी,शिक्षक
CD6706,TALVENDRA YADAV,Gwalior,GHATIGAON,"23040305628, GOVT. HSS BARAI(9-12) GHATIGAON",प्रतिभागी,शिक्षक
AK7281,Sarita Shinde,Gwalior,GHATIGAON,"23040306905, GOVT. HS NAYAGAON(9-10) GHATIGAON",प्रतिभागी,शिक्षक
AL1615,Sarita Tiwari,Gwalior,GHATIGAON,"23040306905, GOVT. HS NAYAGAON(9-10) GHATIGAON",प्रतिभागी,शिक्षक
BN1618,Gajendra Gautam,Gwalior,GHATIGAON,"23040306905, GOVT. HS NAYAGAON(9-10) GHATIGAON",प्रतिभागी,शिक्षक
BX9442,Vipin Kumar Sharma,Gwalior,GHATIGAON,"23040306905, GOVT. HS NAYAGAON(9-10) GHATIGAON",प्रतिभागी,शिक्षक
BZ4120,Sunil Dhodi,Gwalior,GHATIGAON,"23040306905, GOVT. HS NAYAGAON(9-10) GHATIGAON",प्रतिभागी,शिक्षक
BY1805,Sumanlata Kaim,Gwalior,GHATIGAON,"23040303326, GOVT. HSS EXCELLENCE, GHATIGAON(9-12)",प्रतिभागी,शिक्षक
AL1402,Manjula Toppo,Gwalior,GHATIGAON,"23040308022, GOVT. HS PARI(9-10) GHATIGAON",प्रतिभागी,शिक्षक
AL1403,Ranu Khan,Gwalior,GHATIGAON,"23040308022, GOVT. HS PARI(9-10) GHATIGAON",प्रतिभागी,शिक्षक
BR4379,Sunil Sharma,Gwalior,GHATIGAON,"23040308022, GOVT. HS PARI(9-10) GHATIGAON",प्रतिभागी,शिक्षक
BS7406,Subhash Singh Rathod,Gwalior,GHATIGAON,"23040308022, GOVT. HS PARI(9-10) GHATIGAON",प्रतिभागी,शिक्षक
AJ4121,Sandeep Singh Tomar,Gwalior,GHATIGAON,"23040302619, GOVT. HS JAKHODA(9-10) GHATGAON",प्रतिभागी,शिक्षक
BZ9281,Devendra Kushwah,Gwalior,GHATIGAON,"23040302619, GOVT. HS JAKHODA(9-10) GHATGAON",प्रतिभागी,शिक्षक
BT4629,Hakim Singh Dhakar,Gwalior,GHATIGAON,"23040312717, GOVT. HS NIRAWALI(9-10) GHATIGAON",प्रतिभागी,शिक्षक
CD1801,PUSHPLATA YADAV,Gwalior,GHATIGAON,"23040312717, GOVT. HS NIRAWALI(9-10) GHATIGAON",प्रतिभागी,शिक्षक
AL1899,Chandra Shekhar,Gwalior,GHATIGAON,"23040301708, GOVT. HSS REHAT(9-12) GHATIGAON",प्रतिभागी,शिक्षक
AL1398,Radheshyam Bishvkar,Gwalior,GHATIGAON,"23040312112, GOVT. HSS KULATH(9-12) GHATIGAON",प्रतिभागी,शिक्षक
BG4851,Hakim Singh Jatav,Gwalior,GHATIGAON,"23040312112, GOVT. HSS KULATH(9-12) GHATIGAON",प्रतिभागी,शिक्षक
BG5558,Rajendra Birgaiyan,Gwalior,GHATIGAON,"23040312112, GOVT. HSS KULATH(9-12) GHATIGAON",प्रतिभागी,शिक्षक
BU6414,Jyoti Sharma,Gwalior,GHATIGAON,"23040312112, GOVT. HSS KULATH(9-12) GHATIGAON",प्रतिभागी,शिक्षक
BX5947,Sudhir Singh Parmar,Gwalior,GHATIGAON,"23040312112, GOVT. HSS KULATH(9-12) GHATIGAON",प्रतिभागी,शिक्षक
AL1411,Swadesh Kumar Sharma,Gwalior,GHATIGAON,"23040311136, GOVT. HSS PURANICHAWANI(9-12)GHATIGAON",प्रतिभागी,शिक्षक
AL1415,Sanjay Singh,Gwalior,GHATIGAON,"23040311136, GOVT. HSS PURANICHAWANI(9-12)GHATIGAON",प्रतिभागी,शिक्षक
BB2884,Pancham Singh,Gwalior,GHATIGAON,"23040311136, GOVT. HSS PURANICHAWANI(9-12)GHATIGAON",प्रतिभागी,शिक्षक
BS1429,Naval Singh,Gwalior,GHATIGAON,"23040311136, GOVT. HSS PURANICHAWANI(9-12)GHATIGAON",प्रतिभागी,शिक्षक
BX2465,Satyendra Singh Parmar,Gwalior,GHATIGAON,"23040311136, GOVT. HSS PURANICHAWANI(9-12)GHATIGAON",प्रतिभागी,शिक्षक
AL2499,Radheyshyam Singh Kushwah,Gwalior,GHATIGAON,"23040307906, GOVT. HS AJAYPUR(9-10)GHATIGAON",प्रतिभागी,शिक्षक
AL2851,Rakesh Kumar Dhakar,Gwalior,GHATIGAON,"23040307906, GOVT. HS AJAYPUR(9-10)GHATIGAON",प्रतिभागी,शिक्षक
BS7212,Sanjeev Kumar Chaturvedi,Gwalior,GHATIGAON,"23040307906, GOVT. HS AJAYPUR(9-10)GHATIGAON",प्रतिभागी,शिक्षक
AI6497,Janved Jatav,Gwalior,MORAR (RURAL),"23040410206, GOVT. HS BERJA(9-10),MORAR",प्रतिभागी,शिक्षक
BN3817,Narendra Singh Jayant,Gwalior,MORAR (RURAL),"23040410206, GOVT. HS BERJA(9-10),MORAR",प्रतिभागी,शिक्षक
BN4871,Bahoran Singh Baghel,Gwalior,MORAR (RURAL),"23040410206, GOVT. HS BERJA(9-10),MORAR",प्रतिभागी,शिक्षक
BS9308,Deepa Chouhan,Gwalior,MORAR (RURAL),"23040410206, GOVT. HS BERJA(9-10),MORAR",प्रतिभागी,शिक्षक
BV9580,Shilpa Hatekar,Gwalior,MORAR (RURAL),"23040410206, GOVT. HS BERJA(9-10),MORAR",प्रतिभागी,शिक्षक
BY4568,Gopendra Singh Parmar,Gwalior,MORAR (RURAL),"23040410206, GOVT. HS BERJA(9-10),MORAR",प्रतिभागी,शिक्षक
CE7334,KEERTI KUMARI,Gwalior,MORAR (RURAL),"23040410206, GOVT. HS BERJA(9-10),MORAR",प्रतिभागी,शिक्षक
AC4237,Phool Singh Mourya,Gwalior,MORAR (RURAL),"23040400708, GOVT. HS SUPAWALI(9-10) MORAR",प्रतिभागी,शिक्षक
AL1033,Kirpal Singh,Gwalior,MORAR (RURAL),"23040400708, GOVT. HS SUPAWALI(9-10) MORAR",प्रतिभागी,शिक्षक
BP5444,Abhilasha Yadav,Gwalior,MORAR (RURAL),"23040400708, GOVT. HS SUPAWALI(9-10) MORAR",प्रतिभागी,शिक्षक
BY6424,Banti Raje,Gwalior,MORAR (RURAL),"23040400708, GOVT. HS SUPAWALI(9-10) MORAR",प्रतिभागी,शिक्षक
AC2570,Mukesh Kumar Rasouniya,Gwalior,MORAR (RURAL),"23040414406, GOVT HS BHADROLI class 6 to 10 MORAR",प्रतिभागी,शिक्षक
BS6000,Manohar Singh Rajput,Gwalior,MORAR (RURAL),"23040414406, GOVT HS BHADROLI class 6 to 10 MORAR",प्रतिभागी,शिक्षक
CC2467,ARCHANA TOMAR,Gwalior,MORAR (RURAL),"23040414406, GOVT HS BHADROLI class 6 to 10 MORAR",प्रतिभागी,शिक्षक
AI3423,Meena Gupta,Gwalior,MORAR (RURAL),"23040415305, GOVT. HS SONSA(9-10), MORAR",प्रतिभागी,शिक्षक
AL2613,Hariom Agrawal,Gwalior,MORAR (RURAL),"23040415305, GOVT. HS SONSA(9-10), MORAR",प्रतिभागी,शिक्षक
BG1954,Vidhyaram Barsena,Gwalior,MORAR (RURAL),"23040415305, GOVT. HS SONSA(9-10), MORAR",प्रतिभागी,शिक्षक
BK2427,Pramod Kumar Sharma,Gwalior,MORAR (RURAL),"23040415305, GOVT. HS SONSA(9-10), MORAR",प्रतिभागी,शिक्षक
BY1509,Premlata Ojha,Gwalior,MORAR (RURAL),"23040415305, GOVT. HS SONSA(9-10), MORAR",प्रतिभागी,शिक्षक
BY5890,Mahadev Singh Kushwah,Gwalior,MORAR (RURAL),"23040415305, GOVT. HS SONSA(9-10), MORAR",प्रतिभागी,शिक्षक
CB6712,SUSHIL DADORIYA,Gwalior,MORAR (RURAL),"23040415305, GOVT. HS SONSA(9-10), MORAR",प्रतिभागी,शिक्षक
AK7642,Rajendra Kumar Singh Sangar,Gwalior,MORAR (RURAL),"23040400118, GOVT. HSS BEHAT(9-12) MORAR",प्रतिभागी,शिक्षक
AL2721,Santosh Sharma,Gwalior,MORAR (RURAL),"23040400118, GOVT. HSS BEHAT(9-12) MORAR",प्रतिभागी,शिक्षक
AT3730,Neeraj Kumar Shakya,Gwalior,MORAR (RURAL),"23040400118, GOVT. HSS BEHAT(9-12) MORAR",प्रतिभागी,शिक्षक
AV9519,Devendra Mahour,Gwalior,MORAR (RURAL),"23040400118, GOVT. HSS BEHAT(9-12) MORAR",प्रतिभागी,शिक्षक
BR9053,Abhishek Singh Rajawat,Gwalior,MORAR (RURAL),"23040400118, GOVT. HSS BEHAT(9-12) MORAR",प्रतिभागी,शिक्षक
BR9054,Pramod Kumar Bakeriya,Gwalior,MORAR (RURAL),"23040400118, GOVT. HSS BEHAT(9-12) MORAR",प्रतिभागी,शिक्षक
AI3996,Brijesh Kumar Imlay,Gwalior,MORAR (RURAL),"23040402306, GOVT. HSS HASTINAPUR(9-12),MORAR",प्रतिभागी,शिक्षक
AI6376,Mamta Devi Parihar,Gwalior,MORAR (RURAL),"23040402306, GOVT. HSS HASTINAPUR(9-12),MORAR",प्रतिभागी,शिक्षक
AK7674,Veerendra Singh,Gwalior,MORAR (RURAL),"23040402306, GOVT. HSS HASTINAPUR(9-12),MORAR",प्रतिभागी,शिक्षक
AL2734,Shiv Singh Baghel,Gwalior,MORAR (RURAL),"23040402306, GOVT. HSS HASTINAPUR(9-12),MORAR",प्रतिभागी,शिक्षक
BO9852,Sharan Mishra,Gwalior,MORAR (RURAL),"23040402306, GOVT. HSS HASTINAPUR(9-12),MORAR",प्रतिभागी,शिक्षक
BQ4543,Jitendra Singh,Gwalior,MORAR (RURAL),"23040402306, GOVT. HSS HASTINAPUR(9-12),MORAR",प्रतिभागी,शिक्षक
BU8184,Kusum Dutt,Gwalior,MORAR (RURAL),"23040402306, GOVT. HSS HASTINAPUR(9-12),MORAR",प्रतिभागी,शिक्षक
CA9983,SHAKTI SHREE GUPTA,Gwalior,MORAR (RURAL),"23040402306, GOVT. HSS HASTINAPUR(9-12),MORAR",प्रतिभागी,शिक्षक
CC4932,SAMIKSHA MENDSURE,Gwalior,MORAR (RURAL),"23040402306, GOVT. HSS HASTINAPUR(9-12),MORAR",प्रतिभागी,शिक्षक
AC1558,Banwari Lal Sharma,Gwalior,MORAR (RURAL),"23040404108, GOVT. HSS UTILA(9-12) ,MORAR",प्रतिभागी,शिक्षक
AL2573,Chandan Singh Baraiya,Gwalior,MORAR (RURAL),"23040404108, GOVT. HSS UTILA(9-12) ,MORAR",प्रतिभागी,शिक्षक
AL2591,Ruchi Mishra,Gwalior,MORAR (RURAL),"23040404108, GOVT. HSS UTILA(9-12) ,MORAR",प्रतिभागी,शिक्षक
AL2592,Ram Sewak Nigam,Gwalior,MORAR (RURAL),"23040404108, GOVT. HSS UTILA(9-12) ,MORAR",प्रतिभागी,शिक्षक
AL2621,Ramkumar Sharma,Gwalior,MORAR (RURAL),"23040404108, GOVT. HSS UTILA(9-12) ,MORAR",प्रतिभागी,शिक्षक
BP7207,Vandana Sahu,Gwalior,MORAR (RURAL),"23040404108, GOVT. HSS UTILA(9-12) ,MORAR",प्रतिभागी,शिक्षक
AK7540,Jabar Singh,Gwalior,MORAR (RURAL),"23040413310, GOVT. HS BADORI(9-10) ,LASHKAR",प्रतिभागी,शिक्षक
BB3961,Kedari Ram Malviya,Gwalior,MORAR (RURAL),"23040413310, GOVT. HS BADORI(9-10) ,LASHKAR",प्रतिभागी,शिक्षक
BR7607,Neelam Mishra,Gwalior,MORAR (RURAL),"23040413310, GOVT. HS BADORI(9-10) ,LASHKAR",प्रतिभागी,शिक्षक
BX7065,Swati Shrivastav,Gwalior,MORAR (RURAL),"23040413310, GOVT. HS BADORI(9-10) ,LASHKAR",प्रतिभागी,शिक्षक
AL2602,Sanjay Tirkey,Gwalior,MORAR (RURAL),"23040406308, GOVT. HS BILARA(9-10) ,MORAR",प्रतिभागी,शिक्षक
AI6006,Anita Rampure,Gwalior,MORAR (RURAL),"23040407210, GOVT. HS SIRSOD(9-10) ,MORAR",प्रतिभागी,शिक्षक
AL2652,Hemlata Pachore,Gwalior,MORAR (RURAL),"23040407210, GOVT. HS SIRSOD(9-10) ,MORAR",प्रतिभागी,शिक्षक
BS5019,Madhavendra Singh Gour,Gwalior,MORAR (RURAL),"23040407210, GOVT. HS SIRSOD(9-10) ,MORAR",प्रतिभागी,सीएसी
BX3054,Raj Kumar Dohare,Gwalior,MORAR (RURAL),"23040407210, GOVT. HS SIRSOD(9-10) ,MORAR",प्रतिभागी,शिक्षक
AI7014,Rekha Vyas,Gwalior,MORAR (URBAN-1),"23040516745, GOVT. HSS BOYS, JANAKGANJ, LASHKAR",प्रतिभागी,शिक्षक
AK8658,Madhavi Gupta,Gwalior,MORAR (URBAN-1),"23040516745, GOVT. HSS BOYS, JANAKGANJ, LASHKAR",प्रतिभागी,शिक्षक
AK9440,Prity Shrivasatava,Gwalior,MORAR (URBAN-1),"23040516745, GOVT. HSS BOYS, JANAKGANJ, LASHKAR",प्रतिभागी,शिक्षक
AK9654,Ajay  Dutt Dubey,Gwalior,MORAR (URBAN-1),"23040516745, GOVT. HSS BOYS, JANAKGANJ, LASHKAR",प्रतिभागी,शिक्षक
AL2532,Ranu Rajput,Gwalior,MORAR (URBAN-1),"23040516745, GOVT. HSS BOYS, JANAKGANJ, LASHKAR",प्रतिभागी,शिक्षक
AL2538,Rekha Rajput,Gwalior,MORAR (URBAN-1),"23040516745, GOVT. HSS BOYS, JANAKGANJ, LASHKAR",प्रतिभागी,शिक्षक
AL2568,Pramod Kumar Shrivastava,Gwalior,MORAR (URBAN-1),"23040516745, GOVT. HSS BOYS, JANAKGANJ, LASHKAR",प्रतिभागी,शिक्षक
BP9987,Preeti Gupta,Gwalior,MORAR (URBAN-1),"23040516745, GOVT. HSS BOYS, JANAKGANJ, LASHKAR",प्रतिभागी,शिक्षक
BR5114,Vijay Kumar Tiwari,Gwalior,MORAR (URBAN-1),"23040516745, GOVT. HSS BOYS, JANAKGANJ, LASHKAR",प्रतिभागी,शिक्षक
BX9727,Meenu Chaurasiya,Gwalior,MORAR (URBAN-1),"23040516745, GOVT. HSS BOYS, JANAKGANJ, LASHKAR",प्रतिभागी,शिक्षक
BZ4117,Manisha Dhakar,Gwalior,MORAR (URBAN-1),"23040516745, GOVT. HSS BOYS, JANAKGANJ, LASHKAR",प्रतिभागी,शिक्षक
BZ8130,Kalpana Shivhare,Gwalior,MORAR (URBAN-1),"23040516745, GOVT. HSS BOYS, JANAKGANJ, LASHKAR",प्रतिभागी,शिक्षक
CC3492,SWATI SRIVASTAV,Gwalior,MORAR (URBAN-1),"23040516745, GOVT. HSS BOYS, JANAKGANJ, LASHKAR",प्रतिभागी,शिक्षक
AL2870,Pratibha Bhoj,Gwalior,MORAR (URBAN-1),"23040505749, GOVT HSS GIRLS GAJRARAJA class 1 to 12 LASHKAR",प्रतिभागी,शिक्षक
AK7106,Brijbala Tiwari,Gwalior,MORAR (URBAN-1),"23040504548, GOVT HSS BOYS  GORKHI Class 1 to 12 LASHKAR",प्रतिभागी,शिक्षक
AL1397,Savitri Yadav,Gwalior,MORAR (URBAN-1),"23040504548, GOVT HSS BOYS  GORKHI Class 1 to 12 LASHKAR",प्रतिभागी,शिक्षक
BA9075,Kalpana Dubey,Gwalior,MORAR (URBAN-1),"23040504548, GOVT HSS BOYS  GORKHI Class 1 to 12 LASHKAR",प्रतिभागी,शिक्षक
BB5779,Rama Sharma,Gwalior,MORAR (URBAN-1),"23040504548, GOVT HSS BOYS  GORKHI Class 1 to 12 LASHKAR",प्रतिभागी,शिक्षक
BP8352,Jooli Gupta,Gwalior,MORAR (URBAN-1),"23040504548, GOVT HSS BOYS  GORKHI Class 1 to 12 LASHKAR",प्रतिभागी,शिक्षक
BU3079,Pusplta Dixit,Gwalior,MORAR (URBAN-1),"23040504548, GOVT HSS BOYS  GORKHI Class 1 to 12 LASHKAR",प्रतिभागी,शिक्षक
BY6180,Meera Pachouri,Gwalior,MORAR (URBAN-1),"23040504548, GOVT HSS BOYS  GORKHI Class 1 to 12 LASHKAR",प्रतिभागी,शिक्षक
CD7864,ABHILASHA SHARMA,Gwalior,MORAR (URBAN-1),"23040504548, GOVT HSS BOYS  GORKHI Class 1 to 12 LASHKAR",प्रतिभागी,शिक्षक
CD8961,MERAJ REHMAN,Gwalior,MORAR (URBAN-1),"23040504548, GOVT HSS BOYS  GORKHI Class 1 to 12 LASHKAR",प्रतिभागी,शिक्षक
AI3836,Virendra Palash,Gwalior,MORAR (URBAN-1),"23040505335, GOVT. HSS GIRLS, PADMA(9-12) , LASHKAR",प्रतिभागी,शिक्षक
AK6522,Jitendra Kumar Chauhan,Gwalior,MORAR (URBAN-1),"23040505335, GOVT. HSS GIRLS, PADMA(9-12) , LASHKAR",प्रतिभागी,शिक्षक
AL1383,Manju Mishra,Gwalior,MORAR (URBAN-1),"23040505335, GOVT. HSS GIRLS, PADMA(9-12) , LASHKAR",प्रतिभागी,शिक्षक
AL2311,Gyan Singh Rajput,Gwalior,MORAR (URBAN-1),"23040505335, GOVT. HSS GIRLS, PADMA(9-12) , LASHKAR",प्रतिभागी,शिक्षक
AL2543,Manoj Kumar Jain,Gwalior,MORAR (URBAN-1),"23040505335, GOVT. HSS GIRLS, PADMA(9-12) , LASHKAR",प्रतिभागी,शिक्षक
AL2544,Badri Vishal Gupta,Gwalior,MORAR (URBAN-1),"23040505335, GOVT. HSS GIRLS, PADMA(9-12) , LASHKAR",प्रतिभागी,शिक्षक
AL2561,Renu Pandauria,Gwalior,MORAR (URBAN-1),"23040505335, GOVT. HSS GIRLS, PADMA(9-12) , LASHKAR",प्रतिभागी,शिक्षक
BB4726,Jay Kumar,Gwalior,MORAR (URBAN-1),"23040505335, GOVT. HSS GIRLS, PADMA(9-12) , LASHKAR",प्रतिभागी,शिक्षक
BG2319,Savitri Jaiswal,Gwalior,MORAR (URBAN-1),"23040505335, GOVT. HSS GIRLS, PADMA(9-12) , LASHKAR",प्रतिभागी,शिक्षक
BG5543,Veerendra Kumar Sharma,Gwalior,MORAR (URBAN-1),"23040505335, GOVT. HSS GIRLS, PADMA(9-12) , LASHKAR",प्रतिभागी,शिक्षक
CC3177,RAGHAVENDRA SINGH,Gwalior,MORAR (URBAN-1),"23040505335, GOVT. HSS GIRLS, PADMA(9-12) , LASHKAR",प्रतिभागी,शिक्षक
CD9281,GEETA KESHAV TOMAR,Gwalior,MORAR (URBAN-1),"23040505335, GOVT. HSS GIRLS, PADMA(9-12) , LASHKAR",प्रतिभागी,शिक्षक
CE1048,YASHO CHAUHAN,Gwalior,MORAR (URBAN-1),"23040505335, GOVT. HSS GIRLS, PADMA(9-12) , LASHKAR",प्रतिभागी,शिक्षक
AI6534,Jyoti Gupta,Gwalior,MORAR (URBAN-2),"23040516896, GOVT. HSS GIRLS(9-12), GWALIOR",प्रतिभागी,शिक्षक
BR9030,Shilpa Singh,Gwalior,MORAR (URBAN-2),"23040516896, GOVT. HSS GIRLS(9-12), GWALIOR",प्रतिभागी,शिक्षक
BX4405,Ram Prakash Sharma,Gwalior,MORAR (URBAN-2),"23040516896, GOVT. HSS GIRLS(9-12), GWALIOR",प्रतिभागी,शिक्षक
CB4998,SEETA DEVI,Gwalior,MORAR (URBAN-2),"23040516896, GOVT. HSS GIRLS(9-12), GWALIOR",प्रतिभागी,शिक्षक
AK7125,Pramod Kumar Shakya,Gwalior,MORAR (URBAN-2),"23040509862, GOVT. HSS BOYS, SHIKCHA NAGAR(9-12) ,GWALIOR",प्रतिभागी,शिक्षक
AL2485,Kalpana Chaudhary,Gwalior,MORAR (URBAN-2),"23040509862, GOVT. HSS BOYS, SHIKCHA NAGAR(9-12) ,GWALIOR",प्रतिभागी,शिक्षक
AL2550,Kedar Nath Sharma,Gwalior,MORAR (URBAN-2),"23040509862, GOVT. HSS BOYS, SHIKCHA NAGAR(9-12) ,GWALIOR",प्रतिभागी,शिक्षक
BB5358,Sandhya Rathore,Gwalior,MORAR (URBAN-2),"23040509862, GOVT. HSS BOYS, SHIKCHA NAGAR(9-12) ,GWALIOR",प्रतिभागी,शिक्षक
BD5797,Deepa Dwivedi,Gwalior,MORAR (URBAN-2),"23040509862, GOVT. HSS BOYS, SHIKCHA NAGAR(9-12) ,GWALIOR",प्रतिभागी,शिक्षक
BG2345,Kanchan Lata,Gwalior,MORAR (URBAN-2),"23040509862, GOVT. HSS BOYS, SHIKCHA NAGAR(9-12) ,GWALIOR",प्रतिभागी,शिक्षक
BS8315,Gayatri Thapak,Gwalior,MORAR (URBAN-2),"23040509862, GOVT. HSS BOYS, SHIKCHA NAGAR(9-12) ,GWALIOR",प्रतिभागी,शिक्षक
BU4378,Raju Singh Kushwah,Gwalior,MORAR (URBAN-2),"23040509862, GOVT. HSS BOYS, SHIKCHA NAGAR(9-12) ,GWALIOR",प्रतिभागी,शिक्षक
BY1810,Ved Prakash,Gwalior,MORAR (URBAN-2),"23040509862, GOVT. HSS BOYS, SHIKCHA NAGAR(9-12) ,GWALIOR",प्रतिभागी,शिक्षक
AH4949,Varsha Kapoor,Gwalior,MORAR (URBAN-2),"23040516259, GHSS GIRLS MLB MORAR Class 6 to 12",प्रतिभागी,शिक्षक
BJ9504,Rajveer Singh Kushwah,Gwalior,MORAR (URBAN-2),"23040516259, GHSS GIRLS MLB MORAR Class 6 to 12",प्रतिभागी,शिक्षक
AK9875,Deepa Mishra,Gwalior,MORAR (URBAN-2),"23040517099, GOVT. HSS BOYS, NO 2, MORAR",प्रतिभागी,शिक्षक
AL2547,Ajay Kumar Shrivastava,Gwalior,MORAR (URBAN-2),"23040517099, GOVT. HSS BOYS, NO 2, MORAR",प्रतिभागी,शिक्षक
AL2559,Alka Barua,Gwalior,MORAR (URBAN-2),"23040517099, GOVT. HSS BOYS, NO 2, MORAR",प्रतिभागी,शिक्षक
BQ2243,Seema Pathak,Gwalior,MORAR (URBAN-2),"23040517099, GOVT. HSS BOYS, NO 2, MORAR",प्रतिभागी,शिक्षक
CC2717,KANTI VIDYARTHI,Gwalior,MORAR (URBAN-2),"23040517099, GOVT. HSS BOYS, NO 2, MORAR",प्रतिभागी,शिक्षक
AL2022,Meenu Kulshrestha,Gwalior,MORAR (URBAN-2),"23040507898, GOVT. HSS BOYS, HARIDARSHAN, LASHKAR",प्रतिभागी,शिक्षक
AL2280,Dharmendra Pandey,Gwalior,MORAR (URBAN-2),"23040507898, GOVT. HSS BOYS, HARIDARSHAN, LASHKAR",प्रतिभागी,शिक्षक
BB3168,Rashmi Sharma,Gwalior,MORAR (URBAN-2),"23040507898, GOVT. HSS BOYS, HARIDARSHAN, LASHKAR",प्रतिभागी,शिक्षक
BS7405,Rajani Dubey,Gwalior,MORAR (URBAN-2),"23040507898, GOVT. HSS BOYS, HARIDARSHAN, LASHKAR",प्रतिभागी,शिक्षक
BU4105,Manju Paliya,Gwalior,MORAR (URBAN-2),"23040507898, GOVT. HSS BOYS, HARIDARSHAN, LASHKAR",प्रतिभागी,शिक्षक
CB3543,RANU JATAV,Gwalior,MORAR (URBAN-2),"23040507898, GOVT. HSS BOYS, HARIDARSHAN, LASHKAR",प्रतिभागी,शिक्षक
BP2060,Rakesh Kumar Chourey,Harda,HARDA,"23360104906, GOVT. HSS ABGAONKALA",प्रतिभागी,शिक्षक
CE3749,BHAWANI SINGH,Harda,HARDA,"23360104906, GOVT. HSS ABGAONKALA",प्रतिभागी,शिक्षक
AL4556,Atar Singh Bhusare,Harda,HARDA,"23360105705, GOVT. HSS KHEDA",प्रतिभागी,शिक्षक
CA8847,SUMNTRA AHIRWAR,Harda,HARDA,"23360105705, GOVT. HSS KHEDA",प्रतिभागी,शिक्षक
AL4328,Narayan Singh Matwa,Harda,HARDA,"23360117209, GOVT. HSS M.G., HARDA",प्रतिभागी,शिक्षक
AL4460,Mukesh Tare,Harda,HARDA,"23360116706, GOVT. HS NP HARDA",प्रतिभागी,शिक्षक
BQ9983,Pratibha Chawda,Harda,HARDA,"23360116706, GOVT. HS NP HARDA",प्रतिभागी,शिक्षक
BV5568,Kala Bisen,Harda,HARDA,"23360116706, GOVT. HS NP HARDA",प्रतिभागी,शिक्षक
AL5931,Hariprasad Mandlekar,Harda,HARDA,"23360111806, GOVT. HSS  MASANGAON",प्रतिभागी,शिक्षक
AL5964,SANDEEP SHAKARGAYE,Harda,HARDA,"23360111806, GOVT. HSS  MASANGAON",प्रतिभागी,शिक्षक
AL4466,Rajesh Kumar Vyas,Harda,HARDA,"23360113707, GOVT. HSS BALAGAON",प्रतिभागी,शिक्षक
AL5633,Mamta Sharma,Harda,HARDA,"23360113707, GOVT. HSS BALAGAON",प्रतिभागी,शिक्षक
AL5092,Sandhya Gour,Harda,HARDA,"23360117410, GOVT. HSS GIRLS, HARDA",प्रतिभागी,शिक्षक
AL5531,Zafar Ali Rizvi,Harda,HARDA,"23360117410, GOVT. HSS GIRLS, HARDA",प्रतिभागी,शिक्षक
AL6042,Veena Choubey,Harda,HARDA,"23360117410, GOVT. HSS GIRLS, HARDA",प्रतिभागी,शिक्षक
BC1084,Raj Kumari Nagle,Harda,HARDA,"23360117410, GOVT. HSS GIRLS, HARDA",प्रतिभागी,शिक्षक
AL4358,Imrat Singh Chouhan,Harda,HARDA,"23360101609, GOVT. HSS HANDIYA",प्रतिभागी,शिक्षक
DB1255,DIVYA  BIHARE,Harda,HARDA,"23360101609, GOVT. HSS HANDIYA",प्रतिभागी,शिक्षक
AO3394,Gaurishankar Hire,Harda,KHIRKIYA,"23360316409, GOVT. HSS GIRLS, KHIRKIYA",प्रतिभागी,शिक्षक
BK1674,Savita Soni,Harda,KHIRKIYA,"23360316409, GOVT. HSS GIRLS, KHIRKIYA",प्रतिभागी,शिक्षक
BQ8366,Sarita Solanki,Harda,KHIRKIYA,"23360316409, GOVT. HSS GIRLS, KHIRKIYA",प्रतिभागी,शिक्षक
BQ8612,Devesh Shukla,Harda,KHIRKIYA,"23360316409, GOVT. HSS GIRLS, KHIRKIYA",प्रतिभागी,शिक्षक
AL5921,Rajesh Kumar Shukla,Harda,KHIRKIYA,"23360301707, GOVT. HSS MANDLA",प्रतिभागी,शिक्षक
AL6041,Manmohan Vishnoi,Harda,KHIRKIYA,"23360301707, GOVT. HSS MANDLA",प्रतिभागी,शिक्षक
BV4430,Rajesh Kumar Bahe,Harda,KHIRKIYA,"23360301707, GOVT. HSS MANDLA",प्रतिभागी,शिक्षक
AL5701,Dayaram Sallam,Harda,KHIRKIYA,"23360304605, GOVT .HSS DEEPGOAN KALAN",प्रतिभागी,शिक्षक
AL4677,Mangesh Kumar Rajvaidya,Harda,KHIRKIYA,"23360305114, GOVT. HSS CHARUWA",प्रतिभागी,शिक्षक
BQ2193,Bhagvat Singh Mohaniya,Harda,KHIRKIYA,"23360305114, GOVT. HSS CHARUWA",प्रतिभागी,शिक्षक
CD4173,YASMEEN ANJUM,Harda,KHIRKIYA,"23360305114, GOVT. HSS CHARUWA",प्रतिभागी,शिक्षक
DB1479,TINKU  GAWLI,Harda,KHIRKIYA,"23360305114, GOVT. HSS CHARUWA",प्रतिभागी,शिक्षक
AL4623,Omprakash Chouhan,Harda,KHIRKIYA,"23360307704, GOVT. HSS MORGADI",प्रतिभागी,सीएसी
AL4694,Devidayal Singore,Harda,KHIRKIYA,"23360307704, GOVT. HSS MORGADI",प्रतिभागी,शिक्षक
AL6237,Teraram Dawar,Harda,KHIRKIYA,"23360307704, GOVT. HSS MORGADI",प्रतिभागी,शिक्षक
BW5703,Kailash Bihare,Harda,KHIRKIYA,"23360307704, GOVT. HSS MORGADI",प्रतिभागी,शिक्षक
CD4163,MAHESH EVANE,Harda,KHIRKIYA,"23360307704, GOVT. HSS MORGADI",प्रतिभागी,शिक्षक
CD4171,MANISHA DHAWARE,Harda,KHIRKIYA,"23360307704, GOVT. HSS MORGADI",प्रतिभागी,शिक्षक
BV4428,Sunil Shende,Harda,KHIRKIYA,"23360309916, GOVT. HSS GIRLS, SIRALI",प्रतिभागी,शिक्षक
AL5686,Shekh Majid Qureshi,Harda,KHIRKIYA,"23360309917, GOVT. HSS BOYS, SIRALI",प्रतिभागी,शिक्षक
AH1530,Govind Singh Uikey,Harda,TIMARNI,"23360206507, GOVT. HSS TEMAGOAN",प्रतिभागी,शिक्षक
BQ1898,Diwanji Dhurve,Harda,TIMARNI,"23360206507, GOVT. HSS TEMAGOAN",प्रतिभागी,सीएसी
CC3283,DEEPIKA EVNEY,Harda,TIMARNI,"23360206507, GOVT. HSS TEMAGOAN",प्रतिभागी,शिक्षक
BQ9429,Kiran Sharma,Harda,TIMARNI,"23360208309, GOVT. HSS SODALPUR",प्रतिभागी,शिक्षक
AO2655,Anita Khatarker,Harda,TIMARNI,"23360210123, GOVT. HSS BOYS, REHATGAON",प्रतिभागी,शिक्षक
CD1587,SANTOSH MARSKOLE,Harda,TIMARNI,"23360210123, GOVT. HSS BOYS, REHATGAON",प्रतिभागी,शिक्षक
CD1590,BABULAL SOLANKI,Harda,TIMARNI,"23360210123, GOVT. HSS BOYS, REHATGAON",प्रतिभागी,शिक्षक
CE3249,ALOK GOUR,Harda,TIMARNI,"23360210123, GOVT. HSS BOYS, REHATGAON",प्रतिभागी,शिक्षक
AL5719,Neeta Chaurey,Harda,TIMARNI,"23360218201, GOVT. HSS GIRLS, TIMARNI",प्रतिभागी,शिक्षक
BR5654,Vinod Kumar Dashore,Harda,TIMARNI,"23360218201, GOVT. HSS GIRLS, TIMARNI",प्रतिभागी,शिक्षक
BT2822,Vijay Bhati,Harda,TIMARNI,"23360217307, GOVT. HSS EXCELLENCE, TIMARNI",प्रतिभागी,शिक्षक
AL4114,Girish Pare,Harda,TIMARNI,"23360204104, GOVT. HSS CHHIPANER",प्रतिभागी,शिक्षक
AL4158,Jitendra Singh Rajput,Harda,TIMARNI,"23360204104, GOVT. HSS CHHIPANER",प्रतिभागी,शिक्षक
AL4164,Bharti Parihar,Harda,TIMARNI,"23360204104, GOVT. HSS CHHIPANER",प्रतिभागी,शिक्षक
AM3610,Vaibhavi Kshire,Indore,DEPALPUR,"23260309508, GOVT HSS DHANNAD",प्रतिभागी,शिक्षक
AM4688,Minakshi Kamble,Indore,DEPALPUR,"23260309508, GOVT HSS DHANNAD",प्रतिभागी,शिक्षक
AM5239,Kartikey Tripathi,Indore,DEPALPUR,"23260309508, GOVT HSS DHANNAD",प्रतिभागी,शिक्षक
AM6166,Rajesh Kumar Rojde,Indore,DEPALPUR,"23260309508, GOVT HSS DHANNAD",प्रतिभागी,शिक्षक
AM6188,Swati Shukla,Indore,DEPALPUR,"23260309508, GOVT HSS DHANNAD",प्रतिभागी,शिक्षक
AM6250,Mamta Bai,Indore,DEPALPUR,"23260309508, GOVT HSS DHANNAD",प्रतिभागी,शिक्षक
BX1768,Shubhangi Shastri,Indore,DEPALPUR,"23260309508, GOVT HSS DHANNAD",प्रतिभागी,शिक्षक
AM3668,Kavita Kumrawat,Indore,DEPALPUR,"23260314219, GOVT HSS BETMA",प्रतिभागी,शिक्षक
AM3818,Jeevan Chouhan,Indore,DEPALPUR,"23260314219, GOVT HSS BETMA",प्रतिभागी,शिक्षक
AM4748,Nutan Sonone,Indore,DEPALPUR,"23260314219, GOVT HSS BETMA",प्रतिभागी,शिक्षक
BT6575,Pramila Akolkar,Indore,DEPALPUR,"23260314219, GOVT HSS BETMA",प्रतिभागी,शिक्षक
BX9345,Garima Barve,Indore,DEPALPUR,"23260314219, GOVT HSS BETMA",प्रतिभागी,शिक्षक
AM3533,Oman Singh Bhinde,Indore,DEPALPUR,"23260314218, GOVT HSS GIRLS BETMA",प्रतिभागी,शिक्षक
AM3613,Parasram Choudhary,Indore,DEPALPUR,"23260314218, GOVT HSS GIRLS BETMA",प्रतिभागी,शिक्षक
AM3805,Radheshyam Jat,Indore,DEPALPUR,"23260314218, GOVT HSS GIRLS BETMA",प्रतिभागी,शिक्षक
AM4472,Shobharam Tadwal,Indore,DEPALPUR,"23260314218, GOVT HSS GIRLS BETMA",प्रतिभागी,शिक्षक
AM6187,Shaligram Rathore,Indore,DEPALPUR,"23260314218, GOVT HSS GIRLS BETMA",प्रतिभागी,शिक्षक
BS1784,Manoj Kumar Jarma,Indore,DEPALPUR,"23260314218, GOVT HSS GIRLS BETMA",प्रतिभागी,शिक्षक
BU5632,Dinesh Chouhan,Indore,DEPALPUR,"23260314218, GOVT HSS GIRLS BETMA",प्रतिभागी,शिक्षक
BY9882,Kapil Nagar,Indore,DEPALPUR,"23260314218, GOVT HSS GIRLS BETMA",प्रतिभागी,शिक्षक
AM4498,Rajesh Chouhan,Indore,DEPALPUR,"23260306139, GOVT HSS EXCELLENCE DEPALPUR",प्रतिभागी,शिक्षक
BT4091,Rajesh Jamra,Indore,DEPALPUR,"23260306139, GOVT HSS EXCELLENCE DEPALPUR",प्रतिभागी,शिक्षक
CB6288,KIRAN CHOUHAN,Indore,DEPALPUR,"23260306139, GOVT HSS EXCELLENCE DEPALPUR",प्रतिभागी,शिक्षक
AM4456,Dilip Chandashri,Indore,DEPALPUR,"23260306140, GOVT HSS GIRLS DEPALPUR",प्रतिभागी,शिक्षक
AM4496,Abha Jain,Indore,DEPALPUR,"23260306140, GOVT HSS GIRLS DEPALPUR",प्रतिभागी,शिक्षक
AM4864,Sandhya Tiwari,Indore,DEPALPUR,"23260306140, GOVT HSS GIRLS DEPALPUR",प्रतिभागी,शिक्षक
AM5200,Prembai Tadwal,Indore,DEPALPUR,"23260306140, GOVT HSS GIRLS DEPALPUR",प्रतिभागी,शिक्षक
AM4921,Kailash Rathore,Indore,DEPALPUR,"23260311011, GOVT HSS ATAHEDA",प्रतिभागी,शिक्षक
AM4954,Prabhu Lal Chouhan,Indore,DEPALPUR,"23260311011, GOVT HSS ATAHEDA",प्रतिभागी,शिक्षक
AM4960,Mukesh Patel,Indore,DEPALPUR,"23260311011, GOVT HSS ATAHEDA",प्रतिभागी,शिक्षक
AM9702,Balmukund Bisee,Indore,DEPALPUR,"23260311011, GOVT HSS ATAHEDA",प्रतिभागी,शिक्षक
AM4651,Ghanshyam Chouhan,Indore,DEPALPUR,"23260319817, GOVT HSS GIRLS GOUTAMPURA",प्रतिभागी,शिक्षक
AM5335,Chintaman Sharma,Indore,DEPALPUR,"23260319817, GOVT HSS GIRLS GOUTAMPURA",प्रतिभागी,शिक्षक
AM5178,Rameshwar Parmar,Indore,DEPALPUR,"23260319816, GOVT HSS BOYS GOUTAMPURA",प्रतिभागी,शिक्षक
AM5180,Jayram Rathor,Indore,DEPALPUR,"23260319816, GOVT HSS BOYS GOUTAMPURA",प्रतिभागी,शिक्षक
AM5218,Sangeeta Soni,Indore,DEPALPUR,"23260319816, GOVT HSS BOYS GOUTAMPURA",प्रतिभागी,शिक्षक
AM5321,Tolaram Yadav,Indore,DEPALPUR,"23260319816, GOVT HSS BOYS GOUTAMPURA",प्रतिभागी,शिक्षक
AM5368,Ravindra Kumar Sharma,Indore,DEPALPUR,"23260319816, GOVT HSS BOYS GOUTAMPURA",प्रतिभागी,शिक्षक
BN3558,Archana Verma,Indore,DEPALPUR,"23260319816, GOVT HSS BOYS GOUTAMPURA",प्रतिभागी,शिक्षक
BQ3524,Ritesh Kumar Solanki,Indore,DEPALPUR,"23260319816, GOVT HSS BOYS GOUTAMPURA",प्रतिभागी,शिक्षक
AM5185,Ashish Singh Rao,Indore,DEPALPUR,"23260310109, GOVT HSS GIROTA",प्रतिभागी,शिक्षक
AM5252,Mukeshkumar Choudhary,Indore,DEPALPUR,"23260310109, GOVT HSS GIROTA",प्रतिभागी,शिक्षक
AM5309,Khemchand Amliyar,Indore,DEPALPUR,"23260310109, GOVT HSS GIROTA",प्रतिभागी,शिक्षक
AM6310,Sarita Kashyap,Indore,INDORE (URBAN-1),"23260105733, GOVT HSS GIRLS BIJALPUR",प्रतिभागी,शिक्षक
BV5591,Neeti Hardia,Indore,INDORE (URBAN-1),"23260105733, GOVT HSS GIRLS BIJALPUR",प्रतिभागी,शिक्षक
BY1207,Sarika Dubey,Indore,INDORE (URBAN-1),"23260105733, GOVT HSS GIRLS BIJALPUR",प्रतिभागी,शिक्षक
AI7795,Atul Mishra,Indore,INDORE (URBAN-1),"23260105617, GOVT HSS GIRLS MALAV MOTITABELA",प्रतिभागी,शिक्षक
AM4362,Ramesh Patidar,Indore,INDORE (URBAN-1),"23260105617, GOVT HSS GIRLS MALAV MOTITABELA",प्रतिभागी,शिक्षक
AM5413,Navratanmal Jain,Indore,INDORE (URBAN-1),"23260105617, GOVT HSS GIRLS MALAV MOTITABELA",प्रतिभागी,शिक्षक
AM9427,Bhavna Bargal,Indore,INDORE (URBAN-1),"23260105617, GOVT HSS GIRLS MALAV MOTITABELA",प्रतिभागी,शिक्षक
BH3623,Jyoti Mehra,Indore,INDORE (URBAN-1),"23260105617, GOVT HSS GIRLS MALAV MOTITABELA",प्रतिभागी,शिक्षक
CD6832,LAJJA SHUKLA,Indore,INDORE (URBAN-1),"23260105617, GOVT HSS GIRLS MALAV MOTITABELA",प्रतिभागी,शिक्षक
AL7104,Arti Jaknore,Indore,INDORE (URBAN-1),"23260101825, GOVT HSS GIRLS SHARDA",प्रतिभागी,शिक्षक
AM8268,Rakhee Tawar,Indore,INDORE (URBAN-1),"23260101825, GOVT HSS GIRLS SHARDA",प्रतिभागी,शिक्षक
AN2239,Kanaklata Verma,Indore,INDORE (URBAN-1),"23260101825, GOVT HSS GIRLS SHARDA",प्रतिभागी,शिक्षक
BN7771,Harsha Bharti,Indore,INDORE (URBAN-1),"23260101825, GOVT HSS GIRLS SHARDA",प्रतिभागी,शिक्षक
BP9172,Sangeeta Ambhore,Indore,INDORE (URBAN-1),"23260101825, GOVT HSS GIRLS SHARDA",प्रतिभागी,शिक्षक
CB9026,PRATIMA SAKWAR,Indore,INDORE (URBAN-1),"23260101825, GOVT HSS GIRLS SHARDA",प्रतिभागी,शिक्षक
CC3212,MAHENDRA DODWA,Indore,INDORE (URBAN-1),"23260101825, GOVT HSS GIRLS SHARDA",प्रतिभागी,शिक्षक
AF4933,Vaishali Atre,Indore,INDORE (URBAN-1),"23260103010, GOVT HSS GIRLS KASTURBA SHUBHAS",प्रतिभागी,शिक्षक
BP9192,Sajid Baig Mughal,Indore,INDORE (URBAN-1),"23260103010, GOVT HSS GIRLS KASTURBA SHUBHAS",प्रतिभागी,शिक्षक
BQ1065,Sakharam Prasad,Indore,INDORE (URBAN-1),"23260103010, GOVT HSS GIRLS KASTURBA SHUBHAS",प्रतिभागी,शिक्षक
BQ8002,Sangeeta Gupta,Indore,INDORE (URBAN-1),"23260103010, GOVT HSS GIRLS KASTURBA SHUBHAS",प्रतिभागी,शिक्षक
BW3227,Pratima Tomar,Indore,INDORE (URBAN-1),"23260103010, GOVT HSS GIRLS KASTURBA SHUBHAS",प्रतिभागी,शिक्षक
AM9698,Shobharam Baghel,Indore,INDORE (URBAN-1),"23260106320, GOVT HSS NO 1 SANYOGITA GANJ",प्रतिभागी,शिक्षक
BU2220,Farhat Kausar,Indore,INDORE (URBAN-1),"23260106320, GOVT HSS NO 1 SANYOGITA GANJ",प्रतिभागी,शिक्षक
BY8746,Neetu Joshi,Indore,INDORE (URBAN-1),"23260106320, GOVT HSS NO 1 SANYOGITA GANJ",प्रतिभागी,शिक्षक
CC9319,DEEPALI KAPOOR,Indore,INDORE (URBAN-1),"23260106320, GOVT HSS NO 1 SANYOGITA GANJ",प्रतिभागी,शिक्षक
CD5797,DEEPIKA JHILAVE,Indore,INDORE (URBAN-1),"23260106320, GOVT HSS NO 1 SANYOGITA GANJ",प्रतिभागी,शिक्षक
AL4561,Kalpana Joshi,Indore,INDORE (URBAN-2),"23260101433, GOVT HSS MAHARAJA SHIVAJIRAO CHIMANBAGH",प्रतिभागी,शिक्षक
AM5020,Nazima Parveen,Indore,INDORE (URBAN-2),"23260101433, GOVT HSS MAHARAJA SHIVAJIRAO CHIMANBAGH",प्रतिभागी,शिक्षक
AM6217,Inder Singh Nagar,Indore,INDORE (URBAN-2),"23260101433, GOVT HSS MAHARAJA SHIVAJIRAO CHIMANBAGH",प्रतिभागी,शिक्षक
AM8368,ZAHIRUDDIN QURESHI,Indore,INDORE (URBAN-2),"23260101433, GOVT HSS MAHARAJA SHIVAJIRAO CHIMANBAGH",प्रतिभागी,शिक्षक
AM9868,Prem Singh Anare,Indore,INDORE (URBAN-2),"23260101433, GOVT HSS MAHARAJA SHIVAJIRAO CHIMANBAGH",प्रतिभागी,शिक्षक
AN1864,Rachna Patidar,Indore,INDORE (URBAN-2),"23260101433, GOVT HSS MAHARAJA SHIVAJIRAO CHIMANBAGH",प्रतिभागी,शिक्षक
AZ7798,Mohammed Ishak Qureshi,Indore,INDORE (URBAN-2),"23260101433, GOVT HSS MAHARAJA SHIVAJIRAO CHIMANBAGH",प्रतिभागी,शिक्षक
BE1049,Laxmi Shinde,Indore,INDORE (URBAN-2),"23260101433, GOVT HSS MAHARAJA SHIVAJIRAO CHIMANBAGH",प्रतिभागी,शिक्षक
CC8620,NILIMA SARATHE,Indore,INDORE (URBAN-2),"23260101433, GOVT HSS MAHARAJA SHIVAJIRAO CHIMANBAGH",प्रतिभागी,शिक्षक
BB1013,Mradula Pathak,Indore,INDORE (URBAN-2),"23260100579, GOVT HSS BANGANGA",प्रतिभागी,शिक्षक
AN1320,Aradhna Upadhyay,Indore,INDORE (URBAN-2),"23260101350, GOVT HSS GIRLS NEHRU NAGAR",प्रतिभागी,शिक्षक
AN2357,Hemlata Lodwal,Indore,INDORE (URBAN-2),"23260101350, GOVT HSS GIRLS NEHRU NAGAR",प्रतिभागी,शिक्षक
AU8066,Sapna Soni,Indore,INDORE (URBAN-2),"23260101350, GOVT HSS GIRLS NEHRU NAGAR",प्रतिभागी,शिक्षक
BZ3761,Anita Kalbhor,Indore,INDORE (URBAN-2),"23260101350, GOVT HSS GIRLS NEHRU NAGAR",प्रतिभागी,शिक्षक
AA3717,Seema Bhatnagar,Indore,INDORE (URBAN-2),"23260101046, GOVT HSS VIJAY NAGAR",प्रतिभागी,शिक्षक
AM6321,Rajesh Tatwade,Indore,INDORE (URBAN-2),"23260101046, GOVT HSS VIJAY NAGAR",प्रतिभागी,शिक्षक
AM8067,Rana Anjum Khan,Indore,INDORE (URBAN-2),"23260101046, GOVT HSS VIJAY NAGAR",प्रतिभागी,शिक्षक
AM8216,Nilopher Khan,Indore,INDORE (URBAN-2),"23260101046, GOVT HSS VIJAY NAGAR",प्रतिभागी,शिक्षक
AN1153,Sangeeta Sharma,Indore,INDORE (URBAN-2),"23260101046, GOVT HSS VIJAY NAGAR",प्रतिभागी,शिक्षक
AZ7777,Vandana Songara,Indore,INDORE (URBAN-2),"23260101046, GOVT HSS VIJAY NAGAR",प्रतिभागी,शिक्षक
BQ4392,Kavita Sharma,Indore,INDORE (URBAN-2),"23260101046, GOVT HSS VIJAY NAGAR",प्रतिभागी,शिक्षक
BU3840,Savita Neekhar,Indore,INDORE (URBAN-2),"23260101046, GOVT HSS VIJAY NAGAR",प्रतिभागी,शिक्षक
AM7266,Shanti Mishra,Indore,INDORE (URBAN-2),"23260101351, GOVT HSS NANDA NAGAR",प्रतिभागी,शिक्षक
BO7107,Alka Namdev,Indore,INDORE (URBAN-2),"23260101351, GOVT HSS NANDA NAGAR",प्रतिभागी,शिक्षक
CB8783,PRIYA AGRAWAL,Indore,INDORE (URBAN-2),"23260101351, GOVT HSS NANDA NAGAR",प्रतिभागी,शिक्षक
AM5755,Rakesh Gehlod,Indore,INDORE RURAL,"23260501709, GOVT HSS BHICHOLI MARDANA",प्रतिभागी,शिक्षक
AO2602,Girish Shukla,Indore,INDORE RURAL,"23260501709, GOVT HSS BHICHOLI MARDANA",प्रतिभागी,शिक्षक
AT8073,Ratna Sharma,Indore,INDORE RURAL,"23260501709, GOVT HSS BHICHOLI MARDANA",प्रतिभागी,शिक्षक
BF3165,Srasthi Sharma,Indore,INDORE RURAL,"23260501709, GOVT HSS BHICHOLI MARDANA",प्रतिभागी,शिक्षक
CC1046,ASTHA KHARE,Indore,INDORE RURAL,"23260501709, GOVT HSS BHICHOLI MARDANA",प्रतिभागी,शिक्षक
AK5003,Surekha Gurav,Indore,INDORE RURAL,"23260513709, GOVT HS JAWAHAR TEKRI",प्रतिभागी,शिक्षक
AM8255,Preeti Pathak,Indore,INDORE RURAL,"23260513709, GOVT HS JAWAHAR TEKRI",प्रतिभागी,शिक्षक
AM9114,Rashmi Bajpai,Indore,INDORE RURAL,"23260513709, GOVT HS JAWAHAR TEKRI",प्रतिभागी,शिक्षक
AM9116,Kamini Bhatkaria,Indore,INDORE RURAL,"23260513709, GOVT HS JAWAHAR TEKRI",प्रतिभागी,शिक्षक
AM9119,Savita Chouhan,Indore,INDORE RURAL,"23260513709, GOVT HS JAWAHAR TEKRI",प्रतिभागी,शिक्षक
AO2826,Ritu Pathak,Indore,INDORE RURAL,"23260513709, GOVT HS JAWAHAR TEKRI",प्रतिभागी,शिक्षक
AM8307,Subhash Chandra Choudhary,Indore,INDORE RURAL,"23260509014, GOVT HSS SEONI",प्रतिभागी,शिक्षक
AM3544,Shachi Dixit,Indore,INDORE RURAL,"23260501116, GOVT HSS GANDHINAGAR",प्रतिभागी,शिक्षक
AM4786,Karan Singh Alawa,Indore,INDORE RURAL,"23260501116, GOVT HSS GANDHINAGAR",प्रतिभागी,शिक्षक
AM7556,Archana Daftari,Indore,INDORE RURAL,"23260501116, GOVT HSS GANDHINAGAR",प्रतिभागी,शिक्षक
AM7563,Anita Porwal,Indore,INDORE RURAL,"23260501116, GOVT HSS GANDHINAGAR",प्रतिभागी,शिक्षक
BA5835,Anuradhana Bajpai,Indore,INDORE RURAL,"23260501116, GOVT HSS GANDHINAGAR",प्रतिभागी,शिक्षक
BH3187,SEEMA JONWAL,Indore,INDORE RURAL,"23260501116, GOVT HSS GANDHINAGAR",प्रतिभागी,शिक्षक
BK1291,Dinesh Parmar,Indore,INDORE RURAL,"23260501116, GOVT HSS GANDHINAGAR",प्रतिभागी,शिक्षक
BR3649,Neetu Sahu,Indore,INDORE RURAL,"23260501116, GOVT HSS GANDHINAGAR",प्रतिभागी,शिक्षक
BV5265,Rashmi Chaurasia,Indore,INDORE RURAL,"23260501116, GOVT HSS GANDHINAGAR",प्रतिभागी,शिक्षक
AL5823,Aradhana Mourya,Indore,INDORE RURAL,"23260511609, GOVT HSS HATOD",प्रतिभागी,शिक्षक
AM4776,Trilok Singh Raghuvanshi,Indore,INDORE RURAL,"23260511609, GOVT HSS HATOD",प्रतिभागी,शिक्षक
AM5617,SHILPA SAHU,Indore,INDORE RURAL,"23260511609, GOVT HSS HATOD",प्रतिभागी,शिक्षक
AM5622,Sandhya Singh,Indore,INDORE RURAL,"23260511609, GOVT HSS HATOD",प्रतिभागी,शिक्षक
AM5567,Rekha Solanki,Indore,INDORE RURAL,"23260511404, GOVT HSS KHUDEL BUJURG",प्रतिभागी,शिक्षक
AM8272,Gilendra Verma,Indore,INDORE RURAL,"23260511404, GOVT HSS KHUDEL BUJURG",प्रतिभागी,शिक्षक
AM8372,Archana Yadav,Indore,INDORE RURAL,"23260511404, GOVT HSS KHUDEL BUJURG",प्रतिभागी,शिक्षक
AM8384,Jeevan Singh Vishwakarma,Indore,INDORE RURAL,"23260511404, GOVT HSS KHUDEL BUJURG",प्रतिभागी,शिक्षक
AM8386,Uma Naik,Indore,INDORE RURAL,"23260511404, GOVT HSS KHUDEL BUJURG",प्रतिभागी,शिक्षक
AM8405,Rajesh Chauhan,Indore,INDORE RURAL,"23260511404, GOVT HSS KHUDEL BUJURG",प्रतिभागी,शिक्षक
AM8453,Bane Singh Solanki,Indore,INDORE RURAL,"23260511404, GOVT HSS KHUDEL BUJURG",प्रतिभागी,शिक्षक
BG9998,Rekha Foolmali,Indore,INDORE RURAL,"23260511404, GOVT HSS KHUDEL BUJURG",प्रतिभागी,शिक्षक
BP8019,Kailash Bhure,Indore,INDORE RURAL,"23260511404, GOVT HSS KHUDEL BUJURG",प्रतिभागी,शिक्षक
BT3974,Bhavna Parwal,Indore,INDORE RURAL,"23260511404, GOVT HSS KHUDEL BUJURG",प्रतिभागी,शिक्षक
BV6974,Vijaya Bhakte,Indore,INDORE RURAL,"23260511404, GOVT HSS KHUDEL BUJURG",प्रतिभागी,शिक्षक
CB1918,SUMITRA RATHOR,Indore,INDORE RURAL,"23260511404, GOVT HSS KHUDEL BUJURG",प्रतिभागी,शिक्षक
CD3198,KIRAN PRADHAN,Indore,INDORE RURAL,"23260511404, GOVT HSS KHUDEL BUJURG",प्रतिभागी,शिक्षक
CD6806,PALLVI TIWARI,Indore,INDORE RURAL,"23260511404, GOVT HSS KHUDEL BUJURG",प्रतिभागी,शिक्षक
AM8291,Sonu Hansari,Indore,INDORE RURAL,"23260510607, GOVT HSS KANADIYA",प्रतिभागी,शिक्षक
AN2341,Vandana Dubey,Indore,INDORE RURAL,"23260510607, GOVT HSS KANADIYA",प्रतिभागी,शिक्षक
AY5796,Karuna Kureriha,Indore,INDORE RURAL,"23260510607, GOVT HSS KANADIYA",प्रतिभागी,शिक्षक
BE2989,Aasha Anderia,Indore,INDORE RURAL,"23260510607, GOVT HSS KANADIYA",प्रतिभागी,शिक्षक
BQ4051,Jyoti Verma,Indore,INDORE RURAL,"23260510607, GOVT HSS KANADIYA",प्रतिभागी,शिक्षक
BW8736,Pushplata Jain,Indore,INDORE RURAL,"23260510607, GOVT HSS KANADIYA",प्रतिभागी,शिक्षक
AM8433,Dropadi Ausaree,Indore,INDORE RURAL,"23260510514, GOVT HSS BOYS KAMPEL",प्रतिभागी,शिक्षक
AM8500,Dinesh Shailiwal,Indore,INDORE RURAL,"23260510514, GOVT HSS BOYS KAMPEL",प्रतिभागी,शिक्षक
BE4888,Namrata Pandey,Indore,INDORE RURAL,"23260510514, GOVT HSS BOYS KAMPEL",प्रतिभागी,शिक्षक
BT4136,Jagan Singh Chouhan,Indore,INDORE RURAL,"23260510514, GOVT HSS BOYS KAMPEL",प्रतिभागी,शिक्षक
CD4081,PRIYANKA JAIN,Indore,INDORE RURAL,"23260510514, GOVT HSS BOYS KAMPEL",प्रतिभागी,शिक्षक
AN1322,Ritu Sharma,Indore,INDORE RURAL,"23260507503, GOVT HSS RALAMANDAL",प्रतिभागी,शिक्षक
BV9012,Sheetal Pare,Indore,INDORE RURAL,"23260507503, GOVT HSS RALAMANDAL",प्रतिभागी,शिक्षक
CB5972,AMRISH SINGH,Indore,INDORE RURAL,"23260507503, GOVT HSS RALAMANDAL",प्रतिभागी,शिक्षक
AM3297,Kanchan Vinchurkar,Indore,INDORE RURAL,"23260514304, GOVT HSS GIRLS RAU",प्रतिभागी,शिक्षक
AM8461,Deepa Choure,Indore,INDORE RURAL,"23260514304, GOVT HSS GIRLS RAU",प्रतिभागी,शिक्षक
AN1399,Anita Patidar,Indore,INDORE RURAL,"23260514304, GOVT HSS GIRLS RAU",प्रतिभागी,शिक्षक
BF6125,RASHMI TAMRAKAR,Indore,INDORE RURAL,"23260514304, GOVT HSS GIRLS RAU",प्रतिभागी,शिक्षक
BN4753,Asha Shinde,Indore,INDORE RURAL,"23260514304, GOVT HSS GIRLS RAU",प्रतिभागी,शिक्षक
BQ1012,Rekha Sharma,Indore,INDORE RURAL,"23260514304, GOVT HSS GIRLS RAU",प्रतिभागी,शिक्षक
BT3998,Vandana Shukla,Indore,INDORE RURAL,"23260514304, GOVT HSS GIRLS RAU",प्रतिभागी,सीएसी
AM3471,Dinesh Yadav,Indore,MHOW,"23260203206, GOVT HSS BADGONDA",प्रतिभागी,शिक्षक
AM3490,Sunil Verma,Indore,MHOW,"23260203206, GOVT HSS BADGONDA",प्रतिभागी,शिक्षक
AM3492,Babulal Chouhan,Indore,MHOW,"23260203206, GOVT HSS BADGONDA",प्रतिभागी,शिक्षक
AM6126,Ajay Kumar Kadam,Indore,MHOW,"23260203206, GOVT HSS BADGONDA",प्रतिभागी,शिक्षक
AN1534,Balram Koushal,Indore,MHOW,"23260203206, GOVT HSS BADGONDA",प्रतिभागी,शिक्षक
AO3391,Kamlesh Kumar Tiwari,Indore,MHOW,"23260203206, GOVT HSS BADGONDA",प्रतिभागी,शिक्षक
AN1716,Manish Pathak,Indore,MHOW,"23260213104, GOVT HS KHURDI",प्रतिभागी,शिक्षक
AK5879,Shobhana Gupta,Indore,MHOW,"23260201208, GOVT HSS PIGDAMBAR",प्रतिभागी,शिक्षक
AM6421,Sarmma Abraham,Indore,MHOW,"23260201208, GOVT HSS PIGDAMBAR",प्रतिभागी,शिक्षक
AM8869,Sumanlata Yadav,Indore,MHOW,"23260201208, GOVT HSS PIGDAMBAR",प्रतिभागी,शिक्षक
AM8910,Anjali Sharma,Indore,MHOW,"23260201208, GOVT HSS PIGDAMBAR",प्रतिभागी,शिक्षक
AN1211,Bhay Singh Solanki,Indore,MHOW,"23260201208, GOVT HSS PIGDAMBAR",प्रतिभागी,शिक्षक
AM7399,Sandeep Rao,Indore,MHOW,"23260213826, GOVT HSS EXCELLENCE MHOW",प्रतिभागी,शिक्षक
AN1529,Rajani Sakrawat,Indore,MHOW,"23260213826, GOVT HSS EXCELLENCE MHOW",प्रतिभागी,शिक्षक
BV8404,Namrata Sharma,Indore,MHOW,"23260213826, GOVT HSS EXCELLENCE MHOW",प्रतिभागी,शिक्षक
AM7400,Anil Kumar Barod,Indore,MHOW,"23260207515, GOVT HSS KODARIYA",प्रतिभागी,शिक्षक
BY6868,Arati Dongre,Indore,MHOW,"23260207515, GOVT HSS KODARIYA",प्रतिभागी,शिक्षक
AM5454,Mahesh Kumar Mittal,Indore,MHOW,"23260215812, GOVT HSS HASALPUR",प्रतिभागी,शिक्षक
AN1585,Kailash Chandra Choudhary,Indore,MHOW,"23260215812, GOVT HSS HASALPUR",प्रतिभागी,शिक्षक
BT8265,Santosh Mandloi,Indore,MHOW,"23260215812, GOVT HSS HASALPUR",प्रतिभागी,शिक्षक
CB2364,SHRADDHA PANWAR,Indore,MHOW,"23260215812, GOVT HSS HASALPUR",प्रतिभागी,शिक्षक
AM7049,Narayan Dutt,Indore,MHOW,"23260209015, GOVT HSS MANPUR",प्रतिभागी,शिक्षक
AM7181,Shivnarayan Mendha,Indore,MHOW,"23260209015, GOVT HSS MANPUR",प्रतिभागी,शिक्षक
BX1636,Deepti Joshi,Indore,MHOW,"23260209015, GOVT HSS MANPUR",प्रतिभागी,शिक्षक
AM3978,Sangram Singh,Indore,MHOW,"23260213905, GOVT HSS CHORAL",प्रतिभागी,शिक्षक
AM3979,Sanjay Dodave,Indore,MHOW,"23260213905, GOVT HSS CHORAL",प्रतिभागी,शिक्षक
AJ5622,Sheetal Baleshwar,Indore,MHOW,"23260211617, GOVT HSS SIMROL",प्रतिभागी,शिक्षक
AM4367,Udayram Chouhan,Indore,MHOW,"23260211617, GOVT HSS SIMROL",प्रतिभागी,शिक्षक
AM4371,Asha Kapoor,Indore,MHOW,"23260211617, GOVT HSS SIMROL",प्रतिभागी,शिक्षक
AM4376,Radhesyam Patel,Indore,MHOW,"23260211617, GOVT HSS SIMROL",प्रतिभागी,शिक्षक
AN1330,Seema Nigam,Indore,MHOW,"23260211617, GOVT HSS SIMROL",प्रतिभागी,शिक्षक
AN1572,Mohanlal Verma,Indore,MHOW,"23260211617, GOVT HSS SIMROL",प्रतिभागी,शिक्षक
AN1789,Neeta Verma,Indore,MHOW,"23260211617, GOVT HSS SIMROL",प्रतिभागी,शिक्षक
BZ5571,Manju Malviy,Indore,MHOW,"23260211617, GOVT HSS SIMROL",प्रतिभागी,शिक्षक
AM3853,Rajesh Solanki,Indore,MHOW,"23260202512, GOVT HSS HARSOLA",प्रतिभागी,शिक्षक
AN1959,Qamar Sultana Khan,Indore,MHOW,"23260202512, GOVT HSS HARSOLA",प्रतिभागी,शिक्षक
BS1979,Umesh Kumar Sharma,Indore,MHOW,"23260202512, GOVT HSS HARSOLA",प्रतिभागी,शिक्षक
AM6141,Subhash Patidar,Indore,MHOW,"23260205209, GOVT HSS JAMLI",प्रतिभागी,शिक्षक
BQ3858,Reeti Rani Kashyap,Indore,MHOW,"23260205209, GOVT HSS JAMLI",प्रतिभागी,शिक्षक
BW3093,Suchita Kale,Indore,MHOW,"23260205209, GOVT HSS JAMLI",प्रतिभागी,शिक्षक
AM5817,Fooljems Ekka,Indore,SANWER,"23260405405, GOVT HS BAROLI",प्रतिभागी,शिक्षक
BA5002,Sangeeta Batra,Indore,SANWER,"23260405405, GOVT HS BAROLI",प्रतिभागी,शिक्षक
BT3737,ASHA SANKLA,Indore,SANWER,"23260405405, GOVT HS BAROLI",प्रतिभागी,शिक्षक
BZ5478,Bhagvan Singh Boyal,Indore,SANWER,"23260405405, GOVT HS BAROLI",प्रतिभागी,शिक्षक
AM5709,Deepti Dubey,Indore,SANWER,"23260400811, GOVT HSS PALIYA",प्रतिभागी,शिक्षक
AM5771,Bhupendra Khairnar,Indore,SANWER,"23260400811, GOVT HSS PALIYA",प्रतिभागी,शिक्षक
AM9470,Tilok Chouhan,Indore,SANWER,"23260413006, GOVT HSS GIRLS SANWER",प्रतिभागी,शिक्षक
AM9472,Nisha Yadav,Indore,SANWER,"23260413006, GOVT HSS GIRLS SANWER",प्रतिभागी,शिक्षक
AN1024,Jyoti Khare,Indore,SANWER,"23260413006, GOVT HSS GIRLS SANWER",प्रतिभागी,शिक्षक
BX1354,Dashrath Jaiswal,Indore,SANWER,"23260413006, GOVT HSS GIRLS SANWER",प्रतिभागी,शिक्षक
AM4978,Mahesh Chouhan,Indore,SANWER,"23260402511, GOVT HSS AJNOD",प्रतिभागी,सीएसी
AM9639,Dasharath Rathore,Indore,SANWER,"23260402511, GOVT HSS AJNOD",प्रतिभागी,शिक्षक
AM4231,Sima Thakur,Indore,SANWER,"23260411812, GOVT HSS DAKACHYA",प्रतिभागी,शिक्षक
AM4297,Madanlal Patel,Indore,SANWER,"23260411812, GOVT HSS DAKACHYA",प्रतिभागी,शिक्षक
AM4311,Manohar Lal Patel,Indore,SANWER,"23260411812, GOVT HSS DAKACHYA",प्रतिभागी,शिक्षक
AM4320,Mona Bhawasar,Indore,SANWER,"23260411812, GOVT HSS DAKACHYA",प्रतिभागी,शिक्षक
BU6837,Usha Karare,Indore,SANWER,"23260411812, GOVT HSS DAKACHYA",प्रतिभागी,शिक्षक
AM5673,Vijay Laxmi Verma,Indore,SANWER,"23260416107, GOVT HS DHARAMPURI",प्रतिभागी,शिक्षक
AM5686,Vishnu Soni,Indore,SANWER,"23260416107, GOVT HS DHARAMPURI",प्रतिभागी,शिक्षक
AM9683,Rajendra Dethaliya,Indore,SANWER,"23260416107, GOVT HS DHARAMPURI",प्रतिभागी,शिक्षक
AM9908,Jagdish Sankala,Indore,SANWER,"23260416107, GOVT HS DHARAMPURI",प्रतिभागी,शिक्षक
BQ8692,Avinash Saini,Indore,SANWER,"23260416107, GOVT HS DHARAMPURI",प्रतिभागी,शिक्षक
AM3852,Nilesh Choudhary,Indore,SANWER,"23260415413, GOVT HSS CHANDRAWATIGANJ",प्रतिभागी,शिक्षक
AH6105,Sita Soni,Indore,SANWER,"23260409823, GOVT HSS MANGLIYA",प्रतिभागी,शिक्षक
AM6984,Rashmi Budgaya,Indore,SANWER,"23260409823, GOVT HSS MANGLIYA",प्रतिभागी,शिक्षक
AM7007,Anil Mathur,Indore,SANWER,"23260409823, GOVT HSS MANGLIYA",प्रतिभागी,शिक्षक
AN2035,Madhavi Dighe,Indore,SANWER,"23260409823, GOVT HSS MANGLIYA",प्रतिभागी,शिक्षक
BA3114,shailesh vyas,Indore,SANWER,"23260409823, GOVT HSS MANGLIYA",प्रतिभागी,शिक्षक
BF4281,Rani Chidar,Indore,SANWER,"23260409823, GOVT HSS MANGLIYA",प्रतिभागी,शिक्षक
AB9433,Tripti Saxena,Jabalpur,JABALPUR (RURAL),"23390117108, GOVT. HS BOYS, SUKRI",प्रतिभागी,शिक्षक
AB9450,Santosh Kumar Singour,Jabalpur,JABALPUR (RURAL),"23390117108, GOVT. HS BOYS, SUKRI",प्रतिभागी,शिक्षक
AB9739,Jamna Bai Rajput,Jabalpur,JABALPUR (RURAL),"23390117108, GOVT. HS BOYS, SUKRI",प्रतिभागी,शिक्षक
AJ8026,Archana Prajapati,Jabalpur,JABALPUR (RURAL),"23390117108, GOVT. HS BOYS, SUKRI",प्रतिभागी,शिक्षक
BT7189,Parmanand Sallam,Jabalpur,JABALPUR (RURAL),"23390117108, GOVT. HS BOYS, SUKRI",प्रतिभागी,शिक्षक
AB9253,Sarita Dhurbey,Jabalpur,JABALPUR (RURAL),"23390117109, GOVT. HSS GIRLS, SUKRI",प्रतिभागी,शिक्षक
AB9730,Ravi Shankar Kewat,Jabalpur,JABALPUR (RURAL),"23390117109, GOVT. HSS GIRLS, SUKRI",प्रतिभागी,शिक्षक
AZ1059,Bhagirath Paraste,Jabalpur,JABALPUR (RURAL),"23390117109, GOVT. HSS GIRLS, SUKRI",प्रतिभागी,शिक्षक
BQ5909,Amita Jain,Jabalpur,JABALPUR (RURAL),"23390117109, GOVT. HSS GIRLS, SUKRI",प्रतिभागी,शिक्षक
7509443030,Damodar  Tiwari ,Jabalpur,JABALPUR (RURAL),"23390114321, GOVT. HSS BOYS, BARGI",प्रतिभागी,शिक्षक
8349274976,Arjun  Yadav ,Jabalpur,JABALPUR (RURAL),"23390114321, GOVT. HSS BOYS, BARGI",प्रतिभागी,शिक्षक
9098471260,Dharmendra Kumar   ,Jabalpur,JABALPUR (RURAL),"23390114321, GOVT. HSS BOYS, BARGI",प्रतिभागी,शिक्षक
AB5458,Sumita Inglay,Jabalpur,JABALPUR (RURAL),"23390114321, GOVT. HSS BOYS, BARGI",प्रतिभागी,शिक्षक
AB8497,Manoj Kumar Sahu,Jabalpur,JABALPUR (RURAL),"23390114321, GOVT. HSS BOYS, BARGI",प्रतिभागी,शिक्षक
AB9426,Jyoti Kori,Jabalpur,JABALPUR (RURAL),"23390114321, GOVT. HSS BOYS, BARGI",प्रतिभागी,शिक्षक
BT5954,Hemlata Usereth,Jabalpur,JABALPUR (RURAL),"23390114321, GOVT. HSS BOYS, BARGI",प्रतिभागी,शिक्षक
BT8716,Basori Lal Chouksey,Jabalpur,JABALPUR (RURAL),"23390114321, GOVT. HSS BOYS, BARGI",प्रतिभागी,शिक्षक
BU1758,Roopa Masram,Jabalpur,JABALPUR (RURAL),"23390114321, GOVT. HSS BOYS, BARGI",प्रतिभागी,शिक्षक
BV9911,Jitendra KUMAR CHOUHAN,Jabalpur,JABALPUR (RURAL),"23390114321, GOVT. HSS BOYS, BARGI",प्रतिभागी,शिक्षक
BW5602,Anita Jain,Jabalpur,JABALPUR (RURAL),"23390114321, GOVT. HSS BOYS, BARGI",प्रतिभागी,शिक्षक
AB8648,Akhilesh Singh Rajpoot,Jabalpur,JABALPUR (RURAL),"23390100308, GOVT. HSS TEWAR",प्रतिभागी,शिक्षक
AB9223,Manish Verma,Jabalpur,JABALPUR (RURAL),"23390100308, GOVT. HSS TEWAR",प्रतिभागी,शिक्षक
AX6489,Anjana Singh Rajpoot,Jabalpur,JABALPUR (RURAL),"23390100308, GOVT. HSS TEWAR",प्रतिभागी,शिक्षक
AY7177,Geeta Vishwakarm,Jabalpur,JABALPUR (RURAL),"23390100308, GOVT. HSS TEWAR",प्रतिभागी,शिक्षक
CB5052,DEEPIKA CHOUBEY,Jabalpur,JABALPUR (RURAL),"23390100308, GOVT. HSS TEWAR",प्रतिभागी,शिक्षक
CD1214,RASHMI GAUTAM,Jabalpur,JABALPUR (RURAL),"23390100308, GOVT. HSS TEWAR",प्रतिभागी,शिक्षक
AB6187,Umesh Kumar Suman,Jabalpur,JABALPUR (RURAL),"23390113309, GOVT. HSS SALIWADA",प्रतिभागी,शिक्षक
AB6348,Rakesh Kumar Upadhyay,Jabalpur,JABALPUR (RURAL),"23390113309, GOVT. HSS SALIWADA",प्रतिभागी,शिक्षक
AB6413,Marina Paul,Jabalpur,JABALPUR (RURAL),"23390113309, GOVT. HSS SALIWADA",प्रतिभागी,शिक्षक
AB6669,Vivek Kumar Jain,Jabalpur,JABALPUR (RURAL),"23390113309, GOVT. HSS SALIWADA",प्रतिभागी,शिक्षक
AB7314,Radha Gond,Jabalpur,JABALPUR (RURAL),"23390113309, GOVT. HSS SALIWADA",प्रतिभागी,शिक्षक
AR9163,Sharmila Jawalker,Jabalpur,JABALPUR (RURAL),"23390113309, GOVT. HSS SALIWADA",प्रतिभागी,शिक्षक
BD7396,Mamta Khare,Jabalpur,JABALPUR (RURAL),"23390113309, GOVT. HSS SALIWADA",प्रतिभागी,शिक्षक
BU7668,Sameena Bagri,Jabalpur,JABALPUR (RURAL),"23390113309, GOVT. HSS SALIWADA",प्रतिभागी,शिक्षक
BW1865,SHILPA TANTUVAY,Jabalpur,JABALPUR (RURAL),"23390113309, GOVT. HSS SALIWADA",प्रतिभागी,शिक्षक
AB6032,Ramkumari Markam,Jabalpur,JABALPUR (RURAL),"23390108817, GOVT. HSS  BARGI NAGAR",प्रतिभागी,शिक्षक
AB6668,Surendra Kumar Jaiswal,Jabalpur,JABALPUR (RURAL),"23390108817, GOVT. HSS  BARGI NAGAR",प्रतिभागी,शिक्षक
BT1920,Sanat Parmar,Jabalpur,JABALPUR (RURAL),"23390106703, GOVT. HSS NARAINALA",प्रतिभागी,शिक्षक
BW6368,Rashmi Kumar,Jabalpur,JABALPUR (RURAL),"23390106703, GOVT. HSS NARAINALA",प्रतिभागी,शिक्षक
AB3850,Aruna Rawtel,Jabalpur,JABALPUR (RURAL),"23390136204, GOVT. HSS GIRLS, BARELA",प्रतिभागी,शिक्षक
AB7312,Dinesh Kumar Gond,Jabalpur,JABALPUR (RURAL),"23390136204, GOVT. HSS GIRLS, BARELA",प्रतिभागी,शिक्षक
AB7320,Ashish Kumar Gajbhiye,Jabalpur,JABALPUR (RURAL),"23390136204, GOVT. HSS GIRLS, BARELA",प्रतिभागी,शिक्षक
AB8747,Akhil Kumar Khare,Jabalpur,JABALPUR (RURAL),"23390136204, GOVT. HSS GIRLS, BARELA",प्रतिभागी,शिक्षक
BU4796,Kishor Kumar Dubey,Jabalpur,JABALPUR (RURAL),"23390136204, GOVT. HSS GIRLS, BARELA",प्रतिभागी,शिक्षक
BY7292,Abha Sahu,Jabalpur,JABALPUR (RURAL),"23390136204, GOVT. HSS GIRLS, BARELA",प्रतिभागी,शिक्षक
AB9255,Jitendra Dubey,Jabalpur,JABALPUR (RURAL),"23390108907, GOVT. HSS DHANPURI",प्रतिभागी,शिक्षक
CA2745,Prakash Kumar Lodhi,Jabalpur,JABALPUR (RURAL),"23390108907, GOVT. HSS DHANPURI",प्रतिभागी,शिक्षक
CA2764,Maya Yadav,Jabalpur,JABALPUR (RURAL),"23390108907, GOVT. HSS DHANPURI",प्रतिभागी,शिक्षक
AB3402,Sandhya Nema,Jabalpur,JABALPUR (URBAN-1),"23390223617, GOVT. HSS GIRLS, M.L.B. RIGHT TOWN",प्रतिभागी,शिक्षक
AB9682,Krishna Thakur,Jabalpur,JABALPUR (URBAN-1),"23390223617, GOVT. HSS GIRLS, M.L.B. RIGHT TOWN",प्रतिभागी,शिक्षक
AI1939,Neeti Jain,Jabalpur,JABALPUR (URBAN-1),"23390223617, GOVT. HSS GIRLS, M.L.B. RIGHT TOWN",प्रतिभागी,शिक्षक
AN3933,Manjulata Dubey,Jabalpur,JABALPUR (URBAN-1),"23390223617, GOVT. HSS GIRLS, M.L.B. RIGHT TOWN",प्रतिभागी,शिक्षक
BN1032,Vandana Upadhyay,Jabalpur,JABALPUR (URBAN-1),"23390223617, GOVT. HSS GIRLS, M.L.B. RIGHT TOWN",प्रतिभागी,शिक्षक
BQ1854,Pratima Namdev,Jabalpur,JABALPUR (URBAN-1),"23390223617, GOVT. HSS GIRLS, M.L.B. RIGHT TOWN",प्रतिभागी,शिक्षक
BU3278,Anuradha Kushwaha,Jabalpur,JABALPUR (URBAN-1),"23390223617, GOVT. HSS GIRLS, M.L.B. RIGHT TOWN",प्रतिभागी,शिक्षक
BX2985,Sapna Shrivastava,Jabalpur,JABALPUR (URBAN-1),"23390223617, GOVT. HSS GIRLS, M.L.B. RIGHT TOWN",प्रतिभागी,शिक्षक
BX3240,Anita Tiwari,Jabalpur,JABALPUR (URBAN-1),"23390223617, GOVT. HSS GIRLS, M.L.B. RIGHT TOWN",प्रतिभागी,शिक्षक
AB3166,Manjulata Kanoujia,Jabalpur,JABALPUR (URBAN-1),"23390222435, GOVT. HSS GIRLS, CHERITAL",प्रतिभागी,शिक्षक
AB9256,Prachi Sullere,Jabalpur,JABALPUR (URBAN-1),"23390222435, GOVT. HSS GIRLS, CHERITAL",प्रतिभागी,शिक्षक
AN3159,Reetu Agrawal,Jabalpur,JABALPUR (URBAN-1),"23390222435, GOVT. HSS GIRLS, CHERITAL",प्रतिभागी,शिक्षक
BT3983,Meera Vishwakarma,Jabalpur,JABALPUR (URBAN-1),"23390222435, GOVT. HSS GIRLS, CHERITAL",प्रतिभागी,शिक्षक
BT6547,Geeta Sharma,Jabalpur,JABALPUR (URBAN-1),"23390222435, GOVT. HSS GIRLS, CHERITAL",प्रतिभागी,शिक्षक
BV8764,Archana Dave,Jabalpur,JABALPUR (URBAN-1),"23390222435, GOVT. HSS GIRLS, CHERITAL",प्रतिभागी,शिक्षक
AB6449,Sunita Chouhan,Jabalpur,JABALPUR (URBAN-1),"23390219940, GOVT. HSS MEDICAL COLLEGE , JABALPUR",प्रतिभागी,शिक्षक
AL9069,KAMINI NEMA,Jabalpur,JABALPUR (URBAN-1),"23390219940, GOVT. HSS MEDICAL COLLEGE , JABALPUR",प्रतिभागी,शिक्षक
BV5629,Neetu Chourasiya,Jabalpur,JABALPUR (URBAN-1),"23390219940, GOVT. HSS MEDICAL COLLEGE , JABALPUR",प्रतिभागी,शिक्षक
BW3791,Rashmi Saraf,Jabalpur,JABALPUR (URBAN-1),"23390219940, GOVT. HSS MEDICAL COLLEGE , JABALPUR",प्रतिभागी,शिक्षक
AB4712,Pratibha Vishwakarma,Jabalpur,JABALPUR (URBAN-2),"23390223406, GOVT. HSS GIRLS, BEOHARBAG",प्रतिभागी,शिक्षक
AB4814,Savita Nayak,Jabalpur,JABALPUR (URBAN-2),"23390223406, GOVT. HSS GIRLS, BEOHARBAG",प्रतिभागी,शिक्षक
AB6403,Kalpana Vishwakarma,Jabalpur,JABALPUR (URBAN-2),"23390223406, GOVT. HSS GIRLS, BEOHARBAG",प्रतिभागी,शिक्षक
AB6418,Deepa Sahu,Jabalpur,JABALPUR (URBAN-2),"23390223406, GOVT. HSS GIRLS, BEOHARBAG",प्रतिभागी,शिक्षक
AV7401,Soniya Verma,Jabalpur,JABALPUR (URBAN-2),"23390223406, GOVT. HSS GIRLS, BEOHARBAG",प्रतिभागी,शिक्षक
CB1944,SRISHTI DEHARIYA,Jabalpur,JABALPUR (URBAN-2),"23390223406, GOVT. HSS GIRLS, BEOHARBAG",प्रतिभागी,शिक्षक
CB9860,JYOTI SAHU,Jabalpur,JABALPUR (URBAN-2),"23390223406, GOVT. HSS GIRLS, BEOHARBAG",प्रतिभागी,शिक्षक
AB7721,Rajkumar Katailiha,Jabalpur,JABALPUR (URBAN-2),"23390221241, GOVT. HSS GANESHGANJ",प्रतिभागी,शिक्षक
AB9369,Nupur Mitra,Jabalpur,JABALPUR (URBAN-2),"23390221241, GOVT. HSS GANESHGANJ",प्रतिभागी,शिक्षक
AB3353,Rita George Gound,Jabalpur,JABALPUR (URBAN-2),"23390221308, GOVT. HSS ADHARTAL",प्रतिभागी,शिक्षक
AB5180,Prakash Kumar Mishra,Jabalpur,JABALPUR (URBAN-2),"23390221308, GOVT. HSS ADHARTAL",प्रतिभागी,शिक्षक
AB8980,Tabassum Parveen,Jabalpur,JABALPUR (URBAN-2),"23390221308, GOVT. HSS ADHARTAL",प्रतिभागी,शिक्षक
AY5804,Amita Kesharwani,Jabalpur,JABALPUR (URBAN-2),"23390221308, GOVT. HSS ADHARTAL",प्रतिभागी,शिक्षक
BV8466,Ruby Naz,Jabalpur,JABALPUR (URBAN-2),"23390221308, GOVT. HSS ADHARTAL",प्रतिभागी,शिक्षक
BX3000,Shafali Tomer,Jabalpur,JABALPUR (URBAN-2),"23390221308, GOVT. HSS ADHARTAL",प्रतिभागी,शिक्षक
AB4177,Jameen Das Mongre,Jabalpur,KUNDAM,"23390812404, GOVT. HSS HARDULIKALA",प्रतिभागी,शिक्षक
BN7439,Kamta Maravi,Jabalpur,KUNDAM,"23390812404, GOVT. HSS HARDULIKALA",प्रतिभागी,शिक्षक
DA3430,Anil Kumar Kachhwaha,Jabalpur,KUNDAM,"23390812404, GOVT. HSS HARDULIKALA",प्रतिभागी,शिक्षक
9752434388,Umesh Kumar Madame ,Jabalpur,KUNDAM,"23390811604, GOVT. HSS KUBARHAT",प्रतिभागी,शिक्षक
AB7626,Laxmi Bai Rajpal,Jabalpur,KUNDAM,"23390811604, GOVT. HSS KUBARHAT",प्रतिभागी,शिक्षक
AB8938,Ram Singh Maravi,Jabalpur,KUNDAM,"23390811604, GOVT. HSS KUBARHAT",प्रतिभागी,शिक्षक
8120597151,Ashu Yadav   ,Jabalpur,KUNDAM,"23390814223, GOVT. HSS EXCELLENCE, KUNDAM",प्रतिभागी,शिक्षक
8718007978,Aagya Payasi   ,Jabalpur,KUNDAM,"23390814223, GOVT. HSS EXCELLENCE, KUNDAM",प्रतिभागी,शिक्षक
9669612931,Avadhesh Kumar Jhariya ,Jabalpur,KUNDAM,"23390814223, GOVT. HSS EXCELLENCE, KUNDAM",प्रतिभागी,शिक्षक
AB6463,Suresh Kumar Gouliya,Jabalpur,KUNDAM,"23390814223, GOVT. HSS EXCELLENCE, KUNDAM",प्रतिभागी,शिक्षक
AB7413,Heera Lal Haldkar,Jabalpur,KUNDAM,"23390814223, GOVT. HSS EXCELLENCE, KUNDAM",प्रतिभागी,शिक्षक
AB7583,Rama Parte,Jabalpur,KUNDAM,"23390814223, GOVT. HSS EXCELLENCE, KUNDAM",प्रतिभागी,शिक्षक
AB8285,Shankar Singh Maravi,Jabalpur,KUNDAM,"23390814223, GOVT. HSS EXCELLENCE, KUNDAM",प्रतिभागी,शिक्षक
AU9572,Kunwar Singh,Jabalpur,KUNDAM,"23390814223, GOVT. HSS EXCELLENCE, KUNDAM",प्रतिभागी,शिक्षक
AB4151,Beri Lal,Jabalpur,KUNDAM,"23390800904, GOVT. HSS PADARIYA",प्रतिभागी,शिक्षक
AQ3339,Shweta Kushmani,Jabalpur,KUNDAM,"23390800904, GOVT. HSS PADARIYA",प्रतिभागी,शिक्षक
8120726088,Ajay Kumar Chakarwarti ,Jabalpur,KUNDAM,"23390814224, GOVT. HSS GIRLS, KUNDAM",प्रतिभागी,शिक्षक
DA3463,Gaurav Jhariya,Jabalpur,KUNDAM,"23390814224, GOVT. HSS GIRLS, KUNDAM",प्रतिभागी,शिक्षक
AB6061,Rajiv Kumar Pathak,Jabalpur,KUNDAM,"23390810913, GOVT. HSS GIRLS, BAGHRAJI",प्रतिभागी,शिक्षक
AB6831,Manisha Sahu,Jabalpur,KUNDAM,"23390810913, GOVT. HSS GIRLS, BAGHRAJI",प्रतिभागी,शिक्षक
BB2978,Suraj Dhurve,Jabalpur,KUNDAM,"23390810913, GOVT. HSS GIRLS, BAGHRAJI",प्रतिभागी,शिक्षक
BP2532,Ujjan Singh Bagri,Jabalpur,KUNDAM,"23390810913, GOVT. HSS GIRLS, BAGHRAJI",प्रतिभागी,शिक्षक
BX3392,Vinisha Sahu,Jabalpur,KUNDAM,"23390810913, GOVT. HSS GIRLS, BAGHRAJI",प्रतिभागी,शिक्षक
BJ8091,Meena Manjhi,Jabalpur,MAJHOLI,"23390318303, GOVT. HS DEVRIRAJVAI",प्रतिभागी,शिक्षक
8878739204,Praveen Kumar Sahu ,Jabalpur,MAJHOLI,"23390303407, GOVT. HSS KHALRI",प्रतिभागी,शिक्षक
AB9495,Chandra Bhan Shrivas,Jabalpur,MAJHOLI,"23390303407, GOVT. HSS KHALRI",प्रतिभागी,शिक्षक
BV4785,Pankaj Jhariya,Jabalpur,MAJHOLI,"23390303407, GOVT. HSS KHALRI",प्रतिभागी,शिक्षक
AB5288,Chaturbhuj Prasad Jhariya,Jabalpur,MAJHOLI,"23390315403, GOVT. HS MUDIYA MADOD",प्रतिभागी,शिक्षक
AB6952,Shiv Kumar,Jabalpur,MAJHOLI,"23390315403, GOVT. HS MUDIYA MADOD",प्रतिभागी,शिक्षक
BJ7756,Munna Lal Patel,Jabalpur,MAJHOLI,"23390315403, GOVT. HS MUDIYA MADOD",प्रतिभागी,शिक्षक
DA3203,Durgeshnandini Jhariya,Jabalpur,MAJHOLI,"23390315403, GOVT. HS MUDIYA MADOD",प्रतिभागी,शिक्षक
BP9493,Manoj Kumar Kori,Jabalpur,MAJHOLI,"23390302607, GOVT. HSS BARGI BARKHEDA",प्रतिभागी,शिक्षक
AB8199,Pancham Lal Dahayat,Jabalpur,MAJHOLI,"23390324806, GOVT. HSS GIRLS, MAJHOLI",प्रतिभागी,शिक्षक
BJ8110,Kunwar Lal Jhariya,Jabalpur,MAJHOLI,"23390324806, GOVT. HSS GIRLS, MAJHOLI",प्रतिभागी,शिक्षक
BJ8139,Gaya Prasad Rai,Jabalpur,MAJHOLI,"23390324806, GOVT. HSS GIRLS, MAJHOLI",प्रतिभागी,शिक्षक
BJ7718,Sashi Bhushn Chaturwedi,Jabalpur,MAJHOLI,"23390300105, GOVT. HSS PONDA",प्रतिभागी,शिक्षक
BJ8502,Vinod Kumar Garg,Jabalpur,MAJHOLI,"23390300105, GOVT. HSS PONDA",प्रतिभागी,शिक्षक
BX2997,Shweta Deomurari,Jabalpur,PANAGAR,"23390427204, GOVT. HSS GIRLS, PANAGAR",प्रतिभागी,शिक्षक
AB3403,Suman Lata Yadav,Jabalpur,PANAGAR,"23390426504, GOVT. H.S. DEVRI",प्रतिभागी,शिक्षक
AB9471,Rohini Mahobia,Jabalpur,PANAGAR,"23390426504, GOVT. H.S. DEVRI",प्रतिभागी,शिक्षक
BW7011,Neetu Rani Sharma,Jabalpur,PANAGAR,"23390426504, GOVT. H.S. DEVRI",प्रतिभागी,शिक्षक
AB4221,Indra Singh Rajput,Jabalpur,PANAGAR,"23390414905, GOVT. HSS BELKHADU",प्रतिभागी,शिक्षक
AB5826,Abha Tiwari,Jabalpur,PANAGAR,"23390414905, GOVT. HSS BELKHADU",प्रतिभागी,शिक्षक
AB9428,Rajshree Jain,Jabalpur,PANAGAR,"23390414905, GOVT. HSS BELKHADU",प्रतिभागी,शिक्षक
AO2664,MANJU NAMDEO,Jabalpur,PANAGAR,"23390414905, GOVT. HSS BELKHADU",प्रतिभागी,शिक्षक
BU8512,Nidhi Khare,Jabalpur,PANAGAR,"23390414905, GOVT. HSS BELKHADU",प्रतिभागी,शिक्षक
AB6042,Mohammed Arsid Ansari,Jabalpur,PANAGAR,"23390403706, GOVT. HSS KUSHNER",प्रतिभागी,शिक्षक
AB7937,Jyoti Kol,Jabalpur,PANAGAR,"23390403706, GOVT. HSS KUSHNER",प्रतिभागी,शिक्षक
BJ7755,Jyoti Singh Thakur,Jabalpur,PANAGAR,"23390403706, GOVT. HSS KUSHNER",प्रतिभागी,शिक्षक
BP8552,Ravindra Yadav,Jabalpur,PANAGAR,"23390403706, GOVT. HSS KUSHNER",प्रतिभागी,सीएसी
BY7112,Pavitra Khare,Jabalpur,PANAGAR,"23390403706, GOVT. HSS KUSHNER",प्रतिभागी,शिक्षक
AB3465,Sarita Patel,Jabalpur,PANAGAR,"23390400304, GOVT. HS KALADUMAR",प्रतिभागी,शिक्षक
BV1395,Priyanshu Shukla,Jabalpur,PANAGAR,"23390400304, GOVT. HS KALADUMAR",प्रतिभागी,शिक्षक
AB7682,Raj Laxmi,Jabalpur,PANAGAR,"23390427206, GOVT. HSS EXCELLENCE, PANAGAR",प्रतिभागी,शिक्षक
AB7778,Meena Jhariya,Jabalpur,PANAGAR,"23390427206, GOVT. HSS EXCELLENCE, PANAGAR",प्रतिभागी,शिक्षक
AI1570,Rashmi Swarnkar,Jabalpur,PANAGAR,"23390427206, GOVT. HSS EXCELLENCE, PANAGAR",प्रतिभागी,शिक्षक
AN7411,Anita Pandey,Jabalpur,PANAGAR,"23390427206, GOVT. HSS EXCELLENCE, PANAGAR",प्रतिभागी,शिक्षक
BR7821,Sangeeta Singh,Jabalpur,PANAGAR,"23390427206, GOVT. HSS EXCELLENCE, PANAGAR",प्रतिभागी,शिक्षक
BV8004,Pinki Chowdhury,Jabalpur,PANAGAR,"23390427206, GOVT. HSS EXCELLENCE, PANAGAR",प्रतिभागी,शिक्षक
BV8845,Archana Sharma,Jabalpur,PANAGAR,"23390427206, GOVT. HSS EXCELLENCE, PANAGAR",प्रतिभागी,शिक्षक
CB4864,KULBHUSHAN SHARMA,Jabalpur,PANAGAR,"23390427206, GOVT. HSS EXCELLENCE, PANAGAR",प्रतिभागी,शिक्षक
AB8714,Santosh Singh Kunjam,Jabalpur,PATAN,"23390504106, GOVT. HSS BORIYA",प्रतिभागी,शिक्षक
AB8728,Sanjay Kumar Patel,Jabalpur,PATAN,"23390504106, GOVT. HSS BORIYA",प्रतिभागी,शिक्षक
BJ7720,Krishna Pal Singh Rajput,Jabalpur,PATAN,"23390504106, GOVT. HSS BORIYA",प्रतिभागी,शिक्षक
BX4235,Kalpana Vishwakarma,Jabalpur,PATAN,"23390504106, GOVT. HSS BORIYA",प्रतिभागी,शिक्षक
AB7188,Rajni Katiya,Jabalpur,PATAN,"23390510105, GOVT. HS SAKRA",प्रतिभागी,शिक्षक
AB4810,Dipti Nayak,Jabalpur,PATAN,"23390518304, GOVT. HS UDNA SADAK",प्रतिभागी,शिक्षक
AB8748,Alka Kori,Jabalpur,PATAN,"23390518304, GOVT. HS UDNA SADAK",प्रतिभागी,शिक्षक
AB9641,Rameshwer Prasad Patel,Jabalpur,PATAN,"23390518304, GOVT. HS UDNA SADAK",प्रतिभागी,शिक्षक
AB2920,Neena Jain,Jabalpur,PATAN,"23390524908, GOVT. HSS NUNSAR",प्रतिभागी,शिक्षक
AB5823,Sangeeta Sharma,Jabalpur,PATAN,"23390524908, GOVT. HSS NUNSAR",प्रतिभागी,शिक्षक
BU4299,Summer Singh Lodhi,Jabalpur,PATAN,"23390524908, GOVT. HSS NUNSAR",प्रतिभागी,शिक्षक
BW1909,Kripaluta Patel,Jabalpur,PATAN,"23390524908, GOVT. HSS NUNSAR",प्रतिभागी,शिक्षक
AB9224,Anjana Namdeo,Jabalpur,PATAN,"23390500803, GOVT. GIRLS HSS KATANGI",प्रतिभागी,शिक्षक
BG5557,Rajni Rajoriya,Jabalpur,PATAN,"23390500803, GOVT. GIRLS HSS KATANGI",प्रतिभागी,शिक्षक
8889552646,Umakant  Vishwakarma ,Jabalpur,PATAN,"23390528501, GOVT. HS GADAGHAT",प्रतिभागी,शिक्षक
AB6465,Tejbal Singh Lodhi,Jabalpur,SHAHPURA,"23390619208, GOVT. HSS BIJORI",प्रतिभागी,शिक्षक
AB6527,Santosh Patel,Jabalpur,SHAHPURA,"23390619208, GOVT. HSS BIJORI",प्रतिभागी,शिक्षक
AY6919,Geeta Kabirpanthi,Jabalpur,SHAHPURA,"23390615804, GOVT. HS GIRLS, GANGAI",प्रतिभागी,शिक्षक
BU8498,Mahendra Kumar Namdeo,Jabalpur,SHAHPURA,"23390615804, GOVT. HS GIRLS, GANGAI",प्रतिभागी,शिक्षक
9584673762,Rachna  Kanvre ,Jabalpur,SHAHPURA,"23390629403, GOVT. HSS EXCELLENCE, SHAHPURA",प्रतिभागी,शिक्षक
AB3082,Govind Singh Patel,Jabalpur,SHAHPURA,"23390609511, GOVT. HSS BELKHEDA",प्रतिभागी,शिक्षक
CB2958,BASANT MEHRA,Jabalpur,SHAHPURA,"23390609511, GOVT. HSS BELKHEDA",प्रतिभागी,शिक्षक
AR2827,Ramvilas Ram,Jabalpur,SHAHPURA,"23390612410, GOVT. HSS CHARGAWA",प्रतिभागी,शिक्षक
9893937426,Sandesh  Jain ,Jabalpur,SHAHPURA,"23390628405, GOVT. HSS GIRLS, SHAHPURA",प्रतिभागी,शिक्षक
AB3824,Shakuntala Singore,Jabalpur,SHAHPURA,"23390628405, GOVT. HSS GIRLS, SHAHPURA",प्रतिभागी,शिक्षक
AN2467,Ravi Shankar Maravi,Jabalpur,SHAHPURA,"23390628405, GOVT. HSS GIRLS, SHAHPURA",प्रतिभागी,शिक्षक
AN3136,Sunil Datt Tiwari,Jabalpur,SIHORA,"23390701118, GOVT. HSS GOSALPUR",प्रतिभागी,शिक्षक
BN2974,Smita Paroha,Jabalpur,SIHORA,"23390701118, GOVT. HSS GOSALPUR",प्रतिभागी,शिक्षक
BP9616,Samta Badgaiyan,Jabalpur,SIHORA,"23390701118, GOVT. HSS GOSALPUR",प्रतिभागी,शिक्षक
BS8348,Surendra Kumar Vishwakarma,Jabalpur,SIHORA,"23390701118, GOVT. HSS GOSALPUR",प्रतिभागी,शिक्षक
BX6248,Kamlesh Kumar Yadav,Jabalpur,SIHORA,"23390701118, GOVT. HSS GOSALPUR",प्रतिभागी,शिक्षक
CB5284,MEENA BOPCHE,Jabalpur,SIHORA,"23390701118, GOVT. HSS GOSALPUR",प्रतिभागी,शिक्षक
AN3213,S. Preeti,Jabalpur,SIHORA,"23390715612, GOVT. HSS GIRLS, SIHORA",प्रतिभागी,शिक्षक
BX2024,Sangeeta Patel,Jabalpur,SIHORA,"23390715612, GOVT. HSS GIRLS, SIHORA",प्रतिभागी,शिक्षक
8819830644,Swati  Patel ,Jabalpur,SIHORA,"23390710516, GOVT. HSS MAJHGAWA",प्रतिभागी,शिक्षक
AB9567,Ramnath Mahra,Jabalpur,SIHORA,"23390710516, GOVT. HSS MAJHGAWA",प्रतिभागी,शिक्षक
AB4804,Richa Gour,Jabalpur,SIHORA,"23390700118, GOVT. HSS GANDHIGRAM",प्रतिभागी,शिक्षक
BP9491,Aabha Chakrawarti,Jabalpur,SIHORA,"23390700118, GOVT. HSS GANDHIGRAM",प्रतिभागी,शिक्षक
BS9745,Amrita Tantuway,Jabalpur,SIHORA,"23390700118, GOVT. HSS GANDHIGRAM",प्रतिभागी,शिक्षक
AN3246,Jitendra Kumar Pandey,Jabalpur,SIHORA,"23390716312, GOVT. HSS GIRLS,Y.B. KHITOLABAZAR",प्रतिभागी,शिक्षक
AN4799,Manish Kumar Shrivastava,Jabalpur,SIHORA,"23390716312, GOVT. HSS GIRLS,Y.B. KHITOLABAZAR",प्रतिभागी,शिक्षक
AN7374,Pramod Kumar,Jabalpur,SIHORA,"23390716312, GOVT. HSS GIRLS,Y.B. KHITOLABAZAR",प्रतिभागी,शिक्षक
AN7608,Ashok Kumar Sahu,Jabalpur,SIHORA,"23390716312, GOVT. HSS GIRLS,Y.B. KHITOLABAZAR",प्रतिभागी,शिक्षक
BS8234,Vinod Kumar Pandey,Jabalpur,SIHORA,"23390716312, GOVT. HSS GIRLS,Y.B. KHITOLABAZAR",प्रतिभागी,शिक्षक
BS9032,Ram Kishor,Jabalpur,SIHORA,"23390716312, GOVT. HSS GIRLS,Y.B. KHITOLABAZAR",प्रतिभागी,शिक्षक
BS8076,Purushottam Lal Kori,Jabalpur,SIHORA,"23390712706, GOVT. HSS AGARIYA",प्रतिभागी,शिक्षक
BU5557,Gopal Singh Mahobiya,Jabalpur,SIHORA,"23390712706, GOVT. HSS AGARIYA",प्रतिभागी,शिक्षक
AB5200,Kamla Prasad Tiwari,Jabalpur,SIHORA,"23390708804, GOVT. HS KHIRHANIKALA",प्रतिभागी,शिक्षक
AN7815,Anil Kumar Jyotishi,Jabalpur,SIHORA,"23390708004, GOVT. HSS KUMBHI SATDHARA",प्रतिभागी,शिक्षक
BT5612,Ganesh Verama,Jhabua,JHABUA,"23240814306, GOVT. HS SEMLIYA BADA JHABUA",प्रतिभागी,शिक्षक
BJ3986,Deepak Ghumre,Jhabua,JHABUA,"23240806806, GOVT. HS JHAYRA JHABUA",प्रतिभागी,शिक्षक
BK6426,Haripriya Nigam,Jhabua,JHABUA,"23240806007, GOVT. HS KALAPIPAL JHABUA",प्रतिभागी,शिक्षक
CC6516,PRAVIN BHEVANDIYA,Jhabua,JHABUA,"23240806007, GOVT. HS KALAPIPAL JHABUA",प्रतिभागी,शिक्षक
BK6324,Asha Baghel,Jhabua,JHABUA,"23240800708, GOVT. HS KARDAWAD BADI JHABUA",प्रतिभागी,शिक्षक
BT5258,Mangili Buriya,Jhabua,JHABUA,"23240800708, GOVT. HS KARDAWAD BADI JHABUA",प्रतिभागी,शिक्षक
BT7370,Kumari Rajkumari Sharma,Jhabua,JHABUA,"23240800708, GOVT. HS KARDAWAD BADI JHABUA",प्रतिभागी,शिक्षक
BK6499,Bhupendra Singh Kirar,Jhabua,JHABUA,"23240801109, GOVT. HS PIPLIYA JHABUA",प्रतिभागी,शिक्षक
BJ4053,Rajesh Kumar Tomar,Jhabua,JHABUA,"23240807738, GOVT. HSS GIRLS JHABUA",प्रतिभागी,शिक्षक
BK6530,Pratibha Pargi,Jhabua,JHABUA,"23240807738, GOVT. HSS GIRLS JHABUA",प्रतिभागी,शिक्षक
BX9691,Anil Jamra,Jhabua,JHABUA,"23240807738, GOVT. HSS GIRLS JHABUA",प्रतिभागी,शिक्षक
CC7613,SUNITA JAMRA,Jhabua,JHABUA,"23240807738, GOVT. HSS GIRLS JHABUA",प्रतिभागी,शिक्षक
AS5786,Kishor Singh Parmar,Jhabua,JHABUA,"23240802213, GOVT. HSS KALYANPURA JHABUA",प्रतिभागी,शिक्षक
BK6321,Dulesingh Pachaya,Jhabua,JHABUA,"23240802213, GOVT. HSS KALYANPURA JHABUA",प्रतिभागी,शिक्षक
BK6520,Kanhaiyalal Verma,Jhabua,JHABUA,"23240802213, GOVT. HSS KALYANPURA JHABUA",प्रतिभागी,शिक्षक
BJ5739,Kailash Chandra Kharadi,Jhabua,JHABUA,"23240809117, GOVT. HSS PITOL JHABUA",प्रतिभागी,शिक्षक
CF2673,NIRMALA TEKAM,Jhabua,JHABUA,"23240809117, GOVT. HSS PITOL JHABUA",प्रतिभागी,शिक्षक
BJ6631,Keshu Bariya,Jhabua,JHABUA,"23240811408, GOVT. HSS RATITALAI",प्रतिभागी,शिक्षक
BM5867,Sarla Shukla,Jhabua,JHABUA,"23240811408, GOVT. HSS RATITALAI",प्रतिभागी,शिक्षक
BM5868,Klavati Tank,Jhabua,JHABUA,"23240811408, GOVT. HSS RATITALAI",प्रतिभागी,शिक्षक
BM5928,Asha Bhuriya,Jhabua,JHABUA,"23240811408, GOVT. HSS RATITALAI",प्रतिभागी,शिक्षक
BO4780,Brajesh Neema,Jhabua,JHABUA,"23240811408, GOVT. HSS RATITALAI",प्रतिभागी,अन्य
BQ3600,Bharat Gari,Jhabua,MEGHNAGAR,"23241109206, GOVT. HSS MANDLI",प्रतिभागी,शिक्षक
BR6777,LOKENDRA SINGH KATARA,Jhabua,MEGHNAGAR,"23241109206, GOVT. HSS MANDLI",प्रतिभागी,शिक्षक
BR7012,Rekha Damar,Jhabua,MEGHNAGAR,"23241102610, GOVT. HS CHAINPURA",प्रतिभागी,शिक्षक
BR7251,Kalusingh Chouhan,Jhabua,MEGHNAGAR,"23241102610, GOVT. HS CHAINPURA",प्रतिभागी,शिक्षक
CF7769,RAVINDRA GANAWA,Jhabua,MEGHNAGAR,"23241102610, GOVT. HS CHAINPURA",प्रतिभागी,शिक्षक
BR6455,THAWRIYA BHABOR,Jhabua,MEGHNAGAR,"23241109833, GOVT. HSS EXCELLENCE MEGHNAGAR",प्रतिभागी,शिक्षक
BR6675,Kayyum Khan,Jhabua,MEGHNAGAR,"23241109833, GOVT. HSS EXCELLENCE MEGHNAGAR",प्रतिभागी,शिक्षक
BV2267,Praveen Kothari,Jhabua,MEGHNAGAR,"23241109833, GOVT. HSS EXCELLENCE MEGHNAGAR",प्रतिभागी,शिक्षक
BL2748,Dilip Singh Munia,Jhabua,MEGHNAGAR,"23241109834, GHSS. MEGHNAGAR",प्रतिभागी,शिक्षक
BV2644,Darshika Damor,Jhabua,MEGHNAGAR,"23241109834, GHSS. MEGHNAGAR",प्रतिभागी,शिक्षक
CB3029,MUKESH BHURIYA,Jhabua,MEGHNAGAR,"23241100810, GOVT BHSS RAMBHAPUR",प्रतिभागी,शिक्षक
BI4093,Bharat Singh Harwal,Jhabua,MEGHNAGAR,"23241105612, GOVT. HSS MADRANI",प्रतिभागी,शिक्षक
BL2628,Sangeeta Tripathi,Jhabua,MEGHNAGAR,"23241102121, GOVT HSS NOUGAWA",प्रतिभागी,शिक्षक
BL2798,Amritlal Nayak,Jhabua,MEGHNAGAR,"23241102121, GOVT HSS NOUGAWA",प्रतिभागी,शिक्षक
BN6247,Rameela Bariya,Jhabua,MEGHNAGAR,"23241102121, GOVT HSS NOUGAWA",प्रतिभागी,शिक्षक
BO9304,Rameshchandra Ninama,Jhabua,PETLAWAD,"23240906118, GOVT. HS GIRLS SARANGI PETLAWAD",प्रतिभागी,शिक्षक
BJ7116,Rajendra Singh Rathor,Jhabua,PETLAWAD,"23240903813, GOVT. HSS BARVET PETLAWAD",प्रतिभागी,शिक्षक
CF3618,NILESH SINGHAD,Jhabua,PETLAWAD,"23240902606, GOVT. HS DEVLI PETLAWAD",प्रतिभागी,शिक्षक
BJ7431,SMT  ANNA KATARA,Jhabua,PETLAWAD,"23240900807, GOVT. HS BOLASA PETLAWAD",प्रतिभागी,शिक्षक
BR6017,Shantilal Vasuniya,Jhabua,PETLAWAD,"23240900807, GOVT. HS BOLASA PETLAWAD",प्रतिभागी,शिक्षक
BJ6988,Dharmendra Dwivedi,Jhabua,PETLAWAD,"23240901143, GOVT. HSS EXCELLENCE PETLAWAD",प्रतिभागी,शिक्षक
BK7282,Dhanraj Ninama,Jhabua,PETLAWAD,"23240901143, GOVT. HSS EXCELLENCE PETLAWAD",प्रतिभागी,शिक्षक
AQ8958,Gulab Chand Damar,Jhabua,PETLAWAD,"23240904428, GOVT. HSS BOYS BAMANIYA",प्रतिभागी,शिक्षक
BO9422,Bindu Ninama,Jhabua,PETLAWAD,"23240904428, GOVT. HSS BOYS BAMANIYA",प्रतिभागी,शिक्षक
BR8468,Naru Singad,Jhabua,PETLAWAD,"23240904428, GOVT. HSS BOYS BAMANIYA",प्रतिभागी,शिक्षक
CE4024,SUNIL NAGAR,Jhabua,PETLAWAD,"23240904428, GOVT. HSS BOYS BAMANIYA",प्रतिभागी,शिक्षक
CG1415,DIPIKA GAMAD,Jhabua,PETLAWAD,"23240904428, GOVT. HSS BOYS BAMANIYA",प्रतिभागी,शिक्षक
BM4290,Gajendra Singh Ninama,Jhabua,PETLAWAD,"23240905322, GOVT. HSS KARWAD PETLAWAD",प्रतिभागी,शिक्षक
BM4292,Mansingh Gamada,Jhabua,PETLAWAD,"23240905322, GOVT. HSS KARWAD PETLAWAD",प्रतिभागी,शिक्षक
BJ1661,Lunchand Patidar,Jhabua,PETLAWAD,"23240908721, GOVT. HSS RAYPURIYA PETLAWAD",प्रतिभागी,शिक्षक
BK7260,Tejalal Bhuriya,Jhabua,PETLAWAD,"23240908721, GOVT. HSS RAYPURIYA PETLAWAD",प्रतिभागी,शिक्षक
BK7511,Hansa Vairagi,Jhabua,PETLAWAD,"23240908721, GOVT. HSS RAYPURIYA PETLAWAD",प्रतिभागी,शिक्षक
BZ5171,Anil Wakhla,Jhabua,PETLAWAD,"23240908721, GOVT. HSS RAYPURIYA PETLAWAD",प्रतिभागी,शिक्षक
BJ3874,Malla Babaireya,Jhabua,RAMA,"23241005007, GOVT. HS MACHALIYA",प्रतिभागी,शिक्षक
BT2166,Kiran Mandloi,Jhabua,RAMA,"23241005808, GOVT. HSS ROTLA RAMA",प्रतिभागी,शिक्षक
BN8599,Madhav Singh Gurjar,Jhabua,RAMA,"23241006709, GOVT. HSS KHARDUBADI RAMA",प्रतिभागी,शिक्षक
BJ6779,Rekha Solanki,Jhabua,RAMA,"23241009710, GOVT. HSS RAJLA RAMA",प्रतिभागी,शिक्षक
BZ7419,Rajaram Nargesh,Jhabua,RAMA,"23241002814, GOVT. HSS EXCELLENCE KALIDEVI RAMA",प्रतिभागी,शिक्षक
CF7132,Laxmi SURYWANSHI,Jhabua,RAMA,"23241002814, GOVT. HSS EXCELLENCE KALIDEVI RAMA",प्रतिभागी,शिक्षक
BJ6598,Balram Kshetre,Jhabua,RAMA,"23241002013, GOVT. HSS BOYS PARA RAMA",प्रतिभागी,शिक्षक
CF3038,Kiran Rathore,Jhabua,RAMA,"23241002013, GOVT. HSS BOYS PARA RAMA",प्रतिभागी,शिक्षक
BO7518,Nirbhayasingh Muvel,Jhabua,RANAPUR,"23241210927, GOVT. HSS EXCELLENCE RANAPUR",प्रतिभागी,शिक्षक
CF5747,SHALINI GOSWAMI,Jhabua,RANAPUR,"23241210927, GOVT. HSS EXCELLENCE RANAPUR",प्रतिभागी,शिक्षक
BN3284,Shayya Baghel,Jhabua,RANAPUR,"23241204314, GOVT. HSS BAN RANAPUR",प्रतिभागी,शिक्षक
BP3226,Smita Singadiya,Jhabua,RANAPUR,"23241204314, GOVT. HSS BAN RANAPUR",प्रतिभागी,शिक्षक
BJ2779,Remu Amliyar,Jhabua,RANAPUR,"23241203907, GOVT. HS TANDI RANAPUR",प्रतिभागी,शिक्षक
BJ3295,Pidam Singh Bamniya,Jhabua,RANAPUR,"23241209714, GOVT. HSS SAMOI RANAPUR",प्रतिभागी,सीएसी
CC6120,NILESH SINGAD,Jhabua,RANAPUR,"23241209714, GOVT. HSS SAMOI RANAPUR",प्रतिभागी,शिक्षक
BJ1677,Mohan Singh Solanki,Jhabua,RANAPUR,"23241207206, GOVT. HSS KANJAWANI RANAPUR",प्रतिभागी,शिक्षक
BJ1722,Mansingh Bhabor,Jhabua,RANAPUR,"23241207206, GOVT. HSS KANJAWANI RANAPUR",प्रतिभागी,शिक्षक
BJ2785,Gokulsingh Gohil,Jhabua,RANAPUR,"23241207206, GOVT. HSS KANJAWANI RANAPUR",प्रतिभागी,शिक्षक
BJ2787,Gulsingh Damor,Jhabua,RANAPUR,"23241207206, GOVT. HSS KANJAWANI RANAPUR",प्रतिभागी,शिक्षक
BL5704,Garver Singh Gohil,Jhabua,RANAPUR,"23241207206, GOVT. HSS KANJAWANI RANAPUR",प्रतिभागी,शिक्षक
CF6495,SUNITA PAL,Jhabua,RANAPUR,"23241207206, GOVT. HSS KANJAWANI RANAPUR",प्रतिभागी,शिक्षक
BL5746,Chagansingh Jamra,Jhabua,RANAPUR,"23241211208, GOVT. HSS MORDUNDIYA",प्रतिभागी,शिक्षक
BL9147,Rajiya Ninama,Jhabua,THANDLA,"23240409409, GOVT. HS HARINAGAR THANDLA",प्रतिभागी,शिक्षक
BI4140,Popat Nayak,Jhabua,THANDLA,"23240408123, GOVT. HSS KAKANWANI",प्रतिभागी,शिक्षक
BJ2971,Badhing Baria,Jhabua,THANDLA,"23240401317, GOVT. HSS PARVALIYA",प्रतिभागी,शिक्षक
BL9169,Madhuri Khadiya,Jhabua,THANDLA,"23240401317, GOVT. HSS PARVALIYA",प्रतिभागी,शिक्षक
BT4916,Dinesh Nalwaya,Jhabua,THANDLA,"23240400230, GOVT. HSS EXCELLENCE THANDLA",प्रतिभागी,शिक्षक
BL9060,Bhura Bhuriya,Jhabua,THANDLA,"23240400231, GOVT. HSS GIRLS THANDLA",प्रतिभागी,शिक्षक
BL9142,Ratan Palasiya,Jhabua,THANDLA,"23240400231, GOVT. HSS GIRLS THANDLA",प्रतिभागी,शिक्षक
BL9306,Virsingh Bhabar,Jhabua,THANDLA,"23240406310, GOVT. HS BEDAWA",प्रतिभागी,शिक्षक
BO7619,Lila Bhuriya,Jhabua,THANDLA,"23240406310, GOVT. HS BEDAWA",प्रतिभागी,शिक्षक
BO3141,Babulal Muneeya,Jhabua,THANDLA,"23240405306, GOVT. HS CHAPANER THANDLA",प्रतिभागी,शिक्षक
BM3697,Puspendra Singh Rathore,Jhabua,THANDLA,"23240408513, GOVT. BHSS KHAWASA",प्रतिभागी,शिक्षक
CC6175,MAHESH INDOURIYA,Jhabua,THANDLA,"23240408512, GOVT. HSS GIRLS KHAWASA",प्रतिभागी,शिक्षक
BL9078,Hiralal Katara,Jhabua,THANDLA,"23240406007, GOVT. HS KUKDIPADA THANDLA",प्रतिभागी,सीएसी
BL9282,Om Prakash Dubey,Jhabua,THANDLA,"23240406007, GOVT. HS KUKDIPADA THANDLA",प्रतिभागी,शिक्षक
AN4415,Indra Bhan Nigam,Katni,BADWARA,"23380309411, GHSS PIPARIYA KALAN",प्रतिभागी,शिक्षक
BM8734,Jyoti Patel,Katni,BADWARA,"23380309411, GHSS PIPARIYA KALAN",प्रतिभागी,शिक्षक
BS8949,Sandhya Shrivastava,Katni,BADWARA,"23380309411, GHSS PIPARIYA KALAN",प्रतिभागी,शिक्षक
BZ5185,Rajnish Kumar Tripathi,Katni,BADWARA,"23380309411, GHSS PIPARIYA KALAN",प्रतिभागी,सीएसी
9893960206,Bhagwat Prasad Raidas ,Katni,BADWARA,"23380300106, GHSS BHUDSA",प्रतिभागी,शिक्षक
9926269108,Ramesh  Kumar ,Katni,BADWARA,"23380300106, GHSS BHUDSA",प्रतिभागी,शिक्षक
CB1425,"Priya payasi
",Katni,BADWARA,"23380300106, GHSS BHUDSA",प्रतिभागी,शिक्षक
AN2824,Neel Kusum Kerketta,Katni,BADWARA,"23380304805, GHS NANHWARA SEJHA",प्रतिभागी,शिक्षक
AN5784,Arjun Kol,Katni,BADWARA,"23380304805, GHS NANHWARA SEJHA",प्रतिभागी,शिक्षक
CC3103,ANKITA UPADHYAY,Katni,BADWARA,"23380304805, GHS NANHWARA SEJHA",प्रतिभागी,शिक्षक
AN6652,Meena Patel,Katni,BADWARA,"23380306205, GHSS BHADOURA NO.1",प्रतिभागी,शिक्षक
AN6735,Seema Tiwari,Katni,BADWARA,"23380306205, GHSS BHADOURA NO.1",प्रतिभागी,शिक्षक
AN8449,Kailash Kumar Vishwakarma,Katni,BADWARA,"23380306205, GHSS BHADOURA NO.1",प्रतिभागी,शिक्षक
BS7881,Manisha Chaturvedi,Katni,BADWARA,"23380306205, GHSS BHADOURA NO.1",प्रतिभागी,एपीसी अकादमिक
BX1138,Vinay Kumar Gupta,Katni,BADWARA,"23380306205, GHSS BHADOURA NO.1",प्रतिभागी,शिक्षक
AN8707,Haricharan Singh Raghuwanshi,Katni,BADWARA,"23380307406, GHSS BASADI",प्रतिभागी,शिक्षक
CD9094,KAMLESH BURMAN,Katni,BADWARA,"23380314411, GHSS KHITOULI",प्रतिभागी,शिक्षक
CD9126,PREETI DHARNE,Katni,BADWARA,"23380314411, GHSS KHITOULI",प्रतिभागी,शिक्षक
AN4285,Archana Nigam,Katni,BADWARA,"23380316311, GHSS BARHI",प्रतिभागी,शिक्षक
BN7637,Sandhya Lata,Katni,BAHORIBAND,"23380111018, GHSS BAKAL",प्रतिभागी,शिक्षक
AN3214,Gopal Prasad Choudhary,Katni,BAHORIBAND,"23380111016, GHSS SLEEMNABAD",प्रतिभागी,शिक्षक
AN7239,Atul Kumar Jain,Katni,BAHORIBAND,"23380111016, GHSS SLEEMNABAD",प्रतिभागी,शिक्षक
BQ6295,Vinay Kumar Haldakar,Katni,BAHORIBAND,"23380111016, GHSS SLEEMNABAD",प्रतिभागी,शिक्षक
BX6220,Anil Kumar Meshram,Katni,BAHORIBAND,"23380111016, GHSS SLEEMNABAD",प्रतिभागी,शिक्षक
AN3135,Baisakhu Ram Raidas,Katni,BAHORIBAND,"23380111020, GHSS A.L. RAI BACHAIYA",प्रतिभागी,शिक्षक
AN3127,Susheel Kumar,Katni,BAHORIBAND,"23380111022, GHSS EXELLENCE MAHAVEER BAHORIBAND",प्रतिभागी,शिक्षक
7566249934,Beena Bala Biswas ,Katni,BAHORIBAND,"23380111611, GHSS KUNWA",प्रतिभागी,शिक्षक
9589495141,Rajesh   ,Katni,BAHORIBAND,"23380111611, GHSS KUNWA",प्रतिभागी,शिक्षक
9926706287,Nidhi  Yadav ,Katni,BAHORIBAND,"23380111611, GHSS KUNWA",प्रतिभागी,शिक्षक
AN4202,Ratnesh Badgaiyan,Katni,BAHORIBAND,"23380111611, GHSS KUNWA",प्रतिभागी,शिक्षक
BN1234,Aruna Dubey,Katni,BAHORIBAND,"23380111611, GHSS KUNWA",प्रतिभागी,शिक्षक
AN3780,Shakun Patel,Katni,BAHORIBAND,"23380111017, GHSS B.S. TEORI",प्रतिभागी,शिक्षक
AN3792,Sarika Thakur,Katni,BAHORIBAND,"23380111017, GHSS B.S. TEORI",प्रतिभागी,शिक्षक
AT2836,Archana Namdev,Katni,BAHORIBAND,"23380111017, GHSS B.S. TEORI",प्रतिभागी,शिक्षक
BY1716,Sharda Dabre,Katni,BAHORIBAND,"23380111017, GHSS B.S. TEORI",प्रतिभागी,शिक्षक
CA9575,SOURABH KUMAR AGRAWAL,Katni,BAHORIBAND,"23380111019, GHSS KOODA MARDANGARGH",प्रतिभागी,शिक्षक
CD1402,GEETA ANURAGI,Katni,BAHORIBAND,"23380111019, GHSS KOODA MARDANGARGH",प्रतिभागी,शिक्षक
7509260239,Ramvishal  Lodhi ,Katni,BAHORIBAND,"23380117402, GHS DEORI MAVAI",प्रतिभागी,शिक्षक
9644943470,Roop Singh Patel ,Katni,BAHORIBAND,"23380117402, GHS DEORI MAVAI",प्रतिभागी,शिक्षक
AN7247,Vishnu Prasad,Katni,BAHORIBAND,"23380117402, GHS DEORI MAVAI",प्रतिभागी,शिक्षक
BZ7905,Ravi Shankar Bisen,Katni,BAHORIBAND,"23380117402, GHS DEORI MAVAI",प्रतिभागी,शिक्षक
BY5380,Kamlesh Lodhi,Katni,DHEEMAR KHEDA,"23380600115, GHSS EXCELLENCE UMARIA PAN",प्रतिभागी,शिक्षक
AN5108,Jyotsna Mehra,Katni,DHEEMAR KHEDA,"23380600114, GGHSS UMARIYA PAN",प्रतिभागी,शिक्षक
AN6564,Narendra Prasad Dubey,Katni,DHEEMAR KHEDA,"23380600114, GGHSS UMARIYA PAN",प्रतिभागी,शिक्षक
BV1772,Rajkumar Patel,Katni,DHEEMAR KHEDA,"23380600114, GGHSS UMARIYA PAN",प्रतिभागी,शिक्षक
AN3930,Darshan Singh Goud,Katni,DHEEMAR KHEDA,"23380625203, GHSS DHARWARA",प्रतिभागी,शिक्षक
AN5612,Sanad Kumar Haldkar,Katni,DHEEMAR KHEDA,"23380625203, GHSS DHARWARA",प्रतिभागी,शिक्षक
AN5977,Ramesh Kumar Kol,Katni,DHEEMAR KHEDA,"23380625203, GHSS DHARWARA",प्रतिभागी,शिक्षक
AN7121,Ram Krapal Haldkar,Katni,DHEEMAR KHEDA,"23380625203, GHSS DHARWARA",प्रतिभागी,शिक्षक
AN7168,Devi Singh,Katni,DHEEMAR KHEDA,"23380625203, GHSS DHARWARA",प्रतिभागी,शिक्षक
BK3487,Laxmi Kant Pathak,Katni,DHEEMAR KHEDA,"23380625203, GHSS DHARWARA",प्रतिभागी,शिक्षक
CD2140,TARUN THAKRE,Katni,DHEEMAR KHEDA,"23380625203, GHSS DHARWARA",प्रतिभागी,शिक्षक
CE1408,BAIJNATH BHUMIYA,Katni,DHEEMAR KHEDA,"23380625203, GHSS DHARWARA",प्रतिभागी,शिक्षक
DB1478,NEHA  MAHOBIYA,Katni,DHEEMAR KHEDA,"23380625203, GHSS DHARWARA",प्रतिभागी,शिक्षक
DB2108,SANT KUMAR,Katni,DHEEMAR KHEDA,"23380625203, GHSS DHARWARA",प्रतिभागी,शिक्षक
AN5136,Sunita Namdev,Katni,DHEEMAR KHEDA,"23380605305, GHSS DHEEMARKHEDA",प्रतिभागी,शिक्षक
BS4852,Umashankar Singh Thakur,Katni,DHEEMAR KHEDA,"23380605305, GHSS DHEEMARKHEDA",प्रतिभागी,शिक्षक
7582002861,Atul  Kumar ,Katni,DHEEMAR KHEDA,"23380609506, GHSS M K GANDHI DASHARMAN",प्रतिभागी,शिक्षक
9575870952,Roshnee  Kachhi ,Katni,DHEEMAR KHEDA,"23380609506, GHSS M K GANDHI DASHARMAN",प्रतिभागी,शिक्षक
AN4831,Keshav Prasad,Katni,DHEEMAR KHEDA,"23380609506, GHSS M K GANDHI DASHARMAN",प्रतिभागी,शिक्षक
AN4837,Bahori Lal Bagri,Katni,DHEEMAR KHEDA,"23380609506, GHSS M K GANDHI DASHARMAN",प्रतिभागी,शिक्षक
BX1526,Sangeeta Patel,Katni,DHEEMAR KHEDA,"23380609506, GHSS M K GANDHI DASHARMAN",प्रतिभागी,अन्य
CB2600,SUNITA KACHHWAHA,Katni,DHEEMAR KHEDA,"23380618610, GHSS SILONDI",प्रतिभागी,शिक्षक
AT1889,Shiv Singh Dhurve,Katni,DHEEMAR KHEDA,"23380612604, GHSS JHINNA PIPARIYA",प्रतिभागी,शिक्षक
BT4281,Shashi Dhurve,Katni,DHEEMAR KHEDA,"23380612604, GHSS JHINNA PIPARIYA",प्रतिभागी,शिक्षक
CD6889,ASHISH KUMAR,Katni,DHEEMAR KHEDA,"23380612604, GHSS JHINNA PIPARIYA",प्रतिभागी,शिक्षक
AN6538,Bharat Singh,Katni,DHEEMAR KHEDA,"23380617305, GHSS PAHARUA",प्रतिभागी,शिक्षक
AN6570,Peetamber Prasad Shukla,Katni,DHEEMAR KHEDA,"23380617305, GHSS PAHARUA",प्रतिभागी,सीएसी
AN7361,Ram Krapal Barman,Katni,DHEEMAR KHEDA,"23380618806, GHSS R K GOUTAM MURWARI",प्रतिभागी,शिक्षक
BM8861,Yeswant Singh Bisen,Katni,DHEEMAR KHEDA,"23380618806, GHSS R K GOUTAM MURWARI",प्रतिभागी,शिक्षक
AN4413,Rashmi Vishwkarma,Katni,KATNI,"23380212407, GHSS GIRLS CIVIL LINE",प्रतिभागी,शिक्षक
AN5408,Kiran Garg,Katni,KATNI,"23380212407, GHSS GIRLS CIVIL LINE",प्रतिभागी,शिक्षक
AN8426,DEEPIKA JAIN,Katni,KATNI,"23380212407, GHSS GIRLS CIVIL LINE",प्रतिभागी,शिक्षक
AV4127,Vandna Parauha,Katni,KATNI,"23380212407, GHSS GIRLS CIVIL LINE",प्रतिभागी,शिक्षक
BK1738,Pushpa Gupta,Katni,KATNI,"23380212407, GHSS GIRLS CIVIL LINE",प्रतिभागी,शिक्षक
BS8271,Manisha Kamble,Katni,KATNI,"23380212407, GHSS GIRLS CIVIL LINE",प्रतिभागी,शिक्षक
BS9479,Vandana Tripathi,Katni,KATNI,"23380212407, GHSS GIRLS CIVIL LINE",प्रतिभागी,शिक्षक
AN6755,Cresencia Kiro,Katni,KATNI,"23380215005, GHS KAILWARA KALAN",प्रतिभागी,शिक्षक
AW3702,Shilpa Saini,Katni,KATNI,"23380215005, GHS KAILWARA KALAN",प्रतिभागी,शिक्षक
8519052696,Chandra Praskash Bante ,Katni,KATNI,"23380206008, GHSS KANHWARA",प्रतिभागी,शिक्षक
AN5850,Bharat Lal Tiwari,Katni,KATNI,"23380206008, GHSS KANHWARA",प्रतिभागी,शिक्षक
AN8627,Moujee Lal Patel,Katni,KATNI,"23380206008, GHSS KANHWARA",प्रतिभागी,शिक्षक
AN5500,Shravan Kumar Pathak,Katni,KATNI,"23380206704, GHSS HARDUA",प्रतिभागी,शिक्षक
BT3551,Sonam Pandey,Katni,KATNI,"23380206704, GHSS HARDUA",प्रतिभागी,शिक्षक
CB6806,URVASHI PATHAK,Katni,KATNI,"23380206704, GHSS HARDUA",प्रतिभागी,शिक्षक
AN6113,Kamta Prasad Patel,Katni,KATNI,"23380207704, GHSS PIPROUNDH",प्रतिभागी,शिक्षक
BS3274,Rohini Tripathi,Katni,KATNI,"23380207704, GHSS PIPROUNDH",प्रतिभागी,शिक्षक
BS7616,Shikha Pandey,Katni,KATNI,"23380207704, GHSS PIPROUNDH",प्रतिभागी,शिक्षक
BS7854,Varsha Pandey,Katni,KATNI,"23380207704, GHSS PIPROUNDH",प्रतिभागी,शिक्षक
BS8690,Manorama Shrivatri,Katni,KATNI,"23380207704, GHSS PIPROUNDH",प्रतिभागी,शिक्षक
AI2136,Ruchi Sinha,Katni,KATNI,"23380211108, GHS HIRAPUR KOUDIA",प्रतिभागी,शिक्षक
AN5525,Suneet Kumar Pandey,Katni,KATNI,"23380211108, GHS HIRAPUR KOUDIA",प्रतिभागी,शिक्षक
AN5660,Balmukund Soni,Katni,KATNI,"23380211108, GHS HIRAPUR KOUDIA",प्रतिभागी,शिक्षक
AN7022,Chandrakali Choudhri,Katni,KATNI,"23380211108, GHS HIRAPUR KOUDIA",प्रतिभागी,शिक्षक
BM8255,Julekha Bee,Katni,KATNI,"23380211108, GHS HIRAPUR KOUDIA",प्रतिभागी,शिक्षक
BN2650,Arun Kumar Kol,Katni,KATNI,"23380211108, GHS HIRAPUR KOUDIA",प्रतिभागी,शिक्षक
BU7706,Sangeeta Ekka,Katni,KATNI,"23380211108, GHS HIRAPUR KOUDIA",प्रतिभागी,शिक्षक
AN4770,Pramodni Kol,Katni,KATNI,"23380216403, GHSS EXCELLENCE MADHAV NAGAR",प्रतिभागी,शिक्षक
AN4878,Manisha Nayak,Katni,KATNI,"23380216403, GHSS EXCELLENCE MADHAV NAGAR",प्रतिभागी,शिक्षक
AN5089,Shiv Kumar Tiwari,Katni,KATNI,"23380216403, GHSS EXCELLENCE MADHAV NAGAR",प्रतिभागी,शिक्षक
AN5664,Ashok Urmaliya,Katni,KATNI,"23380216403, GHSS EXCELLENCE MADHAV NAGAR",प्रतिभागी,शिक्षक
AN7851,Sunil Kumar Mishra,Katni,KATNI,"23380216403, GHSS EXCELLENCE MADHAV NAGAR",प्रतिभागी,शिक्षक
AN2539,Rampratap Dahiya,Katni,KATNI,"23380209507, GHSS VENKATWARD",प्रतिभागी,शिक्षक
AN4766,Swati Nayak,Katni,KATNI,"23380209507, GHSS VENKATWARD",प्रतिभागी,शिक्षक
AN5796,Rekha Shukla,Katni,KATNI,"23380209507, GHSS VENKATWARD",प्रतिभागी,शिक्षक
AN6935,Kamlesh Kumar Gadari,Katni,KATNI,"23380209507, GHSS VENKATWARD",प्रतिभागी,शिक्षक
AN8181,Babu Ram Patel,Katni,KATNI,"23380209507, GHSS VENKATWARD",प्रतिभागी,शिक्षक
AT2735,Devi Singh,Katni,KATNI,"23380209507, GHSS VENKATWARD",प्रतिभागी,शिक्षक
BR9143,Babita Saxena,Katni,KATNI,"23380209507, GHSS VENKATWARD",प्रतिभागी,शिक्षक
BS8620,Laxmi Gupta,Katni,KATNI,"23380209507, GHSS VENKATWARD",प्रतिभागी,शिक्षक
BT2884,Rajshree Raikwar,Katni,KATNI,"23380209507, GHSS VENKATWARD",प्रतिभागी,शिक्षक
BU6687,Lal Bahadur Rajak,Katni,KATNI,"23380209507, GHSS VENKATWARD",प्रतिभागी,शिक्षक
AN6782,Anand Sharan,Katni,RITHI,"23380400706, GHSS GHUGHRA",प्रतिभागी,शिक्षक
BS7000,Tula Ram Kushwaha,Katni,RITHI,"23380400706, GHSS GHUGHRA",प्रतिभागी,शिक्षक
AN5240,Panna Lal Kori,Katni,RITHI,"23380401719, GHSS BILAHRI",प्रतिभागी,शिक्षक
AN6018,Shalabh Kumar Shukla,Katni,RITHI,"23380401719, GHSS BILAHRI",प्रतिभागी,शिक्षक
AT2636,SUKLAL CHAKRAWARTI,Katni,RITHI,"23380401719, GHSS BILAHRI",प्रतिभागी,शिक्षक
BM9305,Deepmala Gupta,Katni,RITHI,"23380402704, GHSS NITARRA",प्रतिभागी,शिक्षक
BT2185,Chandrika Prasad Pal,Katni,RITHI,"23380402704, GHSS NITARRA",प्रतिभागी,शिक्षक
AN2592,Ram Vishal Chouhan,Katni,RITHI,"23380403703, GHSS DEOGAON",प्रतिभागी,शिक्षक
AN2479,Harkesh Kumar Khatik,Katni,RITHI,"23380405504, GHSS GURJI KALAN",प्रतिभागी,शिक्षक
AN7071,Kranti Kushwaha,Katni,RITHI,"23380405504, GHSS GURJI KALAN",प्रतिभागी,शिक्षक
AN2460,Sarooplal Chamar,Katni,RITHI,"23380404914, GHSS BADGAON",प्रतिभागी,शिक्षक
AN6830,Arti Shrivastav,Katni,RITHI,"23380409912, GHSS EXELLENCE RITHI",प्रतिभागी,शिक्षक
BB9502,Seema Singh,Katni,VIJAY RAGHAVGARH,"23380500704, GHSS BARHATA",प्रतिभागी,शिक्षक
BS7745,Rajesh Kumar Choudhary,Katni,VIJAY RAGHAVGARH,"23380500704, GHSS BARHATA",प्रतिभागी,शिक्षक
BT4521,Bharti Singh Rajput,Katni,VIJAY RAGHAVGARH,"23380500704, GHSS BARHATA",प्रतिभागी,शिक्षक
AN5864,Raj Kumar Patel,Katni,VIJAY RAGHAVGARH,"23380514009, GHS NANHWARA KALAN",प्रतिभागी,शिक्षक
AN8548,Prem Bai Patel,Katni,VIJAY RAGHAVGARH,"23380514009, GHS NANHWARA KALAN",प्रतिभागी,शिक्षक
AN8107,Chet Lal Yadav,Katni,VIJAY RAGHAVGARH,"23380514005, GHSS KARITALAI",प्रतिभागी,शिक्षक
BM8529,Chandra Bhan Patel,Katni,VIJAY RAGHAVGARH,"23380514005, GHSS KARITALAI",प्रतिभागी,शिक्षक
AN8059,Ram Gopal Singh,Katni,VIJAY RAGHAVGARH,"23380508607, GHSS HARRAIYA",प्रतिभागी,सीएसी
AN8365,Rakesh Singh,Katni,VIJAY RAGHAVGARH,"23380508607, GHSS HARRAIYA",प्रतिभागी,शिक्षक
BT1023,Dukhbhanjan Patel,Katni,VIJAY RAGHAVGARH,"23380508607, GHSS HARRAIYA",प्रतिभागी,शिक्षक
AN8462,Sunil Singh,Katni,VIJAY RAGHAVGARH,"23380511304, GHS DOKARIYA",प्रतिभागी,सीएसी
BW1352,Vijay Kumar Tiwari,Katni,VIJAY RAGHAVGARH,"23380514007, GHSS ITOURA",प्रतिभागी,शिक्षक
7024418605,Meenu Shukla   ,Katni,VIJAY RAGHAVGARH,"23380514002, GHSS EXECELLLENCE V.GARH",प्रतिभागी,शिक्षक
7898571185,Deepak  Mishra ,Katni,VIJAY RAGHAVGARH,"23380514002, GHSS EXECELLLENCE V.GARH",प्रतिभागी,शिक्षक
AN7931,Rachna Mishra,Katni,VIJAY RAGHAVGARH,"23380514002, GHSS EXECELLLENCE V.GARH",प्रतिभागी,शिक्षक
BQ7315,Devki Choudhary,Katni,VIJAY RAGHAVGARH,"23380514002, GHSS EXECELLLENCE V.GARH",प्रतिभागी,शिक्षक
BS8930,Mo. Shamim Khan,Katni,VIJAY RAGHAVGARH,"23380514002, GHSS EXECELLLENCE V.GARH",प्रतिभागी,शिक्षक
BT8936,Seema Dixit,Katni,VIJAY RAGHAVGARH,"23380514002, GHSS EXECELLLENCE V.GARH",प्रतिभागी,शिक्षक
8878374354,Vinod  Patel ,Katni,VIJAY RAGHAVGARH,"23380514004, GHSS SINGODI",प्रतिभागी,शिक्षक
9685765733,Shyam Karan Yadav ,Katni,VIJAY RAGHAVGARH,"23380514004, GHSS SINGODI",प्रतिभागी,शिक्षक
AO1855,Hemraj Pawar,Khandwa,BALADI,"23290105709, GOVT. HSS EXCELLENCE KILLOD",प्रतिभागी,शिक्षक
AO1870,Mohsin Shekh,Khandwa,BALADI,"23290105709, GOVT. HSS EXCELLENCE KILLOD",प्रतिभागी,शिक्षक
AO1895,Mukesh Tanwar,Khandwa,BALADI,"23290105709, GOVT. HSS EXCELLENCE KILLOD",प्रतिभागी,शिक्षक
AO2284,Firoz Khan,Khandwa,BALADI,"23290105709, GOVT. HSS EXCELLENCE KILLOD",प्रतिभागी,शिक्षक
AO2301,Shanti Bai,Khandwa,BALADI,"23290105709, GOVT. HSS EXCELLENCE KILLOD",प्रतिभागी,शिक्षक
AO2322,Ajab Singh,Khandwa,BALADI,"23290105709, GOVT. HSS EXCELLENCE KILLOD",प्रतिभागी,शिक्षक
AO2716,Ramkrishna Gayakwad,Khandwa,BALADI,"23290105709, GOVT. HSS EXCELLENCE KILLOD",प्रतिभागी,शिक्षक
AO2919,Sadhana Sharma,Khandwa,BALADI,"23290105709, GOVT. HSS EXCELLENCE KILLOD",प्रतिभागी,शिक्षक
CD8922,SANTOSH RAWAT,Khandwa,BALADI,"23290101304, GOVT. HS BHAGWANPURA",प्रतिभागी,शिक्षक
AO2414,Meera Sisodiya,Khandwa,CHHAIGAONMAKHAN,"23290303507, GOVT. HS DULHAR",प्रतिभागी,शिक्षक
BR2371,Vipin Rathore,Khandwa,CHHAIGAONMAKHAN,"23290303507, GOVT. HS DULHAR",प्रतिभागी,शिक्षक
BU1824,Vinay Malviya,Khandwa,CHHAIGAONMAKHAN,"23290303507, GOVT. HS DULHAR",प्रतिभागी,शिक्षक
AO1613,Manoj Kumar Majumdar,Khandwa,CHHAIGAONMAKHAN,"23290300210, GOVT. HSS AHMEDPUR KHAIGAON",प्रतिभागी,शिक्षक
AO1616,Roomli Jamra,Khandwa,CHHAIGAONMAKHAN,"23290300210, GOVT. HSS AHMEDPUR KHAIGAON",प्रतिभागी,शिक्षक
AD4447,Sukhdew Kanade,Khandwa,CHHAIGAONMAKHAN,"23290302411, GOVT. HSS EXCELLENCE CHHAIGAONMAKHAN",प्रतिभागी,शिक्षक
AO2700,Tasneem Malik,Khandwa,CHHAIGAONMAKHAN,"23290302411, GOVT. HSS EXCELLENCE CHHAIGAONMAKHAN",प्रतिभागी,शिक्षक
BK2156,Akhilesh Kumar Atre,Khandwa,CHHAIGAONMAKHAN,"23290302411, GOVT. HSS EXCELLENCE CHHAIGAONMAKHAN",प्रतिभागी,अन्य
BY8003,Arvind Kumar Gupta,Khandwa,CHHAIGAONMAKHAN,"23290302411, GOVT. HSS EXCELLENCE CHHAIGAONMAKHAN",प्रतिभागी,शिक्षक
AN8825,Ratnesh Bala,Khandwa,CHHAIGAONMAKHAN,"23290302608, GOVT. HSS CHICHGOHAN",प्रतिभागी,शिक्षक
AN9495,Maya Bhalray,Khandwa,CHHAIGAONMAKHAN,"23290301409, GOVT. HSS BARUD",प्रतिभागी,शिक्षक
AO2079,ANJU CHOUHAN,Khandwa,CHHAIGAONMAKHAN,"23290301409, GOVT. HSS BARUD",प्रतिभागी,शिक्षक
BR1585,Shweta Kaithwas,Khandwa,CHHAIGAONMAKHAN,"23290301409, GOVT. HSS BARUD",प्रतिभागी,शिक्षक
BV6323,Maya Bhagore,Khandwa,CHHAIGAONMAKHAN,"23290301409, GOVT. HSS BARUD",प्रतिभागी,शिक्षक
BY1517,Nafisa Khan,Khandwa,CHHAIGAONMAKHAN,"23290301409, GOVT. HSS BARUD",प्रतिभागी,शिक्षक
AN9138,Archana Gangrade,Khandwa,HARSUD,"23290402618, GOVT. HS CHHANERA",प्रतिभागी,शिक्षक
AO2969,Rameshwar Tawar,Khandwa,HARSUD,"23290402618, GOVT. HS CHHANERA",प्रतिभागी,शिक्षक
BZ1991,Sushma Jounjare,Khandwa,HARSUD,"23290410703, GOVT. HSS EXCELLENCE HARUSD",प्रतिभागी,शिक्षक
BT7592,Sunita Wankhede,Khandwa,HARSUD,"23290410803, GOVT. HSS GIRLS HARSUD",प्रतिभागी,शिक्षक
AN9270,Seema Chouhan,Khandwa,HARSUD,"23290406007, GOVT. HS MOJWADI",प्रतिभागी,शिक्षक
AN9272,Rajeshri Birle,Khandwa,HARSUD,"23290406007, GOVT. HS MOJWADI",प्रतिभागी,शिक्षक
AO3175,Chhagansa Kavde,Khandwa,KHALWA,"23290605005, GOVT. HSS GULAIMAL",प्रतिभागी,शिक्षक
BP3767,Ramdas Patel,Khandwa,KHALWA,"23290607912, GOVT. HSS KHARKALA",प्रतिभागी,शिक्षक
AO3300,Prembai Thakur,Khandwa,KHALWA,"23290608108, GOVT. HSS KHEDI",प्रतिभागी,शिक्षक
AO3352,Lata Kove,Khandwa,KHALWA,"23290608108, GOVT. HSS KHEDI",प्रतिभागी,शिक्षक
AO3170,Chhaganlal Gohare,Khandwa,KHALWA,"23290611504, GOVT. HSS PATAJAN",प्रतिभागी,शिक्षक
AO3434,Umashankar Mishra,Khandwa,KHALWA,"23290611504, GOVT. HSS PATAJAN",प्रतिभागी,शिक्षक
AO3458,Rajesh Kumar Patel,Khandwa,KHALWA,"23290611504, GOVT. HSS PATAJAN",प्रतिभागी,शिक्षक
AO3435,Kishan Raniya,Khandwa,KHALWA,"23290600805, GOVT. HSS AVLYA",प्रतिभागी,शिक्षक
BN7335,Pankaj Meena,Khandwa,KHALWA,"23290600805, GOVT. HSS AVLYA",प्रतिभागी,शिक्षक
AO3453,Sushila Kajle,Khandwa,KHALWA,"23290614106, GOVT. HSS SUNDERDEO",प्रतिभागी,शिक्षक
BN8417,Shrinivas Prajapati,Khandwa,KHALWA,"23290614106, GOVT. HSS SUNDERDEO",प्रतिभागी,शिक्षक
BR7996,Ashok Narre,Khandwa,KHALWA,"23290612608, GOVT. HSS ROSHANI",प्रतिभागी,शिक्षक
AN9306,Anjula Atut,Khandwa,KHANDWA,"23290709904, GOVT. HSS GIRLS SURAJKUND",प्रतिभागी,शिक्षक
AN9374,Ashvini Khot,Khandwa,KHANDWA,"23290709904, GOVT. HSS GIRLS SURAJKUND",प्रतिभागी,शिक्षक
AN9898,Nidhi Piplode,Khandwa,KHANDWA,"23290709904, GOVT. HSS GIRLS SURAJKUND",प्रतिभागी,शिक्षक
BW5586,Rajesh Panchore,Khandwa,KHANDWA,"23290709904, GOVT. HSS GIRLS SURAJKUND",प्रतिभागी,शिक्षक
AN9385,Bhagwan Ji Kanade,Khandwa,KHANDWA,"23290713111, GOVT. HSS GIRLS MLB",प्रतिभागी,शिक्षक
AO1800,Vidhya Soni,Khandwa,KHANDWA,"23290713111, GOVT. HSS GIRLS MLB",प्रतिभागी,शिक्षक
AO2461,Isharat Ali,Khandwa,KHANDWA,"23290713111, GOVT. HSS GIRLS MLB",प्रतिभागी,शिक्षक
AO2671,Preeti Mishra,Khandwa,KHANDWA,"23290713111, GOVT. HSS GIRLS MLB",प्रतिभागी,शिक्षक
BT8633,Anshu Kothari,Khandwa,KHANDWA,"23290713111, GOVT. HSS GIRLS MLB",प्रतिभागी,शिक्षक
BV8737,Antim Bala Sharma,Khandwa,KHANDWA,"23290713111, GOVT. HSS GIRLS MLB",प्रतिभागी,शिक्षक
AN9359,Meena Khare,Khandwa,KHANDWA,"23290712515, GOVT. HSS MOTILAL NEHRU KHANDWA",प्रतिभागी,शिक्षक
AO4786,Dagdusingh Aalse,Khandwa,KHANDWA,"23290712515, GOVT. HSS MOTILAL NEHRU KHANDWA",प्रतिभागी,शिक्षक
BR1833,Bhimrao Bhopte,Khandwa,KHANDWA,"23290712515, GOVT. HSS MOTILAL NEHRU KHANDWA",प्रतिभागी,शिक्षक
BY5596,Mahesh Tanwar,Khandwa,KHANDWA,"23290712515, GOVT. HSS MOTILAL NEHRU KHANDWA",प्रतिभागी,शिक्षक
CE4937,UMESH NEWARE,Khandwa,KHANDWA,"23290712515, GOVT. HSS MOTILAL NEHRU KHANDWA",प्रतिभागी,शिक्षक
AN9368,Devendra Singh Varma,Khandwa,KHANDWA,"23290708609, GOVT. HSS SIHADA",प्रतिभागी,शिक्षक
AO2073,Sayra Faruqui,Khandwa,KHANDWA,"23290708609, GOVT. HSS SIHADA",प्रतिभागी,शिक्षक
AO2367,Nafisa Patel,Khandwa,KHANDWA,"23290708609, GOVT. HSS SIHADA",प्रतिभागी,शिक्षक
BR2391,Sameena Parveen,Khandwa,KHANDWA,"23290708609, GOVT. HSS SIHADA",प्रतिभागी,शिक्षक
AO2511,Jyoti Panat,Khandwa,KHANDWA,"23290704408, GOVT. HSS JAWAR",प्रतिभागी,शिक्षक
BN7899,Ashok Malviya,Khandwa,KHANDWA,"23290704408, GOVT. HSS JAWAR",प्रतिभागी,शिक्षक
BV3261,Pramila Chauhan,Khandwa,KHANDWA,"23290704408, GOVT. HSS JAWAR",प्रतिभागी,शिक्षक
CC8752,NITIN MALVIYA,Khandwa,KHANDWA,"23290704408, GOVT. HSS JAWAR",प्रतिभागी,शिक्षक
AF4508,Komalchand Goalkar,Khandwa,KHANDWA,"23290700605, GOVT. HSS BADGAON GUJAR",प्रतिभागी,शिक्षक
AN9945,Vijay Kumar Sen,Khandwa,KHANDWA,"23290700605, GOVT. HSS BADGAON GUJAR",प्रतिभागी,शिक्षक
AO2621,Vandana Kothare,Khandwa,KHANDWA,"23290700605, GOVT. HSS BADGAON GUJAR",प्रतिभागी,शिक्षक
AO2682,Anita Nagar,Khandwa,KHANDWA,"23290700605, GOVT. HSS BADGAON GUJAR",प्रतिभागी,शिक्षक
BS8024,Madhuri Tripathi,Khandwa,KHANDWA,"23290700605, GOVT. HSS BADGAON GUJAR",प्रतिभागी,सीएसी
BW6588,Pratibha Sali,Khandwa,KHANDWA,"23290700605, GOVT. HSS BADGAON GUJAR",प्रतिभागी,शिक्षक
AN9846,Nandlal Laad,Khandwa,PANDHANA,"23290803907, GOVT. HSS GANDHWA",प्रतिभागी,शिक्षक
DB1610,KAMLESH  KHARTE,Khandwa,PANDHANA,"23290803907, GOVT. HSS GANDHWA",प्रतिभागी,शिक्षक
AN8926,Lakhanlal Bare,Khandwa,PANDHANA,"23290809010, GOVT. HSS  PIPLOD KHAS",प्रतिभागी,शिक्षक
AO1145,Annu Goyal,Khandwa,PANDHANA,"23290812709, GOVT. HSS EXCELLENCE PANDHANA",प्रतिभागी,शिक्षक
AO1146,Seema Pawar,Khandwa,PANDHANA,"23290812709, GOVT. HSS EXCELLENCE PANDHANA",प्रतिभागी,शिक्षक
AO1182,Subhadra Bai,Khandwa,PANDHANA,"23290812709, GOVT. HSS EXCELLENCE PANDHANA",प्रतिभागी,शिक्षक
AO1351,Suchita Rathor,Khandwa,PANDHANA,"23290812709, GOVT. HSS EXCELLENCE PANDHANA",प्रतिभागी,शिक्षक
DB1869,LALITA  PRAJAPATI,Khandwa,PANDHANA,"23290803708, GOVT. HS DIWAL",प्रतिभागी,शिक्षक
AF3292,Jitendra Pagare,Khandwa,PANDHANA,"23290800509, GOVT. HSS ARUD",प्रतिभागी,शिक्षक
CE4162,NISHA LALSINGH,Khandwa,PANDHANA,"23290800509, GOVT. HSS ARUD",प्रतिभागी,शिक्षक
DB1614,RAJU SINGH BAGHEL,Khandwa,PANDHANA,"23290800509, GOVT. HSS ARUD",प्रतिभागी,शिक्षक
AN9036,Neetu Soni,Khandwa,PANDHANA,"23290802625, GOVT. HSS BORGAON BUJURG",प्रतिभागी,शिक्षक
AN9079,Sunita Patil,Khandwa,PANDHANA,"23290802625, GOVT. HSS BORGAON BUJURG",प्रतिभागी,शिक्षक
AN9111,Sangita Bourasiya,Khandwa,PANDHANA,"23290802625, GOVT. HSS BORGAON BUJURG",प्रतिभागी,शिक्षक
AO2425,Surekha Tapase,Khandwa,PANDHANA,"23290802625, GOVT. HSS BORGAON BUJURG",प्रतिभागी,शिक्षक
BS4450,Sangeeta Soni,Khandwa,PANDHANA,"23290802625, GOVT. HSS BORGAON BUJURG",प्रतिभागी,शिक्षक
CE2580,RAKHI MALVI,Khandwa,PANDHANA,"23290802625, GOVT. HSS BORGAON BUJURG",प्रतिभागी,शिक्षक
AN9292,Prakash Thakur,Khandwa,PANDHANA,"23290806909, GOVT. HSS KOHDAR",प्रतिभागी,शिक्षक
AN9852,Rekha Maskole,Khandwa,PANDHANA,"23290806909, GOVT. HSS KOHDAR",प्रतिभागी,शिक्षक
BN5130,Mahendra Danal,Khandwa,PANDHANA,"23290806909, GOVT. HSS KOHDAR",प्रतिभागी,शिक्षक
DB1611,GANPAT  KALME,Khandwa,PANDHANA,"23290806909, GOVT. HSS KOHDAR",प्रतिभागी,शिक्षक
AN9867,Vinod Mukati,Khandwa,PANDHANA,"23290811410, GOVT. HSS SINGOT",प्रतिभागी,शिक्षक
AN9875,Usha Mandlekar,Khandwa,PANDHANA,"23290811410, GOVT. HSS SINGOT",प्रतिभागी,शिक्षक
CB1678,AMIT VISHWAS,Khandwa,PANDHANA,"23290811410, GOVT. HSS SINGOT",प्रतिभागी,शिक्षक
AN9864,Yadavendra Chouhan,Khandwa,PANDHANA,"23290804707, GOVT. HSS GUDIKHEDA",प्रतिभागी,शिक्षक
AO1582,Kiran Kanade,Khandwa,PANDHANA,"23290804707, GOVT. HSS GUDIKHEDA",प्रतिभागी,शिक्षक
AN9571,Shyam Kunwar,Khandwa,PUNASA,"23290915104, GOVT. HSS GIRLS MUNDI",प्रतिभागी,शिक्षक
AN9612,Sunita Farkale,Khandwa,PUNASA,"23290915104, GOVT. HSS GIRLS MUNDI",प्रतिभागी,शिक्षक
AO1774,Sushma Atoot,Khandwa,PUNASA,"23290915104, GOVT. HSS GIRLS MUNDI",प्रतिभागी,शिक्षक
AO4481,Riyaz Mohammed Khan,Khandwa,PUNASA,"23290915104, GOVT. HSS GIRLS MUNDI",प्रतिभागी,शिक्षक
AO4534,Premlal Kothare,Khandwa,PUNASA,"23290915104, GOVT. HSS GIRLS MUNDI",प्रतिभागी,शिक्षक
BP4045,Jaypal Bachhaniya,Khandwa,PUNASA,"23290915104, GOVT. HSS GIRLS MUNDI",प्रतिभागी,शिक्षक
BR1967,Ashish Pawar,Khandwa,PUNASA,"23290915104, GOVT. HSS GIRLS MUNDI",प्रतिभागी,शिक्षक
AO2580,Vijay Singh Padram,Khandwa,PUNASA,"23290912817, GOVT. HSS EXCELLENCE, PUNASA",प्रतिभागी,शिक्षक
AO2684,Barkha Yadaw,Khandwa,PUNASA,"23290912817, GOVT. HSS EXCELLENCE, PUNASA",प्रतिभागी,शिक्षक
AO4416,Champalal Thakur,Khandwa,PUNASA,"23290912817, GOVT. HSS EXCELLENCE, PUNASA",प्रतिभागी,शिक्षक
AO4462,Mansha Ram Kushwah,Khandwa,PUNASA,"23290912817, GOVT. HSS EXCELLENCE, PUNASA",प्रतिभागी,शिक्षक
AP4500,Rameshwar Chouhan,Khandwa,PUNASA,"23290912817, GOVT. HSS EXCELLENCE, PUNASA",प्रतिभागी,शिक्षक
BR1386,Rashmi Dode,Khandwa,PUNASA,"23290912817, GOVT. HSS EXCELLENCE, PUNASA",प्रतिभागी,शिक्षक
BX2817,Girvar Rangeele,Khandwa,PUNASA,"23290912817, GOVT. HSS EXCELLENCE, PUNASA",प्रतिभागी,शिक्षक
AN9931,Sunil Kumar Rathore,Khandwa,PUNASA,"23290914110, GOVT. HSS SULGAON",प्रतिभागी,शिक्षक
AO1427,Pannalal Dhope,Khandwa,PUNASA,"23290914110, GOVT. HSS SULGAON",प्रतिभागी,शिक्षक
AO1446,Sugar Solanki,Khandwa,PUNASA,"23290914110, GOVT. HSS SULGAON",प्रतिभागी,शिक्षक
AO2643,Jayshri Chouhan,Khandwa,PUNASA,"23290914110, GOVT. HSS SULGAON",प्रतिभागी,शिक्षक
AO2697,Nanakram Mandle,Khandwa,PUNASA,"23290914110, GOVT. HSS SULGAON",प्रतिभागी,शिक्षक
AO4502,Chintaram Bhalekar,Khandwa,PUNASA,"23290916605, GOVT. HSS OMKARESHWAR",प्रतिभागी,शिक्षक
AO4611,Vishnupuri Goswami,Khandwa,PUNASA,"23290916605, GOVT. HSS OMKARESHWAR",प्रतिभागी,शिक्षक
AO4626,Jeevanlata Patel,Khandwa,PUNASA,"23290916605, GOVT. HSS OMKARESHWAR",प्रतिभागी,शिक्षक
AO4635,Sanjay Kalme,Khandwa,PUNASA,"23290916605, GOVT. HSS OMKARESHWAR",प्रतिभागी,शिक्षक
BU7153,Manoj Kumar Mansare,Khandwa,PUNASA,"23290916605, GOVT. HSS OMKARESHWAR",प्रतिभागी,शिक्षक
CD1409,POONAM RATHORE,Khandwa,PUNASA,"23290915503, GOVT. HSS BOYS MUNDI",प्रतिभागी,शिक्षक
AO5618,Ranjit Chouhan,Khargone,BADWAHA,"23271308657, GOVT. HSS GIRLS BARWAHA",प्रतिभागी,शिक्षक
AO5662,Jeevan Singh Mandloi,Khargone,BADWAHA,"23271308657, GOVT. HSS GIRLS BARWAHA",प्रतिभागी,शिक्षक
AO5687,Krishna Masare,Khargone,BADWAHA,"23271308657, GOVT. HSS GIRLS BARWAHA",प्रतिभागी,शिक्षक
AO5735,Dilip Kumar Musle,Khargone,BADWAHA,"23271308657, GOVT. HSS GIRLS BARWAHA",प्रतिभागी,शिक्षक
AO5929,Ranjeet Singh Thakur,Khargone,BADWAHA,"23271308657, GOVT. HSS GIRLS BARWAHA",प्रतिभागी,शिक्षक
AU6831,Nirmala Savle,Khargone,BADWAHA,"23271308657, GOVT. HSS GIRLS BARWAHA",प्रतिभागी,शिक्षक
BV1875,Rameshwar Kadole,Khargone,BADWAHA,"23271308657, GOVT. HSS GIRLS BARWAHA",प्रतिभागी,शिक्षक
BQ8284,Samoti Thakur,Khargone,BADWAHA,"23271308658, GOVT. HSS BOYS EXCELLENCE  BARWAHA",प्रतिभागी,शिक्षक
BR1287,Manisha Sitole,Khargone,BADWAHA,"23271308658, GOVT. HSS BOYS EXCELLENCE  BARWAHA",प्रतिभागी,शिक्षक
BU5758,Rachana Verma,Khargone,BADWAHA,"23271308658, GOVT. HSS BOYS EXCELLENCE  BARWAHA",प्रतिभागी,शिक्षक
BR6987,Vinod Bhatore,Khargone,BADWAHA,"23271300605, GOVT. HS UMRIYA GRAM",प्रतिभागी,शिक्षक
AO5728,Himmat Singh Jagati,Khargone,BADWAHA,"23271315310, GOVT. HSS JETHWAY",प्रतिभागी,शिक्षक
AO9338,Suresh Rokade,Khargone,BADWAHA,"23271315310, GOVT. HSS JETHWAY",प्रतिभागी,शिक्षक
AP1556,Kanta Bai,Khargone,BADWAHA,"23271315310, GOVT. HSS JETHWAY",प्रतिभागी,शिक्षक
AO5693,Savita Yadav,Khargone,BADWAHA,"23271326210, GOVT. HSS BAGOD",प्रतिभागी,शिक्षक
AO5723,Dipak Choudhri,Khargone,BADWAHA,"23271326210, GOVT. HSS BAGOD",प्रतिभागी,शिक्षक
AO6084,Sugan Verma,Khargone,BADWAHA,"23271326210, GOVT. HSS BAGOD",प्रतिभागी,शिक्षक
AO6090,Dharam Singh Solanki,Khargone,BADWAHA,"23271326210, GOVT. HSS BAGOD",प्रतिभागी,शिक्षक
AO5703,Neelam Chourasiya,Khargone,BADWAHA,"23271316808, GOVT. HSS BALWADA",प्रतिभागी,शिक्षक
AO5767,Dilraj Kaur,Khargone,BADWAHA,"23271316808, GOVT. HSS BALWADA",प्रतिभागी,शिक्षक
AP1582,Jaishree Dharwal,Khargone,BADWAHA,"23271302113, GOVT. HSS KATKUT",प्रतिभागी,शिक्षक
AT1611,Vishram Singh Chouhan,Khargone,BADWAHA,"23271302113, GOVT. HSS KATKUT",प्रतिभागी,शिक्षक
AO6309,Santosh Kumar Awasya,Khargone,BADWAHA,"23271302205, GOVT. HS SORTHI BARUL",प्रतिभागी,शिक्षक
AO6557,Jitendra Singh Panwar,Khargone,BADWAHA,"23271316008, GOVT. HSS AMBA",प्रतिभागी,शिक्षक
CF7379,MEENAKSHI LEVA,Khargone,BADWAHA,"23271316008, GOVT. HSS AMBA",प्रतिभागी,शिक्षक
AO6324,Munaver Khan Pathan,Khargone,BADWAHA,"23271306516, GOVT. HSS BEDIYA",प्रतिभागी,शिक्षक
AO6548,Ransinh Jamre,Khargone,BADWAHA,"23271306516, GOVT. HSS BEDIYA",प्रतिभागी,शिक्षक
AO6056,Shivram Mangiya Hirve,Khargone,BADWAHA,"23271300907, GOVT. HS BHULGAON",प्रतिभागी,शिक्षक
AL6346,Harish Kumar Panwar,Khargone,BADWAHA,"23271328614, GOVT. HS BADUD",प्रतिभागी,शिक्षक
AP4631,Narendra Johra,Khargone,BADWAHA,"23271328614, GOVT. HS BADUD",प्रतिभागी,शिक्षक
AP4686,Tilokchand Mandare,Khargone,BADWAHA,"23271328614, GOVT. HS BADUD",प्रतिभागी,शिक्षक
BP6746,Sevakram Birla,Khargone,BADWAHA,"23271328614, GOVT. HS BADUD",प्रतिभागी,शिक्षक
BR7183,Shailendra Singh Mandloi,Khargone,BADWAHA,"23271328614, GOVT. HS BADUD",प्रतिभागी,शिक्षक
AO6527,Ayasha Sheikh,Khargone,BADWAHA,"23271327640, GOVT.  HSS GIRLS SANAWAD",प्रतिभागी,शिक्षक
AO6565,Radheshyam Verma,Khargone,BADWAHA,"23271327640, GOVT.  HSS GIRLS SANAWAD",प्रतिभागी,शिक्षक
AO9142,Devram Mandloi,Khargone,BADWAHA,"23271327640, GOVT.  HSS GIRLS SANAWAD",प्रतिभागी,शिक्षक
AP4413,Mamta Rathor,Khargone,BADWAHA,"23271327640, GOVT.  HSS GIRLS SANAWAD",प्रतिभागी,शिक्षक
AP4428,Yogesh Sharma,Khargone,BADWAHA,"23271327640, GOVT.  HSS GIRLS SANAWAD",प्रतिभागी,शिक्षक
AP4430,Varsha Geete,Khargone,BADWAHA,"23271327640, GOVT.  HSS GIRLS SANAWAD",प्रतिभागी,शिक्षक
AP4655,Sushila Bamanke,Khargone,BADWAHA,"23271327640, GOVT.  HSS GIRLS SANAWAD",प्रतिभागी,शिक्षक
AQ7155,Kerama More,Khargone,BADWAHA,"23271327640, GOVT.  HSS GIRLS SANAWAD",प्रतिभागी,शिक्षक
BR7187,Sangeeta Sajjan,Khargone,BADWAHA,"23271327640, GOVT.  HSS GIRLS SANAWAD",प्रतिभागी,शिक्षक
BX3931,Bindu Rathod,Khargone,BADWAHA,"23271327640, GOVT.  HSS GIRLS SANAWAD",प्रतिभागी,शिक्षक
BX7320,Kalpana Namdev,Khargone,BADWAHA,"23271327640, GOVT.  HSS GIRLS SANAWAD",प्रतिभागी,शिक्षक
AO5983,Rakesh Chaturvedi,Khargone,BADWAHA,"23271310406, GOVT. HS BASWA",प्रतिभागी,शिक्षक
AP2919,Raysingh Chouhan,Khargone,BADWAHA,"23271310406, GOVT. HS BASWA",प्रतिभागी,शिक्षक
AP2922,Jagdish Chandra Shah,Khargone,BADWAHA,"23271310406, GOVT. HS BASWA",प्रतिभागी,शिक्षक
AP4656,Dinesh Kumar Rathore,Khargone,BADWAHA,"23271310406, GOVT. HS BASWA",प्रतिभागी,शिक्षक
BZ2693,Vinita Kaithwas,Khargone,BADWAHA,"23271310406, GOVT. HS BASWA",प्रतिभागी,शिक्षक
AO4979,Trilokchand Rathor,Khargone,BHAGWANPURA,"23270606306, GOVT. HS BAHADARPURA",प्रतिभागी,शिक्षक
AO7663,Manoj Billore,Khargone,BHAGWANPURA,"23270606306, GOVT. HS BAHADARPURA",प्रतिभागी,शिक्षक
AO7717,Dhannalal Chokle,Khargone,BHAGWANPURA,"23270606306, GOVT. HS BAHADARPURA",प्रतिभागी,शिक्षक
BR3417,Sarika Nigole,Khargone,BHAGWANPURA,"23270606306, GOVT. HS BAHADARPURA",प्रतिभागी,शिक्षक
BR3419,Josef Sulya,Khargone,BHAGWANPURA,"23270606306, GOVT. HS BAHADARPURA",प्रतिभागी,शिक्षक
AO5375,Rajesh Patidar,Khargone,BHAGWANPURA,"23270604810, GOVT. HS BHAGYAPUR",प्रतिभागी,शिक्षक
AO7739,Manjula Mandloi,Khargone,BHAGWANPURA,"23270604810, GOVT. HS BHAGYAPUR",प्रतिभागी,शिक्षक
AO7804,Mahesh Udasi,Khargone,BHAGWANPURA,"23270604810, GOVT. HS BHAGYAPUR",प्रतिभागी,शिक्षक
BQ3959,Vilas Suliya,Khargone,BHAGWANPURA,"23270604810, GOVT. HS BHAGYAPUR",प्रतिभागी,शिक्षक
BT7340,Shobha Sisodiya,Khargone,BHAGWANPURA,"23270604810, GOVT. HS BHAGYAPUR",प्रतिभागी,शिक्षक
BR3421,Lalita Gupta,Khargone,BHAGWANPURA,"23270603208, GOVT. HSS SARWAR DEVLA",प्रतिभागी,शिक्षक
AO4986,Md.Sajid Khan,Khargone,BHAGWANPURA,"23270602308, GOVT. HS MOHANPURA",प्रतिभागी,शिक्षक
AP1849,Hira Chhagan Mujalde,Khargone,BHAGWANPURA,"23270602308, GOVT. HS MOHANPURA",प्रतिभागी,शिक्षक
AP2807,Rameshchadra Managre,Khargone,BHAGWANPURA,"23270602308, GOVT. HS MOHANPURA",प्रतिभागी,शिक्षक
BR6615,Pritamsingh Parihar,Khargone,BHAGWANPURA,"23270602308, GOVT. HS MOHANPURA",प्रतिभागी,शिक्षक
BU4238,Suraj Gehlot,Khargone,BHAGWANPURA,"23270602308, GOVT. HS MOHANPURA",प्रतिभागी,शिक्षक
AO5397,Bisan Singh Dudve,Khargone,BHAGWANPURA,"23270605818, GOVT. HS SIRWEL",प्रतिभागी,शिक्षक
AO4951,Jyoti Sulya,Khargone,BHAGWANPURA,"23270601411, GOVT. GIRLS HSS MOGARGAON",प्रतिभागी,शिक्षक
AO7828,Prakash Patel,Khargone,BHAGWANPURA,"23270601411, GOVT. GIRLS HSS MOGARGAON",प्रतिभागी,शिक्षक
AO7831,Mahesh Sawle,Khargone,BHAGWANPURA,"23270601411, GOVT. GIRLS HSS MOGARGAON",प्रतिभागी,शिक्षक
AO7834,Diwansingh Bandod,Khargone,BHAGWANPURA,"23270601411, GOVT. GIRLS HSS MOGARGAON",प्रतिभागी,शिक्षक
AO7843,Dilip Nima,Khargone,BHAGWANPURA,"23270601411, GOVT. GIRLS HSS MOGARGAON",प्रतिभागी,शिक्षक
BS4382,Mohan Dawar,Khargone,BHAGWANPURA,"23270601411, GOVT. GIRLS HSS MOGARGAON",प्रतिभागी,शिक्षक
AO4949,Mohan Parle,Khargone,BHAGWANPURA,"23270600119, GOVT. HS GIRLS BHAGWANPURA",प्रतिभागी,शिक्षक
AO7854,Sildar Khode,Khargone,BHAGWANPURA,"23270609616, GOVT. HSS DHULKOT",प्रतिभागी,शिक्षक
AO7868,Gita Kanoje,Khargone,BHAGWANPURA,"23270600121, GOVT. HSS EXCELENCE  BHAGWANPURA",प्रतिभागी,शिक्षक
BN8111,Sulochana Mandloi,Khargone,BHAGWANPURA,"23270600121, GOVT. HSS EXCELENCE  BHAGWANPURA",प्रतिभागी,शिक्षक
AO8260,Prakash Patil,Khargone,BHAGWANPURA,"23270607008, GOVT. HS KADWALI",प्रतिभागी,शिक्षक
AO8059,Karansingh Dawar,Khargone,BHAGWANPURA,"23270601619, GOVT. HIGH SCHOOL DEVNALYA",प्रतिभागी,शिक्षक
BS4380,Thakur Mandloi,Khargone,BHAGWANPURA,"23270601619, GOVT. HIGH SCHOOL DEVNALYA",प्रतिभागी,शिक्षक
AO7956,Pushpa Muwel,Khargone,BHAGWANPURA,"23270606008, GOVT. HIGH SCHOOL NANDIYA",प्रतिभागी,शिक्षक
BU8993,Urmila Thakre Thakre,Khargone,BHAGWANPURA,"23270606008, GOVT. HIGH SCHOOL NANDIYA",प्रतिभागी,शिक्षक
AO4941,Nitin Sharma,Khargone,BHIKANGAON,"23270807407, GOVT. HS ANDAD",प्रतिभागी,शिक्षक
AO6969,Sunil Kumar Gupta,Khargone,BHIKANGAON,"23270807407, GOVT. HS ANDAD",प्रतिभागी,शिक्षक
AO6999,Atmaram Mandloi,Khargone,BHIKANGAON,"23270807407, GOVT. HS ANDAD",प्रतिभागी,शिक्षक
AO7203,Anita Kharte,Khargone,BHIKANGAON,"23270807407, GOVT. HS ANDAD",प्रतिभागी,शिक्षक
AO7217,Shobha Prajapati,Khargone,BHIKANGAON,"23270807407, GOVT. HS ANDAD",प्रतिभागी,शिक्षक
AO7256,Devaki Dudve,Khargone,BHIKANGAON,"23270807407, GOVT. HS ANDAD",प्रतिभागी,शिक्षक
AO8222,Ritesh Badole,Khargone,BHIKANGAON,"23270807407, GOVT. HS ANDAD",प्रतिभागी,शिक्षक
AO8225,Indira Bhanwar,Khargone,BHIKANGAON,"23270807407, GOVT. HS ANDAD",प्रतिभागी,शिक्षक
AO8227,Kamal Chouhan,Khargone,BHIKANGAON,"23270807407, GOVT. HS ANDAD",प्रतिभागी,शिक्षक
BS4024,Gopal Chouhan,Khargone,BHIKANGAON,"23270807407, GOVT. HS ANDAD",प्रतिभागी,शिक्षक
BO4419,Jagdish Singune,Khargone,BHIKANGAON,"23270804911, GOVT. HSS DODWA",प्रतिभागी,शिक्षक
CC6968,RANI VARGHESE,Khargone,BHIKANGAON,"23270804911, GOVT. HSS DODWA",प्रतिभागी,शिक्षक
CC7794,VIMLA CHOUHAN,Khargone,BHIKANGAON,"23270804911, GOVT. HSS DODWA",प्रतिभागी,शिक्षक
CE8779,SANJEEVANI KUSHWAH,Khargone,BHIKANGAON,"23270804911, GOVT. HSS DODWA",प्रतिभागी,शिक्षक
AO6667,Yashvant Patel,Khargone,BHIKANGAON,"23270809905, GOVT. HS SHAKARGAON",प्रतिभागी,सीएसी
AO8981,Puja Varma,Khargone,BHIKANGAON,"23270809905, GOVT. HS SHAKARGAON",प्रतिभागी,शिक्षक
BP1375,Seema Pandey,Khargone,BHIKANGAON,"23270805011, GOVT. HS GIRLS BAMNALA",प्रतिभागी,शिक्षक
CF2857,PRIYANKA PARMAR,Khargone,BHIKANGAON,"23270805011, GOVT. HS GIRLS BAMNALA",प्रतिभागी,शिक्षक
AO8457,Raimal Barde,Khargone,BHIKANGAON,"23270810731, GOVT. HSS EXCELLENCE BHIKANGAON",प्रतिभागी,शिक्षक
AO7453,Gagansingh Solanki,Khargone,BHIKANGAON,"23270810732, GOVT. HSS GIRLS BHIKANGAON",प्रतिभागी,शिक्षक
AO8609,Sunita Mandloi,Khargone,BHIKANGAON,"23270810732, GOVT. HSS GIRLS BHIKANGAON",प्रतिभागी,शिक्षक
CE9803,LAXMIKANT RATHORE,Khargone,BHIKANGAON,"23270810732, GOVT. HSS GIRLS BHIKANGAON",प्रतिभागी,शिक्षक
CE9806,NITIN RAI,Khargone,BHIKANGAON,"23270810732, GOVT. HSS GIRLS BHIKANGAON",प्रतिभागी,शिक्षक
AO6751,Chetna Sharma,Khargone,BHIKANGAON,"23270802708, GOVT. HSS ANJANGAON",प्रतिभागी,शिक्षक
CF5665,JAYA RATHORE,Khargone,BHIKANGAON,"23270802708, GOVT. HSS ANJANGAON",प्रतिभागी,शिक्षक
AO7061,Anandram Barkhane,Khargone,BHIKANGAON,"23270811306, GOVT. HS LALKHEDA",प्रतिभागी,शिक्षक
AO7062,Ashok Kanase,Khargone,BHIKANGAON,"23270811306, GOVT. HS LALKHEDA",प्रतिभागी,शिक्षक
AO6784,Akhilesh Malvia,Khargone,BHIKANGAON,"23270801810, GOVT. HS KANJHAR",प्रतिभागी,शिक्षक
AO7056,Yogesh Mandloi,Khargone,BHIKANGAON,"23270800307, GOVT. HS RODIA",प्रतिभागी,शिक्षक
AO7090,Devesingh Thakur,Khargone,BHIKANGAON,"23270800307, GOVT. HS RODIA",प्रतिभागी,शिक्षक
AO4989,Sunita Sharma,Khargone,GOGAWAN,"23271003426, GOVT. HSS EXCELLENCE GOGAWA",प्रतिभागी,शिक्षक
AO8356,Rekha Joshi,Khargone,GOGAWAN,"23271003426, GOVT. HSS EXCELLENCE GOGAWA",प्रतिभागी,शिक्षक
AO8358,Sanjay Malviya,Khargone,GOGAWAN,"23271003426, GOVT. HSS EXCELLENCE GOGAWA",प्रतिभागी,शिक्षक
AO6974,Gopal More,Khargone,GOGAWAN,"23271004207, GOVT. HS BEHRAMPUR",प्रतिभागी,शिक्षक
AO7022,Sukhlal Mujalde,Khargone,GOGAWAN,"23271004207, GOVT. HS BEHRAMPUR",प्रतिभागी,शिक्षक
AO7209,Shakil Khan,Khargone,GOGAWAN,"23271008608, GOVT. HSS GHUGHARIYAKHEDI",प्रतिभागी,शिक्षक
AO6572,Miss Aasha Yadav,Khargone,GOGAWAN,"23271005412, GOVT. HSS NAGJHIRI",प्रतिभागी,शिक्षक
AO8334,Yashwant Solanki,Khargone,GOGAWAN,"23271005412, GOVT. HSS NAGJHIRI",प्रतिभागी,शिक्षक
AO8502,Ghanshyam Solanki,Khargone,GOGAWAN,"23271005412, GOVT. HSS NAGJHIRI",प्रतिभागी,शिक्षक
AP1882,Omprakash Bidare,Khargone,GOGAWAN,"23271005412, GOVT. HSS NAGJHIRI",प्रतिभागी,शिक्षक
BR5770,Kedar Mujalde,Khargone,GOGAWAN,"23271005412, GOVT. HSS NAGJHIRI",प्रतिभागी,शिक्षक
CB1922,DEEPIKA DONGRE,Khargone,GOGAWAN,"23271005412, GOVT. HSS NAGJHIRI",प्रतिभागी,शिक्षक
CC7029,DHARMANDRA RAWAT,Khargone,GOGAWAN,"23271005412, GOVT. HSS NAGJHIRI",प्रतिभागी,शिक्षक
AO7621,Jagdish Patil,Khargone,GOGAWAN,"23271004423, GOVT. HSS BISTAN",प्रतिभागी,शिक्षक
CB2752,VIJAY NARVE,Khargone,GOGAWAN,"23271004423, GOVT. HSS BISTAN",प्रतिभागी,शिक्षक
AP4921,Sangita Patel,Khargone,GOGAWAN,"23271003807, GOVT. HS UMARKHALI",प्रतिभागी,शिक्षक
AO8959,Sita Barde,Khargone,JHIRNIYA,"23270907408, GOVT. HS KOTBEDA",प्रतिभागी,शिक्षक
AO8836,Rumsingh Barde,Khargone,JHIRNIYA,"23270909506, GOVT. HSS HELAPADAWA",प्रतिभागी,शिक्षक
AP2891,Rameshawar Mujalde,Khargone,JHIRNIYA,"23270909418, GOVT. HSS CHIRIYA",प्रतिभागी,सीएसी
AO8607,Nitesh Kushwah,Khargone,JHIRNIYA,"23270901520, GOVT. HSS GIRLS ZIRNIYA",प्रतिभागी,शिक्षक
CF3562,BHAWANA CHOUBEY,Khargone,JHIRNIYA,"23270901520, GOVT. HSS GIRLS ZIRNIYA",प्रतिभागी,शिक्षक
CF3567,JAMANA BAGHEL,Khargone,JHIRNIYA,"23270901520, GOVT. HSS GIRLS ZIRNIYA",प्रतिभागी,शिक्षक
BO8713,KESHAR SINGH ALAWA,Khargone,JHIRNIYA,"23270912610, GOVT. HS SHIVNA",प्रतिभागी,शिक्षक
AO7461,Parasram Bharwe,Khargone,JHIRNIYA,"23270900211, GOVT. HS CHENPUR",प्रतिभागी,शिक्षक
AP1028,Kamal Patel,Khargone,KASRAWAD,"23271217514, GOVT. HSS BALSAMUD",प्रतिभागी,शिक्षक
AP1497,Krishna Chandra Suryavanshi,Khargone,KASRAWAD,"23271217514, GOVT. HSS BALSAMUD",प्रतिभागी,शिक्षक
BA1130,Rajendra Kumar Shinde,Khargone,KASRAWAD,"23271217514, GOVT. HSS BALSAMUD",प्रतिभागी,शिक्षक
BP6688,Narmada Bai,Khargone,KASRAWAD,"23271217514, GOVT. HSS BALSAMUD",प्रतिभागी,शिक्षक
BW2203,Mashruf Khan,Khargone,KASRAWAD,"23271217514, GOVT. HSS BALSAMUD",प्रतिभागी,शिक्षक
AO9527,Narayan Patel,Khargone,KASRAWAD,"23271216312, GOVT. HSS BAMANDI",प्रतिभागी,शिक्षक
AO9713,Gyansingh Jamre,Khargone,KASRAWAD,"23271216312, GOVT. HSS BAMANDI",प्रतिभागी,शिक्षक
AO9726,Kamlesh Patidar,Khargone,KASRAWAD,"23271216312, GOVT. HSS BAMANDI",प्रतिभागी,शिक्षक
AO6444,Sanjay Soni,Khargone,KASRAWAD,"23271205805, GOVT. HSS BARSALAY",प्रतिभागी,शिक्षक
AO9552,Jahid Sheikh,Khargone,KASRAWAD,"23271205805, GOVT. HSS BARSALAY",प्रतिभागी,शिक्षक
BR3441,Sachin Bachchan,Khargone,KASRAWAD,"23271205805, GOVT. HSS BARSALAY",प्रतिभागी,शिक्षक
BS5662,Kamal Singh Randhawa,Khargone,KASRAWAD,"23271205805, GOVT. HSS BARSALAY",प्रतिभागी,शिक्षक
BU7105,Trilok Chand Pandey,Khargone,KASRAWAD,"23271205805, GOVT. HSS BARSALAY",प्रतिभागी,शिक्षक
AO9957,Hemlata Dongare,Khargone,KASRAWAD,"23271213311, GOVT. HS NIMRANI",प्रतिभागी,शिक्षक
AP4431,Kavita Bhabhar,Khargone,KASRAWAD,"23271213311, GOVT. HS NIMRANI",प्रतिभागी,शिक्षक
BQ3880,Sanjay Verma,Khargone,KASRAWAD,"23271213311, GOVT. HS NIMRANI",प्रतिभागी,शिक्षक
AP4238,Ashish Tiwari,Khargone,KASRAWAD,"23271210512, GOVT. HSS PIPALGAON",प्रतिभागी,शिक्षक
AP4239,Santosh Verma,Khargone,KASRAWAD,"23271210512, GOVT. HSS PIPALGAON",प्रतिभागी,शिक्षक
AP4247,JAIBUN KHAN,Khargone,KASRAWAD,"23271210512, GOVT. HSS PIPALGAON",प्रतिभागी,शिक्षक
BS5655,Kamlesh Kanade,Khargone,KASRAWAD,"23271210512, GOVT. HSS PIPALGAON",प्रतिभागी,शिक्षक
AC3349,Ganesh Chouhan,Khargone,KASRAWAD,"23271205407, GOVT. HSS MAGARKHEDI (9-12)",प्रतिभागी,शिक्षक
AO9448,Shabbir Pathan,Khargone,KASRAWAD,"23271205407, GOVT. HSS MAGARKHEDI (9-12)",प्रतिभागी,शिक्षक
AO9637,Suman Chouhan,Khargone,KASRAWAD,"23271205407, GOVT. HSS MAGARKHEDI (9-12)",प्रतिभागी,शिक्षक
AO9963,Durga Bai Baghel,Khargone,KASRAWAD,"23271205407, GOVT. HSS MAGARKHEDI (9-12)",प्रतिभागी,शिक्षक
BN5714,Shakuntla Morya,Khargone,KASRAWAD,"23271205407, GOVT. HSS MAGARKHEDI (9-12)",प्रतिभागी,शिक्षक
AO1302,Rameshvar Karma,Khargone,KASRAWAD,"23271215210, GOVT. HSS KHAMKHEDA",प्रतिभागी,शिक्षक
AP3189,Lakshman Bhabar,Khargone,KASRAWAD,"23271215210, GOVT. HSS KHAMKHEDA",प्रतिभागी,शिक्षक
AP3984,Madhav Temarniya,Khargone,KASRAWAD,"23271202606, GOVT. HSS AGHAWAN",प्रतिभागी,शिक्षक
AA8569,Radheshyam Mandloi,Khargone,KASRAWAD,"23271203710, GOVT. HSS DABRI (9-12)",प्रतिभागी,शिक्षक
AO6259,Basanti Mandloi,Khargone,KASRAWAD,"23271203710, GOVT. HSS DABRI (9-12)",प्रतिभागी,शिक्षक
AO6264,Mahesh Patidar,Khargone,KASRAWAD,"23271203710, GOVT. HSS DABRI (9-12)",प्रतिभागी,शिक्षक
AO6375,Satyendra Dongare,Khargone,KASRAWAD,"23271203710, GOVT. HSS DABRI (9-12)",प्रतिभागी,अन्य
AO9562,Suresh Solanki,Khargone,KASRAWAD,"23271218807, GOVT. HSS SINGUN",प्रतिभागी,शिक्षक
BW7328,Lalit Mandloi,Khargone,KASRAWAD,"23271218807, GOVT. HSS SINGUN",प्रतिभागी,शिक्षक
AO8111,Sudesh Bhalase,Khargone,KASRAWAD,"23271200525, GOVT. HSS GIRLS  KASRAWAD",प्रतिभागी,शिक्षक
AO9921,Radheshyam Verma,Khargone,KASRAWAD,"23271200525, GOVT. HSS GIRLS  KASRAWAD",प्रतिभागी,शिक्षक
AO9928,Aabida Khaan,Khargone,KASRAWAD,"23271200525, GOVT. HSS GIRLS  KASRAWAD",प्रतिभागी,शिक्षक
AP1338,Devendra Khede,Khargone,KASRAWAD,"23271200525, GOVT. HSS GIRLS  KASRAWAD",प्रतिभागी,शिक्षक
AP1438,Chanchala Gupta,Khargone,KASRAWAD,"23271200525, GOVT. HSS GIRLS  KASRAWAD",प्रतिभागी,शिक्षक
AP2822,Sanjay Karma,Khargone,KASRAWAD,"23271200525, GOVT. HSS GIRLS  KASRAWAD",प्रतिभागी,शिक्षक
BA5006,Santosh Kadole,Khargone,KASRAWAD,"23271200525, GOVT. HSS GIRLS  KASRAWAD",प्रतिभागी,शिक्षक
BW2401,Rakesh Yadav,Khargone,KASRAWAD,"23271200525, GOVT. HSS GIRLS  KASRAWAD",प्रतिभागी,शिक्षक
BX3979,Gayatri Patidar,Khargone,KASRAWAD,"23271200525, GOVT. HSS GIRLS  KASRAWAD",प्रतिभागी,शिक्षक
BZ2096,Bhupendra Bamanne,Khargone,KASRAWAD,"23271200525, GOVT. HSS GIRLS  KASRAWAD",प्रतिभागी,शिक्षक
BZ8616,Rahul Soni,Khargone,KASRAWAD,"23271200525, GOVT. HSS GIRLS  KASRAWAD",प्रतिभागी,शिक्षक
AO9532,Atul Saxena,Khargone,KASRAWAD,"23271200526, GOVT.  HSS EXCELLENCE BOYS KASRAWAD",प्रतिभागी,शिक्षक
AO9722,Mahendra Kumar Patel,Khargone,KASRAWAD,"23271200526, GOVT.  HSS EXCELLENCE BOYS KASRAWAD",प्रतिभागी,शिक्षक
AP4268,Girjesh Kushwah,Khargone,KASRAWAD,"23271200526, GOVT.  HSS EXCELLENCE BOYS KASRAWAD",प्रतिभागी,शिक्षक
CC2953,SANDEEP KAITHWAS,Khargone,KASRAWAD,"23271200526, GOVT.  HSS EXCELLENCE BOYS KASRAWAD",प्रतिभागी,शिक्षक
AD8560,Archana Takuar,Khargone,KHARGONE,"23271505207, GOVT. HSS GIRLS MENGAON",प्रतिभागी,शिक्षक
AP1041,Jitendra Dongare,Khargone,KHARGONE,"23271505207, GOVT. HSS GIRLS MENGAON",प्रतिभागी,शिक्षक
AP2102,Giriraj Mahajan,Khargone,KHARGONE,"23271505207, GOVT. HSS GIRLS MENGAON",प्रतिभागी,शिक्षक
AP2202,Sajan Barde,Khargone,KHARGONE,"23271505207, GOVT. HSS GIRLS MENGAON",प्रतिभागी,शिक्षक
AP3941,Mohan Kumar Gawshinde Mohan Kumar Gawshinde,Khargone,KHARGONE,"23271505207, GOVT. HSS GIRLS MENGAON",प्रतिभागी,शिक्षक
AP5071,Sangeeta Patidar,Khargone,KHARGONE,"23271505207, GOVT. HSS GIRLS MENGAON",प्रतिभागी,शिक्षक
CC5146,VISHNU MEENA,Khargone,KHARGONE,"23271505207, GOVT. HSS GIRLS MENGAON",प्रतिभागी,शिक्षक
CF6422,Rajkumari Dasondhi,Khargone,KHARGONE,"23271505207, GOVT. HSS GIRLS MENGAON",प्रतिभागी,शिक्षक
AD9960,Sangita Halecha,Khargone,KHARGONE,"23271504216, GOVT. HSS GIRLS BARUD",प्रतिभागी,शिक्षक
AP2150,Babulal Patidar,Khargone,KHARGONE,"23271500616, GOVT. HSS OON",प्रतिभागी,शिक्षक
AP3924,Omprakash Mandloi,Khargone,KHARGONE,"23271500616, GOVT. HSS OON",प्रतिभागी,शिक्षक
BS4764,Kailash Barve,Khargone,KHARGONE,"23271500616, GOVT. HSS OON",प्रतिभागी,शिक्षक
CB8196,MUKESH ALAVE,Khargone,KHARGONE,"23271500616, GOVT. HSS OON",प्रतिभागी,शिक्षक
AP2030,Durga Kothari,Khargone,KHARGONE,"23271504612, GOVT. HSS TEMLA",प्रतिभागी,शिक्षक
AP5475,Mohanlal Verma,Khargone,KHARGONE,"23271504612, GOVT. HSS TEMLA",प्रतिभागी,शिक्षक
BO5438,Pandarinath Kalme,Khargone,KHARGONE,"23271504612, GOVT. HSS TEMLA",प्रतिभागी,शिक्षक
BP5318,Dinesh Verma,Khargone,KHARGONE,"23271504612, GOVT. HSS TEMLA",प्रतिभागी,शिक्षक
BU4040,Devilal Mahakal,Khargone,KHARGONE,"23271504612, GOVT. HSS TEMLA",प्रतिभागी,शिक्षक
AD6222,Mamta Sastiya,Khargone,KHARGONE,"23271514928, GOVT. HSS NO-1  GIRLS KHARGONE",प्रतिभागी,शिक्षक
AO5052,Rajeshwari Malve,Khargone,KHARGONE,"23271514928, GOVT. HSS NO-1  GIRLS KHARGONE",प्रतिभागी,शिक्षक
AO6571,Mst. Sangita Kumrawat,Khargone,KHARGONE,"23271514928, GOVT. HSS NO-1  GIRLS KHARGONE",प्रतिभागी,शिक्षक
AO8287,Snehlata Mandloi,Khargone,KHARGONE,"23271514928, GOVT. HSS NO-1  GIRLS KHARGONE",प्रतिभागी,शिक्षक
AP2378,Sadhana Bhatnagar,Khargone,KHARGONE,"23271514928, GOVT. HSS NO-1  GIRLS KHARGONE",प्रतिभागी,शिक्षक
AP2523,Laxmi Varma,Khargone,KHARGONE,"23271514928, GOVT. HSS NO-1  GIRLS KHARGONE",प्रतिभागी,शिक्षक
BR6601,Babita S I Ngorya,Khargone,KHARGONE,"23271514928, GOVT. HSS NO-1  GIRLS KHARGONE",प्रतिभागी,शिक्षक
BS3002,Priyanka Nirgude,Khargone,KHARGONE,"23271514928, GOVT. HSS NO-1  GIRLS KHARGONE",प्रतिभागी,शिक्षक
CB4087,ABHILASHA VARIYA,Khargone,KHARGONE,"23271514928, GOVT. HSS NO-1  GIRLS KHARGONE",प्रतिभागी,शिक्षक
CC6458,SATYENDRA TOMAR,Khargone,KHARGONE,"23271514928, GOVT. HSS NO-1  GIRLS KHARGONE",प्रतिभागी,शिक्षक
CC6462,MANISHA PATIDAR,Khargone,KHARGONE,"23271514928, GOVT. HSS NO-1  GIRLS KHARGONE",प्रतिभागी,शिक्षक
AO2477,RAIS KHAN,Khargone,KHARGONE,"23271515010, GOVT. D.A. HSS NO-2 KHARGONE",प्रतिभागी,सीएसी
AP1728,Abrar Ahmad Khan,Khargone,KHARGONE,"23271515010, GOVT. D.A. HSS NO-2 KHARGONE",प्रतिभागी,शिक्षक
AP1739,Shabana Khan,Khargone,KHARGONE,"23271515010, GOVT. D.A. HSS NO-2 KHARGONE",प्रतिभागी,शिक्षक
AP2208,Rakhi Kanungo,Khargone,KHARGONE,"23271515010, GOVT. D.A. HSS NO-2 KHARGONE",प्रतिभागी,शिक्षक
AO8067,Babita Mandloi,Khargone,MAHESHWAR,"23271404610, GOVT. HSS BABLAI",प्रतिभागी,शिक्षक
AP3129,Salita Dabar,Khargone,MAHESHWAR,"23271404610, GOVT. HSS BABLAI",प्रतिभागी,शिक्षक
AP3330,Salita Kuverji Dawar,Khargone,MAHESHWAR,"23271404610, GOVT. HSS BABLAI",प्रतिभागी,शिक्षक
AP3532,Raheem Pathan,Khargone,MAHESHWAR,"23271404610, GOVT. HSS BABLAI",प्रतिभागी,शिक्षक
BP1459,Sunita Kushwaha,Khargone,MAHESHWAR,"23271404610, GOVT. HSS BABLAI",प्रतिभागी,शिक्षक
AI8519,Mansharam Goyal,Khargone,MAHESHWAR,"23271400813, GOVT. HSS DHARGAON",प्रतिभागी,शिक्षक
BR2188,Ashok Patidar,Khargone,MAHESHWAR,"23271400813, GOVT. HSS DHARGAON",प्रतिभागी,शिक्षक
AO8119,Ashok Jat,Khargone,MAHESHWAR,"23271415107, GOVT. HSS GULAWAD",प्रतिभागी,शिक्षक
AP3133,Radheshyam Dawar,Khargone,MAHESHWAR,"23271415107, GOVT. HSS GULAWAD",प्रतिभागी,शिक्षक
AP3358,Mahesh Patidar,Khargone,MAHESHWAR,"23271415107, GOVT. HSS GULAWAD",प्रतिभागी,शिक्षक
AP3583,Subhash Verma,Khargone,MAHESHWAR,"23271415107, GOVT. HSS GULAWAD",प्रतिभागी,शिक्षक
BO9526,Kailash Patidar,Khargone,MAHESHWAR,"23271415107, GOVT. HSS GULAWAD",प्रतिभागी,शिक्षक
CC6061,KAVITA MANSORE,Khargone,MAHESHWAR,"23271412713, GOVT. HSS KARHI PADLIYA",प्रतिभागी,शिक्षक
BO9527,Prahalad Solanki,Khargone,MAHESHWAR,"23271407909, GOVT. HS KATARGAON",प्रतिभागी,शिक्षक
AD6979,Mukesh Patidar,Khargone,MAHESHWAR,"23271400113, GOVT. HSS MAHETWADA",प्रतिभागी,शिक्षक
AP3181,Bharat Singh Solanki,Khargone,MAHESHWAR,"23271400113, GOVT. HSS MAHETWADA",प्रतिभागी,शिक्षक
CF5352,DEEPAK SISODIYA,Khargone,MAHESHWAR,"23271400113, GOVT. HSS MAHETWADA",प्रतिभागी,शिक्षक
AD6918,Jagdish Varma,Khargone,MAHESHWAR,"23271400322, GOVT. HSS BOYS MANDLESHWAR",प्रतिभागी,शिक्षक
AP3340,Fulbai Yashwant Solanki,Khargone,MAHESHWAR,"23271400322, GOVT. HSS BOYS MANDLESHWAR",प्रतिभागी,शिक्षक
AP3651,Sanjay Patidar,Khargone,MAHESHWAR,"23271400322, GOVT. HSS BOYS MANDLESHWAR",प्रतिभागी,शिक्षक
AP3799,Omnprakash Sinha,Khargone,MAHESHWAR,"23271400322, GOVT. HSS BOYS MANDLESHWAR",प्रतिभागी,शिक्षक
AP4351,Meena Dani,Khargone,MAHESHWAR,"23271406416, GOVT. HSS PIPLYA BUJURG",प्रतिभागी,शिक्षक
AE1243,Chhogalal Awase,Khargone,SEGAON,"23270200128, GOVT. HSS GIRLS SEGAON",प्रतिभागी,शिक्षक
BP4131,Dharmendra Bhalse,Khargone,SEGAON,"23270200128, GOVT. HSS GIRLS SEGAON",प्रतिभागी,शिक्षक
BP4375,Kishor Sagore,Khargone,SEGAON,"23270200128, GOVT. HSS GIRLS SEGAON",प्रतिभागी,शिक्षक
CF7678,PUJA Prajapat,Khargone,SEGAON,"23270200128, GOVT. HSS GIRLS SEGAON",प्रतिभागी,शिक्षक
AP5073,Mahesh Chouhan,Khargone,SEGAON,"23270201905, GOVT. HSS TALAKPURA",प्रतिभागी,शिक्षक
AP5423,Shailendra Mahajan,Khargone,SEGAON,"23270201905, GOVT. HSS TALAKPURA",प्रतिभागी,शिक्षक
BT5423,Mukesh Arse,Khargone,SEGAON,"23270204413, GOVT. HSS KELI",प्रतिभागी,शिक्षक
BX5572,Praveen Pawar,Khargone,SEGAON,"23270204413, GOVT. HSS KELI",प्रतिभागी,शिक्षक
AP5052,REKHA SOLANKI,Khargone,SEGAON,"23270205508, GOVT. HS DALKI",प्रतिभागी,शिक्षक
AP5216,Radheshyam Badole,Khargone,SEGAON,"23270200705, GOVT. HS RASGAON",प्रतिभागी,शिक्षक
BN7576,Dinesh More,Khargone,SEGAON,"23270200705, GOVT. HS RASGAON",प्रतिभागी,शिक्षक
AP5084,Sangeeta Chouhan,Khargone,SEGAON,"23270202009, GOVT. HS DASNAWAL",प्रतिभागी,शिक्षक
AP5144,Girdhari Chouhan,Khargone,SEGAON,"23270202009, GOVT. HS DASNAWAL",प्रतिभागी,शिक्षक
AP5417,Nirmla Badole,Khargone,SEGAON,"23270202009, GOVT. HS DASNAWAL",प्रतिभागी,शिक्षक
AP5424,Anadi Malviya,Khargone,SEGAON,"23270202009, GOVT. HS DASNAWAL",प्रतिभागी,शिक्षक
BK4534,Manju More,Khargone,SEGAON,"23270202009, GOVT. HS DASNAWAL",प्रतिभागी,शिक्षक
AP8278,Lok Singh Maravi,Mandla,BEEJADANDI,"23421401612, GOVT. HSS EXCELLENCE BEEJADANDI EPES_1_12",प्रतिभागी,शिक्षक
AP8413,Madhuri Maravi,Mandla,BEEJADANDI,"23421401612, GOVT. HSS EXCELLENCE BEEJADANDI EPES_1_12",प्रतिभागी,शिक्षक
AQ3359,Laxmi Tekam,Mandla,BEEJADANDI,"23421401612, GOVT. HSS EXCELLENCE BEEJADANDI EPES_1_12",प्रतिभागी,शिक्षक
BU5995,Sapna Mishra,Mandla,BEEJADANDI,"23421401612, GOVT. HSS EXCELLENCE BEEJADANDI EPES_1_12",प्रतिभागी,शिक्षक
BV5711,Sarita Yadav,Mandla,BEEJADANDI,"23421401612, GOVT. HSS EXCELLENCE BEEJADANDI EPES_1_12",प्रतिभागी,शिक्षक
CA9598,GAYATRI UIKEY,Mandla,BEEJADANDI,"23421401612, GOVT. HSS EXCELLENCE BEEJADANDI EPES_1_12",प्रतिभागी,शिक्षक
AP8209,Hari Prasad Varkade,Mandla,BEEJADANDI,"23421414410, GOVT. HSS KALPI EPES_6_12",प्रतिभागी,शिक्षक
AP8302,SWARNLATA KORCHE,Mandla,BEEJADANDI,"23421414410, GOVT. HSS KALPI EPES_6_12",प्रतिभागी,शिक्षक
AP8355,Vijay Laxmi Kushram,Mandla,BEEJADANDI,"23421414410, GOVT. HSS KALPI EPES_6_12",प्रतिभागी,शिक्षक
CC2115,RICHA CHAURASIYA,Mandla,BEEJADANDI,"23421414410, GOVT. HSS KALPI EPES_6_12",प्रतिभागी,शिक्षक
CE6222,KRISHNA PATEL,Mandla,BEEJADANDI,"23421414410, GOVT. HSS KALPI EPES_6_12",प्रतिभागी,शिक्षक
AQ2651,Pancham Singh Wadkade,Mandla,BEEJADANDI,"23421410004, Govt. HSS BARGAON",प्रतिभागी,शिक्षक
CC6986,PURUSHOTTAM KURMI,Mandla,BEEJADANDI,"23421405704, Govt. HS VIJAYPUR",प्रतिभागी,शिक्षक
CC7111,RITU CHADAR,Mandla,BEEJADANDI,"23421405704, Govt. HS VIJAYPUR",प्रतिभागी,शिक्षक
AP6792,Nirmala Pandre,Mandla,BICHHIA,"23420320402, Govt. HSS EXCELLENCE BHUA BICHHIA",प्रतिभागी,शिक्षक
AP7398,Pushpa Maravi,Mandla,BICHHIA,"23420320402, Govt. HSS EXCELLENCE BHUA BICHHIA",प्रतिभागी,शिक्षक
AP7412,Ramprakash Marko,Mandla,BICHHIA,"23420320402, Govt. HSS EXCELLENCE BHUA BICHHIA",प्रतिभागी,शिक्षक
AP7697,Damre Kokadiya,Mandla,BICHHIA,"23420320402, Govt. HSS EXCELLENCE BHUA BICHHIA",प्रतिभागी,शिक्षक
AT8268,Fagan Singh Maravi,Mandla,BICHHIA,"23420320402, Govt. HSS EXCELLENCE BHUA BICHHIA",प्रतिभागी,शिक्षक
AP7509,Hemlata Parte,Mandla,BICHHIA,"23420320703, GOVT. HSS GIRLS BHUA BICHHIYA EPES_6_12",प्रतिभागी,शिक्षक
AP7538,Ranu Udde,Mandla,BICHHIA,"23420320703, GOVT. HSS GIRLS BHUA BICHHIYA EPES_6_12",प्रतिभागी,शिक्षक
AP7990,Dinesh Ku Patel,Mandla,BICHHIA,"23420303023, GOVT. HSS ANJANIA EPES_6_12",प्रतिभागी,शिक्षक
AP7873,Ayodhaya Prasad,Mandla,BICHHIA,"23420301109, GOVT. HSS MADHOPUR EPES_1_12",प्रतिभागी,शिक्षक
AJ6773,Hemkaran Mongre,Mandla,BICHHIA,"23420316918, GOVT. HSS NORMAL SIJHORA EPES_1_12",प्रतिभागी,शिक्षक
AQ3454,Ramnarayan Namdev,Mandla,BICHHIA,"23420316918, GOVT. HSS NORMAL SIJHORA EPES_1_12",प्रतिभागी,शिक्षक
CF2318,RICHA CHOUBEY,Mandla,BICHHIA,"23420303904, Govt. HSS MANGA",प्रतिभागी,शिक्षक
AP6342,Ram Kumar Barkade,Mandla,BICHHIA,"23420300213, Govt. HSS RAMNAGAR",प्रतिभागी,शिक्षक
AP7771,Ajabsingh Parte,Mandla,BICHHIA,"23420300213, Govt. HSS RAMNAGAR",प्रतिभागी,शिक्षक
AP7808,Brijlata Chakrawarti,Mandla,BICHHIA,"23420300213, Govt. HSS RAMNAGAR",प्रतिभागी,शिक्षक
AP7872,Chandra Sekher Tiwari,Mandla,BICHHIA,"23420300213, Govt. HSS RAMNAGAR",प्रतिभागी,शिक्षक
AP8025,Kant Awasthi,Mandla,BICHHIA,"23420300213, Govt. HSS RAMNAGAR",प्रतिभागी,शिक्षक
AP9337,Ashok Kumar Nanda,Mandla,BICHHIA,"23420300213, Govt. HSS RAMNAGAR",प्रतिभागी,शिक्षक
BN2952,Laxmi Tekam,Mandla,BICHHIA,"23420300213, Govt. HSS RAMNAGAR",प्रतिभागी,शिक्षक
BU4744,Rakesh Chakrawarti,Mandla,BICHHIA,"23420300213, Govt. HSS RAMNAGAR",प्रतिभागी,शिक्षक
BT9891,Shivram Jhariya,Mandla,BICHHIA,"23420312307, GOVT. HSS MOCHA EPES_6_12",प्रतिभागी,शिक्षक
CF2320,JYOTI DONGRE,Mandla,BICHHIA,"23420312307, GOVT. HSS MOCHA EPES_6_12",प्रतिभागी,शिक्षक
AP7758,Surjeet Ku Patel,Mandla,BICHHIA,"23420308505, Govt. HSS OURAI",प्रतिभागी,शिक्षक
BR3729,Bhavna Rajpoot,Mandla,BICHHIA,"23420308505, Govt. HSS OURAI",प्रतिभागी,शिक्षक
BS6869,Sutendra Kumar Jhariya,Mandla,BICHHIA,"23420308505, Govt. HSS OURAI",प्रतिभागी,शिक्षक
AP7891,Gajraj Singh Uikey,Mandla,BICHHIA,"23420313908, Govt. HSS DANITOLA",प्रतिभागी,शिक्षक
AP9112,Phool Singh Marawi,Mandla,BICHHIA,"23420313908, Govt. HSS DANITOLA",प्रतिभागी,सीएसी
CF5034,LAKHAN SHRIVAS,Mandla,BICHHIA,"23420313908, Govt. HSS DANITOLA",प्रतिभागी,शिक्षक
AP7744,Jhangalu Dhurve,Mandla,BICHHIA,"23420318207, GOVT. HS KHALOUDI EPES_1_10",प्रतिभागी,शिक्षक
AP6837,Mal Singh Maravi,Mandla,GHUGHRI,"23420603311, GOVT. HSS SALWAH EPES_1_12",प्रतिभागी,शिक्षक
AP6842,Tek Chand Chouksey,Mandla,GHUGHRI,"23420603311, GOVT. HSS SALWAH EPES_1_12",प्रतिभागी,शिक्षक
AP6921,Mamta Baghel,Mandla,GHUGHRI,"23420603311, GOVT. HSS SALWAH EPES_1_12",प्रतिभागी,शिक्षक
AQ1781,Arjun Sing Dhurve,Mandla,GHUGHRI,"23420603311, GOVT. HSS SALWAH EPES_1_12",प्रतिभागी,शिक्षक
BY6753,Ganesh Sahu,Mandla,GHUGHRI,"23420603311, GOVT. HSS SALWAH EPES_1_12",प्रतिभागी,शिक्षक
CC5235,AJAY SONI,Mandla,GHUGHRI,"23420603311, GOVT. HSS SALWAH EPES_1_12",प्रतिभागी,शिक्षक
AP6692,Dilip Kumar Dhurvey,Mandla,GHUGHRI,"23420604903, GOVT. HS GAJRAJ EPES_1_10",प्रतिभागी,शिक्षक
AP6875,Dinesh Kumar Singraha,Mandla,GHUGHRI,"23420604903, GOVT. HS GAJRAJ EPES_1_10",प्रतिभागी,शिक्षक
AP6779,Lalla Singh Parstey,Mandla,GHUGHRI,"23420601706, GOVT. HS GARAIYA EPES_1_10",प्रतिभागी,शिक्षक
AP6871,Rajni Bai Paraste,Mandla,GHUGHRI,"23420601706, GOVT. HS GARAIYA EPES_1_10",प्रतिभागी,शिक्षक
AP9406,Radhe Shyam Dhurve,Mandla,GHUGHRI,"23420601706, GOVT. HS GARAIYA EPES_1_10",प्रतिभागी,शिक्षक
CF4616,SEVLAL DHURWEY,Mandla,GHUGHRI,"23420607006, Govt. HSS NAIJHAR",प्रतिभागी,शिक्षक
AP8782,Khamiya Dhurway,Mandla,GHUGHRI,"23420602405, Govt. HSS BHAINSWAHI",प्रतिभागी,शिक्षक
BS5826,Mustafa Khan,Mandla,GHUGHRI,"23420602405, Govt. HSS BHAINSWAHI",प्रतिभागी,शिक्षक
AP6209,Manorama Rana,Mandla,MANDLA,"23420120011, GOVT. HSS GIRLS MAHARAJPUR EPES_1_12",प्रतिभागी,शिक्षक
AP6263,Gyanlata Marko,Mandla,MANDLA,"23420120011, GOVT. HSS GIRLS MAHARAJPUR EPES_1_12",प्रतिभागी,शिक्षक
CF5461,RAGINI RAI,Mandla,MANDLA,"23420120011, GOVT. HSS GIRLS MAHARAJPUR EPES_1_12",प्रतिभागी,शिक्षक
AC7649,Yatindra Patle,Mandla,MANDLA,"23420119607, GOVT. HSS BOYS NO.2 MANDLA EPES_6_12",प्रतिभागी,शिक्षक
AP7376,Rajkumari Jhariya,Mandla,MANDLA,"23420119607, GOVT. HSS BOYS NO.2 MANDLA EPES_6_12",प्रतिभागी,शिक्षक
AQ1947,Raysing Maravi,Mandla,MANDLA,"23420119607, GOVT. HSS BOYS NO.2 MANDLA EPES_6_12",प्रतिभागी,शिक्षक
AZ2500,Rashmi Sahu,Mandla,MANDLA,"23420119607, GOVT. HSS BOYS NO.2 MANDLA EPES_6_12",प्रतिभागी,शिक्षक
BU6909,Aneeta Parte,Mandla,MANDLA,"23420119607, GOVT. HSS BOYS NO.2 MANDLA EPES_6_12",प्रतिभागी,शिक्षक
AJ6690,Sunita Kachhwaha,Mandla,MANDLA,"23420107814, Govt. HSS BINEKA",प्रतिभागी,शिक्षक
AP5854,Namita Shrivastava,Mandla,MANDLA,"23420107814, Govt. HSS BINEKA",प्रतिभागी,शिक्षक
AP6455,Nawal Kishor Sihare,Mandla,MANDLA,"23420107814, Govt. HSS BINEKA",प्रतिभागी,शिक्षक
BQ6997,JYOTI TRIVEDI JYOTISHI,Mandla,MANDLA,"23420107814, Govt. HSS BINEKA",प्रतिभागी,शिक्षक
CB9974,DHARMENDRA MARKO,Mandla,MANDLA,"23420107814, Govt. HSS BINEKA",प्रतिभागी,शिक्षक
CC5173,GAYATREE TOMAR,Mandla,MANDLA,"23420107814, Govt. HSS BINEKA",प्रतिभागी,शिक्षक
AJ6142,Mr.Karunanidhi Jhariya,Mandla,MANDLA,"23420115705, Govt. HSS LIMARUA",प्रतिभागी,शिक्षक
AP6215,	BHAGWATI BHALAVI Bhagwati Bhalavi,Mandla,MANDLA,"23420115705, Govt. HSS LIMARUA",प्रतिभागी,शिक्षक
AP6344,Rambhajan Patel,Mandla,MANDLA,"23420115705, Govt. HSS LIMARUA",प्रतिभागी,शिक्षक
AP8438,Sunita Warkade Sunita Bairagi,Mandla,MANDLA,"23420115705, Govt. HSS LIMARUA",प्रतिभागी,शिक्षक
BV9824,Smita Mishra,Mandla,MANDLA,"23420115705, Govt. HSS LIMARUA",प्रतिभागी,शिक्षक
BR4147,Om Prakash Jhariya,Mandla,MANDLA,"23420121203, GOVT. HSS BOYS HAVELI BAMHANI BANJAR EPES_6_12",प्रतिभागी,शिक्षक
BV6165,Vandana Hardaha,Mandla,MANDLA,"23420121203, GOVT. HSS BOYS HAVELI BAMHANI BANJAR EPES_6_12",प्रतिभागी,शिक्षक
AP6080,Urmila Hardaha,Mandla,MANDLA,"23420115913, GOVT. HSS HIRDENAGAR EPES_1_12",प्रतिभागी,शिक्षक
AP6230,Anupama Kindo,Mandla,MANDLA,"23420115913, GOVT. HSS HIRDENAGAR EPES_1_12",प्रतिभागी,शिक्षक
AP6240,Manju Singh Uikey,Mandla,MANDLA,"23420115913, GOVT. HSS HIRDENAGAR EPES_1_12",प्रतिभागी,शिक्षक
AP6321,Gannulal Bhandey,Mandla,MANDLA,"23420115913, GOVT. HSS HIRDENAGAR EPES_1_12",प्रतिभागी,शिक्षक
AP6960,KRISHNA Thakur,Mandla,MANDLA,"23420115913, GOVT. HSS HIRDENAGAR EPES_1_12",प्रतिभागी,शिक्षक
AQ3755,Kousalya Kushram,Mandla,MANDLA,"23420115913, GOVT. HSS HIRDENAGAR EPES_1_12",प्रतिभागी,शिक्षक
BQ3933,Nidhi Rai,Mandla,MANDLA,"23420115913, GOVT. HSS HIRDENAGAR EPES_1_12",प्रतिभागी,शिक्षक
BR7557,Arti Shrivastav,Mandla,MANDLA,"23420115913, GOVT. HSS HIRDENAGAR EPES_1_12",प्रतिभागी,शिक्षक
BS8121,Kanhaiya Singour,Mandla,MANDLA,"23420115913, GOVT. HSS HIRDENAGAR EPES_1_12",प्रतिभागी,शिक्षक
CC1063,DEVPRAKASH JHARIYA,Mandla,MANDLA,"23420115913, GOVT. HSS HIRDENAGAR EPES_1_12",प्रतिभागी,शिक्षक
AC7755,Hasrat Qureshi,Mandla,MANDLA,"23420104106, GOVT. HSS SAGAR EPES_1_12",प्रतिभागी,शिक्षक
AJ9322,Anusuiya Maravi,Mandla,MANDLA,"23420104106, GOVT. HSS SAGAR EPES_1_12",प्रतिभागी,शिक्षक
AP6311,Prayash Jain,Mandla,MANDLA,"23420104106, GOVT. HSS SAGAR EPES_1_12",प्रतिभागी,शिक्षक
AP6353,Rashmi Upadhyay,Mandla,MANDLA,"23420104106, GOVT. HSS SAGAR EPES_1_12",प्रतिभागी,शिक्षक
AP6358,Anil Prasad Marko,Mandla,MANDLA,"23420104106, GOVT. HSS SAGAR EPES_1_12",प्रतिभागी,शिक्षक
AP6499,Shashiikala Adme,Mandla,MANDLA,"23420104106, GOVT. HSS SAGAR EPES_1_12",प्रतिभागी,शिक्षक
AP8830,Amit Chourasiya,Mandla,MANDLA,"23420104106, GOVT. HSS SAGAR EPES_1_12",प्रतिभागी,शिक्षक
AQ2532,Sopat Kurweti,Mandla,MANDLA,"23420104106, GOVT. HSS SAGAR EPES_1_12",प्रतिभागी,शिक्षक
AJ6138,Seeta Shrivas,Mandla,MANDLA,"23420118302, GOVT. HSS GIRLS R.A.B, MANDLA EPES_6_12",प्रतिभागी,शिक्षक
AP5588,Rekha Shukla,Mandla,MANDLA,"23420118302, GOVT. HSS GIRLS R.A.B, MANDLA EPES_6_12",प्रतिभागी,शिक्षक
AP6167,Vineeta Sirshyam,Mandla,MANDLA,"23420118302, GOVT. HSS GIRLS R.A.B, MANDLA EPES_6_12",प्रतिभागी,शिक्षक
AP6285,Shubhra Dubey,Mandla,MANDLA,"23420118302, GOVT. HSS GIRLS R.A.B, MANDLA EPES_6_12",प्रतिभागी,शिक्षक
AP6424,Shashilata Dubey,Mandla,MANDLA,"23420118302, GOVT. HSS GIRLS R.A.B, MANDLA EPES_6_12",प्रतिभागी,शिक्षक
BP3543,Jagrti Choubey,Mandla,MANDLA,"23420118302, GOVT. HSS GIRLS R.A.B, MANDLA EPES_6_12",प्रतिभागी,शिक्षक
BQ8147,Neelam Yadav,Mandla,MANDLA,"23420118302, GOVT. HSS GIRLS R.A.B, MANDLA EPES_6_12",प्रतिभागी,शिक्षक
BT4694,Mamta Dhurve,Mandla,MANDLA,"23420118302, GOVT. HSS GIRLS R.A.B, MANDLA EPES_6_12",प्रतिभागी,शिक्षक
BV4909,Deepak Patel,Mandla,MANDLA,"23420118302, GOVT. HSS GIRLS R.A.B, MANDLA EPES_6_12",प्रतिभागी,शिक्षक
CC1744,NIDHESH PATEL,Mandla,MANDLA,"23420118302, GOVT. HSS GIRLS R.A.B, MANDLA EPES_6_12",प्रतिभागी,शिक्षक
CC3083,SOURABH PATEL,Mandla,MANDLA,"23420118302, GOVT. HSS GIRLS R.A.B, MANDLA EPES_6_12",प्रतिभागी,शिक्षक
AP5869,Deosena Garg,Mandla,MANDLA,"23420101405, Govt. HSS NARMADA PONDI LINGA",प्रतिभागी,शिक्षक
AP6293,Bheekamlal Janjhela,Mandla,MANDLA,"23420101405, Govt. HSS NARMADA PONDI LINGA",प्रतिभागी,शिक्षक
AP6426,Lekhram Chandel,Mandla,MANDLA,"23420101405, Govt. HSS NARMADA PONDI LINGA",प्रतिभागी,शिक्षक
AP7215,Champa Armo,Mandla,MANDLA,"23420101405, Govt. HSS NARMADA PONDI LINGA",प्रतिभागी,शिक्षक
AP8831,Makhan Lal Tekam,Mandla,MANDLA,"23420101405, Govt. HSS NARMADA PONDI LINGA",प्रतिभागी,शिक्षक
AP8840,Arti Kusmariya,Mandla,MANDLA,"23420101405, Govt. HSS NARMADA PONDI LINGA",प्रतिभागी,शिक्षक
AQ3521,MEKH00RAM AHIRWAR,Mandla,MANDLA,"23420101405, Govt. HSS NARMADA PONDI LINGA",प्रतिभागी,शिक्षक
BQ2061,Jagdeesh Singh Marawi,Mandla,MANDLA,"23420101405, Govt. HSS NARMADA PONDI LINGA",प्रतिभागी,शिक्षक
BQ8719,Anjana Kushre,Mandla,MANDLA,"23420101405, Govt. HSS NARMADA PONDI LINGA",प्रतिभागी,शिक्षक
BT4971,Suneeta Dhurwey,Mandla,MANDLA,"23420101405, Govt. HSS NARMADA PONDI LINGA",प्रतिभागी,शिक्षक
BV7608,Roshani Gupta,Mandla,MANDLA,"23420101405, Govt. HSS NARMADA PONDI LINGA",प्रतिभागी,शिक्षक
CC1767,AJAY PARASTE,Mandla,MANDLA,"23420101405, Govt. HSS NARMADA PONDI LINGA",प्रतिभागी,शिक्षक
AQ3459,Shankri Maravi,Mandla,MAWAI,"23420508014, GOVT. HSS EXCELLENCE MAWAI EPES_6_12",प्रतिभागी,शिक्षक
AQ3550,Aruna Gangwal,Mandla,MAWAI,"23420508014, GOVT. HSS EXCELLENCE MAWAI EPES_6_12",प्रतिभागी,शिक्षक
AQ3576,Kamlesh Marko,Mandla,MAWAI,"23420508014, GOVT. HSS EXCELLENCE MAWAI EPES_6_12",प्रतिभागी,शिक्षक
CE1786,BHAKI PANCHESHWAR,Mandla,MAWAI,"23420508014, GOVT. HSS EXCELLENCE MAWAI EPES_6_12",प्रतिभागी,शिक्षक
AQ3444,Raj Kamal Hardaha,Mandla,MAWAI,"23420501311, Govt. HSS GHUTAS",प्रतिभागी,शिक्षक
AQ3580,Prabhawati Singraha,Mandla,MAWAI,"23420501311, Govt. HSS GHUTAS",प्रतिभागी,शिक्षक
AQ3813,Rajeshwari Maravi,Mandla,MAWAI,"23420501311, Govt. HSS GHUTAS",प्रतिभागी,शिक्षक
BE8293,Hamid Kokhar,Mandla,MAWAI,"23420509806, GOVT. HSS GHONTA EPES_1_12",प्रतिभागी,शिक्षक
AP7543,Ganga Ram Rathor,Mandla,MAWAI,"23420513807, Govt. HSS BHIMDONGRI",प्रतिभागी,शिक्षक
AQ3495,Chainsingh Markam,Mandla,MAWAI,"23420513807, Govt. HSS BHIMDONGRI",प्रतिभागी,शिक्षक
BT5982,Devi Prasad Dhurwey,Mandla,MAWAI,"23420513807, Govt. HSS BHIMDONGRI",प्रतिभागी,शिक्षक
CE6254,DILIP KUMAR,Mandla,MAWAI,"23420513807, Govt. HSS BHIMDONGRI",प्रतिभागी,शिक्षक
AQ3605,Shobharam Paraste,Mandla,MAWAI,"23420506803, GOVT. HS SORHA SALAIYA EPES_1_10",प्रतिभागी,सीएसी
CE2244,KULESHWAR KEWRA,Mandla,MAWAI,"23420506803, GOVT. HS SORHA SALAIYA EPES_1_10",प्रतिभागी,शिक्षक
AQ3447,Dharmendra Baghel,Mandla,MAWAI,"23420502404, GOVT. HS SAHAJPURI EPES_1_10",प्रतिभागी,शिक्षक
BU7006,Rajendra Dhurwey,Mandla,MAWAI,"23420502404, GOVT. HS SAHAJPURI EPES_1_10",प्रतिभागी,शिक्षक
CB9772,LOKCHAND MAHOBIYA,Mandla,MAWAI,"23420502404, GOVT. HS SAHAJPURI EPES_1_10",प्रतिभागी,शिक्षक
BR3947,Tam Singh Tilgam,Mandla,MOHGAON,"23420403914, Govt. HSS EXCELLENCE MOHGAON",प्रतिभागी,शिक्षक
CF5305,NEHA BARA,Mandla,MOHGAON,"23420403914, Govt. HSS EXCELLENCE MOHGAON",प्रतिभागी,शिक्षक
AP7276,Narmda Paraste,Mandla,MOHGAON,"23420404712, GOVT. HSS CHABI EPES_1_12",प्रतिभागी,शिक्षक
AP7282,Gandlal Markam,Mandla,MOHGAON,"23420404712, GOVT. HSS CHABI EPES_1_12",प्रतिभागी,शिक्षक
AP7295,Umesh Jhariya,Mandla,MOHGAON,"23420404712, GOVT. HSS CHABI EPES_1_12",प्रतिभागी,शिक्षक
AP7340,Ramkishor Kurum,Mandla,MOHGAON,"23420404712, GOVT. HSS CHABI EPES_1_12",प्रतिभागी,शिक्षक
AP7378,Vibha Shukla,Mandla,MOHGAON,"23420404712, GOVT. HSS CHABI EPES_1_12",प्रतिभागी,शिक्षक
AP9988,Sohan Lal Kulshte,Mandla,MOHGAON,"23420404712, GOVT. HSS CHABI EPES_1_12",प्रतिभागी,शिक्षक
AQ2281,Dayanand Armo,Mandla,MOHGAON,"23420404712, GOVT. HSS CHABI EPES_1_12",प्रतिभागी,सीएसी
CC7566,MOHAR SINGH,Mandla,MOHGAON,"23420404712, GOVT. HSS CHABI EPES_1_12",प्रतिभागी,शिक्षक
CE9035,NIRMAL UIKEY,Mandla,MOHGAON,"23420404712, GOVT. HSS CHABI EPES_1_12",प्रतिभागी,शिक्षक
AP7172,Hanumat Singh Maravi,Mandla,MOHGAON,"23420401610, GOVT. HSS SINGARPUR EPES_1_12",प्रतिभागी,शिक्षक
AP7266,Prahlad Bhartiya,Mandla,MOHGAON,"23420401610, GOVT. HSS SINGARPUR EPES_1_12",प्रतिभागी,शिक्षक
AQ2289,Heeralal Bhartiya,Mandla,MOHGAON,"23420401610, GOVT. HSS SINGARPUR EPES_1_12",प्रतिभागी,सीएसी
AP7213,Indrakali Kulste,Mandla,MOHGAON,"23420407505, GOVT. HS BILGAON EPES_1_10",प्रतिभागी,शिक्षक
AP7216,Pratibha Barkare,Mandla,MOHGAON,"23420407505, GOVT. HS BILGAON EPES_1_10",प्रतिभागी,शिक्षक
AP7962,Jagdeesh Prasad Jhariya,Mandla,MOHGAON,"23420407505, GOVT. HS BILGAON EPES_1_10",प्रतिभागी,शिक्षक
AP7220,Uday singh Masram,Mandla,MOHGAON,"23420405406, GOVT. HSS MUNOO EPES_6_12",प्रतिभागी,शिक्षक
AP7322,Bhagsingh Marko,Mandla,MOHGAON,"23420405406, GOVT. HSS MUNOO EPES_6_12",प्रतिभागी,शिक्षक
BU6732,Shashikala Lakhera,Mandla,MOHGAON,"23420405406, GOVT. HSS MUNOO EPES_6_12",प्रतिभागी,शिक्षक
BU7808,Madan Bhartiya,Mandla,MOHGAON,"23420405406, GOVT. HSS MUNOO EPES_6_12",प्रतिभागी,शिक्षक
BY7428,Balli Marko,Mandla,MOHGAON,"23420405406, GOVT. HSS MUNOO EPES_6_12",प्रतिभागी,शिक्षक
CF5023,GEETAM BOPCHE,Mandla,MOHGAON,"23420405406, GOVT. HSS MUNOO EPES_6_12",प्रतिभागी,शिक्षक
CF5215,RAJESH UIKEY,Mandla,MOHGAON,"23420405406, GOVT. HSS MUNOO EPES_6_12",प्रतिभागी,शिक्षक
CF7434,Pooja MARKAM,Mandla,MOHGAON,"23420405406, GOVT. HSS MUNOO EPES_6_12",प्रतिभागी,शिक्षक
AP7148,Kunti Vishwkarma,Mandla,MOHGAON,"23420403107, Govt. HS DEOGAON",प्रतिभागी,शिक्षक
AP9798,Pohaplal Jahria,Mandla,NAINPUR,"23420217112, Govt. HSS EXCELLENCE NAINPUR",प्रतिभागी,शिक्षक
AQ1018,Preeti Roshni Rajak,Mandla,NAINPUR,"23420217112, Govt. HSS EXCELLENCE NAINPUR",प्रतिभागी,शिक्षक
BV4671,Shipra Awadhwal,Mandla,NAINPUR,"23420217112, Govt. HSS EXCELLENCE NAINPUR",प्रतिभागी,शिक्षक
BY1679,Mahesh Kumar Gadve,Mandla,NAINPUR,"23420217112, Govt. HSS EXCELLENCE NAINPUR",प्रतिभागी,शिक्षक
BY9397,SHILPA HARDAHA,Mandla,NAINPUR,"23420217112, Govt. HSS EXCELLENCE NAINPUR",प्रतिभागी,शिक्षक
CB2482,MEGHA MURAB,Mandla,NAINPUR,"23420217112, Govt. HSS EXCELLENCE NAINPUR",प्रतिभागी,शिक्षक
CB2964,RAKSHA PATLE,Mandla,NAINPUR,"23420217112, Govt. HSS EXCELLENCE NAINPUR",प्रतिभागी,शिक्षक
AP9669,Ujjual Kumar Badia,Mandla,NAINPUR,"23420204806, GOVT. HSS SALIWADA EPES_1_12",प्रतिभागी,शिक्षक
AP9750,Sanjeev Soni,Mandla,NAINPUR,"23420204806, GOVT. HSS SALIWADA EPES_1_12",प्रतिभागी,शिक्षक
AP9809,Sukhchain Maravi,Mandla,NAINPUR,"23420204806, GOVT. HSS SALIWADA EPES_1_12",प्रतिभागी,शिक्षक
AP9849,Ram Singh Markam,Mandla,NAINPUR,"23420204806, GOVT. HSS SALIWADA EPES_1_12",प्रतिभागी,शिक्षक
AP9700,Shyamkali Kumre,Mandla,NAINPUR,"23420208319, GOVT. HSS PINDRAI EPES_1_12",प्रतिभागी,शिक्षक
AZ5113,Noorjahan Mansoori,Mandla,NAINPUR,"23420208319, GOVT. HSS PINDRAI EPES_1_12",प्रतिभागी,शिक्षक
AP9658,Mukesh Kumar Thakur,Mandla,NAINPUR,"23420211707, GOVT. HSS JAMGAON EPES_1_12",प्रतिभागी,शिक्षक
AP9693,Ravendra Bais,Mandla,NAINPUR,"23420211707, GOVT. HSS JAMGAON EPES_1_12",प्रतिभागी,शिक्षक
AQ1008,Preeti Masram,Mandla,NAINPUR,"23420211707, GOVT. HSS JAMGAON EPES_1_12",प्रतिभागी,शिक्षक
AQ1311,Nikhel Kumar Patel,Mandla,NAINPUR,"23420211707, GOVT. HSS JAMGAON EPES_1_12",प्रतिभागी,शिक्षक
BR7353,Gomti Bagede,Mandla,NAINPUR,"23420211707, GOVT. HSS JAMGAON EPES_1_12",प्रतिभागी,शिक्षक
AQ1113,Nirmala Hardaha,Mandla,NAINPUR,"23420214412, GOVT. HSS INDRI EPES_1_12",प्रतिभागी,शिक्षक
BP3519,Nisha Yadav,Mandla,NAINPUR,"23420214412, GOVT. HSS INDRI EPES_1_12",प्रतिभागी,शिक्षक
BU2724,Bidhi Kumar Janghela,Mandla,NAINPUR,"23420214412, GOVT. HSS INDRI EPES_1_12",प्रतिभागी,शिक्षक
CC2016,ANOOPSINGH TEKAM,Mandla,NAINPUR,"23420214412, GOVT. HSS INDRI EPES_1_12",प्रतिभागी,शिक्षक
AC6554,Deepak Chand Rathour,Mandla,NAINPUR,"23420213907, GOVT. HSS CHIRAIDONGARI (RELWAY) EPES_6_12",प्रतिभागी,शिक्षक
AP9720,Ashok Kumar Masram,Mandla,NAINPUR,"23420213907, GOVT. HSS CHIRAIDONGARI (RELWAY) EPES_6_12",प्रतिभागी,शिक्षक
CC1836,ASHISH RAJAK,Mandla,NAINPUR,"23420213907, GOVT. HSS CHIRAIDONGARI (RELWAY) EPES_6_12",प्रतिभागी,शिक्षक
AP9642,Dulichand Arjunwar,Mandla,NAINPUR,"23420201806, Govt. HSS PATHASIHORA",प्रतिभागी,शिक्षक
CC4343,PRADEEP AHIRWAR,Mandla,NAINPUR,"23420201806, Govt. HSS PATHASIHORA",प्रतिभागी,शिक्षक
AQ1166,Subhdra Ganghela,Mandla,NAINPUR,"23420210207, GOVT. HSS JAHARMAU EPES_6_12",प्रतिभागी,शिक्षक
AP6894,Sahan Singh Markam,Mandla,NAINPUR,"23420200104, GOVT. HSS BHARBHELI (GP) EPES_1_12",प्रतिभागी,शिक्षक
AP9158,Naresh Kumar Maravi,Mandla,NAINPUR,"23420200104, GOVT. HSS BHARBHELI (GP) EPES_1_12",प्रतिभागी,शिक्षक
AP9706,Netram Karthikay,Mandla,NAINPUR,"23420200104, GOVT. HSS BHARBHELI (GP) EPES_1_12",प्रतिभागी,शिक्षक
AQ1341,Darbari Singh Parte,Mandla,NAINPUR,"23420200104, GOVT. HSS BHARBHELI (GP) EPES_1_12",प्रतिभागी,शिक्षक
BS4742,Beajanti Maravi,Mandla,NAINPUR,"23420200104, GOVT. HSS BHARBHELI (GP) EPES_1_12",प्रतिभागी,शिक्षक
BX5016,Ramprasad Keram,Mandla,NAINPUR,"23420200104, GOVT. HSS BHARBHELI (GP) EPES_1_12",प्रतिभागी,शिक्षक
CE5716,PUNAM YADAV,Mandla,NAINPUR,"23420200104, GOVT. HSS BHARBHELI (GP) EPES_1_12",प्रतिभागी,शिक्षक
AJ6261,Suman Lata Masram,Mandla,NARAYANGANJ,"23421303604, Govt. HSS Excellance Narayanganj (Tikariya)",प्रतिभागी,शिक्षक
BQ7132,Anita Khare,Mandla,NARAYANGANJ,"23421303604, Govt. HSS Excellance Narayanganj (Tikariya)",प्रतिभागी,शिक्षक
BZ8540,Prafull Dongre,Mandla,NARAYANGANJ,"23421303604, Govt. HSS Excellance Narayanganj (Tikariya)",प्रतिभागी,शिक्षक
AQ2057,Ashok Yadav,Mandla,NARAYANGANJ,"23421303715, GOVT. HSS GIRLS NARAYANGANJ EPES_1_12",प्रतिभागी,शिक्षक
AQ3265,Shakun Soni,Mandla,NARAYANGANJ,"23421303715, GOVT. HSS GIRLS NARAYANGANJ EPES_1_12",प्रतिभागी,शिक्षक
CF2948,Omprakash Saiyam,Mandla,NARAYANGANJ,"23421303715, GOVT. HSS GIRLS NARAYANGANJ EPES_1_12",प्रतिभागी,शिक्षक
AQ3320,Halke Ram Tekam,Mandla,NARAYANGANJ,"23421309711, Govt. HSS BABALIYA",प्रतिभागी,शिक्षक
CC5174,ASHOK CHOUDHARY,Mandla,NARAYANGANJ,"23421309711, Govt. HSS BABALIYA",प्रतिभागी,शिक्षक
CC5093,ANJANI KURWETI,Mandla,NARAYANGANJ,"23421307205, GOVT. HSS MANGALGANJ EPES_1_12",प्रतिभागी,शिक्षक
AQ3440,Prakesh Kumar Jhariya,Mandla,NARAYANGANJ,"23421309804, GOVT. HS GIRLS BARBATI EPES_1_10",प्रतिभागी,शिक्षक
CF6793,SURENDRA KUMRE,Mandla,NARAYANGANJ,"23421309804, GOVT. HS GIRLS BARBATI EPES_1_10",प्रतिभागी,शिक्षक
BQ7037,Ram Kishore Tilsiya,Mandla,NARAYANGANJ,"23421301605, GOVT. HS MANEGAON EPES_1_10",प्रतिभागी,शिक्षक
CF3656,SAHDEV SINGH MARKAM,Mandla,NARAYANGANJ,"23421301605, GOVT. HS MANEGAON EPES_1_10",प्रतिभागी,शिक्षक
AP8679,Lal Singh Maravi,Mandla,NIWAS,"23421211002, Govt. HSS EXCELLENCE NIWAS",प्रतिभागी,शिक्षक
AP8795,Omkar Prasad Jhariya,Mandla,NIWAS,"23421211002, Govt. HSS EXCELLENCE NIWAS",प्रतिभागी,शिक्षक
CC1749,RAM AHIRWAR,Mandla,NIWAS,"23421211002, Govt. HSS EXCELLENCE NIWAS",प्रतिभागी,शिक्षक
AP6860,Tulsi Ram Uladi,Mandla,NIWAS,"23421206607, Govt. HSS PIPARIYA",प्रतिभागी,शिक्षक
AP8610,Sukhaiyan Singh Parastey,Mandla,NIWAS,"23421206607, Govt. HSS PIPARIYA",प्रतिभागी,शिक्षक
AP8819,Rupwati Tekam,Mandla,NIWAS,"23421206607, Govt. HSS PIPARIYA",प्रतिभागी,शिक्षक
BR5734,Vishram Maravi,Mandla,NIWAS,"23421206607, Govt. HSS PIPARIYA",प्रतिभागी,शिक्षक
CE2552,INDRAPAL PARASTE,Mandla,NIWAS,"23421206607, Govt. HSS PIPARIYA",प्रतिभागी,शिक्षक
BQ2053,KAMLENDRA SINGH MARKAM,Mandla,NIWAS,"23421200607, GOVT. HSS MANERI EPES_1_12",प्रतिभागी,शिक्षक
CE8471,NIKITA JHARIYA,Mandla,NIWAS,"23421200607, GOVT. HSS MANERI EPES_1_12",प्रतिभागी,शिक्षक
AP8443,Ganesh Prasad Singrore,Mandla,NIWAS,"23421201804, GOVT. HSS HATHITARA EPES_1_12",प्रतिभागी,शिक्षक
AP8784,Anita Gautiya,Mandla,NIWAS,"23421201804, GOVT. HSS HATHITARA EPES_1_12",प्रतिभागी,शिक्षक
CC7035,HARGOVIND HALDKAR,Mandla,NIWAS,"23421201804, GOVT. HSS HATHITARA EPES_1_12",प्रतिभागी,शिक्षक
CF1766,DINESH WARKADE,Mandla,NIWAS,"23421201804, GOVT. HSS HATHITARA EPES_1_12",प्रतिभागी,शिक्षक
AP8765,Mukesh Dwivedi,Mandla,NIWAS,"23421205405, GOVT. HSS AMGAWAN EPES_1_12",प्रतिभागी,शिक्षक
AP8785,Vinita Shrivas,Mandla,NIWAS,"23421205405, GOVT. HSS AMGAWAN EPES_1_12",प्रतिभागी,शिक्षक
CE7625,VANADNA THAKUR,Mandla,NIWAS,"23421205405, GOVT. HSS AMGAWAN EPES_1_12",प्रतिभागी,शिक्षक
AQ6916,Karulal Patidar,Mandsaur,BHANPURA,"23190102117, GOVT. HSS BABULDA",प्रतिभागी,शिक्षक
BX1924,Sumit Sharma,Mandsaur,BHANPURA,"23190102117, GOVT. HSS BABULDA",प्रतिभागी,शिक्षक
CC8781,ANURAG PAREEK,Mandsaur,BHANPURA,"23190102117, GOVT. HSS BABULDA",प्रतिभागी,शिक्षक
AQ5115,Neelam Lohar,Mandsaur,BHANPURA,"23190105944, GOVT. HSS GIRLS BHANPURA",प्रतिभागी,शिक्षक
AQ8848,Satyanarayan Carpenter,Mandsaur,BHANPURA,"23190105944, GOVT. HSS GIRLS BHANPURA",प्रतिभागी,शिक्षक
AQ9267,Manish Kumar Jangde,Mandsaur,BHANPURA,"23190105944, GOVT. HSS GIRLS BHANPURA",प्रतिभागी,शिक्षक
BE2978,Soniya Wadhwa,Mandsaur,BHANPURA,"23190105944, GOVT. HSS GIRLS BHANPURA",प्रतिभागी,शिक्षक
BU3801,Rajesh Kumar Danam,Mandsaur,BHANPURA,"23190105944, GOVT. HSS GIRLS BHANPURA",प्रतिभागी,शिक्षक
BU3802,Ram Prasad Popandiya,Mandsaur,BHANPURA,"23190105944, GOVT. HSS GIRLS BHANPURA",प्रतिभागी,शिक्षक
BW2888,Anil Kumar Joshi,Mandsaur,BHANPURA,"23190105944, GOVT. HSS GIRLS BHANPURA",प्रतिभागी,शिक्षक
CC8271,SUNNY WASHERMAN,Mandsaur,BHANPURA,"23190105944, GOVT. HSS GIRLS BHANPURA",प्रतिभागी,शिक्षक
AQ9390,Prakash Chandra Acharya,Mandsaur,BHANPURA,"23190106026, GOVT. HSS BOYS BHENSODA",प्रतिभागी,शिक्षक
BU5268,Pramila Vyas,Mandsaur,BHANPURA,"23190106026, GOVT. HSS BOYS BHENSODA",प्रतिभागी,शिक्षक
BW5636,Dayaram Soni,Mandsaur,BHANPURA,"23190106026, GOVT. HSS BOYS BHENSODA",प्रतिभागी,शिक्षक
BX2711,Anshu Trivedi,Mandsaur,BHANPURA,"23190106026, GOVT. HSS BOYS BHENSODA",प्रतिभागी,सीएसी
BX3290,Priyanka Sameriya,Mandsaur,BHANPURA,"23190106026, GOVT. HSS BOYS BHENSODA",प्रतिभागी,शिक्षक
BY4154,Vandana Gour,Mandsaur,BHANPURA,"23190106026, GOVT. HSS BOYS BHENSODA",प्रतिभागी,शिक्षक
CD5676,PRAGYA SHARMA,Mandsaur,BHANPURA,"23190106026, GOVT. HSS BOYS BHENSODA",प्रतिभागी,शिक्षक
CD8298,MAHAVEER SUMAN,Mandsaur,BHANPURA,"23190106026, GOVT. HSS BOYS BHENSODA",प्रतिभागी,शिक्षक
AQ7613,Purushottam Patidar,Mandsaur,BHANPURA,"23190104115, GOVT. HSS DHABLA MADHOSINGH",प्रतिभागी,शिक्षक
AQ8787,Sita Ram Manglika,Mandsaur,BHANPURA,"23190104115, GOVT. HSS DHABLA MADHOSINGH",प्रतिभागी,शिक्षक
AQ9444,Lalita Dhakad,Mandsaur,BHANPURA,"23190104115, GOVT. HSS DHABLA MADHOSINGH",प्रतिभागी,शिक्षक
BS6281,Brij Mohan Gupta,Mandsaur,BHANPURA,"23190104115, GOVT. HSS DHABLA MADHOSINGH",प्रतिभागी,शिक्षक
BV9792,Sandeep Parashar,Mandsaur,BHANPURA,"23190104115, GOVT. HSS DHABLA MADHOSINGH",प्रतिभागी,शिक्षक
BV9797,Seema Nama,Mandsaur,BHANPURA,"23190104115, GOVT. HSS DHABLA MADHOSINGH",प्रतिभागी,शिक्षक
BX3362,Brajesh Kumar Sharma,Mandsaur,BHANPURA,"23190104115, GOVT. HSS DHABLA MADHOSINGH",प्रतिभागी,शिक्षक
CA9041,HEMANT SHARMA,Mandsaur,BHANPURA,"23190104115, GOVT. HSS DHABLA MADHOSINGH",प्रतिभागी,शिक्षक
AQ8783,Kailash Saini,Mandsaur,BHANPURA,"23190105945, GOVT. HSS EXCELLENCE BHANPURA",प्रतिभागी,शिक्षक
AQ9411,Pinkesh Patidar,Mandsaur,BHANPURA,"23190105945, GOVT. HSS EXCELLENCE BHANPURA",प्रतिभागी,शिक्षक
BW1078,Renu Joshi,Mandsaur,BHANPURA,"23190105945, GOVT. HSS EXCELLENCE BHANPURA",प्रतिभागी,शिक्षक
BW8045,Chandra Prakash Suman,Mandsaur,BHANPURA,"23190105945, GOVT. HSS EXCELLENCE BHANPURA",प्रतिभागी,शिक्षक
BY7630,Manish Bhardwaj,Mandsaur,BHANPURA,"23190105945, GOVT. HSS EXCELLENCE BHANPURA",प्रतिभागी,शिक्षक
CC8014,MONIKA PATIDAR,Mandsaur,BHANPURA,"23190105945, GOVT. HSS EXCELLENCE BHANPURA",प्रतिभागी,शिक्षक
AQ4606,Raja Ram Joshi,Mandsaur,GAROTH,"23190213227, GOVT. HSS GIRLS, GAROTH",प्रतिभागी,शिक्षक
BU3132,Hemant Malviya,Mandsaur,GAROTH,"23190213227, GOVT. HSS GIRLS, GAROTH",प्रतिभागी,शिक्षक
BW4746,Mamta Rathore,Mandsaur,GAROTH,"23190213227, GOVT. HSS GIRLS, GAROTH",प्रतिभागी,शिक्षक
BX3324,Mamta Dixit,Mandsaur,GAROTH,"23190213227, GOVT. HSS GIRLS, GAROTH",प्रतिभागी,शिक्षक
CA9251,DEEPIKA SHARMA,Mandsaur,GAROTH,"23190213227, GOVT. HSS GIRLS, GAROTH",प्रतिभागी,शिक्षक
AQ7043,Prahalad Gehlot,Mandsaur,GAROTH,"23190204809, GOVT. HSS KHADAWADA",प्रतिभागी,शिक्षक
BZ8489,Pushpendra Kumar Vashisht,Mandsaur,GAROTH,"23190204809, GOVT. HSS KHADAWADA",प्रतिभागी,शिक्षक
AQ4631,Vinod Kumar Sharma,Mandsaur,GAROTH,"23190203212, GOVT. HSS SATHKHEDA",प्रतिभागी,शिक्षक
AQ6839,Rajesh Kumar Pande,Mandsaur,GAROTH,"23190203212, GOVT. HSS SATHKHEDA",प्रतिभागी,शिक्षक
AQ9575,Babulal Patidar,Mandsaur,GAROTH,"23190203509, GOVT. HS BARKHEDA GANGASA",प्रतिभागी,शिक्षक
AQ6793,Shakir Hussain Khan,Mandsaur,GAROTH,"23190206617, GOVT. HSS BOLIYA",प्रतिभागी,शिक्षक
AQ7323,Kushal Singh Rathor,Mandsaur,GAROTH,"23190206617, GOVT. HSS BOLIYA",प्रतिभागी,शिक्षक
AQ7487,Dinesh Mehar,Mandsaur,GAROTH,"23190206617, GOVT. HSS BOLIYA",प्रतिभागी,शिक्षक
AQ8874,Kanhaiya Lal Verma,Mandsaur,GAROTH,"23190206617, GOVT. HSS BOLIYA",प्रतिभागी,शिक्षक
AQ8888,Hidayat Rangrej,Mandsaur,GAROTH,"23190206617, GOVT. HSS BOLIYA",प्रतिभागी,शिक्षक
BW9704,Pulkit Jain,Mandsaur,GAROTH,"23190206617, GOVT. HSS BOLIYA",प्रतिभागी,शिक्षक
BX3963,Kirti Sen,Mandsaur,GAROTH,"23190206617, GOVT. HSS BOLIYA",प्रतिभागी,शिक्षक
AQ7322,Salam Singh Bamniya,Mandsaur,GAROTH,"23190216933, GOVT. HSS GIRLS, SHAMGARH",प्रतिभागी,शिक्षक
AQ7342,Maan Singh Sisodiya,Mandsaur,GAROTH,"23190216933, GOVT. HSS GIRLS, SHAMGARH",प्रतिभागी,शिक्षक
AQ7409,Mahesh Kumar Gupta,Mandsaur,GAROTH,"23190216933, GOVT. HSS GIRLS, SHAMGARH",प्रतिभागी,शिक्षक
AQ7416,Kiran Khurana,Mandsaur,GAROTH,"23190216933, GOVT. HSS GIRLS, SHAMGARH",प्रतिभागी,शिक्षक
AQ7417,Dashrath Rathor,Mandsaur,GAROTH,"23190216933, GOVT. HSS GIRLS, SHAMGARH",प्रतिभागी,शिक्षक
AQ7635,Sanjay Kumar Bansal,Mandsaur,GAROTH,"23190216933, GOVT. HSS GIRLS, SHAMGARH",प्रतिभागी,शिक्षक
AQ9514,Ayyub Khan,Mandsaur,GAROTH,"23190216933, GOVT. HSS GIRLS, SHAMGARH",प्रतिभागी,शिक्षक
AZ9096,Seema Chauhan,Mandsaur,GAROTH,"23190216933, GOVT. HSS GIRLS, SHAMGARH",प्रतिभागी,शिक्षक
BT2657,Suresh Kumar Meena,Mandsaur,GAROTH,"23190216933, GOVT. HSS GIRLS, SHAMGARH",प्रतिभागी,शिक्षक
BT4570,Geeta Devi Jadoun,Mandsaur,GAROTH,"23190216933, GOVT. HSS GIRLS, SHAMGARH",प्रतिभागी,शिक्षक
AQ6558,Uderam Gehlot,Mandsaur,GAROTH,"23190209910, GOVT. HSS HATUNIYA (GAROTH)",प्रतिभागी,शिक्षक
AQ5507,Ashok Kumar Malviya,Mandsaur,GAROTH,"23190203110, GOVT. HSS MELKHEDA",प्रतिभागी,शिक्षक
AQ5510,Usmangani Mansuri,Mandsaur,GAROTH,"23190203110, GOVT. HSS MELKHEDA",प्रतिभागी,शिक्षक
AQ7369,Peter Bhuriya,Mandsaur,GAROTH,"23190203110, GOVT. HSS MELKHEDA",प्रतिभागी,शिक्षक
AQ7636,Nivedita Purkar,Mandsaur,GAROTH,"23190203110, GOVT. HSS MELKHEDA",प्रतिभागी,शिक्षक
AQ7639,Sangeeta Mujavadiya,Mandsaur,GAROTH,"23190203110, GOVT. HSS MELKHEDA",प्रतिभागी,शिक्षक
BS4601,Anita Devada,Mandsaur,GAROTH,"23190203110, GOVT. HSS MELKHEDA",प्रतिभागी,शिक्षक
BS7058,Gattu Singh Chandravat,Mandsaur,GAROTH,"23190203110, GOVT. HSS MELKHEDA",प्रतिभागी,शिक्षक
BX1865,Vinod Kumar Tosawada,Mandsaur,GAROTH,"23190203110, GOVT. HSS MELKHEDA",प्रतिभागी,शिक्षक
CE2843,KAVITA MEHTA,Mandsaur,GAROTH,"23190203110, GOVT. HSS MELKHEDA",प्रतिभागी,शिक्षक
AQ6055,Madhudas Bairagi,Mandsaur,GAROTH,"23190210611, GOVT. HSS CHANDWASA",प्रतिभागी,शिक्षक
CC8023,IMRAN KHAN,Mandsaur,GAROTH,"23190210611, GOVT. HSS CHANDWASA",प्रतिभागी,शिक्षक
AQ6802,Jahir Hussain Khan,Mandsaur,GAROTH,"23190216606, GOVT. HS KHAJURIPANTH",प्रतिभागी,शिक्षक
AQ7720,Sandhya Dangarh,Mandsaur,GAROTH,"23190216606, GOVT. HS KHAJURIPANTH",प्रतिभागी,शिक्षक
AQ4653,Savita Ratnawat,Mandsaur,MALHARGARH,"23190402330, GOVT. HSS EXCELLENCE, MALHARGARH",प्रतिभागी,शिक्षक
AQ7640,Sunil Rathore,Mandsaur,MALHARGARH,"23190402330, GOVT. HSS EXCELLENCE, MALHARGARH",प्रतिभागी,शिक्षक
BW1654,Surendra Singh Ranawat,Mandsaur,MALHARGARH,"23190402330, GOVT. HSS EXCELLENCE, MALHARGARH",प्रतिभागी,शिक्षक
CA9032,ANIL REGAR,Mandsaur,MALHARGARH,"23190402330, GOVT. HSS EXCELLENCE, MALHARGARH",प्रतिभागी,शिक्षक
CB5768,ARUNA PATIDAR,Mandsaur,MALHARGARH,"23190402330, GOVT. HSS EXCELLENCE, MALHARGARH",प्रतिभागी,शिक्षक
CC3300,RANJANA PATIDAR,Mandsaur,MALHARGARH,"23190402330, GOVT. HSS EXCELLENCE, MALHARGARH",प्रतिभागी,शिक्षक
AQ5575,Krishna Narayan Singh Chandrawat,Mandsaur,MALHARGARH,"23190401818, GOVT. BOYS HSS NARAYANGARH",प्रतिभागी,शिक्षक
AQ7814,Gita Patidar,Mandsaur,MALHARGARH,"23190401818, GOVT. BOYS HSS NARAYANGARH",प्रतिभागी,शिक्षक
BU4867,Rekha Patidar,Mandsaur,MALHARGARH,"23190401818, GOVT. BOYS HSS NARAYANGARH",प्रतिभागी,शिक्षक
AQ4828,Amar Singh,Mandsaur,MALHARGARH,"23190402626, GOVT. HSS BOYS, PIPLIYA STATION",प्रतिभागी,शिक्षक
AS7695,Prashant Chouhan,Mandsaur,MALHARGARH,"23190402626, GOVT. HSS BOYS, PIPLIYA STATION",प्रतिभागी,शिक्षक
BR3285,Angurbala Patidar,Mandsaur,MALHARGARH,"23190402626, GOVT. HSS BOYS, PIPLIYA STATION",प्रतिभागी,शिक्षक
BS5532,Kiran Farkya,Mandsaur,MALHARGARH,"23190402626, GOVT. HSS BOYS, PIPLIYA STATION",प्रतिभागी,शिक्षक
BU3904,Vikram Kumar Sain,Mandsaur,MALHARGARH,"23190402626, GOVT. HSS BOYS, PIPLIYA STATION",प्रतिभागी,शिक्षक
AQ6201,Shalinee Sharma,Mandsaur,MALHARGARH,"23190416111, GOVT. HS DAURWADA",प्रतिभागी,शिक्षक
AQ7275,Uday Singh Parihar,Mandsaur,MALHARGARH,"23190416111, GOVT. HS DAURWADA",प्रतिभागी,शिक्षक
AQ8507,Jogendra Kour Hora,Mandsaur,MALHARGARH,"23190416111, GOVT. HS DAURWADA",प्रतिभागी,शिक्षक
BU5237,Angur Bala Varma,Mandsaur,MALHARGARH,"23190416111, GOVT. HS DAURWADA",प्रतिभागी,शिक्षक
BW2314,Manohar Lal Prajapat,Mandsaur,MALHARGARH,"23190416111, GOVT. HS DAURWADA",प्रतिभागी,शिक्षक
BW2963,Sumitra Dhakad,Mandsaur,MALHARGARH,"23190416111, GOVT. HS DAURWADA",प्रतिभागी,शिक्षक
CB3585,RAMU VISHWAKARMA,Mandsaur,MALHARGARH,"23190416111, GOVT. HS DAURWADA",प्रतिभागी,शिक्षक
CB4051,KAN SINGH CHOUHAN,Mandsaur,MALHARGARH,"23190416111, GOVT. HS DAURWADA",प्रतिभागी,शिक्षक
AQ5623,Rajendra Arya,Mandsaur,MALHARGARH,"23190405410, GOVT. HSS BALAGUDA",प्रतिभागी,शिक्षक
AQ8592,Reena Sharma,Mandsaur,MALHARGARH,"23190405410, GOVT. HSS BALAGUDA",प्रतिभागी,शिक्षक
AS6554,Chanda Bai Nagriya,Mandsaur,MALHARGARH,"23190405410, GOVT. HSS BALAGUDA",प्रतिभागी,शिक्षक
BQ3856,Sukhdev Kumar,Mandsaur,MALHARGARH,"23190405410, GOVT. HSS BALAGUDA",प्रतिभागी,शिक्षक
BQ6472,Ajay Kumar Rathor,Mandsaur,MALHARGARH,"23190405410, GOVT. HSS BALAGUDA",प्रतिभागी,शिक्षक
AQ5633,Shambhulal Mali,Mandsaur,MALHARGARH,"23190408815, GOVT.HSS BOYS. BUDHA",प्रतिभागी,शिक्षक
AQ5685,Ramesh Chandra Sharma,Mandsaur,MALHARGARH,"23190408815, GOVT.HSS BOYS. BUDHA",प्रतिभागी,शिक्षक
AQ6192,Ummed Singh Chundawat,Mandsaur,MALHARGARH,"23190408815, GOVT.HSS BOYS. BUDHA",प्रतिभागी,शिक्षक
AQ7623,Dilip Kumar Soni,Mandsaur,MALHARGARH,"23190408815, GOVT.HSS BOYS. BUDHA",प्रतिभागी,शिक्षक
AQ3930,Rameshver Khachraniya,Mandsaur,MANDSAUR,"23190623747, GOVT. HSS BOYS, NO. 2 MANDSAUR",प्रतिभागी,शिक्षक
AQ4560,Anoopdas Baghel,Mandsaur,MANDSAUR,"23190623747, GOVT. HSS BOYS, NO. 2 MANDSAUR",प्रतिभागी,शिक्षक
AQ5069,Farida Mansuri,Mandsaur,MANDSAUR,"23190623747, GOVT. HSS BOYS, NO. 2 MANDSAUR",प्रतिभागी,शिक्षक
AQ6189,Pramod Sarundiydi,Mandsaur,MANDSAUR,"23190623747, GOVT. HSS BOYS, NO. 2 MANDSAUR",प्रतिभागी,शिक्षक
AQ6453,Kailash Chandra Chauhan,Mandsaur,MANDSAUR,"23190623747, GOVT. HSS BOYS, NO. 2 MANDSAUR",प्रतिभागी,शिक्षक
AQ7806,Ramprasad Kumawat,Mandsaur,MANDSAUR,"23190623747, GOVT. HSS BOYS, NO. 2 MANDSAUR",प्रतिभागी,शिक्षक
AQ7808,Sanjay Dwivedi,Mandsaur,MANDSAUR,"23190623747, GOVT. HSS BOYS, NO. 2 MANDSAUR",प्रतिभागी,शिक्षक
AQ8304,Vijay Kanthali,Mandsaur,MANDSAUR,"23190623747, GOVT. HSS BOYS, NO. 2 MANDSAUR",प्रतिभागी,शिक्षक
AQ8627,Shyam Babu Meena,Mandsaur,MANDSAUR,"23190623747, GOVT. HSS BOYS, NO. 2 MANDSAUR",प्रतिभागी,शिक्षक
BV9804,Jyoti Sharma,Mandsaur,MANDSAUR,"23190623747, GOVT. HSS BOYS, NO. 2 MANDSAUR",प्रतिभागी,शिक्षक
CB3010,RAKHI KHICHI,Mandsaur,MANDSAUR,"23190623747, GOVT. HSS BOYS, NO. 2 MANDSAUR",प्रतिभागी,शिक्षक
AQ4264,Shashikala Diwakar,Mandsaur,MANDSAUR,"23190623748, GOVT. HSS GIRLS, MANDSAUR",प्रतिभागी,शिक्षक
AQ5888,Sunita Mujawdiya,Mandsaur,MANDSAUR,"23190623748, GOVT. HSS GIRLS, MANDSAUR",प्रतिभागी,शिक्षक
AQ5949,Monika Neema,Mandsaur,MANDSAUR,"23190623748, GOVT. HSS GIRLS, MANDSAUR",प्रतिभागी,शिक्षक
AQ8264,Sunita Uppadhya,Mandsaur,MANDSAUR,"23190623748, GOVT. HSS GIRLS, MANDSAUR",प्रतिभागी,शिक्षक
AQ9058,Akhileshwar Dwivedi,Mandsaur,MANDSAUR,"23190623748, GOVT. HSS GIRLS, MANDSAUR",प्रतिभागी,शिक्षक
AS5355,Chand Bi Qureshi,Mandsaur,MANDSAUR,"23190623748, GOVT. HSS GIRLS, MANDSAUR",प्रतिभागी,शिक्षक
BU6925,Durga Choudhary,Mandsaur,MANDSAUR,"23190623748, GOVT. HSS GIRLS, MANDSAUR",प्रतिभागी,शिक्षक
BX6008,Meenu Garg,Mandsaur,MANDSAUR,"23190623748, GOVT. HSS GIRLS, MANDSAUR",प्रतिभागी,शिक्षक
CC3542,PRIYA SHARMA,Mandsaur,MANDSAUR,"23190623748, GOVT. HSS GIRLS, MANDSAUR",प्रतिभागी,शिक्षक
AQ5869,Kamlesh Lahari,Mandsaur,MANDSAUR,"23190623746, GOVT. HSS GIRLS, BALAGUNJ  MANDSAUR",प्रतिभागी,शिक्षक
AQ6125,Karulal Tanwar,Mandsaur,MANDSAUR,"23190623746, GOVT. HSS GIRLS, BALAGUNJ  MANDSAUR",प्रतिभागी,शिक्षक
AQ6355,Priti Shrivastav,Mandsaur,MANDSAUR,"23190623746, GOVT. HSS GIRLS, BALAGUNJ  MANDSAUR",प्रतिभागी,शिक्षक
AQ6404,Pankaj Joshi,Mandsaur,MANDSAUR,"23190623746, GOVT. HSS GIRLS, BALAGUNJ  MANDSAUR",प्रतिभागी,शिक्षक
BS4698,Dhanraj Kumawat,Mandsaur,MANDSAUR,"23190623746, GOVT. HSS GIRLS, BALAGUNJ  MANDSAUR",प्रतिभागी,शिक्षक
AQ7728,Purnima Mundra,Mandsaur,MANDSAUR,"23190612824, GOVT. HSS DALAUDA STATION",प्रतिभागी,शिक्षक
AQ8673,Devilal Sunarthi,Mandsaur,MANDSAUR,"23190612824, GOVT. HSS DALAUDA STATION",प्रतिभागी,शिक्षक
AQ4138,Jagdish Patel,Mandsaur,MANDSAUR,"23190618207, GOVT. HSS KARJU",प्रतिभागी,शिक्षक
AQ5728,Sandhya Sahariya,Mandsaur,MANDSAUR,"23190618207, GOVT. HSS KARJU",प्रतिभागी,शिक्षक
AQ6229,Sandeep Malasa,Mandsaur,MANDSAUR,"23190618207, GOVT. HSS KARJU",प्रतिभागी,शिक्षक
AQ6463,Mohan Lal Damar,Mandsaur,MANDSAUR,"23190618207, GOVT. HSS KARJU",प्रतिभागी,शिक्षक
AQ6597,Shantilal Darding,Mandsaur,MANDSAUR,"23190618207, GOVT. HSS KARJU",प्रतिभागी,शिक्षक
BS4186,Jitendra Singh Rathor,Mandsaur,MANDSAUR,"23190618207, GOVT. HSS KARJU",प्रतिभागी,शिक्षक
AQ8929,Puranlal Bhabhar,Mandsaur,MANDSAUR,"23190612307, GOVT. HSS DHAMNAR",प्रतिभागी,शिक्षक
AQ6377,Bhanwar Lal Solanki,Mandsaur,MANDSAUR,"23190618708, GOVT. HSS  KUNCHROD",प्रतिभागी,शिक्षक
AQ8299,Baluram Prajapat,Mandsaur,MANDSAUR,"23190618708, GOVT. HSS  KUNCHROD",प्रतिभागी,शिक्षक
BW5628,Kalpana Kunwar Sisodiya,Mandsaur,MANDSAUR,"23190608206, GOVT. HSS GURJAR BARDIYA",प्रतिभागी,शिक्षक
AQ7450,Pura Lal Chodhary,Mandsaur,MANDSAUR,"23190607805, GOVT. HSS DIGAONMALI",प्रतिभागी,शिक्षक
AQ8722,Yusuf Mohammad,Mandsaur,MANDSAUR,"23190607805, GOVT. HSS DIGAONMALI",प्रतिभागी,शिक्षक
BI6582,Rajendra Medatwal,Mandsaur,MANDSAUR,"23190607805, GOVT. HSS DIGAONMALI",प्रतिभागी,शिक्षक
BU9741,Sunil Kumar Katlana,Mandsaur,MANDSAUR,"23190607805, GOVT. HSS DIGAONMALI",प्रतिभागी,शिक्षक
AQ9150,Rajesh Kumar Chouhan,Mandsaur,MANDSAUR,"23190614508, GOVT. HSS BEHPUR",प्रतिभागी,शिक्षक
BV4384,Kavarlal Darding,Mandsaur,MANDSAUR,"23190614508, GOVT. HSS BEHPUR",प्रतिभागी,शिक्षक
CB3067,RAMDAYAL KAMALWA,Mandsaur,MANDSAUR,"23190614508, GOVT. HSS BEHPUR",प्रतिभागी,शिक्षक
AQ6400,Vishnu Lal Pichholiya,Mandsaur,MANDSAUR,"23190608609, GOVT. HSS AFJALPUR",प्रतिभागी,शिक्षक
AQ7536,Sunita Porwal,Mandsaur,MANDSAUR,"23190608609, GOVT. HSS AFJALPUR",प्रतिभागी,शिक्षक
AQ9095,Laxmi Patidar,Mandsaur,MANDSAUR,"23190608609, GOVT. HSS AFJALPUR",प्रतिभागी,शिक्षक
BQ6039,Shivnarayan Gayri,Mandsaur,MANDSAUR,"23190608609, GOVT. HSS AFJALPUR",प्रतिभागी,शिक्षक
AQ8348,Nahar Singh Dodiyar,Mandsaur,SITAMAU,"23190818734, GOVT. HSS GIRLS, SITAMAU",प्रतिभागी,शिक्षक
AQ8352,Vinod Mod,Mandsaur,SITAMAU,"23190818734, GOVT. HSS GIRLS, SITAMAU",प्रतिभागी,शिक्षक
AQ9131,Gopal Sunarthi,Mandsaur,SITAMAU,"23190818734, GOVT. HSS GIRLS, SITAMAU",प्रतिभागी,शिक्षक
AS5846,Vinita Sethiya,Mandsaur,SITAMAU,"23190818734, GOVT. HSS GIRLS, SITAMAU",प्रतिभागी,शिक्षक
BW4939,Dashrath Rathour,Mandsaur,SITAMAU,"23190818734, GOVT. HSS GIRLS, SITAMAU",प्रतिभागी,शिक्षक
BY8874,Shyamlal Prajapat,Mandsaur,SITAMAU,"23190818734, GOVT. HSS GIRLS, SITAMAU",प्रतिभागी,शिक्षक
AQ5764,Radheshyam Malviya,Mandsaur,SITAMAU,"23190809006, GOVT. HS MAANPURA",प्रतिभागी,शिक्षक
AQ6131,Karulal Gehlot,Mandsaur,SITAMAU,"23190809006, GOVT. HS MAANPURA",प्रतिभागी,शिक्षक
AQ9071,Sunita Hargod,Mandsaur,SITAMAU,"23190809006, GOVT. HS MAANPURA",प्रतिभागी,शिक्षक
AQ9073,Praveena Kumar,Mandsaur,SITAMAU,"23190809006, GOVT. HS MAANPURA",प्रतिभागी,शिक्षक
BT3622,Ramchandra Dangi,Mandsaur,SITAMAU,"23190809006, GOVT. HS MAANPURA",प्रतिभागी,शिक्षक
AQ9097,Kailash Porwal,Mandsaur,SITAMAU,"23190810608, GOVT. HSS DEEPAKHEDA",प्रतिभागी,शिक्षक
AQ9103,Sharda Vyas,Mandsaur,SITAMAU,"23190810608, GOVT. HSS DEEPAKHEDA",प्रतिभागी,शिक्षक
AQ9147,Rekha Trivedi,Mandsaur,SITAMAU,"23190810608, GOVT. HSS DEEPAKHEDA",प्रतिभागी,शिक्षक
AQ8312,Kamlesh Kumar,Mandsaur,SITAMAU,"23190812109, GOVT. HS KHEJDIYA",प्रतिभागी,शिक्षक
AQ8396,Vijay Kumar Jain,Mandsaur,SITAMAU,"23190812109, GOVT. HS KHEJDIYA",प्रतिभागी,शिक्षक
AQ5065,Parmeshwar Rathore,Mandsaur,SITAMAU,"23190815723, GOVT. HSS EXCELLENCE SUWASARA",प्रतिभागी,शिक्षक
BT5436,Chandra Shekhar Vaishnav,Mandsaur,SITAMAU,"23190815723, GOVT. HSS EXCELLENCE SUWASARA",प्रतिभागी,शिक्षक
BW4930,Mukesh Chouhan,Mandsaur,SITAMAU,"23190815723, GOVT. HSS EXCELLENCE SUWASARA",प्रतिभागी,शिक्षक
BW5626,Satya Prakash Patidar,Mandsaur,SITAMAU,"23190815723, GOVT. HSS EXCELLENCE SUWASARA",प्रतिभागी,शिक्षक
CA9001,PANKAJ MACHAR,Mandsaur,SITAMAU,"23190815723, GOVT. HSS EXCELLENCE SUWASARA",प्रतिभागी,शिक्षक
AQ5144,Jagdish Chandra Vyas,Mandsaur,SITAMAU,"23190816916, GOVT. HSS RUNIJA",प्रतिभागी,शिक्षक
AQ8485,Suresh Pathrod,Mandsaur,SITAMAU,"23190816916, GOVT. HSS RUNIJA",प्रतिभागी,शिक्षक
AQ8503,Rameshchandr Rathor,Mandsaur,SITAMAU,"23190816916, GOVT. HSS RUNIJA",प्रतिभागी,सीएसी
BU3922,Pinki Dhanoliya,Mandsaur,SITAMAU,"23190816916, GOVT. HSS RUNIJA",प्रतिभागी,शिक्षक
AQ8907,Pankaj Kumar Devda,Mandsaur,SITAMAU,"23190800117, GOVT. HSS BOYS NAHARGARH",प्रतिभागी,शिक्षक
AQ8937,Kishor Sharma,Mandsaur,SITAMAU,"23190800117, GOVT. HSS BOYS NAHARGARH",प्रतिभागी,शिक्षक
BW2799,Harishanker SHARMA,Mandsaur,SITAMAU,"23190800117, GOVT. HSS BOYS NAHARGARH",प्रतिभागी,शिक्षक
AQ6231,Abdul Salim Kureshi,Mandsaur,SITAMAU,"23190803106, GOVT. HSS MOTIPURA",प्रतिभागी,शिक्षक
AQ5739,Amritlal Bhati,Mandsaur,SITAMAU,"23190801814, GOVT. HSS KAYAMPUR",प्रतिभागी,शिक्षक
AQ5821,Mohemmed Anwar Khan,Mandsaur,SITAMAU,"23190801814, GOVT. HSS KAYAMPUR",प्रतिभागी,शिक्षक
AQ6112,Rajeshkumar Soni,Mandsaur,SITAMAU,"23190801814, GOVT. HSS KAYAMPUR",प्रतिभागी,शिक्षक
AQ8306,Rajendra Barola,Mandsaur,SITAMAU,"23190801814, GOVT. HSS KAYAMPUR",प्रतिभागी,शिक्षक
AQ9068,Bharat Kumawat.,Mandsaur,SITAMAU,"23190801814, GOVT. HSS KAYAMPUR",प्रतिभागी,शिक्षक
BZ5991,Mevalal Dayama,Mandsaur,SITAMAU,"23190801814, GOVT. HSS KAYAMPUR",प्रतिभागी,शिक्षक
CA8732,LAXMINARAYAN IRVAR,Mandsaur,SITAMAU,"23190801814, GOVT. HSS KAYAMPUR",प्रतिभागी,शिक्षक
DA3118,PRAHLAD UPADHYAY,Mandsaur,SITAMAU,"23190801814, GOVT. HSS KAYAMPUR",प्रतिभागी,शिक्षक
AQ8309,Jagdish Chandra Ved,Mandsaur,SITAMAU,"23190815724, GOVT. HSS GIRLS, SUWASARA",प्रतिभागी,शिक्षक
AQ8383,Ramesh Chandra Malaviya,Mandsaur,SITAMAU,"23190815724, GOVT. HSS GIRLS, SUWASARA",प्रतिभागी,शिक्षक
AQ8482,Prahlad Singh,Mandsaur,SITAMAU,"23190815724, GOVT. HSS GIRLS, SUWASARA",प्रतिभागी,शिक्षक
BX8579,Surat Singh Solanki,Mandsaur,SITAMAU,"23190815724, GOVT. HSS GIRLS, SUWASARA",प्रतिभागी,शिक्षक
BZ5451,Radheshyam Mehar,Mandsaur,SITAMAU,"23190815724, GOVT. HSS GIRLS, SUWASARA",प्रतिभागी,शिक्षक
AQ9858,Sheela Singh,Morena,AMBAH,"23020208301, GOVT. H.S.S. EXC. AMBAH",प्रतिभागी,शिक्षक
AR1020,Ramprakash ,Morena,AMBAH,"23020208301, GOVT. H.S.S. EXC. AMBAH",प्रतिभागी,शिक्षक
AR6326,Vijay Gupta,Morena,AMBAH,"23020207623, GOVT.H.S.S. THARA",प्रतिभागी,शिक्षक
BT6669,Rajvir Prajapati,Morena,AMBAH,"23020207623, GOVT.H.S.S. THARA",प्रतिभागी,शिक्षक
BU3000,Vishnu Gupta,Morena,AMBAH,"23020207623, GOVT.H.S.S. THARA",प्रतिभागी,शिक्षक
BV4259,Ramraj Singh Tomar,Morena,AMBAH,"23020207623, GOVT.H.S.S. THARA",प्रतिभागी,शिक्षक
BW3230,Shrinarayan Dixit,Morena,AMBAH,"23020207623, GOVT.H.S.S. THARA",प्रतिभागी,शिक्षक
BW8935,Beerendra Singh Kushwah,Morena,AMBAH,"23020207623, GOVT.H.S.S. THARA",प्रतिभागी,शिक्षक
AR1356,Mukesh Kumar Chhari,Morena,AMBAH,"23020202307, GOVT.H.S.S. GOTH",प्रतिभागी,शिक्षक
AO4913,Anjani Kumar Vashishth,Morena,AMBAH,"23020208401, GOVT. H.S. BOYS AMBAH",प्रतिभागी,शिक्षक
AQ9784,Meena Sakhwar,Morena,AMBAH,"23020208401, GOVT. H.S. BOYS AMBAH",प्रतिभागी,शिक्षक
AR1442,Sahdev Kumar,Morena,AMBAH,"23020208401, GOVT. H.S. BOYS AMBAH",प्रतिभागी,शिक्षक
BG2757,Mukesh Kumar Upadhaya,Morena,AMBAH,"23020208401, GOVT. H.S. BOYS AMBAH",प्रतिभागी,शिक्षक
CA5246,KAMAL Singh Gurjar,Morena,AMBAH,"23020208401, GOVT. H.S. BOYS AMBAH",प्रतिभागी,शिक्षक
CA5247,Shyam Sundra,Morena,AMBAH,"23020208401, GOVT. H.S. BOYS AMBAH",प्रतिभागी,शिक्षक
CB8116,AJAY PRATAP SINGH UCHCHARIYA,Morena,AMBAH,"23020208401, GOVT. H.S. BOYS AMBAH",प्रतिभागी,शिक्षक
CE1183,PRACHI SHARMA,Morena,AMBAH,"23020208401, GOVT. H.S. BOYS AMBAH",प्रतिभागी,शिक्षक
BT2153,Girish Chand Sharma,Morena,AMBAH,"23020203527, GOVT.HSS JAGGA KA PURA",प्रतिभागी,शिक्षक
BT2641,Rambeer Singh Uchchariya,Morena,AMBAH,"23020203527, GOVT.HSS JAGGA KA PURA",प्रतिभागी,शिक्षक
BU2731,Rajveer Singh,Morena,AMBAH,"23020203527, GOVT.HSS JAGGA KA PURA",प्रतिभागी,शिक्षक
AM3971,Pavan Sharma,Morena,AMBAH,"23020203006, GOVT.EX.HSS DIMANI",प्रतिभागी,शिक्षक
AR1763,Prabha Joshi,Morena,AMBAH,"23020203006, GOVT.EX.HSS DIMANI",प्रतिभागी,शिक्षक
AR4905,Nandkishor Sharma,Morena,AMBAH,"23020203824, GOVT.HSS KHADIYAHAR",प्रतिभागी,शिक्षक
BU2292,Rajkumar Singh Rajput,Morena,AMBAH,"23020203824, GOVT.HSS KHADIYAHAR",प्रतिभागी,शिक्षक
AR1554,Rakesh Sharma,Morena,AMBAH,"23020204411, GOVT.H.S.S.SIHONIYA",प्रतिभागी,शिक्षक
BZ1747,Gajendra Pratap Singh,Morena,AMBAH,"23020204411, GOVT.H.S.S.SIHONIYA",प्रतिभागी,शिक्षक
AB6469,YOGENDRA TYAGI,Morena,AMBAH,"23020206809, GOVT.H.S.KOLUA",प्रतिभागी,शिक्षक
BW5259,Jitendra Singh,Morena,JOURA,"23020408205, GOVT.H.S GUDACHAMBAL",प्रतिभागी,शिक्षक
BW8656,Kalyan Singh,Morena,JOURA,"23020408205, GOVT.H.S GUDACHAMBAL",प्रतिभागी,शिक्षक
AR3232,Vinod Kumar Sharma,Morena,JOURA,"23020410210, GOVT.H.S.KHANETA",प्रतिभागी,शिक्षक
BQ2765,Rakesh Kumar Sharma,Morena,JOURA,"23020410210, GOVT.H.S.KHANETA",प्रतिभागी,शिक्षक
BS4981,Ramnaresh Sharma,Morena,JOURA,"23020410210, GOVT.H.S.KHANETA",प्रतिभागी,शिक्षक
BP2889,Sunayana Sharma,Morena,JOURA,"23020413001, Govt Ex. HSS Boys Joura",प्रतिभागी,शिक्षक
BV4129,JAGDISH PRASAD DHAKAD,Morena,JOURA,"23020413001, Govt Ex. HSS Boys Joura",प्रतिभागी,शिक्षक
BZ1401,Abadesh Tyagi,Morena,JOURA,"23020413001, Govt Ex. HSS Boys Joura",प्रतिभागी,शिक्षक
AK4839,Sanjay Jonwar,Morena,JOURA,"23020413002, GOVT.GIRLS HSS JOURA",प्रतिभागी,शिक्षक
AK6157,Pankaj Kulshrestha,Morena,JOURA,"23020413002, GOVT.GIRLS HSS JOURA",प्रतिभागी,शिक्षक
AR3538,Rajesh Tyagi,Morena,JOURA,"23020413002, GOVT.GIRLS HSS JOURA",प्रतिभागी,शिक्षक
BA7205,Manju Shakya,Morena,JOURA,"23020413002, GOVT.GIRLS HSS JOURA",प्रतिभागी,शिक्षक
BG3152,Satish Kumar Tyagi,Morena,JOURA,"23020413002, GOVT.GIRLS HSS JOURA",प्रतिभागी,शिक्षक
BK2631,Sushma Bansal,Morena,JOURA,"23020413002, GOVT.GIRLS HSS JOURA",प्रतिभागी,शिक्षक
BW6050,Naresh Sharma,Morena,JOURA,"23020413002, GOVT.GIRLS HSS JOURA",प्रतिभागी,शिक्षक
AR2902,Navneet Upadhyay,Morena,JOURA,"23020406106, GOVT.H.S.CHACHIA",प्रतिभागी,शिक्षक
AR3742,Ashok Shakya,Morena,JOURA,"23020406106, GOVT.H.S.CHACHIA",प्रतिभागी,शिक्षक
BU5766,Keshav Tyagi,Morena,JOURA,"23020406106, GOVT.H.S.CHACHIA",प्रतिभागी,शिक्षक
CD7896,SANNY JAIN,Morena,JOURA,"23020406106, GOVT.H.S.CHACHIA",प्रतिभागी,शिक्षक
CD8638,PANKAJ RAWAT,Morena,JOURA,"23020406106, GOVT.H.S.CHACHIA",प्रतिभागी,शिक्षक
AK1440,Dinesh Singh Sikarwar,Morena,JOURA,"23020408530, GOVT.EX.HSS BAGCHINI",प्रतिभागी,शिक्षक
BQ2317,Rakesh Singh Sikarwar,Morena,JOURA,"23020408530, GOVT.EX.HSS BAGCHINI",प्रतिभागी,शिक्षक
BX5568,Devendra Singh Kushwah,Morena,JOURA,"23020408530, GOVT.EX.HSS BAGCHINI",प्रतिभागी,शिक्षक
CD7376,HANEEF KHAN,Morena,JOURA,"23020408530, GOVT.EX.HSS BAGCHINI",प्रतिभागी,शिक्षक
BY8857,Gajendra Singh Tyagi,Morena,JOURA,"23020408712, GOVT.H.S.S. BHENSROLI",प्रतिभागी,शिक्षक
BZ3909,Rashmi Agnihotri,Morena,JOURA,"23020408712, GOVT.H.S.S. BHENSROLI",प्रतिभागी,शिक्षक
BS1634,Shishupal Singh Yadav,Morena,JOURA,"23020403416, GOVT. H.S.NITEHARA",प्रतिभागी,अन्य
AR6364,Nirmala Rathore,Morena,JOURA,"23020403827, GOVT.HSS SUMAWALI",प्रतिभागी,शिक्षक
BQ7544,Mehtab Khan,Morena,JOURA,"23020403827, GOVT.HSS SUMAWALI",प्रतिभागी,शिक्षक
BU2006,Brajmohan Shakya,Morena,JOURA,"23020403827, GOVT.HSS SUMAWALI",प्रतिभागी,शिक्षक
AJ9635,Ramniwas Dhakad,Morena,KAILARAS,"23020600806, GOVT.H.S.S. SEMAI",प्रतिभागी,शिक्षक
AR1810,Bhupendra Singh,Morena,KAILARAS,"23020600806, GOVT.H.S.S. SEMAI",प्रतिभागी,शिक्षक
BV5047,Kamlesh Kumar Sharma,Morena,KAILARAS,"23020600806, GOVT.H.S.S. SEMAI",प्रतिभागी,शिक्षक
AC4777,Shashi Kumar Sharma,Morena,KAILARAS,"23020606671, GOVT.GIRLS HSS KAILARAS",प्रतिभागी,शिक्षक
AR1840,Rakesh Kumar Sikarawar,Morena,KAILARAS,"23020606671, GOVT.GIRLS HSS KAILARAS",प्रतिभागी,शिक्षक
AR2033,Mandakini Devi,Morena,KAILARAS,"23020606671, GOVT.GIRLS HSS KAILARAS",प्रतिभागी,शिक्षक
AR3932,Lakhan Singh Jatav,Morena,KAILARAS,"23020606671, GOVT.GIRLS HSS KAILARAS",प्रतिभागी,शिक्षक
AR3946,Gajendra Singh Morya,Morena,KAILARAS,"23020606671, GOVT.GIRLS HSS KAILARAS",प्रतिभागी,शिक्षक
AR7495,Mukta Tomar,Morena,KAILARAS,"23020606671, GOVT.GIRLS HSS KAILARAS",प्रतिभागी,शिक्षक
AV1443,Manoj Upadhyay,Morena,KAILARAS,"23020606671, GOVT.GIRLS HSS KAILARAS",प्रतिभागी,शिक्षक
BQ1931,Boondi Lal Rawat,Morena,KAILARAS,"23020606671, GOVT.GIRLS HSS KAILARAS",प्रतिभागी,शिक्षक
BW6254,Sanjeev Kumar Tyagi,Morena,KAILARAS,"23020606671, GOVT.GIRLS HSS KAILARAS",प्रतिभागी,शिक्षक
CA5130,Shalni SHAKYA,Morena,KAILARAS,"23020606671, GOVT.GIRLS HSS KAILARAS",प्रतिभागी,शिक्षक
CA5263,RAKESH SHARMA,Morena,KAILARAS,"23020606671, GOVT.GIRLS HSS KAILARAS",प्रतिभागी,शिक्षक
CB4458,MONIKA GUPTA,Morena,KAILARAS,"23020606671, GOVT.GIRLS HSS KAILARAS",प्रतिभागी,शिक्षक
AR2437,Subhash Kumar Sharma,Morena,KAILARAS,"23020606670, GOVT.EX.HSS KAILARAS",प्रतिभागी,शिक्षक
AR3861,Ashok Kumar Shukla,Morena,KAILARAS,"23020606670, GOVT.EX.HSS KAILARAS",प्रतिभागी,शिक्षक
AR3863,Drubkumar Parashar,Morena,KAILARAS,"23020606670, GOVT.EX.HSS KAILARAS",प्रतिभागी,शिक्षक
AR3914,Mahendra Singh Shakya,Morena,KAILARAS,"23020606670, GOVT.EX.HSS KAILARAS",प्रतिभागी,शिक्षक
BT5171,Ajay Singh Dhakad,Morena,KAILARAS,"23020606670, GOVT.EX.HSS KAILARAS",प्रतिभागी,शिक्षक
CB6940,SWETA RAJAK,Morena,KAILARAS,"23020606670, GOVT.EX.HSS KAILARAS",प्रतिभागी,शिक्षक
BV6148,Rajesh Singh Dhakar,Morena,KAILARAS,"23020605714, GOVT.HSS SUJARMA",प्रतिभागी,शिक्षक
AR7591,Ganesh Kumar Sharma,Morena,KAILARAS,"23020600906, GOVT.H.S KUTRAWALI",प्रतिभागी,शिक्षक
BQ3739,Maharaj Singh Dhakar,Morena,KAILARAS,"23020600906, GOVT.H.S KUTRAWALI",प्रतिभागी,शिक्षक
BW4272,Basdev Dhakar,Morena,KAILARAS,"23020600906, GOVT.H.S KUTRAWALI",प्रतिभागी,शिक्षक
BW9528,Surendra Singh Dhakar,Morena,KAILARAS,"23020600906, GOVT.H.S KUTRAWALI",प्रतिभागी,शिक्षक
BY9017,Manish Parashar,Morena,KAILARAS,"23020600906, GOVT.H.S KUTRAWALI",प्रतिभागी,शिक्षक
AR2007,Sheela Dhakar,Morena,KAILARAS,"23020603913, GOVT. H.S.S. GOLHARI",प्रतिभागी,शिक्षक
BW4908,Surendra Shakya,Morena,KAILARAS,"23020603913, GOVT. H.S.S. GOLHARI",प्रतिभागी,शिक्षक
BA7849,Maheshwari Rawat,Morena,MORENA,"23020309222, GOVT. H.S.S. NOORABAD",प्रतिभागी,शिक्षक
BR1560,Naresh Singh Gurjar,Morena,MORENA,"23020309222, GOVT. H.S.S. NOORABAD",प्रतिभागी,शिक्षक
BR4053,Devendra Singh Jadon,Morena,MORENA,"23020309222, GOVT. H.S.S. NOORABAD",प्रतिभागी,शिक्षक
BR8864,Ramniwas Singh,Morena,MORENA,"23020309222, GOVT. H.S.S. NOORABAD",प्रतिभागी,शिक्षक
BT8093,Nirpati Lal Jatav,Morena,MORENA,"23020309222, GOVT. H.S.S. NOORABAD",प्रतिभागी,शिक्षक
BX7116,Prashant Kumar Verma,Morena,MORENA,"23020309222, GOVT. H.S.S. NOORABAD",प्रतिभागी,शिक्षक
CB4566,RAKESH MAVAI,Morena,MORENA,"23020309222, GOVT. H.S.S. NOORABAD",प्रतिभागी,शिक्षक
AL1649,Pratibha Kushwah,Morena,MORENA,"23020327402, GOVT. H.S.S. GIRLS NO.1 MORENA",प्रतिभागी,शिक्षक
AR2625,Dinesh Singh,Morena,MORENA,"23020327402, GOVT. H.S.S. GIRLS NO.1 MORENA",प्रतिभागी,शिक्षक
AR3741,Babita Rajput,Morena,MORENA,"23020327402, GOVT. H.S.S. GIRLS NO.1 MORENA",प्रतिभागी,शिक्षक
AR3778,Menka Sharma,Morena,MORENA,"23020327402, GOVT. H.S.S. GIRLS NO.1 MORENA",प्रतिभागी,शिक्षक
AR4314,Reenu Sikarwar,Morena,MORENA,"23020327402, GOVT. H.S.S. GIRLS NO.1 MORENA",प्रतिभागी,शिक्षक
AR4388,Mamta Shrivastava,Morena,MORENA,"23020327402, GOVT. H.S.S. GIRLS NO.1 MORENA",प्रतिभागी,शिक्षक
AR5451,Murari Lal Jatav,Morena,MORENA,"23020327402, GOVT. H.S.S. GIRLS NO.1 MORENA",प्रतिभागी,शिक्षक
AR5510,Rajkumari Sikrodiya,Morena,MORENA,"23020327402, GOVT. H.S.S. GIRLS NO.1 MORENA",प्रतिभागी,शिक्षक
BA7202,Meena Kushvah,Morena,MORENA,"23020327402, GOVT. H.S.S. GIRLS NO.1 MORENA",प्रतिभागी,शिक्षक
BQ7810,Avadhesh Kumar Sharma,Morena,MORENA,"23020327402, GOVT. H.S.S. GIRLS NO.1 MORENA",प्रतिभागी,शिक्षक
BT2568,Ajit Kumar Jain,Morena,MORENA,"23020327402, GOVT. H.S.S. GIRLS NO.1 MORENA",प्रतिभागी,शिक्षक
BW9303,Sharda Tyagi,Morena,MORENA,"23020327402, GOVT. H.S.S. GIRLS NO.1 MORENA",प्रतिभागी,शिक्षक
BX1258,Ramawatar Sharma,Morena,MORENA,"23020327402, GOVT. H.S.S. GIRLS NO.1 MORENA",प्रतिभागी,शिक्षक
AK2639,Ummed Singh Sharma,Morena,MORENA,"23020302706, GOVT. H.S. HIGONAKHURD",प्रतिभागी,शिक्षक
AR7077,Satish Kumar Kerketta,Morena,MORENA,"23020302706, GOVT. H.S. HIGONAKHURD",प्रतिभागी,शिक्षक
BV5746,Mukesh Kumar,Morena,MORENA,"23020302706, GOVT. H.S. HIGONAKHURD",प्रतिभागी,शिक्षक
BX9458,Ramkishor Sharma,Morena,MORENA,"23020302706, GOVT. H.S. HIGONAKHURD",प्रतिभागी,शिक्षक
AR2252,Mamta Tiwari,Morena,MORENA,"23020314811, GOVT. H.S.S. RITHORAKALA",प्रतिभागी,शिक्षक
AR6626,Keshwer Ram,Morena,MORENA,"23020314811, GOVT. H.S.S. RITHORAKALA",प्रतिभागी,शिक्षक
BU3720,Archana Dhakad,Morena,MORENA,"23020314811, GOVT. H.S.S. RITHORAKALA",प्रतिभागी,शिक्षक
BU6567,Shikha Dubey,Morena,MORENA,"23020314811, GOVT. H.S.S. RITHORAKALA",प्रतिभागी,शिक्षक
BU8239,Arti Jain,Morena,MORENA,"23020314811, GOVT. H.S.S. RITHORAKALA",प्रतिभागी,शिक्षक
BX8607,Hari Krishan Gole,Morena,MORENA,"23020314811, GOVT. H.S.S. RITHORAKALA",प्रतिभागी,शिक्षक
BT2829,Rajaram Singh,Morena,MORENA,"23020310106, GOVT. HSS KHARAGPUR BHARRAND",प्रतिभागी,शिक्षक
BZ2937,Chetna Gupta,Morena,MORENA,"23020310106, GOVT. HSS KHARAGPUR BHARRAND",प्रतिभागी,शिक्षक
CC2924,RAHUL KUMAR,Morena,MORENA,"23020309809, GOVT. H.S. MIRGPURA",प्रतिभागी,शिक्षक
BU6759,Satyabeer Singh Tomar,Morena,MORENA,"23020315208, GOVT.H.S PIPARSEWA",प्रतिभागी,शिक्षक
BY2991,Brijkishor Sharma,Morena,MORENA,"23020315208, GOVT.H.S PIPARSEWA",प्रतिभागी,शिक्षक
BZ1670,Ajay Singh Rawat,Morena,MORENA,"23020315208, GOVT.H.S PIPARSEWA",प्रतिभागी,शिक्षक
BV9582,Rajesh Kumar Sharma,Morena,MORENA,"23020317711, GOVT. H.S. JEEGNI",प्रतिभागी,शिक्षक
AR5266,Sandeep Bajpai,Morena,MORENA,"23020325401, GOVT. H.S.S. BANMORE",प्रतिभागी,शिक्षक
AR5644,Brijkishor Batham,Morena,MORENA,"23020325401, GOVT. H.S.S. BANMORE",प्रतिभागी,शिक्षक
BT1081,Vineeta Chauhan,Morena,MORENA,"23020325401, GOVT. H.S.S. BANMORE",प्रतिभागी,शिक्षक
BT2922,Lalita Bansal,Morena,MORENA,"23020325401, GOVT. H.S.S. BANMORE",प्रतिभागी,शिक्षक
BV7984,Richa Tripathi,Morena,MORENA,"23020325401, GOVT. H.S.S. BANMORE",प्रतिभागी,शिक्षक
BV8314,Munesh Kumar Upadhyay,Morena,MORENA,"23020325401, GOVT. H.S.S. BANMORE",प्रतिभागी,शिक्षक
BX9749,Preeti Kashyap,Morena,MORENA,"23020325401, GOVT. H.S.S. BANMORE",प्रतिभागी,शिक्षक
CA5072,RAMKUMAR SHARMA,Morena,MORENA,"23020325401, GOVT. H.S.S. BANMORE",प्रतिभागी,शिक्षक
AR4519,Anita Katare,Morena,MORENA,"23020300806, GOVT. H.S.S. NAYAKPURA",प्रतिभागी,शिक्षक
BQ8745,Rajesh Kumar Gour,Morena,MORENA,"23020300806, GOVT. H.S.S. NAYAKPURA",प्रतिभागी,शिक्षक
BS7185,Sudhir Kumar Katare,Morena,MORENA,"23020300806, GOVT. H.S.S. NAYAKPURA",प्रतिभागी,शिक्षक
BV8476,Narendra Kumar Sharma,Morena,MORENA,"23020300806, GOVT. H.S.S. NAYAKPURA",प्रतिभागी,शिक्षक
BW6567,Pavan Kumar,Morena,MORENA,"23020300806, GOVT. H.S.S. NAYAKPURA",प्रतिभागी,शिक्षक
BW8673,Shiv Kant Sharma,Morena,MORENA,"23020300806, GOVT. H.S.S. NAYAKPURA",प्रतिभागी,शिक्षक
BW8953,Anjana Rathore,Morena,MORENA,"23020300806, GOVT. H.S.S. NAYAKPURA",प्रतिभागी,शिक्षक
BX7873,Yatish Kumar Sharma,Morena,MORENA,"23020300806, GOVT. H.S.S. NAYAKPURA",प्रतिभागी,शिक्षक
CB2931,SANJAY SHARMA,Morena,MORENA,"23020300806, GOVT. H.S.S. NAYAKPURA",प्रतिभागी,शिक्षक
AR4750,Rampratap Singh Tomar,Morena,MORENA,"23020305106, GOVT. H.S.S. MIRGHAN",प्रतिभागी,शिक्षक
AR4924,Ramnarayan Singh Jonwar,Morena,MORENA,"23020305106, GOVT. H.S.S. MIRGHAN",प्रतिभागी,शिक्षक
BG3745,Shambhavi Sisodiya,Morena,MORENA,"23020305106, GOVT. H.S.S. MIRGHAN",प्रतिभागी,शिक्षक
AF6701,Mahesh Kumar Jatav,Morena,MORENA,"23020317206, GOVT. H.S. MORENA GAON",प्रतिभागी,शिक्षक
AR2229,Rakesh Kumar Shakya,Morena,MORENA,"23020317206, GOVT. H.S. MORENA GAON",प्रतिभागी,शिक्षक
AR3237,Pravin Kumar Tyagi,Morena,MORENA,"23020317206, GOVT. H.S. MORENA GAON",प्रतिभागी,शिक्षक
AR6715,Rammurti Sharma,Morena,MORENA,"23020317206, GOVT. H.S. MORENA GAON",प्रतिभागी,शिक्षक
BU9887,Raj Kumar,Morena,MORENA,"23020317206, GOVT. H.S. MORENA GAON",प्रतिभागी,शिक्षक
BW7202,Rinku Singh,Morena,MORENA,"23020317206, GOVT. H.S. MORENA GAON",प्रतिभागी,शिक्षक
AR5307,Pulendra Singh Gurjar,Morena,MORENA,"23020327802, GOVT. H.S.S..BOYS NO.2 MORENA",प्रतिभागी,शिक्षक
BP6837,Manoj Kumar,Morena,MORENA,"23020327802, GOVT. H.S.S..BOYS NO.2 MORENA",प्रतिभागी,शिक्षक
BQ1630,Preeti Tomar,Morena,MORENA,"23020327802, GOVT. H.S.S..BOYS NO.2 MORENA",प्रतिभागी,शिक्षक
BQ6660,Dharmendra Pachouri,Morena,MORENA,"23020327802, GOVT. H.S.S..BOYS NO.2 MORENA",प्रतिभागी,शिक्षक
BS8672,Sandhya Singh,Morena,MORENA,"23020327802, GOVT. H.S.S..BOYS NO.2 MORENA",प्रतिभागी,शिक्षक
BV8279,Babita Parmar,Morena,MORENA,"23020327802, GOVT. H.S.S..BOYS NO.2 MORENA",प्रतिभागी,शिक्षक
BW2053,Pravesh Kumar,Morena,MORENA,"23020327802, GOVT. H.S.S..BOYS NO.2 MORENA",प्रतिभागी,शिक्षक
BW4872,Anita Kushwah,Morena,MORENA,"23020327802, GOVT. H.S.S..BOYS NO.2 MORENA",प्रतिभागी,शिक्षक
BW8862,Ranjana Tomar,Morena,MORENA,"23020327802, GOVT. H.S.S..BOYS NO.2 MORENA",प्रतिभागी,शिक्षक
BX6062,Bali Ram,Morena,MORENA,"23020327802, GOVT. H.S.S..BOYS NO.2 MORENA",प्रतिभागी,शिक्षक
AR2025,Birendra Kumar Bhagat,Morena,MORENA,"23020305606, GOVT. H.S.S. DATHARA",प्रतिभागी,शिक्षक
BE8789,Jugal Kishor Rajoriya,Morena,MORENA,"23020305606, GOVT. H.S.S. DATHARA",प्रतिभागी,शिक्षक
BQ2200,Poonam Sharma,Morena,MORENA,"23020305606, GOVT. H.S.S. DATHARA",प्रतिभागी,शिक्षक
BZ7626,Beerendra Singh Dhakar,Morena,PAHARGARH,"23020509606, GOVT.H.S.S. KANHAR",प्रतिभागी,शिक्षक
BU5188,Raghvendra Singh Tomar,Morena,PAHARGARH,"23020501104, GOVT.H.S GUJARNA",प्रतिभागी,शिक्षक
BW2620,Preeti Shakya,Morena,PAHARGARH,"23020501104, GOVT.H.S GUJARNA",प्रतिभागी,शिक्षक
AR3485,Banbari Lal Kansana,Morena,PAHARGARH,"23020503913, GOVT.H.S SARSENI",प्रतिभागी,शिक्षक
AR3490,Shreeram Sharma,Morena,PAHARGARH,"23020503913, GOVT.H.S SARSENI",प्रतिभागी,शिक्षक
BB3088,Shrinivas Sharma,Morena,PAHARGARH,"23020503913, GOVT.H.S SARSENI",प्रतिभागी,शिक्षक
BP8823,Dharmendra Singh Tomar,Morena,PAHARGARH,"23020503913, GOVT.H.S SARSENI",प्रतिभागी,शिक्षक
AR2672,Rekha Saral,Morena,PAHARGARH,"23020509212, GOVT.HSS PAHADGARH",प्रतिभागी,शिक्षक
BH5188,Rakesh Sharma,Morena,PAHARGARH,"23020509212, GOVT.HSS PAHADGARH",प्रतिभागी,शिक्षक
BU4284,Satish Dhakar,Morena,PAHARGARH,"23020509212, GOVT.HSS PAHADGARH",प्रतिभागी,शिक्षक
BV9337,Narendra Sharma,Morena,PAHARGARH,"23020509212, GOVT.HSS PAHADGARH",प्रतिभागी,शिक्षक
BX9483,Ghanshyam Bansal,Morena,PAHARGARH,"23020509212, GOVT.HSS PAHADGARH",प्रतिभागी,शिक्षक
AR2786,Radha Sharma,Morena,PAHARGARH,"23020503704, GOVT.HSS DIDOKHAR",प्रतिभागी,शिक्षक
AR3664,Ramlakhan Malha,Morena,PAHARGARH,"23020503704, GOVT.HSS DIDOKHAR",प्रतिभागी,शिक्षक
AR3667,Man Singh Sikarwar,Morena,PAHARGARH,"23020503704, GOVT.HSS DIDOKHAR",प्रतिभागी,शिक्षक
AZ9192,Jaiveer Singh Sikarwar,Morena,PAHARGARH,"23020503704, GOVT.HSS DIDOKHAR",प्रतिभागी,शिक्षक
BY8657,Ravi Kumar Tyagi,Morena,PAHARGARH,"23020503704, GOVT.HSS DIDOKHAR",प्रतिभागी,शिक्षक
AR3976,Rambaran Gaud,Morena,PAHARGARH,"23020500111, GOVT. H.S.S. BARREND",प्रतिभागी,शिक्षक
AR4030,Ramdeen Jatav,Morena,PAHARGARH,"23020500111, GOVT. H.S.S. BARREND",प्रतिभागी,शिक्षक
AR6738,Munshilal Lohiya,Morena,PAHARGARH,"23020500111, GOVT. H.S.S. BARREND",प्रतिभागी,शिक्षक
BQ4435,Mukesh Kumar Shakya,Morena,PAHARGARH,"23020500111, GOVT. H.S.S. BARREND",प्रतिभागी,शिक्षक
BU5746,Rajesh Dhakar,Morena,PAHARGARH,"23020500111, GOVT. H.S.S. BARREND",प्रतिभागी,शिक्षक
BW3528,Sonu Joshi,Morena,PAHARGARH,"23020500111, GOVT. H.S.S. BARREND",प्रतिभागी,शिक्षक
CA5882,GOLIRAM SOLANKI,Morena,PAHARGARH,"23020500111, GOVT. H.S.S. BARREND",प्रतिभागी,शिक्षक
CD1434,SHUBHAM TOMAR,Morena,PAHARGARH,"23020500111, GOVT. H.S.S. BARREND",प्रतिभागी,शिक्षक
AR6186,Sunil Kumar Ojha,Morena,PORSA,"23020103809, GOVT. H.S.S. NAGRA",प्रतिभागी,शिक्षक
CB1560,ABHA SARSWAT,Morena,PORSA,"23020103809, GOVT. H.S.S. NAGRA",प्रतिभागी,शिक्षक
AR6114,Brahmachari Katheriya,Morena,PORSA,"23020105606, GOVT. H.S. RAIPURA",प्रतिभागी,शिक्षक
BT7720,Bhondoo Singh,Morena,PORSA,"23020101311, GOVT. H.S.S. RACHED",प्रतिभागी,शिक्षक
BU8258,Vishnu Kant Sharma,Morena,PORSA,"23020101311, GOVT. H.S.S. RACHED",प्रतिभागी,शिक्षक
AQ9705,Pramod Kumar Khudasia,Morena,PORSA,"23020101207, GOVT. H.S.S. KASMADA",प्रतिभागी,शिक्षक
AR6587,Albinus Kujur,Morena,PORSA,"23020101207, GOVT. H.S.S. KASMADA",प्रतिभागी,शिक्षक
BA6385,Arvind Kumar Sharma,Morena,PORSA,"23020101207, GOVT. H.S.S. KASMADA",प्रतिभागी,शिक्षक
BR9118,Akhilesh Singh,Morena,PORSA,"23020101207, GOVT. H.S.S. KASMADA",प्रतिभागी,शिक्षक
BS5221,Atibal Singh,Morena,PORSA,"23020101207, GOVT. H.S.S. KASMADA",प्रतिभागी,शिक्षक
BV4777,Archana Badal,Morena,PORSA,"23020101207, GOVT. H.S.S. KASMADA",प्रतिभागी,शिक्षक
AR5997,Dheerindra Kumar Batham,Morena,PORSA,"23020107985, GOVT. H.S.S. GIRLS PORSA",प्रतिभागी,शिक्षक
BR4899,Shivdatt Singh Prajapati,Morena,PORSA,"23020107985, GOVT. H.S.S. GIRLS PORSA",प्रतिभागी,शिक्षक
BU2157,Basudev Paras,Morena,PORSA,"23020107985, GOVT. H.S.S. GIRLS PORSA",प्रतिभागी,शिक्षक
BU6739,Maneesh Kumar Gupta,Morena,PORSA,"23020107985, GOVT. H.S.S. GIRLS PORSA",प्रतिभागी,शिक्षक
BR3589,Jitendra Singh Chauhan,Morena,PORSA,"23020104725, GOVT. H.S.S. RAJODHA",प्रतिभागी,शिक्षक
BY8974,Jaydeep Singh,Morena,PORSA,"23020104725, GOVT. H.S.S. RAJODHA",प्रतिभागी,शिक्षक
AR5814,Hariom Sakhwar,Morena,PORSA,"23020104211, GOVT. H.S.S. DHARMGARH",प्रतिभागी,शिक्षक
AR6206,Prahlad Singh,Morena,PORSA,"23020104211, GOVT. H.S.S. DHARMGARH",प्रतिभागी,शिक्षक
BF4344,Jitendra Singh Narwariya,Morena,PORSA,"23020104211, GOVT. H.S.S. DHARMGARH",प्रतिभागी,शिक्षक
BT4455,Vipin Kumar Upadhyay,Morena,PORSA,"23020104211, GOVT. H.S.S. DHARMGARH",प्रतिभागी,शिक्षक
AR7705,Vinay Kumar Sharma,Morena,PORSA,"23020103112, GOVT. H.S.S. MAHUA",प्रतिभागी,शिक्षक
BW9307,Dharmendra Upadhyay,Morena,PORSA,"23020103112, GOVT. H.S.S. MAHUA",प्रतिभागी,शिक्षक
CC7626,DEEPAK SHARMA,Morena,PORSA,"23020103112, GOVT. H.S.S. MAHUA",प्रतिभागी,शिक्षक
AR6999,Rajkishor Soni,Morena,SABALGARH,"23020713579, GOVT.GIRLS HSS SABALGARH",प्रतिभागी,शिक्षक
AR7052,Rajendra Prasad Dhakar,Morena,SABALGARH,"23020713579, GOVT.GIRLS HSS SABALGARH",प्रतिभागी,शिक्षक
AR7098,Anjna Shaky,Morena,SABALGARH,"23020713579, GOVT.GIRLS HSS SABALGARH",प्रतिभागी,शिक्षक
AR7247,Sapana Gupta,Morena,SABALGARH,"23020713579, GOVT.GIRLS HSS SABALGARH",प्रतिभागी,शिक्षक
AR7291,Omprakash Verma,Morena,SABALGARH,"23020713579, GOVT.GIRLS HSS SABALGARH",प्रतिभागी,शिक्षक
AR7384,Jagmohan Sharma,Morena,SABALGARH,"23020713579, GOVT.GIRLS HSS SABALGARH",प्रतिभागी,शिक्षक
BA8702,Manisha Sharma,Morena,SABALGARH,"23020713579, GOVT.GIRLS HSS SABALGARH",प्रतिभागी,शिक्षक
BD5749,Keshav Prasad Sharma,Morena,SABALGARH,"23020713579, GOVT.GIRLS HSS SABALGARH",प्रतिभागी,शिक्षक
BU4279,Jitendra Kumar Chhawariya,Morena,SABALGARH,"23020713579, GOVT.GIRLS HSS SABALGARH",प्रतिभागी,शिक्षक
BW9249,Sumit Sharma,Morena,SABALGARH,"23020713579, GOVT.GIRLS HSS SABALGARH",प्रतिभागी,शिक्षक
BY4325,Rajesh Kumar Kaushik,Morena,SABALGARH,"23020713579, GOVT.GIRLS HSS SABALGARH",प्रतिभागी,शिक्षक
AR6763,Ram Singh Tiyagi,Morena,SABALGARH,"23020708005, GOVT.H.S.RAJAKATOR",प्रतिभागी,शिक्षक
AR7264,Dinesh Kumar Sharma,Morena,SABALGARH,"23020708005, GOVT.H.S.RAJAKATOR",प्रतिभागी,शिक्षक
BX7661,Jitendra Kumar Shakya,Morena,SABALGARH,"23020708005, GOVT.H.S.RAJAKATOR",प्रतिभागी,शिक्षक
BZ3877,Pavan Kumar Sharma,Morena,SABALGARH,"23020708005, GOVT.H.S.RAJAKATOR",प्रतिभागी,शिक्षक
CB5114,VANDANA SHARMA,Morena,SABALGARH,"23020708005, GOVT.H.S.RAJAKATOR",प्रतिभागी,शिक्षक
BA7941,Ramsumer Mahour,Morena,SABALGARH,"23020702011, GOVT.H.S.JABROL",प्रतिभागी,शिक्षक
BS5835,Harimohan Rathor,Morena,SABALGARH,"23020702011, GOVT.H.S.JABROL",प्रतिभागी,शिक्षक
BU4613,Bijendra Singh Dhakar,Morena,SABALGARH,"23020702011, GOVT.H.S.JABROL",प्रतिभागी,शिक्षक
BW9203,Satish Sharma,Morena,SABALGARH,"23020702011, GOVT.H.S.JABROL",प्रतिभागी,शिक्षक
BW9207,Bharti Sharma,Morena,SABALGARH,"23020702011, GOVT.H.S.JABROL",प्रतिभागी,शिक्षक
BB5793,Birendra Kumar Dhakar,Morena,SABALGARH,"23020706303, GOVT.H.S.S.GUREMA",प्रतिभागी,शिक्षक
AR2467,Matadin Maraiya,Morena,SABALGARH,"23020713628, GOVT.BOYS HSS JHUNDPURA",प्रतिभागी,शिक्षक
AR2499,Girraj Manjhi,Morena,SABALGARH,"23020713628, GOVT.BOYS HSS JHUNDPURA",प्रतिभागी,शिक्षक
AM7342,Reetesh Kumar Gupta,Morena,SABALGARH,"23020707008, GOVT.HSS KISHORGARH",प्रतिभागी,शिक्षक
AR6876,Makhan Lal Jatav,Morena,SABALGARH,"23020707008, GOVT.HSS KISHORGARH",प्रतिभागी,शिक्षक
AR6909,Udayraj Singh Jadon,Morena,SABALGARH,"23020707008, GOVT.HSS KISHORGARH",प्रतिभागी,शिक्षक
AR6918,Shivdayal Singh Jadon,Morena,SABALGARH,"23020707008, GOVT.HSS KISHORGARH",प्रतिभागी,शिक्षक
AR7306,Devendra Singh Jadon,Morena,SABALGARH,"23020707008, GOVT.HSS KISHORGARH",प्रतिभागी,शिक्षक
BA7821,Krishna Kumar Parashar,Morena,SABALGARH,"23020707008, GOVT.HSS KISHORGARH",प्रतिभागी,शिक्षक
BF2424,Dayasagar Singh Jadon,Morena,SABALGARH,"23020707008, GOVT.HSS KISHORGARH",प्रतिभागी,शिक्षक
AR6610,Rajkumari Jadon,Morena,SABALGARH,"23020710723, GOVT.HSS RAMPURKALA",प्रतिभागी,शिक्षक
AR6616,Maniram Shakya,Morena,SABALGARH,"23020710723, GOVT.HSS RAMPURKALA",प्रतिभागी,शिक्षक
AR7268,Shripati Jatav,Morena,SABALGARH,"23020710723, GOVT.HSS RAMPURKALA",प्रतिभागी,शिक्षक
AR7293,Beerabal Jatav,Morena,SABALGARH,"23020710723, GOVT.HSS RAMPURKALA",प्रतिभागी,शिक्षक
CB6703,RAHUL DHAKAR,Morena,SABALGARH,"23020710723, GOVT.HSS RAMPURKALA",प्रतिभागी,शिक्षक
AR7072,Kunji Lal Kaushal,Morena,SABALGARH,"23020701910, GOVT.HSS TAITRA",प्रतिभागी,शिक्षक
BS5963,Radharaman Bhardwaj,Morena,SABALGARH,"23020701910, GOVT.HSS TAITRA",प्रतिभागी,शिक्षक
BT7780,Kamal Singh Rawat,Morena,SABALGARH,"23020701910, GOVT.HSS TAITRA",प्रतिभागी,शिक्षक
AR6731,Deenbandhu Meena,Morena,SABALGARH,"23020713580, GOVT.H.S.JEENFIELD SABALGARH",प्रतिभागी,शिक्षक
AR7334,Preeti Gupta,Morena,SABALGARH,"23020713580, GOVT.H.S.JEENFIELD SABALGARH",प्रतिभागी,शिक्षक
AR7361,Manoj Chand Gupta,Morena,SABALGARH,"23020713580, GOVT.H.S.JEENFIELD SABALGARH",प्रतिभागी,शिक्षक
BU2814,Manoj Kumar Verma,Morena,SABALGARH,"23020713580, GOVT.H.S.JEENFIELD SABALGARH",प्रतिभागी,शिक्षक
BU7030,Laxmi Shakya,Morena,SABALGARH,"23020713580, GOVT.H.S.JEENFIELD SABALGARH",प्रतिभागी,शिक्षक
BW5242,Sandeep Kumar Dhakar,Morena,SABALGARH,"23020713580, GOVT.H.S.JEENFIELD SABALGARH",प्रतिभागी,शिक्षक
AL7955,Asarphi Lal Mehra,Narmadapuram,BABAI,"23370206020, GOVT.HSS EXCELLENCE BABAI",प्रतिभागी,शिक्षक
AL8378,Lokesh Kumar Verma,Narmadapuram,BABAI,"23370206020, GOVT.HSS EXCELLENCE BABAI",प्रतिभागी,शिक्षक
BQ5068,Avadhesh Kumar Sharma,Narmadapuram,BABAI,"23370206020, GOVT.HSS EXCELLENCE BABAI",प्रतिभागी,शिक्षक
AL8808,Rajesh Malviya,Narmadapuram,BABAI,"23370209803, GOVT.HS TALKESHRI",प्रतिभागी,शिक्षक
BT5698,Keshav Meena,Narmadapuram,BABAI,"23370209803, GOVT.HS TALKESHRI",प्रतिभागी,शिक्षक
BT8174,Gayatri Bai Jaiswal,Narmadapuram,BABAI,"23370209803, GOVT.HS TALKESHRI",प्रतिभागी,शिक्षक
AL7892,Anushasan Dubey,Narmadapuram,BABAI,"23370206021, GOVT.HSS GIRLS BABAI",प्रतिभागी,शिक्षक
AL7771,Mohan Lal Chourey,Narmadapuram,BABAI,"23370201009, GOVT.HSS SANGAKHEDA KALA",प्रतिभागी,शिक्षक
AL7789,Manisha Mehra,Narmadapuram,BABAI,"23370201009, GOVT.HSS SANGAKHEDA KALA",प्रतिभागी,शिक्षक
AL7805,Poona Mourya,Narmadapuram,BABAI,"23370201009, GOVT.HSS SANGAKHEDA KALA",प्रतिभागी,शिक्षक
BP3337,Mukesh Kumar Dubey,Narmadapuram,BABAI,"23370201009, GOVT.HSS SANGAKHEDA KALA",प्रतिभागी,शिक्षक
BY1287,Ranjana Suryavanshi,Narmadapuram,BABAI,"23370201009, GOVT.HSS SANGAKHEDA KALA",प्रतिभागी,शिक्षक
AL7850,Santosh Kumar Ahirwar,Narmadapuram,BABAI,"23370207605, GOVT.HSS BAGRATAWA",प्रतिभागी,शिक्षक
AL8033,Pratibha Meena,Narmadapuram,BABAI,"23370207605, GOVT.HSS BAGRATAWA",प्रतिभागी,शिक्षक
AL9112,Shankar Singh Dhurve,Narmadapuram,BABAI,"23370207605, GOVT.HSS BAGRATAWA",प्रतिभागी,शिक्षक
AL7417,Bholeram Sharma,Narmadapuram,BABAI,"23370203507, GOVT.HS AARI",प्रतिभागी,शिक्षक
AL7705,Rambharos Bamaniya,Narmadapuram,BABAI,"23370203507, GOVT.HS AARI",प्रतिभागी,बीएसी
AL6465,Sushma Soni,Narmadapuram,BANKHEDI,"23370100118, GOVT.HSS EXCELLENCE BANKHEDI",प्रतिभागी,शिक्षक
AL7199,Usha Ahirwar,Narmadapuram,BANKHEDI,"23370100118, GOVT.HSS EXCELLENCE BANKHEDI",प्रतिभागी,शिक्षक
AL9500,Chandrabhan Singh,Narmadapuram,BANKHEDI,"23370100118, GOVT.HSS EXCELLENCE BANKHEDI",प्रतिभागी,शिक्षक
BU8614,Parvati Raj,Narmadapuram,BANKHEDI,"23370100118, GOVT.HSS EXCELLENCE BANKHEDI",प्रतिभागी,शिक्षक
BY9090,Pramila Patel,Narmadapuram,BANKHEDI,"23370100118, GOVT.HSS EXCELLENCE BANKHEDI",प्रतिभागी,शिक्षक
CB9343,POONAM PARTE,Narmadapuram,BANKHEDI,"23370100118, GOVT.HSS EXCELLENCE BANKHEDI",प्रतिभागी,शिक्षक
AL9174,Abdul Kadir,Narmadapuram,BANKHEDI,"23370100119, GOVT.HSS GIRLS BANKHEDI",प्रतिभागी,शिक्षक
AM2694,Ramkrashna Uikey,Narmadapuram,BANKHEDI,"23370100119, GOVT.HSS GIRLS BANKHEDI",प्रतिभागी,शिक्षक
AM2700,Urmila Gohiya,Narmadapuram,BANKHEDI,"23370100119, GOVT.HSS GIRLS BANKHEDI",प्रतिभागी,शिक्षक
BQ2812,Anju Rakesh,Narmadapuram,BANKHEDI,"23370100119, GOVT.HSS GIRLS BANKHEDI",प्रतिभागी,शिक्षक
AL9446,Imrat Lal Keer,Narmadapuram,BANKHEDI,"23370107805, GOVT.HSS PIPARPANI",प्रतिभागी,शिक्षक
BQ5443,Parasram Patel,Narmadapuram,BANKHEDI,"23370107805, GOVT.HSS PIPARPANI",प्रतिभागी,शिक्षक
AL6738,Kamal Singh Kushwah,Narmadapuram,BANKHEDI,"23370110604, GOVT.HS MALHANWADA",प्रतिभागी,शिक्षक
BR3931,Archana Thakur,Narmadapuram,BANKHEDI,"23370110604, GOVT.HS MALHANWADA",प्रतिभागी,शिक्षक
AL6426,Bhawani Prasad Patel,Narmadapuram,BANKHEDI,"23370107307, GOVT.HS CHANDON",प्रतिभागी,शिक्षक
AL7182,Ayodhya Prasad Choudhry,Narmadapuram,BANKHEDI,"23370107307, GOVT.HS CHANDON",प्रतिभागी,शिक्षक
AL9496,Gaya Prasad Dhurve,Narmadapuram,BANKHEDI,"23370107307, GOVT.HS CHANDON",प्रतिभागी,शिक्षक
AT8730,Krishangopal Soni,Narmadapuram,BANKHEDI,"23370107307, GOVT.HS CHANDON",प्रतिभागी,शिक्षक
BQ8342,Sunita Bai,Narmadapuram,BANKHEDI,"23370107307, GOVT.HS CHANDON",प्रतिभागी,शिक्षक
AM2770,Bhagwan Singh Rajput,Narmadapuram,BANKHEDI,"23370105508, GOVT.HSS UMARDHA",प्रतिभागी,शिक्षक
BW6296,Narayan Dixit,Narmadapuram,BANKHEDI,"23370105508, GOVT.HSS UMARDHA",प्रतिभागी,शिक्षक
BZ7762,Neeraj Aarse,Narmadapuram,BANKHEDI,"23370105508, GOVT.HSS UMARDHA",प्रतिभागी,शिक्षक
AL7807,Savita Pachouri,Narmadapuram,HOSHANGABAD,"23370311401, GOVT.HSS BOYS SNG HOSHANGABAD",प्रतिभागी,शिक्षक
AM1742,Makkhanlal Dayma,Narmadapuram,HOSHANGABAD,"23370311401, GOVT.HSS BOYS SNG HOSHANGABAD",प्रतिभागी,शिक्षक
AM2404,Virendra Kumar Gour,Narmadapuram,HOSHANGABAD,"23370311401, GOVT.HSS BOYS SNG HOSHANGABAD",प्रतिभागी,शिक्षक
AM2950,Seema Sharma,Narmadapuram,HOSHANGABAD,"23370311401, GOVT.HSS BOYS SNG HOSHANGABAD",प्रतिभागी,शिक्षक
AT8297,Prabha Yadav,Narmadapuram,HOSHANGABAD,"23370311401, GOVT.HSS BOYS SNG HOSHANGABAD",प्रतिभागी,शिक्षक
AT9882,Radha Nagvanshi,Narmadapuram,HOSHANGABAD,"23370311401, GOVT.HSS BOYS SNG HOSHANGABAD",प्रतिभागी,शिक्षक
BV6729,Rajeshwari Malviya,Narmadapuram,HOSHANGABAD,"23370311401, GOVT.HSS BOYS SNG HOSHANGABAD",प्रतिभागी,शिक्षक
BZ5404,Seema Tiwari,Narmadapuram,HOSHANGABAD,"23370311401, GOVT.HSS BOYS SNG HOSHANGABAD",प्रतिभागी,शिक्षक
CB9059,MALA RAJAK,Narmadapuram,HOSHANGABAD,"23370311401, GOVT.HSS BOYS SNG HOSHANGABAD",प्रतिभागी,शिक्षक
CC3084,BHAVNA THAKUR,Narmadapuram,HOSHANGABAD,"23370311401, GOVT.HSS BOYS SNG HOSHANGABAD",प्रतिभागी,शिक्षक
AL8370,BERNADETTE INGLE,Narmadapuram,HOSHANGABAD,"23370323702, GOVT.HSS SHAHEED INDERGIRI RAMPUR",प्रतिभागी,शिक्षक
AL8679,Pavan Kumar Dhurvey,Narmadapuram,HOSHANGABAD,"23370323702, GOVT.HSS SHAHEED INDERGIRI RAMPUR",प्रतिभागी,शिक्षक
BQ6843,Rajesh Kumar Yadav,Narmadapuram,HOSHANGABAD,"23370323702, GOVT.HSS SHAHEED INDERGIRI RAMPUR",प्रतिभागी,शिक्षक
BZ9744,Krishna Prasad,Narmadapuram,HOSHANGABAD,"23370323702, GOVT.HSS SHAHEED INDERGIRI RAMPUR",प्रतिभागी,शिक्षक
CB9098,POONAM TIWARI,Narmadapuram,HOSHANGABAD,"23370323702, GOVT.HSS SHAHEED INDERGIRI RAMPUR",प्रतिभागी,शिक्षक
BP6042,Mariya Masih,Narmadapuram,HOSHANGABAD,"23370310807, GOVT.HSS BOYS ITARSI",प्रतिभागी,शिक्षक
BQ3661,Neetu Chouhan,Narmadapuram,HOSHANGABAD,"23370310807, GOVT.HSS BOYS ITARSI",प्रतिभागी,शिक्षक
BQ6802,Anjana Kulshreshth,Narmadapuram,HOSHANGABAD,"23370310807, GOVT.HSS BOYS ITARSI",प्रतिभागी,शिक्षक
CD8776,NEELAM YADAV,Narmadapuram,HOSHANGABAD,"23370310807, GOVT.HSS BOYS ITARSI",प्रतिभागी,शिक्षक
AM2012,Mahesh Kumar Raikwar,Narmadapuram,HOSHANGABAD,"23370315602, GOVT.HSS GIRLS ITARSI",प्रतिभागी,शिक्षक
CB9113,SHALINI NAYAK,Narmadapuram,HOSHANGABAD,"23370315602, GOVT.HSS GIRLS ITARSI",प्रतिभागी,शिक्षक
CB9339,SWATI YADAV,Narmadapuram,HOSHANGABAD,"23370306306, GOVT.HSS AGRICULTURE PAWARKHEDA AGRICULTURE",प्रतिभागी,शिक्षक
AL7410,Sangeeta Dhurve,Narmadapuram,HOSHANGABAD,"23370302005, GOVT.HSS SPM HOSHANGABAD",प्रतिभागी,शिक्षक
AM1761,Aruna Kindo,Narmadapuram,HOSHANGABAD,"23370302005, GOVT.HSS SPM HOSHANGABAD",प्रतिभागी,शिक्षक
AM1771,Varsha Dohare,Narmadapuram,HOSHANGABAD,"23370302005, GOVT.HSS SPM HOSHANGABAD",प्रतिभागी,शिक्षक
AM3051,Lalli Hathiya,Narmadapuram,HOSHANGABAD,"23370302005, GOVT.HSS SPM HOSHANGABAD",प्रतिभागी,शिक्षक
AY3550,Manorma Thakur,Narmadapuram,HOSHANGABAD,"23370302005, GOVT.HSS SPM HOSHANGABAD",प्रतिभागी,शिक्षक
BK1760,Neeru Tiwari,Narmadapuram,HOSHANGABAD,"23370302005, GOVT.HSS SPM HOSHANGABAD",प्रतिभागी,शिक्षक
BQ3409,Jayant Kumar Rawat,Narmadapuram,HOSHANGABAD,"23370302005, GOVT.HSS SPM HOSHANGABAD",प्रतिभागी,शिक्षक
BV5564,Brij Mohan Arya,Narmadapuram,HOSHANGABAD,"23370302005, GOVT.HSS SPM HOSHANGABAD",प्रतिभागी,शिक्षक
BX5613,Sarita Hurmade,Narmadapuram,HOSHANGABAD,"23370302005, GOVT.HSS SPM HOSHANGABAD",प्रतिभागी,शिक्षक
AM1782,Megha Sharma,Narmadapuram,HOSHANGABAD,"23370303706, GOVT.HSS MISROD",प्रतिभागी,शिक्षक
AM1807,Ramchandra Dangi,Narmadapuram,HOSHANGABAD,"23370303706, GOVT.HSS MISROD",प्रतिभागी,शिक्षक
AM2298,Sheela Porte,Narmadapuram,HOSHANGABAD,"23370303706, GOVT.HSS MISROD",प्रतिभागी,शिक्षक
AM2314,Santosh Kumar Parte,Narmadapuram,HOSHANGABAD,"23370303706, GOVT.HSS MISROD",प्रतिभागी,शिक्षक
AM2315,Lazrus Tigga,Narmadapuram,HOSHANGABAD,"23370303706, GOVT.HSS MISROD",प्रतिभागी,शिक्षक
AM2866,Geeta Yadav,Narmadapuram,HOSHANGABAD,"23370303706, GOVT.HSS MISROD",प्रतिभागी,शिक्षक
BQ2494,Priya Dubey,Narmadapuram,HOSHANGABAD,"23370303706, GOVT.HSS MISROD",प्रतिभागी,शिक्षक
BQ6555,Anju Nagle,Narmadapuram,HOSHANGABAD,"23370303706, GOVT.HSS MISROD",प्रतिभागी,शिक्षक
BS5143,Ashutosh Patel,Narmadapuram,HOSHANGABAD,"23370303706, GOVT.HSS MISROD",प्रतिभागी,शिक्षक
BS6913,Sandeepa Patel,Narmadapuram,HOSHANGABAD,"23370303706, GOVT.HSS MISROD",प्रतिभागी,शिक्षक
BV5377,Rajendra Prasad Verma,Narmadapuram,HOSHANGABAD,"23370303706, GOVT.HSS MISROD",प्रतिभागी,शिक्षक
CB6675,PREMVATI BADKUR,Narmadapuram,HOSHANGABAD,"23370303706, GOVT.HSS MISROD",प्रतिभागी,शिक्षक
AM1393,Anita Choudhary,Narmadapuram,KESLA,"23370402209, GOVT.HSS JAMANI",प्रतिभागी,शिक्षक
AM1480,Smrati. Malvia,Narmadapuram,KESLA,"23370402209, GOVT.HSS JAMANI",प्रतिभागी,शिक्षक
BX5051,Naresh Chouhan,Narmadapuram,KESLA,"23370402209, GOVT.HSS JAMANI",प्रतिभागी,शिक्षक
CC1932,NIRBHAY SINGH,Narmadapuram,KESLA,"23370402209, GOVT.HSS JAMANI",प्रतिभागी,शिक्षक
AM1495,Sureesh. Udaypure,Narmadapuram,KESLA,"23370400208, GOVT.HSS SEMRI KHURD",प्रतिभागी,शिक्षक
AO3423,Vanshidhar Patil,Narmadapuram,KESLA,"23370400208, GOVT.HSS SEMRI KHURD",प्रतिभागी,शिक्षक
CE8632,RAJANI SONI,Narmadapuram,KESLA,"23370400208, GOVT.HSS SEMRI KHURD",प्रतिभागी,शिक्षक
AM1198,Sharda Marskole,Narmadapuram,KESLA,"23370403709, GOVT.HSS PATHROTA",प्रतिभागी,शिक्षक
AM1700,Rajesh Kumar Paliwal,Narmadapuram,KESLA,"23370403709, GOVT.HSS PATHROTA",प्रतिभागी,शिक्षक
BV8786,Shailendra Yadav,Narmadapuram,KESLA,"23370403709, GOVT.HSS PATHROTA",प्रतिभागी,शिक्षक
CC1915,LOKENDRA YADAV,Narmadapuram,KESLA,"23370403709, GOVT.HSS PATHROTA",प्रतिभागी,शिक्षक
CC4042,POONAM CHOUHAN,Narmadapuram,KESLA,"23370403709, GOVT.HSS PATHROTA",प्रतिभागी,शिक्षक
BV7180,Dalpat Singh Checham,Narmadapuram,KESLA,"23370404703, GOVT.HS GAJPUR",प्रतिभागी,शिक्षक
AL9974,Sunita Banoria,Narmadapuram,KESLA,"23370406509, GOVT EX.HSS KESLA",प्रतिभागी,शिक्षक
AM1127,Sangita Gadwal,Narmadapuram,KESLA,"23370406509, GOVT EX.HSS KESLA",प्रतिभागी,शिक्षक
AM1652,Ajay Parte,Narmadapuram,KESLA,"23370406509, GOVT EX.HSS KESLA",प्रतिभागी,शिक्षक
BY1175,Hemlata Keshware,Narmadapuram,KESLA,"23370406509, GOVT EX.HSS KESLA",प्रतिभागी,शिक्षक
CC1718,Jitendra Singh Kushwah,Narmadapuram,KESLA,"23370406509, GOVT EX.HSS KESLA",प्रतिभागी,शिक्षक
CC2182,MADAN SINGH BHADORIA,Narmadapuram,KESLA,"23370406509, GOVT EX.HSS KESLA",प्रतिभागी,शिक्षक
CC2187,DURGESH RAJPOOT,Narmadapuram,KESLA,"23370406509, GOVT EX.HSS KESLA",प्रतिभागी,शिक्षक
CC4086,PRIYANKA THAKUR,Narmadapuram,KESLA,"23370406509, GOVT EX.HSS KESLA",प्रतिभागी,शिक्षक
AM1529,"Rameswar, Kajle",Narmadapuram,KESLA,"23370413701, GHSS SUKHTAWA",प्रतिभागी,शिक्षक
AM1626,"Shivrajk,., Thakur",Narmadapuram,KESLA,"23370413701, GHSS SUKHTAWA",प्रतिभागी,शिक्षक
BW9091,Sunita Wagh,Narmadapuram,KESLA,"23370413701, GHSS SUKHTAWA",प्रतिभागी,शिक्षक
CE7402,MANEESH SAHU,Narmadapuram,KESLA,"23370413701, GHSS SUKHTAWA",प्रतिभागी,शिक्षक
AM1002,G.P. Tiwari,Narmadapuram,KESLA,"23370411802, GOVT.HSS SADHPURA",प्रतिभागी,शिक्षक
AM1350,Nirmal Khalko,Narmadapuram,KESLA,"23370411802, GOVT.HSS SADHPURA",प्रतिभागी,शिक्षक
CC4805,VIPIN UPADHYAY,Narmadapuram,KESLA,"23370411802, GOVT.HSS SADHPURA",प्रतिभागी,शिक्षक
CE9884,PALAK RAI,Narmadapuram,KESLA,"23370411802, GOVT.HSS SADHPURA",प्रतिभागी,शिक्षक
AG6252,Radha Pal,Narmadapuram,PIPERIYA,"23370615508, GOVT.HSS EXCELENCE RNA PIPARIYA",प्रतिभागी,शिक्षक
AL8412,Mahesh Kumar Rai,Narmadapuram,PIPERIYA,"23370615508, GOVT.HSS EXCELENCE RNA PIPARIYA",प्रतिभागी,सीएसी
AL9481,Pushpa Patel,Narmadapuram,PIPERIYA,"23370615508, GOVT.HSS EXCELENCE RNA PIPARIYA",प्रतिभागी,शिक्षक
AL9807,Kiran Raghuwanshi,Narmadapuram,PIPERIYA,"23370615508, GOVT.HSS EXCELENCE RNA PIPARIYA",प्रतिभागी,शिक्षक
BV4286,Kriti Rajput,Narmadapuram,PIPERIYA,"23370615508, GOVT.HSS EXCELENCE RNA PIPARIYA",प्रतिभागी,शिक्षक
AI5398,Vasundhra Chouhan,Narmadapuram,PIPERIYA,"23370615409, GOVT.HSS GIRLS PIPARIYA",प्रतिभागी,शिक्षक
AL9169,Prahlad Chourya,Narmadapuram,PIPERIYA,"23370615409, GOVT.HSS GIRLS PIPARIYA",प्रतिभागी,शिक्षक
AL9484,Prakashchandra Raghuwanshi,Narmadapuram,PIPERIYA,"23370615409, GOVT.HSS GIRLS PIPARIYA",प्रतिभागी,शिक्षक
BQ1520,Arti Mehra,Narmadapuram,PIPERIYA,"23370615409, GOVT.HSS GIRLS PIPARIYA",प्रतिभागी,शिक्षक
BR7611,Mohini Dubey,Narmadapuram,PIPERIYA,"23370615409, GOVT.HSS GIRLS PIPARIYA",प्रतिभागी,शिक्षक
BW2600,Ekta Bansal,Narmadapuram,PIPERIYA,"23370615409, GOVT.HSS GIRLS PIPARIYA",प्रतिभागी,शिक्षक
BZ6917,Rahul Kumar Purohit,Narmadapuram,PIPERIYA,"23370615409, GOVT.HSS GIRLS PIPARIYA",प्रतिभागी,शिक्षक
BP9021,Veer Singh Thakur,Narmadapuram,PIPERIYA,"23370603007, GOVT.HSS KHAPARKHEDA",प्रतिभागी,शिक्षक
BQ9110,Neha Agrawal,Narmadapuram,PIPERIYA,"23370603007, GOVT.HSS KHAPARKHEDA",प्रतिभागी,शिक्षक
AL9122,Damodar Sahu,Narmadapuram,PIPERIYA,"23370602309, GOVT.HSS SANDIYA",प्रतिभागी,शिक्षक
AL9810,Vinod Kumar Patel,Narmadapuram,PIPERIYA,"23370602309, GOVT.HSS SANDIYA",प्रतिभागी,शिक्षक
BT8899,Meena Singh Tomar,Narmadapuram,PIPERIYA,"23370602309, GOVT.HSS SANDIYA",प्रतिभागी,शिक्षक
BI4097,Madhavsingh Patel,Narmadapuram,PIPERIYA,"23370610307, GOVT.HSS MATKULI",प्रतिभागी,शिक्षक
BV3743,Jagdish Pal,Narmadapuram,PIPERIYA,"23370610307, GOVT.HSS MATKULI",प्रतिभागी,शिक्षक
BP4368,Dinesh Choudhary,Narmadapuram,PIPERIYA,"23370615618, GOVT.HSS BOYS PACHMARHI",प्रतिभागी,शिक्षक
AL9207,Rakesh Kumar Navda,Narmadapuram,PIPERIYA,"23370607606, GOVT.HSS TARONKALA",प्रतिभागी,शिक्षक
AL9703,Preeti Ray,Narmadapuram,PIPERIYA,"23370607606, GOVT.HSS TARONKALA",प्रतिभागी,शिक्षक
BV1257,Deep Singh Raghuwanshi,Narmadapuram,PIPERIYA,"23370607606, GOVT.HSS TARONKALA",प्रतिभागी,शिक्षक
AL6875,Fazal Khan,Narmadapuram,SIVNI MAALVA ,"23370710049, GOVT.HS NAVEEN SEONI MALWA",प्रतिभागी,शिक्षक
AL6877,Sanjay Kushwaha,Narmadapuram,SIVNI MAALVA ,"23370710049, GOVT.HS NAVEEN SEONI MALWA",प्रतिभागी,शिक्षक
AM3114,Govindshankar Sahu,Narmadapuram,SIVNI MAALVA ,"23370710049, GOVT.HS NAVEEN SEONI MALWA",प्रतिभागी,शिक्षक
BU9022,Shrimati Vinita Mandvi,Narmadapuram,SIVNI MAALVA ,"23370710049, GOVT.HS NAVEEN SEONI MALWA",प्रतिभागी,शिक्षक
AL6897,Urmila Uikey,Narmadapuram,SIVNI MAALVA ,"23370708404, GOVT.HSS BAGHWADA",प्रतिभागी,शिक्षक
BT1421,Bharti Dhiman,Narmadapuram,SIVNI MAALVA ,"23370708404, GOVT.HSS BAGHWADA",प्रतिभागी,शिक्षक
BT3250,Mukesh Mishra,Narmadapuram,SIVNI MAALVA ,"23370708404, GOVT.HSS BAGHWADA",प्रतिभागी,शिक्षक
BV4291,Ramkrishna Dubey,Narmadapuram,SIVNI MAALVA ,"23370710048, GOVT.HSS EXCELLENCE SEONI MALWA",प्रतिभागी,शिक्षक
AL5548,Ritu Yadav,Narmadapuram,SIVNI MAALVA ,"23370714912, GOVT.HSS SHIVPUR",प्रतिभागी,शिक्षक
AL8202,Mahendra Kumar Yadav,Narmadapuram,SIVNI MAALVA ,"23370714912, GOVT.HSS SHIVPUR",प्रतिभागी,शिक्षक
AL6825,Mukesh Kumar Mishra,Narmadapuram,SIVNI MAALVA ,"23370702802, GOVT.HSS MALAPAT",प्रतिभागी,शिक्षक
BT3862,Ajay Uikey,Narmadapuram,SIVNI MAALVA ,"23370702802, GOVT.HSS MALAPAT",प्रतिभागी,शिक्षक
BW5572,Lata Shinde,Narmadapuram,SIVNI MAALVA ,"23370702802, GOVT.HSS MALAPAT",प्रतिभागी,शिक्षक
BY8021,Laxmi Verma,Narmadapuram,SIVNI MAALVA ,"23370702802, GOVT.HSS MALAPAT",प्रतिभागी,शिक्षक
AL4153,Rekha Tatpal,Narmadapuram,SIVNI MAALVA ,"23370710050, GOVT.HSS GIRLS SEONIMALWA",प्रतिभागी,शिक्षक
AL5199,Sangeeta Gour,Narmadapuram,SIVNI MAALVA ,"23370710050, GOVT.HSS GIRLS SEONIMALWA",प्रतिभागी,शिक्षक
AL5862,Mukesh Choubey,Narmadapuram,SIVNI MAALVA ,"23370710050, GOVT.HSS GIRLS SEONIMALWA",प्रतिभागी,शिक्षक
AL6581,Geeta Thakur,Narmadapuram,SIVNI MAALVA ,"23370710050, GOVT.HSS GIRLS SEONIMALWA",प्रतिभागी,शिक्षक
AL7233,Rajendra Kumar Gour,Narmadapuram,SIVNI MAALVA ,"23370710050, GOVT.HSS GIRLS SEONIMALWA",प्रतिभागी,शिक्षक
AL8136,Sushma Yaduwanshi,Narmadapuram,SIVNI MAALVA ,"23370710050, GOVT.HSS GIRLS SEONIMALWA",प्रतिभागी,शिक्षक
AL8219,Shekh Nisar,Narmadapuram,SIVNI MAALVA ,"23370710050, GOVT.HSS GIRLS SEONIMALWA",प्रतिभागी,शिक्षक
AL8283,Devika Darbar,Narmadapuram,SIVNI MAALVA ,"23370710050, GOVT.HSS GIRLS SEONIMALWA",प्रतिभागी,शिक्षक
AL8284,Mamta Sahu,Narmadapuram,SIVNI MAALVA ,"23370710050, GOVT.HSS GIRLS SEONIMALWA",प्रतिभागी,शिक्षक
AA5530,Snehlata Gokhale,Narmadapuram,SIVNI MAALVA ,"23370715907, GOVT.HSS.KHAPARIYA",प्रतिभागी,शिक्षक
AM3063,Anil Kumar Lowanshi,Narmadapuram,SIVNI MAALVA ,"23370715907, GOVT.HSS.KHAPARIYA",प्रतिभागी,शिक्षक
BZ7703,Sapna Joshi,Narmadapuram,SIVNI MAALVA ,"23370715907, GOVT.HSS.KHAPARIYA",प्रतिभागी,शिक्षक
AL7221,Vijay Singh Nimodiya,Narmadapuram,SIVNI MAALVA ,"23370705006, GOVT. HSS BABADIYA BHAU",प्रतिभागी,शिक्षक
BS9481,Indra Raikwar,Narmadapuram,SIVNI MAALVA ,"23370705006, GOVT. HSS BABADIYA BHAU",प्रतिभागी,शिक्षक
AL6968,Govind Prasad Yadav,Narmadapuram,SIVNI MAALVA ,"23370701305, GOVT.HSS CHATARKHEDA",प्रतिभागी,शिक्षक
BQ6851,Roshani Verma,Narmadapuram,SIVNI MAALVA ,"23370701305, GOVT.HSS CHATARKHEDA",प्रतिभागी,शिक्षक
BV5099,Esunath Solanki,Narmadapuram,SIVNI MAALVA ,"23370701305, GOVT.HSS CHATARKHEDA",प्रतिभागी,शिक्षक
DB2346,NIKHIL  VERMA,Narmadapuram,SIVNI MAALVA ,"23370701305, GOVT.HSS CHATARKHEDA",प्रतिभागी,शिक्षक
AL8406,Kiran Ahirwar,Narmadapuram,SOHAGPUR,"23370507338, GOVT.HSS EXCELLENCE SOHAGPUR",प्रतिभागी,शिक्षक
AL8607,Ratan Singh Rajput,Narmadapuram,SOHAGPUR,"23370507338, GOVT.HSS EXCELLENCE SOHAGPUR",प्रतिभागी,शिक्षक
AL8970,Net Singh Raghuwanshi,Narmadapuram,SOHAGPUR,"23370507338, GOVT.HSS EXCELLENCE SOHAGPUR",प्रतिभागी,शिक्षक
AM2255,Balmukund Patel,Narmadapuram,SOHAGPUR,"23370507338, GOVT.HSS EXCELLENCE SOHAGPUR",प्रतिभागी,शिक्षक
BR4401,Rajshree Nagvanshi,Narmadapuram,SOHAGPUR,"23370507338, GOVT.HSS EXCELLENCE SOHAGPUR",प्रतिभागी,शिक्षक
BR5695,Vipin Gilla,Narmadapuram,SOHAGPUR,"23370507338, GOVT.HSS EXCELLENCE SOHAGPUR",प्रतिभागी,शिक्षक
BV4798,Sushma Raghuwanshi,Narmadapuram,SOHAGPUR,"23370507338, GOVT.HSS EXCELLENCE SOHAGPUR",प्रतिभागी,शिक्षक
AL8895,Ajay Kumar Lal,Narmadapuram,SOHAGPUR,"23370507337, GOVT.HSS SOHAGPUR",प्रतिभागी,शिक्षक
AL8979,Abhilasha Goswami,Narmadapuram,SOHAGPUR,"23370507337, GOVT.HSS SOHAGPUR",प्रतिभागी,शिक्षक
AT9736,Rammurty Patel,Narmadapuram,SOHAGPUR,"23370507337, GOVT.HSS SOHAGPUR",प्रतिभागी,शिक्षक
BU4039,Kalpana Khangar,Narmadapuram,SOHAGPUR,"23370507337, GOVT.HSS SOHAGPUR",प्रतिभागी,शिक्षक
CB7957,NAVEEN BHAWSAR,Narmadapuram,SOHAGPUR,"23370507337, GOVT.HSS SOHAGPUR",प्रतिभागी,शिक्षक
AL8349,Murlee Manohar Mehar,Narmadapuram,SOHAGPUR,"23370514419, GOVT.HSS BOYS SEMRIHARCHAND",प्रतिभागी,शिक्षक
AL8375,Rani Nayak,Narmadapuram,SOHAGPUR,"23370514419, GOVT.HSS BOYS SEMRIHARCHAND",प्रतिभागी,शिक्षक
AL8764,Sangeeta Sahu,Narmadapuram,SOHAGPUR,"23370514419, GOVT.HSS BOYS SEMRIHARCHAND",प्रतिभागी,शिक्षक
AL8528,Sachin Kumar Vyas,Narmadapuram,SOHAGPUR,"23370501016, GOVT.HSS.GIRLS SHOBHAPUR",प्रतिभागी,शिक्षक
BT7716,Meena Shah,Narmadapuram,SOHAGPUR,"23370501016, GOVT.HSS.GIRLS SHOBHAPUR",प्रतिभागी,शिक्षक
BV5038,Dhaniram Lanjhesh,Narmadapuram,SOHAGPUR,"23370501016, GOVT.HSS.GIRLS SHOBHAPUR",प्रतिभागी,शिक्षक
CD7535,BHAI PATEL,Narmadapuram,SOHAGPUR,"23370501016, GOVT.HSS.GIRLS SHOBHAPUR",प्रतिभागी,शिक्षक
AL8379,Ajay Singh,Narmadapuram,SOHAGPUR,"23370501017, GOVT.HSS BOYS SOBHAPUR",प्रतिभागी,शिक्षक
AL8420,Harish Kumar Patel,Narmadapuram,SOHAGPUR,"23370501017, GOVT.HSS BOYS SOBHAPUR",प्रतिभागी,शिक्षक
AL9470,Neerja Sharma,Narmadapuram,SOHAGPUR,"23370501017, GOVT.HSS BOYS SOBHAPUR",प्रतिभागी,शिक्षक
BT7707,Rajesh Kumar Sahu,Narmadapuram,SOHAGPUR,"23370501017, GOVT.HSS BOYS SOBHAPUR",प्रतिभागी,शिक्षक
BY7087,Hukum Chand Kushwaha,Narmadapuram,SOHAGPUR,"23370514418, GOVT.HSS GIRLS SEMRI HARCHAND",प्रतिभागी,शिक्षक
AR8042,Ashok Kumar Raghuwanshi,Narsinghpur,CHAWARPATHA,"23400605616, GOVT. HSS GIRLS, TENDUKHEDA",प्रतिभागी,शिक्षक
AR8046,Sunita Gotam,Narsinghpur,CHAWARPATHA,"23400605616, GOVT. HSS GIRLS, TENDUKHEDA",प्रतिभागी,शिक्षक
AR8174,Balwant Singh,Narsinghpur,CHAWARPATHA,"23400605616, GOVT. HSS GIRLS, TENDUKHEDA",प्रतिभागी,शिक्षक
AR8482,Rajaram Thakur,Narsinghpur,CHAWARPATHA,"23400605616, GOVT. HSS GIRLS, TENDUKHEDA",प्रतिभागी,शिक्षक
AR8484,Prakash Singh,Narsinghpur,CHAWARPATHA,"23400605616, GOVT. HSS GIRLS, TENDUKHEDA",प्रतिभागी,शिक्षक
AT8792,Sarita Pathak,Narsinghpur,CHAWARPATHA,"23400605616, GOVT. HSS GIRLS, TENDUKHEDA",प्रतिभागी,शिक्षक
BW2624,Parshottam Mehra,Narsinghpur,CHAWARPATHA,"23400605616, GOVT. HSS GIRLS, TENDUKHEDA",प्रतिभागी,शिक्षक
CB4843,DURGA JATAV,Narsinghpur,CHAWARPATHA,"23400605616, GOVT. HSS GIRLS, TENDUKHEDA",प्रतिभागी,शिक्षक
AR7909,Mamta Shrivastav,Narsinghpur,CHAWARPATHA,"23400605615, GOVT. HSS BOYS, TENDUKHEDA",प्रतिभागी,शिक्षक
AR8109,Anand Kumar Verma,Narsinghpur,CHAWARPATHA,"23400617204, GOVT. HS KHURSURU",प्रतिभागी,शिक्षक
AR8587,Dharmpal Singh Patel,Narsinghpur,CHAWARPATHA,"23400617204, GOVT. HS KHURSURU",प्रतिभागी,शिक्षक
CD2340,PRIYANKA SISODIYA,Narsinghpur,CHAWARPATHA,"23400617204, GOVT. HS KHURSURU",प्रतिभागी,शिक्षक
BR7525,Gaurav Kumar Sharma,Narsinghpur,CHAWARPATHA,"23400619907, GOVT. HSS SIHORA",प्रतिभागी,शिक्षक
AR7725,Mohni Bhargava,Narsinghpur,CHAWARPATHA,"23400618509, GOVT. HSS KOUDIYA",प्रतिभागी,शिक्षक
AR7754,Kamlesh Kumar Mehra,Narsinghpur,CHAWARPATHA,"23400618509, GOVT. HSS KOUDIYA",प्रतिभागी,शिक्षक
AR8384,Narendra Kumar Namdev,Narsinghpur,CHAWARPATHA,"23400618509, GOVT. HSS KOUDIYA",प्रतिभागी,शिक्षक
BX4389,Sanjay Kumar Soni,Narsinghpur,CHICHLI,"23400207304, GOVT. HSS TENDUKHEDA (GOTI.)",प्रतिभागी,सीएसी
CE9532,ANUJ UIKEY,Narsinghpur,CHICHLI,"23400207304, GOVT. HSS TENDUKHEDA (GOTI.)",प्रतिभागी,शिक्षक
AS4260,Sarojbala Kubre,Narsinghpur,CHICHLI,"23400205204, GOVT. HS KATHOTIYA (CHICHALI)",प्रतिभागी,शिक्षक
BY5576,Durga Thakur,Narsinghpur,CHICHLI,"23400205204, GOVT. HS KATHOTIYA (CHICHALI)",प्रतिभागी,शिक्षक
CB7826,EKTA BHARDWAJ,Narsinghpur,CHICHLI,"23400205204, GOVT. HS KATHOTIYA (CHICHALI)",प्रतिभागी,शिक्षक
AR9157,HARSH KUMAR NAGWANSHI,Narsinghpur,CHICHLI,"23400206204, GOVT. HSS SUKHA KHERI",प्रतिभागी,शिक्षक
AR9196,Pavan Kumar Bijorya,Narsinghpur,CHICHLI,"23400206204, GOVT. HSS SUKHA KHERI",प्रतिभागी,शिक्षक
AR9126,Ramkishan Kurweti,Narsinghpur,CHICHLI,"23400204110, GOVT. HSS BARHA BADA",प्रतिभागी,शिक्षक
BV8136,Gajendra Kumar Verma,Narsinghpur,CHICHLI,"23400204110, GOVT. HSS BARHA BADA",प्रतिभागी,शिक्षक
CD5029,ANCHAL PATLE,Narsinghpur,CHICHLI,"23400204110, GOVT. HSS BARHA BADA",प्रतिभागी,शिक्षक
BQ2837,Ajit Kumar Kaurav,Narsinghpur,CHICHLI,"23400210604, GOVT. HS SHAHPUR",प्रतिभागी,शिक्षक
AR9154,AMAR SINGH CHOUDHARY,Narsinghpur,CHICHLI,"23400213206, GOVT. HSS KARAPGAON",प्रतिभागी,शिक्षक
BQ7202,MANISH Nema,Narsinghpur,CHICHLI,"23400213206, GOVT. HSS KARAPGAON",प्रतिभागी,शिक्षक
AR8982,Rameshwari Patel,Narsinghpur,CHICHLI,"23400204012, GOVT. HSS BOYS, SALICHOUKA ROAD",प्रतिभागी,शिक्षक
BT5382,Khuman Singh Vishwakarma,Narsinghpur,CHICHLI,"23400204012, GOVT. HSS BOYS, SALICHOUKA ROAD",प्रतिभागी,शिक्षक
AS1190,Laxman Singh Patel,Narsinghpur,GOTEGAON (SHRIDHAM),"23400325809, GOVT. HSS EXCELLENCE, GOTEGAON",प्रतिभागी,शिक्षक
AS1330,Mukesh KUMAR DUBEY,Narsinghpur,GOTEGAON (SHRIDHAM),"23400325809, GOVT. HSS EXCELLENCE, GOTEGAON",प्रतिभागी,शिक्षक
AR9920,Mamta Patel,Narsinghpur,GOTEGAON (SHRIDHAM),"23400302405, GOVT. HSS KHAMARIYA (JHANSIGHAT)",प्रतिभागी,शिक्षक
AS1277,Govind Singh Thakur,Narsinghpur,GOTEGAON (SHRIDHAM),"23400302405, GOVT. HSS KHAMARIYA (JHANSIGHAT)",प्रतिभागी,शिक्षक
AS3879,Ragini Shrivastava,Narsinghpur,GOTEGAON (SHRIDHAM),"23400302405, GOVT. HSS KHAMARIYA (JHANSIGHAT)",प्रतिभागी,शिक्षक
AS1212,Ramsevak Shrivastava,Narsinghpur,GOTEGAON (SHRIDHAM),"23400307504, GOVT. HS SIMARIYA",प्रतिभागी,शिक्षक
AS1235,Chandrabhan Jhariya,Narsinghpur,GOTEGAON (SHRIDHAM),"23400307504, GOVT. HS SIMARIYA",प्रतिभागी,शिक्षक
BQ3462,Prashant Kori,Narsinghpur,GOTEGAON (SHRIDHAM),"23400307504, GOVT. HS SIMARIYA",प्रतिभागी,शिक्षक
AS1241,Shakun Lodhi,Narsinghpur,GOTEGAON (SHRIDHAM),"23400311206, GOVT. HS SARRA",प्रतिभागी,शिक्षक
BW4269,Sachin KUMAR SONI,Narsinghpur,GOTEGAON (SHRIDHAM),"23400311206, GOVT. HS SARRA",प्रतिभागी,शिक्षक
AR9749,Komal Singh Thakur,Narsinghpur,GOTEGAON (SHRIDHAM),"23400312209, GOVT. HS BAGASPUR",प्रतिभागी,शिक्षक
AR9636,ASHISH KUMAR DUBEY,Narsinghpur,GOTEGAON (SHRIDHAM),"23400316504, GOVT. HSS CHANDANKHEDA",प्रतिभागी,शिक्षक
AS1030,Vinod Kumar Sahu,Narsinghpur,GOTEGAON (SHRIDHAM),"23400320407, GOVT. HSS SARVODAYA, SURVARI",प्रतिभागी,शिक्षक
AS2866,Anil Kumar Jhariya,Narsinghpur,GOTEGAON (SHRIDHAM),"23400320407, GOVT. HSS SARVODAYA, SURVARI",प्रतिभागी,शिक्षक
BG8738,Rachna Malviya,Narsinghpur,GOTEGAON (SHRIDHAM),"23400320407, GOVT. HSS SARVODAYA, SURVARI",प्रतिभागी,शिक्षक
CE1132,ARCHANA LODHI,Narsinghpur,GOTEGAON (SHRIDHAM),"23400320407, GOVT. HSS SARVODAYA, SURVARI",प्रतिभागी,शिक्षक
BR6824,Archana Koshta,Narsinghpur,GOTEGAON (SHRIDHAM),"23400322708, GOVT. HSS BARHATA",प्रतिभागी,शिक्षक
AS2017,Nand Kishor Sharma,Narsinghpur,KARELI,"23400411906, GOVT. HSS NIVARI PAN",प्रतिभागी,शिक्षक
AS2727,Rajni Rajbhar,Narsinghpur,KARELI,"23400411906, GOVT. HSS NIVARI PAN",प्रतिभागी,शिक्षक
BQ1157,Bhawna Sharma,Narsinghpur,KARELI,"23400411906, GOVT. HSS NIVARI PAN",प्रतिभागी,शिक्षक
AR8327,Vishnu Prasad Jatav,Narsinghpur,KARELI,"23400414903, GOVT. HSS GIRLS, KARELI",प्रतिभागी,शिक्षक
CC1955,SMITA BORKER,Narsinghpur,KARELI,"23400414903, GOVT. HSS GIRLS, KARELI",प्रतिभागी,शिक्षक
AS2073,Gayatri Bhardwaj,Narsinghpur,KARELI,"23400405307, GOVT. HSS UMARIYA (CHINKI)",प्रतिभागी,शिक्षक
AS2074,Ganeshi Thakur,Narsinghpur,KARELI,"23400405307, GOVT. HSS UMARIYA (CHINKI)",प्रतिभागी,शिक्षक
AS2312,Manisha Bamhroliya,Narsinghpur,KARELI,"23400405307, GOVT. HSS UMARIYA (CHINKI)",प्रतिभागी,शिक्षक
AY3307,Vibha Sahu,Narsinghpur,KARELI,"23400405307, GOVT. HSS UMARIYA (CHINKI)",प्रतिभागी,शिक्षक
BW9743,Anil Kumar Mehra,Narsinghpur,KARELI,"23400405307, GOVT. HSS UMARIYA (CHINKI)",प्रतिभागी,शिक्षक
BX9364,Nisha Chourasiya,Narsinghpur,KARELI,"23400405307, GOVT. HSS UMARIYA (CHINKI)",प्रतिभागी,शिक्षक
AS1659,Kamlesh Kumar Dubey,Narsinghpur,KARELI,"23400410912, GOVT. HSS BOYS, AAMGAN BADA",प्रतिभागी,शिक्षक
AS1673,Snehlata Choudhary,Narsinghpur,KARELI,"23400410912, GOVT. HSS BOYS, AAMGAN BADA",प्रतिभागी,शिक्षक
AS1856,Dhaniram Mehra,Narsinghpur,KARELI,"23400404915, GOVT. HS BARMAN",प्रतिभागी,शिक्षक
AS1819,Laxman Singh Lodhi,Narsinghpur,KARELI,"23400403405, GOVT. HSS KERPANI SARSALA",प्रतिभागी,शिक्षक
AI1476,Rihana Khan,Narsinghpur,NARSINGHPUR,"23400121109, GOVT. HSS GIRLS, MLB, NARSINGHPUR",प्रतिभागी,शिक्षक
AR9443,Nagendr Prakash Shrivastava,Narsinghpur,NARSINGHPUR,"23400121109, GOVT. HSS GIRLS, MLB, NARSINGHPUR",प्रतिभागी,शिक्षक
AS2421,Nimisha Sharma,Narsinghpur,NARSINGHPUR,"23400121109, GOVT. HSS GIRLS, MLB, NARSINGHPUR",प्रतिभागी,शिक्षक
BE8023,Suchitra Shrivastava,Narsinghpur,NARSINGHPUR,"23400121109, GOVT. HSS GIRLS, MLB, NARSINGHPUR",प्रतिभागी,शिक्षक
BQ4954,Kunj Bihari Choudhary,Narsinghpur,NARSINGHPUR,"23400121109, GOVT. HSS GIRLS, MLB, NARSINGHPUR",प्रतिभागी,शिक्षक
BT7330,Vineeta Soni,Narsinghpur,NARSINGHPUR,"23400121109, GOVT. HSS GIRLS, MLB, NARSINGHPUR",प्रतिभागी,शिक्षक
BZ4736,Rashi Sharma,Narsinghpur,NARSINGHPUR,"23400121109, GOVT. HSS GIRLS, MLB, NARSINGHPUR",प्रतिभागी,शिक्षक
AS3283,Parmanand Bajhaiya,Narsinghpur,NARSINGHPUR,"23400102804, GOVT. HSS JHAMAR",प्रतिभागी,शिक्षक
BW7949,Sapna Nema,Narsinghpur,NARSINGHPUR,"23400102804, GOVT. HSS JHAMAR",प्रतिभागी,शिक्षक
AR9322,Sheshansh Thakur,Narsinghpur,NARSINGHPUR,"23400114906, GOVT. HSS MUNGWANI",प्रतिभागी,शिक्षक
AR9668,Nemi Chand Dhurve,Narsinghpur,NARSINGHPUR,"23400114906, GOVT. HSS MUNGWANI",प्रतिभागी,शिक्षक
AS3032,Indraj Singh Thakur,Narsinghpur,NARSINGHPUR,"23400114906, GOVT. HSS MUNGWANI",प्रतिभागी,शिक्षक
AS3057,Lakhan Lal Patel,Narsinghpur,NARSINGHPUR,"23400119104, GOVT. HSS GORAKHPUR",प्रतिभागी,शिक्षक
AS3080,Lalit Kumar Tiwari,Narsinghpur,NARSINGHPUR,"23400119104, GOVT. HSS GORAKHPUR",प्रतिभागी,शिक्षक
BV5343,Kanhaiya Sahu,Narsinghpur,NARSINGHPUR,"23400119104, GOVT. HSS GORAKHPUR",प्रतिभागी,शिक्षक
AS2381,Malti Vishwakarma,Narsinghpur,NARSINGHPUR,"23400107905, GOVT. HS CHANDAN DEVI J.S.K., RONSRA",प्रतिभागी,शिक्षक
CB2500,GAJENDRA JATAV,Narsinghpur,NARSINGHPUR,"23400107905, GOVT. HS CHANDAN DEVI J.S.K., RONSRA",प्रतिभागी,शिक्षक
AS3203,Omprakash Patel,Narsinghpur,NARSINGHPUR,"23400111710, GOVT. HSS SINGHPUR (BADA)",प्रतिभागी,शिक्षक
AS2493,Taruna Upreliya,Narsinghpur,NARSINGHPUR,"23400109806, GOVT. HSS DANGHIDHANA",प्रतिभागी,शिक्षक
BS4495,Preeti Tiwari,Narsinghpur,NARSINGHPUR,"23400109806, GOVT. HSS DANGHIDHANA",प्रतिभागी,शिक्षक
BQ1563,Sarita Thakur,Narsinghpur,NARSINGHPUR,"23400121703, GOVT. HSS GIRLS, SDM, NARSINGHPUR",प्रतिभागी,शिक्षक
BQ4377,Kamlesh Kumar Vishwakarma,Narsinghpur,NARSINGHPUR,"23400121703, GOVT. HSS GIRLS, SDM, NARSINGHPUR",प्रतिभागी,शिक्षक
BQ4949,Richa Dubey,Narsinghpur,NARSINGHPUR,"23400121703, GOVT. HSS GIRLS, SDM, NARSINGHPUR",प्रतिभागी,शिक्षक
BQ6779,Bhavna Tiwari,Narsinghpur,NARSINGHPUR,"23400121703, GOVT. HSS GIRLS, SDM, NARSINGHPUR",प्रतिभागी,शिक्षक
CB6344,BHAWNA VISHWAKARMA,Narsinghpur,NARSINGHPUR,"23400121703, GOVT. HSS GIRLS, SDM, NARSINGHPUR",प्रतिभागी,शिक्षक
CC6002,SAPNA SHARMA,Narsinghpur,NARSINGHPUR,"23400121703, GOVT. HSS GIRLS, SDM, NARSINGHPUR",प्रतिभागी,शिक्षक
AR9722,Om Prakash Chourasia,Narsinghpur,NARSINGHPUR,"23400112903, GOVT. HSS BACHAI",प्रतिभागी,शिक्षक
BR8964,Ashish Kumar Rakeshiya,Narsinghpur,NARSINGHPUR,"23400112903, GOVT. HSS BACHAI",प्रतिभागी,शिक्षक
AS3309,Rajesh Kumar Noriya,Narsinghpur,SAIKHEDA,"23400504306, GOVT.HSS BAMHORI KALA",प्रतिभागी,शिक्षक
AS4126,Vishwanath Sharma,Narsinghpur,SAIKHEDA,"23400504306, GOVT.HSS BAMHORI KALA",प्रतिभागी,शिक्षक
AS4136,Ramlal Chouthary,Narsinghpur,SAIKHEDA,"23400504306, GOVT.HSS BAMHORI KALA",प्रतिभागी,शिक्षक
BY2830,Krishnakant Kushwaha,Narsinghpur,SAIKHEDA,"23400507105, GOVT. HSS BANWARI",प्रतिभागी,शिक्षक
AS3705,Dhanraj Singh Dhanak,Narsinghpur,SAIKHEDA,"23400510706, GOVT. HSS GIRLS, KNV GADARWARA",प्रतिभागी,शिक्षक
AS4129,Saroj Jhariya,Narsinghpur,SAIKHEDA,"23400510706, GOVT. HSS GIRLS, KNV GADARWARA",प्रतिभागी,शिक्षक
AU7687,Neetesh Samadhiya,Narsinghpur,SAIKHEDA,"23400510706, GOVT. HSS GIRLS, KNV GADARWARA",प्रतिभागी,शिक्षक
BU5482,Anjula Shrivastava,Narsinghpur,SAIKHEDA,"23400510706, GOVT. HSS GIRLS, KNV GADARWARA",प्रतिभागी,शिक्षक
BQ1253,Geeta Mehra,Narsinghpur,SAIKHEDA,"23400502713, GOVT. HSS PALOHA BADA",प्रतिभागी,शिक्षक
BQ2945,Poshraj Mehra,Narsinghpur,SAIKHEDA,"23400502713, GOVT. HSS PALOHA BADA",प्रतिभागी,शिक्षक
BQ5989,Ramakant Shukla,Narsinghpur,SAIKHEDA,"23400503514, GOVT. HSS EXCELLENCE, SAINKHEDA",प्रतिभागी,शिक्षक
BT7557,Arun Kumar Tiwari,Narsinghpur,SAIKHEDA,"23400503514, GOVT. HSS EXCELLENCE, SAINKHEDA",प्रतिभागी,शिक्षक
BX1100,Sushma Kourav,Narsinghpur,SAIKHEDA,"23400508804, GOVT. HSS AMGAON CHHOTA",प्रतिभागी,शिक्षक
AL6436,Asha Sahu,Narsinghpur,SAIKHEDA,"23400510904, GOVT. HSS BOYS, ADARSHA GADARWARA",प्रतिभागी,शिक्षक
AR7752,Khemchandra Sahu,Narsinghpur,SAIKHEDA,"23400510904, GOVT. HSS BOYS, ADARSHA GADARWARA",प्रतिभागी,शिक्षक
AS3842,Sushma Vishnoi,Narsinghpur,SAIKHEDA,"23400510904, GOVT. HSS BOYS, ADARSHA GADARWARA",प्रतिभागी,शिक्षक
AS4962,Suresh Chandra Mandara,Neemuch,JAWAD,"23180309713, GOVT HSS ATHANA",प्रतिभागी,शिक्षक
AS4964,Hemendra Kumar Dvivedi,Neemuch,JAWAD,"23180309713, GOVT HSS ATHANA",प्रतिभागी,शिक्षक
AS7333,Santosh Malviya,Neemuch,JAWAD,"23180309713, GOVT HSS ATHANA",प्रतिभागी,शिक्षक
AS7938,Bhanu Prakash Meghawal,Neemuch,JAWAD,"23180309713, GOVT HSS ATHANA",प्रतिभागी,सीएसी
BQ5360,Sunita Jain,Neemuch,JAWAD,"23180309713, GOVT HSS ATHANA",प्रतिभागी,शिक्षक
BU4874,Kamlesh Gujrati,Neemuch,JAWAD,"23180309713, GOVT HSS ATHANA",प्रतिभागी,शिक्षक
AS5127,Mukesh Kumar Meghwal,Neemuch,JAWAD,"23180305639, GOVT HSS GIRLS JAWAD (CLASS 1 TO 12)",प्रतिभागी,शिक्षक
AS5258,Sunil Sharma,Neemuch,JAWAD,"23180305639, GOVT HSS GIRLS JAWAD (CLASS 1 TO 12)",प्रतिभागी,शिक्षक
AS5277,Anita Tarba,Neemuch,JAWAD,"23180305639, GOVT HSS GIRLS JAWAD (CLASS 1 TO 12)",प्रतिभागी,शिक्षक
AS5337,Kavita Mane,Neemuch,JAWAD,"23180305639, GOVT HSS GIRLS JAWAD (CLASS 1 TO 12)",प्रतिभागी,शिक्षक
AS5372,Pawan Jain,Neemuch,JAWAD,"23180305639, GOVT HSS GIRLS JAWAD (CLASS 1 TO 12)",प्रतिभागी,शिक्षक
AS5597,Mamata Ora,Neemuch,JAWAD,"23180305639, GOVT HSS GIRLS JAWAD (CLASS 1 TO 12)",प्रतिभागी,शिक्षक
AS5651,Vidhya Malviya,Neemuch,JAWAD,"23180305639, GOVT HSS GIRLS JAWAD (CLASS 1 TO 12)",प्रतिभागी,शिक्षक
AS6705,Santosh Sutar,Neemuch,JAWAD,"23180305639, GOVT HSS GIRLS JAWAD (CLASS 1 TO 12)",प्रतिभागी,शिक्षक
AS7870,Umesh Kumar Rathore,Neemuch,JAWAD,"23180305639, GOVT HSS GIRLS JAWAD (CLASS 1 TO 12)",प्रतिभागी,शिक्षक
BQ3124,Devkanya Khoiwal,Neemuch,JAWAD,"23180305639, GOVT HSS GIRLS JAWAD (CLASS 1 TO 12)",प्रतिभागी,शिक्षक
BY7186,Shantilal Bagari,Neemuch,JAWAD,"23180305639, GOVT HSS GIRLS JAWAD (CLASS 1 TO 12)",प्रतिभागी,शिक्षक
CD1003,GORI LAL,Neemuch,JAWAD,"23180305639, GOVT HSS GIRLS JAWAD (CLASS 1 TO 12)",प्रतिभागी,शिक्षक
7049728530,Kanhaiyalal Jatiya Lal  ,Neemuch,JAWAD,"23180302507, GOVT HSS KADWASA",प्रतिभागी,शिक्षक
8223997499,Hareesh Kumar Sharma ,Neemuch,JAWAD,"23180302507, GOVT HSS KADWASA",प्रतिभागी,शिक्षक
AS5516,Hariram Verma,Neemuch,JAWAD,"23180302507, GOVT HSS KADWASA",प्रतिभागी,शिक्षक
AS7894,Sharda Parihar,Neemuch,JAWAD,"23180309114, GOVT HSS BOYS RATANGARH",प्रतिभागी,शिक्षक
CC9105,NITESH GAUTAM,Neemuch,JAWAD,"23180309114, GOVT HSS BOYS RATANGARH",प्रतिभागी,शिक्षक
AS5105,Vishnulal Lawariya,Neemuch,JAWAD,"23180311416, GOVT HSS SARWANIYA MAHARAJ",प्रतिभागी,शिक्षक
AS5124,Narayan Das Chauhan,Neemuch,JAWAD,"23180311416, GOVT HSS SARWANIYA MAHARAJ",प्रतिभागी,शिक्षक
AS7187,Karulal Meghwal,Neemuch,JAWAD,"23180311416, GOVT HSS SARWANIYA MAHARAJ",प्रतिभागी,शिक्षक
AS8308,Mangleshwar Sharma,Neemuch,JAWAD,"23180311416, GOVT HSS SARWANIYA MAHARAJ",प्रतिभागी,शिक्षक
BQ9716,Suresh Chandra Mali,Neemuch,JAWAD,"23180311416, GOVT HSS SARWANIYA MAHARAJ",प्रतिभागी,शिक्षक
CA9579,PUSHKARLAL PATIDAR,Neemuch,JAWAD,"23180311416, GOVT HSS SARWANIYA MAHARAJ",प्रतिभागी,शिक्षक
CE3055,HEMLATA AHIRWAR,Neemuch,JAWAD,"23180303604, GOVT HSS TAL (CLASS 6 TO 12 )",प्रतिभागी,शिक्षक
BQ7343,Arun Kuamr Joshi,Neemuch,JAWAD,"23180312909, GOVT HSS DIKEN",प्रतिभागी,शिक्षक
BW8326,Twinkle Soni,Neemuch,JAWAD,"23180312909, GOVT HSS DIKEN",प्रतिभागी,शिक्षक
9669153274,Manglesh  Bairagi ,Neemuch,JAWAD,"23180302012, GOVT HSS JHANTALA",प्रतिभागी,शिक्षक
AS5528,Shivlal Regar,Neemuch,JAWAD,"23180302012, GOVT HSS JHANTALA",प्रतिभागी,शिक्षक
BX2425,Asha Ameta,Neemuch,JAWAD,"23180302012, GOVT HSS JHANTALA",प्रतिभागी,शिक्षक
AS7996,Niharika Sharma,Neemuch,JAWAD,"23180305407, GOVT HSS JAT (CLASS 1 TO 12 )",प्रतिभागी,शिक्षक
BU5387,Kunj Bihari,Neemuch,JAWAD,"23180305407, GOVT HSS JAT (CLASS 1 TO 12 )",प्रतिभागी,शिक्षक
AS5070,Rajendra Kumar Nagar,Neemuch,JAWAD,"23180308104, GOVT HSS JANAKPUR",प्रतिभागी,शिक्षक
9926601864,Gopal Lal Rao ,Neemuch,JAWAD,"23180303719, GOVT HSS BOYS SINGOLI (CLASS 1 TO 12)",प्रतिभागी,शिक्षक
AK4797,Sudha Pareek,Neemuch,JAWAD,"23180303719, GOVT HSS BOYS SINGOLI (CLASS 1 TO 12)",प्रतिभागी,शिक्षक
BW9723,Avinash Thakur,Neemuch,JAWAD,"23180303719, GOVT HSS BOYS SINGOLI (CLASS 1 TO 12)",प्रतिभागी,शिक्षक
CC8329,SONU TAMBOLI,Neemuch,JAWAD,"23180303719, GOVT HSS BOYS SINGOLI (CLASS 1 TO 12)",प्रतिभागी,शिक्षक
CC8331,OMPRAKASH BALAI,Neemuch,JAWAD,"23180303719, GOVT HSS BOYS SINGOLI (CLASS 1 TO 12)",प्रतिभागी,शिक्षक
CD1960,MAINA DHAKER,Neemuch,JAWAD,"23180303719, GOVT HSS BOYS SINGOLI (CLASS 1 TO 12)",प्रतिभागी,शिक्षक
AS5245,Rekha Dhakad,Neemuch,JAWAD,"23180316702, GOVT HSS NAYAGAON",प्रतिभागी,शिक्षक
AS5332,Sanjay Kumar Ojha,Neemuch,JAWAD,"23180316702, GOVT HSS NAYAGAON",प्रतिभागी,शिक्षक
AS6823,Kanwar Lal,Neemuch,JAWAD,"23180316702, GOVT HSS NAYAGAON",प्रतिभागी,शिक्षक
AS7378,Bhanwar Singh Panwar,Neemuch,JAWAD,"23180316702, GOVT HSS NAYAGAON",प्रतिभागी,शिक्षक
BR2718,Payal Rani Aameta,Neemuch,JAWAD,"23180316702, GOVT HSS NAYAGAON",प्रतिभागी,शिक्षक
BV6126,Richa Narwadiya,Neemuch,JAWAD,"23180316702, GOVT HSS NAYAGAON",प्रतिभागी,शिक्षक
BX1020,Sunita Sangitla,Neemuch,JAWAD,"23180316702, GOVT HSS NAYAGAON",प्रतिभागी,शिक्षक
AS5875,Mohanlal Suryavanshi,Neemuch,MANASA,"23180510107, GOVT HSS BARLAI (CLASS 6 TO 12)",प्रतिभागी,शिक्षक
BJ9442,Vinod Kumar Rathor,Neemuch,MANASA,"23180510107, GOVT HSS BARLAI (CLASS 6 TO 12)",प्रतिभागी,शिक्षक
BT6833,Rakesh Kumar Ratnawat,Neemuch,MANASA,"23180510107, GOVT HSS BARLAI (CLASS 6 TO 12)",प्रतिभागी,सीएसी
CC4767,DHIRAJ PATIDAR,Neemuch,MANASA,"23180510107, GOVT HSS BARLAI (CLASS 6 TO 12)",प्रतिभागी,शिक्षक
DA3414,RANJANA MAKWANA,Neemuch,MANASA,"23180510107, GOVT HSS BARLAI (CLASS 6 TO 12)",प्रतिभागी,शिक्षक
AS5975,Ghanshyam Paramar,Neemuch,MANASA,"23180504207, GOVT HSS BARTHUN",प्रतिभागी,शिक्षक
AS6543,Jugal Kishor Bhati,Neemuch,MANASA,"23180504207, GOVT HSS BARTHUN",प्रतिभागी,शिक्षक
BY4191,Lokesh Carpenter,Neemuch,MANASA,"23180504207, GOVT HSS BARTHUN",प्रतिभागी,शिक्षक
BZ6106,Dharmendra Singh Sisodiya,Neemuch,MANASA,"23180504207, GOVT HSS BARTHUN",प्रतिभागी,शिक्षक
AS4632,Sunderlal Meena,Neemuch,MANASA,"23180500505, GOVT HSS BESLA (CLASS 1 TO 12)",प्रतिभागी,शिक्षक
CA8710,GAURAV BHATT,Neemuch,MANASA,"23180500505, GOVT HSS BESLA (CLASS 1 TO 12)",प्रतिभागी,शिक्षक
CE6707,DILIP KUMAR JAIN,Neemuch,MANASA,"23180500505, GOVT HSS BESLA (CLASS 1 TO 12)",प्रतिभागी,शिक्षक
AS5876,Ghanshyam Malviya,Neemuch,MANASA,"23180505722, GOVT HSS BOYS KUKDESHWAR (CLASS 1 TO 12)",प्रतिभागी,शिक्षक
BX1684,Mukesh Kumar Rawat,Neemuch,MANASA,"23180505722, GOVT HSS BOYS KUKDESHWAR (CLASS 1 TO 12)",प्रतिभागी,शिक्षक
BX1696,Iqbal Hussan Mansury,Neemuch,MANASA,"23180505722, GOVT HSS BOYS KUKDESHWAR (CLASS 1 TO 12)",प्रतिभागी,शिक्षक
AS6377,Ramnarayan Chandel,Neemuch,MANASA,"23180514937, GOVT HSS GIRLS MANASA (CLASS 1 TO 12)",प्रतिभागी,शिक्षक
AS6655,Pushpa Soni,Neemuch,MANASA,"23180514937, GOVT HSS GIRLS MANASA (CLASS 1 TO 12)",प्रतिभागी,शिक्षक
AS7961,Dashrath Chouradiya,Neemuch,MANASA,"23180514937, GOVT HSS GIRLS MANASA (CLASS 1 TO 12)",प्रतिभागी,शिक्षक
BX3014,Ather Hussain,Neemuch,MANASA,"23180514937, GOVT HSS GIRLS MANASA (CLASS 1 TO 12)",प्रतिभागी,शिक्षक
AS7715,Chen Singh,Neemuch,MANASA,"23180510509, GOVT HSS CHACHOR (CLASS 1 TO 12)",प्रतिभागी,शिक्षक
AS7732,Prahalad Patidar,Neemuch,MANASA,"23180510509, GOVT HSS CHACHOR (CLASS 1 TO 12)",प्रतिभागी,शिक्षक
CA9505,KOSHALYA SURAJMALIA SURAJMALIA,Neemuch,MANASA,"23180510509, GOVT HSS CHACHOR (CLASS 1 TO 12)",प्रतिभागी,शिक्षक
AS5644,Bheru Lal Malviya,Neemuch,MANASA,"23180500418, GOVT HSS KANJHARDA",प्रतिभागी,शिक्षक
AS5650,Meena Chouhan,Neemuch,MANASA,"23180500418, GOVT HSS KANJHARDA",प्रतिभागी,शिक्षक
AS5677,Shankarlal Dhakad,Neemuch,MANASA,"23180500418, GOVT HSS KANJHARDA",प्रतिभागी,शिक्षक
BQ3973,Mamta Malviya,Neemuch,MANASA,"23180500418, GOVT HSS KANJHARDA",प्रतिभागी,अन्य
BX2416,Mangla Malviya,Neemuch,MANASA,"23180500418, GOVT HSS KANJHARDA",प्रतिभागी,शिक्षक
BX2420,Manju Malviya,Neemuch,MANASA,"23180500418, GOVT HSS KANJHARDA",प्रतिभागी,शिक्षक
BZ7086,Pushkar Dhangar,Neemuch,MANASA,"23180500418, GOVT HSS KANJHARDA",प्रतिभागी,शिक्षक
CB1623,ASHOK DHAKAD,Neemuch,MANASA,"23180500418, GOVT HSS KANJHARDA",प्रतिभागी,शिक्षक
CD9785,SURENDRA KUMAR,Neemuch,MANASA,"23180500418, GOVT HSS KANJHARDA",प्रतिभागी,शिक्षक
AS5879,Mool Singh Khinchi,Neemuch,MANASA,"23180514936, GOVT HSS EXCELLENCE MANASA (CLASS 6 TO 12)",प्रतिभागी,शिक्षक
BQ1093,Mahenoor Momin,Neemuch,MANASA,"23180514936, GOVT HSS EXCELLENCE MANASA (CLASS 6 TO 12)",प्रतिभागी,शिक्षक
BU4869,Jyoti Bhatt,Neemuch,MANASA,"23180514936, GOVT HSS EXCELLENCE MANASA (CLASS 6 TO 12)",प्रतिभागी,शिक्षक
BX9152,Bhavna Tiwari,Neemuch,MANASA,"23180514936, GOVT HSS EXCELLENCE MANASA (CLASS 6 TO 12)",प्रतिभागी,शिक्षक
BY9011,Ashok Kumar Sharma,Neemuch,MANASA,"23180514936, GOVT HSS EXCELLENCE MANASA (CLASS 6 TO 12)",प्रतिभागी,शिक्षक
AS7703,Savita Chauhan,Neemuch,MANASA,"23180514232, GOVT HSS BOYS RAMPURA",प्रतिभागी,शिक्षक
AS7711,Virendra Kumar Garasa,Neemuch,MANASA,"23180514232, GOVT HSS BOYS RAMPURA",प्रतिभागी,शिक्षक
BX8486,Indra Meghwal,Neemuch,MANASA,"23180514232, GOVT HSS BOYS RAMPURA",प्रतिभागी,शिक्षक
CB1665,VINOD CHOUDHARY,Neemuch,MANASA,"23180514232, GOVT HSS BOYS RAMPURA",प्रतिभागी,शिक्षक
AS6054,Mangilal Lohar,Neemuch,MANASA,"23180505012, GOVT HSS MAHAGARH (CLASS 1 TO 12)",प्रतिभागी,शिक्षक
BX1682,Prahlad Bamniya,Neemuch,MANASA,"23180505012, GOVT HSS MAHAGARH (CLASS 1 TO 12)",प्रतिभागी,शिक्षक
CD2455,REKHA RATHORE,Neemuch,MANASA,"23180505012, GOVT HSS MAHAGARH (CLASS 1 TO 12)",प्रतिभागी,शिक्षक
BU4870,Vikram Kumar,Neemuch,MANASA,"23180501909, GOVT HSS PARDA",प्रतिभागी,शिक्षक
AS5783,Bharat Kumar Puranik,Neemuch,MANASA,"23180505723, GOVT HSS GIRLS KUKDESHWAR (CLASS 6 TO 12)",प्रतिभागी,शिक्षक
CE4892,VINOD KUMAR,Neemuch,MANASA,"23180505723, GOVT HSS GIRLS KUKDESHWAR (CLASS 6 TO 12)",प्रतिभागी,शिक्षक
AS7138,Umrao Singh Borana,Neemuch,NEEMUCH,"23180706107, GOVT HSS BORDIYA KALAN",प्रतिभागी,शिक्षक
BU3463,Krishna Hans,Neemuch,NEEMUCH,"23180706107, GOVT HSS BORDIYA KALAN",प्रतिभागी,शिक्षक
BW2330,Ravishankar Rathor,Neemuch,NEEMUCH,"23180706107, GOVT HSS BORDIYA KALAN",प्रतिभागी,शिक्षक
CC2224,KRISHNA KATARIYA,Neemuch,NEEMUCH,"23180706107, GOVT HSS BORDIYA KALAN",प्रतिभागी,शिक्षक
BQ5354,Minaxi Bagdi,Neemuch,NEEMUCH,"23180710217, GOVT HSS CHITAKHEDA",प्रतिभागी,शिक्षक
BX2810,Jyoti Patidar,Neemuch,NEEMUCH,"23180710217, GOVT HSS CHITAKHEDA",प्रतिभागी,शिक्षक
CD1380,PRIYANKA PATIDAR,Neemuch,NEEMUCH,"23180710217, GOVT HSS CHITAKHEDA",प्रतिभागी,शिक्षक
AS4367,Devi Singh Barman,Neemuch,NEEMUCH,"23180714226, GOVT HS BAGHANA NEEMUCH (CLASS 1 TO 10)",प्रतिभागी,शिक्षक
AS4490,Mamta Yadav,Neemuch,NEEMUCH,"23180714226, GOVT HS BAGHANA NEEMUCH (CLASS 1 TO 10)",प्रतिभागी,शिक्षक
AS6945,Lalita Sharma,Neemuch,NEEMUCH,"23180714226, GOVT HS BAGHANA NEEMUCH (CLASS 1 TO 10)",प्रतिभागी,शिक्षक
BE8896,Pinky Goud,Neemuch,NEEMUCH,"23180714226, GOVT HS BAGHANA NEEMUCH (CLASS 1 TO 10)",प्रतिभागी,शिक्षक
BZ3479,Hari Narayan Baregama,Neemuch,NEEMUCH,"23180714226, GOVT HS BAGHANA NEEMUCH (CLASS 1 TO 10)",प्रतिभागी,शिक्षक
AS6903,Rajesh Choudhary,Neemuch,NEEMUCH,"23180714022, GOVT HSS GIRLS JIRAN",प्रतिभागी,शिक्षक
AS6952,Abhay Kumar Mehta,Neemuch,NEEMUCH,"23180714022, GOVT HSS GIRLS JIRAN",प्रतिभागी,शिक्षक
AS6993,Ramprasad Bamniya,Neemuch,NEEMUCH,"23180714022, GOVT HSS GIRLS JIRAN",प्रतिभागी,शिक्षक
BY7388,Kamlesh Kumar,Neemuch,NEEMUCH,"23180714022, GOVT HSS GIRLS JIRAN",प्रतिभागी,शिक्षक
BY7512,Kamal Singh Jat,Neemuch,NEEMUCH,"23180714022, GOVT HSS GIRLS JIRAN",प्रतिभागी,शिक्षक
AQ6710,Lata Chouhan,Neemuch,NEEMUCH,"23180720702, GOVT HSS GIRLS NEEMUCH CITY (CLASS 1 TO 12)",प्रतिभागी,शिक्षक
AQ8198,Pooja Joshi,Neemuch,NEEMUCH,"23180720702, GOVT HSS GIRLS NEEMUCH CITY (CLASS 1 TO 12)",प्रतिभागी,शिक्षक
AS5377,Tahmina Bi Shekh,Neemuch,NEEMUCH,"23180720702, GOVT HSS GIRLS NEEMUCH CITY (CLASS 1 TO 12)",प्रतिभागी,शिक्षक
BV5557,Dropadi Patidar,Neemuch,NEEMUCH,"23180720702, GOVT HSS GIRLS NEEMUCH CITY (CLASS 1 TO 12)",प्रतिभागी,शिक्षक
BW6756,Parul Purohit,Neemuch,NEEMUCH,"23180720702, GOVT HSS GIRLS NEEMUCH CITY (CLASS 1 TO 12)",प्रतिभागी,शिक्षक
AS5618,Ajay Acharya,Neemuch,NEEMUCH,"23180703409, GOVT HSS REVLI DEVLI (CLASS 1 TO 12)",प्रतिभागी,शिक्षक
AS6846,Sita Kunhara,Neemuch,NEEMUCH,"23180703409, GOVT HSS REVLI DEVLI (CLASS 1 TO 12)",प्रतिभागी,शिक्षक
AS7318,Ramkanya Chouhan,Neemuch,NEEMUCH,"23180703409, GOVT HSS REVLI DEVLI (CLASS 1 TO 12)",प्रतिभागी,शिक्षक
BP9530,Pankaj Kumar Patwa,Neemuch,NEEMUCH,"23180703409, GOVT HSS REVLI DEVLI (CLASS 1 TO 12)",प्रतिभागी,शिक्षक
BU5067,Yogesh Kumar Gehlot,Neemuch,NEEMUCH,"23180703409, GOVT HSS REVLI DEVLI (CLASS 1 TO 12)",प्रतिभागी,शिक्षक
CD2445,DIVYANI PRAJAPATI,Neemuch,NEEMUCH,"23180703409, GOVT HSS REVLI DEVLI (CLASS 1 TO 12)",प्रतिभागी,शिक्षक
AS5414,Karan Singh Jat,Neemuch,NEEMUCH,"23180714021, GOVT HSS BOYS JIRAN (CLASS 6 TO 12)",प्रतिभागी,शिक्षक
BQ1961,Antimbala Patidar,Neemuch,NEEMUCH,"23180714021, GOVT HSS BOYS JIRAN (CLASS 6 TO 12)",प्रतिभागी,शिक्षक
BX7263,Neetu Sharma,Neemuch,NEEMUCH,"23180714021, GOVT HSS BOYS JIRAN (CLASS 6 TO 12)",प्रतिभागी,शिक्षक
CF4648,RINKUBALA PATIDAR,Neemuch,NEEMUCH,"23180714021, GOVT HSS BOYS JIRAN (CLASS 6 TO 12)",प्रतिभागी,शिक्षक
AS6762,Lavkush Garasiya,Neemuch,NEEMUCH,"23180707009, GOVT HSS PALSODA (CLASS 1 TO 12)",प्रतिभागी,शिक्षक
AS6865,Rajendra Kumar Patidar,Neemuch,NEEMUCH,"23180707009, GOVT HSS PALSODA (CLASS 1 TO 12)",प्रतिभागी,शिक्षक
AS7036,Mahendra Singh,Neemuch,NEEMUCH,"23180707009, GOVT HSS PALSODA (CLASS 1 TO 12)",प्रतिभागी,शिक्षक
AS7407,Prakash Chandra Betwal,Neemuch,NEEMUCH,"23180707009, GOVT HSS PALSODA (CLASS 1 TO 12)",प्रतिभागी,अन्य
CD8042,PREETAM TELI,Neemuch,NEEMUCH,"23180707009, GOVT HSS PALSODA (CLASS 1 TO 12)",प्रतिभागी,शिक्षक
AQ6030,Laxmi Harit,Neemuch,NEEMUCH,"23180725404, GOVT HSS NEEMUCH CANTT (CLASS 1 TO 12)",प्रतिभागी,शिक्षक
AS4682,Aradhana Ninama,Neemuch,NEEMUCH,"23180725404, GOVT HSS NEEMUCH CANTT (CLASS 1 TO 12)",प्रतिभागी,शिक्षक
AS4688,Hem Kunwar Chouhan,Neemuch,NEEMUCH,"23180725404, GOVT HSS NEEMUCH CANTT (CLASS 1 TO 12)",प्रतिभागी,शिक्षक
AS4740,Santosh Sharma,Neemuch,NEEMUCH,"23180725404, GOVT HSS NEEMUCH CANTT (CLASS 1 TO 12)",प्रतिभागी,शिक्षक
AS5393,Sharif Mohammad Mansuri,Neemuch,NEEMUCH,"23180725404, GOVT HSS NEEMUCH CANTT (CLASS 1 TO 12)",प्रतिभागी,शिक्षक
AS5781,Minakshi Sharma,Neemuch,NEEMUCH,"23180725404, GOVT HSS NEEMUCH CANTT (CLASS 1 TO 12)",प्रतिभागी,शिक्षक
AS6334,Sangeeta Rathor,Neemuch,NEEMUCH,"23180725404, GOVT HSS NEEMUCH CANTT (CLASS 1 TO 12)",प्रतिभागी,शिक्षक
AS6966,Jagdishchandra Somani,Neemuch,NEEMUCH,"23180725404, GOVT HSS NEEMUCH CANTT (CLASS 1 TO 12)",प्रतिभागी,शिक्षक
BW6936,Sunil Prajapati,Neemuch,NEEMUCH,"23180725404, GOVT HSS NEEMUCH CANTT (CLASS 1 TO 12)",प्रतिभागी,शिक्षक
BW9547,Pappu Lal Prajapat,Neemuch,NEEMUCH,"23180725404, GOVT HSS NEEMUCH CANTT (CLASS 1 TO 12)",प्रतिभागी,शिक्षक
BX5819,Yogita Gour,Neemuch,NEEMUCH,"23180725404, GOVT HSS NEEMUCH CANTT (CLASS 1 TO 12)",प्रतिभागी,शिक्षक
BY5918,Jaya Sharma,Neemuch,NEEMUCH,"23180725404, GOVT HSS NEEMUCH CANTT (CLASS 1 TO 12)",प्रतिभागी,शिक्षक
CB1957,NAZMA SHAIKH,Neemuch,NEEMUCH,"23180725404, GOVT HSS NEEMUCH CANTT (CLASS 1 TO 12)",प्रतिभागी,शिक्षक
CC2535,PRIYANKA DEVDA,Neemuch,NEEMUCH,"23180725404, GOVT HSS NEEMUCH CANTT (CLASS 1 TO 12)",प्रतिभागी,शिक्षक
AS7391,Gopal Singh Ranawat,Neemuch,NEEMUCH,"23180702111, GOVT HSS JAVI",प्रतिभागी,शिक्षक
BD4050,Manoj Kumar Gupta,Niwari,NIWARI,"23520314009, GHSS  TARICHAR KALAN",प्रतिभागी,शिक्षक
BD4052,Shraddha Tiwari,Niwari,NIWARI,"23520314009, GHSS  TARICHAR KALAN",प्रतिभागी,शिक्षक
BD4079,Neeti Tiwari,Niwari,NIWARI,"23520314009, GHSS  TARICHAR KALAN",प्रतिभागी,शिक्षक
BV1536,Brajendra Kumar Ahirwar,Niwari,NIWARI,"23520314009, GHSS  TARICHAR KALAN",प्रतिभागी,शिक्षक
BX3690,Harsha Suman,Niwari,NIWARI,"23520314009, GHSS  TARICHAR KALAN",प्रतिभागी,शिक्षक
BY3977,Aarti Tiwari,Niwari,NIWARI,"23520314009, GHSS  TARICHAR KALAN",प्रतिभागी,शिक्षक
BD4177,Ashutosh Gupta,Niwari,NIWARI,"23520309710, GBHSS TEHARKA",प्रतिभागी,शिक्षक
BD4233,Rekha Kevat,Niwari,NIWARI,"23520309710, GBHSS TEHARKA",प्रतिभागी,शिक्षक
BT4707,MUKESH KUMAR AHIRWAR,Niwari,NIWARI,"23520309710, GBHSS TEHARKA",प्रतिभागी,शिक्षक
BX8868,Mosami Pateriya,Niwari,NIWARI,"23520309710, GBHSS TEHARKA",प्रतिभागी,शिक्षक
BD4006,Jugal Kishor Banshkar,Niwari,NIWARI,"23520315638, GGHSS  NIWARI",प्रतिभागी,शिक्षक
BD4077,Lokendr Kumar Sharma,Niwari,NIWARI,"23520315638, GGHSS  NIWARI",प्रतिभागी,शिक्षक
BD3484,Ashok Kumar Tripathi,Niwari,NIWARI,"23520312304, GHSS LADWARI",प्रतिभागी,शिक्षक
BD5843,Mulayam Singh Rajpoot,Niwari,NIWARI,"23520312304, GHSS LADWARI",प्रतिभागी,शिक्षक
BO2465,Rajeev Kumar Kushwaha,Niwari,NIWARI,"23520312304, GHSS LADWARI",प्रतिभागी,शिक्षक
BP8824,Sunita Nayak,Niwari,NIWARI,"23520312304, GHSS LADWARI",प्रतिभागी,शिक्षक
BX4060,Bharat Datta Arjariya,Niwari,NIWARI,"23520312304, GHSS LADWARI",प्रतिभागी,शिक्षक
BZ8686,Yogeshwari Dwivedi,Niwari,NIWARI,"23520312304, GHSS LADWARI",प्रतिभागी,शिक्षक
BD4215,Poornima Panday,Niwari,NIWARI,"23520306508, GHSS CHANDAWANI",प्रतिभागी,शिक्षक
BD4231,Anoop Kumar Jain,Niwari,NIWARI,"23520306508, GHSS CHANDAWANI",प्रतिभागी,शिक्षक
BD4410,Ramsewak Ahirwar,Niwari,NIWARI,"23520306508, GHSS CHANDAWANI",प्रतिभागी,शिक्षक
BD4438,Maniram Sour,Niwari,NIWARI,"23520306508, GHSS CHANDAWANI",प्रतिभागी,शिक्षक
BY1777,Mukesh Meena,Niwari,NIWARI,"23520306508, GHSS CHANDAWANI",प्रतिभागी,शिक्षक
AY3340,Raghvendra Singh Dangi,Niwari,NIWARI,"23520315637, GHSS EXCILENCE NIWARI",प्रतिभागी,शिक्षक
CD3861,ANJANA GUPTA,Niwari,NIWARI,"23520315637, GHSS EXCILENCE NIWARI",प्रतिभागी,शिक्षक
CD7225,PAHALWAN SINGH,Niwari,NIWARI,"23520315637, GHSS EXCILENCE NIWARI",प्रतिभागी,शिक्षक
BD1799,Ramkishun Ahirwar,Niwari,NIWARI,"23520308406, GHSS  GHUGHSI",प्रतिभागी,शिक्षक
BD3861,Kraparam Ahirwar,Niwari,NIWARI,"23520308406, GHSS  GHUGHSI",प्रतिभागी,शिक्षक
BD3924,Akhilesh Kumar Tripathi,Niwari,NIWARI,"23520308406, GHSS  GHUGHSI",प्रतिभागी,शिक्षक
BD4017,Maniram Ahirwar,Niwari,NIWARI,"23520300806, GHSS PUCHHIKARGUWAN",प्रतिभागी,शिक्षक
BD5782,Devendra Kumar Ahirwar,Niwari,NIWARI,"23520300806, GHSS PUCHHIKARGUWAN",प्रतिभागी,शिक्षक
BJ9998,Bindrawan Lal Kushwaha,Niwari,NIWARI,"23520300806, GHSS PUCHHIKARGUWAN",प्रतिभागी,शिक्षक
BN2515,Anil Kumar Yadav,Niwari,NIWARI,"23520300806, GHSS PUCHHIKARGUWAN",प्रतिभागी,शिक्षक
BN7592,Umashankar Kumhar,Niwari,NIWARI,"23520300806, GHSS PUCHHIKARGUWAN",प्रतिभागी,शिक्षक
BD2873,Archna Yadav,Niwari,NIWARI,"23520312415, GHSS  ORCHHA",प्रतिभागी,शिक्षक
BD4258,Aanand Ahirwar,Niwari,NIWARI,"23520312415, GHSS  ORCHHA",प्रतिभागी,शिक्षक
BD4274,Manju Tiwari,Niwari,NIWARI,"23520312415, GHSS  ORCHHA",प्रतिभागी,शिक्षक
BQ2784,Kanchan Lata Gupta,Niwari,NIWARI,"23520312415, GHSS  ORCHHA",प्रतिभागी,शिक्षक
BY3206,Babita Verma,Niwari,NIWARI,"23520312415, GHSS  ORCHHA",प्रतिभागी,शिक्षक
CB6901,RENU MISHRA,Niwari,NIWARI,"23520312415, GHSS  ORCHHA",प्रतिभागी,शिक्षक
CD2285,BHAWANA RAI,Niwari,NIWARI,"23520312415, GHSS  ORCHHA",प्रतिभागी,शिक्षक
BD5543,Abhayraj Ahirwar,Niwari,PRATHVIPUR,"23520509209, GHSS  JEORA MORA",प्रतिभागी,शिक्षक
BZ5300,Pradeep Kumar Mishra,Niwari,PRATHVIPUR,"23520509209, GHSS  JEORA MORA",प्रतिभागी,शिक्षक
BD7046,Krishna Kori,Niwari,PRATHVIPUR,"23520514751, GHSS EXC PRITHVIPUR",प्रतिभागी,शिक्षक
BR9324,Reena Ahirwar,Niwari,PRATHVIPUR,"23520514751, GHSS EXC PRITHVIPUR",प्रतिभागी,शिक्षक
BD4451,Ajay Kumar Dwivedi,Niwari,PRATHVIPUR,"23520514752, GGHSS  PRATHVIPUR",प्रतिभागी,शिक्षक
BD5523,Savitri Ahirwar,Niwari,PRATHVIPUR,"23520514752, GGHSS  PRATHVIPUR",प्रतिभागी,शिक्षक
BD5557,Gayatri KABIR,Niwari,PRATHVIPUR,"23520514752, GGHSS  PRATHVIPUR",प्रतिभागी,शिक्षक
BD5799,Seema Kori,Niwari,PRATHVIPUR,"23520514752, GGHSS  PRATHVIPUR",प्रतिभागी,शिक्षक
CD1132,PRAGYA BILGAIYAN,Niwari,PRATHVIPUR,"23520514752, GGHSS  PRATHVIPUR",प्रतिभागी,शिक्षक
BD1549,Vinod Kumar Pushpkar,Niwari,PRATHVIPUR,"23520508310, GHSS LUHARGUWAN",प्रतिभागी,शिक्षक
BD1456,Alok Kumar Adjariya,Niwari,PRATHVIPUR,"23520503204, GHS DHORRA",प्रतिभागी,शिक्षक
BD5096,Tej Singh Bundela,Niwari,PRATHVIPUR,"23520503204, GHS DHORRA",प्रतिभागी,शिक्षक
BD5105,Anoop Kumar Tiwari,Niwari,PRATHVIPUR,"23520503204, GHS DHORRA",प्रतिभागी,शिक्षक
BD5494,Suresh Prasad Balmiki,Niwari,PRATHVIPUR,"23520503204, GHS DHORRA",प्रतिभागी,शिक्षक
BD7028,Ajay Gautam,Niwari,PRATHVIPUR,"23520503204, GHS DHORRA",प्रतिभागी,शिक्षक
BD5781,Balchand Ahirwar,Niwari,PRATHVIPUR,"23520501105, GHS DHILLA",प्रतिभागी,शिक्षक
BC9934,Kailash Chandra Ahirwar,Niwari,PRATHVIPUR,"23520505612, GHSS  SIMRA",प्रतिभागी,शिक्षक
BD4996,Uma Devi Banshkar,Niwari,PRATHVIPUR,"23520505612, GHSS  SIMRA",प्रतिभागी,शिक्षक
BD5072,Namrata Khevariya,Niwari,PRATHVIPUR,"23520505612, GHSS  SIMRA",प्रतिभागी,शिक्षक
BD5699,Shital Prasad Ahirwar,Niwari,PRATHVIPUR,"23520505612, GHSS  SIMRA",प्रतिभागी,शिक्षक
BT3927,Dhan Singh Rai,Niwari,PRATHVIPUR,"23520505612, GHSS  SIMRA",प्रतिभागी,शिक्षक
BD5007,Sudha Devi Banshkar,Niwari,PRATHVIPUR,"23520508511, GHSS KAKAWANI",प्रतिभागी,शिक्षक
BD5384,Dragpal Singh Thakur,Niwari,PRATHVIPUR,"23520508511, GHSS KAKAWANI",प्रतिभागी,शिक्षक
BD5424,Ramkunvar Vishwakarma,Niwari,PRATHVIPUR,"23520508511, GHSS KAKAWANI",प्रतिभागी,शिक्षक
AS9246,Vandana Panday,Panna,AJAIGARH,"23100121302, GOVT GIRGL HSS AJAIGARH",प्रतिभागी,शिक्षक
BX4315,Anita Sahu,Panna,AJAIGARH,"23100121302, GOVT GIRGL HSS AJAIGARH",प्रतिभागी,शिक्षक
AS8710,Baldev Singh Gound,Panna,AJAIGARH,"23100101106, GOVT HSS SABDUA",प्रतिभागी,अन्य
BR9385,Thakur Deen Yadav,Panna,AJAIGARH,"23100101106, GOVT HSS SABDUA",प्रतिभागी,शिक्षक
CA7539,SURYAPRATAP BAGHEL,Panna,AJAIGARH,"23100101106, GOVT HSS SABDUA",प्रतिभागी,शिक्षक
AS9009,Maya Patel,Panna,AJAIGARH,"23100100616, GOVT EXCELLENCE HSS AJAIGARH",प्रतिभागी,शिक्षक
AU5184,Devdutt Shukla,Panna,AJAIGARH,"23100100616, GOVT EXCELLENCE HSS AJAIGARH",प्रतिभागी,शिक्षक
BY3068,Shiv Narayan Singh,Panna,AJAIGARH,"23100100616, GOVT EXCELLENCE HSS AJAIGARH",प्रतिभागी,शिक्षक
CB5344,ARVIND PRAJAPATI,Panna,AJAIGARH,"23100100616, GOVT EXCELLENCE HSS AJAIGARH",प्रतिभागी,शिक्षक
CE5854,MAHESH KUMAR PATEL,Panna,AJAIGARH,"23100100616, GOVT EXCELLENCE HSS AJAIGARH",प्रतिभागी,शिक्षक
AS8784,Kamlesha Devi,Panna,AJAIGARH,"23100108610, GOVT HSS DHARAMPUR",प्रतिभागी,शिक्षक
BX3935,Hari Om Shrivastava,Panna,AJAIGARH,"23100108610, GOVT HSS DHARAMPUR",प्रतिभागी,शिक्षक
BU7947,Anandi Prasad Patel,Panna,AJAIGARH,"23100111606, MS HSS BIRA",प्रतिभागी,शिक्षक
BX4337,Mahesh Kumar Yadav,Panna,AJAIGARH,"23100111606, MS HSS BIRA",प्रतिभागी,शिक्षक
AS8947,Archana Chaturvedi,Panna,AJAIGARH,"23100105206, GOVT HSS SINGHPUR",प्रतिभागी,शिक्षक
AT1719,Mohan Lal Sunkar,Panna,AJAIGARH,"23100105206, GOVT HSS SINGHPUR",प्रतिभागी,शिक्षक
BQ8346,Anju Yadav,Panna,AJAIGARH,"23100105206, GOVT HSS SINGHPUR",प्रतिभागी,शिक्षक
BR6432,Bala Prasad Sunkar,Panna,AJAIGARH,"23100105206, GOVT HSS SINGHPUR",प्रतिभागी,शिक्षक
DB1035,SHAHEEN  KHAN,Panna,AJAIGARH,"23100106604, GOVT HS CHANDOORA",प्रतिभागी,शिक्षक
AS8982,Soorajdeen Ahirwar,Panna,AJAIGARH,"23100109307, GOVT HSS HARDI",प्रतिभागी,शिक्षक
BW9472,Arun Kumar Gupta,Panna,AJAIGARH,"23100109307, GOVT HSS HARDI",प्रतिभागी,शिक्षक
DB1017,SHIVBARAN  SINGH,Panna,AJAIGARH,"23100109307, GOVT HSS HARDI",प्रतिभागी,शिक्षक
AG3426,Prabhudatt Chaubey,Panna,AJAIGARH,"23100110108, GOVT HSS BANAHARIKAL",प्रतिभागी,शिक्षक
AS9257,Shitla Sharan Malee,Panna,AJAIGARH,"23100110108, GOVT HSS BANAHARIKAL",प्रतिभागी,शिक्षक
AT4275,Chandrabhan Yadav,Panna,AJAIGARH,"23100110108, GOVT HSS BANAHARIKAL",प्रतिभागी,शिक्षक
BX2624,Satish Sen,Panna,AJAIGARH,"23100110108, GOVT HSS BANAHARIKAL",प्रतिभागी,शिक्षक
AS8805,Ramesh Prasad Prajapati,Panna,AJAIGARH,"23100111610, GOVT HSS NARDAHA",प्रतिभागी,शिक्षक
AT3696,Sarita Chaurasiya,Panna,AJAIGARH,"23100111610, GOVT HSS NARDAHA",प्रतिभागी,शिक्षक
AS8763,Vijaypal Singh,Panna,AJAIGARH,"23100112212, GOVT HSS KHORA",प्रतिभागी,सीएसी
BV5247,Ramesh Kumar Tripathi,Panna,AJAIGARH,"23100112212, GOVT HSS KHORA",प्रतिभागी,शिक्षक
BV9683,Bhanu Pratap Singh,Panna,AJAIGARH,"23100112212, GOVT HSS KHORA",प्रतिभागी,शिक्षक
AT2952,Jeetram Tripathi,Panna,GUNOUR,"23100216303, HS SHYAMARDANDA",प्रतिभागी,शिक्षक
AT3588,Kamlesh Kumar Shukla,Panna,GUNOUR,"23100216303, HS SHYAMARDANDA",प्रतिभागी,शिक्षक
BU5930,Ganga Prasad Patel,Panna,GUNOUR,"23100216303, HS SHYAMARDANDA",प्रतिभागी,शिक्षक
CF3584,ABHAY MISHRA,Panna,GUNOUR,"23100216303, HS SHYAMARDANDA",प्रतिभागी,शिक्षक
AT1495,Asha Tripathi,Panna,GUNOUR,"23100202321, GOVT HRS GIRLS AMANGUNJ",प्रतिभागी,शिक्षक
BD4934,Bavita Gupta,Panna,GUNOUR,"23100202321, GOVT HRS GIRLS AMANGUNJ",प्रतिभागी,शिक्षक
CB2176,RAMU KEVAT,Panna,GUNOUR,"23100202321, GOVT HRS GIRLS AMANGUNJ",प्रतिभागी,शिक्षक
AS9618,Sukdev Prasad Sharma,Panna,GUNOUR,"23100212002, GOVT HS CHOUKI",प्रतिभागी,शिक्षक
AT2928,Anwar Baks,Panna,GUNOUR,"23100220627, GOVT EXCELLENCE HSS GUNOUR",प्रतिभागी,शिक्षक
AT4152,Manoj Kumar Gupta,Panna,GUNOUR,"23100220627, GOVT EXCELLENCE HSS GUNOUR",प्रतिभागी,बीएसी
AT3820,Ramadhar Gautam,Panna,GUNOUR,"23100220626, GOVT HS GIRLS GUNOUR",प्रतिभागी,शिक्षक
BS3393,Avaneesh Garg,Panna,GUNOUR,"23100220626, GOVT HS GIRLS GUNOUR",प्रतिभागी,शिक्षक
BY3556,Surendra Kumar Lodhi,Panna,GUNOUR,"23100204209, GOVT HSS KAMTANA",प्रतिभागी,शिक्षक
AT1457,Ramesh Kumar Bagri,Panna,GUNOUR,"23100200109, GOVT HSS DWARI",प्रतिभागी,शिक्षक
AT1910,Rajesh Kumar Chanpuriya,Panna,GUNOUR,"23100200109, GOVT HSS DWARI",प्रतिभागी,शिक्षक
AT4185,Varsha Rani Pandey,Panna,GUNOUR,"23100200109, GOVT HSS DWARI",प्रतिभागी,शिक्षक
DA3390,NIDHI SHRIVASTAVA,Panna,GUNOUR,"23100200109, GOVT HSS DWARI",प्रतिभागी,शिक्षक
AT3208,Manoj Kumar Tiwari,Panna,GUNOUR,"23100202320, GOVT HSS BOYS AMANGUNJ",प्रतिभागी,शिक्षक
BM9701,Mohammad Aman,Panna,GUNOUR,"23100202320, GOVT HSS BOYS AMANGUNJ",प्रतिभागी,शिक्षक
BW5438,Suresh Prasad Kushwaha,Panna,GUNOUR,"23100202320, GOVT HSS BOYS AMANGUNJ",प्रतिभागी,शिक्षक
BZ4890,Niketa Tiwari,Panna,GUNOUR,"23100202320, GOVT HSS BOYS AMANGUNJ",प्रतिभागी,शिक्षक
BY3551,Trashant Kumar Joshi,Panna,GUNOUR,"23100205514, GOVT HSS MAHEWA",प्रतिभागी,शिक्षक
AT3889,Ramadhin Chaudhri,Panna,GUNOUR,"23100212713, GOVT HSS PATNATAMOLI",प्रतिभागी,शिक्षक
BY1706,Arun Kumar Chaurasiya,Panna,GUNOUR,"23100212713, GOVT HSS PATNATAMOLI",प्रतिभागी,शिक्षक
BZ4040,Lawkush Prasad Chaurasiya,Panna,GUNOUR,"23100212713, GOVT HSS PATNATAMOLI",प्रतिभागी,शिक्षक
BN2816,Suneeta Mishra,Panna,GUNOUR,"23100213612, GOVT HSS SALEHA",प्रतिभागी,शिक्षक
7869637658,Sarita  Verma ,Panna,GUNOUR,"23100215907, GOVT HS KATHWARIYA",प्रतिभागी,शिक्षक
BS3394,Sheela Singh Parihar,Panna,GUNOUR,"23100215907, GOVT HS KATHWARIYA",प्रतिभागी,शिक्षक
BZ1913,Pramod Kumar Verma,Panna,GUNOUR,"23100215907, GOVT HS KATHWARIYA",प्रतिभागी,शिक्षक
AT1377,Pratanish Khare,Panna,PANNA,"23100324513, GOVT HS KUNJWAN",प्रतिभागी,शिक्षक
AT4065,Irfan Khan,Panna,PANNA,"23100324513, GOVT HS KUNJWAN",प्रतिभागी,शिक्षक
AT4223,Shiv Kumar Verma,Panna,PANNA,"23100324513, GOVT HS KUNJWAN",प्रतिभागी,शिक्षक
BY7353,Neetu Sharma,Panna,PANNA,"23100324513, GOVT HS KUNJWAN",प्रतिभागी,शिक्षक
BZ7527,Bharti Agrawal,Panna,PANNA,"23100324513, GOVT HS KUNJWAN",प्रतिभागी,शिक्षक
AT2585,Vijay Khare,Panna,PANNA,"23100305304, GOVt HSS JHARKUA",प्रतिभागी,शिक्षक
AT2199,Surendra Singh Parmar,Panna,PANNA,"23100331001, GOVT HSS KAKRAHTI",प्रतिभागी,शिक्षक
AT2441,Rekha Pathak,Panna,PANNA,"23100331001, GOVT HSS KAKRAHTI",प्रतिभागी,शिक्षक
AT2474,Smt Zareena Bano,Panna,PANNA,"23100331001, GOVT HSS KAKRAHTI",प्रतिभागी,शिक्षक
BX4671,Sushma Yadav,Panna,PANNA,"23100331001, GOVT HSS KAKRAHTI",प्रतिभागी,शिक्षक
DB1013,SONAM  UIKEY,Panna,PANNA,"23100331001, GOVT HSS KAKRAHTI",प्रतिभागी,शिक्षक
AT3578,Ram Pramod Mishra,Panna,PANNA,"23100329502, GOVT HSS BOYS DEVENDRANAGAR",प्रतिभागी,शिक्षक
AT1383,Smt Sapna Namdev,Panna,PANNA,"23100301104, GOVT HS RAKESHA",प्रतिभागी,शिक्षक
AT4423,Ramkrishna Yadav,Panna,PANNA,"23100301104, GOVT HS RAKESHA",प्रतिभागी,शिक्षक
AS8816,Smt Rajni Soni,Panna,PANNA,"23100308013, GOVT HSS BRIJPUR",प्रतिभागी,शिक्षक
AS8823,Amol Singh Yadav,Panna,PANNA,"23100308013, GOVT HSS BRIJPUR",प्रतिभागी,शिक्षक
BV7186,Shiv Kumar Pathak,Panna,PANNA,"23100308013, GOVT HSS BRIJPUR",प्रतिभागी,शिक्षक
AS8815,Kamlesh Mishra,Panna,PANNA,"23100307508, GOVT HS ITWAKHAS",प्रतिभागी,शिक्षक
AT4381,Archna Gupta,Panna,PANNA,"23100307508, GOVT HS ITWAKHAS",प्रतिभागी,शिक्षक
BN4623,Ram Niwas Sharma,Panna,PANNA,"23100307508, GOVT HS ITWAKHAS",प्रतिभागी,शिक्षक
AT2144,Swatantra Prasad Prajapati,Panna,PANNA,"23100309305, GOVT HSS BIRWAHI",प्रतिभागी,शिक्षक
BK1875,Seema Bagri,Panna,PANNA,"23100309305, GOVT HSS BIRWAHI",प्रतिभागी,शिक्षक
BU5325,Anil Kumar Kushwaha,Panna,PANNA,"23100309305, GOVT HSS BIRWAHI",प्रतिभागी,शिक्षक
AT1362,Raghunath Prasad,Panna,PANNA,"23100328501, GOVT HSS GIRLS DEVENDRANAGAR",प्रतिभागी,शिक्षक
AT2119,Brijesh Kumar Shrivastava,Panna,PANNA,"23100328501, GOVT HSS GIRLS DEVENDRANAGAR",प्रतिभागी,शिक्षक
AT2127,Mahendra Kumar Siddharth,Panna,PANNA,"23100328501, GOVT HSS GIRLS DEVENDRANAGAR",प्रतिभागी,शिक्षक
BS9386,Manoj Kumar Vishwakarma,Panna,PANNA,"23100328501, GOVT HSS GIRLS DEVENDRANAGAR",प्रतिभागी,शिक्षक
AT2457,Sanjay Kumar Pandey,Panna,PANNA,"23100304504, GOVT HSS BARACH",प्रतिभागी,शिक्षक
BR7907,Mona Prajapati,Panna,PANNA,"23100304504, GOVT HSS BARACH",प्रतिभागी,शिक्षक
BX5232,Rajesh Kumar Jadia,Panna,PANNA,"23100304504, GOVT HSS BARACH",प्रतिभागी,शिक्षक
AS8613,Chanda Yadav,Panna,PANNA,"23100322404, GOVT HSS GIRLS MANHAR PANNA",प्रतिभागी,शिक्षक
AT1521,Namita Khare,Panna,PANNA,"23100322404, GOVT HSS GIRLS MANHAR PANNA",प्रतिभागी,शिक्षक
AT1575,Sandhya Sharma,Panna,PANNA,"23100322404, GOVT HSS GIRLS MANHAR PANNA",प्रतिभागी,शिक्षक
AT3186,Meena Rani Tiwari,Panna,PANNA,"23100322404, GOVT HSS GIRLS MANHAR PANNA",प्रतिभागी,शिक्षक
AT3942,Rekha Soni,Panna,PANNA,"23100322404, GOVT HSS GIRLS MANHAR PANNA",प्रतिभागी,शिक्षक
AT4016,Prahlad Kumar Sahu,Panna,PANNA,"23100322404, GOVT HSS GIRLS MANHAR PANNA",प्रतिभागी,शिक्षक
BR9712,Nidhi Sahu,Panna,PANNA,"23100322404, GOVT HSS GIRLS MANHAR PANNA",प्रतिभागी,शिक्षक
BS3392,SUSHMA SHUKLA,Panna,PANNA,"23100322404, GOVT HSS GIRLS MANHAR PANNA",प्रतिभागी,शिक्षक
AS8795,Laxmi Singrol,Panna,PANNA,"23100323215, GOVT HSS R. P. NO-2",प्रतिभागी,शिक्षक
AS9031,Abhilasha Gupta,Panna,PANNA,"23100323215, GOVT HSS R. P. NO-2",प्रतिभागी,शिक्षक
AT4133,Sajeena C,Panna,PANNA,"23100323215, GOVT HSS R. P. NO-2",प्रतिभागी,शिक्षक
BN3793,Uma Singh,Panna,PANNA,"23100323215, GOVT HSS R. P. NO-2",प्रतिभागी,शिक्षक
BS8354,Dhan Prasad Sharma,Panna,PANNA,"23100323215, GOVT HSS R. P. NO-2",प्रतिभागी,शिक्षक
BZ4900,Santosh Kumar Prajapati,Panna,PANNA,"23100323215, GOVT HSS R. P. NO-2",प्रतिभागी,शिक्षक
BN4386,Chameli Gautam,Panna,PAWAI,"23100406715, GOVT HSS SEMARIYA",प्रतिभागी,शिक्षक
BU9811,Soorat Deen Soni,Panna,PAWAI,"23100411309, GOVT HS PURAINA",प्रतिभागी,शिक्षक
BX1231,Prakash Patel,Panna,PAWAI,"23100411309, GOVT HS PURAINA",प्रतिभागी,सीएसी
BN2784,Govindra Singh,Panna,PAWAI,"23100409910, GOVT HS KUNWERPUR",प्रतिभागी,शिक्षक
BT8031,Suresh Kumar Chaurasiya,Panna,PAWAI,"23100409910, GOVT HS KUNWERPUR",प्रतिभागी,शिक्षक
AT2295,Ramsajan Lodhi,Panna,PAWAI,"23100410509, GOVT HSS BANOULI",प्रतिभागी,शिक्षक
BK2527,Lallu Singh,Panna,PAWAI,"23100410509, GOVT HSS BANOULI",प्रतिभागी,शिक्षक
BM9761,Sumitra Devi Verma,Panna,PAWAI,"23100421403, Govt HSS EXCELLENCE PAWAI",प्रतिभागी,शिक्षक
BN6540,Maya Khare,Panna,PAWAI,"23100421403, Govt HSS EXCELLENCE PAWAI",प्रतिभागी,शिक्षक
BV2763,Brajesh Kumar Panday,Panna,PAWAI,"23100421403, Govt HSS EXCELLENCE PAWAI",प्रतिभागी,शिक्षक
BW2915,Narendra Kumar Pathak,Panna,PAWAI,"23100421403, Govt HSS EXCELLENCE PAWAI",प्रतिभागी,शिक्षक
BW3909,Shyam Lal Ahirwar,Panna,PAWAI,"23100421403, Govt HSS EXCELLENCE PAWAI",प्रतिभागी,शिक्षक
AF9729,Sadhna Khare,Panna,PAWAI,"23100420302, GOVT HSS GIRLS PAWAI",प्रतिभागी,शिक्षक
BN1139,Ram Kripal Verman,Panna,PAWAI,"23100401506, GOVT HSS TIKARIYA",प्रतिभागी,शिक्षक
DA2134,GYA PRASAD YADAV,Panna,PAWAI,"23100401506, GOVT HSS TIKARIYA",प्रतिभागी,शिक्षक
AT4283,Rampal Singh,Panna,PAWAI,"23100403412, GOVT HSS KRISHANGARH",प्रतिभागी,शिक्षक
AT4374,Chote Lal Chaudhari,Panna,PAWAI,"23100403412, GOVT HSS KRISHANGARH",प्रतिभागी,शिक्षक
CC9771,CHHOTE LAL CHOUDHARY,Panna,PAWAI,"23100403412, GOVT HSS KRISHANGARH",प्रतिभागी,शिक्षक
CE6474,SHRADDHA SANODIYA,Panna,PAWAI,"23100403412, GOVT HSS KRISHANGARH",प्रतिभागी,शिक्षक
9644036236,Manisha Singh Bagri ,Panna,PAWAI,"23100402415, GOVT HS HATKURI",प्रतिभागी,शिक्षक
AT4461,Dayashankar Garg,Panna,PAWAI,"23100402415, GOVT HS HATKURI",प्रतिभागी,शिक्षक
CD7108,SIYA PAL,Panna,PAWAI,"23100402415, GOVT HS HATKURI",प्रतिभागी,शिक्षक
CE8541,POORNIMA PATEL,Panna,PAWAI,"23100408009, GOVT HSS SUNWANIKALA",प्रतिभागी,शिक्षक
AT1823,Ramnaresh Vishwakarma,Panna,SHAHNAGAR,"23100502610, GOVT HSS BISANI",प्रतिभागी,शिक्षक
AT2575,Govind Singh Thakur,Panna,SHAHNAGAR,"23100508315, GOVT HSS RAIPURA",प्रतिभागी,शिक्षक
BJ9910,Kanhaiya Lal Patel,Panna,SHAHNAGAR,"23100508315, GOVT HSS RAIPURA",प्रतिभागी,शिक्षक
BK2530,Hari Narayan Soni,Panna,SHAHNAGAR,"23100511008, GOVT HS BAGROOD",प्रतिभागी,शिक्षक
BK2727,Ram Milan Singh Dhurve,Panna,SHAHNAGAR,"23100511008, GOVT HS BAGROOD",प्रतिभागी,शिक्षक
AT2567,Bharat Singh,Panna,SHAHNAGAR,"23100508811, GOVT HSS BAGHWAR",प्रतिभागी,शिक्षक
BK1082,Rajnish Shrivastav,Panna,SHAHNAGAR,"23100508811, GOVT HSS BAGHWAR",प्रतिभागी,शिक्षक
BK2528,Mahesh Prasad Patel,Panna,SHAHNAGAR,"23100508811, GOVT HSS BAGHWAR",प्रतिभागी,शिक्षक
BK2539,Lakhan Singh,Panna,SHAHNAGAR,"23100508811, GOVT HSS BAGHWAR",प्रतिभागी,शिक्षक
AT2694,Deepmala Garg,Panna,SHAHNAGAR,"23100506605, GOVT HS SUDOOR",प्रतिभागी,शिक्षक
AT1899,Vinod Kumar Chaturvedi,Panna,SHAHNAGAR,"23100501709, GOVT HS ROHANIYA",प्रतिभागी,शिक्षक
AT2268,Rajesh Dwivedi,Panna,SHAHNAGAR,"23100501709, GOVT HS ROHANIYA",प्रतिभागी,शिक्षक
AT2853,Sant Kumar Uramaliya,Panna,SHAHNAGAR,"23100501709, GOVT HS ROHANIYA",प्रतिभागी,शिक्षक
AT2854,Rajesh Kumar Rathore,Panna,SHAHNAGAR,"23100501709, GOVT HS ROHANIYA",प्रतिभागी,शिक्षक
BP6663,Rajkishor Khare,Panna,SHAHNAGAR,"23100501709, GOVT HS ROHANIYA",प्रतिभागी,शिक्षक
CD7631,MANOJ PARASTE,Panna,SHAHNAGAR,"23100501709, GOVT HS ROHANIYA",प्रतिभागी,शिक्षक
AT7272,Manorama Dhakar,Raisen,BADI,"23340103049, GIRLS HSS BARELI",प्रतिभागी,शिक्षक
BQ8578,Laxmi Narayan Dhakar,Raisen,BADI,"23340103049, GIRLS HSS BARELI",प्रतिभागी,शिक्षक
BU1115,Yashoda Ghure,Raisen,BADI,"23340103049, GIRLS HSS BARELI",प्रतिभागी,शिक्षक
BW1690,Santosh Kumar Sahu,Raisen,BADI,"23340103049, GIRLS HSS BARELI",प्रतिभागी,शिक्षक
BW5746,Narayan Prasad Sahu,Raisen,BADI,"23340103049, GIRLS HSS BARELI",प्रतिभागी,शिक्षक
AT5579,Surendra Singh Thakur,Raisen,BADI,"23340103050, BOYS HSS BARELI",प्रतिभागी,शिक्षक
AT7973,Meenu Rajput,Raisen,BADI,"23340103050, BOYS HSS BARELI",प्रतिभागी,शिक्षक
AT5291,Lokam Singh Raghuwanshi,Raisen,BADI,"23340123503, GHSS UDAIGIRI",प्रतिभागी,शिक्षक
AT7340,Ramesh Kumar Dhakad,Raisen,BADI,"23340123503, GHSS UDAIGIRI",प्रतिभागी,शिक्षक
AT8180,Antram Arma,Raisen,BADI,"23340123503, GHSS UDAIGIRI",प्रतिभागी,शिक्षक
BO5243,Lakhan Singh Thakur,Raisen,BADI,"23340123503, GHSS UDAIGIRI",प्रतिभागी,शिक्षक
CD7300,BRAJENDRA SINGH RAJPOOT,Raisen,BADI,"23340123503, GHSS UDAIGIRI",प्रतिभागी,शिक्षक
AT8032,Mohammed Iqbal Qureshi,Raisen,BADI,"23340100810, GHS AMRAWAD KALA",प्रतिभागी,शिक्षक
AL8834,Sanjeev Paliwal,Raisen,BADI,"23340116205, GHS MAHESHWAR",प्रतिभागी,शिक्षक
AT7480,Shiv Varan Singh,Raisen,BADI,"23340116205, GHS MAHESHWAR",प्रतिभागी,शिक्षक
AU2050,Laxminarayan Kirar,Raisen,BADI,"23340116205, GHS MAHESHWAR",प्रतिभागी,शिक्षक
CA9064,KAMLESH SHILPI,Raisen,BADI,"23340116205, GHS MAHESHWAR",प्रतिभागी,शिक्षक
AT5336,Santosh Kumar Rai,Raisen,BADI,"23340113910, GHSS KHARGAONE",प्रतिभागी,शिक्षक
AT8039,Devendra Singh Thakur,Raisen,BADI,"23340113910, GHSS KHARGAONE",प्रतिभागी,शिक्षक
AT8931,Pratibha Soni,Raisen,BADI,"23340113910, GHSS KHARGAONE",प्रतिभागी,सीएसी
AU2709,Arvind Kumar Dubey,Raisen,BADI,"23340113910, GHSS KHARGAONE",प्रतिभागी,शिक्षक
BW7923,Deepak Kushwaha,Raisen,BADI,"23340113910, GHSS KHARGAONE",प्रतिभागी,शिक्षक
AA7071,Usha Sharma,Raisen,BADI,"23340101229, GHSS BADI",प्रतिभागी,शिक्षक
AT5385,Manorma Thakur,Raisen,BADI,"23340101229, GHSS BADI",प्रतिभागी,शिक्षक
AT5433,Rajeev Shrivastava,Raisen,BADI,"23340101229, GHSS BADI",प्रतिभागी,शिक्षक
AT5462,Anil Kumar Chouksey,Raisen,BADI,"23340101229, GHSS BADI",प्रतिभागी,शिक्षक
AT7146,Mahesh Singh Thakur,Raisen,BADI,"23340101229, GHSS BADI",प्रतिभागी,शिक्षक
AT8029,Rajkumar Mehra,Raisen,BADI,"23340101229, GHSS BADI",प्रतिभागी,शिक्षक
BQ2804,Vinay Purohit,Raisen,BADI,"23340101229, GHSS BADI",प्रतिभागी,शिक्षक
BU2374,Anamika Vaishnav,Raisen,BADI,"23340101229, GHSS BADI",प्रतिभागी,शिक्षक
BW1686,Beeran Lal Ahirwar,Raisen,BADI,"23340101229, GHSS BADI",प्रतिभागी,शिक्षक
CD8386,ARTI PATEL,Raisen,BADI,"23340101229, GHSS BADI",प्रतिभागी,शिक्षक
CD1706,BHEEKAM LODHI,Raisen,BEGAMGANJ,"23340222856, BOYS  GHSS BEGAMGANJ",प्रतिभागी,शिक्षक
AT5805,Ramesh Prasad Ahirwar,Raisen,BEGAMGANJ,"23340222855, GIRLS GHSS BEGAMGANJ",प्रतिभागी,शिक्षक
AT9516,Aamna Bee,Raisen,BEGAMGANJ,"23340222855, GIRLS GHSS BEGAMGANJ",प्रतिभागी,शिक्षक
AT9646,Sadhna Sharma,Raisen,BEGAMGANJ,"23340222855, GIRLS GHSS BEGAMGANJ",प्रतिभागी,शिक्षक
AU2296,Preeti Gour,Raisen,BEGAMGANJ,"23340222855, GIRLS GHSS BEGAMGANJ",प्रतिभागी,शिक्षक
BP9950,Dharmendra Sahu,Raisen,BEGAMGANJ,"23340217104, GHS PADARIYA RAJADHAR",प्रतिभागी,सीएसी
BY4053,Farha Parveen,Raisen,BEGAMGANJ,"23340222003, GHS TULSIPAR",प्रतिभागी,शिक्षक
AT5138,Arun Prakash Gupta,Raisen,BEGAMGANJ,"23340221104, GHSS SUNWAHA",प्रतिभागी,शिक्षक
AU2347,Meera Ray,Raisen,BEGAMGANJ,"23340221104, GHSS SUNWAHA",प्रतिभागी,शिक्षक
AT8497,Sahab Lal Jaget,Raisen,BEGAMGANJ,"23340220712, GHSS SULTANGANJ",प्रतिभागी,शिक्षक
BR9246,Bhagbati Ahirwar,Raisen,BEGAMGANJ,"23340220712, GHSS SULTANGANJ",प्रतिभागी,शिक्षक
BS5537,Hemant Kumar Vishwakarma,Raisen,GAIRATGANJ,"23340305126, GGHS GAIRATGANJ",प्रतिभागी,शिक्षक
CB1749,KAPIL PANDEY,Raisen,GAIRATGANJ,"23340305126, GGHS GAIRATGANJ",प्रतिभागी,शिक्षक
AU1151,Manoj Kumar Shrivastava,Raisen,GAIRATGANJ,"23340306210, GHSS HARDOT",प्रतिभागी,शिक्षक
9977070318,Sunil  Purvi ,Raisen,GAIRATGANJ,"23340306703, GHS HINOTIYA MAHALPUR",प्रतिभागी,शिक्षक
AT9908,Bharat Singh,Raisen,GAIRATGANJ,"23340306703, GHS HINOTIYA MAHALPUR",प्रतिभागी,शिक्षक
AU1520,Hari Shankar,Raisen,GAIRATGANJ,"23340313106, GHS RAMPURA KALA",प्रतिभागी,शिक्षक
BZ4072,Janak Singh Kushwash,Raisen,GAIRATGANJ,"23340313106, GHS RAMPURA KALA",प्रतिभागी,शिक्षक
AU1549,Suresh Kumar Jain,Raisen,GAIRATGANJ,"23340305127, GBHSS GAIRATGANJ",प्रतिभागी,शिक्षक
CB1762,RANU SAXENA,Raisen,GAIRATGANJ,"23340304118, GHSS DEHGAON",प्रतिभागी,शिक्षक
AT5095,Santosh Kumar Bamhorya,Raisen,OBEDULLAGANJ,"23340401505, GHS BAGASPUR",प्रतिभागी,शिक्षक
BF6365,Ramkumar Shrivastava,Raisen,OBEDULLAGANJ,"23340401505, GHS BAGASPUR",प्रतिभागी,शिक्षक
BQ3132,Reena Dubey,Raisen,OBEDULLAGANJ,"23340401505, GHS BAGASPUR",प्रतिभागी,शिक्षक
BW5832,Dharmendra Kumar Dhaker,Raisen,OBEDULLAGANJ,"23340401505, GHS BAGASPUR",प्रतिभागी,सीएसी
AT5050,Vaishali Trivedi,Raisen,OBEDULLAGANJ,"23340415954, BOYS HSS  MANDIDEEP",प्रतिभागी,शिक्षक
BS5941,Sourabh Soni,Raisen,OBEDULLAGANJ,"23340415954, BOYS HSS  MANDIDEEP",प्रतिभागी,शिक्षक
AT5061,Reeta Shrivastav,Raisen,OBEDULLAGANJ,"23340408817, BOYS HSS GOHARGANJ",प्रतिभागी,शिक्षक
AT7793,Khem Chand Rajput,Raisen,OBEDULLAGANJ,"23340408817, BOYS HSS GOHARGANJ",प्रतिभागी,शिक्षक
AF4147,Shraddha Sakalle,Raisen,OBEDULLAGANJ,"23340415955, GIRLS HSS  MANDIDEEP",प्रतिभागी,शिक्षक
AL9160,Sumitra Sahni,Raisen,OBEDULLAGANJ,"23340415955, GIRLS HSS  MANDIDEEP",प्रतिभागी,शिक्षक
AT4504,Kamod Singh Chouhan,Raisen,OBEDULLAGANJ,"23340415955, GIRLS HSS  MANDIDEEP",प्रतिभागी,शिक्षक
AT5070,Neeta Tiwari,Raisen,OBEDULLAGANJ,"23340415955, GIRLS HSS  MANDIDEEP",प्रतिभागी,शिक्षक
BP8861,Chanchal Singh,Raisen,OBEDULLAGANJ,"23340415955, GIRLS HSS  MANDIDEEP",प्रतिभागी,शिक्षक
BW1062,Swati Vaidya,Raisen,OBEDULLAGANJ,"23340415955, GIRLS HSS  MANDIDEEP",प्रतिभागी,शिक्षक
AU2718,Anita Lovanshi,Raisen,OBEDULLAGANJ,"23340408816, GIRLS HSS GOHARGANJ",प्रतिभागी,शिक्षक
AT4524,Sunil Kumar Shrivastava,Raisen,OBEDULLAGANJ,"23340424927, GIRLS HSS OBEDULLAGANJ",प्रतिभागी,शिक्षक
AT6824,Lata Sharma,Raisen,OBEDULLAGANJ,"23340424927, GIRLS HSS OBEDULLAGANJ",प्रतिभागी,शिक्षक
BR7276,Preeti Sahu,Raisen,OBEDULLAGANJ,"23340424927, GIRLS HSS OBEDULLAGANJ",प्रतिभागी,शिक्षक
BW8050,Ramani Atariya,Raisen,OBEDULLAGANJ,"23340424927, GIRLS HSS OBEDULLAGANJ",प्रतिभागी,शिक्षक
CD5267,SAPNA TIWARI,Raisen,OBEDULLAGANJ,"23340424927, GIRLS HSS OBEDULLAGANJ",प्रतिभागी,शिक्षक
AT6057,Seema Vyalsa,Raisen,OBEDULLAGANJ,"23340423609, GHS TAMOT",प्रतिभागी,शिक्षक
AU2717,Himmat Singh Rajput,Raisen,OBEDULLAGANJ,"23340423609, GHS TAMOT",प्रतिभागी,शिक्षक
AT7810,Revashankar Mehra,Raisen,OBEDULLAGANJ,"23340423226, GHSS SULTANPUR",प्रतिभागी,शिक्षक
AU2707,Ram Vati Imne,Raisen,OBEDULLAGANJ,"23340423226, GHSS SULTANPUR",प्रतिभागी,शिक्षक
BX7709,Poonam Sahu,Raisen,OBEDULLAGANJ,"23340424608, GHSS UMRAO GANJ",प्रतिभागी,शिक्षक
CC3017,DEEPTI MALVIYA,Raisen,OBEDULLAGANJ,"23340424608, GHSS UMRAO GANJ",प्रतिभागी,शिक्षक
AG4404,Atma Sharma,Raisen,OBEDULLAGANJ,"23340424926, BOYS HSS OBEDULLAGANJ",प्रतिभागी,अन्य
AT5032,Sunder Lal Barkhane,Raisen,OBEDULLAGANJ,"23340424926, BOYS HSS OBEDULLAGANJ",प्रतिभागी,शिक्षक
AT6346,Abhash Sharma,Raisen,OBEDULLAGANJ,"23340424926, BOYS HSS OBEDULLAGANJ",प्रतिभागी,शिक्षक
AU2721,Santosh Kumar Pandolia,Raisen,OBEDULLAGANJ,"23340424926, BOYS HSS OBEDULLAGANJ",प्रतिभागी,शिक्षक
BP6239,Ranjana Sharma,Raisen,OBEDULLAGANJ,"23340424926, BOYS HSS OBEDULLAGANJ",प्रतिभागी,शिक्षक
BQ2813,Swati Vyas,Raisen,OBEDULLAGANJ,"23340424926, BOYS HSS OBEDULLAGANJ",प्रतिभागी,शिक्षक
BS3014,Amita Upadhyay,Raisen,OBEDULLAGANJ,"23340424926, BOYS HSS OBEDULLAGANJ",प्रतिभागी,शिक्षक
BU2956,Aparna Vishnoi,Raisen,OBEDULLAGANJ,"23340424926, BOYS HSS OBEDULLAGANJ",प्रतिभागी,शिक्षक
AT5754,Upasna Dubey,Raisen,SANCHI,"23340518856, GIRLS HSS RAISEN",प्रतिभागी,शिक्षक
AU1006,Santosh Kumar Saxena,Raisen,SANCHI,"23340518856, GIRLS HSS RAISEN",प्रतिभागी,शिक्षक
BX2224,Pushpa Shakya,Raisen,SANCHI,"23340518856, GIRLS HSS RAISEN",प्रतिभागी,शिक्षक
BZ4925,Krishan Narayan,Raisen,SANCHI,"23340518856, GIRLS HSS RAISEN",प्रतिभागी,शिक्षक
CC7492,ABDUL SHAHID KHAN,Raisen,SANCHI,"23340518856, GIRLS HSS RAISEN",प्रतिभागी,शिक्षक
AT9483,Pandurang Dhoke,Raisen,SANCHI,"23340519812, GHSS SALAMATPUR",प्रतिभागी,शिक्षक
BQ3036,Neelam Katare,Raisen,SANCHI,"23340519812, GHSS SALAMATPUR",प्रतिभागी,शिक्षक
CA1234,Sapna Chouksey,Raisen,SANCHI,"23340519812, GHSS SALAMATPUR",प्रतिभागी,शिक्षक
BR5442,Zarrin Fatma,Raisen,SANCHI,"23340524006, GHSS KHARBAI",प्रतिभागी,शिक्षक
CB1782,BABITA SINGH,Raisen,SANCHI,"23340524006, GHSS KHARBAI",प्रतिभागी,शिक्षक
AY6286,Jamuna Panthi,Raisen,SANCHI,"23340517303, GHSS PAGNESHWAR",प्रतिभागी,शिक्षक
BM9432,Hira Lal Gohia,Raisen,SANCHI,"23340517303, GHSS PAGNESHWAR",प्रतिभागी,शिक्षक
BR6638,Neelam Dangi,Raisen,SANCHI,"23340517303, GHSS PAGNESHWAR",प्रतिभागी,शिक्षक
BU3234,Rajesh Kumar Kulshresth,Raisen,SANCHI,"23340517303, GHSS PAGNESHWAR",प्रतिभागी,शिक्षक
AT4849,Brajbhusan Tiwari,Raisen,SANCHI,"23340520009, GHSS SANCHET",प्रतिभागी,शिक्षक
BX3572,Dimpal Gupta,Raisen,SANCHI,"23340507508, GHSS DIWANGANJ",प्रतिभागी,शिक्षक
CD1010,DEEPALI POTDAR,Raisen,SANCHI,"23340507508, GHSS DIWANGANJ",प्रतिभागी,शिक्षक
AT8553,Najama Sultana,Raisen,SANCHI,"23340512305, GHS KHOHA",प्रतिभागी,शिक्षक
AU1731,Usha Raikwar,Raisen,SANCHI,"23340512305, GHS KHOHA",प्रतिभागी,शिक्षक
BF2429,Mukesh Kumar Vishwakarma,Raisen,SANCHI,"23340512305, GHS KHOHA",प्रतिभागी,शिक्षक
BT6168,Shabana Anjum,Raisen,SANCHI,"23340512305, GHS KHOHA",प्रतिभागी,शिक्षक
AU1863,Ashish Kumar Khare,Raisen,SANCHI,"23340502603, GHS BANKHEDI",प्रतिभागी,शिक्षक
AT2466,Shobha Balmeek,Raisen,SANCHI,"23340502509, GHSS BANGAWAN",प्रतिभागी,शिक्षक
AT9268,Bakelal Jaget,Raisen,SANCHI,"23340502509, GHSS BANGAWAN",प्रतिभागी,शिक्षक
AT8269,Dinesh Kumar Verma,Raisen,SANCHI,"23340515305, GHS MUREL KALA",प्रतिभागी,शिक्षक
BF1669,Sunil Kumar Gaur,Raisen,SANCHI,"23340515305, GHS MUREL KALA",प्रतिभागी,शिक्षक
BW7817,Satyeshwari Bisen,Raisen,SANCHI,"23340515305, GHS MUREL KALA",प्रतिभागी,शिक्षक
AU1583,Maya Singh,Raisen,SANCHI,"23340516208, GHS NARWAR",प्रतिभागी,शिक्षक
AU1981,Shakun Dhakad,Raisen,SANCHI,"23340516208, GHS NARWAR",प्रतिभागी,शिक्षक
BW7812,Neelam Shakya,Raisen,SANCHI,"23340516208, GHS NARWAR",प्रतिभागी,शिक्षक
AT4786,Shashimindar Singh,Raisen,SANCHI,"23340520119, GHSS SANCHI",प्रतिभागी,शिक्षक
AT4812,Mirza Suleman Baig,Raisen,SANCHI,"23340520119, GHSS SANCHI",प्रतिभागी,शिक्षक
AU1996,Luqman Khan,Raisen,SANCHI,"23340520119, GHSS SANCHI",प्रतिभागी,शिक्षक
AU2277,Rajneesh Kumar Samaiya,Raisen,SILWANI,"23340623738, BOYS HSS SILWANI",प्रतिभागी,शिक्षक
AU2654,Malti Rajouriya,Raisen,SILWANI,"23340623738, BOYS HSS SILWANI",प्रतिभागी,शिक्षक
BR2745,Santosh Kumar Bhallavi,Raisen,SILWANI,"23340623738, BOYS HSS SILWANI",प्रतिभागी,शिक्षक
AU2553,Pawan Raghuwanshi,Raisen,SILWANI,"23340623737, GGHSS SILWANI",प्रतिभागी,शिक्षक
BZ1274,Chintamani Lodhi,Raisen,SILWANI,"23340623737, GGHSS SILWANI",प्रतिभागी,शिक्षक
AU1824,Keshavprasad Lodhi,Raisen,SILWANI,"23340615504, GHS KIRATPUR",प्रतिभागी,शिक्षक
BU9162,Bhagwan Singh Rajak,Raisen,SILWANI,"23340615504, GHS KIRATPUR",प्रतिभागी,शिक्षक
AT9059,Ajaypradeepshah Shah,Raisen,SILWANI,"23340623310, GHS SIYARMAU",प्रतिभागी,शिक्षक
AU2247,Gomatee Thakur,Raisen,SILWANI,"23340623310, GHS SIYARMAU",प्रतिभागी,शिक्षक
AU2065,Jeetendra Raghuwanshi,Raisen,SILWANI,"23340624503, GHS SIYALWADA",प्रतिभागी,शिक्षक
AT9745,Imroze Jahan,Raisen,SILWANI,"23340621114, GHSS PRATAPGARH",प्रतिभागी,शिक्षक
AT9776,Phool Kumari Kujur,Raisen,SILWANI,"23340621114, GHSS PRATAPGARH",प्रतिभागी,शिक्षक
AU1805,Beerabal Ikke,Raisen,SILWANI,"23340622309, GHS SAIN KHEDA",प्रतिभागी,शिक्षक
BT3165,Kamlesh Sahu,Raisen,SILWANI,"23340622309, GHS SAIN KHEDA",प्रतिभागी,शिक्षक
AT9754,Laxman Singh,Raisen,SILWANI,"23340603704, GHSS CHAINPUR",प्रतिभागी,शिक्षक
AT6431,Gopal Das Gupta,Raisen,UDAIPURA,"23340704224, BOYS HSS DEORI",प्रतिभागी,शिक्षक
BT3334,Sanjeev Kumar Chourasiya,Raisen,UDAIPURA,"23340704224, BOYS HSS DEORI",प्रतिभागी,शिक्षक
BW1971,Neeta Thakre,Raisen,UDAIPURA,"23340704224, BOYS HSS DEORI",प्रतिभागी,शिक्षक
AT4910,Noor Mohammad,Raisen,UDAIPURA,"23340704223, GIRLS HSS DEORI",प्रतिभागी,शिक्षक
AT8758,Nisha Belwanshi,Raisen,UDAIPURA,"23340704223, GIRLS HSS DEORI",प्रतिभागी,शिक्षक
AT8915,Prite Raghuwanshi,Raisen,UDAIPURA,"23340704223, GIRLS HSS DEORI",प्रतिभागी,शिक्षक
BT5656,Indira Lodhi,Raisen,UDAIPURA,"23340715240, GIRLS HSS UDAIPURA",प्रतिभागी,शिक्षक
AT6448,Hakam Singh Lodhi,Raisen,UDAIPURA,"23340702605, GHS BINJHA",प्रतिभागी,शिक्षक
AT6473,Indranarayan Singh,Raisen,UDAIPURA,"23340702605, GHS BINJHA",प्रतिभागी,शिक्षक
AT6851,Sunila Bai,Raisen,UDAIPURA,"23340702605, GHS BINJHA",प्रतिभागी,शिक्षक
AT8765,Bahadur Singh Uikey,Raisen,UDAIPURA,"23340702605, GHS BINJHA",प्रतिभागी,शिक्षक
BY2343,Jaihind Singh Rajput,Raisen,UDAIPURA,"23340708005, GHS KELKACHH",प्रतिभागी,सीएसी
BR2762,Sandhya Raghuwanshi,Raisen,UDAIPURA,"23340711308, GHS NOORNAGAR",प्रतिभागी,शिक्षक
BY7130,Yogendra Kumar Choudhari,Raisen,UDAIPURA,"23340700207, GHS ALIWADA",प्रतिभागी,शिक्षक
AT6464,Gokul Prasad Lodhi,Raisen,UDAIPURA,"23340715004, GHSS THALA DIGHAWAN",प्रतिभागी,शिक्षक
AT7648,Radhavallabh Shukla,Raisen,UDAIPURA,"23340715004, GHSS THALA DIGHAWAN",प्रतिभागी,शिक्षक
AT8773,Dwarka Prasad Lodhi,Raisen,UDAIPURA,"23340715004, GHSS THALA DIGHAWAN",प्रतिभागी,शिक्षक
AT6020,Sandeep Kumar Pathak,Raisen,UDAIPURA,"23340715239, BOYS HSS UDAIPURA",प्रतिभागी,शिक्षक
AT6033,Darshan Singh,Raisen,UDAIPURA,"23340715239, BOYS HSS UDAIPURA",प्रतिभागी,शिक्षक
AT6801,ELIZABETH TIRKEY,Raisen,UDAIPURA,"23340715239, BOYS HSS UDAIPURA",प्रतिभागी,शिक्षक
BR2765,Kamlesh Singh Raghuwanshi,Raisen,UDAIPURA,"23340715239, BOYS HSS UDAIPURA",प्रतिभागी,शिक्षक
CB1072,KAILESH AHIRWAR,Raisen,UDAIPURA,"23340715239, BOYS HSS UDAIPURA",प्रतिभागी,शिक्षक
AU5694,Rajesh Kumar Meena,Rajgarh,BIAORA,"23300216310, GOVT.HSS LAKHANWAS",प्रतिभागी,शिक्षक
AU5767,Masood Khan,Rajgarh,BIAORA,"23300216310, GOVT.HSS LAKHANWAS",प्रतिभागी,शिक्षक
AU6580,Banwari Lal Sharma,Rajgarh,BIAORA,"23300216310, GOVT.HSS LAKHANWAS",प्रतिभागी,शिक्षक
BY5946,Deepak Kalakar,Rajgarh,BIAORA,"23300216310, GOVT.HSS LAKHANWAS",प्रतिभागी,शिक्षक
AU4534,Rajpal Singh Rathour,Rajgarh,BIAORA,"23300209008, GOVT.HS GINDORHAT",प्रतिभागी,शिक्षक
AU4574,Omprakash Sharma,Rajgarh,BIAORA,"23300209008, GOVT.HS GINDORHAT",प्रतिभागी,शिक्षक
AU7551,Rambabu Pushpad,Rajgarh,BIAORA,"23300209008, GOVT.HS GINDORHAT",प्रतिभागी,शिक्षक
AU9962,Virendra Kumar Meher,Rajgarh,BIAORA,"23300209008, GOVT.HS GINDORHAT",प्रतिभागी,शिक्षक
BZ6190,Manish Kumar,Rajgarh,BIAORA,"23300209008, GOVT.HS GINDORHAT",प्रतिभागी,शिक्षक
AA4419,Rameshwar Singh Meena,Rajgarh,BIAORA,"23300227215, GOVT.HS TODI",प्रतिभागी,शिक्षक
AU5804,Kantaprasad Lovewanshi,Rajgarh,BIAORA,"23300227215, GOVT.HS TODI",प्रतिभागी,शिक्षक
AU5849,Radheshyam Sharma,Rajgarh,BIAORA,"23300227215, GOVT.HS TODI",प्रतिभागी,शिक्षक
AU6735,Narayanprasad Khataniya,Rajgarh,BIAORA,"23300227215, GOVT.HS TODI",प्रतिभागी,शिक्षक
BR4618,Prashant Kumar Soni,Rajgarh,BIAORA,"23300227215, GOVT.HS TODI",प्रतिभागी,शिक्षक
CB1809,DINESH LOVEVANSHI,Rajgarh,BIAORA,"23300227215, GOVT.HS TODI",प्रतिभागी,शिक्षक
AU3631,Sarjan Singh Gurjar,Rajgarh,BIAORA,"23300203904, GOVT.HS BARWAN KALAN",प्रतिभागी,शिक्षक
AU3828,Banwarilal Shivhare,Rajgarh,BIAORA,"23300203904, GOVT.HS BARWAN KALAN",प्रतिभागी,शिक्षक
AU6982,Ramkala Bai Dangi,Rajgarh,BIAORA,"23300203904, GOVT.HS BARWAN KALAN",प्रतिभागी,शिक्षक
BT1776,Kiran Patil,Rajgarh,BIAORA,"23300203904, GOVT.HS BARWAN KALAN",प्रतिभागी,शिक्षक
AA8494,Krishna Murari Meena,Rajgarh,BIAORA,"23300227869, GOVT.HSS GIRLS BIAORA",प्रतिभागी,शिक्षक
AU3061,Deepa Sharma,Rajgarh,BIAORA,"23300227869, GOVT.HSS GIRLS BIAORA",प्रतिभागी,शिक्षक
BW3509,Lalit Pushpad,Rajgarh,BIAORA,"23300227869, GOVT.HSS GIRLS BIAORA",प्रतिभागी,शिक्षक
CA6833,NEELESH RAJPUT,Rajgarh,BIAORA,"23300227869, GOVT.HSS GIRLS BIAORA",प्रतिभागी,अन्य
AK4482,Neetu Sharma,Rajgarh,BIAORA,"23300227868, GOVT.HSS EXCELLENCE BIAORA",प्रतिभागी,शिक्षक
AU3582,Jayashree Sharma,Rajgarh,BIAORA,"23300227868, GOVT.HSS EXCELLENCE BIAORA",प्रतिभागी,शिक्षक
AU3848,Sunil Saxena,Rajgarh,BIAORA,"23300227868, GOVT.HSS EXCELLENCE BIAORA",प्रतिभागी,शिक्षक
AU5296,Kiran Sen Gujrati,Rajgarh,BIAORA,"23300227868, GOVT.HSS EXCELLENCE BIAORA",प्रतिभागी,शिक्षक
AU6314,Meenakshi Saxena,Rajgarh,BIAORA,"23300227868, GOVT.HSS EXCELLENCE BIAORA",प्रतिभागी,शिक्षक
BN2368,Anjana Thakur,Rajgarh,BIAORA,"23300227868, GOVT.HSS EXCELLENCE BIAORA",प्रतिभागी,शिक्षक
BQ4337,Satish Verma,Rajgarh,BIAORA,"23300227868, GOVT.HSS EXCELLENCE BIAORA",प्रतिभागी,शिक्षक
AU3259,Shyam Babu Saxena,Rajgarh,BIAORA,"23300217610, GOVT.HSS MALAWAR",प्रतिभागी,शिक्षक
AU3873,Badrilal Dangi,Rajgarh,BIAORA,"23300217610, GOVT.HSS MALAWAR",प्रतिभागी,शिक्षक
AU9126,Kailash Suman,Rajgarh,BIAORA,"23300217610, GOVT.HSS MALAWAR",प्रतिभागी,सीएसी
AU9128,Vinod Kumar Agrawal,Rajgarh,BIAORA,"23300217610, GOVT.HSS MALAWAR",प्रतिभागी,शिक्षक
BV2370,Jagdish Prasad Suman,Rajgarh,BIAORA,"23300217610, GOVT.HSS MALAWAR",प्रतिभागी,शिक्षक
AU8141,Vikas Saxena,Rajgarh,BIAORA,"23300227927, GOVT.HSS BOYS SUTHALIYA",प्रतिभागी,शिक्षक
AU8142,Komal Saxena,Rajgarh,BIAORA,"23300227927, GOVT.HSS BOYS SUTHALIYA",प्रतिभागी,शिक्षक
AU8194,Ram Lal Shakya,Rajgarh,BIAORA,"23300227927, GOVT.HSS BOYS SUTHALIYA",प्रतिभागी,शिक्षक
AU8259,Ram Babu Mogiya,Rajgarh,BIAORA,"23300227927, GOVT.HSS BOYS SUTHALIYA",प्रतिभागी,शिक्षक
AU8263,Om Prakash Sharma,Rajgarh,BIAORA,"23300227927, GOVT.HSS BOYS SUTHALIYA",प्रतिभागी,शिक्षक
BW1832,Hansraj Namdev,Rajgarh,BIAORA,"23300227927, GOVT.HSS BOYS SUTHALIYA",प्रतिभागी,शिक्षक
BZ7584,Dayal Singh Panwar,Rajgarh,BIAORA,"23300227927, GOVT.HSS BOYS SUTHALIYA",प्रतिभागी,शिक्षक
CB9960,RAJU SOUNDHIYA,Rajgarh,BIAORA,"23300227927, GOVT.HSS BOYS SUTHALIYA",प्रतिभागी,शिक्षक
AU3793,Dharmendra Dubey,Rajgarh,BIAORA,"23300227867, GOVT.HS RAJGARH ROAD BIAORA",प्रतिभागी,शिक्षक
BQ5717,Ranglal Dangi,Rajgarh,BIAORA,"23300227867, GOVT.HS RAJGARH ROAD BIAORA",प्रतिभागी,शिक्षक
AU3899,Omprakash Dangi,Rajgarh,BIAORA,"23300213804, GOVT.HSS KHAJURIYA",प्रतिभागी,शिक्षक
AU3902,Kelashchandra Telar,Rajgarh,BIAORA,"23300213804, GOVT.HSS KHAJURIYA",प्रतिभागी,शिक्षक
AU6197,Rambabu Dangi,Rajgarh,BIAORA,"23300213804, GOVT.HSS KHAJURIYA",प्रतिभागी,शिक्षक
AU8166,Hemant Singh Chouhan,Rajgarh,BIAORA,"23300213804, GOVT.HSS KHAJURIYA",प्रतिभागी,शिक्षक
BN7769,Badrilal Dangi,Rajgarh,BIAORA,"23300213804, GOVT.HSS KHAJURIYA",प्रतिभागी,शिक्षक
AU8617,Babita Sisodiya,Rajgarh,BIAORA,"23300205405, GOVT.HSS BHILWADIYA",प्रतिभागी,शिक्षक
AU5099,Sanjay Kumar Dangi,Rajgarh,KHILCHIPUR,"23300504408, GOVT.HSS BIAORA KALAN",प्रतिभागी,शिक्षक
AU3474,Bhagwat Singh Parmar,Rajgarh,KHILCHIPUR,"23300531721, GOVT.HSS GIRLS CHAPIHEDA",प्रतिभागी,शिक्षक
AU4204,Ashok Kumar Sharma,Rajgarh,KHILCHIPUR,"23300531721, GOVT.HSS GIRLS CHAPIHEDA",प्रतिभागी,शिक्षक
AU4235,Gowardhanlal Dangi,Rajgarh,KHILCHIPUR,"23300531721, GOVT.HSS GIRLS CHAPIHEDA",प्रतिभागी,शिक्षक
AU4328,Govind Agrawal,Rajgarh,KHILCHIPUR,"23300531721, GOVT.HSS GIRLS CHAPIHEDA",प्रतिभागी,शिक्षक
AU5166,Kanwarlal Dangi,Rajgarh,KHILCHIPUR,"23300531721, GOVT.HSS GIRLS CHAPIHEDA",प्रतिभागी,शिक्षक
BS4541,Sunil Kumar Bhamee,Rajgarh,KHILCHIPUR,"23300531721, GOVT.HSS GIRLS CHAPIHEDA",प्रतिभागी,शिक्षक
BU2798,Ramprasad Dangi,Rajgarh,KHILCHIPUR,"23300531721, GOVT.HSS GIRLS CHAPIHEDA",प्रतिभागी,शिक्षक
BX4354,Rodi Lal,Rajgarh,KHILCHIPUR,"23300531721, GOVT.HSS GIRLS CHAPIHEDA",प्रतिभागी,शिक्षक
AU4312,Kamlesh Kumar Gour,Rajgarh,KHILCHIPUR,"23300518205, GOVT.HS KULIKHEDA",प्रतिभागी,शिक्षक
BS1997,Kaluram Verma,Rajgarh,KHILCHIPUR,"23300518205, GOVT.HS KULIKHEDA",प्रतिभागी,शिक्षक
BT9760,Ramcharan Dangi,Rajgarh,KHILCHIPUR,"23300504207, GOVT.HSS BHOJPUR",प्रतिभागी,शिक्षक
BS9713,Harjiram Meghval,Rajgarh,KHILCHIPUR,"23300516303, GOVT.HS KHAJLI",प्रतिभागी,शिक्षक
BW1465,Kushal Singh Dangi,Rajgarh,KHILCHIPUR,"23300516303, GOVT.HS KHAJLI",प्रतिभागी,शिक्षक
AV1004,Kusum Sharma,Rajgarh,KHILCHIPUR,"23300523206, GOVT.HSS PAPDEL",प्रतिभागी,शिक्षक
AV1450,Ghanshyam Chouhan,Rajgarh,KHILCHIPUR,"23300523206, GOVT.HSS PAPDEL",प्रतिभागी,शिक्षक
CD3012,KOMAL CARPENTAR,Rajgarh,KHILCHIPUR,"23300523206, GOVT.HSS PAPDEL",प्रतिभागी,शिक्षक
AV1315,Girish Kumar Sharma,Rajgarh,KHILCHIPUR,"23300531637, GOVT.HSS EXCELLENCE KHILCHIPUR",प्रतिभागी,शिक्षक
AV1616,Jyoti Sharma,Rajgarh,KHILCHIPUR,"23300531637, GOVT.HSS EXCELLENCE KHILCHIPUR",प्रतिभागी,शिक्षक
AV1638,Naseem Qureshi,Rajgarh,KHILCHIPUR,"23300531637, GOVT.HSS EXCELLENCE KHILCHIPUR",प्रतिभागी,शिक्षक
AU4322,Brajbala Bairagi,Rajgarh,KHILCHIPUR,"23300531638, GOVT.HSS GIRLS KHILCHIPUR",प्रतिभागी,शिक्षक
AU5044,Shrinath Dangi,Rajgarh,KHILCHIPUR,"23300531638, GOVT.HSS GIRLS KHILCHIPUR",प्रतिभागी,शिक्षक
AU5114,Rakesh Kumar Sharma,Rajgarh,KHILCHIPUR,"23300531638, GOVT.HSS GIRLS KHILCHIPUR",प्रतिभागी,शिक्षक
AV1121,Gangaram Dangi,Rajgarh,KHILCHIPUR,"23300531638, GOVT.HSS GIRLS KHILCHIPUR",प्रतिभागी,शिक्षक
AV1228,Rakesh Kumar Mewade,Rajgarh,KHILCHIPUR,"23300531638, GOVT.HSS GIRLS KHILCHIPUR",प्रतिभागी,शिक्षक
AV1590,Shrimati Savitri Pareek,Rajgarh,KHILCHIPUR,"23300531638, GOVT.HSS GIRLS KHILCHIPUR",प्रतिभागी,शिक्षक
AV1596,Rekha Jogi,Rajgarh,KHILCHIPUR,"23300531638, GOVT.HSS GIRLS KHILCHIPUR",प्रतिभागी,शिक्षक
AU5193,Udit Narayan Samadhiya,Rajgarh,KHILCHIPUR,"23300527903, GOVT.HS SADIYA KUWAN",प्रतिभागी,शिक्षक
AV1168,Narendra Kumar Soni,Rajgarh,KHILCHIPUR,"23300527903, GOVT.HS SADIYA KUWAN",प्रतिभागी,शिक्षक
AV1371,Kamal Singh Chouhan,Rajgarh,KHILCHIPUR,"23300527903, GOVT.HS SADIYA KUWAN",प्रतिभागी,शिक्षक
AV1376,Bhanu Prakash Singh Rathore,Rajgarh,KHILCHIPUR,"23300527903, GOVT.HS SADIYA KUWAN",प्रतिभागी,शिक्षक
AV1461,Anil Pancholi,Rajgarh,KHILCHIPUR,"23300527903, GOVT.HS SADIYA KUWAN",प्रतिभागी,शिक्षक
BZ3280,Santosh Kumar Soni,Rajgarh,KHILCHIPUR,"23300527903, GOVT.HS SADIYA KUWAN",प्रतिभागी,शिक्षक
AU5136,Rambabu Sharma,Rajgarh,KHILCHIPUR,"23300508104, GOVT.HS DHABLI KALAN",प्रतिभागी,शिक्षक
AV1446,Seema Mewade,Rajgarh,KHILCHIPUR,"23300508104, GOVT.HS DHABLI KALAN",प्रतिभागी,शिक्षक
AV1675,Banwarilal Sharma,Rajgarh,KHILCHIPUR,"23300508104, GOVT.HS DHABLI KALAN",प्रतिभागी,शिक्षक
BY7661,Rajendra Singh Khichi,Rajgarh,KHILCHIPUR,"23300508104, GOVT.HS DHABLI KALAN",प्रतिभागी,शिक्षक
AU2789,Kamlesh Gupta,Rajgarh,KHILCHIPUR,"23300513910, GOVT.HSS JAITPURA KALAN",प्रतिभागी,शिक्षक
AV1622,Sana Khan,Rajgarh,KHILCHIPUR,"23300513910, GOVT.HSS JAITPURA KALAN",प्रतिभागी,शिक्षक
BZ7673,Mukesh Kumar Karpentar,Rajgarh,KHILCHIPUR,"23300513910, GOVT.HSS JAITPURA KALAN",प्रतिभागी,शिक्षक
AV1046,Rambabu Dangi,Rajgarh,KHILCHIPUR,"23300524107, GOVT.HSS PIPLIYA KALAN",प्रतिभागी,शिक्षक
AV1240,Rajendra Prasad Soni,Rajgarh,KHILCHIPUR,"23300524107, GOVT.HSS PIPLIYA KALAN",प्रतिभागी,शिक्षक
AU3703,Ramesh Chandra Kumhar,Rajgarh,NARSINGHGARH,"23300331901, GOVT.HSS EXCELLENCE  NARSINGHGARH",प्रतिभागी,शिक्षक
AU6232,Padmeshwari Bamniya,Rajgarh,NARSINGHGARH,"23300331901, GOVT.HSS EXCELLENCE  NARSINGHGARH",प्रतिभागी,शिक्षक
AU6596,Preeti Sahu,Rajgarh,NARSINGHGARH,"23300331901, GOVT.HSS EXCELLENCE  NARSINGHGARH",प्रतिभागी,शिक्षक
AZ9363,Meena Yadav,Rajgarh,NARSINGHGARH,"23300331902, GOVT.HSS GIRLS NARSINGHGARH",प्रतिभागी,शिक्षक
BQ2811,Kavita Verma,Rajgarh,NARSINGHGARH,"23300331902, GOVT.HSS GIRLS NARSINGHGARH",प्रतिभागी,शिक्षक
AU5586,Bharat Singh Meena,Rajgarh,NARSINGHGARH,"23300317643, GOVT.HSS KURAWAR",प्रतिभागी,शिक्षक
AU5696,Mukesh Kumar Satawan,Rajgarh,NARSINGHGARH,"23300317643, GOVT.HSS KURAWAR",प्रतिभागी,शिक्षक
AU6321,Rajendra Singh Dangi,Rajgarh,NARSINGHGARH,"23300317643, GOVT.HSS KURAWAR",प्रतिभागी,शिक्षक
BW1921,Vinod Patidar,Rajgarh,NARSINGHGARH,"23300317643, GOVT.HSS KURAWAR",प्रतिभागी,शिक्षक
BW2049,Shivendra Singh,Rajgarh,NARSINGHGARH,"23300317643, GOVT.HSS KURAWAR",प्रतिभागी,शिक्षक
BX5867,Raj Kumar Patidar,Rajgarh,NARSINGHGARH,"23300317643, GOVT.HSS KURAWAR",प्रतिभागी,शिक्षक
AU8472,Prem Singh Parmar,Rajgarh,NARSINGHGARH,"23300330335, GOVT.HSS BODA",प्रतिभागी,शिक्षक
BW1648,Ramesh Chandra Rajput,Rajgarh,NARSINGHGARH,"23300330335, GOVT.HSS BODA",प्रतिभागी,शिक्षक
AU6122,Deendayal Jat,Rajgarh,NARSINGHGARH,"23300305206, GOVT.HSS BHENSANA",प्रतिभागी,शिक्षक
AU8396,Anil Kumar Beck,Rajgarh,NARSINGHGARH,"23300330524, GOVT.HSS TALEN",प्रतिभागी,शिक्षक
BU6539,Santosh Kumar Yadav,Rajgarh,NARSINGHGARH,"23300330524, GOVT.HSS TALEN",प्रतिभागी,शिक्षक
AU6079,Naval Singh Pachwarya,Rajgarh,NARSINGHGARH,"23300319410, GOVT.HSS MANDAWAR",प्रतिभागी,शिक्षक
AU6117,Yogesh Raikwar,Rajgarh,NARSINGHGARH,"23300319410, GOVT.HSS MANDAWAR",प्रतिभागी,शिक्षक
AU6179,Narayan Singh Ruhela,Rajgarh,NARSINGHGARH,"23300319410, GOVT.HSS MANDAWAR",प्रतिभागी,शिक्षक
AU9515,Bharat Singh Ruhela,Rajgarh,NARSINGHGARH,"23300319410, GOVT.HSS MANDAWAR",प्रतिभागी,शिक्षक
CD7612,ANKIT SHARMA,Rajgarh,NARSINGHGARH,"23300319410, GOVT.HSS MANDAWAR",प्रतिभागी,शिक्षक
BU3995,Premnarayan Rajput,Rajgarh,NARSINGHGARH,"23300312718, GOVT.HSS IKLERA",प्रतिभागी,शिक्षक
CB2536,RAMBABU RAJPUT,Rajgarh,NARSINGHGARH,"23300312718, GOVT.HSS IKLERA",प्रतिभागी,शिक्षक
CE1616,MANGI MOGIYA,Rajgarh,NARSINGHGARH,"23300312718, GOVT.HSS IKLERA",प्रतिभागी,शिक्षक
7879599373,Pooja Umath   ,Rajgarh,NARSINGHGARH,"23300304609, GOVT.HS BERASIYA",प्रतिभागी,शिक्षक
8817499141,Hariom  Yadav ,Rajgarh,NARSINGHGARH,"23300304609, GOVT.HS BERASIYA",प्रतिभागी,शिक्षक
8959899459,Rakesh Meena   ,Rajgarh,NARSINGHGARH,"23300304609, GOVT.HS BERASIYA",प्रतिभागी,शिक्षक
9926414769,Jitendra Singh Makwana ,Rajgarh,NARSINGHGARH,"23300304609, GOVT.HS BERASIYA",प्रतिभागी,शिक्षक
AU3309,Archana Gurjar,Rajgarh,NARSINGHGARH,"23300304609, GOVT.HS BERASIYA",प्रतिभागी,शिक्षक
AU4800,Hemraj Malviya,Rajgarh,NARSINGHGARH,"23300304609, GOVT.HS BERASIYA",प्रतिभागी,शिक्षक
7049691684,Geeta  Dangi ,Rajgarh,NARSINGHGARH,"23300300804, GOVT.HS AANDALHEDA",प्रतिभागी,अन्य
AU5006,Suresh Kumar Dangi,Rajgarh,NARSINGHGARH,"23300300804, GOVT.HS AANDALHEDA",प्रतिभागी,शिक्षक
AU9415,Dimpal Tomar,Rajgarh,NARSINGHGARH,"23300300804, GOVT.HS AANDALHEDA",प्रतिभागी,शिक्षक
AU9416,Daulataram Yadav,Rajgarh,NARSINGHGARH,"23300300804, GOVT.HS AANDALHEDA",प्रतिभागी,शिक्षक
BQ5343,Sakshi Pareek,Rajgarh,NARSINGHGARH,"23300300804, GOVT.HS AANDALHEDA",प्रतिभागी,शिक्षक
AU5593,SEEMA JAIN,Rajgarh,NARSINGHGARH,"23300313005, GOVT.HSS JAMUNIYA GOP CHOUHAN",प्रतिभागी,शिक्षक
AU6451,Sukirti Saxena,Rajgarh,NARSINGHGARH,"23300313005, GOVT.HSS JAMUNIYA GOP CHOUHAN",प्रतिभागी,शिक्षक
AU9389,Sunita Nagar,Rajgarh,NARSINGHGARH,"23300313005, GOVT.HSS JAMUNIYA GOP CHOUHAN",प्रतिभागी,शिक्षक
BQ4803,Sunil Sharma,Rajgarh,NARSINGHGARH,"23300313005, GOVT.HSS JAMUNIYA GOP CHOUHAN",प्रतिभागी,शिक्षक
AU4760,Ghanshyam Sharma,Rajgarh,NARSINGHGARH,"23300324510, GOVT.HS PEELU KHEDI",प्रतिभागी,शिक्षक
AU5726,Muhi Uddin Ansari,Rajgarh,NARSINGHGARH,"23300324510, GOVT.HS PEELU KHEDI",प्रतिभागी,शिक्षक
AU9751,Kirti Kumar Sharma,Rajgarh,NARSINGHGARH,"23300324510, GOVT.HS PEELU KHEDI",प्रतिभागी,शिक्षक
AU4748,Amarat Lal Dugariya,Rajgarh,NARSINGHGARH,"23300313708, GOVT.HSS JHADLA",प्रतिभागी,शिक्षक
BR1385,Nikesh Parihar,Rajgarh,NARSINGHGARH,"23300313708, GOVT.HSS JHADLA",प्रतिभागी,शिक्षक
BW1624,Makhan Lal,Rajgarh,NARSINGHGARH,"23300313708, GOVT.HSS JHADLA",प्रतिभागी,शिक्षक
BY9500,Shyam Babu,Rajgarh,NARSINGHGARH,"23300313708, GOVT.HSS JHADLA",प्रतिभागी,शिक्षक
AU3977,Pappu Bhilala,Rajgarh,NARSINGHGARH,"23300325309, GOVT.HS PIPLIYA RASODA",प्रतिभागी,शिक्षक
AU4094,Gokul Prasad Suryvanshi,Rajgarh,NARSINGHGARH,"23300325309, GOVT.HS PIPLIYA RASODA",प्रतिभागी,शिक्षक
AU4110,Dinesh Singh Bagdi,Rajgarh,NARSINGHGARH,"23300325309, GOVT.HS PIPLIYA RASODA",प्रतिभागी,शिक्षक
AU6746,Mukesh Kumar Sharma,Rajgarh,NARSINGHGARH,"23300325309, GOVT.HS PIPLIYA RASODA",प्रतिभागी,शिक्षक
CD8265,HARSHIT SAXENA,Rajgarh,NARSINGHGARH,"23300325309, GOVT.HS PIPLIYA RASODA",प्रतिभागी,शिक्षक
CD8267,DHARAMRAJ PATIDAR,Rajgarh,NARSINGHGARH,"23300325309, GOVT.HS PIPLIYA RASODA",प्रतिभागी,शिक्षक
AU4044,Gheesa Lal Verma,Rajgarh,NARSINGHGARH,"23300330523, GOVT.HS GIRLS TALEN",प्रतिभागी,शिक्षक
AU4684,Rajendra Prasad Sharma,Rajgarh,NARSINGHGARH,"23300330523, GOVT.HS GIRLS TALEN",प्रतिभागी,शिक्षक
AU8341,Vikram Singh,Rajgarh,NARSINGHGARH,"23300330523, GOVT.HS GIRLS TALEN",प्रतिभागी,शिक्षक
AZ8129,Vinod Kumar Sharma,Rajgarh,NARSINGHGARH,"23300330523, GOVT.HS GIRLS TALEN",प्रतिभागी,शिक्षक
BU7328,Mukesh Kumar Chawda,Rajgarh,NARSINGHGARH,"23300330523, GOVT.HS GIRLS TALEN",प्रतिभागी,शिक्षक
BW2047,Rashmi Parik,Rajgarh,NARSINGHGARH,"23300330523, GOVT.HS GIRLS TALEN",प्रतिभागी,शिक्षक
AU7186,Vijay Kumar Nagar,Rajgarh,RAJGARH,"23300138302, GOVT.HSS BOYS RAJGARH",प्रतिभागी,शिक्षक
AU9729,Seema Shaikh,Rajgarh,RAJGARH,"23300138302, GOVT.HSS BOYS RAJGARH",प्रतिभागी,शिक्षक
BS6365,Mamta Malviya,Rajgarh,RAJGARH,"23300138302, GOVT.HSS BOYS RAJGARH",प्रतिभागी,शिक्षक
CB6593,KARISHMA MEGHWAL,Rajgarh,RAJGARH,"23300138302, GOVT.HSS BOYS RAJGARH",प्रतिभागी,शिक्षक
AU3033,Mamta Verma,Rajgarh,RAJGARH,"23300135904, GOVT HS SAREDI",प्रतिभागी,शिक्षक
AU7188,Rajesh Kumar Sharma,Rajgarh,RAJGARH,"23300135904, GOVT HS SAREDI",प्रतिभागी,शिक्षक
AU7632,Gaytri Pushpad,Rajgarh,RAJGARH,"23300135904, GOVT HS SAREDI",प्रतिभागी,शिक्षक
AU7683,Suresh Khatnavalia,Rajgarh,RAJGARH,"23300135904, GOVT HS SAREDI",प्रतिभागी,शिक्षक
AU7703,Mangilal Verma,Rajgarh,RAJGARH,"23300135904, GOVT HS SAREDI",प्रतिभागी,शिक्षक
AU7706,Bhagvan Singh,Rajgarh,RAJGARH,"23300135904, GOVT HS SAREDI",प्रतिभागी,शिक्षक
AU5307,Ramswarup Sharma,Rajgarh,RAJGARH,"23300137920, GOVT.HSS GIRLS KHUJNER",प्रतिभागी,शिक्षक
AU5345,Mangla Bai,Rajgarh,RAJGARH,"23300137920, GOVT.HSS GIRLS KHUJNER",प्रतिभागी,शिक्षक
AU5511,Devendra Kumar Nagar,Rajgarh,RAJGARH,"23300137920, GOVT.HSS GIRLS KHUJNER",प्रतिभागी,शिक्षक
BU7154,Vishnu Prasad Kushwah,Rajgarh,RAJGARH,"23300137920, GOVT.HSS GIRLS KHUJNER",प्रतिभागी,शिक्षक
BY8671,Jitendra Kumar Sen,Rajgarh,RAJGARH,"23300137920, GOVT.HSS GIRLS KHUJNER",प्रतिभागी,शिक्षक
AU4418,Shailendra Kumar Namdev,Rajgarh,RAJGARH,"23300138503, GOVT.HSS GIRLS RAJGARH",प्रतिभागी,शिक्षक
AU7202,Reena Vijayvergiya,Rajgarh,RAJGARH,"23300138503, GOVT.HSS GIRLS RAJGARH",प्रतिभागी,शिक्षक
AU7362,Vijay Kumar Bhadrawale,Rajgarh,RAJGARH,"23300138503, GOVT.HSS GIRLS RAJGARH",प्रतिभागी,शिक्षक
AU7412,Bharat Gupta,Rajgarh,RAJGARH,"23300138503, GOVT.HSS GIRLS RAJGARH",प्रतिभागी,शिक्षक
AU7718,Jyoti Sahu,Rajgarh,RAJGARH,"23300138503, GOVT.HSS GIRLS RAJGARH",प्रतिभागी,शिक्षक
BW1458,Rajendra Singh Bhati,Rajgarh,RAJGARH,"23300138503, GOVT.HSS GIRLS RAJGARH",प्रतिभागी,शिक्षक
AU7511,Nahid Khan,Rajgarh,RAJGARH,"23300101703, GOVT.HS BAGA",प्रतिभागी,शिक्षक
AU7685,Rajaram Piplotia,Rajgarh,RAJGARH,"23300101703, GOVT.HS BAGA",प्रतिभागी,शिक्षक
BU5270,Lalit Kumar Naroliya,Rajgarh,RAJGARH,"23300101703, GOVT.HS BAGA",प्रतिभागी,शिक्षक
BW1463,Ram Krishna Varma,Rajgarh,RAJGARH,"23300101703, GOVT.HS BAGA",प्रतिभागी,शिक्षक
AU2793,Ratan Lal Sondhiya,Rajgarh,RAJGARH,"23300120204, GOVT.HS KEELKHEDA",प्रतिभागी,शिक्षक
AU2807,Kamlesh Kumar Sharma,Rajgarh,RAJGARH,"23300120204, GOVT.HS KEELKHEDA",प्रतिभागी,शिक्षक
BW4649,Mahesh Kumar Yadav,Rajgarh,RAJGARH,"23300120204, GOVT.HS KEELKHEDA",प्रतिभागी,शिक्षक
CC3779,MAKHAN YADAV,Rajgarh,RAJGARH,"23300120204, GOVT.HS KEELKHEDA",प्रतिभागी,शिक्षक
AU5138,Priyanka Bhatt,Rajgarh,RAJGARH,"23300121411, GOVT.HSS KAREDI",प्रतिभागी,शिक्षक
AU5389,Himmat Singh Chouhan,Rajgarh,RAJGARH,"23300121411, GOVT.HSS KAREDI",प्रतिभागी,शिक्षक
AU7310,Satish Kumar Dubey,Rajgarh,RAJGARH,"23300121411, GOVT.HSS KAREDI",प्रतिभागी,शिक्षक
AU7538,Jagdish Verma,Rajgarh,RAJGARH,"23300121411, GOVT.HSS KAREDI",प्रतिभागी,शिक्षक
AU7701,Kamlesh Pancholi,Rajgarh,RAJGARH,"23300121411, GOVT.HSS KAREDI",प्रतिभागी,शिक्षक
BP3529,Sarika Parik,Rajgarh,RAJGARH,"23300121411, GOVT.HSS KAREDI",प्रतिभागी,शिक्षक
BS3951,Ranjita Mewade,Rajgarh,RAJGARH,"23300121411, GOVT.HSS KAREDI",प्रतिभागी,शिक्षक
BV7629,Rajendr Singh Khichi,Rajgarh,RAJGARH,"23300121411, GOVT.HSS KAREDI",प्रतिभागी,शिक्षक
AU4927,Ram Singh,Rajgarh,RAJGARH,"23300120403, GOVT.HSS KILA AMARGARH",प्रतिभागी,शिक्षक
AU4958,Gokul Prasad Malviya,Rajgarh,RAJGARH,"23300120403, GOVT.HSS KILA AMARGARH",प्रतिभागी,शिक्षक
AU4977,Devraj Verma,Rajgarh,RAJGARH,"23300120403, GOVT.HSS KILA AMARGARH",प्रतिभागी,शिक्षक
AU4978,Shivraj Singh Bhadoriya,Rajgarh,RAJGARH,"23300120403, GOVT.HSS KILA AMARGARH",प्रतिभागी,शिक्षक
BW5851,Devraj Dangi,Rajgarh,RAJGARH,"23300120403, GOVT.HSS KILA AMARGARH",प्रतिभागी,शिक्षक
AU5718,Shyam Sundar Sitpara,Rajgarh,RAJGARH,"23300108803, GOVT.HS DEHRINATH",प्रतिभागी,शिक्षक
BV7184,Hemraj Lodha,Rajgarh,RAJGARH,"23300108803, GOVT.HS DEHRINATH",प्रतिभागी,शिक्षक
AU4988,Rodu Lal Verma,Rajgarh,RAJGARH,"23300117006, GOVT.HSS KALIPEETH",प्रतिभागी,शिक्षक
AU7526,Rambabu Pushapad,Rajgarh,RAJGARH,"23300117006, GOVT.HSS KALIPEETH",प्रतिभागी,शिक्षक
BZ3052,Satya Naraian Lodha,Rajgarh,RAJGARH,"23300117006, GOVT.HSS KALIPEETH",प्रतिभागी,शिक्षक
AU4472,Rudra Mani Pandey,Rajgarh,RAJGARH,"23300106804, GOVT.HSS CHATUKHEDA",प्रतिभागी,शिक्षक
AU2910,Gokul Prasad Varma,Rajgarh,RAJGARH,"23300118713, GOVT.HSS KARANWAS",प्रतिभागी,शिक्षक
BH4326,Sunita Rajore,Rajgarh,RAJGARH,"23300118713, GOVT.HSS KARANWAS",प्रतिभागी,शिक्षक
BQ1091,Lakshmi Narayan Yadav,Rajgarh,RAJGARH,"23300118713, GOVT.HSS KARANWAS",प्रतिभागी,शिक्षक
BQ2252,Priyanka Chourasiya,Rajgarh,RAJGARH,"23300118713, GOVT.HSS KARANWAS",प्रतिभागी,शिक्षक
BV2190,Rati Ram Ruhaila,Rajgarh,RAJGARH,"23300118713, GOVT.HSS KARANWAS",प्रतिभागी,शिक्षक
BV8389,Pankaj Kumar Rewari,Rajgarh,RAJGARH,"23300136804, GOVT.HSS SUSTANI",प्रतिभागी,शिक्षक
AU6868,Purushottam Patidar,Rajgarh,SARANGPUR,"23300414315, GOVT.HSS PADLIYA MATA",प्रतिभागी,शिक्षक
AU6369,Jagdish Raj,Rajgarh,SARANGPUR,"23300406907, GOVT.HSS GULAWATA",प्रतिभागी,शिक्षक
AU7997,Gopal Singh Sevaniya,Rajgarh,SARANGPUR,"23300406907, GOVT.HSS GULAWATA",प्रतिभागी,सीएसी
BQ2891,Babita Rathor,Rajgarh,SARANGPUR,"23300406907, GOVT.HSS GULAWATA",प्रतिभागी,शिक्षक
BR2933,Ashok Kumar Vishwakarma,Rajgarh,SARANGPUR,"23300406907, GOVT.HSS GULAWATA",प्रतिभागी,शिक्षक
BU5152,Ramlal Malviya,Rajgarh,SARANGPUR,"23300406907, GOVT.HSS GULAWATA",प्रतिभागी,शिक्षक
AU6734,Devilal Dangi,Rajgarh,SARANGPUR,"23300419231, GMS HIGHER SECONDARY SCHOOL",प्रतिभागी,शिक्षक
AU7964,Kavita Chauhan,Rajgarh,SARANGPUR,"23300419231, GMS HIGHER SECONDARY SCHOOL",प्रतिभागी,शिक्षक
AU9701,Gopal Singh Bhilala,Rajgarh,SARANGPUR,"23300419231, GMS HIGHER SECONDARY SCHOOL",प्रतिभागी,शिक्षक
AU6905,Badrilal Malviya,Rajgarh,SARANGPUR,"23300419270, GOVT.HSS EXCELLENCE SARANGPUR",प्रतिभागी,शिक्षक
AU6918,Anuradha Tripathi,Rajgarh,SARANGPUR,"23300419270, GOVT.HSS EXCELLENCE SARANGPUR",प्रतिभागी,शिक्षक
AU6932,Arun Kumar Sharma,Rajgarh,SARANGPUR,"23300419270, GOVT.HSS EXCELLENCE SARANGPUR",प्रतिभागी,शिक्षक
AU8077,Rajesh Pratap Singh Bais,Rajgarh,SARANGPUR,"23300419270, GOVT.HSS EXCELLENCE SARANGPUR",प्रतिभागी,शिक्षक
AU9671,Ramesh Chandra Tamoli,Rajgarh,SARANGPUR,"23300419270, GOVT.HSS EXCELLENCE SARANGPUR",प्रतिभागी,सीएसी
BW2530,Mohan Lal Verma,Rajgarh,SARANGPUR,"23300414119, GOVT.HSS PADANA",प्रतिभागी,शिक्षक
CD1376,DIMPLE SONI,Rajgarh,SARANGPUR,"23300414119, GOVT.HSS PADANA",प्रतिभागी,शिक्षक
AU8607,Asha Jayesval,Rajgarh,SARANGPUR,"23300418914, GOVT.HSS UDANKHEDI",प्रतिभागी,शिक्षक
BR2725,Anita Malviya,Rajgarh,SARANGPUR,"23300418914, GOVT.HSS UDANKHEDI",प्रतिभागी,शिक्षक
BZ3245,Ram Babu Verma,Rajgarh,SARANGPUR,"23300418914, GOVT.HSS UDANKHEDI",प्रतिभागी,शिक्षक
AU8496,Babulal Mewade,Rajgarh,SARANGPUR,"23300419139, GOVT.HSS GANDHI PACHORE",प्रतिभागी,शिक्षक
AU9232,Gangadhar Ahirwar,Rajgarh,SARANGPUR,"23300419139, GOVT.HSS GANDHI PACHORE",प्रतिभागी,शिक्षक
AU9236,Shivnarayan Choursiya,Rajgarh,SARANGPUR,"23300419139, GOVT.HSS GANDHI PACHORE",प्रतिभागी,शिक्षक
AV1213,Mahendra Kumar Sharma,Rajgarh,SARANGPUR,"23300419139, GOVT.HSS GANDHI PACHORE",प्रतिभागी,शिक्षक
BY4765,Mahesh Kumar Varma,Rajgarh,SARANGPUR,"23300419139, GOVT.HSS GANDHI PACHORE",प्रतिभागी,शिक्षक
CC1191,POOJA PATIDAR,Rajgarh,SARANGPUR,"23300419139, GOVT.HSS GANDHI PACHORE",प्रतिभागी,शिक्षक
AU4254,Bane Singh Dangi,Rajgarh,SARANGPUR,"23300402911, GOVT.HSS BHYANA",प्रतिभागी,शिक्षक
CD5437,AMAR VERMA,Rajgarh,SARANGPUR,"23300402911, GOVT.HSS BHYANA",प्रतिभागी,शिक्षक
AU6754,Laxmi Chandra Verma,Rajgarh,SARANGPUR,"23300419140, GOVT.HSS GIRL PACORE",प्रतिभागी,शिक्षक
AU8529,Savita Rani Sadh,Rajgarh,SARANGPUR,"23300419140, GOVT.HSS GIRL PACORE",प्रतिभागी,शिक्षक
AU9205,Vinaylata Sisodiya,Rajgarh,SARANGPUR,"23300419140, GOVT.HSS GIRL PACORE",प्रतिभागी,शिक्षक
BQ5334,Ranu Nagar,Rajgarh,SARANGPUR,"23300419140, GOVT.HSS GIRL PACORE",प्रतिभागी,शिक्षक
AU3383,Chetan Svarup Nagoriya,Rajgarh,SARANGPUR,"23300416514, GOVT.HSS SANDAWATA",प्रतिभागी,शिक्षक
AU3478,Salagram Chouhan,Rajgarh,SARANGPUR,"23300416514, GOVT.HSS SANDAWATA",प्रतिभागी,शिक्षक
BW3558,Rambabu Nagar,Rajgarh,SARANGPUR,"23300416514, GOVT.HSS SANDAWATA",प्रतिभागी,शिक्षक
AU8561,Raghunath Singh Nagar,Rajgarh,SARANGPUR,"23300400406, GOVT.HSS AMLAROD",प्रतिभागी,शिक्षक
BE5899,Sarita Sharma,Rajgarh,SARANGPUR,"23300400406, GOVT.HSS AMLAROD",प्रतिभागी,शिक्षक
BW6281,Harinarayan Sen,Rajgarh,SARANGPUR,"23300400406, GOVT.HSS AMLAROD",प्रतिभागी,शिक्षक
BX8534,Jitendra Vishvkarma,Rajgarh,SARANGPUR,"23300400406, GOVT.HSS AMLAROD",प्रतिभागी,शिक्षक
BZ3898,Suresh Kumar Bhilala,Rajgarh,SARANGPUR,"23300400406, GOVT.HSS AMLAROD",प्रतिभागी,शिक्षक
AU3402,Dilip Rathore,Rajgarh,ZIRAPUR,"23300621639, GOVT.HSS EXCELLNCE ZIRAPUR",प्रतिभागी,शिक्षक
AU9730,Ram Prasad Mandloy,Rajgarh,ZIRAPUR,"23300621639, GOVT.HSS EXCELLNCE ZIRAPUR",प्रतिभागी,शिक्षक
BT7538,Kailash Chandr Dangi,Rajgarh,ZIRAPUR,"23300621639, GOVT.HSS EXCELLNCE ZIRAPUR",प्रतिभागी,शिक्षक
BW3495,Omprakash Gurjar,Rajgarh,ZIRAPUR,"23300621639, GOVT.HSS EXCELLNCE ZIRAPUR",प्रतिभागी,शिक्षक
AU8849,Navneet Gupta,Rajgarh,ZIRAPUR,"23300621640, GOVT.HSS GIRLS ZIRAPUR",प्रतिभागी,शिक्षक
AU8886,Rameshchandra Malviya,Rajgarh,ZIRAPUR,"23300621640, GOVT.HSS GIRLS ZIRAPUR",प्रतिभागी,शिक्षक
AU9769,Meharwan Singh Verma,Rajgarh,ZIRAPUR,"23300621640, GOVT.HSS GIRLS ZIRAPUR",प्रतिभागी,शिक्षक
AU9775,Abha Choubey,Rajgarh,ZIRAPUR,"23300621640, GOVT.HSS GIRLS ZIRAPUR",प्रतिभागी,शिक्षक
AU8887,Jagdish Chandra Hindoniya,Rajgarh,ZIRAPUR,"23300606508, GOVT.HSS GAGORNI",प्रतिभागी,शिक्षक
AU9818,Jagdish Prasad Paliwal,Rajgarh,ZIRAPUR,"23300606508, GOVT.HSS GAGORNI",प्रतिभागी,सीएसी
AU8827,Giriraj Swarnkar,Rajgarh,ZIRAPUR,"23300603104, GOVT.HS BHANPURA",प्रतिभागी,शिक्षक
AU9057,Suresh Kumar Rathor,Rajgarh,ZIRAPUR,"23300603104, GOVT.HS BHANPURA",प्रतिभागी,शिक्षक
AU9752,Rekha Uspariya,Rajgarh,ZIRAPUR,"23300603104, GOVT.HS BHANPURA",प्रतिभागी,शिक्षक
AU9861,Kumud Sen,Rajgarh,ZIRAPUR,"23300603104, GOVT.HS BHANPURA",प्रतिभागी,शिक्षक
AU9880,Mithlesh Garewal,Rajgarh,ZIRAPUR,"23300603104, GOVT.HS BHANPURA",प्रतिभागी,शिक्षक
BP8844,Inder Singh Malviy,Rajgarh,ZIRAPUR,"23300603104, GOVT.HS BHANPURA",प्रतिभागी,शिक्षक
BT7893,Manohar Carpenter,Rajgarh,ZIRAPUR,"23300603104, GOVT.HS BHANPURA",प्रतिभागी,शिक्षक
AU5859,Balchand Chourasiya,Rajgarh,ZIRAPUR,"23300612006, GOVT.HS KODKIYA",प्रतिभागी,शिक्षक
AU5870,Jagannath Malviya,Rajgarh,ZIRAPUR,"23300612006, GOVT.HS KODKIYA",प्रतिभागी,शिक्षक
AU9780,Shivnarayan Tomar,Rajgarh,ZIRAPUR,"23300612006, GOVT.HS KODKIYA",प्रतिभागी,शिक्षक
BV8155,Rambabu Kumbhkar,Rajgarh,ZIRAPUR,"23300612006, GOVT.HS KODKIYA",प्रतिभागी,शिक्षक
BW4619,Sanjeev Kumar Sharma,Rajgarh,ZIRAPUR,"23300612006, GOVT.HS KODKIYA",प्रतिभागी,शिक्षक
AU5944,Kailash Chandra Maru,Rajgarh,ZIRAPUR,"23300621521, GOVT.HSS MACHALPUR",प्रतिभागी,शिक्षक
AU6067,Mahesh Kumar Nagar,Rajgarh,ZIRAPUR,"23300621521, GOVT.HSS MACHALPUR",प्रतिभागी,शिक्षक
BT4039,Jagdish Parihar,Rajgarh,ZIRAPUR,"23300621521, GOVT.HSS MACHALPUR",प्रतिभागी,शिक्षक
BW6280,Shekh Faruq,Rajgarh,ZIRAPUR,"23300621521, GOVT.HSS MACHALPUR",प्रतिभागी,शिक्षक
BU3933,Nandram Dangi,Rajgarh,ZIRAPUR,"23300617911, GOVT.HSS RAMGARH",प्रतिभागी,शिक्षक
BW3586,Dinesh Kumar Sen,Rajgarh,ZIRAPUR,"23300617911, GOVT.HSS RAMGARH",प्रतिभागी,शिक्षक
AU4629,Ghanshyam Rathore,Rajgarh,ZIRAPUR,"23300606809, GOVT.HSS GOGHTPUR",प्रतिभागी,शिक्षक
AU4641,Veena Sharma,Rajgarh,ZIRAPUR,"23300606809, GOVT.HSS GOGHTPUR",प्रतिभागी,शिक्षक
AU9725,Phoolchand Malviya,Rajgarh,ZIRAPUR,"23300606809, GOVT.HSS GOGHTPUR",प्रतिभागी,शिक्षक
BU7859,Durgabai Patidar,Rajgarh,ZIRAPUR,"23300606809, GOVT.HSS GOGHTPUR",प्रतिभागी,शिक्षक
BV7742,Gopal Lal Suthar,Rajgarh,ZIRAPUR,"23300606809, GOVT.HSS GOGHTPUR",प्रतिभागी,शिक्षक
BX5901,Bharti Gautam,Rajgarh,ZIRAPUR,"23300606809, GOVT.HSS GOGHTPUR",प्रतिभागी,शिक्षक
AU4361,Rambabu Rathor,Rajgarh,ZIRAPUR,"23300609007, GOVT.HSS JHADMAU",प्रतिभागी,शिक्षक
AV1611,Roop Chand (Rupesh) Sharma,Rajgarh,ZIRAPUR,"23300609007, GOVT.HSS JHADMAU",प्रतिभागी,शिक्षक
BY8459,Rameshchand Lodha,Rajgarh,ZIRAPUR,"23300609007, GOVT.HSS JHADMAU",प्रतिभागी,शिक्षक
CD5979,LAKHAN MANDLOI,Rajgarh,ZIRAPUR,"23300609007, GOVT.HSS JHADMAU",प्रतिभागी,शिक्षक
BS8318,Kanhaiyalal Verma,Rajgarh,ZIRAPUR,"23300616912, GOVT.HSS PIPLIYA KULMI",प्रतिभागी,शिक्षक
BI3441,Mehendra Nigam,Ratlam,ALOT,"23200106733, GOVT. HSS GIRLS ALOT",प्रतिभागी,शिक्षक
BI3697,Rajveer Singh Parihar,Ratlam,ALOT,"23200106733, GOVT. HSS GIRLS ALOT",प्रतिभागी,शिक्षक
BI3508,Nishchala Surendra Nath,Ratlam,ALOT,"23200106734, GOVT. HSS ECELLENCE ALOT",प्रतिभागी,शिक्षक
BI3539,Sangeeta Parihar,Ratlam,ALOT,"23200106734, GOVT. HSS ECELLENCE ALOT",प्रतिभागी,शिक्षक
BV8372,Asif Mohammad,Ratlam,ALOT,"23200106734, GOVT. HSS ECELLENCE ALOT",प्रतिभागी,शिक्षक
CD6774,SUNITA VERMA,Ratlam,ALOT,"23200106734, GOVT. HSS ECELLENCE ALOT",प्रतिभागी,शिक्षक
CD6781,BEENA SHARMA,Ratlam,ALOT,"23200106734, GOVT. HSS ECELLENCE ALOT",प्रतिभागी,शिक्षक
BI3498,Vandana Tiwari,Ratlam,ALOT,"23200101408, GOVT. HSS KARADIYA",प्रतिभागी,शिक्षक
BI3517,Lalit Kumar Sharma,Ratlam,ALOT,"23200101408, GOVT. HSS KARADIYA",प्रतिभागी,शिक्षक
BI3605,Prakash Parmar,Ratlam,ALOT,"23200101408, GOVT. HSS KARADIYA",प्रतिभागी,शिक्षक
BI3824,Asha Parmar,Ratlam,ALOT,"23200101408, GOVT. HSS KARADIYA",प्रतिभागी,शिक्षक
BY4737,Jagdish Prajapat,Ratlam,ALOT,"23200101408, GOVT. HSS KARADIYA",प्रतिभागी,शिक्षक
CD6776,MAMTA SURYAVANSHI,Ratlam,ALOT,"23200101408, GOVT. HSS KARADIYA",प्रतिभागी,शिक्षक
CD6779,KALPNA SHAKYA,Ratlam,ALOT,"23200101408, GOVT. HSS KARADIYA",प्रतिभागी,शिक्षक
BI3555,Saty Narayan Songara,Ratlam,ALOT,"23200100210, GOVT. HSS BARKHEDAKALAN",प्रतिभागी,शिक्षक
AQ5002,Ram Lal Dangi,Ratlam,ALOT,"23200109807, GOVT. HSS TALOD",प्रतिभागी,शिक्षक
BI3376,Sharda Katara,Ratlam,ALOT,"23200109807, GOVT. HSS TALOD",प्रतिभागी,शिक्षक
BJ1340,Radheshyam Rawal,Ratlam,ALOT,"23200116737, GOVT. HSS BOYS TAL",प्रतिभागी,शिक्षक
BV2737,Zakir Khan,Ratlam,ALOT,"23200116737, GOVT. HSS BOYS TAL",प्रतिभागी,शिक्षक
DB2718,MAHESH  PORWAL,Ratlam,ALOT,"23200116737, GOVT. HSS BOYS TAL",प्रतिभागी,शिक्षक
DB2720,SONAM  KATARE,Ratlam,ALOT,"23200116737, GOVT. HSS BOYS TAL",प्रतिभागी,शिक्षक
BJ1300,Shankar Lal Gujarati,Ratlam,ALOT,"23200116736, GOVT. HSS GIRLS TAL",प्रतिभागी,शिक्षक
BS2032,Sarita Porwal,Ratlam,ALOT,"23200116736, GOVT. HSS GIRLS TAL",प्रतिभागी,शिक्षक
CD1477,DEVYANI KASHYAP,Ratlam,ALOT,"23200116736, GOVT. HSS GIRLS TAL",प्रतिभागी,शिक्षक
CD1481,PRIYANKA DHAMANIYAA,Ratlam,ALOT,"23200116736, GOVT. HSS GIRLS TAL",प्रतिभागी,शिक्षक
BI6857,Nandlal Chouhan,Ratlam,ALOT,"23200114409, GOVT. HSS PANTH PIPLODA",प्रतिभागी,शिक्षक
AQ4824,Vinod Kumar,Ratlam,ALOT,"23200111609, GOVT. HSS KHARVAKALA",प्रतिभागी,शिक्षक
BZ1621,Abhishek Parmar,Ratlam,ALOT,"23200111609, GOVT. HSS KHARVAKALA",प्रतिभागी,शिक्षक
BI4142,Rajni Bansal,Ratlam,BAJNA,"23200215707, GOVT. HS NAYAN",प्रतिभागी,शिक्षक
BK5282,Brahamapal  Singh Dohare,Ratlam,BAJNA,"23200215707, GOVT. HS NAYAN",प्रतिभागी,शिक्षक
CC7752,CHANDAN VAISHNAV,Ratlam,BAJNA,"23200215707, GOVT. HS NAYAN",प्रतिभागी,शिक्षक
BI8084,Bharati Vaghela,Ratlam,BAJNA,"23200218617, GOVT. HSS GIRLS RAVTI",प्रतिभागी,शिक्षक
CF2397,JITENDRA DVIVEDI,Ratlam,BAJNA,"23200218617, GOVT. HSS GIRLS RAVTI",प्रतिभागी,शिक्षक
BI4516,Praphulla Pandiya,Ratlam,BAJNA,"23200210415, GOVT. HSS KANYA BAJNA",प्रतिभागी,शिक्षक
CE9585,BHARTI RATHOR,Ratlam,BAJNA,"23200210415, GOVT. HSS KANYA BAJNA",प्रतिभागी,शिक्षक
BI7978,S.Ramchandr Charel,Ratlam,BAJNA,"23200213005, GOVT. HIGH SCHOOL BAJRANGGAD",प्रतिभागी,सीएसी
BI8027,Brajlal Boriya,Ratlam,BAJNA,"23200213005, GOVT. HIGH SCHOOL BAJRANGGAD",प्रतिभागी,शिक्षक
CC2592,SONALI PATIDAR,Ratlam,BAJNA,"23200213005, GOVT. HIGH SCHOOL BAJRANGGAD",प्रतिभागी,शिक्षक
CC2764,KUSHAL SEN,Ratlam,BAJNA,"23200213005, GOVT. HIGH SCHOOL BAJRANGGAD",प्रतिभागी,शिक्षक
CC7155,ALIM MANSURI,Ratlam,BAJNA,"23200213005, GOVT. HIGH SCHOOL BAJRANGGAD",प्रतिभागी,शिक्षक
BI4076,Partu Bhgora,Ratlam,BAJNA,"23200210416, GOVT. HSS EXCELLENCE BAJNA",प्रतिभागी,शिक्षक
BO6851,Devi Singh Dindore,Ratlam,BAJNA,"23200210416, GOVT. HSS EXCELLENCE BAJNA",प्रतिभागी,शिक्षक
CC5383,ANITA CHOUHAN,Ratlam,BAJNA,"23200210416, GOVT. HSS EXCELLENCE BAJNA",प्रतिभागी,शिक्षक
CC7161,SHAMSHER SHAH,Ratlam,BAJNA,"23200210416, GOVT. HSS EXCELLENCE BAJNA",प्रतिभागी,शिक्षक
BI4429,Ritu Sharma,Ratlam,BAJNA,"23200203208, GOVT. HSS RAJAPURA MATAJI",प्रतिभागी,शिक्षक
CC2339,FRANCIS BHABOR,Ratlam,BAJNA,"23200203208, GOVT. HSS RAJAPURA MATAJI",प्रतिभागी,शिक्षक
BI8032,Babulal Labana,Ratlam,BAJNA,"23200218618, GOVT. HSS BOYS RAVTI",प्रतिभागी,शिक्षक
BV2915,Durgesh Nandini Malviya,Ratlam,BAJNA,"23200218618, GOVT. HSS BOYS RAVTI",प्रतिभागी,शिक्षक
CC7536,SAPNA CHOUDHARI,Ratlam,BAJNA,"23200218618, GOVT. HSS BOYS RAVTI",प्रतिभागी,शिक्षक
CC7537,SAROJ GAUTAM,Ratlam,BAJNA,"23200218618, GOVT. HSS BOYS RAVTI",प्रतिभागी,शिक्षक
BI4156,Shahid Khan,Ratlam,BAJNA,"23200207112, GOVT. HSS KUNDANPUR",प्रतिभागी,सीएसी
BI4514,Radeshyam Rathor,Ratlam,BAJNA,"23200207112, GOVT. HSS KUNDANPUR",प्रतिभागी,शिक्षक
BI9807,Kishanlal Charel,Ratlam,BAJNA,"23200207112, GOVT. HSS KUNDANPUR",प्रतिभागी,शिक्षक
BI4402,RAJESH KUMAR PANDA,Ratlam,BAJNA,"23200215406, GOVT. HS AMARPURAKALAN",प्रतिभागी,शिक्षक
CF1798,Sarika Solanki,Ratlam,BAJNA,"23200215406, GOVT. HS AMARPURAKALAN",प्रतिभागी,शिक्षक
BI8034,Sohanlal Garwal,Ratlam,BAJNA,"23200221904, GOVT. HS DABDI",प्रतिभागी,शिक्षक
BI8065,Mukesh Kumar Rathore,Ratlam,BAJNA,"23200221904, GOVT. HS DABDI",प्रतिभागी,शिक्षक
BI8068,Neepa Hada,Ratlam,BAJNA,"23200221904, GOVT. HS DABDI",प्रतिभागी,शिक्षक
BI8070,Wageshwar Katija,Ratlam,BAJNA,"23200221904, GOVT. HS DABDI",प्रतिभागी,शिक्षक
BI8075,Babulal Dangi,Ratlam,BAJNA,"23200221904, GOVT. HS DABDI",प्रतिभागी,शिक्षक
BO5714,Ambalal Tank,Ratlam,BAJNA,"23200221904, GOVT. HS DABDI",प्रतिभागी,शिक्षक
BI4030,Ramesh Kumar Chongad,Ratlam,JAORA,"23200312009, GOVT. HSS BARDIYA GOYAL",प्रतिभागी,शिक्षक
BI5879,Sadhana Rathore,Ratlam,JAORA,"23200312009, GOVT. HSS BARDIYA GOYAL",प्रतिभागी,शिक्षक
BQ6050,sangita ninor,Ratlam,JAORA,"23200312009, GOVT. HSS BARDIYA GOYAL",प्रतिभागी,शिक्षक
CD2616,TEJ SINGH,Ratlam,JAORA,"23200312009, GOVT. HSS BARDIYA GOYAL",प्रतिभागी,शिक्षक
BI6297,Ramchandra Suryawanshi,Ratlam,JAORA,"23200304310, GOVT. HSS RINGNOD",प्रतिभागी,शिक्षक
BI6307,Padam Prakash Pathak,Ratlam,JAORA,"23200304310, GOVT. HSS RINGNOD",प्रतिभागी,शिक्षक
BI6461,Mangilal Chouhan,Ratlam,JAORA,"23200304310, GOVT. HSS RINGNOD",प्रतिभागी,शिक्षक
BI5609,Rajesh Kumar,Ratlam,JAORA,"23200318403, GOVT. HSS EXCELLENCE JAORA",प्रतिभागी,शिक्षक
BV4625,Nandakunwar Sisodiya,Ratlam,JAORA,"23200318403, GOVT. HSS EXCELLENCE JAORA",प्रतिभागी,शिक्षक
BI4038,Mukesh Kethwas,Ratlam,JAORA,"23200315912, GOVT. HS KATJU JAORA",प्रतिभागी,शिक्षक
BI6477,Sadik Mohammad Khan,Ratlam,JAORA,"23200302907, GOVT. HS GONDIDHARMSI",प्रतिभागी,शिक्षक
CE1881,USHA DHAKAD,Ratlam,JAORA,"23200302907, GOVT. HS GONDIDHARMSI",प्रतिभागी,शिक्षक
BI4903,Gopal Rathore,Ratlam,JAORA,"23200315801, GOVT. HSS GIRLS KAMLA NEHRU JAORA",प्रतिभागी,शिक्षक
BI5360,Bhanwar Lal Chauhan,Ratlam,JAORA,"23200315801, GOVT. HSS GIRLS KAMLA NEHRU JAORA",प्रतिभागी,शिक्षक
BI5632,Fehmida ahmad,Ratlam,JAORA,"23200315801, GOVT. HSS GIRLS KAMLA NEHRU JAORA",प्रतिभागी,शिक्षक
BI6002,Rekha Sharma,Ratlam,JAORA,"23200315801, GOVT. HSS GIRLS KAMLA NEHRU JAORA",प्रतिभागी,शिक्षक
BI5338,Bhopal Singh Panwar,Ratlam,JAORA,"23200300512, GOVT. HSS PIPLIYAJODHA",प्रतिभागी,शिक्षक
BI5392,Narendra Singh,Ratlam,JAORA,"23200300512, GOVT. HSS PIPLIYAJODHA",प्रतिभागी,शिक्षक
BI6583,Sandhya Dohare,Ratlam,JAORA,"23200300512, GOVT. HSS PIPLIYAJODHA",प्रतिभागी,शिक्षक
BW2346,Manisha Chauhan,Ratlam,JAORA,"23200309206, GOVT. HS ROJANA",प्रतिभागी,शिक्षक
BI3997,Jagdish Chandra Bamniya,Ratlam,JAORA,"23200305609, GOVT. HSS SARSI",प्रतिभागी,शिक्षक
BI5825,Bharti Tomar,Ratlam,JAORA,"23200305609, GOVT. HSS SARSI",प्रतिभागी,शिक्षक
BI6067,Radhesyam Salitra,Ratlam,JAORA,"23200305609, GOVT. HSS SARSI",प्रतिभागी,शिक्षक
BI6079,Satyendra Arya,Ratlam,JAORA,"23200305609, GOVT. HSS SARSI",प्रतिभागी,शिक्षक
BI6097,Sheela Arya,Ratlam,JAORA,"23200305609, GOVT. HSS SARSI",प्रतिभागी,शिक्षक
BI6520,Narendra Kumar Sharma,Ratlam,JAORA,"23200305609, GOVT. HSS SARSI",प्रतिभागी,शिक्षक
AQ4140,Ashok Kumar Solanki,Ratlam,PIPLODA,"23200405729, GOVT. HSS EXCELLENCE PIPLODA",प्रतिभागी,शिक्षक
BI5342,Mamta Pal,Ratlam,PIPLODA,"23200405729, GOVT. HSS EXCELLENCE PIPLODA",प्रतिभागी,शिक्षक
BI6009,Amrulal Bose,Ratlam,PIPLODA,"23200405729, GOVT. HSS EXCELLENCE PIPLODA",प्रतिभागी,शिक्षक
BI6107,Jayendra Singh Rathore,Ratlam,PIPLODA,"23200405729, GOVT. HSS EXCELLENCE PIPLODA",प्रतिभागी,शिक्षक
BI7472,Krishna Parmar,Ratlam,PIPLODA,"23200405729, GOVT. HSS EXCELLENCE PIPLODA",प्रतिभागी,शिक्षक
BI6805,Chandra Shekhar Gehlot,Ratlam,PIPLODA,"23200404712, GOVT. HSS SUKHEDA",प्रतिभागी,शिक्षक
BI6819,Mukesh Kumar Lohar,Ratlam,PIPLODA,"23200404712, GOVT. HSS SUKHEDA",प्रतिभागी,शिक्षक
BS2880,Kamlesh Kumar Badodiya,Ratlam,PIPLODA,"23200404712, GOVT. HSS SUKHEDA",प्रतिभागी,शिक्षक
BI5413,Sohan Singh Maida,Ratlam,PIPLODA,"23200407507, GOVT. HSS SHERPUR",प्रतिभागी,शिक्षक
BI6613,Dharasingh Dodiya,Ratlam,PIPLODA,"23200407507, GOVT. HSS SHERPUR",प्रतिभागी,शिक्षक
BI7456,Kailash Chandra Patidar,Ratlam,PIPLODA,"23200407507, GOVT. HSS SHERPUR",प्रतिभागी,शिक्षक
BQ5191,Mukesh Kumar Rawal,Ratlam,PIPLODA,"23200407507, GOVT. HSS SHERPUR",प्रतिभागी,शिक्षक
BS5998,Samar Singh Maida,Ratlam,PIPLODA,"23200407507, GOVT. HSS SHERPUR",प्रतिभागी,शिक्षक
BZ5351,Suresh Hari,Ratlam,PIPLODA,"23200407507, GOVT. HSS SHERPUR",प्रतिभागी,शिक्षक
BI3438,Dev Chand Bhuj,Ratlam,PIPLODA,"23200405512, GOVT. HSS BADAYALA MATAJI",प्रतिभागी,शिक्षक
BI6566,Devilal Jhodiya,Ratlam,PIPLODA,"23200405512, GOVT. HSS BADAYALA MATAJI",प्रतिभागी,शिक्षक
BI7508,Pushpa Raidas,Ratlam,PIPLODA,"23200405512, GOVT. HSS BADAYALA MATAJI",प्रतिभागी,शिक्षक
BI7757,Urmila Osariy,Ratlam,PIPLODA,"23200405512, GOVT. HSS BADAYALA MATAJI",प्रतिभागी,शिक्षक
BI9583,Ramgopal Chawada,Ratlam,PIPLODA,"23200405512, GOVT. HSS BADAYALA MATAJI",प्रतिभागी,शिक्षक
BI6667,Govardhan Lal Malviya,Ratlam,PIPLODA,"23200401513, GOVT. HSS KALUKHEDA",प्रतिभागी,शिक्षक
BI6694,Poonam Chandra Devda,Ratlam,PIPLODA,"23200401513, GOVT. HSS KALUKHEDA",प्रतिभागी,शिक्षक
BI6797,Bhopal Singh Rathore,Ratlam,PIPLODA,"23200401513, GOVT. HSS KALUKHEDA",प्रतिभागी,शिक्षक
BI6829,Manshankar Joshi,Ratlam,PIPLODA,"23200401513, GOVT. HSS KALUKHEDA",प्रतिभागी,शिक्षक
BO9925,Kanhaiya Lal Patidar,Ratlam,PIPLODA,"23200401513, GOVT. HSS KALUKHEDA",प्रतिभागी,शिक्षक
BI7902,Mukesh Carpenter,Ratlam,PIPLODA,"23200403411, GOVT. HSS RIYAWAN",प्रतिभागी,शिक्षक
BR9449,Maya Pandey,Ratlam,PIPLODA,"23200403411, GOVT. HSS RIYAWAN",प्रतिभागी,शिक्षक
BI3634,Bhaskar Batham,Ratlam,RATLAM,"23200504510, GOVT. HSS PALSODI",प्रतिभागी,शिक्षक
BI4836,Narsingh Dodiyar,Ratlam,RATLAM,"23200504510, GOVT. HSS PALSODI",प्रतिभागी,शिक्षक
BI4848,Sundarlal Koushal,Ratlam,RATLAM,"23200504510, GOVT. HSS PALSODI",प्रतिभागी,शिक्षक
BI4878,Sonika Vyas,Ratlam,RATLAM,"23200504510, GOVT. HSS PALSODI",प्रतिभागी,शिक्षक
BI5969,JYOTI BORASI,Ratlam,RATLAM,"23200504510, GOVT. HSS PALSODI",प्रतिभागी,शिक्षक
BI7140,Poonam Bindal,Ratlam,RATLAM,"23200504510, GOVT. HSS PALSODI",प्रतिभागी,शिक्षक
BI7723,Sunita Baghel,Ratlam,RATLAM,"23200504510, GOVT. HSS PALSODI",प्रतिभागी,शिक्षक
BI8291,Nidhi Gupta,Ratlam,RATLAM,"23200504510, GOVT. HSS PALSODI",प्रतिभागी,शिक्षक
BP7117,Leena Dubey,Ratlam,RATLAM,"23200504510, GOVT. HSS PALSODI",प्रतिभागी,शिक्षक
BI3889,Prerna Muniya,Ratlam,RATLAM,"23200508505, GOVT. HS KUAJHAGAR",प्रतिभागी,शिक्षक
BI4916,Arjun Rathore,Ratlam,RATLAM,"23200508505, GOVT. HS KUAJHAGAR",प्रतिभागी,शिक्षक
BI5208,Jamna Muniya,Ratlam,RATLAM,"23200508505, GOVT. HS KUAJHAGAR",प्रतिभागी,शिक्षक
BI8217,Nita Purohit,Ratlam,RATLAM,"23200508505, GOVT. HS KUAJHAGAR",प्रतिभागी,शिक्षक
BI8218,Anita Dhanotiya,Ratlam,RATLAM,"23200508505, GOVT. HS KUAJHAGAR",प्रतिभागी,शिक्षक
BI8221,Smt. Sheela Garwal,Ratlam,RATLAM,"23200508505, GOVT. HS KUAJHAGAR",प्रतिभागी,शिक्षक
BI8296,Thavri Katara,Ratlam,RATLAM,"23200508505, GOVT. HS KUAJHAGAR",प्रतिभागी,शिक्षक
BT8027,Hemlata Sharma,Ratlam,RATLAM,"23200508505, GOVT. HS KUAJHAGAR",प्रतिभागी,शिक्षक
CF9407,SHANU CHAUHAN,Ratlam,RATLAM,"23200508222, GOVT. HSS MUNDRI",प्रतिभागी,शिक्षक
CE6035,JITENDRA BAIRAGI,Ratlam,RATLAM,"23200503218, GOVT. HSS BANGROD",प्रतिभागी,शिक्षक
BI4919,Satyanarayan Mali,Ratlam,RATLAM,"23200500623, GOVT. HSS DHAMNOD",प्रतिभागी,शिक्षक
BI5273,Prashant Sharma,Ratlam,RATLAM,"23200500623, GOVT. HSS DHAMNOD",प्रतिभागी,शिक्षक
BI7173,Neeraj Sharma,Ratlam,RATLAM,"23200500623, GOVT. HSS DHAMNOD",प्रतिभागी,शिक्षक
BQ2684,Manisha Soni,Ratlam,RATLAM,"23200500623, GOVT. HSS DHAMNOD",प्रतिभागी,शिक्षक
BI7268,Kushal Singh,Ratlam,RATLAM,"23200501720, GOVT. HSS NAMLI",प्रतिभागी,शिक्षक
BI7345,Maya Bamaniya,Ratlam,RATLAM,"23200501720, GOVT. HSS NAMLI",प्रतिभागी,शिक्षक
BJ1171,Kanta Ninama,Ratlam,RATLAM,"23200501720, GOVT. HSS NAMLI",प्रतिभागी,शिक्षक
BS3561,Sunita Ojha,Ratlam,RATLAM,"23200501720, GOVT. HSS NAMLI",प्रतिभागी,शिक्षक
AQ8945,Ramesh Chandra Parmar,Ratlam,RATLAM,"23200515212, GOVT. HSS BHATIBADODIYA",प्रतिभागी,शिक्षक
BI8562,Mansingh Katara,Ratlam,RATLAM,"23200515212, GOVT. HSS BHATIBADODIYA",प्रतिभागी,शिक्षक
BI8592,Gordhan Vasuniya,Ratlam,RATLAM,"23200515212, GOVT. HSS BHATIBADODIYA",प्रतिभागी,शिक्षक
BE1385,Arif Ahmed Mansoori,Ratlam,RATLAM,"23200521223, GOVT. HSS GIRLS N.K.RATLAM",प्रतिभागी,शिक्षक
BI4831,Rechal Watson,Ratlam,RATLAM,"23200521223, GOVT. HSS GIRLS N.K.RATLAM",प्रतिभागी,शिक्षक
BI7507,Rajesh Gome,Ratlam,RATLAM,"23200521223, GOVT. HSS GIRLS N.K.RATLAM",प्रतिभागी,शिक्षक
BI8405,Manoj Tiwari,Ratlam,RATLAM,"23200521223, GOVT. HSS GIRLS N.K.RATLAM",प्रतिभागी,शिक्षक
BI9463,Shanoo Upadhyay,Ratlam,RATLAM,"23200521223, GOVT. HSS GIRLS N.K.RATLAM",प्रतिभागी,शिक्षक
BO3130,Radha Patidar,Ratlam,RATLAM,"23200521223, GOVT. HSS GIRLS N.K.RATLAM",प्रतिभागी,शिक्षक
BT9645,Deepti Sharma,Ratlam,RATLAM,"23200521223, GOVT. HSS GIRLS N.K.RATLAM",प्रतिभागी,शिक्षक
CC2429,NEHA CHAUHAN,Ratlam,RATLAM,"23200521223, GOVT. HSS GIRLS N.K.RATLAM",प्रतिभागी,शिक्षक
BI8800,Ritesh Panwar,Ratlam,RATLAM,"23200514612, GOVT. HSS BILPANK",प्रतिभागी,शिक्षक
BO5727,Bheru Singh Muniya,Ratlam,RATLAM,"23200514612, GOVT. HSS BILPANK",प्रतिभागी,शिक्षक
BY2977,Sanjay Rathi,Ratlam,RATLAM,"23200514612, GOVT. HSS BILPANK",प्रतिभागी,अन्य
BI4926,Parmanand Makwana,Ratlam,RATLAM,"23200516923, GOVT. HSS BIRMAWAL",प्रतिभागी,शिक्षक
BI4928,Babu Singh Parmar,Ratlam,RATLAM,"23200516923, GOVT. HSS BIRMAWAL",प्रतिभागी,शिक्षक
BI5198,Preetilata Purohit,Ratlam,RATLAM,"23200516923, GOVT. HSS BIRMAWAL",प्रतिभागी,शिक्षक
BI8814,Girdhari Lal Gehlot,Ratlam,RATLAM,"23200516923, GOVT. HSS BIRMAWAL",प्रतिभागी,शिक्षक
BJ9875,Jairam Singh Rathod,Ratlam,RATLAM,"23200516923, GOVT. HSS BIRMAWAL",प्रतिभागी,शिक्षक
AQ8852,Ekta Panwar,Ratlam,RATLAM,"23200521225, GOVT. HSS JAWAHAR RATLAM",प्रतिभागी,शिक्षक
BI5971,Priyanka Rathore,Ratlam,RATLAM,"23200521225, GOVT. HSS JAWAHAR RATLAM",प्रतिभागी,शिक्षक
BS3865,Seema Bhabar,Ratlam,RATLAM,"23200521225, GOVT. HSS JAWAHAR RATLAM",प्रतिभागी,शिक्षक
BE1415,Som Kunwar Yadav,Ratlam,RATLAM,"23200503507, GOVT. HSS DHOUNSWAS",प्रतिभागी,शिक्षक
BI8242,Mradula Singh,Ratlam,RATLAM,"23200503507, GOVT. HSS DHOUNSWAS",प्रतिभागी,शिक्षक
BQ4553,Deepika Chandel,Ratlam,RATLAM,"23200503507, GOVT. HSS DHOUNSWAS",प्रतिभागी,शिक्षक
BS5703,Rinku Jaiswal,Ratlam,RATLAM,"23200503507, GOVT. HSS DHOUNSWAS",प्रतिभागी,शिक्षक
BW2006,Manju Kumavat,Ratlam,RATLAM,"23200503507, GOVT. HSS DHOUNSWAS",प्रतिभागी,शिक्षक
BW6674,Sheela Jindal,Ratlam,RATLAM,"23200503507, GOVT. HSS DHOUNSWAS",प्रतिभागी,शिक्षक
CB6915,VIJAY HATILA,Ratlam,RATLAM,"23200503507, GOVT. HSS DHOUNSWAS",प्रतिभागी,शिक्षक
CD8022,VIBHA RAWAL,Ratlam,RATLAM,"23200503507, GOVT. HSS DHOUNSWAS",प्रतिभागी,शिक्षक
AQ8321,Rekha Hade,Ratlam,RATLAM,"23200509708, GOVT. HSS  NAGRA",प्रतिभागी,शिक्षक
BE1405,Seema Gupta,Ratlam,RATLAM,"23200509708, GOVT. HSS  NAGRA",प्रतिभागी,शिक्षक
BI4823,Savita Solanki,Ratlam,RATLAM,"23200509708, GOVT. HSS  NAGRA",प्रतिभागी,शिक्षक
BI5067,Mamta Kushwah,Ratlam,RATLAM,"23200509708, GOVT. HSS  NAGRA",प्रतिभागी,शिक्षक
BI5917,Ramesh Upadhyay,Ratlam,RATLAM,"23200509708, GOVT. HSS  NAGRA",प्रतिभागी,सीएसी
BI6075,Joyoshie V Johnson,Ratlam,RATLAM,"23200509708, GOVT. HSS  NAGRA",प्रतिभागी,शिक्षक
BV6329,Mahendra Prajapati,Ratlam,RATLAM,"23200509708, GOVT. HSS  NAGRA",प्रतिभागी,शिक्षक
BY7099,Ganesh Pandit,Ratlam,RATLAM,"23200509708, GOVT. HSS  NAGRA",प्रतिभागी,शिक्षक
BI4922,Prem Sudha,Ratlam,RATLAM,"23200514818, GOVT. HSS DHARAD",प्रतिभागी,शिक्षक
BI4991,Vasudev Bairagi,Ratlam,RATLAM,"23200514818, GOVT. HSS DHARAD",प्रतिभागी,शिक्षक
BI5231,Narendra Singh Panwar,Ratlam,RATLAM,"23200514818, GOVT. HSS DHARAD",प्रतिभागी,शिक्षक
BI8792,Kailash Chandra Rathore,Ratlam,RATLAM,"23200514818, GOVT. HSS DHARAD",प्रतिभागी,शिक्षक
BP7300,Priyanka Chourasiya,Ratlam,RATLAM,"23200514818, GOVT. HSS DHARAD",प्रतिभागी,शिक्षक
BR9558,Kasan Damor,Ratlam,RATLAM,"23200514818, GOVT. HSS DHARAD",प्रतिभागी,शिक्षक
BT9175,Manjula Ahoriya,Ratlam,RATLAM,"23200514818, GOVT. HSS DHARAD",प्रतिभागी,शिक्षक
CB1738,MANENDRA BAIRAGEE,Ratlam,RATLAM,"23200514818, GOVT. HSS DHARAD",प्रतिभागी,शिक्षक
BI4721,Imran Ahmed,Ratlam,RATLAM,"23200511807, GOVT. HSS SHIVPUR",प्रतिभागी,शिक्षक
BI9314,Jyoti Basiya,Ratlam,SAILANA,"23200603116, GOVT. HSS GIRLS SARWAN",प्रतिभागी,शिक्षक
BI9697,Asif Khan,Ratlam,SAILANA,"23200603116, GOVT. HSS GIRLS SARWAN",प्रतिभागी,शिक्षक
BO8462,Shailendra Dwivedi,Ratlam,SAILANA,"23200603116, GOVT. HSS GIRLS SARWAN",प्रतिभागी,शिक्षक
BX8595,durgalal dhanora,Ratlam,SAILANA,"23200603116, GOVT. HSS GIRLS SARWAN",प्रतिभागी,शिक्षक
BI9879,Alok Kothari,Ratlam,SAILANA,"23200618317, GOVT. HSS GIRLS SHIVGAR",प्रतिभागी,शिक्षक
BP6822,Mahaveer Singh Rathore,Ratlam,SAILANA,"23200618317, GOVT. HSS GIRLS SHIVGAR",प्रतिभागी,शिक्षक
BQ7374,Rehana Mansuri,Ratlam,SAILANA,"23200618317, GOVT. HSS GIRLS SHIVGAR",प्रतिभागी,शिक्षक
BE1389,Parveen Bano,Ratlam,SAILANA,"23200610706, GOVT. HIGH SCHOOL KUNDA",प्रतिभागी,शिक्षक
BI9514,Basantilal Maida,Ratlam,SAILANA,"23200610706, GOVT. HIGH SCHOOL KUNDA",प्रतिभागी,शिक्षक
BI9612,Rakam Chand Maida,Ratlam,SAILANA,"23200610706, GOVT. HIGH SCHOOL KUNDA",प्रतिभागी,शिक्षक
BT5091,Shukhlal Kharadi,Ratlam,SAILANA,"23200610706, GOVT. HIGH SCHOOL KUNDA",प्रतिभागी,शिक्षक
CC5550,JAYESH DUBEY,Ratlam,SAILANA,"23200610706, GOVT. HIGH SCHOOL KUNDA",प्रतिभागी,शिक्षक
BI9307,Praveen Maheshwari,Ratlam,SAILANA,"23200612209, GOVT. HSS BERDA",प्रतिभागी,शिक्षक
BI9572,Rameshchandr Ninama,Ratlam,SAILANA,"23200612209, GOVT. HSS BERDA",प्रतिभागी,शिक्षक
BO6392,Sardar Singh Ninama,Ratlam,SAILANA,"23200612209, GOVT. HSS BERDA",प्रतिभागी,शिक्षक
CC7522,SAVITA SHARMA,Ratlam,SAILANA,"23200612209, GOVT. HSS BERDA",प्रतिभागी,शिक्षक
CC7523,RAJU PATIDAR,Ratlam,SAILANA,"23200612209, GOVT. HSS BERDA",प्रतिभागी,शिक्षक
CC9501,MANGLA NARWADIYA,Ratlam,SAILANA,"23200612209, GOVT. HSS BERDA",प्रतिभागी,शिक्षक
BI9547,Dulichand Maida,Ratlam,SAILANA,"23200603115, GOVT. HSS BOYS SARWAN",प्रतिभागी,शिक्षक
BI9564,Tolaram Ninama,Ratlam,SAILANA,"23200603115, GOVT. HSS BOYS SARWAN",प्रतिभागी,शिक्षक
BI9675,Basanti Parmar,Ratlam,SAILANA,"23200603115, GOVT. HSS BOYS SARWAN",प्रतिभागी,शिक्षक
BI9774,Phool Kunwar Solanki,Ratlam,SAILANA,"23200603115, GOVT. HSS BOYS SARWAN",प्रतिभागी,शिक्षक
BI9784,Prem Singh Dandotia,Ratlam,SAILANA,"23200603115, GOVT. HSS BOYS SARWAN",प्रतिभागी,सीएसी
CF1202,SANTOSH PARMAR,Ratlam,SAILANA,"23200603115, GOVT. HSS BOYS SARWAN",प्रतिभागी,शिक्षक
CF1707,DEEPIKA GOUR,Ratlam,SAILANA,"23200603115, GOVT. HSS BOYS SARWAN",प्रतिभागी,शिक्षक
AQ6090,Sapna Sharma,Ratlam,SAILANA,"23200624503, GOVT. EXCELLENCE BOYS HSS SAILANA",प्रतिभागी,शिक्षक
CC4108,SHYAM SOLANKI,Ratlam,SAILANA,"23200624503, GOVT. EXCELLENCE BOYS HSS SAILANA",प्रतिभागी,शिक्षक
BI9301,Pawan Kashyap,Ratlam,SAILANA,"23200621812, GOVT. HS BASINDRA",प्रतिभागी,शिक्षक
CE9520,POOJA RATHOR,Ratlam,SAILANA,"23200621812, GOVT. HS BASINDRA",प्रतिभागी,शिक्षक
BV1566,Naresh Rajawat,Ratlam,SAILANA,"23200623404, GOVT HIGH SCHOOL BHILOKIKHEDI",प्रतिभागी,शिक्षक
CC6496,ASHWINI PANDYA,Ratlam,SAILANA,"23200623404, GOVT HIGH SCHOOL BHILOKIKHEDI",प्रतिभागी,शिक्षक
BI9694,Chatara Singh Singh,Ratlam,SAILANA,"23200618318, G.B.H.S.S. SHIVGARH",प्रतिभागी,शिक्षक
BI9887,Mahesh Chouhan,Ratlam,SAILANA,"23200618318, G.B.H.S.S. SHIVGARH",प्रतिभागी,शिक्षक
CE4419,MANALI BHIDE,Ratlam,SAILANA,"23200618318, G.B.H.S.S. SHIVGARH",प्रतिभागी,शिक्षक
BI9573,Ghanshyam Bairagi,Ratlam,SAILANA,"23200605606, GOVT. HSS SAKRAVDA",प्रतिभागी,शिक्षक
BO4565,Narsingh Muniya,Ratlam,SAILANA,"23200605606, GOVT. HSS SAKRAVDA",प्रतिभागी,शिक्षक
BZ4811,Manish Tailor,Ratlam,SAILANA,"23200605606, GOVT. HSS SAKRAVDA",प्रतिभागी,शिक्षक
CC2756,PREMCHAND CHOUHAN,Ratlam,SAILANA,"23200605606, GOVT. HSS SAKRAVDA",प्रतिभागी,शिक्षक
CC3826,PAPPU LODHI,Ratlam,SAILANA,"23200605606, GOVT. HSS SAKRAVDA",प्रतिभागी,सीएसी
AW5032,Shyam Lal Saket,Rewa,GANGEO,"23140803223, GOVT. HSS BOYS,  LALGAON",प्रतिभागी,शिक्षक
AW5662,Sitaram Saket,Rewa,GANGEO,"23140803223, GOVT. HSS BOYS,  LALGAON",प्रतिभागी,शिक्षक
AW8687,Rajesh Prasad Shukla,Rewa,GANGEO,"23140803223, GOVT. HSS BOYS,  LALGAON",प्रतिभागी,शिक्षक
AW9737,Nageshwar Prasad Dwivedi,Rewa,GANGEO,"23140803223, GOVT. HSS BOYS,  LALGAON",प्रतिभागी,शिक्षक
AW9756,Krishnanarayan Dubey,Rewa,GANGEO,"23140803223, GOVT. HSS BOYS,  LALGAON",प्रतिभागी,शिक्षक
AW9760,Shiv Kumar Tripathi,Rewa,GANGEO,"23140803223, GOVT. HSS BOYS,  LALGAON",प्रतिभागी,शिक्षक
AX1183,Archana Saket,Rewa,GANGEO,"23140803223, GOVT. HSS BOYS,  LALGAON",प्रतिभागी,शिक्षक
AX2617,Babulal Saket,Rewa,GANGEO,"23140803223, GOVT. HSS BOYS,  LALGAON",प्रतिभागी,शिक्षक
AX1935,Bhagwan Deen Basor,Rewa,GANGEO,"23140819702, GOVT. HSS EXCELLENCE, GANGEO",प्रतिभागी,शिक्षक
BN5103,Asha Verma,Rewa,GANGEO,"23140810007, GOVT. HS MAHMOODPUR",प्रतिभागी,शिक्षक
AW9584,Ram Lakhan Kol,Rewa,GANGEO,"23140816707, GOVT. HSS. MAUHARIYA",प्रतिभागी,शिक्षक
AW8688,Bhupendra Singh,Rewa,GANGEO,"23140801807, GOVT. HSS BELWA BADGAIYAN",प्रतिभागी,शिक्षक
AV3083,Prabhash Kumar Dwivedi,Rewa,GANGEO,"23140810311, GOVT. HS DEWAS",प्रतिभागी,शिक्षक
AX2087,Rajbahor Rawat,Rewa,GANGEO,"23140810311, GOVT. HS DEWAS",प्रतिभागी,शिक्षक
AX2128,Suresh Kumar Kushwaha,Rewa,GANGEO,"23140810311, GOVT. HS DEWAS",प्रतिभागी,सीएसी
AX2133,Asha Devi Saket,Rewa,GANGEO,"23140810311, GOVT. HS DEWAS",प्रतिभागी,शिक्षक
AX2147,Ranjana Patel,Rewa,GANGEO,"23140810311, GOVT. HS DEWAS",प्रतिभागी,शिक्षक
BW3002,Lekhnarayan Kori,Rewa,GANGEO,"23140810311, GOVT. HS DEWAS",प्रतिभागी,शिक्षक
AW9271,Ramrati Kol,Rewa,GANGEO,"23140815411, GOVT. HSS RAGHUNATH GANJ",प्रतिभागी,शिक्षक
AX2055,Ramesh Kumar Patel,Rewa,GANGEO,"23140815411, GOVT. HSS RAGHUNATH GANJ",प्रतिभागी,शिक्षक
AX2624,Ashok Kumar Saket,Rewa,GANGEO,"23140815411, GOVT. HSS RAGHUNATH GANJ",प्रतिभागी,शिक्षक
AW9075,Shreekant Tripathi,Rewa,GANGEO,"23140806808, GOVT. HSS PATAI",प्रतिभागी,शिक्षक
AX5491,Ramesh Kol,Rewa,HANUMANA,"23140701011, GOVT. HSS PAHADI",प्रतिभागी,शिक्षक
AF6552,Uma Shankar Mishra,Rewa,HANUMANA,"23140707516, GOVT. HS GIRLS, GAURI",प्रतिभागी,शिक्षक
BC6405,Ramdarash Patel,Rewa,HANUMANA,"23140707516, GOVT. HS GIRLS, GAURI",प्रतिभागी,शिक्षक
BY6996,Vinod Shukla,Rewa,HANUMANA,"23140705033, GOVT. HSS  KHATKHARI",प्रतिभागी,शिक्षक
AX3466,Raj Mani Saket,Rewa,HANUMANA,"23140704409, GOVT. HS  RAMKUDWA",प्रतिभागी,शिक्षक
BB8323,Ram Dinesh Patel,Rewa,HANUMANA,"23140704409, GOVT. HS  RAMKUDWA",प्रतिभागी,शिक्षक
AX3552,Asha Shukla,Rewa,HANUMANA,"23140719926, GOVT. HSS  GIRLS,  HANUMANA",प्रतिभागी,शिक्षक
BO5608,Siyadulari Mishra,Rewa,HANUMANA,"23140719926, GOVT. HSS  GIRLS,  HANUMANA",प्रतिभागी,शिक्षक
BX1011,Hira Lal Mishra,Rewa,HANUMANA,"23140719926, GOVT. HSS  GIRLS,  HANUMANA",प्रतिभागी,शिक्षक
BY2112,Jagtamba Prasad Dubey,Rewa,HANUMANA,"23140719926, GOVT. HSS  GIRLS,  HANUMANA",प्रतिभागी,शिक्षक
AX4988,Dheerendra Kumar Pandey,Rewa,HANUMANA,"23140719927, GOVT. HSS  EXCELLENCE, HANUMANA",प्रतिभागी,शिक्षक
BP2052,Ram Sewak Bind,Rewa,HANUMANA,"23140719927, GOVT. HSS  EXCELLENCE, HANUMANA",प्रतिभागी,शिक्षक
BS4129,Kamlesh Prasad Jaiswal,Rewa,HANUMANA,"23140719927, GOVT. HSS  EXCELLENCE, HANUMANA",प्रतिभागी,शिक्षक
AW7628,Mahaboob Alam,Rewa,JAWA,"23140910908, GOVT. HSS EXCELLENCE, SITLAHA",प्रतिभागी,शिक्षक
AW7629,Sushil Kumar Jayswal,Rewa,JAWA,"23140910908, GOVT. HSS EXCELLENCE, SITLAHA",प्रतिभागी,शिक्षक
AW7631,Aneeta Mishra,Rewa,JAWA,"23140910908, GOVT. HSS EXCELLENCE, SITLAHA",प्रतिभागी,शिक्षक
AX1261,Ram Sanehi Ahirwar,Rewa,JAWA,"23140910908, GOVT. HSS EXCELLENCE, SITLAHA",प्रतिभागी,शिक्षक
BB9084,Anil Kumar Vishwakarma,Rewa,JAWA,"23140910908, GOVT. HSS EXCELLENCE, SITLAHA",प्रतिभागी,शिक्षक
BB9169,Ramcharitra Singh,Rewa,JAWA,"23140910908, GOVT. HSS EXCELLENCE, SITLAHA",प्रतिभागी,शिक्षक
BP4820,Siyasharan Sen,Rewa,JAWA,"23140910908, GOVT. HSS EXCELLENCE, SITLAHA",प्रतिभागी,शिक्षक
BU3222,Amarnath Khatik,Rewa,JAWA,"23140910908, GOVT. HSS EXCELLENCE, SITLAHA",प्रतिभागी,शिक्षक
BU3223,Ashok Kumar Kol,Rewa,JAWA,"23140910908, GOVT. HSS EXCELLENCE, SITLAHA",प्रतिभागी,शिक्षक
BX5372,Ashok Kumar Singh,Rewa,JAWA,"23140910908, GOVT. HSS EXCELLENCE, SITLAHA",प्रतिभागी,शिक्षक
AT1790,Agamlal Singh,Rewa,JAWA,"23140909109, GOVT. HSS PANWAR",प्रतिभागी,शिक्षक
AW7520,Shiv Prasad Kol,Rewa,JAWA,"23140909109, GOVT. HSS PANWAR",प्रतिभागी,शिक्षक
AW8123,Raj Karan Kol,Rewa,JAWA,"23140909109, GOVT. HSS PANWAR",प्रतिभागी,शिक्षक
AW8327,Nirmala Singh,Rewa,JAWA,"23140909109, GOVT. HSS PANWAR",प्रतिभागी,शिक्षक
AW5538,Brijlal Verma,Rewa,JAWA,"23140909609, GOVT. HSS  CHANDI",प्रतिभागी,शिक्षक
BO8416,Rekha Devi Kol,Rewa,JAWA,"23140909609, GOVT. HSS  CHANDI",प्रतिभागी,शिक्षक
BO8460,Urmila Devi Sonkar,Rewa,JAWA,"23140909609, GOVT. HSS  CHANDI",प्रतिभागी,शिक्षक
AW7092,Jagya Lal Saket,Rewa,JAWA,"23140903306, GOVT. HSS  BARAHULA",प्रतिभागी,शिक्षक
AW7146,Ganesh Prasad,Rewa,JAWA,"23140903306, GOVT. HSS  BARAHULA",प्रतिभागी,शिक्षक
BF7520,Bhupendr Singh,Rewa,JAWA,"23140902404, GOVT. HS  KANCHANPUR",प्रतिभागी,शिक्षक
BZ1240,Dheerendra Singh,Rewa,JAWA,"23140906408, GOVT. HS ITAMA",प्रतिभागी,शिक्षक
AX1972,Preem Wati Kol,Rewa,MAUGANJ,"23140311607, GOVT. HSS DEHRA",प्रतिभागी,शिक्षक
BP1285,Narendra Kumar Mishra,Rewa,MAUGANJ,"23140311607, GOVT. HSS DEHRA",प्रतिभागी,शिक्षक
CD7136,KHYATI SAHU,Rewa,MAUGANJ,"23140311607, GOVT. HSS DEHRA",प्रतिभागी,शिक्षक
AX4217,Kusum Patel,Rewa,MAUGANJ,"23140306708, GOVT. HSS  PHARHADA",प्रतिभागी,शिक्षक
AX3241,Chandramani Prasad Dwivedi,Rewa,MAUGANJ,"23140311005, GOVT. HSS  PUSHPRAJ KHUTAHA",प्रतिभागी,शिक्षक
BO6881,Angad Prasad Prajapatee,Rewa,MAUGANJ,"23140311005, GOVT. HSS  PUSHPRAJ KHUTAHA",प्रतिभागी,बीआरसी
BQ4935,Manjula Devi Patel,Rewa,MAUGANJ,"23140311005, GOVT. HSS  PUSHPRAJ KHUTAHA",प्रतिभागी,शिक्षक
AX4193,Pancham Charmkar,Rewa,MAUGANJ,"23140306905, GOVT. HS  KHAIRA KANKESHRA",प्रतिभागी,शिक्षक
AX4694,Sunita Prajapati,Rewa,MAUGANJ,"23140306509, GOVT. HS  PATPARA",प्रतिभागी,शिक्षक
AX5016,Ganga Prasad Mishra,Rewa,MAUGANJ,"23140306509, GOVT. HS  PATPARA",प्रतिभागी,शिक्षक
AW7984,Premlal Kol,Rewa,MAUGANJ,"23140301814, GOVT.  HSS BOYS,  DEOTALAB",प्रतिभागी,शिक्षक
AX1680,Suneeta Saket,Rewa,NAIGARHI,"23140510017, GOVT. HSS GIRLS, NAIGARHI",प्रतिभागी,शिक्षक
AX1789,Amina Begum,Rewa,NAIGARHI,"23140510017, GOVT. HSS GIRLS, NAIGARHI",प्रतिभागी,शिक्षक
AX1644,Dropadi Saket,Rewa,NAIGARHI,"23140510016, GOVT. HSS EXCELLENCE, NAIGARHI",प्रतिभागी,शिक्षक
AX5159,Mushtaq Mohammad Ansari,Rewa,NAIGARHI,"23140510016, GOVT. HSS EXCELLENCE, NAIGARHI",प्रतिभागी,शिक्षक
BC9000,Pramila Tiwari,Rewa,NAIGARHI,"23140510016, GOVT. HSS EXCELLENCE, NAIGARHI",प्रतिभागी,शिक्षक
AW9651,Bhagwan Deen Kol,Rewa,NAIGARHI,"23140505507, GOVT. HSS  ITAHA KALA",प्रतिभागी,शिक्षक
AX1668,Sangeeta Verma,Rewa,NAIGARHI,"23140505507, GOVT. HSS  ITAHA KALA",प्रतिभागी,शिक्षक
AX1669,Geeta Sharma,Rewa,NAIGARHI,"23140505507, GOVT. HSS  ITAHA KALA",प्रतिभागी,शिक्षक
AX2076,Ramji Saket,Rewa,NAIGARHI,"23140505507, GOVT. HSS  ITAHA KALA",प्रतिभागी,शिक्षक
BP1079,Anand Kumar Tiwari,Rewa,NAIGARHI,"23140505507, GOVT. HSS  ITAHA KALA",प्रतिभागी,शिक्षक
BR9503,Jyoti Soni,Rewa,NAIGARHI,"23140505507, GOVT. HSS  ITAHA KALA",प्रतिभागी,शिक्षक
BT5139,Usha Pathak,Rewa,NAIGARHI,"23140505507, GOVT. HSS  ITAHA KALA",प्रतिभागी,शिक्षक
BY6893,Prabhat Kumar Saket,Rewa,NAIGARHI,"23140505507, GOVT. HSS  ITAHA KALA",प्रतिभागी,सीएसी
CA2858,Rakesh Kumar Burman,Rewa,NAIGARHI,"23140504911, GOVT.  HS PHULAHA",प्रतिभागी,शिक्षक
AW8633,Dilip Kumar Kol,Rewa,NAIGARHI,"23140506111, GOVT.  HSS KHARRA",प्रतिभागी,शिक्षक
AW8629,Buddha Sen Kumhar,Rewa,NAIGARHI,"23140507603, GOVT HSS BANDHAWA",प्रतिभागी,शिक्षक
AW8976,Savita Tiwari,Rewa,NAIGARHI,"23140507603, GOVT HSS BANDHAWA",प्रतिभागी,शिक्षक
AX4010,Ramsajeevan Saket,Rewa,RAIPUR(K),"23140200407, GOVT. HSS  ANJAN GANGAHARA",प्रतिभागी,शिक्षक
BC1818,Phool Kumari Saket,Rewa,RAIPUR(K),"23140200407, GOVT. HSS  ANJAN GANGAHARA",प्रतिभागी,शिक्षक
BR5637,Pratima Saket,Rewa,RAIPUR(K),"23140200407, GOVT. HSS  ANJAN GANGAHARA",प्रतिभागी,शिक्षक
BU5050,Bandana Upadhyay,Rewa,RAIPUR(K),"23140201920, GOVT.  HSS RAURA",प्रतिभागी,शिक्षक
BX5792,Rashmi Shukla,Rewa,RAIPUR(K),"23140201920, GOVT.  HSS RAURA",प्रतिभागी,शिक्षक
AT1699,Somta Patel,Rewa,RAIPUR(K),"23140203818, GOVT. HSS  EXCELLENCE, RAPUR KAR.",प्रतिभागी,शिक्षक
BO3450,Anju Shukla,Rewa,RAIPUR(K),"23140203818, GOVT. HSS  EXCELLENCE, RAPUR KAR.",प्रतिभागी,शिक्षक
CA9152,ANUJ SINGH,Rewa,RAIPUR(K),"23140203818, GOVT. HSS  EXCELLENCE, RAPUR KAR.",प्रतिभागी,शिक्षक
AW8655,Asha Kol,Rewa,RAIPUR(K),"23140203817, GOVT. HSS GIRLS, RAIPUR KAR.",प्रतिभागी,शिक्षक
AW9810,Amita Tripathi,Rewa,RAIPUR(K),"23140203817, GOVT. HSS GIRLS, RAIPUR KAR.",प्रतिभागी,शिक्षक
BP1296,Sanjay Sinhg Tiwari,Rewa,RAIPUR(K),"23140203817, GOVT. HSS GIRLS, RAIPUR KAR.",प्रतिभागी,शिक्षक
BU3550,Sangeeta Patel,Rewa,RAIPUR(K),"23140203817, GOVT. HSS GIRLS, RAIPUR KAR.",प्रतिभागी,शिक्षक
BU3551,Preeti Kushwaha,Rewa,RAIPUR(K),"23140203817, GOVT. HSS GIRLS, RAIPUR KAR.",प्रतिभागी,शिक्षक
CA2696,Geeta Tripathi,Rewa,RAIPUR(K),"23140203817, GOVT. HSS GIRLS, RAIPUR KAR.",प्रतिभागी,शिक्षक
AB6175,Gyanendra Mishra,Rewa,RAIPUR(K),"23140210512, GOVT. HSS  TAMARA DESH",प्रतिभागी,शिक्षक
AT4357,Ramkaran Kol,Rewa,RAIPUR(K),"23140220210, GOVT. HSS  MANIKWAR",प्रतिभागी,शिक्षक
BO2232,Chhabilal Kumhar,Rewa,RAIPUR(K),"23140220210, GOVT. HSS  MANIKWAR",प्रतिभागी,शिक्षक
AX3834,Rajesh Tripathi,Rewa,RAIPUR(K),"23140226802, GOVT. HSS BOYS, GURH",प्रतिभागी,शिक्षक
BU5473,Praveen Kumar Verma,Rewa,RAIPUR(K),"23140226802, GOVT. HSS BOYS, GURH",प्रतिभागी,शिक्षक
BU5843,Bharti Mishra,Rewa,RAIPUR(K),"23140226802, GOVT. HSS BOYS, GURH",प्रतिभागी,शिक्षक
BZ7745,Kalpana Tiwari,Rewa,RAIPUR(K),"23140226802, GOVT. HSS BOYS, GURH",प्रतिभागी,शिक्षक
AA6967,Satyanarayan Tripathi,Rewa,REWA,"23140107003, GOVT. HS CHUA PARIHARIN TOLA",प्रतिभागी,शिक्षक
AW5104,Ram Kripal Saket,Rewa,REWA,"23140107003, GOVT. HS CHUA PARIHARIN TOLA",प्रतिभागी,शिक्षक
BC5520,Santosh Kumar Singh,Rewa,REWA,"23140107003, GOVT. HS CHUA PARIHARIN TOLA",प्रतिभागी,शिक्षक
BN2839,Shashi Kala Patel,Rewa,REWA,"23140107003, GOVT. HS CHUA PARIHARIN TOLA",प्रतिभागी,शिक्षक
AW6741,Manbahor Prajapati,Rewa,REWA,"23140126711, GOVT. HSS MARTAND NO.-3, REWA",प्रतिभागी,शिक्षक
AW6885,Shyamkali Patel,Rewa,REWA,"23140126711, GOVT. HSS MARTAND NO.-3, REWA",प्रतिभागी,शिक्षक
AW8509,Jyotsna Ravi,Rewa,REWA,"23140126711, GOVT. HSS MARTAND NO.-3, REWA",प्रतिभागी,शिक्षक
BO3895,Pratibha Singh,Rewa,REWA,"23140126711, GOVT. HSS MARTAND NO.-3, REWA",प्रतिभागी,शिक्षक
BU7159,Sushmita Tiwari,Rewa,REWA,"23140126711, GOVT. HSS MARTAND NO.-3, REWA",प्रतिभागी,शिक्षक
BW6697,Pramod Singh,Rewa,REWA,"23140126711, GOVT. HSS MARTAND NO.-3, REWA",प्रतिभागी,शिक्षक
BX5796,Pooja Dubey,Rewa,REWA,"23140126711, GOVT. HSS MARTAND NO.-3, REWA",प्रतिभागी,शिक्षक
BX6268,Praveen Sharma,Rewa,REWA,"23140126711, GOVT. HSS MARTAND NO.-3, REWA",प्रतिभागी,शिक्षक
BY6442,Rajneesh Prasad Mishra,Rewa,REWA,"23140126711, GOVT. HSS MARTAND NO.-3, REWA",प्रतिभागी,शिक्षक
CD2609,DIKSHA SHUKLA,Rewa,REWA,"23140126711, GOVT. HSS MARTAND NO.-3, REWA",प्रतिभागी,शिक्षक
AW7308,Sharda Rani Tiwari,Rewa,REWA,"23140126710, GOVT. HSS MARTAND NO.-2 REWA",प्रतिभागी,शिक्षक
BT6526,Sarita Singh,Rewa,REWA,"23140126710, GOVT. HSS MARTAND NO.-2 REWA",प्रतिभागी,शिक्षक
BU7563,Jyoti Singh,Rewa,REWA,"23140126710, GOVT. HSS MARTAND NO.-2 REWA",प्रतिभागी,शिक्षक
BU8006,Ashish Soni,Rewa,REWA,"23140126710, GOVT. HSS MARTAND NO.-2 REWA",प्रतिभागी,शिक्षक
CD7100,RAKSHA MISHRA,Rewa,REWA,"23140126710, GOVT. HSS MARTAND NO.-2 REWA",प्रतिभागी,शिक्षक
BO6812,Pushpa Shukla,Rewa,REWA,"23140110310, GOVT. HSS NIPANIYA",प्रतिभागी,शिक्षक
AV5498,Amit Kumar Dwivedi,Rewa,REWA,"23140121308, GOVT. HSS  AGDAL",प्रतिभागी,शिक्षक
AW5517,Sulochna Mishra,Rewa,REWA,"23140109002, GOVT. HSS  KHAJUHA",प्रतिभागी,शिक्षक
AW5689,Santosh Kumar Kol,Rewa,REWA,"23140109002, GOVT. HSS  KHAJUHA",प्रतिभागी,शिक्षक
BB7298,Mamta Patel,Rewa,REWA,"23140109002, GOVT. HSS  KHAJUHA",प्रतिभागी,शिक्षक
BC2049,Satyanarayan Sonkar,Rewa,REWA,"23140109002, GOVT. HSS  KHAJUHA",प्रतिभागी,शिक्षक
BQ3152,Ramesh Kumar Saket,Rewa,REWA,"23140109002, GOVT. HSS  KHAJUHA",प्रतिभागी,शिक्षक
BU6102,Ajeet Kumar Soni,Rewa,REWA,"23140109002, GOVT. HSS  KHAJUHA",प्रतिभागी,शिक्षक
BU3413,Prinshu Singh,Rewa,REWA,"23140101808, GOVT. HSS DIHIYA",प्रतिभागी,शिक्षक
BU5427,Prakash Singh,Rewa,REWA,"23140101808, GOVT. HSS DIHIYA",प्रतिभागी,शिक्षक
AV8695,Archana Shukla,Rewa,REWA,"23140105007, GOVT. HSS SILPARA",प्रतिभागी,शिक्षक
AW7192,Kailash Prasad Saket,Rewa,REWA,"23140105007, GOVT. HSS SILPARA",प्रतिभागी,शिक्षक
BC4967,Ashok Kumar Pandey,Rewa,REWA,"23140105007, GOVT. HSS SILPARA",प्रतिभागी,शिक्षक
BW2538,Ramayan Prasad Tripathi,Rewa,REWA,"23140105007, GOVT. HSS SILPARA",प्रतिभागी,शिक्षक
AV2610,Alka Verma (Kori),Rewa,REWA,"23140120012, GOVT. HSS GIRLS,  P.K. REWA",प्रतिभागी,शिक्षक
AV9122,Pankaj Singh,Rewa,REWA,"23140120012, GOVT. HSS GIRLS,  P.K. REWA",प्रतिभागी,शिक्षक
AW6104,Matgendra Sharma,Rewa,REWA,"23140120012, GOVT. HSS GIRLS,  P.K. REWA",प्रतिभागी,शिक्षक
BN9615,Anil Kumar Tripathi,Rewa,REWA,"23140120012, GOVT. HSS GIRLS,  P.K. REWA",प्रतिभागी,शिक्षक
CB1082,SANJAY CHANDANAN,Rewa,REWA,"23140120012, GOVT. HSS GIRLS,  P.K. REWA",प्रतिभागी,शिक्षक
BX4762,Vikash Singh,Rewa,REWA,"23140107217, GOVT. HSS MAHSAON",प्रतिभागी,शिक्षक
AV3081,Kalpna Shrivastava,Rewa,REWA,"23140120916, GOVT. HSS  GODAHAR",प्रतिभागी,शिक्षक
AW2457,Rekha Singh Baghel,Rewa,REWA,"23140120916, GOVT. HSS  GODAHAR",प्रतिभागी,शिक्षक
AW6714,Santosh Kumar Singh,Rewa,REWA,"23140120916, GOVT. HSS  GODAHAR",प्रतिभागी,शिक्षक
BN5048,Ratna Shukla,Rewa,REWA,"23140120916, GOVT. HSS  GODAHAR",प्रतिभागी,शिक्षक
BX3774,Shrutikirti Singh,Rewa,REWA,"23140110603, GOVT. HSS SHIVPURWA",प्रतिभागी,शिक्षक
AW6932,Indra Pal Saket,Rewa,REWA,"23140114308, GOVT. HSS PAIPAKHARA",प्रतिभागी,शिक्षक
BX5795,Yogita Gaur,Rewa,REWA,"23140114308, GOVT. HSS PAIPAKHARA",प्रतिभागी,शिक्षक
BR1006,Sunita Tiwari,Rewa,REWA,"23140104803, GOVT. HSS GIRLS, SK REWA",प्रतिभागी,शिक्षक
BY9757,Amit Kumar Namdeo,Rewa,REWA,"23140104803, GOVT. HSS GIRLS, SK REWA",प्रतिभागी,शिक्षक
AW2445,Krishn Kumar Shukla,Rewa,REWA,"23140112111, GOVT. HSS RAHAT",प्रतिभागी,शिक्षक
AW4448,S.S. Singh,Rewa,REWA,"23140112111, GOVT. HSS RAHAT",प्रतिभागी,शिक्षक
AW8006,Tekdhar Chaturvedi,Rewa,REWA,"23140112111, GOVT. HSS RAHAT",प्रतिभागी,शिक्षक
BB7301,Umesh Kumar Dwivedi,Rewa,REWA,"23140112111, GOVT. HSS RAHAT",प्रतिभागी,शिक्षक
BC2054,Sameena Bano,Rewa,REWA,"23140112111, GOVT. HSS RAHAT",प्रतिभागी,शिक्षक
AW5606,Vandana Verma,Rewa,REWA,"23140125104, GOVT. HSS NO.1 REWA",प्रतिभागी,शिक्षक
BQ7308,Shashi Rajak,Rewa,REWA,"23140125104, GOVT. HSS NO.1 REWA",प्रतिभागी,शिक्षक
BT1047,Veena Dubey,Rewa,REWA,"23140125104, GOVT. HSS NO.1 REWA",प्रतिभागी,शिक्षक
AW2327,Rekha Goswami,Rewa,REWA,"23140101211, GOVT. HSS BOYS, PUSHPRAJ GOVINDGARH",प्रतिभागी,शिक्षक
AX3667,Vinod Kumar Tiwari,Rewa,REWA,"23140101211, GOVT. HSS BOYS, PUSHPRAJ GOVINDGARH",प्रतिभागी,शिक्षक
BP9874,Rahish Kumar Rawat,Rewa,REWA,"23140101211, GOVT. HSS BOYS, PUSHPRAJ GOVINDGARH",प्रतिभागी,शिक्षक
BT8103,Shweta Sharma,Rewa,REWA,"23140101211, GOVT. HSS BOYS, PUSHPRAJ GOVINDGARH",प्रतिभागी,शिक्षक
BR8293,Babulal Kol,Rewa,SIRMOUR,"23140402024, GOVT. HSS GIRLS, SEMARIYA",प्रतिभागी,शिक्षक
AU4409,Pratibha Tiwari,Rewa,SIRMOUR,"23140417005, GOVT. HSS  EXCELLENCE, SIRMOUR",प्रतिभागी,शिक्षक
AW7027,Devendra Kumar Dwivedi,Rewa,SIRMOUR,"23140417005, GOVT. HSS  EXCELLENCE, SIRMOUR",प्रतिभागी,शिक्षक
AW8267,Ganesh Prasad Mishra,Rewa,SIRMOUR,"23140417005, GOVT. HSS  EXCELLENCE, SIRMOUR",प्रतिभागी,शिक्षक
BC5928,Meena Pandey,Rewa,SIRMOUR,"23140417005, GOVT. HSS  EXCELLENCE, SIRMOUR",प्रतिभागी,शिक्षक
BU3986,Vijaypal Kushwaha,Rewa,SIRMOUR,"23140417005, GOVT. HSS  EXCELLENCE, SIRMOUR",प्रतिभागी,शिक्षक
AW4348,Vishwanath Kol,Rewa,SIRMOUR,"23140413206, GOVT HSS BADI HARDI",प्रतिभागी,शिक्षक
AW4370,Sanjay Kumar Tiwari,Rewa,SIRMOUR,"23140413206, GOVT HSS BADI HARDI",प्रतिभागी,शिक्षक
BO6877,Virendra Kumar Tripathi,Rewa,SIRMOUR,"23140413206, GOVT HSS BADI HARDI",प्रतिभागी,शिक्षक
BU7403,Suresh Kumar Gupta,Rewa,SIRMOUR,"23140413206, GOVT HSS BADI HARDI",प्रतिभागी,शिक्षक
AX4461,Nagendra Prasad Kotwar,Rewa,SIRMOUR,"23140410330, GOVT. HSS BOYS, BAIKUNTHPUR",प्रतिभागी,शिक्षक
BC8909,Ramesh Kumar Verma,Rewa,SIRMOUR,"23140410330, GOVT. HSS BOYS, BAIKUNTHPUR",प्रतिभागी,शिक्षक
AW5055,Ashok Kumar Dwivedi,Rewa,SIRMOUR,"23140404104, GOVT. HSS TIGHARA",प्रतिभागी,शिक्षक
AW6497,Ramdas Yadav,Rewa,SIRMOUR,"23140414606, GOVT. HSS RANGOULI",प्रतिभागी,शिक्षक
AW6500,Lavakush Kol,Rewa,SIRMOUR,"23140414606, GOVT. HSS RANGOULI",प्रतिभागी,शिक्षक
AX5160,Umesh Kumar Saket,Rewa,SIRMOUR,"23140414606, GOVT. HSS RANGOULI",प्रतिभागी,शिक्षक
BQ2601,Lalloo Prasad Pal,Rewa,SIRMOUR,"23140414606, GOVT. HSS RANGOULI",प्रतिभागी,शिक्षक
BR8295,Kashi Prasad Saket,Rewa,SIRMOUR,"23140414606, GOVT. HSS RANGOULI",प्रतिभागी,शिक्षक
BZ7041,Vinod Kumar Ahirwar,Rewa,SIRMOUR,"23140405504, GOVT HSS KHAMHARIYA CHAUBE",प्रतिभागी,शिक्षक
AW4350,Kamala Prasad Charmkar,Rewa,SIRMOUR,"23140415809, GOVT. HS BANDRAO GOUTAMAN",प्रतिभागी,शिक्षक
AW8255,Sukhinand Saket,Rewa,SIRMOUR,"23140415809, GOVT. HS BANDRAO GOUTAMAN",प्रतिभागी,शिक्षक
BU7528,Gyanendra Prasad Mishra,Rewa,SIRMOUR,"23140415809, GOVT. HS BANDRAO GOUTAMAN",प्रतिभागी,शिक्षक
CB8901,PRATIMA PANDEY,Rewa,SIRMOUR,"23140415809, GOVT. HS BANDRAO GOUTAMAN",प्रतिभागी,शिक्षक
BW6495,Durgesh Kumar Verma,Rewa,SIRMOUR,"23140416112, GOVT. HS  BELWA SURSARI SINGH",प्रतिभागी,शिक्षक
AV5234,Ramakant Agnihotri,Rewa,SIRMOUR,"23140425104, GOVT. HSS SHAHPUR",प्रतिभागी,शिक्षक
AW6296,Lalloo Singh,Rewa,SIRMOUR,"23140425104, GOVT. HSS SHAHPUR",प्रतिभागी,शिक्षक
AW6320,Raj Kumar Singh,Rewa,SIRMOUR,"23140425104, GOVT. HSS SHAHPUR",प्रतिभागी,शिक्षक
BC2330,Ramesh Prasad Mishra,Rewa,SIRMOUR,"23140425104, GOVT. HSS SHAHPUR",प्रतिभागी,शिक्षक
AV9883,Neetu Singh,Rewa,TEONTHAR,"23140607211, GOVT. EXCELLENCE  HSS , TEONTHAR",प्रतिभागी,शिक्षक
AX1296,Laxmi Kant Tiwari,Rewa,TEONTHAR,"23140607211, GOVT. EXCELLENCE  HSS , TEONTHAR",प्रतिभागी,शिक्षक
AX1453,Ramdyal Kol,Rewa,TEONTHAR,"23140607211, GOVT. EXCELLENCE  HSS , TEONTHAR",प्रतिभागी,शिक्षक
AX1568,Bal Krishna Tiwari,Rewa,TEONTHAR,"23140607211, GOVT. EXCELLENCE  HSS , TEONTHAR",प्रतिभागी,शिक्षक
AX1579,Subhash Kumar Pathak,Rewa,TEONTHAR,"23140607211, GOVT. EXCELLENCE  HSS , TEONTHAR",प्रतिभागी,शिक्षक
BC7557,Ramsanehi Deepankar,Rewa,TEONTHAR,"23140607211, GOVT. EXCELLENCE  HSS , TEONTHAR",प्रतिभागी,शिक्षक
BO8437,Kamla Devi,Rewa,TEONTHAR,"23140607211, GOVT. EXCELLENCE  HSS , TEONTHAR",प्रतिभागी,शिक्षक
BP1590,Dilip Kumr Mishra,Rewa,TEONTHAR,"23140607211, GOVT. EXCELLENCE  HSS , TEONTHAR",प्रतिभागी,शिक्षक
AX1486,Radheshyam Varma,Rewa,TEONTHAR,"23140603719, GOVT HSS MAJHIGAWAN",प्रतिभागी,शिक्षक
BP1103,Shyam Lal Kol,Rewa,TEONTHAR,"23140603719, GOVT HSS MAJHIGAWAN",प्रतिभागी,शिक्षक
BP1598,Suneeta Tiwari,Rewa,TEONTHAR,"23140603719, GOVT HSS MAJHIGAWAN",प्रतिभागी,शिक्षक
BP1601,Rakesh Shukla,Rewa,TEONTHAR,"23140603719, GOVT HSS MAJHIGAWAN",प्रतिभागी,सीएसी
BZ2809,Dilraj Pal,Rewa,TEONTHAR,"23140603719, GOVT HSS MAJHIGAWAN",प्रतिभागी,शिक्षक
AW5704,Rajaram Pal,Rewa,TEONTHAR,"23140608012, GOVT. HSS GIRLS, TEONTHAR",प्रतिभागी,शिक्षक
AW9844,Ramasharay Aadiwasee,Rewa,TEONTHAR,"23140608012, GOVT. HSS GIRLS, TEONTHAR",प्रतिभागी,शिक्षक
AW9868,Kamta Prasad,Rewa,TEONTHAR,"23140608012, GOVT. HSS GIRLS, TEONTHAR",प्रतिभागी,शिक्षक
AX1238,Chandrama Prasad Khatik,Rewa,TEONTHAR,"23140608012, GOVT. HSS GIRLS, TEONTHAR",प्रतिभागी,शिक्षक
AX1262,Santosh Kumar Singh,Rewa,TEONTHAR,"23140608012, GOVT. HSS GIRLS, TEONTHAR",प्रतिभागी,शिक्षक
AX1284,Vinay Kumar Shukla,Rewa,TEONTHAR,"23140608012, GOVT. HSS GIRLS, TEONTHAR",प्रतिभागी,शिक्षक
AX1289,Kavilash Manjhi,Rewa,TEONTHAR,"23140608012, GOVT. HSS GIRLS, TEONTHAR",प्रतिभागी,शिक्षक
AX2341,Rajendra Prasad Tiwari,Rewa,TEONTHAR,"23140608012, GOVT. HSS GIRLS, TEONTHAR",प्रतिभागी,शिक्षक
BC8600,Tuladhar Sonkar,Rewa,TEONTHAR,"23140608012, GOVT. HSS GIRLS, TEONTHAR",प्रतिभागी,शिक्षक
BP1287,Vimla Singh,Rewa,TEONTHAR,"23140608012, GOVT. HSS GIRLS, TEONTHAR",प्रतिभागी,शिक्षक
BP1603,Asha Singh,Rewa,TEONTHAR,"23140608012, GOVT. HSS GIRLS, TEONTHAR",प्रतिभागी,शिक्षक
BP1604,Santosh Kumar Ahirwar,Rewa,TEONTHAR,"23140608012, GOVT. HSS GIRLS, TEONTHAR",प्रतिभागी,शिक्षक
BP1650,Umesh Kumar Charmkar,Rewa,TEONTHAR,"23140608012, GOVT. HSS GIRLS, TEONTHAR",प्रतिभागी,शिक्षक
BP7509,Vinayak Prasad Ahirwar,Rewa,TEONTHAR,"23140608012, GOVT. HSS GIRLS, TEONTHAR",प्रतिभागी,शिक्षक
BU5837,Subhash Singh,Rewa,TEONTHAR,"23140608012, GOVT. HSS GIRLS, TEONTHAR",प्रतिभागी,शिक्षक
BW2146,Prince Kumar Singh,Rewa,TEONTHAR,"23140608012, GOVT. HSS GIRLS, TEONTHAR",प्रतिभागी,शिक्षक
BW3861,Prakash Singh,Rewa,TEONTHAR,"23140608012, GOVT. HSS GIRLS, TEONTHAR",प्रतिभागी,शिक्षक
BW8567,Ashutosh Kumar Mishra,Rewa,TEONTHAR,"23140608012, GOVT. HSS GIRLS, TEONTHAR",प्रतिभागी,शिक्षक
BX9335,Neelam Singh,Rewa,TEONTHAR,"23140608012, GOVT. HSS GIRLS, TEONTHAR",प्रतिभागी,शिक्षक
CB9991,MANASH MISHRA,Rewa,TEONTHAR,"23140608012, GOVT. HSS GIRLS, TEONTHAR",प्रतिभागी,शिक्षक
AW6435,Virendra Bahadur Kol,Rewa,TEONTHAR,"23140620003, GOVT. HSS GARHI",प्रतिभागी,शिक्षक
AW9899,Samay Lal Kol,Rewa,TEONTHAR,"23140620003, GOVT. HSS GARHI",प्रतिभागी,शिक्षक
AW9907,Virendra Pratap Singh,Rewa,TEONTHAR,"23140620003, GOVT. HSS GARHI",प्रतिभागी,शिक्षक
AX1452,Shankarlal Kol,Rewa,TEONTHAR,"23140620003, GOVT. HSS GARHI",प्रतिभागी,शिक्षक
AX1751,Janki Pratap Singh,Rewa,TEONTHAR,"23140620003, GOVT. HSS GARHI",प्रतिभागी,शिक्षक
BP1526,Jitendra Kumar Verma,Rewa,TEONTHAR,"23140620003, GOVT. HSS GARHI",प्रतिभागी,शिक्षक
BP1528,Rajendra Singh,Rewa,TEONTHAR,"23140620003, GOVT. HSS GARHI",प्रतिभागी,शिक्षक
CA2975,Arun Singh,Rewa,TEONTHAR,"23140620003, GOVT. HSS GARHI",प्रतिभागी,शिक्षक
BP7512,Rampal Kol,Rewa,TEONTHAR,"23140602306, GOVT. HS TANGAHA",प्रतिभागी,शिक्षक
CA2786,Sunil Kumar Yadav,Rewa,TEONTHAR,"23140602306, GOVT. HS TANGAHA",प्रतिभागी,शिक्षक
BW6340,Rajendra Yadav,Rewa,TEONTHAR,"23140602707, GOVT. HS BARHA",प्रतिभागी,शिक्षक
BZ2026,Jainendra Singh,Rewa,TEONTHAR,"23140602707, GOVT. HS BARHA",प्रतिभागी,शिक्षक
AX1363,Sudha Shukla,Rewa,TEONTHAR,"23140610519, GOVT. HSS  BOYS, CHAKGHAT",प्रतिभागी,शिक्षक
AX1394,Ramlakhan Kol,Rewa,TEONTHAR,"23140610519, GOVT. HSS  BOYS, CHAKGHAT",प्रतिभागी,शिक्षक
BP7511,Vinod Kumar Singh,Rewa,TEONTHAR,"23140610519, GOVT. HSS  BOYS, CHAKGHAT",प्रतिभागी,शिक्षक
AX1560,Arun Prakash Mishra,Rewa,TEONTHAR,"23140604706, GOVT. HS KOTARA KALA",प्रतिभागी,शिक्षक
AX1582,Ramakumar Singh,Rewa,TEONTHAR,"23140604706, GOVT. HS KOTARA KALA",प्रतिभागी,शिक्षक
AX1591,Raj Kumari,Rewa,TEONTHAR,"23140604706, GOVT. HS KOTARA KALA",प्रतिभागी,शिक्षक
BF7629,Bansh Raj Singh,Rewa,TEONTHAR,"23140604706, GOVT. HS KOTARA KALA",प्रतिभागी,शिक्षक
BO8208,Manoj Kumar Tiwari,Rewa,TEONTHAR,"23140604706, GOVT. HS KOTARA KALA",प्रतिभागी,शिक्षक
BP1524,Banvari Lal Kol,Rewa,TEONTHAR,"23140604706, GOVT. HS KOTARA KALA",प्रतिभागी,शिक्षक
BY8017,Rupesh Kumar Mishra,Rewa,TEONTHAR,"23140604706, GOVT. HS KOTARA KALA",प्रतिभागी,शिक्षक
AX1149,Mahendra Kumar Dwivedi,Rewa,TEONTHAR,"23140610520, GOVT. HSS GIRLS, CHAKGHAT",प्रतिभागी,शिक्षक
AX1564,Saroj Singh,Rewa,TEONTHAR,"23140610520, GOVT. HSS GIRLS, CHAKGHAT",प्रतिभागी,शिक्षक
BP1758,Prachi Singh,Rewa,TEONTHAR,"23140610520, GOVT. HSS GIRLS, CHAKGHAT",प्रतिभागी,शिक्षक
BU3397,Anjani Kumar Mishra,Rewa,TEONTHAR,"23140610520, GOVT. HSS GIRLS, CHAKGHAT",प्रतिभागी,शिक्षक
BY7611,Amit Malviya,Rewa,TEONTHAR,"23140610520, GOVT. HSS GIRLS, CHAKGHAT",प्रतिभागी,शिक्षक
AL7448,Bhupendra Kumar Pathak,Rewa,TEONTHAR,"23140615017, GOVT. HSS RAIPUR SONOURI",प्रतिभागी,शिक्षक
AX2431,Keshav Prasad Mishra,Rewa,TEONTHAR,"23140615017, GOVT. HSS RAIPUR SONOURI",प्रतिभागी,शिक्षक
AX2536,Savita Devi Varma,Rewa,TEONTHAR,"23140615017, GOVT. HSS RAIPUR SONOURI",प्रतिभागी,शिक्षक
AX2567,Kripa Shankar Chaudhari,Rewa,TEONTHAR,"23140615017, GOVT. HSS RAIPUR SONOURI",प्रतिभागी,शिक्षक
BU2687,Sadhana Dubey,Rewa,TEONTHAR,"23140615017, GOVT. HSS RAIPUR SONOURI",प्रतिभागी,शिक्षक
BV9983,Girdhari Lal Singh,Rewa,TEONTHAR,"23140615017, GOVT. HSS RAIPUR SONOURI",प्रतिभागी,शिक्षक
AV4506,Manoj Kumar Pandey,Rewa,TEONTHAR,"23140613505, GOVT. HSS.KORAON",प्रतिभागी,शिक्षक
AX2579,Kamleshwar Prasad Mishra,Rewa,TEONTHAR,"23140613505, GOVT. HSS.KORAON",प्रतिभागी,शिक्षक
AX2581,Kamlakant Mishra,Rewa,TEONTHAR,"23140613505, GOVT. HSS.KORAON",प्रतिभागी,शिक्षक
BP1108,Chandra Prakash Kol,Rewa,TEONTHAR,"23140613505, GOVT. HSS.KORAON",प्रतिभागी,शिक्षक
BU2688,Veerendra Kumar Yadav,Rewa,TEONTHAR,"23140613505, GOVT. HSS.KORAON",प्रतिभागी,शिक्षक
BU7558,Brijeshkumar Gupta,Rewa,TEONTHAR,"23140613505, GOVT. HSS.KORAON",प्रतिभागी,शिक्षक
BX1249,Prabha Shankar Pandey,Rewa,TEONTHAR,"23140613505, GOVT. HSS.KORAON",प्रतिभागी,शिक्षक
CA2789,Chhote Lal Manjhi,Rewa,TEONTHAR,"23140613505, GOVT. HSS.KORAON",प्रतिभागी,शिक्षक
AN7108,Geeta Devi Pandey,Rewa,TEONTHAR,"23140601409, GOVT. HS AMILIYA  PURWA",प्रतिभागी,शिक्षक
BP1763,Jay Karan,Rewa,TEONTHAR,"23140601409, GOVT. HS AMILIYA  PURWA",प्रतिभागी,शिक्षक
BU2690,Bhupendra Singh,Rewa,TEONTHAR,"23140601409, GOVT. HS AMILIYA  PURWA",प्रतिभागी,शिक्षक
BW6301,SURENDRA KUMAR,Rewa,TEONTHAR,"23140601409, GOVT. HS AMILIYA  PURWA",प्रतिभागी,शिक्षक
BW7412,Vinod Kumar Mishra,Rewa,TEONTHAR,"23140601409, GOVT. HS AMILIYA  PURWA",प्रतिभागी,शिक्षक
BC2182,Ramkailash Manjhi,Rewa,TEONTHAR,"23140612005, GOVT HSS BUDAMA",प्रतिभागी,शिक्षक
BC4585,Saroj Kumar Majhi,Rewa,TEONTHAR,"23140612005, GOVT HSS BUDAMA",प्रतिभागी,शिक्षक
BK1706,Anjani Kumar Kol,Rewa,TEONTHAR,"23140612005, GOVT HSS BUDAMA",प्रतिभागी,शिक्षक
CA2790,Hari Shankar Tripathi,Rewa,TEONTHAR,"23140612005, GOVT HSS BUDAMA",प्रतिभागी,शिक्षक
AF8189,Usha Pathak,Sagar,BANDA,"23110915831, GOVT HSS GIRLS, BANDA",प्रतिभागी,शिक्षक
AK5537,Pramod Kumar Jain,Sagar,BANDA,"23110915831, GOVT HSS GIRLS, BANDA",प्रतिभागी,शिक्षक
AV8173,Ramji Gupta,Sagar,BANDA,"23110915831, GOVT HSS GIRLS, BANDA",प्रतिभागी,शिक्षक
AX6174,Suneeta Soni,Sagar,BANDA,"23110915831, GOVT HSS GIRLS, BANDA",प्रतिभागी,शिक्षक
AX6468,Gourishankar Mishra,Sagar,BANDA,"23110915831, GOVT HSS GIRLS, BANDA",प्रतिभागी,शिक्षक
AX7083,Ramlakhan Pandey,Sagar,BANDA,"23110915831, GOVT HSS GIRLS, BANDA",प्रतिभागी,शिक्षक
BQ7422,Rajkumar Prajapati,Sagar,BANDA,"23110915831, GOVT HSS GIRLS, BANDA",प्रतिभागी,शिक्षक
BY2934,Chitra Soni,Sagar,BANDA,"23110915831, GOVT HSS GIRLS, BANDA",प्रतिभागी,शिक्षक
AX6234,Munna Lal Ahirwar,Sagar,BANDA,"23110907603, GOVT HS BHADRANA",प्रतिभागी,शिक्षक
AX6251,Tulsiram Vishwakarma,Sagar,BANDA,"23110907603, GOVT HS BHADRANA",प्रतिभागी,शिक्षक
AX9112,Arjun Singh,Sagar,BANDA,"23110907603, GOVT HS BHADRANA",प्रतिभागी,शिक्षक
AX6068,Kiran Kori,Sagar,BANDA,"23110915830, GOVT HSS EXCELLENCE, BANDA",प्रतिभागी,शिक्षक
AX6488,Santosh Kumar Ahirwar,Sagar,BANDA,"23110915830, GOVT HSS EXCELLENCE, BANDA",प्रतिभागी,शिक्षक
AX6491,Ramdas Raidas,Sagar,BANDA,"23110915830, GOVT HSS EXCELLENCE, BANDA",प्रतिभागी,शिक्षक
AX6556,Ramaadhar Tiwari,Sagar,BANDA,"23110915830, GOVT HSS EXCELLENCE, BANDA",प्रतिभागी,शिक्षक
AY2810,Mohan Lal Ahirwar,Sagar,BANDA,"23110915830, GOVT HSS EXCELLENCE, BANDA",प्रतिभागी,शिक्षक
BQ1079,Madan Mohan Patel,Sagar,BANDA,"23110915830, GOVT HSS EXCELLENCE, BANDA",प्रतिभागी,शिक्षक
BS8169,Mahesh Kumar Ahirwar,Sagar,BANDA,"23110915830, GOVT HSS EXCELLENCE, BANDA",प्रतिभागी,शिक्षक
BT4557,Shravan Tiwari,Sagar,BANDA,"23110915830, GOVT HSS EXCELLENCE, BANDA",प्रतिभागी,शिक्षक
BX2296,Smita Chouhan,Sagar,BANDA,"23110915830, GOVT HSS EXCELLENCE, BANDA",प्रतिभागी,शिक्षक
BZ3452,Khushbu Sahu,Sagar,BANDA,"23110915830, GOVT HSS EXCELLENCE, BANDA",प्रतिभागी,शिक्षक
CD9279,NEELESH JAIN,Sagar,BANDA,"23110915830, GOVT HSS EXCELLENCE, BANDA",प्रतिभागी,शिक्षक
AX6347,Shriram Mishra,Sagar,BANDA,"23110908404, GOVT HSS BINAIKA",प्रतिभागी,शिक्षक
AY7146,Prashant Kumar Nema,Sagar,BANDA,"23110908404, GOVT HSS BINAIKA",प्रतिभागी,शिक्षक
BQ5962,Pushpendra Kumar Jain,Sagar,BANDA,"23110908404, GOVT HSS BINAIKA",प्रतिभागी,शिक्षक
BY9676,Manoj Kumar Namdeo,Sagar,BANDA,"23110908404, GOVT HSS BINAIKA",प्रतिभागी,शिक्षक
BZ2245,Harinarayan Rawat,Sagar,BANDA,"23110908404, GOVT HSS BINAIKA",प्रतिभागी,शिक्षक
AX6069,Mohan Lal Ahravar,Sagar,BANDA,"23110909703, GOVT HSS MAGRADHA",प्रतिभागी,शिक्षक
AX6600,Satyendra Koshti,Sagar,BANDA,"23110909703, GOVT HSS MAGRADHA",प्रतिभागी,शिक्षक
AY2349,Natthu Singh Ahirwar,Sagar,BANDA,"23110909703, GOVT HSS MAGRADHA",प्रतिभागी,शिक्षक
AY4520,Santosh Kumar Dhurve,Sagar,BANDA,"23110909703, GOVT HSS MAGRADHA",प्रतिभागी,शिक्षक
AY6721,Raghvendra Singh Thakur,Sagar,BANDA,"23110909703, GOVT HSS MAGRADHA",प्रतिभागी,शिक्षक
BR8850,Nutan Dubey,Sagar,BANDA,"23110909703, GOVT HSS MAGRADHA",प्रतिभागी,शिक्षक
AX6539,Pyarelal Gound,Sagar,BANDA,"23110912304, GOVT HS BAHROL",प्रतिभागी,शिक्षक
BW9886,Shreya Kumar Rajoriya,Sagar,BANDA,"23110912304, GOVT HS BAHROL",प्रतिभागी,शिक्षक
AX6046,Manoj Kumar Prajapati,Sagar,BANDA,"23110905906, GOVT HSS BARA",प्रतिभागी,शिक्षक
AX6242,Ram Krishna Dubey,Sagar,BANDA,"23110905906, GOVT HSS BARA",प्रतिभागी,शिक्षक
BR8652,Gita Vishwakarma,Sagar,BANDA,"23110905906, GOVT HSS BARA",प्रतिभागी,शिक्षक
BT3676,Mamta Tripathi,Sagar,BANDA,"23110905906, GOVT HSS BARA",प्रतिभागी,शिक्षक
DB1764,DILSHAD  SHEIKH,Sagar,BANDA,"23110905906, GOVT HSS BARA",प्रतिभागी,शिक्षक
AY4800,Anand Shah,Sagar,BEENA,"23110414118, GOVT HSS MANDI BAMORA",प्रतिभागी,शिक्षक
AY4821,Virendra Singh Yadav,Sagar,BEENA,"23110414118, GOVT HSS MANDI BAMORA",प्रतिभागी,शिक्षक
BT5969,Darshan Lal Dhakar,Sagar,BEENA,"23110414118, GOVT HSS MANDI BAMORA",प्रतिभागी,शिक्षक
AB1244,Anju Chouhan,Sagar,BEENA,"23110416610, GOVT HSS EXCELLENCE, NO.1, BINA",प्रतिभागी,शिक्षक
AX7374,Priyanka Shrivastava,Sagar,BEENA,"23110416610, GOVT HSS EXCELLENCE, NO.1, BINA",प्रतिभागी,शिक्षक
AX7479,Maneesha Rai,Sagar,BEENA,"23110416610, GOVT HSS EXCELLENCE, NO.1, BINA",प्रतिभागी,शिक्षक
AX7623,Bharat Bhushan Litoria,Sagar,BEENA,"23110416610, GOVT HSS EXCELLENCE, NO.1, BINA",प्रतिभागी,शिक्षक
AX7778,Neelu Thakur,Sagar,BEENA,"23110416610, GOVT HSS EXCELLENCE, NO.1, BINA",प्रतिभागी,शिक्षक
AX7904,Jyoti Panthi,Sagar,BEENA,"23110416610, GOVT HSS EXCELLENCE, NO.1, BINA",प्रतिभागी,शिक्षक
AX7908,Reeta Tiwari,Sagar,BEENA,"23110416610, GOVT HSS EXCELLENCE, NO.1, BINA",प्रतिभागी,शिक्षक
AY3788,Mahesh Prasad,Sagar,BEENA,"23110416610, GOVT HSS EXCELLENCE, NO.1, BINA",प्रतिभागी,शिक्षक
AY3828,Kavita Goswami,Sagar,BEENA,"23110416610, GOVT HSS EXCELLENCE, NO.1, BINA",प्रतिभागी,शिक्षक
BN7467,Meena Rahul,Sagar,BEENA,"23110416610, GOVT HSS EXCELLENCE, NO.1, BINA",प्रतिभागी,शिक्षक
BR4431,Hari Om Kadam,Sagar,BEENA,"23110416610, GOVT HSS EXCELLENCE, NO.1, BINA",प्रतिभागी,शिक्षक
BR9483,Sangeeta Pandey,Sagar,BEENA,"23110416610, GOVT HSS EXCELLENCE, NO.1, BINA",प्रतिभागी,शिक्षक
BW8473,Mukta Jain,Sagar,BEENA,"23110416610, GOVT HSS EXCELLENCE, NO.1, BINA",प्रतिभागी,शिक्षक
CB8049,OMWATI PANTHI,Sagar,BEENA,"23110416610, GOVT HSS EXCELLENCE, NO.1, BINA",प्रतिभागी,शिक्षक
AC4167,Shailendra Nayak,Sagar,BEENA,"23110416609, GOVT HSS NO 2, BINA",प्रतिभागी,शिक्षक
AX7184,NIDHI PATHAK,Sagar,BEENA,"23110416609, GOVT HSS NO 2, BINA",प्रतिभागी,शिक्षक
AX7685,Poonam Tiwari,Sagar,BEENA,"23110416609, GOVT HSS NO 2, BINA",प्रतिभागी,शिक्षक
AX7766,Sanjay Kumar Tiwari,Sagar,BEENA,"23110416609, GOVT HSS NO 2, BINA",प्रतिभागी,शिक्षक
AX7848,Shrimati Raman Rajput,Sagar,BEENA,"23110416609, GOVT HSS NO 2, BINA",प्रतिभागी,शिक्षक
AX7916,Arti Pathak,Sagar,BEENA,"23110416609, GOVT HSS NO 2, BINA",प्रतिभागी,शिक्षक
BF3574,Ved Pratap Shriwastava,Sagar,BEENA,"23110416609, GOVT HSS NO 2, BINA",प्रतिभागी,शिक्षक
BQ3971,Rajul Jain,Sagar,BEENA,"23110416609, GOVT HSS NO 2, BINA",प्रतिभागी,शिक्षक
BQ7382,Saurabh Kumar Jain,Sagar,BEENA,"23110416609, GOVT HSS NO 2, BINA",प्रतिभागी,शिक्षक
BR4003,Jyoti Sharma,Sagar,BEENA,"23110416609, GOVT HSS NO 2, BINA",प्रतिभागी,शिक्षक
BR4798,Pushpendra Kumar Babele,Sagar,BEENA,"23110416609, GOVT HSS NO 2, BINA",प्रतिभागी,शिक्षक
BV8597,Seema Gupta,Sagar,BEENA,"23110416609, GOVT HSS NO 2, BINA",प्रतिभागी,शिक्षक
BZ1448,Asma Bee,Sagar,BEENA,"23110416609, GOVT HSS NO 2, BINA",प्रतिभागी,शिक्षक
CC3305,REENA THAKUR,Sagar,BEENA,"23110416609, GOVT HSS NO 2, BINA",प्रतिभागी,शिक्षक
AX7597,Jasvinder Kaur,Sagar,BEENA,"23110408105, GOVT HS DEHRI",प्रतिभागी,शिक्षक
AX7768,Suman Ahirwar,Sagar,BEENA,"23110408105, GOVT HS DEHRI",प्रतिभागी,शिक्षक
AX7814,Harinarayan Chadhar,Sagar,BEENA,"23110408105, GOVT HS DEHRI",प्रतिभागी,शिक्षक
AX7870,Arvind Dharampurikar,Sagar,BEENA,"23110408105, GOVT HS DEHRI",प्रतिभागी,शिक्षक
BS6248,Arvind Singh Thakur,Sagar,BEENA,"23110408105, GOVT HS DEHRI",प्रतिभागी,शिक्षक
BS8054,Vinita Nayak,Sagar,BEENA,"23110408105, GOVT HS DEHRI",प्रतिभागी,शिक्षक
BT8552,Jabbar Khan,Sagar,BEENA,"23110408105, GOVT HS DEHRI",प्रतिभागी,शिक्षक
BW8774,Archana Choubey,Sagar,BEENA,"23110408105, GOVT HS DEHRI",प्रतिभागी,शिक्षक
CD7891,MONIKA JAIN,Sagar,BEENA,"23110408105, GOVT HS DEHRI",प्रतिभागी,शिक्षक
AH7440,Deepak Kumar Choudhary,Sagar,BEENA,"23110405209, GOVT HS AAGASOUD",प्रतिभागी,शिक्षक
AX7483,Brijesh Kumar Jain,Sagar,BEENA,"23110405209, GOVT HS AAGASOUD",प्रतिभागी,शिक्षक
AX7611,Ratan Lal,Sagar,BEENA,"23110405209, GOVT HS AAGASOUD",प्रतिभागी,शिक्षक
BR4338,Arti Thakur,Sagar,BEENA,"23110405209, GOVT HS AAGASOUD",प्रतिभागी,शिक्षक
BR5037,Ajab Kumar Sahu,Sagar,BEENA,"23110405209, GOVT HS AAGASOUD",प्रतिभागी,शिक्षक
CD7886,RAJNI THAKUR,Sagar,BEENA,"23110405209, GOVT HS AAGASOUD",प्रतिभागी,शिक्षक
AX9886,Nitesh Singh Thakur,Sagar,DEORI,"23110617215, GOVT HSS BOYS, GOURJHAMAR",प्रतिभागी,शिक्षक
AY2148,Kadori Lodhi,Sagar,DEORI,"23110617215, GOVT HSS BOYS, GOURJHAMAR",प्रतिभागी,शिक्षक
BZ3698,Ashok Kumar,Sagar,DEORI,"23110617215, GOVT HSS BOYS, GOURJHAMAR",प्रतिभागी,शिक्षक
AX9894,Santosh Kumar Mehra,Sagar,DEORI,"23110601803, GOVT HS CHIRCHITA SUKHJU",प्रतिभागी,सीएसी
AY1053,Kanhaiya Lal Tamrakar,Sagar,DEORI,"23110601803, GOVT HS CHIRCHITA SUKHJU",प्रतिभागी,शिक्षक
BX2271,Nitin Swami,Sagar,DEORI,"23110601803, GOVT HS CHIRCHITA SUKHJU",प्रतिभागी,शिक्षक
AX9697,Rashmi Rajoriya,Sagar,DEORI,"23110608807, GOVT HS RASENA",प्रतिभागी,शिक्षक
AY1107,Rajaram Kumhar,Sagar,DEORI,"23110608807, GOVT HS RASENA",प्रतिभागी,शिक्षक
BQ8424,Sandeep Kumar Pandey,Sagar,DEORI,"23110608807, GOVT HS RASENA",प्रतिभागी,शिक्षक
BX6530,Sudarshan Jatav,Sagar,DEORI,"23110608807, GOVT HS RASENA",प्रतिभागी,शिक्षक
AX9700,Kamlesh Katiya,Sagar,DEORI,"23110603808, GOVT HSS MAHRAJPUR",प्रतिभागी,शिक्षक
BS6591,Naresh Kumar Kurmi,Sagar,DEORI,"23110603808, GOVT HSS MAHRAJPUR",प्रतिभागी,शिक्षक
BZ5683,Shravan Lodhi,Sagar,DEORI,"23110603808, GOVT HSS MAHRAJPUR",प्रतिभागी,शिक्षक
AX9712,Kavita Dixit,Sagar,DEORI,"23110626107, GOVT HSS GIRLS, DEORI",प्रतिभागी,शिक्षक
AX9940,Ganeshprasad Sen,Sagar,DEORI,"23110626107, GOVT HSS GIRLS, DEORI",प्रतिभागी,शिक्षक
AY1190,Neelmani Jain,Sagar,DEORI,"23110626107, GOVT HSS GIRLS, DEORI",प्रतिभागी,शिक्षक
AY1204,Madhubala Bhardwaj,Sagar,DEORI,"23110626107, GOVT HSS GIRLS, DEORI",प्रतिभागी,शिक्षक
BN7464,Kalyanasingh Sen,Sagar,DEORI,"23110626107, GOVT HSS GIRLS, DEORI",प्रतिभागी,शिक्षक
BQ7555,Prahlad Singh Lodhi,Sagar,DEORI,"23110626107, GOVT HSS GIRLS, DEORI",प्रतिभागी,शिक्षक
BU4639,Swrenalata Ekka,Sagar,DEORI,"23110626107, GOVT HSS GIRLS, DEORI",प्रतिभागी,शिक्षक
AH9353,Sanjay Kumar Soni,Sagar,DEORI,"23110617216, GOVT HSS GIRLS, GOURJHAMAR",प्रतिभागी,शिक्षक
AY2098,Snehlata Thakur,Sagar,DEORI,"23110617216, GOVT HSS GIRLS, GOURJHAMAR",प्रतिभागी,शिक्षक
AY2146,Sharda Soni,Sagar,DEORI,"23110617216, GOVT HSS GIRLS, GOURJHAMAR",प्रतिभागी,शिक्षक
BW6447,Anjani Dangi,Sagar,DEORI,"23110617216, GOVT HSS GIRLS, GOURJHAMAR",प्रतिभागी,शिक्षक
BX1583,Rajendra Singh Dangi,Sagar,DEORI,"23110617216, GOVT HSS GIRLS, GOURJHAMAR",प्रतिभागी,शिक्षक
BZ2784,Sachin Guru,Sagar,DEORI,"23110617216, GOVT HSS GIRLS, GOURJHAMAR",प्रतिभागी,शिक्षक
BZ5205,Nirmal Singh Dangi,Sagar,DEORI,"23110617216, GOVT HSS GIRLS, GOURJHAMAR",प्रतिभागी,शिक्षक
AL9155,Rajendra Singh Thakur,Sagar,DEORI,"23110626106, GOVT HSS EXCELLENCE, DEORI",प्रतिभागी,शिक्षक
AX9872,Krishnakant Bharadwaj,Sagar,DEORI,"23110626106, GOVT HSS EXCELLENCE, DEORI",प्रतिभागी,शिक्षक
AX9883,Madhu Bharatdwaj,Sagar,DEORI,"23110626106, GOVT HSS EXCELLENCE, DEORI",प्रतिभागी,शिक्षक
BX7624,Sanjay Bilthare,Sagar,DEORI,"23110626106, GOVT HSS EXCELLENCE, DEORI",प्रतिभागी,शिक्षक
AX9614,Mukesh Kumar Prajapati,Sagar,DEORI,"23110614007, GOVT HSS JAITPUR KOPRA",प्रतिभागी,शिक्षक
AX9725,Raghuvir Prasad Dubey,Sagar,DEORI,"23110614007, GOVT HSS JAITPUR KOPRA",प्रतिभागी,शिक्षक
BT6201,Sudhir Ahirwar,Sagar,DEORI,"23110614007, GOVT HSS JAITPUR KOPRA",प्रतिभागी,शिक्षक
BX6224,Ranjana Dubey,Sagar,DEORI,"23110614007, GOVT HSS JAITPUR KOPRA",प्रतिभागी,शिक्षक
BZ2973,Ramakant Dubey,Sagar,DEORI,"23110614007, GOVT HSS JAITPUR KOPRA",प्रतिभागी,शिक्षक
AX9699,Mithalesh Kumar Choubey,Sagar,DEORI,"23110611810, GOVT HS SINGHPUR GANJAN",प्रतिभागी,शिक्षक
BU6381,Ramsakhi Goud,Sagar,DEORI,"23110611810, GOVT HS SINGHPUR GANJAN",प्रतिभागी,शिक्षक
BW7564,Sitaram Ladiya (Chamar),Sagar,DEORI,"23110611810, GOVT HS SINGHPUR GANJAN",प्रतिभागी,शिक्षक
AX9691,Nehmanti Tirkey,Sagar,JAISINAGAR,"23110204005, GOVT HS PADRAI",प्रतिभागी,शिक्षक
AY2668,Aradhana Panth,Sagar,JAISINAGAR,"23110204005, GOVT HS PADRAI",प्रतिभागी,शिक्षक
AY2854,Ramdayal Raj,Sagar,JAISINAGAR,"23110204005, GOVT HS PADRAI",प्रतिभागी,शिक्षक
AY3504,Madan Kumar Soni,Sagar,JAISINAGAR,"23110204005, GOVT HS PADRAI",प्रतिभागी,शिक्षक
AI3176,Usha Soni,Sagar,JAISINAGAR,"23110211004, GOVT HS BARODA SAGAR",प्रतिभागी,शिक्षक
AX8170,Sanjay Kumar Jat,Sagar,JAISINAGAR,"23110211004, GOVT HS BARODA SAGAR",प्रतिभागी,शिक्षक
AY3339,Raksha Lodhi,Sagar,JAISINAGAR,"23110211004, GOVT HS BARODA SAGAR",प्रतिभागी,शिक्षक
AY6297,Anita Sahu,Sagar,JAISINAGAR,"23110211004, GOVT HS BARODA SAGAR",प्रतिभागी,शिक्षक
BR6742,Dilip Kumar Sahu,Sagar,JAISINAGAR,"23110211004, GOVT HS BARODA SAGAR",प्रतिभागी,शिक्षक
BT5626,Pallavi Mishra,Sagar,JAISINAGAR,"23110211004, GOVT HS BARODA SAGAR",प्रतिभागी,शिक्षक
BW6089,Rajesh Pawar,Sagar,JAISINAGAR,"23110211004, GOVT HS BARODA SAGAR",प्रतिभागी,शिक्षक
AY2643,Raghvendra Prasad Bachkainya,Sagar,JAISINAGAR,"23110200114, GOVT HSS EXCELLENCE, JAISINAGAR",प्रतिभागी,शिक्षक
BQ2923,Narendra Kumar Yadav,Sagar,JAISINAGAR,"23110200114, GOVT HSS EXCELLENCE, JAISINAGAR",प्रतिभागी,शिक्षक
CD8062,RAJKUMAR PATEL,Sagar,JAISINAGAR,"23110200114, GOVT HSS EXCELLENCE, JAISINAGAR",प्रतिभागी,शिक्षक
AY2639,Rajkumari Choudhari,Sagar,JAISINAGAR,"23110202706, GOVT HS SATTADHANA",प्रतिभागी,शिक्षक
AY2802,Rajaram Singh Rajgoud,Sagar,JAISINAGAR,"23110202706, GOVT HS SATTADHANA",प्रतिभागी,शिक्षक
BT2158,Jyoti Tamarkar,Sagar,JAISINAGAR,"23110202706, GOVT HS SATTADHANA",प्रतिभागी,शिक्षक
BW7540,Laxman Singh Raajput,Sagar,JAISINAGAR,"23110202706, GOVT HS SATTADHANA",प्रतिभागी,शिक्षक
AX7182,Mehtab Singh Lodhi,Sagar,JAISINAGAR,"23110207716, GOVT HSS BILHARA",प्रतिभागी,शिक्षक
AX7286,Ajay Alfred,Sagar,JAISINAGAR,"23110207716, GOVT HSS BILHARA",प्रतिभागी,शिक्षक
BT9178,Madhav Singh Rajpoot,Sagar,JAISINAGAR,"23110207716, GOVT HSS BILHARA",प्रतिभागी,शिक्षक
AY3326,Maneesh Kumar Jain,Sagar,KESLI,"23110709708, GOVT HSS TADA",प्रतिभागी,शिक्षक
AY3395,Kamal Kumar Kori,Sagar,KESLI,"23110709708, GOVT HSS TADA",प्रतिभागी,शिक्षक
CD6225,ADITYA KHARE,Sagar,KESLI,"23110709708, GOVT HSS TADA",प्रतिभागी,शिक्षक
AY3386,Neeraj Giri Goswami,Sagar,KESLI,"23110700112, GOVT HSS GIRLS, KESLI",प्रतिभागी,शिक्षक
AY3566,Narendra Kumar Shrivastava,Sagar,KESLI,"23110700112, GOVT HSS GIRLS, KESLI",प्रतिभागी,शिक्षक
AY3638,Rakesh Kumar Upadhyay,Sagar,KESLI,"23110700112, GOVT HSS GIRLS, KESLI",प्रतिभागी,शिक्षक
BT4616,Dinesh Kumar Sen,Sagar,KESLI,"23110700112, GOVT HSS GIRLS, KESLI",प्रतिभागी,शिक्षक
BZ5231,Surendra Kumar Lodhi,Sagar,KESLI,"23110700112, GOVT HSS GIRLS, KESLI",प्रतिभागी,शिक्षक
AY3206,Karan Singh Lodhi,Sagar,KESLI,"23110701306, GOVT HS JAITPUR DOMA",प्रतिभागी,शिक्षक
AY3276,Krishna Gopal Shrivastava,Sagar,KESLI,"23110701306, GOVT HS JAITPUR DOMA",प्रतिभागी,शिक्षक
AY3543,Mulam Singh Gound,Sagar,KESLI,"23110701306, GOVT HS JAITPUR DOMA",प्रतिभागी,शिक्षक
AY3650,Gulab Singh Lodhi,Sagar,KESLI,"23110701306, GOVT HS JAITPUR DOMA",प्रतिभागी,शिक्षक
BQ7938,Rajesh Vishwakarma,Sagar,KESLI,"23110701306, GOVT HS JAITPUR DOMA",प्रतिभागी,शिक्षक
AY3429,Pushpabai Chourasiya,Sagar,KESLI,"23110712403, GOVT HS JHIRIYA ADHARPUR",प्रतिभागी,शिक्षक
BZ3267,Pravesh Patel,Sagar,KESLI,"23110712403, GOVT HS JHIRIYA ADHARPUR",प्रतिभागी,शिक्षक
AL9164,Pradeep Kumar Arele,Sagar,KESLI,"23110706512, GOVT HSS SAHAJPUR",प्रतिभागी,शिक्षक
AY3636,Ramsujan Chadar,Sagar,KESLI,"23110708003, GOVT HSS NAHARMAU",प्रतिभागी,शिक्षक
AY3724,Manjulata Mishra,Sagar,KESLI,"23110708003, GOVT HSS NAHARMAU",प्रतिभागी,शिक्षक
AY3490,Brajesh Kumar Shukla,Sagar,KESLI,"23110700113, GOVT HSS EXCELLENCE, KESLI",प्रतिभागी,शिक्षक
AY6963,Kamlesh Kumar Athiya,Sagar,KESLI,"23110700113, GOVT HSS EXCELLENCE, KESLI",प्रतिभागी,शिक्षक
BQ5850,Dinesh Kumar Sahu,Sagar,KESLI,"23110700113, GOVT HSS EXCELLENCE, KESLI",प्रतिभागी,शिक्षक
BR7876,Arun Vishwakarma,Sagar,KESLI,"23110700113, GOVT HSS EXCELLENCE, KESLI",प्रतिभागी,शिक्षक
AY4066,Ramlakhan Singhh,Sagar,KHURAI,"23110516578, GOVT HSS GIRLS, LALITA SHASTRI, KHURAI",प्रतिभागी,शिक्षक
AY4137,Ramsingh Lodhi,Sagar,KHURAI,"23110516578, GOVT HSS GIRLS, LALITA SHASTRI, KHURAI",प्रतिभागी,शिक्षक
AY4310,Rudra Pratap Singh Bundela,Sagar,KHURAI,"23110516578, GOVT HSS GIRLS, LALITA SHASTRI, KHURAI",प्रतिभागी,शिक्षक
AY4374,Samiksha Samaiya,Sagar,KHURAI,"23110516578, GOVT HSS GIRLS, LALITA SHASTRI, KHURAI",प्रतिभागी,शिक्षक
BR1551,Rajendra Singh Prajapati,Sagar,KHURAI,"23110516578, GOVT HSS GIRLS, LALITA SHASTRI, KHURAI",प्रतिभागी,शिक्षक
BY6300,Seema Jain,Sagar,KHURAI,"23110516578, GOVT HSS GIRLS, LALITA SHASTRI, KHURAI",प्रतिभागी,शिक्षक
AY3976,Munnalal Patel,Sagar,KHURAI,"23110503003, GOVT HSS DHANORA (KHURAI)",प्रतिभागी,शिक्षक
AY4009,Gola Ahirwar,Sagar,KHURAI,"23110510509, GOVT HSS GADHOLA JAGEER",प्रतिभागी,शिक्षक
AY4011,Netram Vishwakarma,Sagar,KHURAI,"23110516120, GOVT HSS KHIMLASA",प्रतिभागी,शिक्षक
AY4064,Umesh Kumar Pandey,Sagar,KHURAI,"23110516120, GOVT HSS KHIMLASA",प्रतिभागी,शिक्षक
BW6456,Neetika Jain,Sagar,KHURAI,"23110516120, GOVT HSS KHIMLASA",प्रतिभागी,शिक्षक
AX7044,Bhurelal Ahirwar,Sagar,KHURAI,"23110500108, GOVT HSS BARODIYA NONAGAR",प्रतिभागी,शिक्षक
AY4343,Sohan Singh Dangi,Sagar,KHURAI,"23110500108, GOVT HSS BARODIYA NONAGAR",प्रतिभागी,शिक्षक
BF4410,Naresh Kumar Patel,Sagar,KHURAI,"23110500108, GOVT HSS BARODIYA NONAGAR",प्रतिभागी,शिक्षक
BQ8646,Shruti Jadiya,Sagar,KHURAI,"23110505115, GOVT HSS BASAHARI",प्रतिभागी,शिक्षक
AY3909,Veer Singh Thakur,Sagar,KHURAI,"23110516577, GOVT HSS EXCELLENCE, KC.SHARMA, KHURAI",प्रतिभागी,शिक्षक
AY3950,Cristina Oliva,Sagar,KHURAI,"23110516577, GOVT HSS EXCELLENCE, KC.SHARMA, KHURAI",प्रतिभागी,शिक्षक
AY4367,Jayprakash Tiwari,Sagar,KHURAI,"23110516577, GOVT HSS EXCELLENCE, KC.SHARMA, KHURAI",प्रतिभागी,शिक्षक
AY4390,Kanchan Ahirwar,Sagar,KHURAI,"23110516577, GOVT HSS EXCELLENCE, KC.SHARMA, KHURAI",प्रतिभागी,शिक्षक
BP8792,Neetu Raj Choudhary,Sagar,KHURAI,"23110516577, GOVT HSS EXCELLENCE, KC.SHARMA, KHURAI",प्रतिभागी,शिक्षक
BW9272,Avatar Narayan Tiwari,Sagar,KHURAI,"23110516577, GOVT HSS EXCELLENCE, KC.SHARMA, KHURAI",प्रतिभागी,शिक्षक
CD3846,SHAHRUKH KHAN,Sagar,KHURAI,"23110516577, GOVT HSS EXCELLENCE, KC.SHARMA, KHURAI",प्रतिभागी,शिक्षक
AY4624,Savita Sharma,Sagar,MALTHON,"23110100121, GOVT HSS EXCELLENCE, MALTHON",प्रतिभागी,शिक्षक
AY4628,Harikrishna Choubey,Sagar,MALTHON,"23110100121, GOVT HSS EXCELLENCE, MALTHON",प्रतिभागी,शिक्षक
AX6588,Mukesh Soni,Sagar,MALTHON,"23110115304, GOVT HS PITHORIYA",प्रतिभागी,शिक्षक
CB3206,HARIOM SHRIVAS,Sagar,MALTHON,"23110115304, GOVT HS PITHORIYA",प्रतिभागी,शिक्षक
AX6606,Laxmi Devi Thakur,Sagar,MALTHON,"23110108107, GOVT HSS RAJVANS",प्रतिभागी,शिक्षक
AX6750,Tulsa Bai Ahirwar,Sagar,MALTHON,"23110108107, GOVT HSS RAJVANS",प्रतिभागी,शिक्षक
AX6832,Rabbu Lal Ahiwar,Sagar,MALTHON,"23110108107, GOVT HSS RAJVANS",प्रतिभागी,शिक्षक
AY6209,Ratan Singh Thakur,Sagar,MALTHON,"23110108107, GOVT HSS RAJVANS",प्रतिभागी,शिक्षक
CB2812,SHSHIKANT PATHAK,Sagar,MALTHON,"23110108107, GOVT HSS RAJVANS",प्रतिभागी,शिक्षक
AX6786,Hallu Sour,Sagar,MALTHON,"23110118603, GOVT HSS BARODIYA KALAN",प्रतिभागी,शिक्षक
AX7036,Ghanshyam Prasad,Sagar,MALTHON,"23110118603, GOVT HSS BARODIYA KALAN",प्रतिभागी,शिक्षक
AX7089,Rapheek Khan Behana,Sagar,MALTHON,"23110118603, GOVT HSS BARODIYA KALAN",प्रतिभागी,शिक्षक
BR7848,Sandhya Rajpoot,Sagar,MALTHON,"23110118603, GOVT HSS BARODIYA KALAN",प्रतिभागी,शिक्षक
AX6859,Virendra Singh Rajpoot,Sagar,MALTHON,"23110102904, GOVT HSS PARSON",प्रतिभागी,शिक्षक
BU1999,Ramkuar Bundela,Sagar,MALTHON,"23110102904, GOVT HSS PARSON",प्रतिभागी,शिक्षक
BV2264,Karan Singh Rajpoot,Sagar,MALTHON,"23110102904, GOVT HSS PARSON",प्रतिभागी,शिक्षक
AY7275,Hakam Singh Thakur,Sagar,RAHATGARH,"23110814216, GOVT HSS JARUAKHEDA",प्रतिभागी,शिक्षक
BZ3561,Udaychand Prajapati,Sagar,RAHATGARH,"23110814216, GOVT HSS JARUAKHEDA",प्रतिभागी,शिक्षक
AY5148,Ahmad Khan,Sagar,RAHATGARH,"23110818105, GOVT HSS MEHAR",प्रतिभागी,शिक्षक
AY7266,John Hary,Sagar,RAHATGARH,"23110818105, GOVT HSS MEHAR",प्रतिभागी,शिक्षक
BR6092,Harish Patwa,Sagar,RAHATGARH,"23110818105, GOVT HSS MEHAR",प्रतिभागी,शिक्षक
BS6344,Girdhari Lal Sahu,Sagar,RAHATGARH,"23110818105, GOVT HSS MEHAR",प्रतिभागी,शिक्षक
BV9630,Ashish Mishra,Sagar,RAHATGARH,"23110818105, GOVT HSS MEHAR",प्रतिभागी,शिक्षक
BZ4476,Priyanka Soni,Sagar,RAHATGARH,"23110818105, GOVT HSS MEHAR",प्रतिभागी,शिक्षक
AY2817,Rajesh Dubey,Sagar,RAHATGARH,"23110809709, GOVT HSS SIHORA",प्रतिभागी,शिक्षक
AY3069,Anil Kumar Tiwari,Sagar,RAHATGARH,"23110809709, GOVT HSS SIHORA",प्रतिभागी,शिक्षक
AY6132,Sarita Jain,Sagar,RAHATGARH,"23110809709, GOVT HSS SIHORA",प्रतिभागी,शिक्षक
AY6278,Sarita Dubey,Sagar,RAHATGARH,"23110809709, GOVT HSS SIHORA",प्रतिभागी,शिक्षक
BQ1020,Manoj Kumar Nagaich,Sagar,RAHATGARH,"23110809709, GOVT HSS SIHORA",प्रतिभागी,शिक्षक
BS7619,Rani Vaidhya,Sagar,RAHATGARH,"23110809709, GOVT HSS SIHORA",प्रतिभागी,शिक्षक
AY2968,Kavita Jatav,Sagar,RAHATGARH,"23110816920, GOVT HSS EXCELLENCE, NARYAWALI",प्रतिभागी,शिक्षक
AY6299,Neera Gyanti Lakra,Sagar,RAHATGARH,"23110816920, GOVT HSS EXCELLENCE, NARYAWALI",प्रतिभागी,शिक्षक
AY5346,Rajdev Singh,Sagar,RAHATGARH,"23110804605, GOVT HSS JHILA",प्रतिभागी,शिक्षक
BQ3073,Deendayal Ahirwar,Sagar,RAHATGARH,"23110804605, GOVT HSS JHILA",प्रतिभागी,शिक्षक
AY5210,Bhajanlal Silawat,Sagar,RAHATGARH,"23110800140, GOVT HS GIRLS, RAHATGARH",प्रतिभागी,शिक्षक
AY5216,Babu Singh Lodhi,Sagar,RAHATGARH,"23110800140, GOVT HS GIRLS, RAHATGARH",प्रतिभागी,शिक्षक
CE7003,LALIT RAI,Sagar,RAHATGARH,"23110800140, GOVT HS GIRLS, RAHATGARH",प्रतिभागी,शिक्षक
AY2030,Rajesh Kumar Mishra,Sagar,RAHATGARH,"23110812205, GOVT HSS PEEPARA",प्रतिभागी,अन्य
AY2242,Indra Yadav,Sagar,RAHATGARH,"23110812205, GOVT HSS PEEPARA",प्रतिभागी,शिक्षक
AY6320,Ashok Kumar Bhonsle,Sagar,RAHATGARH,"23110812205, GOVT HSS PEEPARA",प्रतिभागी,शिक्षक
BP9844,Mohd.Shakil Khan,Sagar,RAHATGARH,"23110812205, GOVT HSS PEEPARA",प्रतिभागी,शिक्षक
BS7414,Navneeta Vinode,Sagar,RAHATGARH,"23110812205, GOVT HSS PEEPARA",प्रतिभागी,शिक्षक
BX1589,Sapna Upadhyay,Sagar,RAHATGARH,"23110812205, GOVT HSS PEEPARA",प्रतिभागी,शिक्षक
AX5631,Ratan Singh,Sagar,RAHATGARH,"23110806303, GOVT HS PARASARI KALA",प्रतिभागी,शिक्षक
AY5188,Rajendr Singh Gurjar,Sagar,RAHATGARH,"23110806303, GOVT HS PARASARI KALA",प्रतिभागी,शिक्षक
BT3827,Jangbahadur Singh Thakur,Sagar,RAHATGARH,"23110806303, GOVT HS PARASARI KALA",प्रतिभागी,शिक्षक
BT3844,Geetanjaly Samadhiya,Sagar,RAHATGARH,"23110806303, GOVT HS PARASARI KALA",प्रतिभागी,शिक्षक
BT4131,Pushpalata Raibole,Sagar,RAHATGARH,"23110806303, GOVT HS PARASARI KALA",प्रतिभागी,शिक्षक
BW1705,Satyam Tomar,Sagar,RAHATGARH,"23110806303, GOVT HS PARASARI KALA",प्रतिभागी,शिक्षक
BW5073,Prahlad Bhai Patel,Sagar,REHLI,"23111109509, GOVT HSS CHANDPUR",प्रतिभागी,शिक्षक
BY4512,Anil Patel,Sagar,REHLI,"23111109509, GOVT HSS CHANDPUR",प्रतिभागी,शिक्षक
AY1485,Santosh Kumar Patel,Sagar,REHLI,"23111122203, GOVT HSS BOYS, GARHAKOTA",प्रतिभागी,शिक्षक
AY1589,Maniram Ahirwar,Sagar,REHLI,"23111122203, GOVT HSS BOYS, GARHAKOTA",प्रतिभागी,शिक्षक
AY1748,Suresh Kumar Chourasiya,Sagar,REHLI,"23111122203, GOVT HSS BOYS, GARHAKOTA",प्रतिभागी,शिक्षक
BS6658,Ragini Sahu,Sagar,REHLI,"23111122203, GOVT HSS BOYS, GARHAKOTA",प्रतिभागी,शिक्षक
BS7979,Archana Choudhary,Sagar,REHLI,"23111122203, GOVT HSS BOYS, GARHAKOTA",प्रतिभागी,शिक्षक
BS8604,Radha Maravi,Sagar,REHLI,"23111110105, GOVT HSS CHHAPRA",प्रतिभागी,शिक्षक
BT8561,Sandeep Choubey,Sagar,REHLI,"23111110105, GOVT HSS CHHAPRA",प्रतिभागी,शिक्षक
AY1867,Vandana Kori,Sagar,REHLI,"23111120819, GOVT HSS GIRLS, GARHAKOTA",प्रतिभागी,शिक्षक
AY1875,Jayanti Ladiya,Sagar,REHLI,"23111120819, GOVT HSS GIRLS, GARHAKOTA",प्रतिभागी,शिक्षक
AY5245,Malti Kori,Sagar,REHLI,"23111120819, GOVT HSS GIRLS, GARHAKOTA",प्रतिभागी,शिक्षक
AY6850,Ramsevak Rathore,Sagar,REHLI,"23111101511, GOVT HSS PATNA BUJURG",प्रतिभागी,शिक्षक
BQ1043,Kamal Singh Thakur,Sagar,REHLI,"23111101511, GOVT HSS PATNA BUJURG",प्रतिभागी,शिक्षक
BZ4605,Ramesh Prasad Ahirwar,Sagar,REHLI,"23111101511, GOVT HSS PATNA BUJURG",प्रतिभागी,शिक्षक
BS7426,Harishankar Kori,Sagar,REHLI,"23111100704, GOVT HS UMARA",प्रतिभागी,शिक्षक
BW8298,Kamlesh Bansod,Sagar,REHLI,"23111100704, GOVT HS UMARA",प्रतिभागी,शिक्षक
AY2208,Aneeta Gound,Sagar,REHLI,"23111121417, GOVT HSS GIRLS, REHLI",प्रतिभागी,शिक्षक
BT5920,Sadhana Bhardwaj,Sagar,REHLI,"23111121417, GOVT HSS GIRLS, REHLI",प्रतिभागी,शिक्षक
BU5534,Rahis Khan,Sagar,REHLI,"23111121417, GOVT HSS GIRLS, REHLI",प्रतिभागी,शिक्षक
BW4380,Govind Prasad Sahu,Sagar,REHLI,"23111121417, GOVT HSS GIRLS, REHLI",प्रतिभागी,शिक्षक
BW5069,Madhav Prasad Sen,Sagar,REHLI,"23111121417, GOVT HSS GIRLS, REHLI",प्रतिभागी,शिक्षक
BW5097,Rajesh Kumar Vishwakarma,Sagar,REHLI,"23111120708, GOVT HSS CHHIRARI",प्रतिभागी,शिक्षक
AF8077,Neelam Jain,Sagar,SAGAR,"23111009408, GOVT HSS BAMHORI BEEKA",प्रतिभागी,शिक्षक
AX5671,Manisha Jain,Sagar,SAGAR,"23111009408, GOVT HSS BAMHORI BEEKA",प्रतिभागी,शिक्षक
BV8173,Rajesh Kumar Soni,Sagar,SAGAR,"23111009408, GOVT HSS BAMHORI BEEKA",प्रतिभागी,शिक्षक
BW1136,Gaytri Upadhyay,Sagar,SAGAR,"23111009408, GOVT HSS BAMHORI BEEKA",प्रतिभागी,शिक्षक
AX6494,Swati Jain,Sagar,SAGAR,"23111005819, GOVT HSS KARRAPUR",प्रतिभागी,शिक्षक
AX7295,Shailendra Kumar Chaubey,Sagar,SAGAR,"23111005819, GOVT HSS KARRAPUR",प्रतिभागी,शिक्षक
AY2213,Premlata Parashar,Sagar,SAGAR,"23111005819, GOVT HSS KARRAPUR",प्रतिभागी,शिक्षक
BT3033,Madhurima Khare,Sagar,SAGAR,"23111005819, GOVT HSS KARRAPUR",प्रतिभागी,शिक्षक
AF8047,Archana Patsariya,Sagar,SAGAR,"23111015914, GOVT HSS AGRICULTURE, SURKHI",प्रतिभागी,शिक्षक
AY2054,Kamodi Lal Ahirwar,Sagar,SAGAR,"23111015914, GOVT HSS AGRICULTURE, SURKHI",प्रतिभागी,शिक्षक
AY2097,Kiran Thakur,Sagar,SAGAR,"23111015914, GOVT HSS AGRICULTURE, SURKHI",प्रतिभागी,शिक्षक
BQ7927,Suman Swarnkar,Sagar,SAGAR,"23111015914, GOVT HSS AGRICULTURE, SURKHI",प्रतिभागी,शिक्षक
CC6578,RASHMI SHARMA,Sagar,SAGAR,"23111015914, GOVT HSS AGRICULTURE, SURKHI",प्रतिभागी,शिक्षक
AX7084,Nagendra Kumar Jain,Sagar,SAGAR,"23111019709, GOVT HSS BOYS, DHANA",प्रतिभागी,शिक्षक
AY1353,Sanjay Kumar Pyasi,Sagar,SAGAR,"23111019709, GOVT HSS BOYS, DHANA",प्रतिभागी,शिक्षक
BS3842,Sanjeev Kumar Choubey,Sagar,SAGAR,"23111019709, GOVT HSS BOYS, DHANA",प्रतिभागी,शिक्षक
BS8528,Anjli Jain,Sagar,SAGAR,"23111019709, GOVT HSS BOYS, DHANA",प्रतिभागी,शिक्षक
AF5833,Sangeeta Chourasiya,Sagar,SAGAR,"23111019023, GOVT HSS BOYS, SHAHPUR",प्रतिभागी,शिक्षक
AX9710,Gulnaz Parveen Khan,Sagar,SAGAR,"23111019023, GOVT HSS BOYS, SHAHPUR",प्रतिभागी,शिक्षक
AY6734,Jagdish Prasad Pandey,Sagar,SAGAR,"23111019023, GOVT HSS BOYS, SHAHPUR",प्रतिभागी,शिक्षक
AY6783,Sanjay Singh Gour,Sagar,SAGAR,"23111019023, GOVT HSS BOYS, SHAHPUR",प्रतिभागी,शिक्षक
BT8714,Lokesh Kumar Pandey,Sagar,SAGAR,"23111019023, GOVT HSS BOYS, SHAHPUR",प्रतिभागी,शिक्षक
BW9821,Surfraj Khan Mansuri,Sagar,SAGAR,"23111019023, GOVT HSS BOYS, SHAHPUR",प्रतिभागी,शिक्षक
BX6202,Nidhi Patra,Sagar,SAGAR,"23111019023, GOVT HSS BOYS, SHAHPUR",प्रतिभागी,शिक्षक
CD4755,AKATA CHADAR,Sagar,SAGAR,"23111019023, GOVT HSS BOYS, SHAHPUR",प्रतिभागी,शिक्षक
BS8533,Priyanka Dubey,Sagar,SAGAR,"23111006808, GOVT HSS PARSORIYA",प्रतिभागी,शिक्षक
BW6715,Kalp Kumar Tiwari,Sagar,SAGAR,"23111006808, GOVT HSS PARSORIYA",प्रतिभागी,शिक्षक
BX6181,Meenu Jain,Sagar,SAGAR,"23111006808, GOVT HSS PARSORIYA",प्रतिभागी,शिक्षक
AX8127,Jitendra Singh Thakur,Sagar,SAGAR,"23111019603, GOVT HSS GOUR NAGAR, SAGAR",प्रतिभागी,शिक्षक
AY7134,Sanjay Tripathi,Sagar,SAGAR,"23111019603, GOVT HSS GOUR NAGAR, SAGAR",प्रतिभागी,शिक्षक
AY2151,Laxmi Saini,Sagar,SAGAR,"23111018937, GOVT HSS GIRLS, MLB. NO.2, SADAR, SAGAR",प्रतिभागी,शिक्षक
AY3166,Alok Gupta,Sagar,SAGAR,"23111018937, GOVT HSS GIRLS, MLB. NO.2, SADAR, SAGAR",प्रतिभागी,शिक्षक
AF6140,Madhu Birthare,Sagar,SAGAR,"23111027307, GOVT HSS GIRLS, PT. RAVISHANKAR, SAGAR",प्रतिभागी,शिक्षक
AH8884,Jakesh Pareta,Sagar,SAGAR,"23111027307, GOVT HSS GIRLS, PT. RAVISHANKAR, SAGAR",प्रतिभागी,शिक्षक
AX5564,Vivek Govilkar,Sagar,SAGAR,"23111027307, GOVT HSS GIRLS, PT. RAVISHANKAR, SAGAR",प्रतिभागी,शिक्षक
AY6323,Nisha Yadav,Sagar,SAGAR,"23111027307, GOVT HSS GIRLS, PT. RAVISHANKAR, SAGAR",प्रतिभागी,शिक्षक
AH8639,Chandra Prabha,Sagar,SAGAR,"23111019333, GOVT HSS GIRLS, MLB. NO.1, BUS STAND,SAGAR",प्रतिभागी,शिक्षक
AX8579,Bharti Rani Sen,Sagar,SAGAR,"23111019333, GOVT HSS GIRLS, MLB. NO.1, BUS STAND,SAGAR",प्रतिभागी,शिक्षक
BO9381,Sanjay Dubey,Sagar,SAGAR,"23111019333, GOVT HSS GIRLS, MLB. NO.1, BUS STAND,SAGAR",प्रतिभागी,शिक्षक
BP8385,Arti Dubey,Sagar,SAGAR,"23111019333, GOVT HSS GIRLS, MLB. NO.1, BUS STAND,SAGAR",प्रतिभागी,शिक्षक
BQ3138,Shalini Chaubey,Sagar,SAGAR,"23111019333, GOVT HSS GIRLS, MLB. NO.1, BUS STAND,SAGAR",प्रतिभागी,शिक्षक
BX2280,Sapna Tiwari,Sagar,SAGAR,"23111019333, GOVT HSS GIRLS, MLB. NO.1, BUS STAND,SAGAR",प्रतिभागी,शिक्षक
AY2889,Narendra Kumar Vishwakarma,Sagar,SAGAR,"23111003105, GOVT HS BHAINSA NAKA",प्रतिभागी,शिक्षक
BQ2920,Manisha Sahu,Sagar,SAGAR,"23111003105, GOVT HS BHAINSA NAKA",प्रतिभागी,शिक्षक
BT8706,Trapti Pachouri,Sagar,SAGAR,"23111003105, GOVT HS BHAINSA NAKA",प्रतिभागी,शिक्षक
AY6517,Kalpna Pandey,Sagar,SHAHGARH,"23110303804, GOVT HS TARPOH",प्रतिभागी,शिक्षक
AY7302,Shankarlal Ahirwar,Sagar,SHAHGARH,"23110303804, GOVT HS TARPOH",प्रतिभागी,शिक्षक
AK7105,Neelam Gupta,Sagar,SHAHGARH,"23110300122, GOVT HSS GIRLS, SHAHGARH",प्रतिभागी,शिक्षक
BZ2825,Manjusha Jain,Sagar,SHAHGARH,"23110300122, GOVT HSS GIRLS, SHAHGARH",प्रतिभागी,शिक्षक
AX6314,Raj Kumar Athiya,Sagar,SHAHGARH,"23110312204, GOVT HSS GUGRA KHURD",प्रतिभागी,शिक्षक
AX9547,Darshna Gound,Sagar,SHAHGARH,"23110312204, GOVT HSS GUGRA KHURD",प्रतिभागी,शिक्षक
BV7413,Bharat Singh Thakur,Sagar,SHAHGARH,"23110312204, GOVT HSS GUGRA KHURD",प्रतिभागी,शिक्षक
AY6450,Pradeep Kumar Jain,Sagar,SHAHGARH,"23110300123, GOVT HSS EXCELLENCE, SHAHGARH",प्रतिभागी,शिक्षक
AY6483,Rishikesh Sai,Sagar,SHAHGARH,"23110300123, GOVT HSS EXCELLENCE, SHAHGARH",प्रतिभागी,शिक्षक
AY6727,Jakir Husain Khan,Sagar,SHAHGARH,"23110300123, GOVT HSS EXCELLENCE, SHAHGARH",प्रतिभागी,शिक्षक
CD3711,ROHIT NAMDEV,Sagar,SHAHGARH,"23110300123, GOVT HSS EXCELLENCE, SHAHGARH",प्रतिभागी,शिक्षक
BR6886,Manjoor Ali,Sagar,SHAHGARH,"23110308609, GOVT HSS DALPATPUR",प्रतिभागी,शिक्षक
AX1059,Saukhi Lal Saket,Satna,AMARPATAN,"23130100245, Pandit Atalbihari Bajpai Govt Ex. HSS Amarpatan",प्रतिभागी,शिक्षक
AV2039,Sangeeta Jain,Satna,AMARPATAN,"23130100246, GGHSS AMARPATAN",प्रतिभागी,शिक्षक
AV8945,Ghanshyam Das Kori,Satna,AMARPATAN,"23130100246, GGHSS AMARPATAN",प्रतिभागी,शिक्षक
8357993954,Aneep  Sen ,Satna,AMARPATAN,"23130113403, GHSS KARHI",प्रतिभागी,शिक्षक
AV2032,Anil Kumar Patel,Satna,AMARPATAN,"23130113403, GHSS KARHI",प्रतिभागी,शिक्षक
BU4132,Dinesh Prasad Patel,Satna,AMARPATAN,"23130113403, GHSS KARHI",प्रतिभागी,शिक्षक
AV5115,Saroj Vishwakarma,Satna,AMARPATAN,"23130109416, GHSS MUKUNDPUR",प्रतिभागी,शिक्षक
AV5119,Gyan Chand Chaurasiya,Satna,AMARPATAN,"23130109416, GHSS MUKUNDPUR",प्रतिभागी,शिक्षक
BY7331,Shankar Prasad Verma,Satna,AMARPATAN,"23130109416, GHSS MUKUNDPUR",प्रतिभागी,शिक्षक
AV6130,Ashok Kumar Tripathi,Satna,AMARPATAN,"23130109415, GGHSS MUKUNDPUR",प्रतिभागी,शिक्षक
AV2184,Praveen Kumar Patel,Satna,AMARPATAN,"23130102311, GHSS MAHUDAR",प्रतिभागी,शिक्षक
AV3411,Chitendra Kumar Dwivedi,Satna,AMARPATAN,"23130102311, GHSS MAHUDAR",प्रतिभागी,शिक्षक
AV3493,Kavita Pandey,Satna,AMARPATAN,"23130102311, GHSS MAHUDAR",प्रतिभागी,शिक्षक
AV3500,Rekha Verma,Satna,AMARPATAN,"23130102311, GHSS MAHUDAR",प्रतिभागी,शिक्षक
BI2740,Upasita Shukla,Satna,AMARPATAN,"23130102311, GHSS MAHUDAR",प्रतिभागी,शिक्षक
BQ4871,Lalita Singh,Satna,AMARPATAN,"23130102311, GHSS MAHUDAR",प्रतिभागी,शिक्षक
BR6952,Priya Shukla,Satna,AMARPATAN,"23130102311, GHSS MAHUDAR",प्रतिभागी,शिक्षक
AV5475,Ramnihor Patel,Satna,AMARPATAN,"23130101920, GHSS TALA",प्रतिभागी,शिक्षक
AV5676,Sipahi Lal Kol,Satna,AMARPATAN,"23130101920, GHSS TALA",प्रतिभागी,शिक्षक
AW4916,Piyush Dwivedi,Satna,AMARPATAN,"23130101920, GHSS TALA",प्रतिभागी,शिक्षक
AV5685,Suraj Prasad Pandey,Satna,AMARPATAN,"23130101412, GHSS BHISHAMPUR",प्रतिभागी,शिक्षक
BR4442,Santosh Mani Saket,Satna,AMARPATAN,"23130101412, GHSS BHISHAMPUR",प्रतिभागी,शिक्षक
BY7419,Arunendra Mishra,Satna,AMARPATAN,"23130101412, GHSS BHISHAMPUR",प्रतिभागी,शिक्षक
AV7026,Narendra Kumar Kol,Satna,MAIHAR,"23130216408, GHSS AJWAIN",प्रतिभागी,शिक्षक
AV7571,Meena Tiwari,Satna,MAIHAR,"23130216408, GHSS AJWAIN",प्रतिभागी,शिक्षक
BS1815,Sunil Kumar Prajapati,Satna,MAIHAR,"23130216408, GHSS AJWAIN",प्रतिभागी,शिक्षक
BX7807,Indrendra Singh Parihar,Satna,MAIHAR,"23130216408, GHSS AJWAIN",प्रतिभागी,शिक्षक
AV7601,Amrit Lal,Satna,MAIHAR,"23130215104, GHSS AMATARA",प्रतिभागी,शिक्षक
AV7608,Dropadi Patel,Satna,MAIHAR,"23130215104, GHSS AMATARA",प्रतिभागी,शिक्षक
AV7609,Shashi Kant Soni,Satna,MAIHAR,"23130215104, GHSS AMATARA",प्रतिभागी,शिक्षक
AV7025,Rajkumar Kol,Satna,MAIHAR,"23130208576, G EX. HSS MAIHAR",प्रतिभागी,शिक्षक
BT1868,Sushma Tripathi,Satna,MAIHAR,"23130208576, G EX. HSS MAIHAR",प्रतिभागी,शिक्षक
AV7328,Raghunath Prasad Shripal,Satna,MAIHAR,"23130208577, GGHSS MAIHAR",प्रतिभागी,शिक्षक
AV7417,Rajeev Pandey,Satna,MAIHAR,"23130208577, GGHSS MAIHAR",प्रतिभागी,शिक्षक
AW3899,Archana Mishra,Satna,MAIHAR,"23130208577, GGHSS MAIHAR",प्रतिभागी,शिक्षक
CB9066,MEENAL GAUTAM,Satna,MAIHAR,"23130208577, GGHSS MAIHAR",प्रतिभागी,शिक्षक
AV7080,Satendra Kumar Patel,Satna,MAIHAR,"23130214809, GHSS BERMA",प्रतिभागी,शिक्षक
AV7723,Amar Singh,Satna,MAIHAR,"23130214809, GHSS BERMA",प्रतिभागी,शिक्षक
BX9193,Mridula Khare,Satna,MAIHAR,"23130214809, GHSS BERMA",प्रतिभागी,शिक्षक
AV7214,Lila Bai Godh,Satna,MAIHAR,"23130202515, GHSS GHUNWARA",प्रतिभागी,शिक्षक
AW1808,Ram Kumar Kol,Satna,MAIHAR,"23130202515, GHSS GHUNWARA",प्रतिभागी,शिक्षक
BN8544,Prakash Chand Kushwaha,Satna,MAIHAR,"23130202515, GHSS GHUNWARA",प्रतिभागी,शिक्षक
AV7453,Brijesh Singh Parihar,Satna,MAIHAR,"23130217710, GHS MADAI",प्रतिभागी,शिक्षक
AV7301,Naval Prasad Ravat,Satna,MAIHAR,"23130211610, GHSS LATAGAON",प्रतिभागी,शिक्षक
AV6890,Shyamsundar Kol,Satna,MAIHAR,"23130219207, GHSS MAGRAURA",प्रतिभागी,शिक्षक
AV7122,Ram Karan Kushwaha,Satna,MAIHAR,"23130219207, GHSS MAGRAURA",प्रतिभागी,शिक्षक
AV8894,Dhoop Lal Nat,Satna,MAIHAR,"23130218704, GHSS TIDUHATA",प्रतिभागी,शिक्षक
AV2241,Ajay Kumar Pandey,Satna,MAIHAR,"23130200810, GHSS AMDARA",प्रतिभागी,शिक्षक
AW1796,Pramod Kumar Srivastava,Satna,MAIHAR,"23130202006, GHSS SABHAGANJ",प्रतिभागी,शिक्षक
AW1875,Sitaram Kol,Satna,MAIHAR,"23130202006, GHSS SABHAGANJ",प्रतिभागी,शिक्षक
AW3067,Rani Gupta,Satna,MAIHAR,"23130202006, GHSS SABHAGANJ",प्रतिभागी,शिक्षक
BU1928,Mahesh Singh Gond,Satna,MAIHAR,"23130202006, GHSS SABHAGANJ",प्रतिभागी,शिक्षक
BZ6602,Vinod Kumar Tiwari,Satna,MAIHAR,"23130202006, GHSS SABHAGANJ",प्रतिभागी,शिक्षक
AV4905,Shiv Shankar Pandey,Satna,MAJHGWAN,"23130309123, GBHSS JAITWARA",प्रतिभागी,शिक्षक
AW2140,Rameshwer Prasad Tripathi,Satna,MAJHGWAN,"23130300125, GGHSS BIRSINGHPUR",प्रतिभागी,शिक्षक
AW2030,Ram Milan Tripathi,Satna,MAJHGWAN,"23130300124, GBHSS BIRSINGHPUR",प्रतिभागी,शिक्षक
AW2070,Natthu Lal Pandey,Satna,MAJHGWAN,"23130300124, GBHSS BIRSINGHPUR",प्रतिभागी,शिक्षक
7987971739,Tarun Vishwakarma   ,Satna,MAJHGWAN,"23130306816, GHSS NAYAGAON",प्रतिभागी,शिक्षक
8717891034,Praveen  Garg ,Satna,MAJHGWAN,"23130306816, GHSS NAYAGAON",प्रतिभागी,शिक्षक
AV4923,Lallu Prasad Ravi,Satna,MAJHGWAN,"23130306816, GHSS NAYAGAON",प्रतिभागी,शिक्षक
AV8200,Ramesh Chand Vishwakarma,Satna,MAJHGWAN,"23130320710, G EX. HSS MAJHGAWAN",प्रतिभागी,सीएसी
AV8359,Hammir Singh,Satna,MAJHGWAN,"23130320710, G EX. HSS MAJHGAWAN",प्रतिभागी,शिक्षक
AV8457,Ramswaroop Tripathi,Satna,MAJHGWAN,"23130320710, G EX. HSS MAJHGAWAN",प्रतिभागी,शिक्षक
BR6166,Rajkumar Kushwaha,Satna,MAJHGWAN,"23130320710, G EX. HSS MAJHGAWAN",प्रतिभागी,शिक्षक
BX8916,Rajabhaiya Singraul,Satna,MAJHGWAN,"23130320710, G EX. HSS MAJHGAWAN",प्रतिभागी,शिक्षक
CC2086,Nisha Pandey,Satna,MAJHGWAN,"23130320710, G EX. HSS MAJHGAWAN",प्रतिभागी,शिक्षक
AV8300,Shashikant Yadav,Satna,MAJHGWAN,"23130302711, GHSS PINDRA",प्रतिभागी,शिक्षक
AV8392,Sanjay Singh Baghel,Satna,MAJHGWAN,"23130302711, GHSS PINDRA",प्रतिभागी,सीएसी
AV8024,Radheshyam Patel,Satna,MAJHGWAN,"23130318805, GHSS KHOHI",प्रतिभागी,शिक्षक
AV8262,Arun Pratap,Satna,MAJHGWAN,"23130318805, GHSS KHOHI",प्रतिभागी,शिक्षक
BS7037,Man Singh Patel,Satna,MAJHGWAN,"23130318805, GHSS KHOHI",प्रतिभागी,शिक्षक
AV8097,Dadu Lal Ravi,Satna,MAJHGWAN,"23130319306, GHSS NAIKAILA",प्रतिभागी,शिक्षक
7509012766,Rakesh Chandra Namdeo ,Satna,MAJHGWAN,"23130309124, GGHSS JAITWARA",प्रतिभागी,शिक्षक
AV4846,Pramod Kumar Dwivedi,Satna,MAJHGWAN,"23130309124, GGHSS JAITWARA",प्रतिभागी,शिक्षक
AV5857,Alka Dwivedi,Satna,MAJHGWAN,"23130309124, GGHSS JAITWARA",प्रतिभागी,शिक्षक
BI4108,Vijay Kant Tripathi,Satna,MAJHGWAN,"23130309124, GGHSS JAITWARA",प्रतिभागी,शिक्षक
BO9795,Geeta Mishra,Satna,MAJHGWAN,"23130309124, GGHSS JAITWARA",प्रतिभागी,शिक्षक
BZ1043,Savita Turkar,Satna,MAJHGWAN,"23130309124, GGHSS JAITWARA",प्रतिभागी,शिक्षक
AF5544,Kiran Chaurasia,Satna,MAJHGWAN,"23130313027, GHSS KAMTA CHITRAKOOT",प्रतिभागी,शिक्षक
AV5289,Shankar Prasad,Satna,MAJHGWAN,"23130313027, GHSS KAMTA CHITRAKOOT",प्रतिभागी,शिक्षक
AV5353,Bare Lal Verma,Satna,MAJHGWAN,"23130313027, GHSS KAMTA CHITRAKOOT",प्रतिभागी,शिक्षक
BZ7325,Prahlad Ram Yadav,Satna,MAJHGWAN,"23130313027, GHSS KAMTA CHITRAKOOT",प्रतिभागी,शिक्षक
AV5238,Ashish Kumar Tiwari,Satna,MAJHGWAN,"23130300412, GHSS BERHANA",प्रतिभागी,शिक्षक
BS7735,Kamal Singh,Satna,MAJHGWAN,"23130300412, GHSS BERHANA",प्रतिभागी,शिक्षक
7224028832,Mukesh Kumar Soni ,Satna,MAJHGWAN,"23130307408, GHSS SHUKWAH",प्रतिभागी,शिक्षक
AV3863,Jay Kishor Dwivedi,Satna,MAJHGWAN,"23130307408, GHSS SHUKWAH",प्रतिभागी,शिक्षक
BX8452,Krishn Kumar Patel,Satna,MAJHGWAN,"23130315907, GHSS PATHAR KACHHAR",प्रतिभागी,शिक्षक
AV9811,Santu Lal Prajapati,Satna,NAGOD,"23130407912, GHSS SITPURA",प्रतिभागी,शिक्षक
BQ4269,Rakesh Kumar Kori,Satna,NAGOD,"23130407912, GHSS SITPURA",प्रतिभागी,शिक्षक
BW5468,Vikram Tripathi,Satna,NAGOD,"23130407912, GHSS SITPURA",प्रतिभागी,शिक्षक
BR7455,Preetesh Kumar Shrivastava,Satna,NAGOD,"23130407518, GHSS RAHIKWARA",प्रतिभागी,शिक्षक
BT9619,Naresh Kumar Gautam,Satna,NAGOD,"23130407518, GHSS RAHIKWARA",प्रतिभागी,शिक्षक
AV5019,Goura Devi Garg,Satna,NAGOD,"23130415118, GHSS JASO",प्रतिभागी,शिक्षक
AV9492,Gulab Bai,Satna,NAGOD,"23130415118, GHSS JASO",प्रतिभागी,शिक्षक
BS8630,Om Prakash Verma,Satna,NAGOD,"23130415118, GHSS JASO",प्रतिभागी,शिक्षक
AV9265,Yogesh Kumar Pathak,Satna,NAGOD,"23130405009, GHS KONDAR",प्रतिभागी,शिक्षक
BP1718,Kamta Prasad Agrawal,Satna,NAGOD,"23130405009, GHS KONDAR",प्रतिभागी,शिक्षक
AT4249,Smt Jyoti Namdeo,Satna,NAGOD,"23130400145, GOVT EXCELLENCE HR SEC SCHOOL NAGOD",प्रतिभागी,शिक्षक
AV9241,Shyam Lal Sahu,Satna,NAGOD,"23130400145, GOVT EXCELLENCE HR SEC SCHOOL NAGOD",प्रतिभागी,शिक्षक
BS6331,Narendra Namdeo,Satna,NAGOD,"23130400145, GOVT EXCELLENCE HR SEC SCHOOL NAGOD",प्रतिभागी,शिक्षक
BT9430,Anshu Chaturvedi,Satna,NAGOD,"23130400145, GOVT EXCELLENCE HR SEC SCHOOL NAGOD",प्रतिभागी,शिक्षक
BW8555,Arun Kumar Payasi,Satna,NAGOD,"23130400145, GOVT EXCELLENCE HR SEC SCHOOL NAGOD",प्रतिभागी,शिक्षक
AV4510,Manisha Singh,Satna,NAGOD,"23130400146, GOVT GIRLS HR SEC SCHOOL NAGOD",प्रतिभागी,शिक्षक
AV9420,Rajkumar Gautam,Satna,NAGOD,"23130400146, GOVT GIRLS HR SEC SCHOOL NAGOD",प्रतिभागी,शिक्षक
AV9479,Basundhara Choubey,Satna,NAGOD,"23130410910, GHSS SEMARWARA",प्रतिभागी,शिक्षक
AV9481,Harivansh Garg,Satna,NAGOD,"23130410910, GHSS SEMARWARA",प्रतिभागी,शिक्षक
CD8356,SAROJ VERMA,Satna,NAGOD,"23130410910, GHSS SEMARWARA",प्रतिभागी,शिक्षक
6268862187,Vipin Kumar Kushwaha ,Satna,NAGOD,"23130405919, GHSS SINGHPUR",प्रतिभागी,शिक्षक
9074924674,Shahin Parveen   ,Satna,NAGOD,"23130405919, GHSS SINGHPUR",प्रतिभागी,शिक्षक
AW1007,Navin Kumar Nigam,Satna,NAGOD,"23130405919, GHSS SINGHPUR",प्रतिभागी,शिक्षक
BR7403,Rabi Mulla,Satna,NAGOD,"23130405919, GHSS SINGHPUR",प्रतिभागी,शिक्षक
AT3865,Kalpana Mishra,Satna,NAGOD,"23130400209, GHSS BASUDHA",प्रतिभागी,शिक्षक
AW3330,Onkar Prasad Tiwari,Satna,NAGOD,"23130400209, GHSS BASUDHA",प्रतिभागी,शिक्षक
AV4335,Sandeep Kumar Chaturvedi,Satna,NAGOD,"23130422205, GHSS DUREHA",प्रतिभागी,शिक्षक
AV4364,Santosh Kumar Chaurasiya,Satna,NAGOD,"23130422205, GHSS DUREHA",प्रतिभागी,शिक्षक
AV4386,Krishna Kumar Tripathi,Satna,NAGOD,"23130422205, GHSS DUREHA",प्रतिभागी,शिक्षक
AV9143,Chunni Lal,Satna,NAGOD,"23130422205, GHSS DUREHA",प्रतिभागी,शिक्षक
BR6175,Pankaj Tripathi,Satna,NAGOD,"23130422205, GHSS DUREHA",प्रतिभागी,शिक्षक
9179452175,Surendra Kumar Tiwari ,Satna,RAM NAGAR,"23130504417, GHSS BADA ITMA",प्रतिभागी,शिक्षक
9755387218,Komal  Dwivedi ,Satna,RAM NAGAR,"23130504417, GHSS BADA ITMA",प्रतिभागी,शिक्षक
9981803482,Ashutosh Kumar Tiwari ,Satna,RAM NAGAR,"23130507832, GGHSS RAMNAGAR",प्रतिभागी,शिक्षक
DB2016,RAJNEESH KUMAR SAKET,Satna,RAM NAGAR,"23130507832, GGHSS RAMNAGAR",प्रतिभागी,शिक्षक
7869923138,Vivek Kumar Loni ,Satna,RAM NAGAR,"23130511914, GHSS HINAUTI",प्रतिभागी,शिक्षक
AW2263,Shivendra Kumar Mishra,Satna,RAM NAGAR,"23130511914, GHSS HINAUTI",प्रतिभागी,शिक्षक
BQ3578,Meenakshi Pandey,Satna,RAM NAGAR,"23130507831, G EX. HSS RAMNAGAR",प्रतिभागी,शिक्षक
AV4027,Kamla Devi Ahirwar,Satna,RAMPUR BAGHELAN,"23130611910, GHSS CHORAHATA",प्रतिभागी,शिक्षक
AV4062,Asha Bunkar,Satna,RAMPUR BAGHELAN,"23130611910, GHSS CHORAHATA",प्रतिभागी,शिक्षक
AV4086,Shrineevash Charamkar,Satna,RAMPUR BAGHELAN,"23130611910, GHSS CHORAHATA",प्रतिभागी,शिक्षक
AW2483,Rambahor Saket,Satna,RAMPUR BAGHELAN,"23130610506, GHSS GUDUHURU",प्रतिभागी,शिक्षक
BW2030,Pushpendra Kumar Dwivedi,Satna,RAMPUR BAGHELAN,"23130610506, GHSS GUDUHURU",प्रतिभागी,शिक्षक
BY4416,Om Prakash Satnami,Satna,RAMPUR BAGHELAN,"23130610506, GHSS GUDUHURU",प्रतिभागी,शिक्षक
AV3539,Devendra Kumar Mishra,Satna,RAMPUR BAGHELAN,"23130605813, GHSS SAJJANPUR",प्रतिभागी,शिक्षक
AV3541,Chandra Pal Patel,Satna,RAMPUR BAGHELAN,"23130605813, GHSS SAJJANPUR",प्रतिभागी,शिक्षक
AV6042,Bhim Sen Kol,Satna,RAMPUR BAGHELAN,"23130605813, GHSS SAJJANPUR",प्रतिभागी,शिक्षक
AV6727,Awadh Sharan Singh,Satna,RAMPUR BAGHELAN,"23130605813, GHSS SAJJANPUR",प्रतिभागी,शिक्षक
BP9872,Dipti Maurya,Satna,RAMPUR BAGHELAN,"23130605813, GHSS SAJJANPUR",प्रतिभागी,शिक्षक
BQ6270,Rashmi Gupta,Satna,RAMPUR BAGHELAN,"23130605813, GHSS SAJJANPUR",प्रतिभागी,शिक्षक
BQ6508,Rakesh Ku.Tiwari,Satna,RAMPUR BAGHELAN,"23130605813, GHSS SAJJANPUR",प्रतिभागी,शिक्षक
9589314742,Bandana  Mishra ,Satna,RAMPUR BAGHELAN,"23130608214, GHSS SIJAHATA",प्रतिभागी,शिक्षक
AV4101,Pramod Kumar Saket,Satna,RAMPUR BAGHELAN,"23130608214, GHSS SIJAHATA",प्रतिभागी,शिक्षक
AW1528,Puniya Kol,Satna,RAMPUR BAGHELAN,"23130608214, GHSS SIJAHATA",प्रतिभागी,शिक्षक
AF8218,Kunwar Narayan Shukla,Satna,RAMPUR BAGHELAN,"23130609024, GGHSS RAMPUR BAGHELAN",प्रतिभागी,शिक्षक
AV4752,Smt.Atma Nigam,Satna,RAMPUR BAGHELAN,"23130609024, GGHSS RAMPUR BAGHELAN",प्रतिभागी,शिक्षक
AV4753,Hina Kousar,Satna,RAMPUR BAGHELAN,"23130609024, GGHSS RAMPUR BAGHELAN",प्रतिभागी,शिक्षक
AV4761,Pravesh Kumar Sen,Satna,RAMPUR BAGHELAN,"23130609024, GGHSS RAMPUR BAGHELAN",प्रतिभागी,शिक्षक
AV4768,Ramvilap Verma,Satna,RAMPUR BAGHELAN,"23130609024, GGHSS RAMPUR BAGHELAN",प्रतिभागी,शिक्षक
AV6264,Balmik Prasad Tiwari,Satna,RAMPUR BAGHELAN,"23130609024, GGHSS RAMPUR BAGHELAN",प्रतिभागी,शिक्षक
AW2346,Rajbendra Singh,Satna,RAMPUR BAGHELAN,"23130609024, GGHSS RAMPUR BAGHELAN",प्रतिभागी,शिक्षक
BN2837,Murlidhar Tiwari,Satna,RAMPUR BAGHELAN,"23130609024, GGHSS RAMPUR BAGHELAN",प्रतिभागी,शिक्षक
AV4661,Bhagwat Prasad Tripathi,Satna,RAMPUR BAGHELAN,"23130602111, GHSS GORAIYA",प्रतिभागी,शिक्षक
AV4700,Hemraj Singh,Satna,RAMPUR BAGHELAN,"23130602111, GHSS GORAIYA",प्रतिभागी,शिक्षक
BT4413,Gajadhar Prasad,Satna,RAMPUR BAGHELAN,"23130602111, GHSS GORAIYA",प्रतिभागी,शिक्षक
BX5283,Nisha Verma,Satna,RAMPUR BAGHELAN,"23130602111, GHSS GORAIYA",प्रतिभागी,शिक्षक
BS9420,Vibha Payasi,Satna,RAMPUR BAGHELAN,"23130602213, GHSS KOTAR",प्रतिभागी,शिक्षक
AV3942,Sandhya Singh,Satna,RAMPUR BAGHELAN,"23130605308, GHSS CHHIBAURA",प्रतिभागी,शिक्षक
AV3984,Satish Singh,Satna,RAMPUR BAGHELAN,"23130605308, GHSS CHHIBAURA",प्रतिभागी,शिक्षक
AW1523,Kedar Singh,Satna,RAMPUR BAGHELAN,"23130609114, LATE SHRI SHATRUGHAN SINGH TIWARI GHSS CHORMARI",प्रतिभागी,शिक्षक
AW1526,Suneeta Singh,Satna,RAMPUR BAGHELAN,"23130609114, LATE SHRI SHATRUGHAN SINGH TIWARI GHSS CHORMARI",प्रतिभागी,शिक्षक
AW1574,Rajkumar Pandey,Satna,RAMPUR BAGHELAN,"23130609114, LATE SHRI SHATRUGHAN SINGH TIWARI GHSS CHORMARI",प्रतिभागी,शिक्षक
AW1592,Satish Kumar Majhi,Satna,RAMPUR BAGHELAN,"23130609114, LATE SHRI SHATRUGHAN SINGH TIWARI GHSS CHORMARI",प्रतिभागी,शिक्षक
AW1737,Jitendra Singh,Satna,RAMPUR BAGHELAN,"23130609114, LATE SHRI SHATRUGHAN SINGH TIWARI GHSS CHORMARI",प्रतिभागी,शिक्षक
AW1742,Mahendra Singh Tiwari,Satna,RAMPUR BAGHELAN,"23130609114, LATE SHRI SHATRUGHAN SINGH TIWARI GHSS CHORMARI",प्रतिभागी,शिक्षक
BR6810,Jagesh Singh,Satna,RAMPUR BAGHELAN,"23130609114, LATE SHRI SHATRUGHAN SINGH TIWARI GHSS CHORMARI",प्रतिभागी,शिक्षक
BO1240,Pramod Kumar Pandey,Satna,RAMPUR BAGHELAN,"23130604012, GHSS ABER",प्रतिभागी,शिक्षक
BV7080,Abha Soni,Satna,RAMPUR BAGHELAN,"23130604012, GHSS ABER",प्रतिभागी,शिक्षक
AV3258,Vijay Singh Baghel,Satna,SOHAWAL,"23130710533, AMAR SHHEED THAKUR RANMAT SINGH GHSS KOTHI",प्रतिभागी,शिक्षक
BS9293,Vikash Singh Rajput,Satna,SOHAWAL,"23130710533, AMAR SHHEED THAKUR RANMAT SINGH GHSS KOTHI",प्रतिभागी,शिक्षक
AT2070,Dhaniram Ahirwar,Satna,SOHAWAL,"23130716821, GBHSS SOHAWAL",प्रतिभागी,शिक्षक
AV2619,Padmesh Kumar Gautam,Satna,SOHAWAL,"23130716821, GBHSS SOHAWAL",प्रतिभागी,शिक्षक
AV2764,Hamidun Nisha,Satna,SOHAWAL,"23130716821, GBHSS SOHAWAL",प्रतिभागी,शिक्षक
AV2834,Farhat Ahmadi,Satna,SOHAWAL,"23130716821, GBHSS SOHAWAL",प्रतिभागी,शिक्षक
AV5557,Vijay Kumar Namdeo,Satna,SOHAWAL,"23130716821, GBHSS SOHAWAL",प्रतिभागी,शिक्षक
AV8354,Preeti Pandey,Satna,SOHAWAL,"23130716821, GBHSS SOHAWAL",प्रतिभागी,शिक्षक
AV9837,Anjna Chaudhary,Satna,SOHAWAL,"23130716821, GBHSS SOHAWAL",प्रतिभागी,शिक्षक
AV9936,Archana Tripathi,Satna,SOHAWAL,"23130716821, GBHSS SOHAWAL",प्रतिभागी,शिक्षक
AW2586,Shyamwati Saral,Satna,SOHAWAL,"23130716821, GBHSS SOHAWAL",प्रतिभागी,शिक्षक
BQ3274,Mamta Verma,Satna,SOHAWAL,"23130716821, GBHSS SOHAWAL",प्रतिभागी,शिक्षक
BS2605,Shakuntala Tiwari,Satna,SOHAWAL,"23130716821, GBHSS SOHAWAL",प्रतिभागी,शिक्षक
BY6309,Manisha Chaurasiya,Satna,SOHAWAL,"23130716821, GBHSS SOHAWAL",प्रतिभागी,शिक्षक
AT2685,Kamlesh Kumar Dubey,Satna,SOHAWAL,"23130706013, LATE DADA SUKHENDRA SINGH G EX. HSS RAIGAON",प्रतिभागी,शिक्षक
AV9989,Ram Vishwas Namdeo,Satna,SOHAWAL,"23130706013, LATE DADA SUKHENDRA SINGH G EX. HSS RAIGAON",प्रतिभागी,शिक्षक
BQ1243,Jyoti Singh Bagri,Satna,SOHAWAL,"23130706013, LATE DADA SUKHENDRA SINGH G EX. HSS RAIGAON",प्रतिभागी,शिक्षक
BQ3801,Rohini Prasad Sharma,Satna,SOHAWAL,"23130706013, LATE DADA SUKHENDRA SINGH G EX. HSS RAIGAON",प्रतिभागी,शिक्षक
BS1783,Balesh Kumar Nishad,Satna,SOHAWAL,"23130706013, LATE DADA SUKHENDRA SINGH G EX. HSS RAIGAON",प्रतिभागी,शिक्षक
AV2960,Yogesh Kumar Gautam,Satna,SOHAWAL,"23130710607, GHSS BHUMKAHAR",प्रतिभागी,शिक्षक
BP9909,Laxmi Prajapati,Satna,SOHAWAL,"23130710607, GHSS BHUMKAHAR",प्रतिभागी,शिक्षक
BU7058,Sangita Singh,Satna,SOHAWAL,"23130710607, GHSS BHUMKAHAR",प्रतिभागी,शिक्षक
BW4146,Ram Gopal Bharti,Satna,SOHAWAL,"23130710607, GHSS BHUMKAHAR",प्रतिभागी,शिक्षक
BZ4897,Kalpana Vishwakarma,Satna,SOHAWAL,"23130710607, GHSS BHUMKAHAR",प्रतिभागी,शिक्षक
AS8937,Usha Tripathi,Satna,SOHAWAL,"23130720225, GGHSS DHAWARI",प्रतिभागी,शिक्षक
AV2909,Archana Tripathi,Satna,SOHAWAL,"23130720225, GGHSS DHAWARI",प्रतिभागी,शिक्षक
AV9484,Vibha Mishra,Satna,SOHAWAL,"23130720225, GGHSS DHAWARI",प्रतिभागी,शिक्षक
AW2735,Nidhi Singh,Satna,SOHAWAL,"23130720225, GGHSS DHAWARI",प्रतिभागी,शिक्षक
BK1737,Kalpna Tripathi,Satna,SOHAWAL,"23130720225, GGHSS DHAWARI",प्रतिभागी,शिक्षक
BX2746,Seema Urmaliya,Satna,SOHAWAL,"23130720225, GGHSS DHAWARI",प्रतिभागी,शिक्षक
AV2760,Umesh Kumar Mishra,Satna,SOHAWAL,"23130716718, GHSS MADAVGARH",प्रतिभागी,शिक्षक
AV4733,Rajesh Kumar Soni,Satna,SOHAWAL,"23130716718, GHSS MADAVGARH",प्रतिभागी,शिक्षक
AV4791,Ganesh Dutta Mishra,Satna,SOHAWAL,"23130716718, GHSS MADAVGARH",प्रतिभागी,शिक्षक
AW1944,Rajni Agrawal,Satna,SOHAWAL,"23130716718, GHSS MADAVGARH",प्रतिभागी,शिक्षक
AW2537,Kamlakar Pandey,Satna,SOHAWAL,"23130716718, GHSS MADAVGARH",प्रतिभागी,शिक्षक
BT4417,Rakesh Kumar Verma,Satna,SOHAWAL,"23130716718, GHSS MADAVGARH",प्रतिभागी,शिक्षक
BT9626,Nirmala Vishwakarma,Satna,SOHAWAL,"23130716718, GHSS MADAVGARH",प्रतिभागी,शिक्षक
BW5435,Raj Narayan Kushwaha,Satna,SOHAWAL,"23130716718, GHSS MADAVGARH",प्रतिभागी,शिक्षक
BZ4687,Amit Kumar,Satna,SOHAWAL,"23130716718, GHSS MADAVGARH",प्रतिभागी,शिक्षक
AV2935,Kamlesh Kumar Tripathi,Satna,SOHAWAL,"23130701013, GHSS KARSARA",प्रतिभागी,शिक्षक
AV9301,Dhanesh Kumar Agnihotri,Satna,SOHAWAL,"23130701013, GHSS KARSARA",प्रतिभागी,शिक्षक
AW1086,Jitendra Singh,Satna,SOHAWAL,"23130701013, GHSS KARSARA",प्रतिभागी,शिक्षक
AV4069,Kesh Lal Dwivedi,Satna,SOHAWAL,"23130710532, GGHS KOTHI",प्रतिभागी,शिक्षक
AV9305,Manoj Mishra,Satna,SOHAWAL,"23130710532, GGHS KOTHI",प्रतिभागी,शिक्षक
BS9895,Prahlad Kumar Mishra,Satna,SOHAWAL,"23130710532, GGHS KOTHI",प्रतिभागी,शिक्षक
BT5502,Tapasya Agrawal,Satna,SOHAWAL,"23130710532, GGHS KOTHI",प्रतिभागी,शिक्षक
BU3842,Sant Ram Pandey,Satna,SOHAWAL,"23130710532, GGHS KOTHI",प्रतिभागी,शिक्षक
BY3569,Pramila Mishra,Satna,SOHAWAL,"23130710532, GGHS KOTHI",प्रतिभागी,शिक्षक
CC2678,AJAY PANDEY,Satna,SOHAWAL,"23130710532, GGHS KOTHI",प्रतिभागी,शिक्षक
AV6072,Rita Majhi,Satna,SOHAWAL,"23130708012, GHSS BARHANA (KOTHI)",प्रतिभागी,शिक्षक
BE6570,Ashok Kumar Singh,Satna,SOHAWAL,"23130708012, GHSS BARHANA (KOTHI)",प्रतिभागी,शिक्षक
AV2830,Krishna Gopal Agrawal,Satna,SOHAWAL,"23130701406, GHSS HATI",प्रतिभागी,शिक्षक
BS5236,Dheera Dinkar,Satna,SOHAWAL,"23130701406, GHSS HATI",प्रतिभागी,शिक्षक
BS7636,Arun Kumar Pandey,Satna,SOHAWAL,"23130701406, GHSS HATI",प्रतिभागी,शिक्षक
AV3329,Renu Tripathi,Satna,SOHAWAL,"23130721806, GHSS VENKAT NO. 2 SATNA",प्रतिभागी,शिक्षक
AV5888,Usha Shrivastava,Satna,SOHAWAL,"23130721806, GHSS VENKAT NO. 2 SATNA",प्रतिभागी,शिक्षक
AV6177,Archana Sharma,Satna,SOHAWAL,"23130721806, GHSS VENKAT NO. 2 SATNA",प्रतिभागी,शिक्षक
AV6180,Pranesh Kumar Mishra,Satna,SOHAWAL,"23130721806, GHSS VENKAT NO. 2 SATNA",प्रतिभागी,शिक्षक
BS7288,Shriram Agrawal,Satna,SOHAWAL,"23130721806, GHSS VENKAT NO. 2 SATNA",प्रतिभागी,शिक्षक
BX3194,Sadhana Tripathi,Satna,SOHAWAL,"23130721806, GHSS VENKAT NO. 2 SATNA",प्रतिभागी,शिक्षक
BX6884,Shashi Bala Arora,Satna,SOHAWAL,"23130721806, GHSS VENKAT NO. 2 SATNA",प्रतिभागी,शिक्षक
CC9632,SHALU SAXENA,Satna,SOHAWAL,"23130721806, GHSS VENKAT NO. 2 SATNA",प्रतिभागी,शिक्षक
BX3567,Pushpendra Singh,Satna,SOHAWAL,"23130711907, GHSS DAGDEEHA",प्रतिभागी,शिक्षक
AW2514,Rakesh Kumar Pandey,Satna,SOHAWAL,"23130714609, GHSS GHURDANG",प्रतिभागी,शिक्षक
BS6061,Sadhna Gupta,Satna,SOHAWAL,"23130714609, GHSS GHURDANG",प्रतिभागी,शिक्षक
CC1324,ANJULA SONI,Satna,SOHAWAL,"23130714609, GHSS GHURDANG",प्रतिभागी,शिक्षक
BF8348,Sanita Mahobiya,Satna,SOHAWAL,"23130713007, GHSS KUWA",प्रतिभागी,शिक्षक
BP8983,Balendr Gautam,Satna,SOHAWAL,"23130713007, GHSS KUWA",प्रतिभागी,शिक्षक
AT2289,Prashant Kumar Khare,Satna,UNCHERA,"23130800140, G EX. HSS UNCHEHRA",प्रतिभागी,शिक्षक
AV3841,Geeta Bhadoriya,Satna,UNCHERA,"23130800140, G EX. HSS UNCHEHRA",प्रतिभागी,शिक्षक
AV9608,Raghuveer Singh,Satna,UNCHERA,"23130800140, G EX. HSS UNCHEHRA",प्रतिभागी,शिक्षक
AV9693,Dayaram SAKET,Satna,UNCHERA,"23130800140, G EX. HSS UNCHEHRA",प्रतिभागी,शिक्षक
AW3211,Ramji Singh,Satna,UNCHERA,"23130800140, G EX. HSS UNCHEHRA",प्रतिभागी,शिक्षक
AW3597,Rajesh Pratap Singh,Satna,UNCHERA,"23130800140, G EX. HSS UNCHEHRA",प्रतिभागी,शिक्षक
AW3782,Raju Prasad Charmkar,Satna,UNCHERA,"23130800140, G EX. HSS UNCHEHRA",प्रतिभागी,शिक्षक
BQ8514,Neelu Agrawal,Satna,UNCHERA,"23130800140, G EX. HSS UNCHEHRA",प्रतिभागी,शिक्षक
BT8485,Aneeta Tamrakar,Satna,UNCHERA,"23130800140, G EX. HSS UNCHEHRA",प्रतिभागी,शिक्षक
BX8354,Dilip Kumar Basena,Satna,UNCHERA,"23130800140, G EX. HSS UNCHEHRA",प्रतिभागी,शिक्षक
AV6336,Chakrdhar Pandey,Satna,UNCHERA,"23130808207, GHSS GUDHUWA LAGARGAWA",प्रतिभागी,शिक्षक
BQ3910,Satyanarayan Singh,Satna,UNCHERA,"23130808207, GHSS GUDHUWA LAGARGAWA",प्रतिभागी,शिक्षक
AV7063,Rajendra Kumar Shrivastava,Satna,UNCHERA,"23130806807, GHSS ICHAUL",प्रतिभागी,शिक्षक
AW3654,Rajesh Kumar Patel,Satna,UNCHERA,"23130806807, GHSS ICHAUL",प्रतिभागी,शिक्षक
AW3701,Pradipika Bajpai,Satna,UNCHERA,"23130806807, GHSS ICHAUL",प्रतिभागी,शिक्षक
BQ6904,Shankar Lal Tamrakar,Satna,UNCHERA,"23130806807, GHSS ICHAUL",प्रतिभागी,अन्य
BW1930,Manorama Tiwari,Satna,UNCHERA,"23130806807, GHSS ICHAUL",प्रतिभागी,शिक्षक
AV3643,Savita Khare,Satna,UNCHERA,"23130807711, GHSS BHATANWARA",प्रतिभागी,शिक्षक
AV6366,Harsh Narayan Sharma,Satna,UNCHERA,"23130807711, GHSS BHATANWARA",प्रतिभागी,शिक्षक
AV6386,Sumer Singh,Satna,UNCHERA,"23130807711, GHSS BHATANWARA",प्रतिभागी,शिक्षक
AV6470,Rajesh Kumar Gautam,Satna,UNCHERA,"23130807711, GHSS BHATANWARA",प्रतिभागी,शिक्षक
AV6472,Dhanraj Singh,Satna,UNCHERA,"23130807711, GHSS BHATANWARA",प्रतिभागी,शिक्षक
BQ3604,Riaz Khan,Satna,UNCHERA,"23130807711, GHSS BHATANWARA",प्रतिभागी,शिक्षक
BX3998,Shalini Maurya,Satna,UNCHERA,"23130807711, GHSS BHATANWARA",प्रतिभागी,शिक्षक
AV3613,Rakesh Kumar Gautam,Satna,UNCHERA,"23130805712, Lal Kamadraj Singh GHSS PATAURA",प्रतिभागी,शिक्षक
AV3835,Ritu Singh,Satna,UNCHERA,"23130805712, Lal Kamadraj Singh GHSS PATAURA",प्रतिभागी,शिक्षक
AV9482,Dinesh Prasad Tiwari,Satna,UNCHERA,"23130805712, Lal Kamadraj Singh GHSS PATAURA",प्रतिभागी,शिक्षक
AV9840,Raju Prasad Charmkar,Satna,UNCHERA,"23130805712, Lal Kamadraj Singh GHSS PATAURA",प्रतिभागी,अन्य
AW2487,Rakesh Kumar Prajapati,Satna,UNCHERA,"23130805712, Lal Kamadraj Singh GHSS PATAURA",प्रतिभागी,शिक्षक
CA1058,Manoj Kumar Patel,Satna,UNCHERA,"23130805712, Lal Kamadraj Singh GHSS PATAURA",प्रतिभागी,शिक्षक
AN8674,Brajesh Kumar Kewat,Satna,UNCHERA,"23130802509, PANDIT MOTILAL MISHRA GHSS KULGADHI",प्रतिभागी,शिक्षक
AV9795,Raj Kumar Singh,Satna,UNCHERA,"23130802509, PANDIT MOTILAL MISHRA GHSS KULGADHI",प्रतिभागी,शिक्षक
BN2811,Narottam Prasad Pandey,Satna,UNCHERA,"23130802509, PANDIT MOTILAL MISHRA GHSS KULGADHI",प्रतिभागी,शिक्षक
BR6468,Dharmendra Kumar Gupta,Satna,UNCHERA,"23130802509, PANDIT MOTILAL MISHRA GHSS KULGADHI",प्रतिभागी,शिक्षक
AV7907,Dinesh Kumar,Satna,UNCHERA,"23130801911, GHSS ATRA",प्रतिभागी,शिक्षक
AV9780,Kamlesh Prasad Vishwakarma,Satna,UNCHERA,"23130801911, GHSS ATRA",प्रतिभागी,शिक्षक
AA7297,Vikram Singh,Sehore,ASHTA,"23330110413, GOVT. HSS BHANWARA",प्रतिभागी,शिक्षक
AA7739,Kamal Das Bairagi,Sehore,ASHTA,"23330110413, GOVT. HSS BHANWARA",प्रतिभागी,शिक्षक
AA7746,Sohan Lal Verma,Sehore,ASHTA,"23330110413, GOVT. HSS BHANWARA",प्रतिभागी,शिक्षक
AA8192,Shankar Lal Parmar,Sehore,ASHTA,"23330110413, GOVT. HSS BHANWARA",प्रतिभागी,शिक्षक
AA9207,Kamal Singh Thakur,Sehore,ASHTA,"23330110413, GOVT. HSS BHANWARA",प्रतिभागी,शिक्षक
AA9288,Gyan Singh Mewada,Sehore,ASHTA,"23330110413, GOVT. HSS BHANWARA",प्रतिभागी,शिक्षक
AA9299,Sima Bairagi,Sehore,ASHTA,"23330110413, GOVT. HSS BHANWARA",प्रतिभागी,शिक्षक
AA9841,Meena Rathore,Sehore,ASHTA,"23330110413, GOVT. HSS BHANWARA",प्रतिभागी,शिक्षक
BA5439,Mamta Yadav,Sehore,ASHTA,"23330110413, GOVT. HSS BHANWARA",प्रतिभागी,शिक्षक
BX4741,Sandeep Patel,Sehore,ASHTA,"23330110413, GOVT. HSS BHANWARA",प्रतिभागी,शिक्षक
BY5982,Gulab Singh,Sehore,ASHTA,"23330110413, GOVT. HSS BHANWARA",प्रतिभागी,शिक्षक
CD8045,VIKRAM PARMAR,Sehore,ASHTA,"23330110413, GOVT. HSS BHANWARA",प्रतिभागी,शिक्षक
AA8163,Meharbaan Singh,Sehore,ASHTA,"23330120516, GOVT. HSS SIDDIQGANJ",प्रतिभागी,शिक्षक
AB2326,Shankar Lal Barodiya,Sehore,ASHTA,"23330120516, GOVT. HSS SIDDIQGANJ",प्रतिभागी,शिक्षक
AB2330,Kamal Kishore Verma,Sehore,ASHTA,"23330120516, GOVT. HSS SIDDIQGANJ",प्रतिभागी,सीएसी
AB2346,Bheru Singh Sen,Sehore,ASHTA,"23330120516, GOVT. HSS SIDDIQGANJ",प्रतिभागी,शिक्षक
AB2360,Gopal Singh Khartiya,Sehore,ASHTA,"23330120516, GOVT. HSS SIDDIQGANJ",प्रतिभागी,शिक्षक
CC3368,KUNTESH DUDWE,Sehore,ASHTA,"23330120516, GOVT. HSS SIDDIQGANJ",प्रतिभागी,शिक्षक
AA6003,Ramlakhan Gunwan,Sehore,ASHTA,"23330119708, GOVT. HSS KHAJURIYA KASAM",प्रतिभागी,शिक्षक
AA8167,Jay Singh Parmar,Sehore,ASHTA,"23330119708, GOVT. HSS KHAJURIYA KASAM",प्रतिभागी,शिक्षक
AA9060,Farzana Khan,Sehore,ASHTA,"23330119708, GOVT. HSS KHAJURIYA KASAM",प्रतिभागी,शिक्षक
AB2087,Ramesh Chandra Dhanwal,Sehore,ASHTA,"23330119708, GOVT. HSS KHAJURIYA KASAM",प्रतिभागी,शिक्षक
AB2335,Tej Singh Thakur,Sehore,ASHTA,"23330119708, GOVT. HSS KHAJURIYA KASAM",प्रतिभागी,शिक्षक
AB2342,Mishrilal Chakravati,Sehore,ASHTA,"23330119708, GOVT. HSS KHAJURIYA KASAM",प्रतिभागी,शिक्षक
AB2351,Mohanlal Vishwakarma,Sehore,ASHTA,"23330119708, GOVT. HSS KHAJURIYA KASAM",प्रतिभागी,शिक्षक
BY6477,Monika Thakur,Sehore,ASHTA,"23330119708, GOVT. HSS KHAJURIYA KASAM",प्रतिभागी,शिक्षक
AA8185,Anita Pal,Sehore,ASHTA,"23330120105, GOVT. HS JASMAT",प्रतिभागी,शिक्षक
AA9033,Dilip Singh Pachlasiya,Sehore,ASHTA,"23330120105, GOVT. HS JASMAT",प्रतिभागी,शिक्षक
AA9075,Sanjay Kumar Jain,Sehore,ASHTA,"23330120105, GOVT. HS JASMAT",प्रतिभागी,शिक्षक
AB2354,Ambaram Solanki,Sehore,ASHTA,"23330120105, GOVT. HS JASMAT",प्रतिभागी,शिक्षक
AB2367,Lakhan Singh,Sehore,ASHTA,"23330120105, GOVT. HS JASMAT",प्रतिभागी,शिक्षक
AB2372,Dinesh Kumar Vishwkarma,Sehore,ASHTA,"23330120105, GOVT. HS JASMAT",प्रतिभागी,शिक्षक
BY5079,Smita Mundra,Sehore,ASHTA,"23330120105, GOVT. HS JASMAT",प्रतिभागी,शिक्षक
AA8406,Preetibala Bairagi,Sehore,ASHTA,"23330125512, GHSS KHAMKHEDA JATRA",प्रतिभागी,शिक्षक
AA9030,Arjun Singh Sitoliya,Sehore,ASHTA,"23330125512, GHSS KHAMKHEDA JATRA",प्रतिभागी,शिक्षक
AA9050,Kailash Chand Malviya,Sehore,ASHTA,"23330125512, GHSS KHAMKHEDA JATRA",प्रतिभागी,शिक्षक
AA9072,Karan Singh Chouhan,Sehore,ASHTA,"23330125512, GHSS KHAMKHEDA JATRA",प्रतिभागी,सीएसी
AA9088,Gangaram Malviya,Sehore,ASHTA,"23330125512, GHSS KHAMKHEDA JATRA",प्रतिभागी,शिक्षक
AA9271,Lakshmi Patidar,Sehore,ASHTA,"23330125512, GHSS KHAMKHEDA JATRA",प्रतिभागी,शिक्षक
AA9290,Manoj Shrivastava,Sehore,ASHTA,"23330125512, GHSS KHAMKHEDA JATRA",प्रतिभागी,शिक्षक
BR6760,Lakhanlal Lal,Sehore,ASHTA,"23330125512, GHSS KHAMKHEDA JATRA",प्रतिभागी,शिक्षक
BR6763,Antim Bala,Sehore,ASHTA,"23330125512, GHSS KHAMKHEDA JATRA",प्रतिभागी,शिक्षक
BY5749,Prakash Raya,Sehore,ASHTA,"23330125512, GHSS KHAMKHEDA JATRA",प्रतिभागी,शिक्षक
BZ6605,Mamta Sitoliya,Sehore,ASHTA,"23330125512, GHSS KHAMKHEDA JATRA",प्रतिभागी,शिक्षक
CB8786,SUNITA CHOUHAN,Sehore,ASHTA,"23330125512, GHSS KHAMKHEDA JATRA",प्रतिभागी,शिक्षक
AA6007,Babulal Malviya,Sehore,ASHTA,"23330112008, GOVT. HS HARRAJKHEDI",प्रतिभागी,शिक्षक
AA6097,Komalata Thakur,Sehore,ASHTA,"23330112008, GOVT. HS HARRAJKHEDI",प्रतिभागी,शिक्षक
AA7757,Kripal Singh,Sehore,ASHTA,"23330112008, GOVT. HS HARRAJKHEDI",प्रतिभागी,शिक्षक
AA7759,Vishnu Prasad Verma,Sehore,ASHTA,"23330112008, GOVT. HS HARRAJKHEDI",प्रतिभागी,शिक्षक
AA7761,Kumer Singh,Sehore,ASHTA,"23330112008, GOVT. HS HARRAJKHEDI",प्रतिभागी,शिक्षक
AA8401,Prahalad Singh,Sehore,ASHTA,"23330112008, GOVT. HS HARRAJKHEDI",प्रतिभागी,शिक्षक
AA9055,Mangilal Raya,Sehore,ASHTA,"23330112008, GOVT. HS HARRAJKHEDI",प्रतिभागी,शिक्षक
AA9274,Ritu Dixit,Sehore,ASHTA,"23330112008, GOVT. HS HARRAJKHEDI",प्रतिभागी,शिक्षक
AA9289,Tara Kiran Minz,Sehore,ASHTA,"23330112008, GOVT. HS HARRAJKHEDI",प्रतिभागी,शिक्षक
AA9349,Kamal Singh,Sehore,ASHTA,"23330112008, GOVT. HS HARRAJKHEDI",प्रतिभागी,शिक्षक
AB2093,Gyan Singh Chauhan,Sehore,ASHTA,"23330112008, GOVT. HS HARRAJKHEDI",प्रतिभागी,शिक्षक
AB2127,Jitendra Kumar Verma,Sehore,ASHTA,"23330112008, GOVT. HS HARRAJKHEDI",प्रतिभागी,शिक्षक
AU5469,Mukesh Kumar Malviya,Sehore,ASHTA,"23330112008, GOVT. HS HARRAJKHEDI",प्रतिभागी,शिक्षक
BX6629,Subak Singh,Sehore,ASHTA,"23330112008, GOVT. HS HARRAJKHEDI",प्रतिभागी,शिक्षक
BY4883,Kripal Singh Thakur,Sehore,ASHTA,"23330112008, GOVT. HS HARRAJKHEDI",प्रतिभागी,शिक्षक
AA8162,Krishna Kumar Soni,Sehore,ASHTA,"23330132646, GOVT. HSS GIRLS, ASHTA",प्रतिभागी,शिक्षक
AA8173,Seema Kori,Sehore,ASHTA,"23330132646, GOVT. HSS GIRLS, ASHTA",प्रतिभागी,शिक्षक
AA9249,Harsha Malviya,Sehore,ASHTA,"23330132646, GOVT. HSS GIRLS, ASHTA",प्रतिभागी,शिक्षक
AA9259,Ajendra Singh Yadav,Sehore,ASHTA,"23330132646, GOVT. HSS GIRLS, ASHTA",प्रतिभागी,शिक्षक
AA9280,Manju Vishwakarma,Sehore,ASHTA,"23330132646, GOVT. HSS GIRLS, ASHTA",प्रतिभागी,शिक्षक
AA9282,Meena Saman,Sehore,ASHTA,"23330132646, GOVT. HSS GIRLS, ASHTA",प्रतिभागी,शिक्षक
AB2084,Sujaan Singh Verma,Sehore,ASHTA,"23330132646, GOVT. HSS GIRLS, ASHTA",प्रतिभागी,शिक्षक
AB2091,Vedprakash Piplodiya,Sehore,ASHTA,"23330132646, GOVT. HSS GIRLS, ASHTA",प्रतिभागी,शिक्षक
AB2092,Lata Piplodiya,Sehore,ASHTA,"23330132646, GOVT. HSS GIRLS, ASHTA",प्रतिभागी,शिक्षक
CD6949,ANJALI BAGHELA,Sehore,ASHTA,"23330132646, GOVT. HSS GIRLS, ASHTA",प्रतिभागी,शिक्षक
AA7286,Ramnarayan Bamniya,Sehore,ASHTA,"23330132647, GOVT. HSS EXCELLENCE, ASHTA",प्रतिभागी,शिक्षक
AA8425,Gyan Singh,Sehore,ASHTA,"23330132647, GOVT. HSS EXCELLENCE, ASHTA",प्रतिभागी,शिक्षक
AA9260,Bhawani Singh Mewada,Sehore,ASHTA,"23330132647, GOVT. HSS EXCELLENCE, ASHTA",प्रतिभागी,शिक्षक
AB2096,Jyoti Chittora,Sehore,ASHTA,"23330132647, GOVT. HSS EXCELLENCE, ASHTA",प्रतिभागी,शिक्षक
AB2109,Arjun Singh Gunawadiya,Sehore,ASHTA,"23330132647, GOVT. HSS EXCELLENCE, ASHTA",प्रतिभागी,शिक्षक
BH5934,Naveen Kumar Prajapati,Sehore,ASHTA,"23330132647, GOVT. HSS EXCELLENCE, ASHTA",प्रतिभागी,शिक्षक
BR7990,Sudhir Kishor Sharma,Sehore,ASHTA,"23330132647, GOVT. HSS EXCELLENCE, ASHTA",प्रतिभागी,शिक्षक
BU4477,Vijay Singh,Sehore,ASHTA,"23330132647, GOVT. HSS EXCELLENCE, ASHTA",प्रतिभागी,शिक्षक
CA9566,SANTOSH KUMAR,Sehore,ASHTA,"23330132647, GOVT. HSS EXCELLENCE, ASHTA",प्रतिभागी,शिक्षक
AA7143,Udaysingh Kataria,Sehore,ASHTA,"23330108727, GOVT. HSS KOTHRI",प्रतिभागी,शिक्षक
AA7288,Sajan Singh,Sehore,ASHTA,"23330108727, GOVT. HSS KOTHRI",प्रतिभागी,शिक्षक
AA7845,Bharti Rathore,Sehore,ASHTA,"23330108727, GOVT. HSS KOTHRI",प्रतिभागी,शिक्षक
AA8134,Rekha Sharma,Sehore,ASHTA,"23330108727, GOVT. HSS KOTHRI",प्रतिभागी,शिक्षक
AA8419,Dhan Singh,Sehore,ASHTA,"23330108727, GOVT. HSS KOTHRI",प्रतिभागी,शिक्षक
AA9224,Devkaran Parihar,Sehore,ASHTA,"23330108727, GOVT. HSS KOTHRI",प्रतिभागी,शिक्षक
BE2890,Shriram Kulkhandiya,Sehore,ASHTA,"23330108727, GOVT. HSS KOTHRI",प्रतिभागी,शिक्षक
BH4749,SHEKH ZUBER,Sehore,ASHTA,"23330108727, GOVT. HSS KOTHRI",प्रतिभागी,शिक्षक
BU4918,Kiran Sharma,Sehore,ASHTA,"23330108727, GOVT. HSS KOTHRI",प्रतिभागी,शिक्षक
BY1137,Seetaram BARKHANE,Sehore,ASHTA,"23330108727, GOVT. HSS KOTHRI",प्रतिभागी,शिक्षक
AA5753,Bhagmal Mewada,Sehore,ASHTA,"23330105218, GOVT. HSS MAINA",प्रतिभागी,शिक्षक
AA8413,Pramod Kumar Kannavedia,Sehore,ASHTA,"23330105218, GOVT. HSS MAINA",प्रतिभागी,शिक्षक
AA9313,Mahesh Kumar Rathor,Sehore,ASHTA,"23330105218, GOVT. HSS MAINA",प्रतिभागी,शिक्षक
AA9835,Rajesh Kumar Jain,Sehore,ASHTA,"23330105218, GOVT. HSS MAINA",प्रतिभागी,शिक्षक
AB2082,Anita Sharma,Sehore,ASHTA,"23330105218, GOVT. HSS MAINA",प्रतिभागी,शिक्षक
BA5435,Santosh Kumar Jamliya,Sehore,ASHTA,"23330105218, GOVT. HSS MAINA",प्रतिभागी,शिक्षक
BY5875,Deepak Kumar Sharma,Sehore,ASHTA,"23330105218, GOVT. HSS MAINA",प्रतिभागी,शिक्षक
BY5876,Rajesh Kumar,Sehore,ASHTA,"23330105218, GOVT. HSS MAINA",प्रतिभागी,शिक्षक
AA5729,Lakhan Lal Jomar,Sehore,ASHTA,"23330103609, GOVT. HSS KHADI",प्रतिभागी,सीएसी
AA5750,Satish Kumar Verma,Sehore,ASHTA,"23330103609, GOVT. HSS KHADI",प्रतिभागी,शिक्षक
AA7289,Krishna Malviya,Sehore,ASHTA,"23330103609, GOVT. HSS KHADI",प्रतिभागी,शिक्षक
AA7465,Kripal Singh Thakur,Sehore,ASHTA,"23330103609, GOVT. HSS KHADI",प्रतिभागी,शिक्षक
AA7470,Rajendra Singh,Sehore,ASHTA,"23330103609, GOVT. HSS KHADI",प्रतिभागी,शिक्षक
AA8144,Ram Prasad Malviya,Sehore,ASHTA,"23330103609, GOVT. HSS KHADI",प्रतिभागी,शिक्षक
AA9083,Mo. Kaleem,Sehore,ASHTA,"23330103609, GOVT. HSS KHADI",प्रतिभागी,शिक्षक
AA9253,Rajaram HARSODIYA,Sehore,ASHTA,"23330103609, GOVT. HSS KHADI",प्रतिभागी,शिक्षक
AA9836,Chaturbhuj Joshi,Sehore,ASHTA,"23330103609, GOVT. HSS KHADI",प्रतिभागी,शिक्षक
AB2071,Kripal Singh,Sehore,ASHTA,"23330103609, GOVT. HSS KHADI",प्रतिभागी,शिक्षक
BA4464,Tajwar Jaha,Sehore,ASHTA,"23330103609, GOVT. HSS KHADI",प्रतिभागी,शिक्षक
BQ7622,Santosh Kumar Verma,Sehore,ASHTA,"23330103609, GOVT. HSS KHADI",प्रतिभागी,शिक्षक
BU9303,Kamal Kishore Maheshwari,Sehore,ASHTA,"23330103609, GOVT. HSS KHADI",प्रतिभागी,शिक्षक
AA7460,Lakhan Singh,Sehore,ASHTA,"23330102409, GOVT. HSS KURAWAR",प्रतिभागी,शिक्षक
AA7479,Meharvan Singh Malviya,Sehore,ASHTA,"23330102409, GOVT. HSS KURAWAR",प्रतिभागी,शिक्षक
AA7480,Santosh Dhnval,Sehore,ASHTA,"23330102409, GOVT. HSS KURAWAR",प्रतिभागी,शिक्षक
BY4298,Ram Singh Thakur,Sehore,ASHTA,"23330102409, GOVT. HSS KURAWAR",प्रतिभागी,शिक्षक
AA5527,Pramila Bairagi,Sehore,ASHTA,"23330100119, GOVT. HSS JAWAR",प्रतिभागी,शिक्षक
AA7386,Sandhya Soni,Sehore,ASHTA,"23330100119, GOVT. HSS JAWAR",प्रतिभागी,शिक्षक
AA7400,Kamal Singh,Sehore,ASHTA,"23330100119, GOVT. HSS JAWAR",प्रतिभागी,शिक्षक
AA8551,Narayan Singh,Sehore,ASHTA,"23330100119, GOVT. HSS JAWAR",प्रतिभागी,शिक्षक
AA9219,Kamleshwar Prasad,Sehore,ASHTA,"23330100119, GOVT. HSS JAWAR",प्रतिभागी,शिक्षक
AA9312,Nilofar Mansoori,Sehore,ASHTA,"23330100119, GOVT. HSS JAWAR",प्रतिभागी,शिक्षक
AA9353,Chandar Singh,Sehore,ASHTA,"23330100119, GOVT. HSS JAWAR",प्रतिभागी,शिक्षक
BP9747,Gajendra Singh Vishwakarma,Sehore,ASHTA,"23330100119, GOVT. HSS JAWAR",प्रतिभागी,शिक्षक
BR7202,Mahendra Singh,Sehore,ASHTA,"23330100119, GOVT. HSS JAWAR",प्रतिभागी,शिक्षक
BU5095,Jeevan Singh,Sehore,ASHTA,"23330100119, GOVT. HSS JAWAR",प्रतिभागी,शिक्षक
BX5383,Jitendra Singh Thakur,Sehore,ASHTA,"23330100119, GOVT. HSS JAWAR",प्रतिभागी,शिक्षक
BY5482,Jeevan Singh Prajapati,Sehore,ASHTA,"23330100119, GOVT. HSS JAWAR",प्रतिभागी,शिक्षक
AA5723,Naresh Chandra Joshi,Sehore,ASHTA,"23330112912, GOVT. HSS MEHATWARA",प्रतिभागी,शिक्षक
AA5743,Ramcharan Bhatuniya,Sehore,ASHTA,"23330112912, GOVT. HSS MEHATWARA",प्रतिभागी,शिक्षक
AA7754,Harinarayan Sarothiya,Sehore,ASHTA,"23330112912, GOVT. HSS MEHATWARA",प्रतिभागी,शिक्षक
AA8198,Gyan Singh,Sehore,ASHTA,"23330112912, GOVT. HSS MEHATWARA",प्रतिभागी,शिक्षक
AA8540,Jivansingh Goyal,Sehore,ASHTA,"23330112912, GOVT. HSS MEHATWARA",प्रतिभागी,शिक्षक
AA8543,Dhan Singh Sisodiya,Sehore,ASHTA,"23330112912, GOVT. HSS MEHATWARA",प्रतिभागी,शिक्षक
AA8560,Kamlesh Kumar Solanki,Sehore,ASHTA,"23330112912, GOVT. HSS MEHATWARA",प्रतिभागी,शिक्षक
AA8565,Jagdish Prasad Khatri,Sehore,ASHTA,"23330112912, GOVT. HSS MEHATWARA",प्रतिभागी,शिक्षक
AA8576,Girish Kumar Vishwakarma,Sehore,ASHTA,"23330112912, GOVT. HSS MEHATWARA",प्रतिभागी,शिक्षक
AA9252,Chandrapal Bhawsar,Sehore,ASHTA,"23330112912, GOVT. HSS MEHATWARA",प्रतिभागी,शिक्षक
AA9284,Gajraj Singh Thakur,Sehore,ASHTA,"23330112912, GOVT. HSS MEHATWARA",प्रतिभागी,शिक्षक
AA9370,Himmat Singh Thakur,Sehore,ASHTA,"23330112912, GOVT. HSS MEHATWARA",प्रतिभागी,शिक्षक
BU5097,Mahesh Dayal,Sehore,ASHTA,"23330112912, GOVT. HSS MEHATWARA",प्रतिभागी,शिक्षक
BY5420,Lokesh Kumar Goyal,Sehore,ASHTA,"23330112912, GOVT. HSS MEHATWARA",प्रतिभागी,शिक्षक
AA5761,Ramvilas Udaypuriya,Sehore,BUDHANI,"23330207109, GOVT. HSS BANYA",प्रतिभागी,शिक्षक
AA5803,Mehfooz Ahmad Ansari,Sehore,BUDHANI,"23330207109, GOVT. HSS BANYA",प्रतिभागी,शिक्षक
AA6774,Sher Singh Dayma,Sehore,BUDHANI,"23330207109, GOVT. HSS BANYA",प्रतिभागी,शिक्षक
AA9152,Ramdas Pachare,Sehore,BUDHANI,"23330207109, GOVT. HSS BANYA",प्रतिभागी,शिक्षक
AA9161,Ajay Naagar,Sehore,BUDHANI,"23330207109, GOVT. HSS BANYA",प्रतिभागी,शिक्षक
AA9179,Satish Kumar Gour,Sehore,BUDHANI,"23330207109, GOVT. HSS BANYA",प्रतिभागी,शिक्षक
AA9984,Hema Pansari,Sehore,BUDHANI,"23330207109, GOVT. HSS BANYA",प्रतिभागी,शिक्षक
AU5856,Chunni Lal Dayma,Sehore,BUDHANI,"23330207109, GOVT. HSS BANYA",प्रतिभागी,शिक्षक
BQ4586,Mukesh Kumar Ahirwar,Sehore,BUDHANI,"23330207109, GOVT. HSS BANYA",प्रतिभागी,शिक्षक
BS9273,Priti Hinnwar,Sehore,BUDHANI,"23330207109, GOVT. HSS BANYA",प्रतिभागी,शिक्षक
BX9337,Mahesh Kumar Ahirwar,Sehore,BUDHANI,"23330207109, GOVT. HSS BANYA",प्रतिभागी,शिक्षक
BZ4204,Uma Mehra,Sehore,BUDHANI,"23330207109, GOVT. HSS BANYA",प्रतिभागी,शिक्षक
CD2999,PRIYANKA TAMRAKAR,Sehore,BUDHANI,"23330207109, GOVT. HSS BANYA",प्रतिभागी,शिक्षक
AA5585,Vishnu Prasad Kalmodiya,Sehore,BUDHANI,"23330203604, GOVT. HSS SEMRI",प्रतिभागी,शिक्षक
AA5772,Ashish Tiwari,Sehore,BUDHANI,"23330203604, GOVT. HSS SEMRI",प्रतिभागी,शिक्षक
AT7109,Hariom Nagar,Sehore,BUDHANI,"23330203604, GOVT. HSS SEMRI",प्रतिभागी,शिक्षक
CC9116,ALKA SINGH,Sehore,BUDHANI,"23330203604, GOVT. HSS SEMRI",प्रतिभागी,शिक्षक
AA7335,Dilip Kumar Keer,Sehore,BUDHANI,"23330215224, GOVT. HSS BOYS, REHTI",प्रतिभागी,शिक्षक
BS2841,Shahanaj Khan,Sehore,BUDHANI,"23330215224, GOVT. HSS BOYS, REHTI",प्रतिभागी,शिक्षक
AA5788,Veer Singh,Sehore,BUDHANI,"23330210807, GOVT. HSS DOBI",प्रतिभागी,शिक्षक
AA5814,Chandrashekhar Giri,Sehore,BUDHANI,"23330210807, GOVT. HSS DOBI",प्रतिभागी,शिक्षक
AA8791,Raghav Singh Chouhan,Sehore,BUDHANI,"23330210807, GOVT. HSS DOBI",प्रतिभागी,शिक्षक
BY4822,Rakesh Kushwah,Sehore,BUDHANI,"23330210807, GOVT. HSS DOBI",प्रतिभागी,शिक्षक
AA5790,Pramod Soni,Sehore,BUDHANI,"23330213412, GOVT. HSS BAKTARA",प्रतिभागी,शिक्षक
AA5811,Sahab Singh Chouhan,Sehore,BUDHANI,"23330213412, GOVT. HSS BAKTARA",प्रतिभागी,शिक्षक
AA6306,Pranveer Singh,Sehore,BUDHANI,"23330213412, GOVT. HSS BAKTARA",प्रतिभागी,शिक्षक
AA6362,Prem Bai,Sehore,BUDHANI,"23330213412, GOVT. HSS BAKTARA",प्रतिभागी,शिक्षक
BT9252,Sitesh Kumar Dubey,Sehore,BUDHANI,"23330213412, GOVT. HSS BAKTARA",प्रतिभागी,शिक्षक
BU2766,Giradhar Singh Chouhan,Sehore,BUDHANI,"23330213412, GOVT. HSS BAKTARA",प्रतिभागी,शिक्षक
AA5765,Anita Sharma,Sehore,BUDHANI,"23330208619, GOVT. HSS BOYS, SHAHGANJ",प्रतिभागी,शिक्षक
AA5782,Kirti Ahirwar,Sehore,BUDHANI,"23330208619, GOVT. HSS BOYS, SHAHGANJ",प्रतिभागी,शिक्षक
AA5783,Prasoon Bhargava,Sehore,BUDHANI,"23330208619, GOVT. HSS BOYS, SHAHGANJ",प्रतिभागी,शिक्षक
AA6389,Nanakram Ahirwar,Sehore,BUDHANI,"23330208619, GOVT. HSS BOYS, SHAHGANJ",प्रतिभागी,शिक्षक
AA6934,Praveen Kumar Bhargava,Sehore,BUDHANI,"23330208619, GOVT. HSS BOYS, SHAHGANJ",प्रतिभागी,शिक्षक
AB1169,Sapna Upadhyay,Sehore,BUDHANI,"23330208619, GOVT. HSS BOYS, SHAHGANJ",प्रतिभागी,शिक्षक
BF4829,Harishankar Ahirwar,Sehore,BUDHANI,"23330208619, GOVT. HSS BOYS, SHAHGANJ",प्रतिभागी,शिक्षक
BP8477,Praveen Kumar,Sehore,BUDHANI,"23330208619, GOVT. HSS BOYS, SHAHGANJ",प्रतिभागी,शिक्षक
BR6263,Ghanshyam Prajapati,Sehore,BUDHANI,"23330208619, GOVT. HSS BOYS, SHAHGANJ",प्रतिभागी,शिक्षक
AA5802,Bharti Rakesh,Sehore,BUDHANI,"23330200138, GOVT. HSS EXCELLENCE, BUDNI",प्रतिभागी,शिक्षक
AA5838,Rohit Sharma,Sehore,BUDHANI,"23330200138, GOVT. HSS EXCELLENCE, BUDNI",प्रतिभागी,शिक्षक
AB1104,Hardayal Singh Azad,Sehore,BUDHANI,"23330200138, GOVT. HSS EXCELLENCE, BUDNI",प्रतिभागी,शिक्षक
AB1107,Narendra Kumar Daley,Sehore,BUDHANI,"23330200138, GOVT. HSS EXCELLENCE, BUDNI",प्रतिभागी,शिक्षक
AB2524,Surendra Mohan Malviya,Sehore,BUDHANI,"23330200138, GOVT. HSS EXCELLENCE, BUDNI",प्रतिभागी,शिक्षक
BU6681,Balvant Kumar Ahirwar,Sehore,BUDHANI,"23330200138, GOVT. HSS EXCELLENCE, BUDNI",प्रतिभागी,शिक्षक
BW4449,Preeti Malviya,Sehore,BUDHANI,"23330200138, GOVT. HSS EXCELLENCE, BUDNI",प्रतिभागी,शिक्षक
AA5908,Chandar Singh Thakur,Sehore,ICHHAWAR,"23330309411, GOVT. HSS KHERI",प्रतिभागी,शिक्षक
AA6067,Nandkishor Verma,Sehore,ICHHAWAR,"23330309411, GOVT. HSS KHERI",प्रतिभागी,शिक्षक
BR6958,Dinesh Kumar Varma,Sehore,ICHHAWAR,"23330309411, GOVT. HSS KHERI",प्रतिभागी,शिक्षक
BX8123,Rakesh Mukati,Sehore,ICHHAWAR,"23330309411, GOVT. HSS KHERI",प्रतिभागी,शिक्षक
BX8195,Rakesh Kumar,Sehore,ICHHAWAR,"23330309411, GOVT. HSS KHERI",प्रतिभागी,शिक्षक
BX8244,Mukesh Verma,Sehore,ICHHAWAR,"23330309411, GOVT. HSS KHERI",प्रतिभागी,शिक्षक
BY6587,Abdul Rajjak,Sehore,ICHHAWAR,"23330309411, GOVT. HSS KHERI",प्रतिभागी,शिक्षक
CB2160,ANIL SURYAVANSHI,Sehore,ICHHAWAR,"23330309411, GOVT. HSS KHERI",प्रतिभागी,शिक्षक
AA8096,Gopal Singh Chandra,Sehore,ICHHAWAR,"23330307710, GOVT. HSS DHAMANDA",प्रतिभागी,शिक्षक
BR8243,Rajendra Singh Malviya,Sehore,ICHHAWAR,"23330307710, GOVT. HSS DHAMANDA",प्रतिभागी,शिक्षक
BT8976,Ramsingh Bhilala,Sehore,ICHHAWAR,"23330307710, GOVT. HSS DHAMANDA",प्रतिभागी,शिक्षक
BY4982,Rajkumar dhanak,Sehore,ICHHAWAR,"23330307710, GOVT. HSS DHAMANDA",प्रतिभागी,शिक्षक
BY7351,Manisha Verma,Sehore,ICHHAWAR,"23330307710, GOVT. HSS DHAMANDA",प्रतिभागी,शिक्षक
AA5928,Meena Makwana,Sehore,ICHHAWAR,"23330300133, GOVT. HSS EXCELLENCE, ICHHAWAR",प्रतिभागी,शिक्षक
AA5930,Jugesh Kumar Sen,Sehore,ICHHAWAR,"23330300133, GOVT. HSS EXCELLENCE, ICHHAWAR",प्रतिभागी,शिक्षक
AA5947,Shashikala Jhare,Sehore,ICHHAWAR,"23330300133, GOVT. HSS EXCELLENCE, ICHHAWAR",प्रतिभागी,शिक्षक
AA6051,Vinod Kumar Kelodia,Sehore,ICHHAWAR,"23330300133, GOVT. HSS EXCELLENCE, ICHHAWAR",प्रतिभागी,शिक्षक
AA6519,Hemant Kumar Vishwakarma,Sehore,ICHHAWAR,"23330300133, GOVT. HSS EXCELLENCE, ICHHAWAR",प्रतिभागी,शिक्षक
AB1680,Kamlesh Solanki,Sehore,ICHHAWAR,"23330300133, GOVT. HSS EXCELLENCE, ICHHAWAR",प्रतिभागी,शिक्षक
AB2200,Leeladhar Nagar,Sehore,ICHHAWAR,"23330300133, GOVT. HSS EXCELLENCE, ICHHAWAR",प्रतिभागी,शिक्षक
AB2218,Lata Verma,Sehore,ICHHAWAR,"23330300133, GOVT. HSS EXCELLENCE, ICHHAWAR",प्रतिभागी,शिक्षक
AU1037,Rajendra Kumar Lodhi,Sehore,ICHHAWAR,"23330300133, GOVT. HSS EXCELLENCE, ICHHAWAR",प्रतिभागी,शिक्षक
BR5334,Usha Sen,Sehore,ICHHAWAR,"23330300133, GOVT. HSS EXCELLENCE, ICHHAWAR",प्रतिभागी,शिक्षक
BR5335,Rekha Thakur,Sehore,ICHHAWAR,"23330300133, GOVT. HSS EXCELLENCE, ICHHAWAR",प्रतिभागी,शिक्षक
BR5342,Sheeba Khan,Sehore,ICHHAWAR,"23330300133, GOVT. HSS EXCELLENCE, ICHHAWAR",प्रतिभागी,शिक्षक
BR5356,Sushma Kushwaha,Sehore,ICHHAWAR,"23330300133, GOVT. HSS EXCELLENCE, ICHHAWAR",प्रतिभागी,शिक्षक
AA5977,Rajendra Kumar Malviy,Sehore,ICHHAWAR,"23330301207, GOVT. HSS RAMNAGAR",प्रतिभागी,शिक्षक
AA5994,Ram Singh,Sehore,ICHHAWAR,"23330301207, GOVT. HSS RAMNAGAR",प्रतिभागी,शिक्षक
BS4867,Lokendra Singh Rajput,Sehore,ICHHAWAR,"23330301207, GOVT. HSS RAMNAGAR",प्रतिभागी,शिक्षक
BS8260,Lakhan Lal Parmar,Sehore,ICHHAWAR,"23330301207, GOVT. HSS RAMNAGAR",प्रतिभागी,शिक्षक
BT7481,Priti Vishwakarma,Sehore,ICHHAWAR,"23330301207, GOVT. HSS RAMNAGAR",प्रतिभागी,शिक्षक
BS4454,Sangeeta Bagdiya,Sehore,ICHHAWAR,"23330313310, GOVT. HSS BRIJISHNAGAR",प्रतिभागी,शिक्षक
CA1191,Tilakram Chandravanshi,Sehore,ICHHAWAR,"23330313310, GOVT. HSS BRIJISHNAGAR",प्रतिभागी,शिक्षक
CB4041,DASHRATH NIL,Sehore,ICHHAWAR,"23330313310, GOVT. HSS BRIJISHNAGAR",प्रतिभागी,शिक्षक
AA5983,Deep Chand Sagwaliya,Sehore,ICHHAWAR,"23330306414, GOVT. HSS BHAUKHEDI",प्रतिभागी,शिक्षक
AA5999,Seema Malviya,Sehore,ICHHAWAR,"23330306414, GOVT. HSS BHAUKHEDI",प्रतिभागी,शिक्षक
AA6527,Manoj Kumar Verma,Sehore,ICHHAWAR,"23330306414, GOVT. HSS BHAUKHEDI",प्रतिभागी,शिक्षक
AA8931,Nepal Singh,Sehore,ICHHAWAR,"23330306414, GOVT. HSS BHAUKHEDI",प्रतिभागी,शिक्षक
AB1681,Mahesh Chandra Malviya,Sehore,ICHHAWAR,"23330306414, GOVT. HSS BHAUKHEDI",प्रतिभागी,शिक्षक
BQ8833,Vinod Singh Sengar,Sehore,ICHHAWAR,"23330306414, GOVT. HSS BHAUKHEDI",प्रतिभागी,शिक्षक
BX4648,JITENDRA SAGWALIYA,Sehore,ICHHAWAR,"23330306414, GOVT. HSS BHAUKHEDI",प्रतिभागी,शिक्षक
BZ6372,Vinod Kumar,Sehore,ICHHAWAR,"23330306414, GOVT. HSS BHAUKHEDI",प्रतिभागी,शिक्षक
AA6498,Kesar Singh Mewada,Sehore,ICHHAWAR,"23330301910, GOVT. HSS DIWADIYA",प्रतिभागी,शिक्षक
AB1668,Jagdish Narayan Shrivastava,Sehore,ICHHAWAR,"23330301910, GOVT. HSS DIWADIYA",प्रतिभागी,शिक्षक
AB2178,Bhanuprakash Vyas,Sehore,ICHHAWAR,"23330301910, GOVT. HSS DIWADIYA",प्रतिभागी,शिक्षक
AB2222,Mahesh Chandra Malviya,Sehore,ICHHAWAR,"23330301910, GOVT. HSS DIWADIYA",प्रतिभागी,शिक्षक
AB2227,Kailash Mewada,Sehore,ICHHAWAR,"23330301910, GOVT. HSS DIWADIYA",प्रतिभागी,शिक्षक
AU4718,Chandar Singh,Sehore,ICHHAWAR,"23330301910, GOVT. HSS DIWADIYA",प्रतिभागी,शिक्षक
BY4888,Ajab Singh Thakur,Sehore,ICHHAWAR,"23330301910, GOVT. HSS DIWADIYA",प्रतिभागी,शिक्षक
BZ4544,Sanjay Kumar Jat,Sehore,ICHHAWAR,"23330301910, GOVT. HSS DIWADIYA",प्रतिभागी,शिक्षक
AA7599,Narmadaprasad Dhanware,Sehore,NASRULLAGANJ,"23330400205, GOVT. HSS PIPLANI",प्रतिभागी,शिक्षक
AA8674,Shahtri Malviya,Sehore,NASRULLAGANJ,"23330400205, GOVT. HSS PIPLANI",प्रतिभागी,शिक्षक
BX5713,Manoj Kumar San,Sehore,NASRULLAGANJ,"23330400205, GOVT. HSS PIPLANI",प्रतिभागी,शिक्षक
BX5745,Mahesh Kumar Malviya,Sehore,NASRULLAGANJ,"23330400205, GOVT. HSS PIPLANI",प्रतिभागी,शिक्षक
BR5469,Pankaj Gour,Sehore,NASRULLAGANJ,"23330417105, GOVT. HSS CHHIDGAON KACHHI",प्रतिभागी,शिक्षक
BA1057,Maya Chouhan,Sehore,NASRULLAGANJ,"23330406105, GOVT. HS CHHIDGAONMOJI",प्रतिभागी,शिक्षक
AA5522,MADHURI TITRE,Sehore,NASRULLAGANJ,"23330412307, GOVT. HS SOYAT",प्रतिभागी,शिक्षक
AA9612,Rambharos Panwar,Sehore,NASRULLAGANJ,"23330412307, GOVT. HS SOYAT",प्रतिभागी,शिक्षक
BX7124,Anil Kumar Panwar,Sehore,NASRULLAGANJ,"23330412307, GOVT. HS SOYAT",प्रतिभागी,शिक्षक
AA5502,Ramswaroop Panwar,Sehore,NASRULLAGANJ,"23330411805, GOVT. HSS SATRANA",प्रतिभागी,शिक्षक
AA9640,Ramvilas Panwar,Sehore,NASRULLAGANJ,"23330411805, GOVT. HSS SATRANA",प्रतिभागी,शिक्षक
BY7376,Manoj Yadav,Sehore,NASRULLAGANJ,"23330411805, GOVT. HSS SATRANA",प्रतिभागी,शिक्षक
AA7902,Ramesh Chand Malviya,Sehore,NASRULLAGANJ,"23330403510, GOVT. HSS VASUDEV",प्रतिभागी,शिक्षक
AA9613,Ramesh Chandra Meena,Sehore,NASRULLAGANJ,"23330403510, GOVT. HSS VASUDEV",प्रतिभागी,शिक्षक
AB1966,Subhash Singh Dere,Sehore,NASRULLAGANJ,"23330403510, GOVT. HSS VASUDEV",प्रतिभागी,शिक्षक
BF5288,Laxman Singh Uikey,Sehore,NASRULLAGANJ,"23330403510, GOVT. HSS VASUDEV",प्रतिभागी,शिक्षक
BR5792,Ishwar Singh Pethari,Sehore,NASRULLAGANJ,"23330403510, GOVT. HSS VASUDEV",प्रतिभागी,शिक्षक
BY6088,Brajesh Kumar,Sehore,NASRULLAGANJ,"23330403510, GOVT. HSS VASUDEV",प्रतिभागी,शिक्षक
BY6201,Mukesh Nagraj,Sehore,NASRULLAGANJ,"23330403510, GOVT. HSS VASUDEV",प्रतिभागी,शिक्षक
BY6492,Nilesh Bhakte,Sehore,NASRULLAGANJ,"23330403510, GOVT. HSS VASUDEV",प्रतिभागी,शिक्षक
AA7575,Aasharam Solanki,Sehore,NASRULLAGANJ,"23330409910, GOVT. HSS CHAKALDI",प्रतिभागी,शिक्षक
AA7581,Chhagan Lal,Sehore,NASRULLAGANJ,"23330409910, GOVT. HSS CHAKALDI",प्रतिभागी,शिक्षक
AA7590,Arjun Singh Bhallavi,Sehore,NASRULLAGANJ,"23330409910, GOVT. HSS CHAKALDI",प्रतिभागी,शिक्षक
BT1266,Sunil Kumar Malviya,Sehore,NASRULLAGANJ,"23330409910, GOVT. HSS CHAKALDI",प्रतिभागी,शिक्षक
BY8055,Munish Manker,Sehore,NASRULLAGANJ,"23330409910, GOVT. HSS CHAKALDI",प्रतिभागी,शिक्षक
CB2078,AKLESH GURJAR,Sehore,NASRULLAGANJ,"23330409910, GOVT. HSS CHAKALDI",प्रतिभागी,शिक्षक
9516047944,Vinod Mali   ,Sehore,NASRULLAGANJ,"23330401809, GOVT. HSS GOPALPUR",प्रतिभागी,शिक्षक
AA7735,Pramod Mandloi,Sehore,NASRULLAGANJ,"23330401809, GOVT. HSS GOPALPUR",प्रतिभागी,शिक्षक
CC4735,SUNIL MALVIYA,Sehore,NASRULLAGANJ,"23330406702, GOVT HS.GIRLS LADKUI",प्रतिभागी,शिक्षक
AA7120,Abrar Ahmed Siddiqui,Sehore,SEHORE,"23330533191, GOVT. HSS GIRLS, MLB, SEHORE",प्रतिभागी,शिक्षक
AA9771,Kumer Singh,Sehore,SEHORE,"23330533193, GOVT. HS GIRLS, KASTURBA, SEHORE",प्रतिभागी,शिक्षक
AA5978,Sunita Shakya,Sehore,SEHORE,"23330533189, GOVT. HSS SUBHASH, SEHORE",प्रतिभागी,शिक्षक
AA7119,Kailash Yadav,Sehore,SEHORE,"23330533189, GOVT. HSS SUBHASH, SEHORE",प्रतिभागी,शिक्षक
AA8969,Rajeshwar Tiwari,Sehore,SEHORE,"23330533189, GOVT. HSS SUBHASH, SEHORE",प्रतिभागी,शिक्षक
AA8984,Subodh Jayswal,Sehore,SEHORE,"23330533189, GOVT. HSS SUBHASH, SEHORE",प्रतिभागी,शिक्षक
AB1200,Babita Kushwaha,Sehore,SEHORE,"23330533189, GOVT. HSS SUBHASH, SEHORE",प्रतिभागी,शिक्षक
AA8731,Nirmala Saxena,Sehore,SEHORE,"23330507909, GOVT. HS GUDBHELA",प्रतिभागी,शिक्षक
AB1250,Gayatri Khare,Sehore,SEHORE,"23330507909, GOVT. HS GUDBHELA",प्रतिभागी,शिक्षक
BQ9335,Muzhar Hussain,Sehore,SEHORE,"23330507909, GOVT. HS GUDBHELA",प्रतिभागी,शिक्षक
BT8695,Kamal Kishore,Sehore,SEHORE,"23330507909, GOVT. HS GUDBHELA",प्रतिभागी,शिक्षक
BY5901,MUBASHSHARA NIYAZI,Sehore,SEHORE,"23330507909, GOVT. HS GUDBHELA",प्रतिभागी,शिक्षक
CF3323,JUHI TAMRAKAR,Sehore,SEHORE,"23330507909, GOVT. HS GUDBHELA",प्रतिभागी,शिक्षक
AA5945,Ashish Sharma,Sehore,SEHORE,"23330533192, GOVT. HS S.V.MANDI, SEHORE",प्रतिभागी,शिक्षक
AA5949,Indira Rathore,Sehore,SEHORE,"23330533192, GOVT. HS S.V.MANDI, SEHORE",प्रतिभागी,शिक्षक
AA6622,Anil Kumar Gangwar,Sehore,SEHORE,"23330533192, GOVT. HS S.V.MANDI, SEHORE",प्रतिभागी,शिक्षक
AA9241,Vandana Joshi,Sehore,SEHORE,"23330533192, GOVT. HS S.V.MANDI, SEHORE",प्रतिभागी,शिक्षक
AB1484,Hemraj Bamaniya,Sehore,SEHORE,"23330533192, GOVT. HS S.V.MANDI, SEHORE",प्रतिभागी,शिक्षक
AB1553,Sarita Rawal,Sehore,SEHORE,"23330533192, GOVT. HS S.V.MANDI, SEHORE",प्रतिभागी,शिक्षक
AB1557,Shivnarayan Gour,Sehore,SEHORE,"23330533192, GOVT. HS S.V.MANDI, SEHORE",प्रतिभागी,शिक्षक
AB1565,Zahid Afzal,Sehore,SEHORE,"23330533192, GOVT. HS S.V.MANDI, SEHORE",प्रतिभागी,शिक्षक
BU2433,Yogesh Shrma,Sehore,SEHORE,"23330533192, GOVT. HS S.V.MANDI, SEHORE",प्रतिभागी,शिक्षक
CB1750,RAJKUMAR RATHORE,Sehore,SEHORE,"23330533192, GOVT. HS S.V.MANDI, SEHORE",प्रतिभागी,शिक्षक
AA8230,Rajesh Kumar Mandloi,Sehore,SEHORE,"23330516910, GOVT. HSS KHANDWA",प्रतिभागी,शिक्षक
AB1810,Ramesh Prasad Malviya,Sehore,SEHORE,"23330516910, GOVT. HSS KHANDWA",प्रतिभागी,शिक्षक
BR6653,Rinki Rathore,Sehore,SEHORE,"23330516910, GOVT. HSS KHANDWA",प्रतिभागी,शिक्षक
BR8121,Janki Shakya,Sehore,SEHORE,"23330516910, GOVT. HSS KHANDWA",प्रतिभागी,शिक्षक
BT1409,Jayshree Naroliya,Sehore,SEHORE,"23330516910, GOVT. HSS KHANDWA",प्रतिभागी,शिक्षक
BY1029,Laxman Das Bairagi,Sehore,SEHORE,"23330516910, GOVT. HSS KHANDWA",प्रतिभागी,शिक्षक
BY3042,Devendra Singh Parmar,Sehore,SEHORE,"23330516910, GOVT. HSS KHANDWA",प्रतिभागी,शिक्षक
BY6629,Sheetal Soni,Sehore,SEHORE,"23330516910, GOVT. HSS KHANDWA",प्रतिभागी,शिक्षक
CD7088,JYOTI GURJAR,Sehore,SEHORE,"23330516910, GOVT. HSS KHANDWA",प्रतिभागी,शिक्षक
CD8167,SATYENDRA UPADHYAY,Sehore,SEHORE,"23330516910, GOVT. HSS KHANDWA",प्रतिभागी,शिक्षक
AA6019,Kalicharan Verma,Sehore,SEHORE,"23330507518, GOVT. HSS BILKISGANJ",प्रतिभागी,शिक्षक
AA8286,Madhu Malviya,Sehore,SEHORE,"23330507518, GOVT. HSS BILKISGANJ",प्रतिभागी,शिक्षक
AB1260,Jeevanlata Minj,Sehore,SEHORE,"23330507518, GOVT. HSS BILKISGANJ",प्रतिभागी,शिक्षक
AN7388,Ranjita Chandel,Sehore,SEHORE,"23330507518, GOVT. HSS BILKISGANJ",प्रतिभागी,शिक्षक
BQ5674,Sarita Vishwakarma,Sehore,SEHORE,"23330507518, GOVT. HSS BILKISGANJ",प्रतिभागी,शिक्षक
BR5345,Nishat Fatma Rizvi,Sehore,SEHORE,"23330507518, GOVT. HSS BILKISGANJ",प्रतिभागी,शिक्षक
BR8590,Anita Bhoyar,Sehore,SEHORE,"23330507518, GOVT. HSS BILKISGANJ",प्रतिभागी,शिक्षक
BS4692,Pratap Singh Dohar,Sehore,SEHORE,"23330507518, GOVT. HSS BILKISGANJ",प्रतिभागी,शिक्षक
BS6353,Mahendra Kumar Verma,Sehore,SEHORE,"23330507518, GOVT. HSS BILKISGANJ",प्रतिभागी,शिक्षक
BT9253,Manohar Lal Dubey,Sehore,SEHORE,"23330507518, GOVT. HSS BILKISGANJ",प्रतिभागी,शिक्षक
BX9570,Sandhya Tyagi,Sehore,SEHORE,"23330507518, GOVT. HSS BILKISGANJ",प्रतिभागी,शिक्षक
BZ6326,Vijay Kumar Choudharee,Sehore,SEHORE,"23330507518, GOVT. HSS BILKISGANJ",प्रतिभागी,शिक्षक
CA9191,ARCHANA SINGH,Sehore,SEHORE,"23330507518, GOVT. HSS BILKISGANJ",प्रतिभागी,शिक्षक
AA6037,Pradnya Vaidya,Sehore,SEHORE,"23330502306, GOVT. HSS MUNGAWLI",प्रतिभागी,शिक्षक
AA6047,Vijay Shankar Yadav,Sehore,SEHORE,"23330502306, GOVT. HSS MUNGAWLI",प्रतिभागी,शिक्षक
AB1220,Meena Rathore,Sehore,SEHORE,"23330502306, GOVT. HSS MUNGAWLI",प्रतिभागी,शिक्षक
AB1322,Nitin Shrivastava,Sehore,SEHORE,"23330502306, GOVT. HSS MUNGAWLI",प्रतिभागी,शिक्षक
BO5912,Goushali Rathore,Sehore,SEHORE,"23330502306, GOVT. HSS MUNGAWLI",प्रतिभागी,शिक्षक
BU7443,Nitu Rathore,Sehore,SEHORE,"23330502306, GOVT. HSS MUNGAWLI",प्रतिभागी,शिक्षक
BZ4527,Shakti Sharma,Sehore,SEHORE,"23330502306, GOVT. HSS MUNGAWLI",प्रतिभागी,शिक्षक
AA8235,Anil Kumar Mishra,Sehore,SEHORE,"23330514426, GOVT. HSS SHYAMPUR",प्रतिभागी,शिक्षक
AB1056,Manohar Patil,Sehore,SEHORE,"23330514426, GOVT. HSS SHYAMPUR",प्रतिभागी,शिक्षक
AB1058,Bhola Shankar Ojha,Sehore,SEHORE,"23330514426, GOVT. HSS SHYAMPUR",प्रतिभागी,शिक्षक
AB1321,Om Prakash,Sehore,SEHORE,"23330514426, GOVT. HSS SHYAMPUR",प्रतिभागी,शिक्षक
AB1855,Sangeeta Joshi,Sehore,SEHORE,"23330514426, GOVT. HSS SHYAMPUR",प्रतिभागी,शिक्षक
BX7233,Dularee Panwar,Sehore,SEHORE,"23330514426, GOVT. HSS SHYAMPUR",प्रतिभागी,शिक्षक
BY3989,Maya Patidar,Sehore,SEHORE,"23330514426, GOVT. HSS SHYAMPUR",प्रतिभागी,शिक्षक
BZ3637,Ramcharan Malviya,Sehore,SEHORE,"23330514426, GOVT. HSS SHYAMPUR",प्रतिभागी,शिक्षक
9584503894,Hariom verma   ,Sehore,SEHORE,"23330527611, GOVT. HS JHARKHEDA",प्रतिभागी,शिक्षक
AB2468,Ravindra Patidar,Sehore,SEHORE,"23330527611, GOVT. HS JHARKHEDA",प्रतिभागी,शिक्षक
BR9132,Krishna Bedi,Sehore,SEHORE,"23330527611, GOVT. HS JHARKHEDA",प्रतिभागी,शिक्षक
BR9147,Deepak Rawat,Sehore,SEHORE,"23330527611, GOVT. HS JHARKHEDA",प्रतिभागी,शिक्षक
BS8406,Sheeri Akhtar,Sehore,SEHORE,"23330527611, GOVT. HS JHARKHEDA",प्रतिभागी,शिक्षक
BT9028,Lakhan Singh Vishwakarma,Sehore,SEHORE,"23330527611, GOVT. HS JHARKHEDA",प्रतिभागी,शिक्षक
7049076408,Akshay  Manoriya ,Sehore,SEHORE,"23330525113, GOVT. HSS AHMADPUR",प्रतिभागी,शिक्षक
AA6680,Hemendr Gupta,Sehore,SEHORE,"23330525113, GOVT. HSS AHMADPUR",प्रतिभागी,शिक्षक
AA9738,Karan Singh,Sehore,SEHORE,"23330525113, GOVT. HSS AHMADPUR",प्रतिभागी,शिक्षक
AA9763,Chandrakanta Sharma,Sehore,SEHORE,"23330525113, GOVT. HSS AHMADPUR",प्रतिभागी,शिक्षक
AB1211,Rekha Dohare,Sehore,SEHORE,"23330525113, GOVT. HSS AHMADPUR",प्रतिभागी,शिक्षक
AB1300,Vandana Singh Rajput,Sehore,SEHORE,"23330525113, GOVT. HSS AHMADPUR",प्रतिभागी,शिक्षक
CD7094,DEEPIKA SENGAR,Sehore,SEHORE,"23330525113, GOVT. HSS AHMADPUR",प्रतिभागी,शिक्षक
CC8596,PRACHI LODHI,Sehore,SEHORE,"23330522909, GOVT. HSS BARKHERA HASAN",प्रतिभागी,शिक्षक
AB1233,Arun Kumar Joshi,Sehore,SEHORE,"23330533196, GOVT. HS GWALTOLI, SEHORE",प्रतिभागी,शिक्षक
BA2860,Jyoti Munjwar,Sehore,SEHORE,"23330533196, GOVT. HS GWALTOLI, SEHORE",प्रतिभागी,शिक्षक
BS1610,Madhuri Khatri,Sehore,SEHORE,"23330533196, GOVT. HS GWALTOLI, SEHORE",प्रतिभागी,शिक्षक
AY8405,Jyoti Rathi,Seoni,BARGHAT,"23440201016, GOVT. HSS ARI",प्रतिभागी,शिक्षक
AZ3890,Hemlata Parte,Seoni,BARGHAT,"23440201016, GOVT. HSS ARI",प्रतिभागी,शिक्षक
AZ5314,Kapil KUMAR THAKUR,Seoni,BARGHAT,"23440201016, GOVT. HSS ARI",प्रतिभागी,शिक्षक
BQ7847,Girvar Singh Tembhre,Seoni,BARGHAT,"23440201016, GOVT. HSS ARI",प्रतिभागी,शिक्षक
AY7445,Madhu Kumar,Seoni,BARGHAT,"23440212208, GOVT. HSS ASHTA",प्रतिभागी,शिक्षक
AY9602,MAMTA BISEN,Seoni,BARGHAT,"23440212208, GOVT. HSS ASHTA",प्रतिभागी,शिक्षक
BT9324,Laxminarayan Choudhary,Seoni,BARGHAT,"23440212208, GOVT. HSS ASHTA",प्रतिभागी,शिक्षक
BU4548,Prakash Kumar Pancheshwar,Seoni,BARGHAT,"23440212208, GOVT. HSS ASHTA",प्रतिभागी,शिक्षक
AZ2150,Sukhwanti Parte,Seoni,BARGHAT,"23440207112, GOVT. HSS GANGERUA (DHAPARA)",प्रतिभागी,शिक्षक
AZ2151,Hemendra Singh Parte,Seoni,BARGHAT,"23440207112, GOVT. HSS GANGERUA (DHAPARA)",प्रतिभागी,शिक्षक
AZ2160,Nand Kishor Patle,Seoni,BARGHAT,"23440207112, GOVT. HSS GANGERUA (DHAPARA)",प्रतिभागी,शिक्षक
AZ2181,Dhurwanta Bopche,Seoni,BARGHAT,"23440207112, GOVT. HSS GANGERUA (DHAPARA)",प्रतिभागी,शिक्षक
AZ3883,Noorsingh Kumre,Seoni,BARGHAT,"23440207112, GOVT. HSS GANGERUA (DHAPARA)",प्रतिभागी,शिक्षक
AZ7393,Ivraj Singh Rahangdale,Seoni,BARGHAT,"23440207112, GOVT. HSS GANGERUA (DHAPARA)",प्रतिभागी,शिक्षक
AY7619,Mangalsingh Uikey,Seoni,BARGHAT,"23440213505, GOVT. HSS KHAMI",प्रतिभागी,शिक्षक
AY7643,Dashrath Bisen,Seoni,BARGHAT,"23440213505, GOVT. HSS KHAMI",प्रतिभागी,शिक्षक
AY7750,Uttam Chand Deshmukh,Seoni,BARGHAT,"23440213505, GOVT. HSS KHAMI",प्रतिभागी,शिक्षक
BU2961,Dilip Kumar Gharde,Seoni,BARGHAT,"23440213505, GOVT. HSS KHAMI",प्रतिभागी,शिक्षक
BZ3252,Ramlata Thakur,Seoni,BARGHAT,"23440213505, GOVT. HSS KHAMI",प्रतिभागी,शिक्षक
CB9255,SHIVANEE PATLE,Seoni,BARGHAT,"23440213505, GOVT. HSS KHAMI",प्रतिभागी,शिक्षक
AY9336,Ishwar Dayal Masram,Seoni,BARGHAT,"23440202505, GOVT. HSS BUDHENA KALA",प्रतिभागी,शिक्षक
AY9523,Rajendra Kumar Mandwey,Seoni,BARGHAT,"23440202505, GOVT. HSS BUDHENA KALA",प्रतिभागी,शिक्षक
AY7732,Gendlal Harinkhede,Seoni,BARGHAT,"23440214112, GOVT. HSS DHARNA KALA",प्रतिभागी,शिक्षक
AY7747,Ravindra Singh Thakre,Seoni,BARGHAT,"23440214112, GOVT. HSS DHARNA KALA",प्रतिभागी,शिक्षक
AY7748,Avinash Tiwari,Seoni,BARGHAT,"23440214112, GOVT. HSS DHARNA KALA",प्रतिभागी,शिक्षक
BU1369,Umashanker PATLE,Seoni,BARGHAT,"23440214112, GOVT. HSS DHARNA KALA",प्रतिभागी,शिक्षक
AZ5978,Sheelo Marskole,Seoni,BARGHAT,"23440210539, GOVT. HSS EXCELLENCE BARGHAT",प्रतिभागी,शिक्षक
BZ1056,Rani Thakur,Seoni,BARGHAT,"23440210539, GOVT. HSS EXCELLENCE BARGHAT",प्रतिभागी,शिक्षक
CB9246,SUSHMA GOUTAM,Seoni,BARGHAT,"23440210539, GOVT. HSS EXCELLENCE BARGHAT",प्रतिभागी,शिक्षक
AY7671,Dinesh Kumar Marskole,Seoni,BARGHAT,"23440210540, GOVT. HSS GIRLS, BARGHAT",प्रतिभागी,शिक्षक
AY8394,Kamal Gajbhiye,Seoni,BARGHAT,"23440210540, GOVT. HSS GIRLS, BARGHAT",प्रतिभागी,शिक्षक
AY9614,Yadhuraj Arjunwar,Seoni,BARGHAT,"23440210540, GOVT. HSS GIRLS, BARGHAT",प्रतिभागी,शिक्षक
BV6783,Omkar Singh Choudhary,Seoni,BARGHAT,"23440210540, GOVT. HSS GIRLS, BARGHAT",प्रतिभागी,शिक्षक
BX4350,BHUMESHWARI KATRE,Seoni,BARGHAT,"23440210540, GOVT. HSS GIRLS, BARGHAT",प्रतिभागी,शिक्षक
AY8449,Vinita Bhalavi,Seoni,BARGHAT,"23440205511, GOVT. HSS BORIKALA",प्रतिभागी,शिक्षक
AY9352,Prakash Kumar Verma,Seoni,BARGHAT,"23440205511, GOVT. HSS BORIKALA",प्रतिभागी,शिक्षक
AZ1928,Sanjiv Bisen,Seoni,BARGHAT,"23440205511, GOVT. HSS BORIKALA",प्रतिभागी,शिक्षक
AZ4942,Mahesh Kumar Choudhary',Seoni,BARGHAT,"23440205511, GOVT. HSS BORIKALA",प्रतिभागी,शिक्षक
AZ6064,Shiv Prasad Bhalekar,Seoni,BARGHAT,"23440205511, GOVT. HSS BORIKALA",प्रतिभागी,शिक्षक
AZ1147,Shubha Sonkeshariya,Seoni,CHHAPARA,"23440500132, GOVT. HSS EXCELLENCE CHHAPARA",प्रतिभागी,शिक्षक
CA6419,AARTI DAHERIYA,Seoni,CHHAPARA,"23440500132, GOVT. HSS EXCELLENCE CHHAPARA",प्रतिभागी,शिक्षक
AY9736,Kamleshwari Narre,Seoni,CHHAPARA,"23440500904, GOVT. HSS BIJADEORI",प्रतिभागी,शिक्षक
AY9986,Ram Bharos Gajjam,Seoni,CHHAPARA,"23440500904, GOVT. HSS BIJADEORI",प्रतिभागी,शिक्षक
AZ1060,Mahesh Kumar Yadav,Seoni,CHHAPARA,"23440500904, GOVT. HSS BIJADEORI",प्रतिभागी,शिक्षक
BT6895,Panjulal Sen,Seoni,CHHAPARA,"23440500904, GOVT. HSS BIJADEORI",प्रतिभागी,शिक्षक
AY9988,Radheshyam Warkade,Seoni,CHHAPARA,"23440505204, GOVT. HS GORAKHPUR",प्रतिभागी,शिक्षक
AZ1232,Kachar Lal Batti,Seoni,CHHAPARA,"23440505204, GOVT. HS GORAKHPUR",प्रतिभागी,शिक्षक
AY8447,Yashwant Yadav,Seoni,CHHAPARA,"23440508110, GOVT. HSS BHIMGARH",प्रतिभागी,शिक्षक
AZ1005,DINESH KUMAR UIKEY,Seoni,CHHAPARA,"23440503712, GOVT. HSS CHAMARI KHURD",प्रतिभागी,शिक्षक
AY9714,Geeta Uikey,Seoni,CHHAPARA,"23440500131, GOVT. HS GIRLS, CHHAPARA",प्रतिभागी,शिक्षक
AY9935,Ashok Kumar Kumre,Seoni,CHHAPARA,"23440500131, GOVT. HS GIRLS, CHHAPARA",प्रतिभागी,शिक्षक
AZ1132,Shikha Sahu,Seoni,CHHAPARA,"23440500131, GOVT. HS GIRLS, CHHAPARA",प्रतिभागी,शिक्षक
AZ1201,Jagdeesh Prasad Chouksey,Seoni,CHHAPARA,"23440500131, GOVT. HS GIRLS, CHHAPARA",प्रतिभागी,सीएसी
AZ6211,Rajendra Kumar Sahu,Seoni,CHHAPARA,"23440500131, GOVT. HS GIRLS, CHHAPARA",प्रतिभागी,शिक्षक
CE9981,DROKSHEE BATTI,Seoni,CHHAPARA,"23440500131, GOVT. HS GIRLS, CHHAPARA",प्रतिभागी,शिक्षक
AZ1527,Chamru Lal Marskole,Seoni,DHANORA,"23440804616, GOVT. HSS EXCELLENCE DHANORA",प्रतिभागी,शिक्षक
AZ1763,Tohid Ahmad Khan,Seoni,DHANORA,"23440804616, GOVT. HSS EXCELLENCE DHANORA",प्रतिभागी,शिक्षक
AZ1767,Lakheshwari Koureti,Seoni,DHANORA,"23440804616, GOVT. HSS EXCELLENCE DHANORA",प्रतिभागी,शिक्षक
AZ6357,Birsu Lal Uikey,Seoni,DHANORA,"23440804616, GOVT. HSS EXCELLENCE DHANORA",प्रतिभागी,शिक्षक
CC3109,SOURABH JAIN,Seoni,DHANORA,"23440804616, GOVT. HSS EXCELLENCE DHANORA",प्रतिभागी,शिक्षक
AZ1377,Santosh Vedi,Seoni,DHANORA,"23440805806, GOVT. HSS BEGARWANI",प्रतिभागी,शिक्षक
AZ1550,Sumat Lal Parte,Seoni,DHANORA,"23440805806, GOVT. HSS BEGARWANI",प्रतिभागी,शिक्षक
BS1179,Santosh Kaumar Bais,Seoni,DHANORA,"23440805806, GOVT. HSS BEGARWANI",प्रतिभागी,शिक्षक
BT8643,Rajkumar Prajapati,Seoni,DHANORA,"23440805806, GOVT. HSS BEGARWANI",प्रतिभागी,शिक्षक
AZ1469,Ashok Kumar Thakur,Seoni,DHANORA,"23440800711, GOVT. HSS KUDARI",प्रतिभागी,शिक्षक
AZ2541,Kishore Kumar Meshram,Seoni,DHANORA,"23440800711, GOVT. HSS KUDARI",प्रतिभागी,शिक्षक
BW5000,Isarafeel Mansoori,Seoni,DHANORA,"23440800711, GOVT. HSS KUDARI",प्रतिभागी,शिक्षक
CE2270,PINKY KEWAT,Seoni,DHANORA,"23440800711, GOVT. HSS KUDARI",प्रतिभागी,शिक्षक
AZ1736,Kanti Chandrawanshi,Seoni,DHANORA,"23440800810, GOVT. HSS SUNWARA",प्रतिभागी,शिक्षक
CC1703,RANU PATLE,Seoni,DHANORA,"23440800810, GOVT. HSS SUNWARA",प्रतिभागी,शिक्षक
CE2291,DEEPAK JAIN,Seoni,DHANORA,"23440800810, GOVT. HSS SUNWARA",प्रतिभागी,शिक्षक
AZ1625,Nirmala Uikey,Seoni,DHANORA,"23440801804, GOVT. HSS BORIYA",प्रतिभागी,शिक्षक
BZ3311,Laxmiprasad Aachre,Seoni,DHANORA,"23440801804, GOVT. HSS BORIYA",प्रतिभागी,शिक्षक
AZ1401,Mamta Dubey,Seoni,DHANORA,"23440800104, GOVT. HS GWARI",प्रतिभागी,शिक्षक
AZ1638,Rajendra Singh Maravi,Seoni,DHANORA,"23440800104, GOVT. HS GWARI",प्रतिभागी,शिक्षक
AZ2603,Meena Uike,Seoni,GHANSORE,"23440713031, GOVT. HSS GIRLS, GHANSORE",प्रतिभागी,शिक्षक
AZ2716,Chandrakant Shrivastava,Seoni,GHANSORE,"23440713031, GOVT. HSS GIRLS, GHANSORE",प्रतिभागी,शिक्षक
AZ2851,Raghunath Kakodia,Seoni,GHANSORE,"23440713031, GOVT. HSS GIRLS, GHANSORE",प्रतिभागी,शिक्षक
AZ6513,Babita Yadav,Seoni,GHANSORE,"23440713031, GOVT. HSS GIRLS, GHANSORE",प्रतिभागी,शिक्षक
AZ2312,Ramesh Uike,Seoni,GHANSORE,"23440711105, GOVT. HSS BARODA MAL",प्रतिभागी,शिक्षक
AZ2468,Urmila Pandre,Seoni,GHANSORE,"23440711105, GOVT. HSS BARODA MAL",प्रतिभागी,शिक्षक
BU4785,Rajendra Dhakre,Seoni,GHANSORE,"23440711604, GOVT. HSS GHONTKHEDA",प्रतिभागी,शिक्षक
AZ2772,Shanilal Maravi,Seoni,GHANSORE,"23440703604, GOVT. HSS JHINJHRAI",प्रतिभागी,शिक्षक
AZ6651,Manoj Kumar Savre,Seoni,GHANSORE,"23440703604, GOVT. HSS JHINJHRAI",प्रतिभागी,शिक्षक
AZ2338,Atar Uike,Seoni,GHANSORE,"23440714703, GOVT. HSS KINDRAI 2016-17",प्रतिभागी,शिक्षक
AZ6571,Govind Singh Maravi,Seoni,GHANSORE,"23440702707, GOVT. HSS BHILAI",प्रतिभागी,शिक्षक
BT8832,Shivnarayan Golhani,Seoni,GHANSORE,"23440702707, GOVT. HSS BHILAI",प्रतिभागी,शिक्षक
AZ2276,Shishupal Gharde,Seoni,GHANSORE,"23440713030, GOVT. HSS EXCELLENCE GHANSORE",प्रतिभागी,शिक्षक
AZ2514,Rashmi Namdeo,Seoni,GHANSORE,"23440713030, GOVT. HSS EXCELLENCE GHANSORE",प्रतिभागी,शिक्षक
AZ2757,Rama Saxena,Seoni,GHANSORE,"23440713030, GOVT. HSS EXCELLENCE GHANSORE",प्रतिभागी,शिक्षक
AZ2766,Gambheer Singh Kakodia,Seoni,GHANSORE,"23440713030, GOVT. HSS EXCELLENCE GHANSORE",प्रतिभागी,शिक्षक
AZ4278,Murlidhar Kulastey,Seoni,GHANSORE,"23440713030, GOVT. HSS EXCELLENCE GHANSORE",प्रतिभागी,शिक्षक
BT8951,Umakant Yadav,Seoni,GHANSORE,"23440713030, GOVT. HSS EXCELLENCE GHANSORE",प्रतिभागी,शिक्षक
CF9834,GOPAL YADAV,Seoni,GHANSORE,"23440713030, GOVT. HSS EXCELLENCE GHANSORE",प्रतिभागी,शिक्षक
AZ2644,Aarti Thakur,Seoni,GHANSORE,"23440709611, GOVT. HSS KAHANI",प्रतिभागी,शिक्षक
AR3875,Dhanu Lal Parate,Seoni,KEOLARI,"23440302205, GOVT. HSS CHHINDA",प्रतिभागी,शिक्षक
AZ3623,Bal Chand Uikey,Seoni,KEOLARI,"23440302205, GOVT. HSS CHHINDA",प्रतिभागी,शिक्षक
AZ3627,Santosh Kumar Bhalavi,Seoni,KEOLARI,"23440302205, GOVT. HSS CHHINDA",प्रतिभागी,शिक्षक
BU2660,Govind Prasad Ormade,Seoni,KEOLARI,"23440302205, GOVT. HSS CHHINDA",प्रतिभागी,शिक्षक
AZ3604,Arvind Kumar Shrivastava,Seoni,KEOLARI,"23440310905, GOVT. HSS KHAIRRANJI",प्रतिभागी,शिक्षक
AZ3466,Manju Pathak,Seoni,KEOLARI,"23440312519, GOVT. HSS EXCELLENCE KEOLARI",प्रतिभागी,शिक्षक
AZ3643,Shankar Singh Uikey,Seoni,KEOLARI,"23440312519, GOVT. HSS EXCELLENCE KEOLARI",प्रतिभागी,शिक्षक
CB6399,PRAHLAD MARASKOLE,Seoni,KEOLARI,"23440312519, GOVT. HSS EXCELLENCE KEOLARI",प्रतिभागी,शिक्षक
AY9512,Suman Tiwari,Seoni,KEOLARI,"23440312520, GOVT. HSS GIRLS, KEOLARI",प्रतिभागी,शिक्षक
AZ3289,Vinay Kumar Soni,Seoni,KEOLARI,"23440312520, GOVT. HSS GIRLS, KEOLARI",प्रतिभागी,शिक्षक
AZ3446,Satish Kumar,Seoni,KEOLARI,"23440312520, GOVT. HSS GIRLS, KEOLARI",प्रतिभागी,शिक्षक
AZ3495,Dhanoo Lal Chourasiya,Seoni,KEOLARI,"23440312520, GOVT. HSS GIRLS, KEOLARI",प्रतिभागी,शिक्षक
AZ3510,Kamta Prasad,Seoni,KEOLARI,"23440312520, GOVT. HSS GIRLS, KEOLARI",प्रतिभागी,शिक्षक
AZ3552,Biharilal Mishra,Seoni,KEOLARI,"23440312520, GOVT. HSS GIRLS, KEOLARI",प्रतिभागी,शिक्षक
AZ4898,Bablu Kumar Maratha,Seoni,KEOLARI,"23440312520, GOVT. HSS GIRLS, KEOLARI",प्रतिभागी,शिक्षक
AZ5522,Anjali Nareti,Seoni,KEOLARI,"23440312520, GOVT. HSS GIRLS, KEOLARI",प्रतिभागी,शिक्षक
BT5849,Ajay Kumar Chourasiya,Seoni,KEOLARI,"23440312520, GOVT. HSS GIRLS, KEOLARI",प्रतिभागी,शिक्षक
AZ3516,Ramnath Adpache,Seoni,KEOLARI,"23440304310, GOVT. HSS KHERA PALARI",प्रतिभागी,शिक्षक
AZ4873,Hemlata Pathak,Seoni,KEOLARI,"23440304310, GOVT. HSS KHERA PALARI",प्रतिभागी,शिक्षक
AZ4962,Nivedita Tiwari,Seoni,KEOLARI,"23440304310, GOVT. HSS KHERA PALARI",प्रतिभागी,शिक्षक
AZ4982,Sanjay Kumar Pal,Seoni,KEOLARI,"23440304310, GOVT. HSS KHERA PALARI",प्रतिभागी,शिक्षक
AZ5309,Anita Chouhan,Seoni,KEOLARI,"23440303707, GOVT. HSS MOHBARRA",प्रतिभागी,शिक्षक
AZ5426,Santosh Patle,Seoni,KEOLARI,"23440303707, GOVT. HSS MOHBARRA",प्रतिभागी,शिक्षक
AZ5392,Narayan Prasad Bhramit,Seoni,KEOLARI,"23440314515, GOVT. HS GIRLS, UGLI",प्रतिभागी,शिक्षक
AZ5020,Goutam Maneshwar,Seoni,KEOLARI,"23440305304, GOVT. HSS SAREKHA",प्रतिभागी,शिक्षक
AZ5518,Shivkumar Adme,Seoni,KEOLARI,"23440305304, GOVT. HSS SAREKHA",प्रतिभागी,शिक्षक
BP9162,Umadevi Maneshwar,Seoni,KEOLARI,"23440305304, GOVT. HSS SAREKHA",प्रतिभागी,शिक्षक
BV6580,Ranjeet Kumar Nawre,Seoni,KEOLARI,"23440305304, GOVT. HSS SAREKHA",प्रतिभागी,शिक्षक
AZ5083,Chandrabhan Singh Karveti,Seoni,KEOLARI,"23440313609, GOVT. HSS PANDIYA CHHAPARA",प्रतिभागी,शिक्षक
BZ1899,Gayatri Bisen,Seoni,KEOLARI,"23440313609, GOVT. HSS PANDIYA CHHAPARA",प्रतिभागी,शिक्षक
BZ9386,DEVI Prasad Ghosle,Seoni,KEOLARI,"23440313609, GOVT. HSS PANDIYA CHHAPARA",प्रतिभागी,शिक्षक
CA8243,RISHANT SONWANE,Seoni,KEOLARI,"23440313609, GOVT. HSS PANDIYA CHHAPARA",प्रतिभागी,शिक्षक
AY8860,Ajay Daharwal,Seoni,KURAI,"23440400711, GOVT. HSS BADALPAR",प्रतिभागी,शिक्षक
AZ1371,Raju Yadav,Seoni,KURAI,"23440400711, GOVT. HSS BADALPAR",प्रतिभागी,शिक्षक
AZ4741,Kedar Singh Bisen,Seoni,KURAI,"23440400711, GOVT. HSS BADALPAR",प्रतिभागी,शिक्षक
AZ6201,Surendra Kumar Sanodiya,Seoni,KURAI,"23440400711, GOVT. HSS BADALPAR",प्रतिभागी,शिक्षक
BZ7918,Pratibha Katare,Seoni,KURAI,"23440400711, GOVT. HSS BADALPAR",प्रतिभागी,शिक्षक
CE8145,RAJENDRA BAGHEL,Seoni,KURAI,"23440400711, GOVT. HSS BADALPAR",प्रतिभागी,शिक्षक
AZ2548,Ravi Sanodia,Seoni,KURAI,"23440414301, GOVT. HSS CHAKKI KHAMARIYA",प्रतिभागी,शिक्षक
AZ3976,Dineshwar Daharwal,Seoni,KURAI,"23440414301, GOVT. HSS CHAKKI KHAMARIYA",प्रतिभागी,शिक्षक
BU3308,Ramdhara Bhalavi,Seoni,KURAI,"23440414301, GOVT. HSS CHAKKI KHAMARIYA",प्रतिभागी,शिक्षक
BV9150,Bhumeshwary Bisen,Seoni,KURAI,"23440414301, GOVT. HSS CHAKKI KHAMARIYA",प्रतिभागी,शिक्षक
BZ4876,Pooja Uradwansh,Seoni,KURAI,"23440414301, GOVT. HSS CHAKKI KHAMARIYA",प्रतिभागी,शिक्षक
CB9617,ANJALI TEKAM,Seoni,KURAI,"23440414301, GOVT. HSS CHAKKI KHAMARIYA",प्रतिभागी,शिक्षक
AZ3780,Laxmi Kumre,Seoni,KURAI,"23440415303, GOVT. HSS DARASI KALA",प्रतिभागी,शिक्षक
AZ4860,Amarsingh Invati,Seoni,KURAI,"23440415303, GOVT. HSS DARASI KALA",प्रतिभागी,शिक्षक
AA5503,Krishna Kumar Bhagat,Seoni,KURAI,"23440413205, GOVT. HS GHATKOHKA",प्रतिभागी,शिक्षक
AZ3886,Bhaiyalal Markam,Seoni,KURAI,"23440403611, GOVT. HSS KHAWASA",प्रतिभागी,शिक्षक
CC4605,KAILASH WANKHEDE,Seoni,KURAI,"23440403611, GOVT. HSS KHAWASA",प्रतिभागी,शिक्षक
CE8223,RASHMI KIRAR,Seoni,KURAI,"23440403611, GOVT. HSS KHAWASA",प्रतिभागी,शिक्षक
CF7038,PRIYANSHI THAKUR,Seoni,KURAI,"23440401206, GOVT. HSS EXCELLENCE KURAI",प्रतिभागी,शिक्षक
CE2217,PANKAJ UIKEY,Seoni,KURAI,"23440416703, GOVT. HS PATAN",प्रतिभागी,शिक्षक
AZ3771,Arun Kumar Bhairam,Seoni,KURAI,"23440403404, GOVT. HSS PIPARWANI",प्रतिभागी,शिक्षक
BR8945,Ranjna Karweti,Seoni,KURAI,"23440403404, GOVT. HSS PIPARWANI",प्रतिभागी,शिक्षक
BT9689,Mahesh Patel,Seoni,KURAI,"23440403404, GOVT. HSS PIPARWANI",प्रतिभागी,शिक्षक
AY9801,Dilip Singh Patle,Seoni,KURAI,"23440407207, GOVT. HSS SUKTARA",प्रतिभागी,शिक्षक
AZ2986,Roopkishor Sahu,Seoni,KURAI,"23440407207, GOVT. HSS SUKTARA",प्रतिभागी,शिक्षक
AZ3811,Tarun Kumar Maravi,Seoni,KURAI,"23440407207, GOVT. HSS SUKTARA",प्रतिभागी,शिक्षक
AZ4020,Gyan Soni,Seoni,KURAI,"23440407207, GOVT. HSS SUKTARA",प्रतिभागी,शिक्षक
AZ4094,Indarlal Daheriya,Seoni,KURAI,"23440407207, GOVT. HSS SUKTARA",प्रतिभागी,शिक्षक
CF2579,DEEPAK KUMAR GOUTAM,Seoni,KURAI,"23440407207, GOVT. HSS SUKTARA",प्रतिभागी,शिक्षक
AY8497,Kunjbihari Sandey,Seoni,LAKHNADON,"23440601311, GOVT. HSS GANESHGANJ",प्रतिभागी,शिक्षक
AZ1194,Ghanshyam Uikey,Seoni,LAKHNADON,"23440601311, GOVT. HSS GANESHGANJ",प्रतिभागी,शिक्षक
AZ4572,Mahesh Gupta,Seoni,LAKHNADON,"23440601311, GOVT. HSS GANESHGANJ",प्रतिभागी,शिक्षक
AZ4589,Gyanchand Sarvey,Seoni,LAKHNADON,"23440601311, GOVT. HSS GANESHGANJ",प्रतिभागी,शिक्षक
BV3203,Deveshwari Sonkeshariya,Seoni,LAKHNADON,"23440601311, GOVT. HSS GANESHGANJ",प्रतिभागी,शिक्षक
BT7157,Vijay Kumar Sharma,Seoni,LAKHNADON,"23440603406, GOVT. HSS SIHORA",प्रतिभागी,शिक्षक
AZ2537,Kirti Maseeh,Seoni,LAKHNADON,"23440600834, GOVT. HSS EXCELLENCE LAKHNADON",प्रतिभागी,शिक्षक
AZ4310,Ramdeen Inwati,Seoni,LAKHNADON,"23440600834, GOVT. HSS EXCELLENCE LAKHNADON",प्रतिभागी,शिक्षक
BS5798,Shrimati Mamta Kulaste,Seoni,LAKHNADON,"23440600834, GOVT. HSS EXCELLENCE LAKHNADON",प्रतिभागी,शिक्षक
BU6107,Savita Thakur,Seoni,LAKHNADON,"23440600834, GOVT. HSS EXCELLENCE LAKHNADON",प्रतिभागी,शिक्षक
BV1310,Rammu Prasad Inwati,Seoni,LAKHNADON,"23440600834, GOVT. HSS EXCELLENCE LAKHNADON",प्रतिभागी,शिक्षक
CC3657,VINITA AHIRWAR,Seoni,LAKHNADON,"23440600834, GOVT. HSS EXCELLENCE LAKHNADON",प्रतिभागी,शिक्षक
CC3673,PIYUSH JAIN,Seoni,LAKHNADON,"23440600834, GOVT. HSS EXCELLENCE LAKHNADON",प्रतिभागी,शिक्षक
CF1191,RAJESH SADAPHAL,Seoni,LAKHNADON,"23440600834, GOVT. HSS EXCELLENCE LAKHNADON",प्रतिभागी,शिक्षक
AZ4237,Lata Namdeo,Seoni,LAKHNADON,"23440600835, GOVT. HSS GIRLS, LAKHNADON",प्रतिभागी,शिक्षक
AZ4290,Shivnandan Yadav,Seoni,LAKHNADON,"23440600835, GOVT. HSS GIRLS, LAKHNADON",प्रतिभागी,शिक्षक
AZ4627,Kamlesh Patel,Seoni,LAKHNADON,"23440600835, GOVT. HSS GIRLS, LAKHNADON",प्रतिभागी,शिक्षक
AZ6329,Kirtudas Vastrakar,Seoni,LAKHNADON,"23440600835, GOVT. HSS GIRLS, LAKHNADON",प्रतिभागी,शिक्षक
BV1081,Noopur Nema,Seoni,LAKHNADON,"23440614002, GOVT. HS PINDRAI",प्रतिभागी,शिक्षक
AZ4404,Satyanarayan Sahu,Seoni,LAKHNADON,"23440603707, GOVT. HSS MADHI",प्रतिभागी,शिक्षक
AZ4579,Vinay Kumar Mishra,Seoni,LAKHNADON,"23440610406, GOVT. HSS NAGANDEORI",प्रतिभागी,शिक्षक
CC4613,SONAL NAYAK,Seoni,LAKHNADON,"23440610406, GOVT. HSS NAGANDEORI",प्रतिभागी,शिक्षक
AZ2008,Bheekamsingh Ahke,Seoni,LAKHNADON,"23440605813, GOVT. HSS GIRLS, DHOOMA",प्रतिभागी,शिक्षक
AZ4607,Hetlal Yahake,Seoni,LAKHNADON,"23440605813, GOVT. HSS GIRLS, DHOOMA",प्रतिभागी,शिक्षक
CC1361,SAVITA KURMI,Seoni,LAKHNADON,"23440605813, GOVT. HSS GIRLS, DHOOMA",प्रतिभागी,शिक्षक
CC1364,SHWETA SARATHE,Seoni,LAKHNADON,"23440605813, GOVT. HSS GIRLS, DHOOMA",प्रतिभागी,शिक्षक
CC3404,PRACHI SHRIVASTAVA,Seoni,LAKHNADON,"23440605813, GOVT. HSS GIRLS, DHOOMA",प्रतिभागी,शिक्षक
AZ2003,Shivkumar Markam,Seoni,LAKHNADON,"23440605812, GOVT. HSS BOYS, DHOOMA",प्रतिभागी,शिक्षक
CC1359,SATYENDRA DAHERIYA,Seoni,LAKHNADON,"23440605812, GOVT. HSS BOYS, DHOOMA",प्रतिभागी,शिक्षक
AZ2048,Asharam Jhariya,Seoni,LAKHNADON,"23440611603, GOVT. HSS BAIGAPIPARIYA",प्रतिभागी,शिक्षक
AY9121,Raman Singh Uikey,Seoni,SEONI,"23440106805, GOVT. HS KALARBANKI",प्रतिभागी,शिक्षक
AY9228,Girja Rai,Seoni,SEONI,"23440106805, GOVT. HS KALARBANKI",प्रतिभागी,शिक्षक
AY9732,Bharat Singh Sijotiya,Seoni,SEONI,"23440106805, GOVT. HS KALARBANKI",प्रतिभागी,शिक्षक
BS9300,Saroj Uikey,Seoni,SEONI,"23440106805, GOVT. HS KALARBANKI",प्रतिभागी,शिक्षक
CB3758,KIRAN PICHHODE,Seoni,SEONI,"23440106805, GOVT. HS KALARBANKI",प्रतिभागी,शिक्षक
BR6048,Nisha Baghel,Seoni,SEONI,"23440115409, GOVT. HSS BANDOL",प्रतिभागी,शिक्षक
BR8967,Virendra Kumar Bisen,Seoni,SEONI,"23440104902, GOVT. HSS GOPALGANJ",प्रतिभागी,शिक्षक
AY8133,Raju Singh Baghel,Seoni,SEONI,"23440148122, GOVT. HSS NETAJI SUBHASH SEONI",प्रतिभागी,शिक्षक
AY8201,Vikas Kumar Jain,Seoni,SEONI,"23440148122, GOVT. HSS NETAJI SUBHASH SEONI",प्रतिभागी,शिक्षक
AZ6976,Tilokwati Shiv,Seoni,SEONI,"23440148122, GOVT. HSS NETAJI SUBHASH SEONI",प्रतिभागी,शिक्षक
BU3918,Vishnu Soni,Seoni,SEONI,"23440148122, GOVT. HSS NETAJI SUBHASH SEONI",प्रतिभागी,शिक्षक
CA2752,Meena Sen,Seoni,SEONI,"23440148122, GOVT. HSS NETAJI SUBHASH SEONI",प्रतिभागी,शिक्षक
AN3924,Preetam Singh Thakur,Seoni,SEONI,"23440148120, GOVT. HSS GIRLS, MLB SEONI",प्रतिभागी,शिक्षक
AY7973,Sarita Tiwari,Seoni,SEONI,"23440148120, GOVT. HSS GIRLS, MLB SEONI",प्रतिभागी,शिक्षक
AY7989,Anisha Sharma,Seoni,SEONI,"23440148120, GOVT. HSS GIRLS, MLB SEONI",प्रतिभागी,शिक्षक
AZ3903,Raksha Rai,Seoni,SEONI,"23440148120, GOVT. HSS GIRLS, MLB SEONI",प्रतिभागी,शिक्षक
AZ7021,Veena Bagre,Seoni,SEONI,"23440148120, GOVT. HSS GIRLS, MLB SEONI",प्रतिभागी,शिक्षक
AZ7084,Guman Singh Baghel,Seoni,SEONI,"23440148120, GOVT. HSS GIRLS, MLB SEONI",प्रतिभागी,शिक्षक
AZ7174,Sushil Bhangre,Seoni,SEONI,"23440148120, GOVT. HSS GIRLS, MLB SEONI",प्रतिभागी,शिक्षक
AZ7276,Anju Baghel,Seoni,SEONI,"23440148120, GOVT. HSS GIRLS, MLB SEONI",प्रतिभागी,शिक्षक
BT1470,Lekheshwari Rahangdale,Seoni,SEONI,"23440148120, GOVT. HSS GIRLS, MLB SEONI",प्रतिभागी,शिक्षक
CE1603,RITESH PRAJAPATI,Seoni,SEONI,"23440148120, GOVT. HSS GIRLS, MLB SEONI",प्रतिभागी,शिक्षक
AY1068,Kavita Rajput,Seoni,SEONI,"23440148121, GOVT. HSS GIRLS, SEONI (URDU)",प्रतिभागी,शिक्षक
AY8114,Prabhu Dayal Tekam,Seoni,SEONI,"23440148121, GOVT. HSS GIRLS, SEONI (URDU)",प्रतिभागी,शिक्षक
AY9128,Arti Pandey,Seoni,SEONI,"23440148121, GOVT. HSS GIRLS, SEONI (URDU)",प्रतिभागी,शिक्षक
BV6341,Chetna Choudhary,Seoni,SEONI,"23440148121, GOVT. HSS GIRLS, SEONI (URDU)",प्रतिभागी,शिक्षक
BV6926,Salma Begum,Seoni,SEONI,"23440148121, GOVT. HSS GIRLS, SEONI (URDU)",प्रतिभागी,शिक्षक
AZ1101,Anuradha Sanodiya,Seoni,SEONI,"23440110106, GOVT. HSS  KATALBODI",प्रतिभागी,शिक्षक
AZ5856,Seema Chourasiya,Seoni,SEONI,"23440110106, GOVT. HSS  KATALBODI",प्रतिभागी,शिक्षक
BR1459,Arti Shivvedi,Seoni,SEONI,"23440110106, GOVT. HSS  KATALBODI",प्रतिभागी,शिक्षक
BT6732,Roopwati Deheriya,Seoni,SEONI,"23440110106, GOVT. HSS  KATALBODI",प्रतिभागी,शिक्षक
AZ5685,Jayanti Jain,Seoni,SEONI,"23440103107, GOVT. HS MUNGWANI",प्रतिभागी,शिक्षक
BV8458,Dharmendra Kumar Bakle,Seoni,SEONI,"23440103107, GOVT. HS MUNGWANI",प्रतिभागी,शिक्षक
BX2238,Chaturbhuj Thakur,Seoni,SEONI,"23440103107, GOVT. HS MUNGWANI",प्रतिभागी,शिक्षक
AY8123,Lalita Dhurwey,Seoni,SEONI,"23440103813, GOVT. HS GIRLS, BHOMA",प्रतिभागी,शिक्षक
AY8543,Prem Chand Bramhe,Seoni,SEONI,"23440103813, GOVT. HS GIRLS, BHOMA",प्रतिभागी,शिक्षक
AY8563,Pratap Singh,Seoni,SEONI,"23440103813, GOVT. HS GIRLS, BHOMA",प्रतिभागी,शिक्षक
BU3316,Pavan Singh Goutam,Seoni,SEONI,"23440103812, GOVT. HSS BHOMA",प्रतिभागी,शिक्षक
BY2493,Manish Kumar Jhariya,Seoni,SEONI,"23440103812, GOVT. HSS BHOMA",प्रतिभागी,शिक्षक
AC6341,Sheela Bisen,Seoni,SEONI,"23440112720, GOVT. HSS KANHIWADA",प्रतिभागी,शिक्षक
AY8024,Sunil Kumar Dhurve,Seoni,SEONI,"23440112720, GOVT. HSS KANHIWADA",प्रतिभागी,शिक्षक
AY8244,Kheerendra Kumar Choudhary,Seoni,SEONI,"23440112720, GOVT. HSS KANHIWADA",प्रतिभागी,शिक्षक
AY8564,Shaharlal Uikey,Seoni,SEONI,"23440112720, GOVT. HSS KANHIWADA",प्रतिभागी,शिक्षक
BY4621,Vijay Kumar Amrodiya,Seoni,SEONI,"23440112720, GOVT. HSS KANHIWADA",प्रतिभागी,शिक्षक
CB2730,DONGLESHWARI VERMA,Seoni,SEONI,"23440112720, GOVT. HSS KANHIWADA",प्रतिभागी,शिक्षक
BC8192,Chandrakishor Chhipeshwar,Seoni,SEONI,"23440112721, GOVT. HS GIRLS, KANHIWADA",प्रतिभागी,शिक्षक
BS6388,Dhiraj Sahu,Seoni,SEONI,"23440112721, GOVT. HS GIRLS, KANHIWADA",प्रतिभागी,शिक्षक
AY8165,Hemlata Dharte,Seoni,SEONI,"23440103304, GOVT. HS HINOTIYA",प्रतिभागी,शिक्षक
AY8635,Shankarlal Dehariya,Seoni,SEONI,"23440103304, GOVT. HS HINOTIYA",प्रतिभागी,शिक्षक
DB1842,VISHNU PRASAD BAGHEL,Seoni,SEONI,"23440103304, GOVT. HS HINOTIYA",प्रतिभागी,शिक्षक
BC2392,Prakash Narayan Dwivedi,Shahdol,BEOHARI,"23160200908, GOVT HSS EXCELLENCE,BEOHARI",प्रतिभागी,शिक्षक
BH8768,Santosh Kumar Kol,Shahdol,BEOHARI,"23160200908, GOVT HSS EXCELLENCE,BEOHARI",प्रतिभागी,सीएसी
BR7420,Gyandeep Tiwari,Shahdol,BEOHARI,"23160200908, GOVT HSS EXCELLENCE,BEOHARI",प्रतिभागी,शिक्षक
AK2669,Ajay Kumar Raj Khalkho,Shahdol,BEOHARI,"23160201108, GOVT HSS GIRLS,BEOHARI",प्रतिभागी,शिक्षक
BH8874,Raj Bhan Singh,Shahdol,BEOHARI,"23160201108, GOVT HSS GIRLS,BEOHARI",प्रतिभागी,अन्य
BH9248,Seema Patel,Shahdol,BEOHARI,"23160201108, GOVT HSS GIRLS,BEOHARI",प्रतिभागी,शिक्षक
BH9250,Vidya Harijan,Shahdol,BEOHARI,"23160201108, GOVT HSS GIRLS,BEOHARI",प्रतिभागी,शिक्षक
BH9282,ramswroop Charmkar,Shahdol,BEOHARI,"23160201108, GOVT HSS GIRLS,BEOHARI",प्रतिभागी,शिक्षक
BU1923,Santosh Kumar Bais,Shahdol,BEOHARI,"23160201108, GOVT HSS GIRLS,BEOHARI",प्रतिभागी,शिक्षक
BZ8310,savitree humne,Shahdol,BEOHARI,"23160201108, GOVT HSS GIRLS,BEOHARI",प्रतिभागी,शिक्षक
CA8907,REENA KUJUR,Shahdol,BEOHARI,"23160201108, GOVT HSS GIRLS,BEOHARI",प्रतिभागी,शिक्षक
BW7987,Rajkumar Gupta,Shahdol,BEOHARI,"23160207016, GOVT HSS MAU",प्रतिभागी,शिक्षक
BH9907,Sarmila Tripathi,Shahdol,BEOHARI,"23160214410, GOVT HS CHACHAI",प्रतिभागी,शिक्षक
BI2241,Komalchand Khairwar,Shahdol,BEOHARI,"23160214410, GOVT HS CHACHAI",प्रतिभागी,शिक्षक
BI2254,Anil Kumar Khairwar,Shahdol,BEOHARI,"23160214410, GOVT HS CHACHAI",प्रतिभागी,शिक्षक
BU2243,Babu Lal Khairwar,Shahdol,BEOHARI,"23160214410, GOVT HS CHACHAI",प्रतिभागी,शिक्षक
BY9610,Mohammad Latif,Shahdol,BEOHARI,"23160214410, GOVT HS CHACHAI",प्रतिभागी,शिक्षक
BZ7558,Virendra Kumar Visvkarma,Shahdol,BEOHARI,"23160214410, GOVT HS CHACHAI",प्रतिभागी,शिक्षक
7898191970,Sunil  Dwivedi ,Shahdol,BEOHARI,"23160204315, GOVT HSS BOYS BUDWA",प्रतिभागी,शिक्षक
BH8787,Umesh Kumar Soni,Shahdol,BEOHARI,"23160204315, GOVT HSS BOYS BUDWA",प्रतिभागी,शिक्षक
BI2194,Panna Lal Bais,Shahdol,BEOHARI,"23160204315, GOVT HSS BOYS BUDWA",प्रतिभागी,शिक्षक
BI2345,Dharmendra Kumar Pandey,Shahdol,BEOHARI,"23160204315, GOVT HSS BOYS BUDWA",प्रतिभागी,शिक्षक
BI2374,Pavan Kumar Dwivedi,Shahdol,BEOHARI,"23160204315, GOVT HSS BOYS BUDWA",प्रतिभागी,शिक्षक
BI2402,Laxmi Kant Mishra,Shahdol,BEOHARI,"23160204315, GOVT HSS BOYS BUDWA",प्रतिभागी,शिक्षक
BI2460,Prahlad Khairwar,Shahdol,BEOHARI,"23160204315, GOVT HSS BOYS BUDWA",प्रतिभागी,शिक्षक
BI2319,Bhubaneshwar Prasad Bais,Shahdol,BEOHARI,"23160204316, GOVT HSS GIRLS BUDWA",प्रतिभागी,शिक्षक
CD7181,NARAYAN SAHU,Shahdol,BEOHARI,"23160204012, GOVT HSS AKHETPUR",प्रतिभागी,शिक्षक
BW7631,Magalesh Prasad Patel,Shahdol,BEOHARI,"23160203207, GOVT HSS PAPREDI",प्रतिभागी,शिक्षक
AI1085,Satendra Kumar Patel,Shahdol,BEOHARI,"23160209307, GOVT HSS TIKHWA",प्रतिभागी,शिक्षक
AU8308,Banbari Lal Patel,Shahdol,BEOHARI,"23160209307, GOVT HSS TIKHWA",प्रतिभागी,शिक्षक
BI3173,Pradeep Tripathi,Shahdol,BEOHARI,"23160209307, GOVT HSS TIKHWA",प्रतिभागी,शिक्षक
BI3063,Yogendra Prasad Pandey,Shahdol,BEOHARI,"23160210415, GOVT HSS NIPANIYA",प्रतिभागी,शिक्षक
BI3070,Ramsiya Singh Gond,Shahdol,BEOHARI,"23160210415, GOVT HSS NIPANIYA",प्रतिभागी,शिक्षक
BI3082,Ram Darash Tiwari,Shahdol,BEOHARI,"23160210415, GOVT HSS NIPANIYA",प्रतिभागी,शिक्षक
BI3155,MEENA MANDRAH,Shahdol,BEOHARI,"23160210415, GOVT HSS NIPANIYA",प्रतिभागी,शिक्षक
BI3201,Premlal Kol,Shahdol,BEOHARI,"23160210415, GOVT HSS NIPANIYA",प्रतिभागी,शिक्षक
BH8726,Anil Kumar Mishra,Shahdol,BEOHARI,"23160211504, GOVT HSS BAROUDHA",प्रतिभागी,शिक्षक
BH8927,Makhan Lal Prajapati,Shahdol,BEOHARI,"23160211504, GOVT HSS BAROUDHA",प्रतिभागी,शिक्षक
BH8861,Dileep Kumar Mishra,Shahdol,BEOHARI,"23160212705, GOVT HSS PATHREHI",प्रतिभागी,शिक्षक
BH8098,Kumkum Singh,Shahdol,BURHAR,"23160315312, GOVT HSS JAITPUR",प्रतिभागी,शिक्षक
BH8102,Madhuri Singh,Shahdol,BURHAR,"23160315312, GOVT HSS JAITPUR",प्रतिभागी,शिक्षक
BH9423,Bhagwan Prasad Singh,Shahdol,BURHAR,"23160300105, GOVT HSS BIRUHALI",प्रतिभागी,शिक्षक
BH9455,Sunita Pandey,Shahdol,BURHAR,"23160300105, GOVT HSS BIRUHALI",प्रतिभागी,शिक्षक
BX5813,Amrita Gaharwar,Shahdol,BURHAR,"23160300105, GOVT HSS BIRUHALI",प्रतिभागी,शिक्षक
BH8036,Raghvendra Singh Kawar,Shahdol,BURHAR,"23160316706, GOVT HSS SAKHI",प्रतिभागी,शिक्षक
BH6930,Hari Lal Singh,Shahdol,BURHAR,"23160305305, GOVT HSS KHAMIDOL",प्रतिभागी,शिक्षक
BH7074,Kiran Singh,Shahdol,BURHAR,"23160305305, GOVT HSS KHAMIDOL",प्रतिभागी,शिक्षक
BU1602,Man Singh Kanwar,Shahdol,BURHAR,"23160305305, GOVT HSS KHAMIDOL",प्रतिभागी,शिक्षक
BH6981,Indra Ram Kanchi,Shahdol,BURHAR,"23160301507, GOVT HSS BALBAHARA",प्रतिभागी,शिक्षक
BI2472,Rajaram Singh,Shahdol,BURHAR,"23160301507, GOVT HSS BALBAHARA",प्रतिभागी,शिक्षक
BK3504,Ram Niwas Prajapati,Shahdol,BURHAR,"23160301507, GOVT HSS BALBAHARA",प्रतिभागी,शिक्षक
CG2125,ARUN SINGH,Shahdol,BURHAR,"23160301507, GOVT HSS BALBAHARA",प्रतिभागी,शिक्षक
BH7019,Harish Kumar Tiwari,Shahdol,BURHAR,"23160302906, GOVT HSS RAMPUR",प्रतिभागी,शिक्षक
BH9862,Anil Kumar Patel,Shahdol,BURHAR,"23160302906, GOVT HSS RAMPUR",प्रतिभागी,शिक्षक
BH9863,Dakshina Tiwari,Shahdol,BURHAR,"23160302906, GOVT HSS RAMPUR",प्रतिभागी,शिक्षक
BR9998,Chandrawati Kol,Shahdol,BURHAR,"23160309610, GOVT HS SABO COLARY",प्रतिभागी,शिक्षक
BU1189,Pramod Kumar Kushwaha,Shahdol,BURHAR,"23160309610, GOVT HS SABO COLARY",प्रतिभागी,शिक्षक
BO8799,kavita kori,Shahdol,BURHAR,"23160319108, GOVT HSS GIRLS BURHAR",प्रतिभागी,शिक्षक
CC2015,SOURABH TIWARI,Shahdol,BURHAR,"23160319108, GOVT HSS GIRLS BURHAR",प्रतिभागी,शिक्षक
BH7038,Parvati Singh,Shahdol,BURHAR,"23160308612, GOVT HSS KESHWAHI",प्रतिभागी,शिक्षक
BK1817,Baban Singh Shyam,Shahdol,BURHAR,"23160308612, GOVT HSS KESHWAHI",प्रतिभागी,शिक्षक
BU5363,Prakash Kumar Soni,Shahdol,BURHAR,"23160308612, GOVT HSS KESHWAHI",प्रतिभागी,शिक्षक
BV4690,LOKNATH PRAJAPATI,Shahdol,BURHAR,"23160308612, GOVT HSS KESHWAHI",प्रतिभागी,शिक्षक
BX6658,Chitranayan Rajak,Shahdol,BURHAR,"23160308612, GOVT HSS KESHWAHI",प्रतिभागी,शिक्षक
BH9521,Pradumna Kumar,Shahdol,BURHAR,"23160310503, GOVT HSS JHINK BIJURI",प्रतिभागी,शिक्षक
BH8136,Ganesh Singh Orkara,Shahdol,BURHAR,"23160311107, GOVT HSS KHAMHARIYA",प्रतिभागी,शिक्षक
BH8676,RAM SAHAY BAIGA,Shahdol,BURHAR,"23160311107, GOVT HSS KHAMHARIYA",प्रतिभागी,शिक्षक
BH9594,Rakesh Patel,Shahdol,BURHAR,"23160311107, GOVT HSS KHAMHARIYA",प्रतिभागी,शिक्षक
BI3016,Chandrabhan Singh,Shahdol,BURHAR,"23160311107, GOVT HSS KHAMHARIYA",प्रतिभागी,शिक्षक
BI3268,Ramesh Singh,Shahdol,BURHAR,"23160311107, GOVT HSS KHAMHARIYA",प्रतिभागी,शिक्षक
BH7867,Ram Singh,Shahdol,GOHPARU,"23160400105, GOVT HSS ANKURI",प्रतिभागी,शिक्षक
BH8191,Ganesh Prasad Mishra,Shahdol,GOHPARU,"23160400105, GOVT HSS ANKURI",प्रतिभागी,शिक्षक
CF6275,ANEETA THAKUR,Shahdol,GOHPARU,"23160400105, GOVT HSS ANKURI",प्रतिभागी,शिक्षक
BH7949,Saroj Tiwari,Shahdol,GOHPARU,"23160401812, GOVT HSS KHANOUDHI",प्रतिभागी,शिक्षक
BH8255,Shivnarayan Pandey,Shahdol,GOHPARU,"23160401812, GOVT HSS KHANOUDHI",प्रतिभागी,शिक्षक
BH8321,Baburam Panika,Shahdol,GOHPARU,"23160401812, GOVT HSS KHANOUDHI",प्रतिभागी,शिक्षक
BX2828,Rajesh Kumar Dwivedi,Shahdol,GOHPARU,"23160401812, GOVT HSS KHANOUDHI",प्रतिभागी,शिक्षक
CF5555,UPSHANA GOND,Shahdol,GOHPARU,"23160401812, GOVT HSS KHANOUDHI",प्रतिभागी,शिक्षक
BH6999,Nirpat Singh,Shahdol,GOHPARU,"23160409807, GOVT HSS CHUHIRI",प्रतिभागी,शिक्षक
BH7651,Ramawtar Prajapati,Shahdol,GOHPARU,"23160409807, GOVT HSS CHUHIRI",प्रतिभागी,शिक्षक
BI2565,Rajmani Patel,Shahdol,GOHPARU,"23160409807, GOVT HSS CHUHIRI",प्रतिभागी,शिक्षक
BI2573,Anita Patel,Shahdol,GOHPARU,"23160409807, GOVT HSS CHUHIRI",प्रतिभागी,शिक्षक
CF7649,MAHESHWARI TEKAM,Shahdol,GOHPARU,"23160409807, GOVT HSS CHUHIRI",प्रतिभागी,शिक्षक
BF9646,Aarti Soni,Shahdol,GOHPARU,"23160407604, GOVT HS PAILWAH",प्रतिभागी,शिक्षक
BH7722,Ram Prasad Maour,Shahdol,GOHPARU,"23160407604, GOVT HS PAILWAH",प्रतिभागी,शिक्षक
BH7752,Sumeeta Singh,Shahdol,GOHPARU,"23160407604, GOVT HS PAILWAH",प्रतिभागी,शिक्षक
BH7856,Hariharpratap Singh,Shahdol,GOHPARU,"23160407604, GOVT HS PAILWAH",प्रतिभागी,शिक्षक
BH7864,Ahiwaran Singh,Shahdol,GOHPARU,"23160407604, GOVT HS PAILWAH",प्रतिभागी,शिक्षक
BI2596,Anil Kumar Tiwari,Shahdol,GOHPARU,"23160408407, GOVT HSS BARMANIYA",प्रतिभागी,शिक्षक
BH7730,Tejpratap Singh,Shahdol,GOHPARU,"23160406017, GOVT HSS EXCELLENCE GOHPARU",प्रतिभागी,शिक्षक
CC2254,AKHILESH PRAJAPATI,Shahdol,GOHPARU,"23160406017, GOVT HSS EXCELLENCE GOHPARU",प्रतिभागी,शिक्षक
BH7695,Rakesh Kumar Tiwari,Shahdol,GOHPARU,"23160411904, GOVT HSS GURRA",प्रतिभागी,शिक्षक
BH7983,Ashwani Kumar Agnihotri,Shahdol,GOHPARU,"23160411904, GOVT HSS GURRA",प्रतिभागी,शिक्षक
BI2135,Narendra Pd Prajapati,Shahdol,GOHPARU,"23160411904, GOVT HSS GURRA",प्रतिभागी,शिक्षक
BO1455,Mahendra Kumar,Shahdol,GOHPARU,"23160411904, GOVT HSS GURRA",प्रतिभागी,शिक्षक
BT2452,Dhanshah Singh Marko,Shahdol,GOHPARU,"23160411904, GOVT HSS GURRA",प्रतिभागी,शिक्षक
BH7580,Haricharan Tiwari,Shahdol,GOHPARU,"23160404006, GOVT HSS BHURSI",प्रतिभागी,शिक्षक
BF9009,Amrit Lal Tiwari,Shahdol,JAISINGHNAGAR,"23160500116, GOVT HSS EXCELLENCE JAISHINGNAGAR",प्रतिभागी,शिक्षक
BH8984,Indrajeet Panika,Shahdol,JAISINGHNAGAR,"23160500116, GOVT HSS EXCELLENCE JAISHINGNAGAR",प्रतिभागी,शिक्षक
BH9733,Hanuman Prasad Patel,Shahdol,JAISINGHNAGAR,"23160500116, GOVT HSS EXCELLENCE JAISHINGNAGAR",प्रतिभागी,शिक्षक
BI1137,Savita Dwivedi,Shahdol,JAISINGHNAGAR,"23160500116, GOVT HSS EXCELLENCE JAISHINGNAGAR",प्रतिभागी,शिक्षक
BY5775,Heera Lal Ahirwar,Shahdol,JAISINGHNAGAR,"23160502508, GOVT HSS CHITRAO",प्रतिभागी,शिक्षक
CC1161,RAJMANI JAITWAR,Shahdol,JAISINGHNAGAR,"23160502508, GOVT HSS CHITRAO",प्रतिभागी,शिक्षक
CC3027,RAKESH SHARMA,Shahdol,JAISINGHNAGAR,"23160502508, GOVT HSS CHITRAO",प्रतिभागी,शिक्षक
BT2163,Shruti Ojha,Shahdol,JAISINGHNAGAR,"23160503516, GOVT HSS AMJHOR",प्रतिभागी,शिक्षक
CC3876,RAHUL SINGH,Shahdol,JAISINGHNAGAR,"23160503516, GOVT HSS AMJHOR",प्रतिभागी,शिक्षक
CC3877,ANIL DOHARE,Shahdol,JAISINGHNAGAR,"23160503516, GOVT HSS AMJHOR",प्रतिभागी,शिक्षक
BI1381,Dhyan Singh,Shahdol,JAISINGHNAGAR,"23160507008, GOVT HSS VANSUKALI",प्रतिभागी,शिक्षक
BS2199,Ajay Singh,Shahdol,JAISINGHNAGAR,"23160507008, GOVT HSS VANSUKALI",प्रतिभागी,शिक्षक
BU4171,Ramesh Singh,Shahdol,JAISINGHNAGAR,"23160507008, GOVT HSS VANSUKALI",प्रतिभागी,शिक्षक
BC8186,Ram Prem Patel,Shahdol,JAISINGHNAGAR,"23160510108, GOVT HSS AMDIH",प्रतिभागी,शिक्षक
BT2607,Rajeev Patel,Shahdol,JAISINGHNAGAR,"23160510108, GOVT HSS AMDIH",प्रतिभागी,शिक्षक
BH8741,Arjun Prasad Chaudhari,Shahdol,JAISINGHNAGAR,"23160512609, GOVT HSS PONDI KALA",प्रतिभागी,शिक्षक
BI1367,Rajjan Kol,Shahdol,JAISINGHNAGAR,"23160512609, GOVT HSS PONDI KALA",प्रतिभागी,शिक्षक
BS2218,Rajmani Sharma,Shahdol,JAISINGHNAGAR,"23160512609, GOVT HSS PONDI KALA",प्रतिभागी,शिक्षक
BV2230,Bharti Pandey,Shahdol,JAISINGHNAGAR,"23160512609, GOVT HSS PONDI KALA",प्रतिभागी,शिक्षक
CE4327,HEMLATA GOUND,Shahdol,JAISINGHNAGAR,"23160512609, GOVT HSS PONDI KALA",प्रतिभागी,शिक्षक
BF9976,Ravindra Kumar Patel,Shahdol,JAISINGHNAGAR,"23160511911, GOVT HSS BARACHH",प्रतिभागी,शिक्षक
BH9156,Brajesh kumar patel,Shahdol,JAISINGHNAGAR,"23160511911, GOVT HSS BARACHH",प्रतिभागी,शिक्षक
BH9981,Geeta Soni,Shahdol,JAISINGHNAGAR,"23160511911, GOVT HSS BARACHH",प्रतिभागी,शिक्षक
BI1090,Roshan Lal Vaish,Shahdol,JAISINGHNAGAR,"23160511911, GOVT HSS BARACHH",प्रतिभागी,शिक्षक
BO2660,Ram Mol Patel,Shahdol,JAISINGHNAGAR,"23160511911, GOVT HSS BARACHH",प्रतिभागी,शिक्षक
BH9973,Vikat Singh,Shahdol,JAISINGHNAGAR,"23160513311, GOVT HSS KARKI",प्रतिभागी,शिक्षक
BI1134,Raghavendra Prasad Tiwari,Shahdol,JAISINGHNAGAR,"23160500117, GOVT HSS GIRLS JAISINGHNAGAR",प्रतिभागी,शिक्षक
BF9818,Hiramani Verma,Shahdol,JAISINGHNAGAR,"23160517707, GOVT HSS KANADI KHURD",प्रतिभागी,शिक्षक
BH7691,Rajiv Lochan Sharma,Shahdol,JAISINGHNAGAR,"23160517707, GOVT HSS KANADI KHURD",प्रतिभागी,शिक्षक
BF9395,Rajesh Sharma,Shahdol,JAISINGHNAGAR,"23160516507, GOVT HS MASIRA",प्रतिभागी,शिक्षक
BH9235,Sunder Lal Prajapati,Shahdol,JAISINGHNAGAR,"23160516507, GOVT HS MASIRA",प्रतिभागी,शिक्षक
CC5085,RAKESH GOND,Shahdol,JAISINGHNAGAR,"23160516507, GOVT HS MASIRA",प्रतिभागी,शिक्षक
BF6953,Kishor Tripathi,Shahdol,SOHAGPUR,"23161212605, GOVT HS KARKATI",प्रतिभागी,शिक्षक
BH7982,Mukesh Kushwaha,Shahdol,SOHAGPUR,"23161212605, GOVT HS KARKATI",प्रतिभागी,शिक्षक
BH8010,Heera Lal Sariwan,Shahdol,SOHAGPUR,"23161212605, GOVT HS KARKATI",प्रतिभागी,शिक्षक
BH8618,Anjana Manjhi,Shahdol,SOHAGPUR,"23161212605, GOVT HS KARKATI",प्रतिभागी,शिक्षक
BH9641,Bahadur Singh,Shahdol,SOHAGPUR,"23161212605, GOVT HS KARKATI",प्रतिभागी,शिक्षक
BR4750,Deepa Mishra,Shahdol,SOHAGPUR,"23161212605, GOVT HS KARKATI",प्रतिभागी,शिक्षक
BS7852,Jyoti Singh,Shahdol,SOHAGPUR,"23161212605, GOVT HS KARKATI",प्रतिभागी,शिक्षक
BX5451,Veerendra Vishwakarma,Shahdol,SOHAGPUR,"23161212605, GOVT HS KARKATI",प्रतिभागी,शिक्षक
AJ5788,Kamna Shriwastav,Shahdol,SOHAGPUR,"23161205310, GOVT HSS PACHGAV",प्रतिभागी,शिक्षक
BH7334,Mamta Nahrel,Shahdol,SOHAGPUR,"23161205310, GOVT HSS PACHGAV",प्रतिभागी,शिक्षक
BH7995,Sadhna Tiwari,Shahdol,SOHAGPUR,"23161205310, GOVT HSS PACHGAV",प्रतिभागी,शिक्षक
BC8920,Girwar Singh Maravi,Shahdol,SOHAGPUR,"23161203909, GOVT HS KOTMA",प्रतिभागी,शिक्षक
BI1621,Aniruddh Pratap Singh,Shahdol,SOHAGPUR,"23161203909, GOVT HS KOTMA",प्रतिभागी,शिक्षक
BI1750,Jayshree Jayaswal,Shahdol,SOHAGPUR,"23161203909, GOVT HS KOTMA",प्रतिभागी,शिक्षक
BR5231,Sneh Prabha Dwivedi,Shahdol,SOHAGPUR,"23161203909, GOVT HS KOTMA",प्रतिभागी,शिक्षक
CC4671,RAJA RAM SINGH,Shahdol,SOHAGPUR,"23161203909, GOVT HS KOTMA",प्रतिभागी,शिक्षक
BH7923,Prachi Tiwari,Shahdol,SOHAGPUR,"23161200107, GOVT HSS CHHATWAI",प्रतिभागी,शिक्षक
BH9962,Manorama Gautam,Shahdol,SOHAGPUR,"23161200107, GOVT HSS CHHATWAI",प्रतिभागी,शिक्षक
BI3235,Jyotsana mishra,Shahdol,SOHAGPUR,"23161200107, GOVT HSS CHHATWAI",प्रतिभागी,शिक्षक
BN8049,Pushpa Singh,Shahdol,SOHAGPUR,"23161200107, GOVT HSS CHHATWAI",प्रतिभागी,शिक्षक
BP8344,Rita Rani Moura,Shahdol,SOHAGPUR,"23161200107, GOVT HSS CHHATWAI",प्रतिभागी,शिक्षक
BS6472,Bhaskar Dwivedi,Shahdol,SOHAGPUR,"23161200107, GOVT HSS CHHATWAI",प्रतिभागी,शिक्षक
BU4184,Monika Shriwastava,Shahdol,SOHAGPUR,"23161200107, GOVT HSS CHHATWAI",प्रतिभागी,शिक्षक
CA1439,Ashish Gautam,Shahdol,SOHAGPUR,"23161200107, GOVT HSS CHHATWAI",प्रतिभागी,शिक्षक
BH8583,Gulabiya Dharvaiya,Shahdol,SOHAGPUR,"23161202207, GOVT. HSS DHURWAR",प्रतिभागी,शिक्षक
BI2815,Reena Ray,Shahdol,SOHAGPUR,"23161202207, GOVT. HSS DHURWAR",प्रतिभागी,शिक्षक
CC2111,SANDHYA DWIVEDI,Shahdol,SOHAGPUR,"23161202207, GOVT. HSS DHURWAR",प्रतिभागी,शिक्षक
BI1838,Shaheed Mohammad,Shahdol,SOHAGPUR,"23161209304, GOVT. HSS HARRA TOLA",प्रतिभागी,शिक्षक
BU4754,Vinod Mishra,Shahdol,SOHAGPUR,"23161209304, GOVT. HSS HARRA TOLA",प्रतिभागी,शिक्षक
BF9555,Ganesh Prasad Urmaliya,Shahdol,SOHAGPUR,"23161208113, GOVT HSS SINGHPUR",प्रतिभागी,शिक्षक
BR5682,Ajeet Kumar Vishwakarma Kumar Vishwakarma,Shahdol,SOHAGPUR,"23161208113, GOVT HSS SINGHPUR",प्रतिभागी,शिक्षक
BT4558,Nazmun Nisha,Shahdol,SOHAGPUR,"23161208113, GOVT HSS SINGHPUR",प्रतिभागी,शिक्षक
BX5271,JARINA BEGAM,Shahdol,SOHAGPUR,"23161208113, GOVT HSS SINGHPUR",प्रतिभागी,शिक्षक
BX5763,Deep Narayan Pathak,Shahdol,SOHAGPUR,"23161208113, GOVT HSS SINGHPUR",प्रतिभागी,शिक्षक
CC5126,RAJPAL YADAV,Shahdol,SOHAGPUR,"23161208113, GOVT HSS SINGHPUR",प्रतिभागी,शिक्षक
BF8239,Seema Dwivedi,Shahdol,SOHAGPUR,"23161215308, GOVT HSS GIRLS SOHAGPUR",प्रतिभागी,शिक्षक
BH7952,Ranjeeta Shukla,Shahdol,SOHAGPUR,"23161215308, GOVT HSS GIRLS SOHAGPUR",प्रतिभागी,शिक्षक
BH8390,Abha Shrivastava,Shahdol,SOHAGPUR,"23161215308, GOVT HSS GIRLS SOHAGPUR",प्रतिभागी,शिक्षक
BH8395,Santosh Kumar Shrivastava,Shahdol,SOHAGPUR,"23161215308, GOVT HSS GIRLS SOHAGPUR",प्रतिभागी,शिक्षक
BH8397,Geeta Singh,Shahdol,SOHAGPUR,"23161215308, GOVT HSS GIRLS SOHAGPUR",प्रतिभागी,शिक्षक
BH8622,Nisha Dwivedi,Shahdol,SOHAGPUR,"23161215308, GOVT HSS GIRLS SOHAGPUR",प्रतिभागी,शिक्षक
BI2884,Sandhya Dubey,Shahdol,SOHAGPUR,"23161215308, GOVT HSS GIRLS SOHAGPUR",प्रतिभागी,शिक्षक
BP3656,Nishat Khan,Shahdol,SOHAGPUR,"23161215308, GOVT HSS GIRLS SOHAGPUR",प्रतिभागी,शिक्षक
BP4715,Kumari Sarita Shukla,Shahdol,SOHAGPUR,"23161215308, GOVT HSS GIRLS SOHAGPUR",प्रतिभागी,शिक्षक
BR5025,Kalpana Singh,Shahdol,SOHAGPUR,"23161215308, GOVT HSS GIRLS SOHAGPUR",प्रतिभागी,शिक्षक
CC2642,PRACHI OJHA,Shahdol,SOHAGPUR,"23161215308, GOVT HSS GIRLS SOHAGPUR",प्रतिभागी,शिक्षक
BH7477,Pratibha Nigam,Shahdol,SOHAGPUR,"23161215807, GOVT. HSS MLB GIRLS SHAHDOL",प्रतिभागी,शिक्षक
BI1655,Neelam Shahrma,Shahdol,SOHAGPUR,"23161215807, GOVT. HSS MLB GIRLS SHAHDOL",प्रतिभागी,शिक्षक
BI1739,Surendra Gupta,Shahdol,SOHAGPUR,"23161215807, GOVT. HSS MLB GIRLS SHAHDOL",प्रतिभागी,शिक्षक
BR5724,Varun Dev Singh Baghel,Shahdol,SOHAGPUR,"23161215807, GOVT. HSS MLB GIRLS SHAHDOL",प्रतिभागी,शिक्षक
AZ9768,Geeta Devi,Shajapur,KALAPIPAL,"23220500946, GOVT. H.S.S. EXCELL. KALAPIPAL",प्रतिभागी,शिक्षक
AZ9884,Hariom Malviya,Shajapur,KALAPIPAL,"23220500946, GOVT. H.S.S. EXCELL. KALAPIPAL",प्रतिभागी,शिक्षक
BA1483,Manohar Sen,Shajapur,KALAPIPAL,"23220500946, GOVT. H.S.S. EXCELL. KALAPIPAL",प्रतिभागी,शिक्षक
BA4331,Lakhan Lal,Shajapur,KALAPIPAL,"23220500946, GOVT. H.S.S. EXCELL. KALAPIPAL",प्रतिभागी,शिक्षक
BD9859,Shyam Sunder Parmar,Shajapur,KALAPIPAL,"23220500946, GOVT. H.S.S. EXCELL. KALAPIPAL",प्रतिभागी,शिक्षक
BE3529,Purnima Soni,Shajapur,KALAPIPAL,"23220500946, GOVT. H.S.S. EXCELL. KALAPIPAL",प्रतिभागी,शिक्षक
BG3957,Babita Miholiya,Shajapur,KALAPIPAL,"23220500946, GOVT. H.S.S. EXCELL. KALAPIPAL",प्रतिभागी,शिक्षक
BQ1554,Nisha Rathore,Shajapur,KALAPIPAL,"23220500946, GOVT. H.S.S. EXCELL. KALAPIPAL",प्रतिभागी,शिक्षक
BU6838,Aarti Chanpuriya,Shajapur,KALAPIPAL,"23220500946, GOVT. H.S.S. EXCELL. KALAPIPAL",प्रतिभागी,शिक्षक
BA2882,Dinesh Kumar Dewda,Shajapur,KALAPIPAL,"23220509512, GOVT. H .S . RANAYAL",प्रतिभागी,शिक्षक
BA2885,Jeevan Singh,Shajapur,KALAPIPAL,"23220509512, GOVT. H .S . RANAYAL",प्रतिभागी,शिक्षक
BA4432,Wazid Khan,Shajapur,KALAPIPAL,"23220509512, GOVT. H .S . RANAYAL",प्रतिभागी,शिक्षक
AZ8729,Roop Singh Sikarwar,Shajapur,KALAPIPAL,"23220502226, GOVT. H.S.S. ARNIYA KALAN",प्रतिभागी,शिक्षक
AZ9956,Santosh Jaiswal,Shajapur,KALAPIPAL,"23220502226, GOVT. H.S.S. ARNIYA KALAN",प्रतिभागी,शिक्षक
BU6014,Arjun Singh Sonaniya,Shajapur,KALAPIPAL,"23220502226, GOVT. H.S.S. ARNIYA KALAN",प्रतिभागी,शिक्षक
BA5438,Rajkumar Parmar,Shajapur,KALAPIPAL,"23220506312, GOVT. H.S.S TILAWAD MAINA",प्रतिभागी,शिक्षक
BP9715,Arjun Singh Kalmodiya,Shajapur,KALAPIPAL,"23220506312, GOVT. H.S.S TILAWAD MAINA",प्रतिभागी,शिक्षक
8889707731,Rajesh  Meena ,Shajapur,KALAPIPAL,"23220506529, GOVT. H.S.S . NANDNI",प्रतिभागी,शिक्षक
AZ9736,Manohar Prasad Sharma,Shajapur,KALAPIPAL,"23220506529, GOVT. H.S.S . NANDNI",प्रतिभागी,शिक्षक
AZ9737,Santoshbai Soni,Shajapur,KALAPIPAL,"23220506529, GOVT. H.S.S . NANDNI",प्रतिभागी,शिक्षक
AZ9843,Sunil Kumar Joshi,Shajapur,KALAPIPAL,"23220506529, GOVT. H.S.S . NANDNI",प्रतिभागी,शिक्षक
AZ9965,Seema Parmar,Shajapur,KALAPIPAL,"23220506529, GOVT. H.S.S . NANDNI",प्रतिभागी,शिक्षक
AZ9975,Prakash Chandra Pachavarya,Shajapur,KALAPIPAL,"23220506529, GOVT. H.S.S . NANDNI",प्रतिभागी,शिक्षक
BA1029,Abha Jain,Shajapur,KALAPIPAL,"23220506529, GOVT. H.S.S . NANDNI",प्रतिभागी,शिक्षक
BA3664,Prathvi Singh Mewada,Shajapur,KALAPIPAL,"23220506529, GOVT. H.S.S . NANDNI",प्रतिभागी,सीएसी
BU6025,Meghna Rathore,Shajapur,KALAPIPAL,"23220506529, GOVT. H.S.S . NANDNI",प्रतिभागी,शिक्षक
CD5355,MADHU SALVI,Shajapur,KALAPIPAL,"23220506529, GOVT. H.S.S . NANDNI",प्रतिभागी,शिक्षक
AZ9147,Ram Chandra Malviya,Shajapur,KALAPIPAL,"23220507713, GOVT. H S.S. KHARDONKALAN",प्रतिभागी,शिक्षक
BA1324,Pradeep Shrivastava,Shajapur,KALAPIPAL,"23220507713, GOVT. H S.S. KHARDONKALAN",प्रतिभागी,शिक्षक
BA1395,Meena Ujjaliya,Shajapur,KALAPIPAL,"23220507713, GOVT. H S.S. KHARDONKALAN",प्रतिभागी,शिक्षक
BV5272,Santosh Patidar,Shajapur,KALAPIPAL,"23220507713, GOVT. H S.S. KHARDONKALAN",प्रतिभागी,शिक्षक
CC8297,VISHAL NEMA,Shajapur,KALAPIPAL,"23220507713, GOVT. H S.S. KHARDONKALAN",प्रतिभागी,शिक्षक
AZ9232,Gita Prasad Sharma,Shajapur,KALAPIPAL,"23220505516, GOVT. H.S.S. BEHRAWAL",प्रतिभागी,शिक्षक
AZ9981,Manohar Sitpara,Shajapur,KALAPIPAL,"23220505516, GOVT. H.S.S. BEHRAWAL",प्रतिभागी,शिक्षक
BX2101,Rajendra Vishwkarma,Shajapur,KALAPIPAL,"23220505516, GOVT. H.S.S. BEHRAWAL",प्रतिभागी,सीएसी
BX6918,Rajkumar Dhangar,Shajapur,KALAPIPAL,"23220505516, GOVT. H.S.S. BEHRAWAL",प्रतिभागी,शिक्षक
CB2538,SANTOSH LEVE,Shajapur,KALAPIPAL,"23220505516, GOVT. H.S.S. BEHRAWAL",प्रतिभागी,शिक्षक
BA4179,Nandkishor Sharma,Shajapur,KALAPIPAL,"23220508717, GOVT. H S S. KHONKARAKALAN",प्रतिभागी,शिक्षक
BA4406,Devendra Patidar,Shajapur,KALAPIPAL,"23220508717, GOVT. H S S. KHONKARAKALAN",प्रतिभागी,शिक्षक
BP8021,Haricharan Parmar,Shajapur,KALAPIPAL,"23220508717, GOVT. H S S. KHONKARAKALAN",प्रतिभागी,शिक्षक
BY6673,Manju Maheshwari,Shajapur,KALAPIPAL,"23220508717, GOVT. H S S. KHONKARAKALAN",प्रतिभागी,शिक्षक
BA1596,Sunita Sen,Shajapur,M. BARODIYA,"23220414606, GOVT. H.S.S EXCELL BARODIYA KUMARIA",प्रतिभागी,शिक्षक
BU7140,Goverdhan Lal,Shajapur,M. BARODIYA,"23220414606, GOVT. H.S.S EXCELL BARODIYA KUMARIA",प्रतिभागी,शिक्षक
AZ9543,Jagdish Chandrapal,Shajapur,M. BARODIYA,"23220412709, GOVT. H.S.S.DUPADA",प्रतिभागी,शिक्षक
CD1007,BHARTI AHIRWAR,Shajapur,M. BARODIYA,"23220412309, GOVT. H.SS.CHOMA",प्रतिभागी,शिक्षक
BA1641,Rajendra Nagar,Shajapur,M. BARODIYA,"23220406705, GOVT. H.S. DUDHANA",प्रतिभागी,शिक्षक
BA2732,Lad Singh Karada,Shajapur,M. BARODIYA,"23220406705, GOVT. H.S. DUDHANA",प्रतिभागी,शिक्षक
BA2972,Rajaram Malviya,Shajapur,M. BARODIYA,"23220406705, GOVT. H.S. DUDHANA",प्रतिभागी,सीएसी
BA3072,Harish Kumar Choudhary,Shajapur,M. BARODIYA,"23220406705, GOVT. H.S. DUDHANA",प्रतिभागी,शिक्षक
BT5004,Kamal Malviya,Shajapur,M. BARODIYA,"23220406705, GOVT. H.S. DUDHANA",प्रतिभागी,शिक्षक
CD3075,PREETI SHARMA,Shajapur,M. BARODIYA,"23220406705, GOVT. H.S. DUDHANA",प्रतिभागी,शिक्षक
BA1147,Rajendra Kumar Rathour,Shajapur,M. BARODIYA,"23220401422, GOVT. H.S.S. GULANA",प्रतिभागी,शिक्षक
BA4929,Dinesh Kumar Sharma,Shajapur,M. BARODIYA,"23220401422, GOVT. H.S.S. GULANA",प्रतिभागी,शिक्षक
BZ8027,Mahendra Singh Sisodiya,Shajapur,M. BARODIYA,"23220401422, GOVT. H.S.S. GULANA",प्रतिभागी,शिक्षक
CD5352,SONIYA PARIHAR,Shajapur,M. BARODIYA,"23220401422, GOVT. H.S.S. GULANA",प्रतिभागी,शिक्षक
BA1698,Narayan Singh Ghosi,Shajapur,M. BARODIYA,"23220407511, GOVT. H.S.S.MANGLAJ",प्रतिभागी,शिक्षक
BA3753,Krishn Gopal Singh Laveria,Shajapur,M. BARODIYA,"23220407511, GOVT. H.S.S.MANGLAJ",प्रतिभागी,शिक्षक
7987184863,Sarita  Rajput ,Shajapur,M. BARODIYA,"23220402010, GOVT. H.S.S. POLAY KHURD",प्रतिभागी,शिक्षक
AZ8546,Amrutlal Chohan,Shajapur,M. BARODIYA,"23220402010, GOVT. H.S.S. POLAY KHURD",प्रतिभागी,शिक्षक
AZ8603,Lakhan Singh Meena,Shajapur,M. BARODIYA,"23220402913, GOVT. H.S.S. MADANA",प्रतिभागी,शिक्षक
AZ9178,Anil Kumar Parmar,Shajapur,M. BARODIYA,"23220402913, GOVT. H.S.S. MADANA",प्रतिभागी,शिक्षक
BA1683,Vinod Nagar,Shajapur,M. BARODIYA,"23220402913, GOVT. H.S.S. MADANA",प्रतिभागी,शिक्षक
BA3861,Kumer Singh Asalpuriya,Shajapur,M. BARODIYA,"23220402913, GOVT. H.S.S. MADANA",प्रतिभागी,शिक्षक
CD3382,RAHUL KHANDE,Shajapur,M. BARODIYA,"23220402913, GOVT. H.S.S. MADANA",प्रतिभागी,शिक्षक
BA2903,Satya Narayan Kumbhkar,Shajapur,M. BARODIYA,"23220407803, GOVT. H.S.S. SHADIPURA",प्रतिभागी,शिक्षक
BA2930,Bharat Singh Lavvanshi,Shajapur,M. BARODIYA,"23220407803, GOVT. H.S.S. SHADIPURA",प्रतिभागी,शिक्षक
CD3074,RACHANA PRAJAPATI,Shajapur,M. BARODIYA,"23220407803, GOVT. H.S.S. SHADIPURA",प्रतिभागी,शिक्षक
AU5338,Reena Sourashtriya,Shajapur,SHAJAPUR,"23220617504, GOVT. H.S.S. NO.2 SHAJAPUR",प्रतिभागी,शिक्षक
BA3138,Saba Arshi Mirza,Shajapur,SHAJAPUR,"23220617504, GOVT. H.S.S. NO.2 SHAJAPUR",प्रतिभागी,शिक्षक
BV9232,Manisha Jain,Shajapur,SHAJAPUR,"23220617504, GOVT. H.S.S. NO.2 SHAJAPUR",प्रतिभागी,शिक्षक
CE9244,ALKA SHARMA,Shajapur,SHAJAPUR,"23220617504, GOVT. H.S.S. NO.2 SHAJAPUR",प्रतिभागी,शिक्षक
AU5437,Gayatri Katare,Shajapur,SHAJAPUR,"23220617503, GOVT. H.S.S.GIRLS. MLB. SHAJAPUR",प्रतिभागी,शिक्षक
BA1904,Manoj Kumar Dubey,Shajapur,SHAJAPUR,"23220617503, GOVT. H.S.S.GIRLS. MLB. SHAJAPUR",प्रतिभागी,शिक्षक
BA2750,Neeta Soni,Shajapur,SHAJAPUR,"23220617503, GOVT. H.S.S.GIRLS. MLB. SHAJAPUR",प्रतिभागी,शिक्षक
BA3080,Pooja Bhadoriya,Shajapur,SHAJAPUR,"23220617503, GOVT. H.S.S.GIRLS. MLB. SHAJAPUR",प्रतिभागी,शिक्षक
BA3305,Nosheena Kousar,Shajapur,SHAJAPUR,"23220617503, GOVT. H.S.S.GIRLS. MLB. SHAJAPUR",प्रतिभागी,शिक्षक
BA1868,Sonu Malviya,Shajapur,SHAJAPUR,"23220619434, GOVT. H.S.S.TILAK MAKSI",प्रतिभागी,शिक्षक
AZ9407,Jaha Ara Sayed,Shajapur,SHAJAPUR,"23220605507, GOVT. H.S.S.BERCHA MANDL",प्रतिभागी,शिक्षक
BA5540,Laxminarayan Gurger,Shajapur,SHAJAPUR,"23220605507, GOVT. H.S.S.BERCHA MANDL",प्रतिभागी,शिक्षक
BT9109,Satyanarayan Sharma,Shajapur,SHAJAPUR,"23220605507, GOVT. H.S.S.BERCHA MANDL",प्रतिभागी,शिक्षक
BZ3412,Mukesh Kumar Chandrawanshi,Shajapur,SHAJAPUR,"23220605507, GOVT. H.S.S.BERCHA MANDL",प्रतिभागी,शिक्षक
BA3239,Ramesh Chandra Gangwal,Shajapur,SHAJAPUR,"23220600214, GOVT. H.S.S. RANTHBHANWAR",प्रतिभागी,शिक्षक
BX1414,Dinesh Solanki,Shajapur,SHAJAPUR,"23220600214, GOVT. H.S.S. RANTHBHANWAR",प्रतिभागी,शिक्षक
BA2092,Arjun Singh Chhawadi,Shajapur,SHAJAPUR,"23220621405, GOVT. H.S.S. SUNDERSI",प्रतिभागी,शिक्षक
BA3593,Radhe Shyam Sourastriy,Shajapur,SHAJAPUR,"23220621405, GOVT. H.S.S. SUNDERSI",प्रतिभागी,शिक्षक
BA3921,Premnarayan Chandravanshi,Shajapur,SHAJAPUR,"23220605009, GOVT. H. S-S.MAKODI",प्रतिभागी,शिक्षक
BA4837,Krishnachandra Verma,Shajapur,SHAJAPUR,"23220605009, GOVT. H. S-S.MAKODI",प्रतिभागी,शिक्षक
BA4844,Ikaram Khan,Shajapur,SHAJAPUR,"23220605009, GOVT. H. S-S.MAKODI",प्रतिभागी,शिक्षक
BQ8079,Deepika Sharma,Shajapur,SHAJAPUR,"23220605009, GOVT. H. S-S.MAKODI",प्रतिभागी,शिक्षक
BX7583,Mukesh Kumar Bhargave,Shajapur,SHAJAPUR,"23220605009, GOVT. H. S-S.MAKODI",प्रतिभागी,शिक्षक
BY6503,Arvind Patidar,Shajapur,SHAJAPUR,"23220605009, GOVT. H. S-S.MAKODI",प्रतिभागी,शिक्षक
BA1709,Meharban Singh Panwar,Shajapur,SHAJAPUR,"23220605917, GOVT. H.S.S. PANWADI",प्रतिभागी,शिक्षक
BA3127,Hemalata Kushwah,Shajapur,SHAJAPUR,"23220605917, GOVT. H.S.S. PANWADI",प्रतिभागी,शिक्षक
AZ7767,Shyam Prakash Patidar,Shajapur,SHAJAPUR,"23220614605, GOVT. HS SAJOD",प्रतिभागी,शिक्षक
AZ9571,Rekha Beragi,Shajapur,SHAJAPUR,"23220614605, GOVT. HS SAJOD",प्रतिभागी,शिक्षक
BA3037,Anjana Mali,Shajapur,SHAJAPUR,"23220614605, GOVT. HS SAJOD",प्रतिभागी,शिक्षक
BA3124,Anter Singh Chawadi,Shajapur,SHAJAPUR,"23220614605, GOVT. HS SAJOD",प्रतिभागी,शिक्षक
BA3400,Bhawar Lal Jadme,Shajapur,SHAJAPUR,"23220614605, GOVT. HS SAJOD",प्रतिभागी,शिक्षक
BQ5210,Jitendra Giri Goswami,Shajapur,SHAJAPUR,"23220614605, GOVT. HS SAJOD",प्रतिभागी,शिक्षक
BU2432,Manishkumar Jamanya,Shajapur,SHAJAPUR,"23220614605, GOVT. HS SAJOD",प्रतिभागी,शिक्षक
BX1317,Deenbandhu Upadhyay,Shajapur,SHAJAPUR,"23220609907, GOVT. HS BHARAD",प्रतिभागी,शिक्षक
AZ9361,Akhlak Ahmed Qureshi,Shajapur,SHAJAPUR,"23220611105, GOVT. HS TUKRANA",प्रतिभागी,शिक्षक
AZ8672,Ram Chandra Chouhan,Shajapur,SHAJAPUR,"23220615312, GOVT. H.S.S. LAHORI",प्रतिभागी,शिक्षक
BA1899,Ravindra Malviy,Shajapur,SHAJAPUR,"23220615312, GOVT. H.S.S. LAHORI",प्रतिभागी,शिक्षक
BA3342,Ambaram Solanki,Shajapur,SHAJAPUR,"23220615312, GOVT. H.S.S. LAHORI",प्रतिभागी,शिक्षक
BE8768,Madhulata Manderiya,Shajapur,SHAJAPUR,"23220615312, GOVT. H.S.S. LAHORI",प्रतिभागी,शिक्षक
BQ1218,Pranoti Salokiya,Shajapur,SHAJAPUR,"23220615312, GOVT. H.S.S. LAHORI",प्रतिभागी,शिक्षक
BQ5150,Mohanlal Kumbhkar,Shajapur,SHAJAPUR,"23220615312, GOVT. H.S.S. LAHORI",प्रतिभागी,शिक्षक
BW9188,Dinesh Kumar Suryavanshi,Shajapur,SHUJALPUR,"23220711814, GOVT. H.S.E.EXCELL SHARDA SHUJALPUR",प्रतिभागी,शिक्षक
BA1915,Minakshi Chawda,Shajapur,SHUJALPUR,"23220709044, GOVT. H.S.S. GIRLS SHUJALPUR MANDI",प्रतिभागी,शिक्षक
BA3997,Jujhar Singh Parmar,Shajapur,SHUJALPUR,"23220709044, GOVT. H.S.S. GIRLS SHUJALPUR MANDI",प्रतिभागी,शिक्षक
BA4489,Tribhuvan Singh Rathore,Shajapur,SHUJALPUR,"23220709044, GOVT. H.S.S. GIRLS SHUJALPUR MANDI",प्रतिभागी,शिक्षक
BW1226,Vinita Parmar,Shajapur,SHUJALPUR,"23220709044, GOVT. H.S.S. GIRLS SHUJALPUR MANDI",प्रतिभागी,शिक्षक
BY4763,Hukum Singh Dhangar,Shajapur,SHUJALPUR,"23220709044, GOVT. H.S.S. GIRLS SHUJALPUR MANDI",प्रतिभागी,शिक्षक
AZ8616,Santosh Kumar Parmar,Shajapur,SHUJALPUR,"23220704938, GOVT. H.S.S. BOYS SHUJALPUR CITY",प्रतिभागी,शिक्षक
BA4387,Badri Prasad Barod,Shajapur,SHUJALPUR,"23220704938, GOVT. H.S.S. BOYS SHUJALPUR CITY",प्रतिभागी,शिक्षक
BA4452,Basant Kumar Saxena,Shajapur,SHUJALPUR,"23220704938, GOVT. H.S.S. BOYS SHUJALPUR CITY",प्रतिभागी,शिक्षक
BU4665,Rishikesh Patidar,Shajapur,SHUJALPUR,"23220704938, GOVT. H.S.S. BOYS SHUJALPUR CITY",प्रतिभागी,शिक्षक
BU5787,Neha Soni,Shajapur,SHUJALPUR,"23220704938, GOVT. H.S.S. BOYS SHUJALPUR CITY",प्रतिभागी,शिक्षक
BW6702,Omprakash Mewada,Shajapur,SHUJALPUR,"23220704938, GOVT. H.S.S. BOYS SHUJALPUR CITY",प्रतिभागी,शिक्षक
BA3925,Omprakash Kashyap,Shajapur,SHUJALPUR,"23220704937, GOVT. H.S.S. GIRLS . SHUJALPUR CITY",प्रतिभागी,शिक्षक
BA3959,Vaibhav Tiwari,Shajapur,SHUJALPUR,"23220704937, GOVT. H.S.S. GIRLS . SHUJALPUR CITY",प्रतिभागी,शिक्षक
BQ5131,Neeti Upadhyay,Shajapur,SHUJALPUR,"23220704937, GOVT. H.S.S. GIRLS . SHUJALPUR CITY",प्रतिभागी,शिक्षक
BY9980,Rajkumar Sen,Shajapur,SHUJALPUR,"23220704937, GOVT. H.S.S. GIRLS . SHUJALPUR CITY",प्रतिभागी,शिक्षक
AZ9685,Brahmlal Malviya,Shajapur,SHUJALPUR,"23220701918, GOVT. H. S.S JAMNER",प्रतिभागी,शिक्षक
BA4315,Ghanshyam Maheshwari,Shajapur,SHUJALPUR,"23220701918, GOVT. H. S.S JAMNER",प्रतिभागी,शिक्षक
BR3391,Rajmal Bakodiya,Shajapur,SHUJALPUR,"23220701918, GOVT. H. S.S JAMNER",प्रतिभागी,शिक्षक
BU2430,Nakesh Kuamr Solanki,Shajapur,SHUJALPUR,"23220701918, GOVT. H. S.S JAMNER",प्रतिभागी,शिक्षक
AZ8830,Satyanarayan Sisodiya,Shajapur,SHUJALPUR,"23220706424, GOVT. H.S.S. EXCELL. POLAYKALAN",प्रतिभागी,शिक्षक
BA4443,Murari Lal Javriya,Shajapur,SHUJALPUR,"23220706424, GOVT. H.S.S. EXCELL. POLAYKALAN",प्रतिभागी,शिक्षक
BQ7107,Anoop Singh Dethliya,Shajapur,SHUJALPUR,"23220706424, GOVT. H.S.S. EXCELL. POLAYKALAN",प्रतिभागी,शिक्षक
BR2825,Om Prakash Verma,Shajapur,SHUJALPUR,"23220706424, GOVT. H.S.S. EXCELL. POLAYKALAN",प्रतिभागी,शिक्षक
BR8938,Deendyal Verma,Shajapur,SHUJALPUR,"23220706424, GOVT. H.S.S. EXCELL. POLAYKALAN",प्रतिभागी,शिक्षक
BS5213,Kamlesh Rajput,Shajapur,SHUJALPUR,"23220706424, GOVT. H.S.S. EXCELL. POLAYKALAN",प्रतिभागी,शिक्षक
BW3770,Phool Singh Pawar,Shajapur,SHUJALPUR,"23220706424, GOVT. H.S.S. EXCELL. POLAYKALAN",प्रतिभागी,शिक्षक
BX5243,Narendra Kumar,Shajapur,SHUJALPUR,"23220706424, GOVT. H.S.S. EXCELL. POLAYKALAN",प्रतिभागी,शिक्षक
BA4330,Mo Mujeeb,Shajapur,SHUJALPUR,"23220707720, GOVT. H.S.S AKODIYA MANDI",प्रतिभागी,शिक्षक
BA4394,Usha Yadav,Shajapur,SHUJALPUR,"23220707720, GOVT. H.S.S AKODIYA MANDI",प्रतिभागी,शिक्षक
BE1946,Hari Singh Rajput,Shajapur,SHUJALPUR,"23220707720, GOVT. H.S.S AKODIYA MANDI",प्रतिभागी,शिक्षक
BU7156,Radheshyam Malviya,Shajapur,SHUJALPUR,"23220707720, GOVT. H.S.S AKODIYA MANDI",प्रतिभागी,शिक्षक
BX1242,Mukesh Mewada,Shajapur,SHUJALPUR,"23220707720, GOVT. H.S.S AKODIYA MANDI",प्रतिभागी,शिक्षक
AZ8869,Mohan Lal Verma,Shajapur,SHUJALPUR,"23220703403, GOVT. H.S.S.AVANTIPUR BADODIYA",प्रतिभागी,शिक्षक
BA4429,Mamta Ateriya,Shajapur,SHUJALPUR,"23220703403, GOVT. H.S.S.AVANTIPUR BADODIYA",प्रतिभागी,शिक्षक
BA4445,Bapulal Malviya,Shajapur,SHUJALPUR,"23220703403, GOVT. H.S.S.AVANTIPUR BADODIYA",प्रतिभागी,शिक्षक
BA6257,Lakhan Singh Meena,Sheopur,KARAHAL,"23011002305, GOVT. HSS  AWDA",प्रतिभागी,शिक्षक
BS3365,Jugraj Mali,Sheopur,KARAHAL,"23011002305, GOVT. HSS  AWDA",प्रतिभागी,शिक्षक
BS5302,Satyanarayan Suman,Sheopur,KARAHAL,"23011002305, GOVT. HSS  AWDA",प्रतिभागी,शिक्षक
CC1643,DEVKEE NAGAR,Sheopur,KARAHAL,"23011002305, GOVT. HSS  AWDA",प्रतिभागी,शिक्षक
CC1644,BASANT JATAV,Sheopur,KARAHAL,"23011002305, GOVT. HSS  AWDA",प्रतिभागी,शिक्षक
AD9440,Sumersingh Dhakad,Sheopur,KARAHAL,"23011004707, GOVT. HS   GORAS",प्रतिभागी,शिक्षक
BQ4798,Shasi Kala Verma,Sheopur,KARAHAL,"23011004707, GOVT. HS   GORAS",प्रतिभागी,शिक्षक
BZ7877,Ajay Singh Chauhan,Sheopur,KARAHAL,"23011004707, GOVT. HS   GORAS",प्रतिभागी,शिक्षक
CA1256,MAHESH Kumar Pal,Sheopur,KARAHAL,"23011004707, GOVT. HS   GORAS",प्रतिभागी,शिक्षक
BA7497,Sh. Dheeraj Singh Rawat,Sheopur,KARAHAL,"23011009104, GOVT. HS JAKHDA",प्रतिभागी,शिक्षक
BQ1367,Ravindra Shakya,Sheopur,KARAHAL,"23011009104, GOVT. HS JAKHDA",प्रतिभागी,शिक्षक
BX1780,Parmanand Sharma,Sheopur,KARAHAL,"23011009104, GOVT. HS JAKHDA",प्रतिभागी,शिक्षक
CC1843,JASVANT SINGH,Sheopur,KARAHAL,"23011009104, GOVT. HS JAKHDA",प्रतिभागी,शिक्षक
CC3852,UMESH DONGRE,Sheopur,KARAHAL,"23011009104, GOVT. HS JAKHDA",प्रतिभागी,शिक्षक
CF6970,RAMMOHAN RAWAT,Sheopur,KARAHAL,"23011009104, GOVT. HS JAKHDA",प्रतिभागी,शिक्षक
CA1713,Kalyan Aadiwasi,Sheopur,KARAHAL,"23011006404, GOVT. HS   PATODA",प्रतिभागी,शिक्षक
CC1777,BHANU SHRIVASTAV,Sheopur,KARAHAL,"23011006404, GOVT. HS   PATODA",प्रतिभागी,शिक्षक
CC5370,ANIL DHAKAR,Sheopur,KARAHAL,"23011006404, GOVT. HS   PATODA",प्रतिभागी,शिक्षक
BA7456,Sh. Arun Kumar Upadhyay,Sheopur,KARAHAL,"23011010738, GOVT. HS   GIRLS KARHAL",प्रतिभागी,शिक्षक
BV5560,Battilal Meena,Sheopur,KARAHAL,"23011010738, GOVT. HS   GIRLS KARHAL",प्रतिभागी,शिक्षक
CC1348,LALITA KARNA,Sheopur,KARAHAL,"23011010738, GOVT. HS   GIRLS KARHAL",प्रतिभागी,शिक्षक
CC1769,SATISH DHAKAD,Sheopur,KARAHAL,"23011010738, GOVT. HS   GIRLS KARHAL",प्रतिभागी,शिक्षक
CC2384,MUKESH SINGH GURJAR,Sheopur,KARAHAL,"23011010738, GOVT. HS   GIRLS KARHAL",प्रतिभागी,शिक्षक
BW7237,Rajesh Kumar,Sheopur,KARAHAL,"23011007309, GOVT. HSS  BARGAVAN",प्रतिभागी,शिक्षक
BA6264,Deepak Darpe,Sheopur,KARAHAL,"23011000207, GOVT. HSS  GIRDHARPUR",प्रतिभागी,शिक्षक
BA6597,Sulekha Parmar,Sheopur,KARAHAL,"23011000207, GOVT. HSS  GIRDHARPUR",प्रतिभागी,शिक्षक
BQ4808,Priti Jain,Sheopur,KARAHAL,"23011000207, GOVT. HSS  GIRDHARPUR",प्रतिभागी,शिक्षक
BS6861,Renu Gupta,Sheopur,KARAHAL,"23011000207, GOVT. HSS  GIRDHARPUR",प्रतिभागी,शिक्षक
BU8039,Deepa Choudhary,Sheopur,KARAHAL,"23011000207, GOVT. HSS  GIRDHARPUR",प्रतिभागी,शिक्षक
CC6761,APARNA KAURAV,Sheopur,KARAHAL,"23011000207, GOVT. HSS  GIRDHARPUR",प्रतिभागी,शिक्षक
CD8617,NIRAJ SHARMA,Sheopur,KARAHAL,"23011000207, GOVT. HSS  GIRDHARPUR",प्रतिभागी,शिक्षक
BA5840,Joshila Khalkho,Sheopur,KARAHAL,"23011004005, GOVT. HSS PAHELA",प्रतिभागी,शिक्षक
CC2774,KIRAN NARWARIYA,Sheopur,KARAHAL,"23011004005, GOVT. HSS PAHELA",प्रतिभागी,शिक्षक
CC5833,ANURAG KUSHWAH,Sheopur,KARAHAL,"23011004005, GOVT. HSS PAHELA",प्रतिभागी,शिक्षक
AJ4095,Dhurverndrasingh Tomar,Sheopur,KARAHAL,"23011009208, GOVT. HSS SESAIPURA",प्रतिभागी,शिक्षक
BA5814,Rajiyabano Mev,Sheopur,KARAHAL,"23011009208, GOVT. HSS SESAIPURA",प्रतिभागी,शिक्षक
CC1473,POOJA MOURYA,Sheopur,KARAHAL,"23011009208, GOVT. HSS SESAIPURA",प्रतिभागी,शिक्षक
CC1476,SUNIL KUMAR,Sheopur,KARAHAL,"23011009208, GOVT. HSS SESAIPURA",प्रतिभागी,शिक्षक
CC1477,DHARMENDRA JANGID,Sheopur,KARAHAL,"23011009208, GOVT. HSS SESAIPURA",प्रतिभागी,शिक्षक
BA6171,Mahboob Khan,Sheopur,SHEOPUR,"23010924830, GOVT. HSS BARODA",प्रतिभागी,शिक्षक
BA6983,Girraj Kumar Gupta,Sheopur,SHEOPUR,"23010924830, GOVT. HSS BARODA",प्रतिभागी,शिक्षक
BA7031,Mahabeer Rawat,Sheopur,SHEOPUR,"23010924830, GOVT. HSS BARODA",प्रतिभागी,शिक्षक
BQ3078,Deepak Batham,Sheopur,SHEOPUR,"23010924830, GOVT. HSS BARODA",प्रतिभागी,शिक्षक
BV5167,Kanhaiya Lal Nagar,Sheopur,SHEOPUR,"23010924830, GOVT. HSS BARODA",प्रतिभागी,शिक्षक
BW5369,Anand Kumar Sharma,Sheopur,SHEOPUR,"23010924830, GOVT. HSS BARODA",प्रतिभागी,शिक्षक
BX2515,Babu Lal Pachwariya,Sheopur,SHEOPUR,"23010924830, GOVT. HSS BARODA",प्रतिभागी,शिक्षक
BY8118,Mukesh Kumar Gocher,Sheopur,SHEOPUR,"23010924830, GOVT. HSS BARODA",प्रतिभागी,शिक्षक
BA7119,Manoj Kumar Gupta,Sheopur,SHEOPUR,"23010903609, GOVT. HSS   DATARDA",प्रतिभागी,शिक्षक
BA7417,Gajendra Singh Rawat,Sheopur,SHEOPUR,"23010903609, GOVT. HSS   DATARDA",प्रतिभागी,शिक्षक
BQ2320,Santoshi Sharma,Sheopur,SHEOPUR,"23010903609, GOVT. HSS   DATARDA",प्रतिभागी,शिक्षक
BQ4490,Krishan Kumar Gupta,Sheopur,SHEOPUR,"23010903609, GOVT. HSS   DATARDA",प्रतिभागी,शिक्षक
BR8376,Narendra Kumar Sharma,Sheopur,SHEOPUR,"23010903609, GOVT. HSS   DATARDA",प्रतिभागी,शिक्षक
BU4978,Jastram Meena,Sheopur,SHEOPUR,"23010903609, GOVT. HSS   DATARDA",प्रतिभागी,शिक्षक
BV4595,Hemant Kumar Garg,Sheopur,SHEOPUR,"23010903609, GOVT. HSS   DATARDA",प्रतिभागी,शिक्षक
BW5147,Amitkumar Singhal,Sheopur,SHEOPUR,"23010903609, GOVT. HSS   DATARDA",प्रतिभागी,शिक्षक
BX3219,Manoj Sharma,Sheopur,SHEOPUR,"23010903609, GOVT. HSS   DATARDA",प्रतिभागी,शिक्षक
BY6162,Parashram Meena,Sheopur,SHEOPUR,"23010922307, GOVT. HSS   MAKRAWDA",प्रतिभागी,शिक्षक
BP9739,Chandraprakash Rathodiya,Sheopur,SHEOPUR,"23010902112, GOVT. HSS MANPUR",प्रतिभागी,शिक्षक
BU5349,Asha Suhane,Sheopur,SHEOPUR,"23010902112, GOVT. HSS MANPUR",प्रतिभागी,शिक्षक
BY9325,Rajendra Sharma,Sheopur,SHEOPUR,"23010902112, GOVT. HSS MANPUR",प्रतिभागी,शिक्षक
BZ3709,Ramesh Chand Dagar,Sheopur,SHEOPUR,"23010902112, GOVT. HSS MANPUR",प्रतिभागी,शिक्षक
BA6051,Jugraj Jatav,Sheopur,SHEOPUR,"23010917213, GOVT. HSS PANDOLA",प्रतिभागी,शिक्षक
BA6132,Parmila Gupta,Sheopur,SHEOPUR,"23010917213, GOVT. HSS PANDOLA",प्रतिभागी,शिक्षक
BR9631,Arti Gupta,Sheopur,SHEOPUR,"23010917213, GOVT. HSS PANDOLA",प्रतिभागी,शिक्षक
BW6245,Vikram Shivhare,Sheopur,SHEOPUR,"23010917213, GOVT. HSS PANDOLA",प्रतिभागी,शिक्षक
BX2495,Seema Singhal,Sheopur,SHEOPUR,"23010917213, GOVT. HSS PANDOLA",प्रतिभागी,शिक्षक
BA6905,Jorsingh Rawat,Sheopur,SHEOPUR,"23010913605, GOVT. HSS   UTANBAD",प्रतिभागी,शिक्षक
BA6380,Chandrashekhar Sharma,Sheopur,SHEOPUR,"23010900413, GOVT. HSS  DHODAR",प्रतिभागी,शिक्षक
BA6550,Kailashchand Sharma,Sheopur,SHEOPUR,"23010900413, GOVT. HSS  DHODAR",प्रतिभागी,शिक्षक
BR9950,Sandhya Rathod,Sheopur,SHEOPUR,"23010900413, GOVT. HSS  DHODAR",प्रतिभागी,शिक्षक
BA6050,Ramakant Sharma,Sheopur,SHEOPUR,"23010924577, GOVT. HSS  GIRLS SHEOPUR",प्रतिभागी,शिक्षक
BA6298,Siyaram Dhakad,Sheopur,SHEOPUR,"23010924577, GOVT. HSS  GIRLS SHEOPUR",प्रतिभागी,शिक्षक
BA6388,Dharmendra Kumar Sharma,Sheopur,SHEOPUR,"23010924577, GOVT. HSS  GIRLS SHEOPUR",प्रतिभागी,शिक्षक
BA6450,Dropadi Verma,Sheopur,SHEOPUR,"23010924577, GOVT. HSS  GIRLS SHEOPUR",प्रतिभागी,शिक्षक
BA6715,Mithlesh Verma,Sheopur,SHEOPUR,"23010924577, GOVT. HSS  GIRLS SHEOPUR",प्रतिभागी,शिक्षक
BA7100,Ram Swarup Sharma,Sheopur,SHEOPUR,"23010924577, GOVT. HSS  GIRLS SHEOPUR",प्रतिभागी,शिक्षक
BA7195,Kanhiya Lal Shivhare,Sheopur,SHEOPUR,"23010924577, GOVT. HSS  GIRLS SHEOPUR",प्रतिभागी,शिक्षक
BA7387,Ashfaq Ullah Qureshi,Sheopur,SHEOPUR,"23010924577, GOVT. HSS  GIRLS SHEOPUR",प्रतिभागी,शिक्षक
BQ7640,Sheetal Sharma,Sheopur,SHEOPUR,"23010924577, GOVT. HSS  GIRLS SHEOPUR",प्रतिभागी,शिक्षक
BR8379,Santosh Dutt Sharma,Sheopur,SHEOPUR,"23010924577, GOVT. HSS  GIRLS SHEOPUR",प्रतिभागी,शिक्षक
BY7086,Raju Lal Regar,Sheopur,SHEOPUR,"23010924577, GOVT. HSS  GIRLS SHEOPUR",प्रतिभागी,शिक्षक
BA6665,Mohammad Hanif,Sheopur,SHEOPUR,"23010912211, GOVT. HSS  PREMSAR",प्रतिभागी,शिक्षक
BA7035,Ram Charan Vaishanav,Sheopur,SHEOPUR,"23010912211, GOVT. HSS  PREMSAR",प्रतिभागी,शिक्षक
BU3077,Sanjay Gupta,Sheopur,SHEOPUR,"23010912211, GOVT. HSS  PREMSAR",प्रतिभागी,शिक्षक
BW7689,Laxmi Chand Morwal,Sheopur,SHEOPUR,"23010912211, GOVT. HSS  PREMSAR",प्रतिभागी,शिक्षक
BX1448,Prem Shanker Nagar,Sheopur,SHEOPUR,"23010912211, GOVT. HSS  PREMSAR",प्रतिभागी,शिक्षक
BX8332,Nawal Kishor Sharma,Sheopur,SHEOPUR,"23010912211, GOVT. HSS  PREMSAR",प्रतिभागी,शिक्षक
AK1477,Chandra Prakash Gupta,Sheopur,SHEOPUR,"23010924578, GOVT. HSS SHRI HAJARESHWAR SHEOPUR",प्रतिभागी,शिक्षक
BA6961,RAGHUVEER RAWAT,Sheopur,SHEOPUR,"23010924578, GOVT. HSS SHRI HAJARESHWAR SHEOPUR",प्रतिभागी,शिक्षक
BU8259,Mahesh Kumar Sharma,Sheopur,SHEOPUR,"23010924578, GOVT. HSS SHRI HAJARESHWAR SHEOPUR",प्रतिभागी,शिक्षक
BV9090,Amar Singh Purviya,Sheopur,SHEOPUR,"23010924578, GOVT. HSS SHRI HAJARESHWAR SHEOPUR",प्रतिभागी,शिक्षक
BX2986,Subhash Kumar,Sheopur,SHEOPUR,"23010924578, GOVT. HSS SHRI HAJARESHWAR SHEOPUR",प्रतिभागी,शिक्षक
BA7935,Manoj Kumar Samadhiya,Sheopur,VIJAYPUR,"23010808506, GOVT. HS GARHI",प्रतिभागी,शिक्षक
BA8402,Sh Nabab Lal Meena,Sheopur,VIJAYPUR,"23010808506, GOVT. HS GARHI",प्रतिभागी,शिक्षक
BA8441,Satish Kumar Yadav,Sheopur,VIJAYPUR,"23010808506, GOVT. HS GARHI",प्रतिभागी,शिक्षक
BA6728,Lajjaram Sharma,Sheopur,VIJAYPUR,"23010804504, GOVT. HSS SHYAMPUR",प्रतिभागी,शिक्षक
CD8606,KOMAL  PRASAD SHARMA,Sheopur,VIJAYPUR,"23010804504, GOVT. HSS SHYAMPUR",प्रतिभागी,शिक्षक
BA7694,Mukutvihari Sharma,Sheopur,VIJAYPUR,"23010805505, GOVT. HSS OCHAPURA",प्रतिभागी,शिक्षक
BA7697,Sevalsingh Pateliya,Sheopur,VIJAYPUR,"23010805505, GOVT. HSS OCHAPURA",प्रतिभागी,शिक्षक
CD9040,RAKSHA TOMAR,Sheopur,VIJAYPUR,"23010805505, GOVT. HSS OCHAPURA",प्रतिभागी,शिक्षक
BU4602,Parashuram Sharma,Sheopur,VIJAYPUR,"23010814508, GOVT. HS   AGRA",प्रतिभागी,शिक्षक
BZ1364,Sumer Singh Jatav,Sheopur,VIJAYPUR,"23010814508, GOVT. HS   AGRA",प्रतिभागी,शिक्षक
CE8876,SUNEEL JATAV,Sheopur,VIJAYPUR,"23010814508, GOVT. HS   AGRA",प्रतिभागी,शिक्षक
BA7845,Kamal Kishor Sharma,Sheopur,VIJAYPUR,"23010822926, GOVT. HSS  GIRLS VIJAYPUR",प्रतिभागी,शिक्षक
BA8101,Manju Jadon,Sheopur,VIJAYPUR,"23010816406, GOVT. HSS  GOHATA",प्रतिभागी,शिक्षक
BA8106,Yadvendra Singh Khare,Sheopur,VIJAYPUR,"23010816406, GOVT. HSS  GOHATA",प्रतिभागी,शिक्षक
BZ5159,Udayraj Rawat,Sheopur,VIJAYPUR,"23010816406, GOVT. HSS  GOHATA",प्रतिभागी,शिक्षक
BA8433,Mohan Babu Yadav,Sheopur,VIJAYPUR,"23010821007, GOVT. HSS SAHASRAM",प्रतिभागी,शिक्षक
BZ7442,Ghanshyam Sharma,Sheopur,VIJAYPUR,"23010821007, GOVT. HSS SAHASRAM",प्रतिभागी,शिक्षक
CB9935,NEETU BHATHAM,Sheopur,VIJAYPUR,"23010821007, GOVT. HSS SAHASRAM",प्रतिभागी,शिक्षक
BA7808,Barelal Nigam,Sheopur,VIJAYPUR,"23010808011, GOVT. HSS  BEERPUR",प्रतिभागी,शिक्षक
BA7816,Ajit Kumar Kerketta,Sheopur,VIJAYPUR,"23010808011, GOVT. HSS  BEERPUR",प्रतिभागी,शिक्षक
BA7818,Mithlesh Gupta,Sheopur,VIJAYPUR,"23010808011, GOVT. HSS  BEERPUR",प्रतिभागी,शिक्षक
BW4123,Ekbal Khan,Sheopur,VIJAYPUR,"23010808011, GOVT. HSS  BEERPUR",प्रतिभागी,शिक्षक
BX5056,Pawan Jayaswal,Sheopur,VIJAYPUR,"23010808011, GOVT. HSS  BEERPUR",प्रतिभागी,शिक्षक
CB4929,DEVENDRA RAWAT,Sheopur,VIJAYPUR,"23010808011, GOVT. HSS  BEERPUR",प्रतिभागी,शिक्षक
CB4926,JITENDRA SIKARWAR,Sheopur,VIJAYPUR,"23010800707, GOVT. HSS  TARAKALAN",प्रतिभागी,शिक्षक
BA7882,Mukesh Kumar Bansal,Sheopur,VIJAYPUR,"23010822925, GOVT. HSS  EXCELLENCE VIJAYPUR",प्रतिभागी,शिक्षक
BA8048,Ravindra Kumar Gupta,Sheopur,VIJAYPUR,"23010822925, GOVT. HSS  EXCELLENCE VIJAYPUR",प्रतिभागी,शिक्षक
BA8063,Moti Lal Shakya,Sheopur,VIJAYPUR,"23010822925, GOVT. HSS  EXCELLENCE VIJAYPUR",प्रतिभागी,शिक्षक
BU8399,Bhoop Singh Dhakar,Sheopur,VIJAYPUR,"23010822925, GOVT. HSS  EXCELLENCE VIJAYPUR",प्रतिभागी,शिक्षक
BX1230,Kalyan Singh Ojha,Shivpuri,BADARWAS,"23060308409, GOVT HSS INDAAR",प्रतिभागी,सीएसी
CD1833,UTTAM SINGH,Shivpuri,BADARWAS,"23060308409, GOVT HSS INDAAR",प्रतिभागी,शिक्षक
CD4038,SACHIN SHARMA,Shivpuri,BADARWAS,"23060308409, GOVT HSS INDAAR",प्रतिभागी,शिक्षक
AK1309,Pratap Singh Jatav,Shivpuri,BADARWAS,"23060304803, GOVT HS AGRA",प्रतिभागी,शिक्षक
BA8887,Som Singh Chouhan,Shivpuri,BADARWAS,"23060304803, GOVT HS AGRA",प्रतिभागी,शिक्षक
BA9088,Nisha Sharma,Shivpuri,BADARWAS,"23060304803, GOVT HS AGRA",प्रतिभागी,शिक्षक
BU5915,Badri Prasad Pal,Shivpuri,BADARWAS,"23060301005, GOVT HS  AMHARA",प्रतिभागी,शिक्षक
AU2916,Mamta Chourasiya,Shivpuri,BADARWAS,"23060302704, GOVT HS ATALPUR",प्रतिभागी,शिक्षक
BA8949,Archana Rose Beck,Shivpuri,BADARWAS,"23060302704, GOVT HS ATALPUR",प्रतिभागी,शिक्षक
BX4248,Suresh Kumar Jatav,Shivpuri,BADARWAS,"23060307520, GOVT HS KHATORA",प्रतिभागी,शिक्षक
BB5999,Ajay Singh Jat,Shivpuri,BADARWAS,"23060300114, GOVT HSS RANNOD",प्रतिभागी,शिक्षक
CD1772,SHIVRAM AHIRWAR,Shivpuri,BADARWAS,"23060300114, GOVT HSS RANNOD",प्रतिभागी,शिक्षक
BB5968,Mukesh Kumar Gupta,Shivpuri,BADARWAS,"23060306105, GOVT HS DEHRDA GANES",प्रतिभागी,शिक्षक
CD1742,RAJVEER SINGH,Shivpuri,BADARWAS,"23060306105, GOVT HS DEHRDA GANES",प्रतिभागी,शिक्षक
CD1774,KAMLESH KUSHWAH,Shivpuri,BADARWAS,"23060306105, GOVT HS DEHRDA GANES",प्रतिभागी,शिक्षक
BA9619,Narayan Das Kabir Panthi,Shivpuri,KARAIRA,"23060718206, GOVT HS SILANAGAR",प्रतिभागी,शिक्षक
BY5742,Dileep Kumar Kharare,Shivpuri,KARAIRA,"23060718206, GOVT HS SILANAGAR",प्रतिभागी,शिक्षक
BY8411,Santoshi Ahirwar,Shivpuri,KARAIRA,"23060718206, GOVT HS SILANAGAR",प्रतिभागी,शिक्षक
BB7230,Gajendra Singh Parmar,Shivpuri,KARAIRA,"23060702517, GOVT.HSS SIRSOUD KARERA",प्रतिभागी,शिक्षक
AI4740,Gaytri Sahu,Shivpuri,KARAIRA,"23060705607, GOVT HS KALIPAHADI",प्रतिभागी,शिक्षक
AL1705,Veerendra Singh Gurjar,Shivpuri,KARAIRA,"23060705607, GOVT HS KALIPAHADI",प्रतिभागी,शिक्षक
BM8636,Devendra Kumar Sharma,Shivpuri,KARAIRA,"23060705607, GOVT HS KALIPAHADI",प्रतिभागी,शिक्षक
BY1659,Badri Prasad Lodhi,Shivpuri,KARAIRA,"23060705607, GOVT HS KALIPAHADI",प्रतिभागी,शिक्षक
BZ1517,Shailendra Singh Kaushal,Shivpuri,KARAIRA,"23060705607, GOVT HS KALIPAHADI",प्रतिभागी,शिक्षक
BB1064,Asha Sharma,Shivpuri,KARAIRA,"23060704507, GOVT HS MACHHAWALI",प्रतिभागी,शिक्षक
BB1390,Ramkumar Yadav,Shivpuri,KARAIRA,"23060704507, GOVT HS MACHHAWALI",प्रतिभागी,शिक्षक
BB3749,Ayodhya Prasad Jatav,Shivpuri,KARAIRA,"23060704507, GOVT HS MACHHAWALI",प्रतिभागी,शिक्षक
BB2227,Narendra Kumar,Shivpuri,KARAIRA,"23060715569, GOVT HSS DINARA",प्रतिभागी,शिक्षक
BB4786,Jyoti SHARMA,Shivpuri,KARAIRA,"23060715569, GOVT HSS DINARA",प्रतिभागी,शिक्षक
BX8079,Deepa Singh Dangi,Shivpuri,KARAIRA,"23060715569, GOVT HSS DINARA",प्रतिभागी,शिक्षक
BA9428,Urmila Sahu,Shivpuri,KARAIRA,"23060708007, GOVT.HSS DAMRONKALA KARERA",प्रतिभागी,शिक्षक
BA9612,Mahesh Kumar,Shivpuri,KARAIRA,"23060708007, GOVT.HSS DAMRONKALA KARERA",प्रतिभागी,शिक्षक
BT7449,Deepak Kumar Rai,Shivpuri,KARAIRA,"23060708007, GOVT.HSS DAMRONKALA KARERA",प्रतिभागी,शिक्षक
BW8031,Rajendra Kumar,Shivpuri,KARAIRA,"23060708007, GOVT.HSS DAMRONKALA KARERA",प्रतिभागी,शिक्षक
BZ1093,Khemchandra Rai,Shivpuri,KARAIRA,"23060708007, GOVT.HSS DAMRONKALA KARERA",प्रतिभागी,शिक्षक
BB1326,Purushottam Shrma,Shivpuri,KARAIRA,"23060715568, GOVT.HSS GIRLS KARERA",प्रतिभागी,शिक्षक
BU1968,Ramshran Dubey,Shivpuri,KARAIRA,"23060715568, GOVT.HSS GIRLS KARERA",प्रतिभागी,शिक्षक
BA9278,Hariram Ojha,Shivpuri,KARAIRA,"23060715567, GOVT.HSS EXCELLENCE KARERA",प्रतिभागी,शिक्षक
BA9814,Uma Gurjar,Shivpuri,KARAIRA,"23060715567, GOVT.HSS EXCELLENCE KARERA",प्रतिभागी,शिक्षक
BB1076,Pinki Chhariya,Shivpuri,KARAIRA,"23060715567, GOVT.HSS EXCELLENCE KARERA",प्रतिभागी,शिक्षक
BB1088,Ravindra Shrivastava,Shivpuri,KARAIRA,"23060715567, GOVT.HSS EXCELLENCE KARERA",प्रतिभागी,शिक्षक
BQ4172,Bhavna Chourasiya,Shivpuri,KARAIRA,"23060715567, GOVT.HSS EXCELLENCE KARERA",प्रतिभागी,शिक्षक
BX7289,Sunil Kumar Bhargava,Shivpuri,KARAIRA,"23060715567, GOVT.HSS EXCELLENCE KARERA",प्रतिभागी,शिक्षक
BU7482,Balkishan Adiwasi,Shivpuri,KHANIYADHANA,"23060500410, GOVT HS PIPRA",प्रतिभागी,शिक्षक
BB2207,Khemchandra Koli,Shivpuri,KHANIYADHANA,"23060500832, GOVT.HSS EXCELLENCE KHANIYADHANA",प्रतिभागी,शिक्षक
CD2324,YUVRAJ SINGH RAJPOOT,Shivpuri,KHANIYADHANA,"23060500832, GOVT.HSS EXCELLENCE KHANIYADHANA",प्रतिभागी,शिक्षक
BZ6104,Shrikant Parashar,Shivpuri,KHANIYADHANA,"23060512810, GOVT HS GARETHA",प्रतिभागी,शिक्षक
BA9426,Hariom Swarnkar,Shivpuri,KHANIYADHANA,"23060533206, GOVT HSS BAMORKALA",प्रतिभागी,शिक्षक
BB1560,Nathuram Adiwasi,Shivpuri,KHANIYADHANA,"23060533206, GOVT HSS BAMORKALA",प्रतिभागी,शिक्षक
BX3909,Rajeshkumar Tiwari,Shivpuri,KHANIYADHANA,"23060533206, GOVT HSS BAMORKALA",प्रतिभागी,शिक्षक
CD3810,SHIVA MISHRA,Shivpuri,KHANIYADHANA,"23060511710, GOVT HSS GUDAR",प्रतिभागी,शिक्षक
CD8493,BARSHA KAURAV,Shivpuri,KHANIYADHANA,"23060511710, GOVT HSS GUDAR",प्रतिभागी,शिक्षक
BB2023,Mahendra Kumar Pandey,Shivpuri,KHANIYADHANA,"23060523708, GOVT HS RAHI",प्रतिभागी,शिक्षक
BB2217,Brajendra Kumar Kustwar,Shivpuri,KHANIYADHANA,"23060506207, GOVT. HS ACHHRONI",प्रतिभागी,शिक्षक
BA9213,Jaykumar Sen,Shivpuri,KHANIYADHANA,"23060503304, GOVT HSS PIPROUDA UBARI",प्रतिभागी,शिक्षक
BB1927,Vijay Singh Jat,Shivpuri,KHANIYADHANA,"23060503304, GOVT HSS PIPROUDA UBARI",प्रतिभागी,शिक्षक
CB7777,AMIT SHARMA,Shivpuri,KHANIYADHANA,"23060503205, GOVT HSS MAYAPUR",प्रतिभागी,शिक्षक
BR6496,Umesh Rajput,Shivpuri,KOLARAS,"23060200138, GOVT HSS EXCELLENCE KOLARAS",प्रतिभागी,शिक्षक
BB2278,Ram Awatar Jatav,Shivpuri,KOLARAS,"23060200139, GOVT.HSS GIRLS KOLARAS",प्रतिभागी,शिक्षक
BB2950,Rajesh Kumar Bhargav,Shivpuri,KOLARAS,"23060200139, GOVT.HSS GIRLS KOLARAS",प्रतिभागी,शिक्षक
BR5092,Avinash Jain,Shivpuri,KOLARAS,"23060200139, GOVT.HSS GIRLS KOLARAS",प्रतिभागी,शिक्षक
BW5157,Devendra Jain,Shivpuri,KOLARAS,"23060200139, GOVT.HSS GIRLS KOLARAS",प्रतिभागी,शिक्षक
AC1491,Dipti Saxena,Shivpuri,KOLARAS,"23060201706, GOVT.HSS SESAI SADAK",प्रतिभागी,शिक्षक
BB3053,Surendra Kumar Tyagi,Shivpuri,KOLARAS,"23060205703, GOVT HSS KHARAI TENDUA",प्रतिभागी,शिक्षक
BQ6762,Ragini Shrivastava,Shivpuri,KOLARAS,"23060205703, GOVT HSS KHARAI TENDUA",प्रतिभागी,शिक्षक
BV6825,Mashi Uddin Qureshi,Shivpuri,KOLARAS,"23060205703, GOVT HSS KHARAI TENDUA",प्रतिभागी,शिक्षक
BB3081,Vishnu Kumar Dhakad,Shivpuri,KOLARAS,"23060210307, GOVT HS DEHAERWARA",प्रतिभागी,सीएसी
BB3098,Naresh Kumar Shijoriya,Shivpuri,KOLARAS,"23060210307, GOVT HS DEHAERWARA",प्रतिभागी,शिक्षक
BU5756,Mukta Jat,Shivpuri,KOLARAS,"23060210307, GOVT HS DEHAERWARA",प्रतिभागी,शिक्षक
BA9658,Patiram Pal,Shivpuri,NARWAR,"23060800561, GOVT.HSS GIRLS NARWAR",प्रतिभागी,शिक्षक
BB3617,Kamal Prasad Adiwasi,Shivpuri,NARWAR,"23060800561, GOVT.HSS GIRLS NARWAR",प्रतिभागी,शिक्षक
BB3737,Harnarayan Ojha,Shivpuri,NARWAR,"23060800561, GOVT.HSS GIRLS NARWAR",प्रतिभागी,शिक्षक
BB3878,Matadeen Koli,Shivpuri,NARWAR,"23060800561, GOVT.HSS GIRLS NARWAR",प्रतिभागी,शिक्षक
BB3983,Ashok Kumar Asaiya,Shivpuri,NARWAR,"23060800561, GOVT.HSS GIRLS NARWAR",प्रतिभागी,शिक्षक
BX6250,Mamta Dauhare,Shivpuri,NARWAR,"23060800561, GOVT.HSS GIRLS NARWAR",प्रतिभागी,शिक्षक
CE4411,MEGHA CHOURASIYA,Shivpuri,NARWAR,"23060800561, GOVT.HSS GIRLS NARWAR",प्रतिभागी,शिक्षक
BB2206,Pooran Singh Yadav,Shivpuri,NARWAR,"23060804714, GOVT HSS KARAHI",प्रतिभागी,शिक्षक
BB3836,Jitendra Kumar Jain,Shivpuri,NARWAR,"23060804714, GOVT HSS KARAHI",प्रतिभागी,शिक्षक
BZ3016,Sanjeev Kumar,Shivpuri,NARWAR,"23060804714, GOVT HSS KARAHI",प्रतिभागी,शिक्षक
CD6115,SADHANA PANDE,Shivpuri,NARWAR,"23060808209, GOVT HSS SIHORE",प्रतिभागी,शिक्षक
CD6449,VIVEK SEN,Shivpuri,NARWAR,"23060808209, GOVT HSS SIHORE",प्रतिभागी,शिक्षक
CD6461,RANU RAJAK,Shivpuri,NARWAR,"23060808209, GOVT HSS SIHORE",प्रतिभागी,शिक्षक
CE9045,ROHIT NIRANJAN,Shivpuri,NARWAR,"23060808209, GOVT HSS SIHORE",प्रतिभागी,शिक्षक
BB3250,Sunil Arya,Shivpuri,NARWAR,"23060809725, GOVT.HSS GIRLS MAGRONI",प्रतिभागी,शिक्षक
BB3252,Lateef Ahamad,Shivpuri,NARWAR,"23060809725, GOVT.HSS GIRLS MAGRONI",प्रतिभागी,शिक्षक
BV6871,Satish Khatik,Shivpuri,NARWAR,"23060809725, GOVT.HSS GIRLS MAGRONI",प्रतिभागी,शिक्षक
BY8398,Sunil Khatik,Shivpuri,NARWAR,"23060809725, GOVT.HSS GIRLS MAGRONI",प्रतिभागी,शिक्षक
BB1047,Ashok Kumar,Shivpuri,NARWAR,"23060811705, GOVT HS KANKAR",प्रतिभागी,शिक्षक
AI6564,Sangeeta Gupta,Shivpuri,PICHHORE,"23060900143, GOVT.HSS EXCELLENCE PICHHORE",प्रतिभागी,शिक्षक
BB4211,Surekha Pathak,Shivpuri,PICHHORE,"23060900143, GOVT.HSS EXCELLENCE PICHHORE",प्रतिभागी,शिक्षक
BB4888,Uma Jatav,Shivpuri,PICHHORE,"23060900143, GOVT.HSS EXCELLENCE PICHHORE",प्रतिभागी,शिक्षक
BB4376,Manoj Kumar Sharma,Shivpuri,PICHHORE,"23060903908, GOVT HSS KARARKHEDA",प्रतिभागी,शिक्षक
BB4554,Choti Raja Chauhan,Shivpuri,PICHHORE,"23060903908, GOVT HSS KARARKHEDA",प्रतिभागी,शिक्षक
BB4746,Rekha Gupta,Shivpuri,PICHHORE,"23060903908, GOVT HSS KARARKHEDA",प्रतिभागी,शिक्षक
BN6124,Vinod Kumar Karan,Shivpuri,PICHHORE,"23060903908, GOVT HSS KARARKHEDA",प्रतिभागी,शिक्षक
BQ1853,Vandna Chouhan,Shivpuri,PICHHORE,"23060903908, GOVT HSS KARARKHEDA",प्रतिभागी,शिक्षक
CB5374,SHIVKANT TIWARI,Shivpuri,PICHHORE,"23060900141, GOVT.HSS GIRLS PICHHORE",प्रतिभागी,शिक्षक
BA8793,Arun Kumar Gupta,Shivpuri,PICHHORE,"23060902604, GOVT. HSS BAMORE DAMRON PICHHORE",प्रतिभागी,शिक्षक
BW6486,Neeraj Kumar Lodhi,Shivpuri,PICHHORE,"23060902604, GOVT. HSS BAMORE DAMRON PICHHORE",प्रतिभागी,शिक्षक
BZ4705,Vijay Singh Karan,Shivpuri,PICHHORE,"23060902604, GOVT. HSS BAMORE DAMRON PICHHORE",प्रतिभागी,शिक्षक
CB5760,MANOJ JATAV,Shivpuri,PICHHORE,"23060902604, GOVT. HSS BAMORE DAMRON PICHHORE",प्रतिभागी,शिक्षक
BQ5023,Kavita Kabir Panthi,Shivpuri,PICHHORE,"23060901612, GOVT HSS BHONTI",प्रतिभागी,शिक्षक
BU4339,Digvijay Singh Parihar,Shivpuri,PICHHORE,"23060901612, GOVT HSS BHONTI",प्रतिभागी,शिक्षक
BZ5827,Balram Singh Bundela,Shivpuri,PICHHORE,"23060902211, GOVT HSS MANPURA",प्रतिभागी,शिक्षक
BB4859,Pramod Kumar Bhatt,Shivpuri,PICHHORE,"23060923607, GOVT HSS MALAWANI",प्रतिभागी,शिक्षक
BX8858,Dharmendra Singh Yadav,Shivpuri,POHRI,"23060612307, GOVT HSS GANJIGAD",प्रतिभागी,शिक्षक
CE8685,BHOLE PAWAK,Shivpuri,POHRI,"23060612307, GOVT HSS GANJIGAD",प्रतिभागी,शिक्षक
CE8720,DEEPENDRA NA,Shivpuri,POHRI,"23060612307, GOVT HSS GANJIGAD",प्रतिभागी,शिक्षक
BA8016,Radha Singhal,Shivpuri,POHRI,"23060613212, GOVT HSS BHATNAWAR",प्रतिभागी,शिक्षक
CD4056,SHYAM PALASIYA,Shivpuri,POHRI,"23060613212, GOVT HSS BHATNAWAR",प्रतिभागी,शिक्षक
BB5077,Shiv Pratap Singh Kushwah,Shivpuri,POHRI,"23060600131, GOVT.HS GIRLS POHARI",प्रतिभागी,शिक्षक
BQ1870,Atul Kumar Suryesh,Shivpuri,POHRI,"23060600131, GOVT.HS GIRLS POHARI",प्रतिभागी,शिक्षक
BB5478,DHULIYA BHURA,Shivpuri,POHRI,"23060600130, GOVT. HSS EXCELLENCE  POHRI",प्रतिभागी,शिक्षक
BB5755,Seema Pachori,Shivpuri,POHRI,"23060600130, GOVT. HSS EXCELLENCE  POHRI",प्रतिभागी,शिक्षक
BV6849,Matadeen Parihar,Shivpuri,POHRI,"23060602908, GOVT.HSS.JHIRI",प्रतिभागी,शिक्षक
BB5724,Ratna Soni,Shivpuri,POHRI,"23060604302, GOVT HS PARICHHA KIRAR",प्रतिभागी,शिक्षक
CD8367,SURESH DHAKAR,Shivpuri,POHRI,"23060606304, GOVT HSS CHHARCH",प्रतिभागी,शिक्षक
BB5744,Rajesh Kumar Singh Jadon,Shivpuri,POHRI,"23060607130, GOVT HSS BAIRAD",प्रतिभागी,शिक्षक
BP9776,Devendra Kumar Arya,Shivpuri,POHRI,"23060607130, GOVT HSS BAIRAD",प्रतिभागी,शिक्षक
CA5148,Manoj Kumar Tyagi,Shivpuri,POHRI,"23060607130, GOVT HSS BAIRAD",प्रतिभागी,शिक्षक
BB5741,Premdas Bairagi,Shivpuri,POHRI,"23060610503, GOVT.HSS GOVARDHAN",प्रतिभागी,शिक्षक
BZ1410,Rajkumar Singh Jadon,Shivpuri,POHRI,"23060610503, GOVT.HSS GOVARDHAN",प्रतिभागी,शिक्षक
BB5250,Naval Singh Yadav,Shivpuri,POHRI,"23060611004, GOVT HS ENCHAWDA",प्रतिभागी,शिक्षक
BZ1878,Banthan Singh Yadav,Shivpuri,POHRI,"23060611004, GOVT HS ENCHAWDA",प्रतिभागी,शिक्षक
BA7362,Vijay Kumar Ekka,Shivpuri,SHIVPURI,"23060140810, GOVT HSS SIRSOD",प्रतिभागी,शिक्षक
BB6163,Ramswaroop Rahul,Shivpuri,SHIVPURI,"23060140810, GOVT HSS SIRSOD",प्रतिभागी,शिक्षक
BB6252,Virendra Kumar Shrivastava,Shivpuri,SHIVPURI,"23060140810, GOVT HSS SIRSOD",प्रतिभागी,शिक्षक
BT4055,Dhaniram Jatav,Shivpuri,SHIVPURI,"23060140810, GOVT HSS SIRSOD",प्रतिभागी,शिक्षक
BU5747,Rekha Jain,Shivpuri,SHIVPURI,"23060140810, GOVT HSS SIRSOD",प्रतिभागी,शिक्षक
BQ1723,Rekha Kirar,Shivpuri,SHIVPURI,"23060131005, GOVT HS BHANGAD",प्रतिभागी,शिक्षक
BB5613,Jyoti Verma,Shivpuri,SHIVPURI,"23060140904, GOVT HS SATANWADA",प्रतिभागी,शिक्षक
BG6783,Jahanvi Sikarwar,Shivpuri,SHIVPURI,"23060140904, GOVT HS SATANWADA",प्रतिभागी,शिक्षक
BP9772,Manju Soni,Shivpuri,SHIVPURI,"23060140904, GOVT HS SATANWADA",प्रतिभागी,शिक्षक
BP9792,Jyoti Jain,Shivpuri,SHIVPURI,"23060140904, GOVT HS SATANWADA",प्रतिभागी,शिक्षक
BW1111,Vandana Bhargava,Shivpuri,SHIVPURI,"23060140904, GOVT HS SATANWADA",प्रतिभागी,शिक्षक
BB4843,Reeta Shrivastava,Shivpuri,SHIVPURI,"23060112615, GOVT.HSS N. 2 SHIVPURI",प्रतिभागी,शिक्षक
BB7070,Rajendra Kumar Gautam,Shivpuri,SHIVPURI,"23060112615, GOVT.HSS N. 2 SHIVPURI",प्रतिभागी,शिक्षक
BW7275,Bharat Singh Jatav,Shivpuri,SHIVPURI,"23060122707, GOVT HSS GIRLS OLD SHIVPURI",प्रतिभागी,शिक्षक
BB1993,Jagrati Gautam,Shivpuri,SHIVPURI,"23060118607, GOVT.HSS GIRLS SHIVPURI",प्रतिभागी,शिक्षक
BB4047,Bharti Tripathi,Shivpuri,SHIVPURI,"23060118607, GOVT.HSS GIRLS SHIVPURI",प्रतिभागी,शिक्षक
BB5754,Sumanlata Sisodiya,Shivpuri,SHIVPURI,"23060118607, GOVT.HSS GIRLS SHIVPURI",प्रतिभागी,शिक्षक
BB6475,Raj Kumar Gupta,Shivpuri,SHIVPURI,"23060118607, GOVT.HSS GIRLS SHIVPURI",प्रतिभागी,शिक्षक
BB6504,Vijay Kumar Pathak,Shivpuri,SHIVPURI,"23060118607, GOVT.HSS GIRLS SHIVPURI",प्रतिभागी,शिक्षक
BQ2219,Sonali Neekhra,Shivpuri,SHIVPURI,"23060118607, GOVT.HSS GIRLS SHIVPURI",प्रतिभागी,शिक्षक
BR2239,Durgeshwary Khande,Shivpuri,SHIVPURI,"23060118607, GOVT.HSS GIRLS SHIVPURI",प्रतिभागी,शिक्षक
BU6358,Rajni Jain,Shivpuri,SHIVPURI,"23060118607, GOVT.HSS GIRLS SHIVPURI",प्रतिभागी,शिक्षक
BV5676,Poojesh Loury,Shivpuri,SHIVPURI,"23060118607, GOVT.HSS GIRLS SHIVPURI",प्रतिभागी,शिक्षक
BB4048,Jiwan Lal Kachhap,Shivpuri,SHIVPURI,"23060143804, GOVT HS SURWAYA",प्रतिभागी,शिक्षक
BB6048,Neelima Bajpai,Shivpuri,SHIVPURI,"23060143804, GOVT HS SURWAYA",प्रतिभागी,शिक्षक
BQ1747,Kamal Kishor Jatav,Shivpuri,SHIVPURI,"23060143804, GOVT HS SURWAYA",प्रतिभागी,शिक्षक
BU7475,Malwi Chandel,Shivpuri,SHIVPURI,"23060143804, GOVT HS SURWAYA",प्रतिभागी,शिक्षक
BB4814,Kalpana Gupta,Shivpuri,SHIVPURI,"23060116404, GOVT HS THARRA",प्रतिभागी,शिक्षक
BB6138,Savita Shrivastav,Shivpuri,SHIVPURI,"23060116404, GOVT HS THARRA",प्रतिभागी,शिक्षक
BB6527,Arvind Shrivastava,Shivpuri,SHIVPURI,"23060116404, GOVT HS THARRA",प्रतिभागी,शिक्षक
BB6809,SULTAN SINGH BAGHEL,Shivpuri,SHIVPURI,"23060116404, GOVT HS THARRA",प्रतिभागी,शिक्षक
BY7066,Pradeep Bhargav,Shivpuri,SHIVPURI,"23060116404, GOVT HS THARRA",प्रतिभागी,शिक्षक
BB9736,Lalpati Vais,Sidhi,KUSAMI,"23170304605, GOVT. HS SONGARH",प्रतिभागी,शिक्षक
BB9784,Baikhuntlal Sahu,Sidhi,KUSAMI,"23170304605, GOVT. HS SONGARH",प्रतिभागी,शिक्षक
BC7188,Baijnath Jaiswal,Sidhi,KUSAMI,"23170304605, GOVT. HS SONGARH",प्रतिभागी,शिक्षक
BZ7935,MANORAMA SONI,Sidhi,KUSAMI,"23170304605, GOVT. HS SONGARH",प्रतिभागी,शिक्षक
CC1713,ARVIND AHIRWAR,Sidhi,KUSAMI,"23170304605, GOVT. HS SONGARH",प्रतिभागी,सीएसी
CC4118,RAMKUMAR MAHOUR,Sidhi,KUSAMI,"23170304605, GOVT. HS SONGARH",प्रतिभागी,शिक्षक
CC4225,RAJESH JAYSWAL,Sidhi,KUSAMI,"23170304605, GOVT. HS SONGARH",प्रतिभागी,शिक्षक
CC7458,BIRJENDRA PANIKA,Sidhi,KUSAMI,"23170304605, GOVT. HS SONGARH",प्रतिभागी,शिक्षक
CE6882,PRATIMA SINGH,Sidhi,KUSAMI,"23170304605, GOVT. HS SONGARH",प्रतिभागी,शिक्षक
BB9617,Ramesh Kumar Singh,Sidhi,KUSAMI,"23170312310, GOVT. HSS JOORI",प्रतिभागी,शिक्षक
BC7152,Sumer Pd Tadiya,Sidhi,KUSAMI,"23170312310, GOVT. HSS JOORI",प्रतिभागी,शिक्षक
BB9512,Rakesh Kumar Mishra,Sidhi,KUSAMI,"23170306109, GOVT. HSS PONDI BASTUA",प्रतिभागी,शिक्षक
BC1134,Chothelal Rawat,Sidhi,KUSAMI,"23170306109, GOVT. HSS PONDI BASTUA",प्रतिभागी,शिक्षक
BR9736,Prasanna Gupta,Sidhi,KUSAMI,"23170306109, GOVT. HSS PONDI BASTUA",प्रतिभागी,शिक्षक
BT2482,Manoj Pandey,Sidhi,KUSAMI,"23170306109, GOVT. HSS PONDI BASTUA",प्रतिभागी,शिक्षक
CC4165,SAROJ RAI,Sidhi,KUSAMI,"23170306109, GOVT. HSS PONDI BASTUA",प्रतिभागी,शिक्षक
CC7074,KAMLESH VISHWAKARMA,Sidhi,KUSAMI,"23170306109, GOVT. HSS PONDI BASTUA",प्रतिभागी,शिक्षक
CC7076,ARVIND PANDEY,Sidhi,KUSAMI,"23170306109, GOVT. HSS PONDI BASTUA",प्रतिभागी,शिक्षक
CD9792,DEEPIKA TIWARI,Sidhi,KUSAMI,"23170306109, GOVT. HSS PONDI BASTUA",प्रतिभागी,शिक्षक
CE9544,Ashok Kushwaha,Sidhi,KUSAMI,"23170306109, GOVT. HSS PONDI BASTUA",प्रतिभागी,शिक्षक
BB9789,Ramprasad Yaduv,Sidhi,KUSAMI,"23170307605, GOVT. HSS CHINAGWAH",प्रतिभागी,शिक्षक
BC7395,Ashok Kumar Bais,Sidhi,KUSAMI,"23170307605, GOVT. HSS CHINAGWAH",प्रतिभागी,शिक्षक
BT2474,Mahesh Gupta,Sidhi,KUSAMI,"23170307605, GOVT. HSS CHINAGWAH",प्रतिभागी,शिक्षक
BC1195,Nand Kumar Shukla,Sidhi,KUSAMI,"23170312509, GOVT. HSS BHADAURA",प्रतिभागी,शिक्षक
BC7252,Lalmani Padwar,Sidhi,KUSAMI,"23170312509, GOVT. HSS BHADAURA",प्रतिभागी,शिक्षक
BB9534,Jaya Singh,Sidhi,KUSAMI,"23170310304, GOVT. HSS MAJHIGAWAN",प्रतिभागी,शिक्षक
BB9722,Radhika Raman Singh,Sidhi,KUSAMI,"23170310304, GOVT. HSS MAJHIGAWAN",प्रतिभागी,शिक्षक
BT2476,Kamal Narayan Singh Marabi,Sidhi,KUSAMI,"23170310304, GOVT. HSS MAJHIGAWAN",प्रतिभागी,शिक्षक
CF5623,NEETESH RAWAT,Sidhi,KUSAMI,"23170310304, GOVT. HSS MAJHIGAWAN",प्रतिभागी,शिक्षक
CC1714,PANKAJ PANDEY,Sidhi,KUSAMI,"23170300107, GOVT. HSS BHUIMAD",प्रतिभागी,शिक्षक
BC7485,Rakesh Kumar Gupta,Sidhi,MAJHAULI,"23170400115, GOVT. HSS EXCELLENCE, MAJHAULI",प्रतिभागी,शिक्षक
BC9034,Padmdhar Dwivedi,Sidhi,MAJHAULI,"23170400115, GOVT. HSS EXCELLENCE, MAJHAULI",प्रतिभागी,शिक्षक
BC7359,Rajeshwar Singh,Sidhi,MAJHAULI,"23170403906, GOVT. HSS CHAMARADOL",प्रतिभागी,शिक्षक
BC2357,Ajay Kumar Namdeo,Sidhi,MAJHAULI,"23170402214, GOVT. HSS TALA",प्रतिभागी,शिक्षक
CC7975,NEELU BUNKAR,Sidhi,MAJHAULI,"23170402214, GOVT. HSS TALA",प्रतिभागी,शिक्षक
BB8864,Rajbahoran Singh,Sidhi,MAJHAULI,"23170401112, GOVT. HSS GAJARI",प्रतिभागी,शिक्षक
BH7992,Santosh Kumar Namdeo,Sidhi,MAJHAULI,"23170404308, GOVT. HSS DANGA",प्रतिभागी,शिक्षक
BC1099,Basmati Panika,Sidhi,MAJHAULI,"23170412212, GOVT. HSS TIKARI",प्रतिभागी,शिक्षक
BC2510,Ramesh Kumar Tandiya,Sidhi,MAJHAULI,"23170412212, GOVT. HSS TIKARI",प्रतिभागी,शिक्षक
BC7442,Danbahadur Singh,Sidhi,MAJHAULI,"23170412212, GOVT. HSS TIKARI",प्रतिभागी,शिक्षक
BC9053,Lalu Singh,Sidhi,MAJHAULI,"23170412212, GOVT. HSS TIKARI",प्रतिभागी,शिक्षक
BC1588,Rambhuvan Mishra,Sidhi,RAMPUR NAIKIN,"23170500306, GOVT. HSS BHARTPUR",प्रतिभागी,शिक्षक
BB7928,Sukhlal Kol,Sidhi,RAMPUR NAIKIN,"23170503609, GOVT. HSS BAGHWAR",प्रतिभागी,शिक्षक
BB7929,Kamla Prasad Charmkar,Sidhi,RAMPUR NAIKIN,"23170503609, GOVT. HSS BAGHWAR",प्रतिभागी,शिक्षक
BB8197,Savita Saket,Sidhi,RAMPUR NAIKIN,"23170503609, GOVT. HSS BAGHWAR",प्रतिभागी,शिक्षक
BT1280,Anil Kumar Singh,Sidhi,RAMPUR NAIKIN,"23170503609, GOVT. HSS BAGHWAR",प्रतिभागी,शिक्षक
CD4486,ARUN PANDEY,Sidhi,RAMPUR NAIKIN,"23170519603, GOVT. HSS BAGHAD",प्रतिभागी,शिक्षक
BZ4069,Arvind Singh Bais,Sidhi,RAMPUR NAIKIN,"23170503905, GOVT. HS MAU",प्रतिभागी,शिक्षक
CC2842,POONAM SINGH,Sidhi,RAMPUR NAIKIN,"23170503905, GOVT. HS MAU",प्रतिभागी,शिक्षक
CE4138,ANUPAMA TIWARI,Sidhi,RAMPUR NAIKIN,"23170503905, GOVT. HS MAU",प्रतिभागी,शिक्षक
BB7888,M.P. Shulka,Sidhi,RAMPUR NAIKIN,"23170505309, GOVT. HSS EXCELLENCE, RAMPUR NAIKIN",प्रतिभागी,शिक्षक
BF7509,Lalji Sharma,Sidhi,RAMPUR NAIKIN,"23170505309, GOVT. HSS EXCELLENCE, RAMPUR NAIKIN",प्रतिभागी,शिक्षक
CE1939,ARUNENDRA SINGH,Sidhi,RAMPUR NAIKIN,"23170505309, GOVT. HSS EXCELLENCE, RAMPUR NAIKIN",प्रतिभागी,शिक्षक
BO1743,Santosha Verma,Sidhi,RAMPUR NAIKIN,"23170508013, GOVT. HSS KANDHWAR",प्रतिभागी,शिक्षक
BC1560,Narendra Kumar Singh,Sidhi,RAMPUR NAIKIN,"23170508903, GOVT. HSS BADKHARA",प्रतिभागी,शिक्षक
BC3276,Sunil Mani Verma,Sidhi,RAMPUR NAIKIN,"23170512818, GOVT. HSS BOYS, CHURHAT",प्रतिभागी,शिक्षक
BO8092,Anand Kumar Namdeo,Sidhi,RAMPUR NAIKIN,"23170512818, GOVT. HSS BOYS, CHURHAT",प्रतिभागी,शिक्षक
BC2955,Awanish Kumar Singh,Sidhi,RAMPUR NAIKIN,"23170515307, GOVT. HSS DADHIYA",प्रतिभागी,शिक्षक
BC2981,Gangadhar Patel,Sidhi,RAMPUR NAIKIN,"23170515307, GOVT. HSS DADHIYA",प्रतिभागी,शिक्षक
BC2985,Suneeta Devi Kol,Sidhi,RAMPUR NAIKIN,"23170515307, GOVT. HSS DADHIYA",प्रतिभागी,शिक्षक
BR2851,Hira Mani Patel,Sidhi,RAMPUR NAIKIN,"23170515307, GOVT. HSS DADHIYA",प्रतिभागी,शिक्षक
BB8695,Neeta Singh,Sidhi,RAMPUR NAIKIN,"23170514704, GOVT. HS BELDAH",प्रतिभागी,शिक्षक
BT1296,Hema Singh,Sidhi,RAMPUR NAIKIN,"23170514704, GOVT. HS BELDAH",प्रतिभागी,शिक्षक
BT4983,Sangeeta Kol,Sidhi,RAMPUR NAIKIN,"23170514704, GOVT. HS BELDAH",प्रतिभागी,शिक्षक
CC7841,KRISHNA GUPTA,Sidhi,RAMPUR NAIKIN,"23170514704, GOVT. HS BELDAH",प्रतिभागी,शिक्षक
BB8669,Rajesh Singh Baghel,Sidhi,RAMPUR NAIKIN,"23170514216, GOVT. HSS HANUMANGARH",प्रतिभागी,शिक्षक
BT1297,Shiva Kant Goswami,Sidhi,RAMPUR NAIKIN,"23170514216, GOVT. HSS HANUMANGARH",प्रतिभागी,शिक्षक
BC1581,Shila Singh,Sidhi,RAMPUR NAIKIN,"23170516608, GOVT. HSS POSTA",प्रतिभागी,शिक्षक
BB8927,Rajendra Prasad Duwedi,Sidhi,RAMPUR NAIKIN,"23170516014, GOVT. HSS CHAKDAUR",प्रतिभागी,शिक्षक
BB8932,Babulal Singh Gond,Sidhi,RAMPUR NAIKIN,"23170516014, GOVT. HSS CHAKDAUR",प्रतिभागी,शिक्षक
BB8934,Ramrahish Mishra,Sidhi,RAMPUR NAIKIN,"23170516014, GOVT. HSS CHAKDAUR",प्रतिभागी,शिक्षक
BB8953,Ramkumar Tripathi,Sidhi,RAMPUR NAIKIN,"23170516014, GOVT. HSS CHAKDAUR",प्रतिभागी,शिक्षक
BC2626,Sitasharan Panika,Sidhi,RAMPUR NAIKIN,"23170516014, GOVT. HSS CHAKDAUR",प्रतिभागी,शिक्षक
BC2763,Harimangal Singh,Sidhi,RAMPUR NAIKIN,"23170516014, GOVT. HSS CHAKDAUR",प्रतिभागी,शिक्षक
BC2874,Chandrabati Singh,Sidhi,RAMPUR NAIKIN,"23170516014, GOVT. HSS CHAKDAUR",प्रतिभागी,शिक्षक
BP1602,Anil Tiwari,Sidhi,RAMPUR NAIKIN,"23170516014, GOVT. HSS CHAKDAUR",प्रतिभागी,शिक्षक
CD5983,JEETENDRA YADAV,Sidhi,RAMPUR NAIKIN,"23170516014, GOVT. HSS CHAKDAUR",प्रतिभागी,शिक्षक
CE5220,VATAN SOLANKI,Sidhi,RAMPUR NAIKIN,"23170516014, GOVT. HSS CHAKDAUR",प्रतिभागी,शिक्षक
BB8950,Ramkrishn Kol,Sidhi,RAMPUR NAIKIN,"23170518605, GOVT. HSS KHADDI",प्रतिभागी,शिक्षक
BB8958,Raj Kumar Saket,Sidhi,RAMPUR NAIKIN,"23170518605, GOVT. HSS KHADDI",प्रतिभागी,शिक्षक
BB8961,Mohan Lal Saket,Sidhi,RAMPUR NAIKIN,"23170518605, GOVT. HSS KHADDI",प्रतिभागी,शिक्षक
BB9030,Ramavatar Panika,Sidhi,RAMPUR NAIKIN,"23170518605, GOVT. HSS KHADDI",प्रतिभागी,शिक्षक
CD4998,NRIPENDRA ADIWASI,Sidhi,RAMPUR NAIKIN,"23170518605, GOVT. HSS KHADDI",प्रतिभागी,शिक्षक
CD4999,PAVAN KUMAR,Sidhi,RAMPUR NAIKIN,"23170518605, GOVT. HSS KHADDI",प्रतिभागी,शिक्षक
CD6171,AJITA SINGH,Sidhi,RAMPUR NAIKIN,"23170518605, GOVT. HSS KHADDI",प्रतिभागी,शिक्षक
BC4246,Puspa Singh,Sidhi,SIDHI,"23170600807, GOVT. HSS NO 2 SIDHI",प्रतिभागी,शिक्षक
BC4252,Lalita Singh,Sidhi,SIDHI,"23170600807, GOVT. HSS NO 2 SIDHI",प्रतिभागी,शिक्षक
BC6323,Jyoti Shukla,Sidhi,SIDHI,"23170600807, GOVT. HSS NO 2 SIDHI",प्रतिभागी,शिक्षक
BC9069,Priyam Singh,Sidhi,SIDHI,"23170600807, GOVT. HSS NO 2 SIDHI",प्रतिभागी,शिक्षक
BT8068,Virendra Singh Chauhan,Sidhi,SIDHI,"23170600807, GOVT. HSS NO 2 SIDHI",प्रतिभागी,शिक्षक
BC1367,Arun Kumar Singh Chauhan,Sidhi,SIDHI,"23170610609, GOVT. HSS KAMARJI",प्रतिभागी,शिक्षक
BC1468,Ashok Kumar Patel,Sidhi,SIDHI,"23170610609, GOVT. HSS KAMARJI",प्रतिभागी,शिक्षक
BC5647,Amar Jeet Manjhi,Sidhi,SIDHI,"23170610609, GOVT. HSS KAMARJI",प्रतिभागी,शिक्षक
CD4610,SHRADDHA GUPTA,Sidhi,SIDHI,"23170610609, GOVT. HSS KAMARJI",प्रतिभागी,शिक्षक
8717856073,Nand Kishor Yadav ,Sidhi,SIDHI,"23170612409, GOVT. HSS DHUMMA",प्रतिभागी,शिक्षक
BC2898,Rammani Patel,Sidhi,SIDHI,"23170612409, GOVT. HSS DHUMMA",प्रतिभागी,शिक्षक
BC3328,Satyaraj Kol,Sidhi,SIDHI,"23170612409, GOVT. HSS DHUMMA",प्रतिभागी,शिक्षक
BC3379,Amarjeet Patel,Sidhi,SIDHI,"23170612409, GOVT. HSS DHUMMA",प्रतिभागी,शिक्षक
BC3381,Pushpraj Singh,Sidhi,SIDHI,"23170612409, GOVT. HSS DHUMMA",प्रतिभागी,शिक्षक
BC4490,Awadhesh Pratap Singh,Sidhi,SIDHI,"23170612409, GOVT. HSS DHUMMA",प्रतिभागी,शिक्षक
BS8722,Reena Mishra,Sidhi,SIDHI,"23170612409, GOVT. HSS DHUMMA",प्रतिभागी,शिक्षक
BT1285,Archana Varma,Sidhi,SIDHI,"23170612409, GOVT. HSS DHUMMA",प्रतिभागी,शिक्षक
BV8781,Brijendra Singh,Sidhi,SIDHI,"23170612409, GOVT. HSS DHUMMA",प्रतिभागी,शिक्षक
9589946539,Kanhaiyalal  Vishwakarma ,Sidhi,SIDHI,"23170614308, GOVT. HSS UPANI",प्रतिभागी,शिक्षक
BB7560,Sharda Singh,Sidhi,SIDHI,"23170614308, GOVT. HSS UPANI",प्रतिभागी,शिक्षक
BB8403,Sangeeta Mishra,Sidhi,SIDHI,"23170614308, GOVT. HSS UPANI",प्रतिभागी,शिक्षक
BC4112,Arun Kumari Kol,Sidhi,SIDHI,"23170614308, GOVT. HSS UPANI",प्रतिभागी,शिक्षक
BC4149,Sarita Singh,Sidhi,SIDHI,"23170614308, GOVT. HSS UPANI",प्रतिभागी,शिक्षक
BC4276,Saroj Singh,Sidhi,SIDHI,"23170614308, GOVT. HSS UPANI",प्रतिभागी,शिक्षक
BC7067,Jagnnath Prasad Gupta,Sidhi,SIDHI,"23170614308, GOVT. HSS UPANI",प्रतिभागी,सीएसी
BX5916,Deepika Sharma,Sidhi,SIDHI,"23170614308, GOVT. HSS UPANI",प्रतिभागी,शिक्षक
BZ3710,Poonam Singh,Sidhi,SIDHI,"23170614308, GOVT. HSS UPANI",प्रतिभागी,शिक्षक
BC1670,Seema Soni,Sidhi,SIDHI,"23170601915, GOVT. HSS SIDHI KHURD",प्रतिभागी,शिक्षक
BQ1348,Jyoti Kacher,Sidhi,SIDHI,"23170601915, GOVT. HSS SIDHI KHURD",प्रतिभागी,शिक्षक
BS7697,Sandeep Singh Chauhan,Sidhi,SIDHI,"23170601915, GOVT. HSS SIDHI KHURD",प्रतिभागी,शिक्षक
BU2897,Ramayan Prasad Shukla,Sidhi,SIDHI,"23170601915, GOVT. HSS SIDHI KHURD",प्रतिभागी,शिक्षक
BB7500,Mansut Kol,Sidhi,SIDHI,"23170604606, GOVT. HSS KHIRKHORI",प्रतिभागी,शिक्षक
BB8767,Shailendra Singh Chauhan,Sidhi,SIDHI,"23170604606, GOVT. HSS KHIRKHORI",प्रतिभागी,सीएसी
BC1876,Gopal Ji Rai,Sidhi,SIDHI,"23170604606, GOVT. HSS KHIRKHORI",प्रतिभागी,शिक्षक
BC5183,Rajan Singh,Sidhi,SIDHI,"23170604606, GOVT. HSS KHIRKHORI",प्रतिभागी,शिक्षक
BC7031,Shivmurat Sahoo,Sidhi,SIDHI,"23170604606, GOVT. HSS KHIRKHORI",प्रतिभागी,शिक्षक
BS2369,Sarvadev Prasad Dwivedi,Sidhi,SIDHI,"23170604606, GOVT. HSS KHIRKHORI",प्रतिभागी,शिक्षक
CA9602,JEETENDRA PANDEY,Sidhi,SIDHI,"23170604606, GOVT. HSS KHIRKHORI",प्रतिभागी,शिक्षक
BX3512,Umesh Kumar Patel,Sidhi,SIDHI,"23170619308, GOVT. HSS BARAMBABA",प्रतिभागी,शिक्षक
BB7516,Maniraj Prajapati,Sidhi,SIDHI,"23170614204, GOVT. HSS HADAWADO",प्रतिभागी,शिक्षक
BB9833,Rajesh Kumar Singh,Sidhi,SIDHI,"23170614204, GOVT. HSS HADAWADO",प्रतिभागी,शिक्षक
BS5242,Rakesh Roshan Shukla,Sidhi,SIDHI,"23170614204, GOVT. HSS HADAWADO",प्रतिभागी,सीएसी
BV6392,Sunita Pathak,Sidhi,SIDHI,"23170614204, GOVT. HSS HADAWADO",प्रतिभागी,शिक्षक
BY8708,Shivraj Kumar Prajapati,Sidhi,SIDHI,"23170614204, GOVT. HSS HADAWADO",प्रतिभागी,अन्य
BC1869,Suresh Prjapati,Sidhi,SIDHI,"23170605720, GOVT. HSS SEMARIYA",प्रतिभागी,शिक्षक
BS6724,Preeti Singh,Sidhi,SIDHI,"23170605720, GOVT. HSS SEMARIYA",प्रतिभागी,शिक्षक
BX5045,Sujeet Namdev,Sidhi,SIDHI,"23170605720, GOVT. HSS SEMARIYA",प्रतिभागी,शिक्षक
CA3267,Maya Singh,Sidhi,SIDHI,"23170605720, GOVT. HSS SEMARIYA",प्रतिभागी,शिक्षक
CA3273,Mithilesh Mishra,Sidhi,SIDHI,"23170605720, GOVT. HSS SEMARIYA",प्रतिभागी,शिक्षक
BB8799,Satya Kumar Singh,Sidhi,SIDHI,"23170607309, GOVT. HSS AMARWAH",प्रतिभागी,शिक्षक
BC1939,Manvati Singh,Sidhi,SIDHI,"23170607309, GOVT. HSS AMARWAH",प्रतिभागी,शिक्षक
BC4187,Jawahar Lal Dubey,Sidhi,SIDHI,"23170607309, GOVT. HSS AMARWAH",प्रतिभागी,शिक्षक
BC9100,Suresh Prasad Kol,Sidhi,SIDHI,"23170621504, GOVT. HS NEBUHA",प्रतिभागी,शिक्षक
BY2094,Vinod Singh Chauhan,Sidhi,SIDHI,"23170621504, GOVT. HS NEBUHA",प्रतिभागी,शिक्षक
CC2841,HASSAN AHMAD,Sidhi,SIDHI,"23170625209, GOVT. HS KARWAHI",प्रतिभागी,शिक्षक
BC2162,Chhathilal Prajapati,Sidhi,SIHAWAL,"23170710503, GOVT. HSS SONVARSA",प्रतिभागी,शिक्षक
BC2211,Hari Lal Bansal,Sidhi,SIHAWAL,"23170710503, GOVT. HSS SONVARSA",प्रतिभागी,शिक्षक
BC2253,Buddhiraj Shukla,Sidhi,SIHAWAL,"23170710503, GOVT. HSS SONVARSA",प्रतिभागी,शिक्षक
BS5380,Laxman Prasad Patel,Sidhi,SIHAWAL,"23170710503, GOVT. HSS SONVARSA",प्रतिभागी,शिक्षक
BC1461,Brajendra Patel,Sidhi,SIHAWAL,"23170725106, GOVT. HSS HATWAKHAS",प्रतिभागी,शिक्षक
BC6704,Archana Patel,Sidhi,SIHAWAL,"23170722712, GOVT. HSS BOYS, HINAUTI",प्रतिभागी,शिक्षक
BC6742,Shivkali Patel,Sidhi,SIHAWAL,"23170722712, GOVT. HSS BOYS, HINAUTI",प्रतिभागी,शिक्षक
BV1462,Jagyasen Kewat,Sidhi,SIHAWAL,"23170722712, GOVT. HSS BOYS, HINAUTI",प्रतिभागी,शिक्षक
BC7783,Mahesh Prasad Patel,Sidhi,SIHAWAL,"23170719813, GOVT. HSS GIRLS, PATULKHI",प्रतिभागी,शिक्षक
BB7403,Amar Nath Banshal,Sidhi,SIHAWAL,"23170719812, GOVT. HSS BOYS, PATULKHI",प्रतिभागी,शिक्षक
BB8012,Pyare Lal Kol,Sidhi,SIHAWAL,"23170703409, GOVT. HSS BAHARI",प्रतिभागी,शिक्षक
BC7964,Poonam Pathak,Sidhi,SIHAWAL,"23170703409, GOVT. HSS BAHARI",प्रतिभागी,शिक्षक
BN6612,Sireesh Kumar Pandey,Sidhi,SIHAWAL,"23170703409, GOVT. HSS BAHARI",प्रतिभागी,शिक्षक
BC8512,Kailsua Saket,Sidhi,SIHAWAL,"23170711209, GOVT. HSS TARKA",प्रतिभागी,शिक्षक
BC7066,Savitri Sharma,Sidhi,SIHAWAL,"23170724105, GOVT. HS KHAIRA",प्रतिभागी,शिक्षक
BC7768,Arjun Kumar Singh,Sidhi,SIHAWAL,"23170714907, GOVT. HSS KHUTELI",प्रतिभागी,शिक्षक
BC7918,Saroj Sharma,Sidhi,SIHAWAL,"23170714907, GOVT. HSS KHUTELI",प्रतिभागी,शिक्षक
BB9143,Dayashankar Pathak,Singrauli,CHITARANGI,"23500100509, Govt. HSS  KARTHUA",प्रतिभागी,शिक्षक
CE6941,ANUPAM KUMAR PANDEY,Singrauli,CHITARANGI,"23500100509, Govt. HSS  KARTHUA",प्रतिभागी,शिक्षक
BB7431,Vishwanath Singh,Singrauli,CHITARANGI,"23500101207, Govt. HSS  HARFARI",प्रतिभागी,शिक्षक
BB7695,Ramakant Singh,Singrauli,CHITARANGI,"23500101207, Govt. HSS  HARFARI",प्रतिभागी,शिक्षक
BB7747,Indrabhan Singh,Singrauli,CHITARANGI,"23500101207, Govt. HSS  HARFARI",प्रतिभागी,शिक्षक
BB9104,Shakuntala Singh,Singrauli,CHITARANGI,"23500101207, Govt. HSS  HARFARI",प्रतिभागी,शिक्षक
BB9132,Dadulal Singh,Singrauli,CHITARANGI,"23500101207, Govt. HSS  HARFARI",प्रतिभागी,शिक्षक
BC6007,Kamta Lal Kumhar,Singrauli,CHITARANGI,"23500101207, Govt. HSS  HARFARI",प्रतिभागी,शिक्षक
BB7437,Bhola Prasad Shrivastava,Singrauli,CHITARANGI,"23500103605, Govt. HSS BARDI",प्रतिभागी,शिक्षक
BC5483,Sushil Pratap Dhar Dwivedi,Singrauli,CHITARANGI,"23500103605, Govt. HSS BARDI",प्रतिभागी,शिक्षक
BC6985,Sitaram Dwivedi,Singrauli,CHITARANGI,"23500103605, Govt. HSS BARDI",प्रतिभागी,शिक्षक
CD4787,CHANCHAL TOMAR,Singrauli,CHITARANGI,"23500103605, Govt. HSS BARDI",प्रतिभागी,शिक्षक
BB7427,Sunil Kumar Chaudhari,Singrauli,CHITARANGI,"23500105104, Govt. HSS  DHARAULI",प्रतिभागी,शिक्षक
CE2780,NIRANJAN MISHRA,Singrauli,CHITARANGI,"23500105104, Govt. HSS  DHARAULI",प्रतिभागी,शिक्षक
BC7000,Pushpendra Singh,Singrauli,CHITARANGI,"23500107515, Govt. HSS  EXCELLENCE, CHITRANGI",प्रतिभागी,शिक्षक
BV9436,Pawan Kumar Bais,Singrauli,CHITARANGI,"23500107515, Govt. HSS  EXCELLENCE, CHITRANGI",प्रतिभागी,शिक्षक
BC5547,Sheela Devi,Singrauli,CHITARANGI,"23500108406, Govt. HSS   KHATAI",प्रतिभागी,शिक्षक
BC7002,Suggan Prasad,Singrauli,CHITARANGI,"23500108406, Govt. HSS   KHATAI",प्रतिभागी,शिक्षक
BQ9456,Manjula Devi,Singrauli,CHITARANGI,"23500108406, Govt. HSS   KHATAI",प्रतिभागी,शिक्षक
BS6188,Amrish Kumar Singh,Singrauli,CHITARANGI,"23500108406, Govt. HSS   KHATAI",प्रतिभागी,शिक्षक
BJ8735,Sita Markam,Singrauli,CHITARANGI,"23500128510, Govt. HSS   GORBI KALARI",प्रतिभागी,शिक्षक
BS5066,Gyanendra Pratap Singh,Singrauli,CHITARANGI,"23500128510, Govt. HSS   GORBI KALARI",प्रतिभागी,शिक्षक
BC3543,Lalan Prasad Panika,Singrauli,CHITARANGI,"23500124904, Govt. HSS   KHARKATA",प्रतिभागी,शिक्षक
BC3554,Shivraj Singh,Singrauli,CHITARANGI,"23500124904, Govt. HSS   KHARKATA",प्रतिभागी,शिक्षक
BC3561,Shatrughn Prasad Bais,Singrauli,CHITARANGI,"23500124904, Govt. HSS   KHARKATA",प्रतिभागी,शिक्षक
BC3568,Rekha Devi Jaiswal,Singrauli,CHITARANGI,"23500124904, Govt. HSS   KHARKATA",प्रतिभागी,शिक्षक
BC3612,Ramnarayan Singh,Singrauli,CHITARANGI,"23500124904, Govt. HSS   KHARKATA",प्रतिभागी,शिक्षक
BC6911,Ramkripal Napit,Singrauli,CHITARANGI,"23500124904, Govt. HSS   KHARKATA",प्रतिभागी,शिक्षक
BT3193,Santosh Kumar,Singrauli,CHITARANGI,"23500124904, Govt. HSS   KHARKATA",प्रतिभागी,शिक्षक
BC6018,Devdharee Singh,Singrauli,CHITARANGI,"23500107304, Govt. HSS  JHAGRAUHA",प्रतिभागी,शिक्षक
BC6878,Bhagwati Singh Gond,Singrauli,CHITARANGI,"23500107304, Govt. HSS  JHAGRAUHA",प्रतिभागी,शिक्षक
BC6912,Shivlochan Singh,Singrauli,CHITARANGI,"23500107304, Govt. HSS  JHAGRAUHA",प्रतिभागी,शिक्षक
BC6920,Sitaram Singh,Singrauli,CHITARANGI,"23500107304, Govt. HSS  JHAGRAUHA",प्रतिभागी,शिक्षक
BC8987,Rohini Prasad Panadiya,Singrauli,CHITARANGI,"23500107304, Govt. HSS  JHAGRAUHA",प्रतिभागी,शिक्षक
BT3189,Dharmdas Singh,Singrauli,CHITARANGI,"23500107304, Govt. HSS  JHAGRAUHA",प्रतिभागी,शिक्षक
CC9678,BHABHISH PAL,Singrauli,CHITARANGI,"23500107304, Govt. HSS  JHAGRAUHA",प्रतिभागी,शिक्षक
BB8385,Savitri Agnihotri,Singrauli,DEOSAR,"23500206812, Govt. HSS Excellence School Deosar",प्रतिभागी,शिक्षक
BT4338,Laxmendra Nath Chaturvedi,Singrauli,DEOSAR,"23500206812, Govt. HSS Excellence School Deosar",प्रतिभागी,शिक्षक
BU3961,Atmaram Dwivedi,Singrauli,DEOSAR,"23500206812, Govt. HSS Excellence School Deosar",प्रतिभागी,शिक्षक
BC9021,Satyawati Pathak,Singrauli,DEOSAR,"23500206811, Govt. HSS GIRLS DEOSAR",प्रतिभागी,शिक्षक
BW8253,Sunil Kumar Dwivedi,Singrauli,DEOSAR,"23500206811, Govt. HSS GIRLS DEOSAR",प्रतिभागी,शिक्षक
BY7755,Abhishek Verma,Singrauli,DEOSAR,"23500206811, Govt. HSS GIRLS DEOSAR",प्रतिभागी,शिक्षक
BS4770,Hareram Tiwari,Singrauli,DEOSAR,"23500201709, Govt. HS KHANDHAULI",प्रतिभागी,शिक्षक
BB8389,Bakshis Mohammad,Singrauli,DEOSAR,"23500209306, Govt. HSS KHADAURA",प्रतिभागी,शिक्षक
BC6217,Manoj Kumar Dwivedi,Singrauli,DEOSAR,"23500209306, Govt. HSS KHADAURA",प्रतिभागी,शिक्षक
BC4560,Dadan Singh Natiya,Singrauli,DEOSAR,"23500201809, Govt. HSS SARAUNDHA",प्रतिभागी,शिक्षक
BC5968,Rajaram Singh,Singrauli,DEOSAR,"23500201809, Govt. HSS SARAUNDHA",प्रतिभागी,शिक्षक
BC6307,Gorelal Singh,Singrauli,DEOSAR,"23500201809, Govt. HSS SARAUNDHA",प्रतिभागी,शिक्षक
BC6339,Rajkumar Yadav,Singrauli,DEOSAR,"23500201809, Govt. HSS SARAUNDHA",प्रतिभागी,शिक्षक
BC6104,Savita Prajapati,Singrauli,DEOSAR,"23500212208, Govt. HS KURSA",प्रतिभागी,शिक्षक
BC6552,Bharat Kumar Mishra,Singrauli,DEOSAR,"23500212208, Govt. HS KURSA",प्रतिभागी,शिक्षक
AF7076,Mahesh Ikka,Singrauli,DEOSAR,"23500216312, Govt. HSS   BARGAWAN",प्रतिभागी,शिक्षक
BC5955,Dharmendra Singh,Singrauli,DEOSAR,"23500216312, Govt. HSS   BARGAWAN",प्रतिभागी,शिक्षक
BC6064,ALPANA Sharma,Singrauli,DEOSAR,"23500216312, Govt. HSS   BARGAWAN",प्रतिभागी,शिक्षक
BC6094,SAROJ SAKET,Singrauli,DEOSAR,"23500216312, Govt. HSS   BARGAWAN",प्रतिभागी,शिक्षक
BC6145,Satendra Kumar Pathak,Singrauli,DEOSAR,"23500216312, Govt. HSS   BARGAWAN",प्रतिभागी,शिक्षक
BS8803,Murti Singh,Singrauli,DEOSAR,"23500216312, Govt. HSS   BARGAWAN",प्रतिभागी,शिक्षक
BT5846,Puspa Patel,Singrauli,DEOSAR,"23500216312, Govt. HSS   BARGAWAN",प्रतिभागी,शिक्षक
CD3352,KUSUM BAIS,Singrauli,DEOSAR,"23500216312, Govt. HSS   BARGAWAN",प्रतिभागी,शिक्षक
BC6148,Anmol Singh,Singrauli,DEOSAR,"23500219106, Govt. HS UJJAINI",प्रतिभागी,शिक्षक
BS5383,Ganga Sagar Bais,Singrauli,DEOSAR,"23500219106, Govt. HS UJJAINI",प्रतिभागी,शिक्षक
BT6063,Surendra Prasad Patel,Singrauli,DEOSAR,"23500219106, Govt. HS UJJAINI",प्रतिभागी,शिक्षक
CD5822,RAM CHARAN PANIKA,Singrauli,DEOSAR,"23500219106, Govt. HS UJJAINI",प्रतिभागी,शिक्षक
CE4977,ASHU KUMARI PATEL,Singrauli,DEOSAR,"23500219106, Govt. HS UJJAINI",प्रतिभागी,शिक्षक
BC3607,Ramlagan Vaishya,Singrauli,DEOSAR,"23500200707, Govt. HSS JUDWAR",प्रतिभागी,शिक्षक
BC6050,Thakur Dayal Vaishya,Singrauli,DEOSAR,"23500200707, Govt. HSS JUDWAR",प्रतिभागी,शिक्षक
BC6072,Ramkaran Singh,Singrauli,DEOSAR,"23500200707, Govt. HSS JUDWAR",प्रतिभागी,शिक्षक
BC6175,Lakshman Prasad Vaishya,Singrauli,DEOSAR,"23500200707, Govt. HSS JUDWAR",प्रतिभागी,शिक्षक
BC8435,Prithvi Singh,Singrauli,DEOSAR,"23500205310, Govt. HSS   GANNAI",प्रतिभागी,शिक्षक
BT3948,Pawan Kumar Panika,Singrauli,DEOSAR,"23500205310, Govt. HSS   GANNAI",प्रतिभागी,शिक्षक
CD5745,MAHENDRA THAKUR,Singrauli,DEOSAR,"23500205310, Govt. HSS   GANNAI",प्रतिभागी,शिक्षक
BC2445,Rajbahadur Singh,Singrauli,DEOSAR,"23500204609, Govt. HSS MAHUA GAON",प्रतिभागी,शिक्षक
BC8126,Asheesh Kumar Panika,Singrauli,DEOSAR,"23500207807, Govt. HS BANJARI",प्रतिभागी,शिक्षक
BC8147,Lallu Panika,Singrauli,DEOSAR,"23500207807, Govt. HS BANJARI",प्रतिभागी,शिक्षक
BC8174,Sunita Devi Basor,Singrauli,DEOSAR,"23500207807, Govt. HS BANJARI",प्रतिभागी,शिक्षक
CD3737,RAM SINGH,Singrauli,DEOSAR,"23500207807, Govt. HS BANJARI",प्रतिभागी,शिक्षक
CD3745,RAJ SINGH,Singrauli,DEOSAR,"23500207807, Govt. HS BANJARI",प्रतिभागी,शिक्षक
CD4223,RADHESHYAM THAKUR,Singrauli,DEOSAR,"23500207807, Govt. HS BANJARI",प्रतिभागी,शिक्षक
BC1744,Brajesh Kumar Mishra,Singrauli,DEOSAR,"23500200209, Govt. HSS   JHARA",प्रतिभागी,शिक्षक
BC6814,Rajkumar Patel,Singrauli,DEOSAR,"23500200209, Govt. HSS   JHARA",प्रतिभागी,शिक्षक
BT4231,Laxman Das Sahoo,Singrauli,DEOSAR,"23500200209, Govt. HSS   JHARA",प्रतिभागी,शिक्षक
CD4345,GORELAL BHUMIYA,Singrauli,DEOSAR,"23500200209, Govt. HSS   JHARA",प्रतिभागी,शिक्षक
BS5702,Kamal Singh,Singrauli,WAIDHAN,"23500818504, Govt. HSS MAJHAULI PATH",प्रतिभागी,शिक्षक
BB9295,Dadau Prasad Nai,Singrauli,WAIDHAN,"23500811212, Govt. HSS   RAJMILAN",प्रतिभागी,शिक्षक
BC3792,Prabhakarapratap Singh,Singrauli,WAIDHAN,"23500811212, Govt. HSS   RAJMILAN",प्रतिभागी,शिक्षक
BC8787,Laxmi Kumar Shah,Singrauli,WAIDHAN,"23500811212, Govt. HSS   RAJMILAN",प्रतिभागी,शिक्षक
BC3597,Rajendra Prasad Sahu,Singrauli,WAIDHAN,"23500824510, Govt. HSS   PANJREH",प्रतिभागी,शिक्षक
BC3693,Shashikala Dehariya,Singrauli,WAIDHAN,"23500824510, Govt. HSS   PANJREH",प्रतिभागी,शिक्षक
BC3728,Ramanand Shukla,Singrauli,WAIDHAN,"23500824510, Govt. HSS   PANJREH",प्रतिभागी,शिक्षक
BC3748,Amrit Lal Yadav,Singrauli,WAIDHAN,"23500824510, Govt. HSS   PANJREH",प्रतिभागी,शिक्षक
BC3766,Lakhpati Vaishya,Singrauli,WAIDHAN,"23500824510, Govt. HSS   PANJREH",प्रतिभागी,शिक्षक
BC3778,Tej Bali Singh,Singrauli,WAIDHAN,"23500824510, Govt. HSS   PANJREH",प्रतिभागी,शिक्षक
BC4750,Manju Devi,Singrauli,WAIDHAN,"23500824510, Govt. HSS   PANJREH",प्रतिभागी,शिक्षक
BS5072,Momin Khatoon,Singrauli,WAIDHAN,"23500824510, Govt. HSS   PANJREH",प्रतिभागी,शिक्षक
BU7712,Dinesh Kumar Pathak,Singrauli,WAIDHAN,"23500824510, Govt. HSS   PANJREH",प्रतिभागी,शिक्षक
BB9177,Veena Gupta,Singrauli,WAIDHAN,"23500822118, Govt. HSS   GIRLS  WAIDHAN",प्रतिभागी,शिक्षक
BS4859,Kumud Kumar Dwivedi,Singrauli,WAIDHAN,"23500822118, Govt. HSS   GIRLS  WAIDHAN",प्रतिभागी,शिक्षक
BA8281,Ravishankar Sai,Singrauli,WAIDHAN,"23500801221, Govt. HSS   KHUTAR",प्रतिभागी,शिक्षक
BB9286,Krishna Dev Pandey,Singrauli,WAIDHAN,"23500801221, Govt. HSS   KHUTAR",प्रतिभागी,शिक्षक
BX6788,Brijesh Singh,Singrauli,WAIDHAN,"23500801221, Govt. HSS   KHUTAR",प्रतिभागी,शिक्षक
BC4562,Ramadhar Biyar,Singrauli,WAIDHAN,"23500822117, Govt. HSS EXCELLENCE WAIDHAN",प्रतिभागी,शिक्षक
BC5937,Nitu Patel,Singrauli,WAIDHAN,"23500822117, Govt. HSS EXCELLENCE WAIDHAN",प्रतिभागी,शिक्षक
BY9658,Shrawan Kumar Basor,Singrauli,WAIDHAN,"23500822117, Govt. HSS EXCELLENCE WAIDHAN",प्रतिभागी,शिक्षक
BC4586,Sumaru Singh,Singrauli,WAIDHAN,"23500803305, Govt. HSS   CHARGODA",प्रतिभागी,शिक्षक
BC8665,Bhavana Singh,Singrauli,WAIDHAN,"23500812908, Govt. HSS   MADA",प्रतिभागी,शिक्षक
AC3844,Manoj Ram Urav,Singrauli,WAIDHAN,"23500815008, Govt. HSS   KARSUA RAJA",प्रतिभागी,शिक्षक
BC2594,Premminj Binj,Singrauli,WAIDHAN,"23500815008, Govt. HSS   KARSUA RAJA",प्रतिभागी,शिक्षक
BW1476,Pawan Basine,Singrauli,WAIDHAN,"23500815008, Govt. HSS   KARSUA RAJA",प्रतिभागी,शिक्षक
BC3626,Vishwanath Prasad Verma,Singrauli,WAIDHAN,"23500822404, Govt. HSS   JAYANT",प्रतिभागी,शिक्षक
BC4766,Shiv Balak Verma,Singrauli,WAIDHAN,"23500822404, Govt. HSS   JAYANT",प्रतिभागी,शिक्षक
BS7889,Ramesh Kumar,Singrauli,WAIDHAN,"23500822404, Govt. HSS   JAYANT",प्रतिभागी,शिक्षक
BV7534,Rajendra Kumar Singh,Singrauli,WAIDHAN,"23500822404, Govt. HSS   JAYANT",प्रतिभागी,शिक्षक
BS5409,Santosh Kumar Patel,Singrauli,WAIDHAN,"23500820704, Govt. HSS   GADAHRA",प्रतिभागी,शिक्षक
BD1259,Mithlesh Kumar Ahirwar,Tikamgarh,BALDEWGARH,"23080101604, GHSS AHAR",प्रतिभागी,शिक्षक
BS9741,Nand Kishor Ahirwar,Tikamgarh,BALDEWGARH,"23080115215, GGHSS KHARGAPUR",प्रतिभागी,शिक्षक
BC9618,Munni Lal Kumhar,Tikamgarh,BALDEWGARH,"23080116820, GGHSS BALDEWGARH",प्रतिभागी,शिक्षक
BD2907,BAHORA AHIRWAR,Tikamgarh,BALDEWGARH,"23080116820, GGHSS BALDEWGARH",प्रतिभागी,शिक्षक
BD7217,Omprakash Vishwkarma,Tikamgarh,BALDEWGARH,"23080116820, GGHSS BALDEWGARH",प्रतिभागी,शिक्षक
BN9518,Komal Chandra Ahirwar,Tikamgarh,BALDEWGARH,"23080116820, GGHSS BALDEWGARH",प्रतिभागी,शिक्षक
BS3599,Shree Bai Ahirwar,Tikamgarh,BALDEWGARH,"23080116820, GGHSS BALDEWGARH",प्रतिभागी,शिक्षक
BX6510,Birendra Kumar Prajapati,Tikamgarh,BALDEWGARH,"23080116820, GGHSS BALDEWGARH",प्रतिभागी,शिक्षक
CD4492,NARENDRA CHAURASIYA,Tikamgarh,BALDEWGARH,"23080116820, GGHSS BALDEWGARH",प्रतिभागी,शिक्षक
BC9722,Ramsakhi Yadav,Tikamgarh,BALDEWGARH,"23080108210, GHSS  DERI",प्रतिभागी,शिक्षक
BS9226,Dalchandra Bunkar,Tikamgarh,BALDEWGARH,"23080108210, GHSS  DERI",प्रतिभागी,शिक्षक
CF3057,DILEEP KUMAR,Tikamgarh,BALDEWGARH,"23080108210, GHSS  DERI",प्रतिभागी,शिक्षक
BC9503,Ramswaroop Gupta,Tikamgarh,BALDEWGARH,"23080104414, GHS BHELSI",प्रतिभागी,शिक्षक
BC9546,Durga Prasad Ahirwar,Tikamgarh,BALDEWGARH,"23080104414, GHS BHELSI",प्रतिभागी,शिक्षक
BD1117,Pramod Kumar Nayak,Tikamgarh,BALDEWGARH,"23080104414, GHS BHELSI",प्रतिभागी,शिक्षक
BD2920,Asha Dwivedi,Tikamgarh,BALDEWGARH,"23080104414, GHS BHELSI",प्रतिभागी,शिक्षक
BD4186,Rakesh Kumar Ray,Tikamgarh,BALDEWGARH,"23080104414, GHS BHELSI",प्रतिभागी,शिक्षक
BC9993,Chaturbhuj Ahirwar,Tikamgarh,BALDEWGARH,"23080114106, GHSS  HATA",प्रतिभागी,सीएसी
BD1698,Surendra Singh Ghosh,Tikamgarh,JATARA,"23080218810, GHSS EXC JATARA",प्रतिभागी,शिक्षक
BT7853,Indrajeet Singh Sikarwar,Tikamgarh,JATARA,"23080218810, GHSS EXC JATARA",प्रतिभागी,शिक्षक
BZ6307,Rajni Ahirwar,Tikamgarh,JATARA,"23080218810, GHSS EXC JATARA",प्रतिभागी,शिक्षक
BC9998,Anil Kumar Mishra,Tikamgarh,JATARA,"23080218811, GGHSS  JATARA",प्रतिभागी,शिक्षक
BD7073,Rajendra Kumar Gangele,Tikamgarh,JATARA,"23080218811, GGHSS  JATARA",प्रतिभागी,शिक्षक
CC7334,SAHAYATA SAMADHIYA,Tikamgarh,JATARA,"23080218811, GGHSS  JATARA",प्रतिभागी,शिक्षक
CD7121,VINOD KUMAR,Tikamgarh,JATARA,"23080218811, GGHSS  JATARA",प्रतिभागी,शिक्षक
CD7122,Krashna Kant Goyal,Tikamgarh,JATARA,"23080218811, GGHSS  JATARA",प्रतिभागी,शिक्षक
BD1599,Shiv Prasad Ahirwar,Tikamgarh,JATARA,"23080200906, GHSS BANDHA",प्रतिभागी,शिक्षक
BD3118,Dinesh Kumar Chaturvedi,Tikamgarh,JATARA,"23080200906, GHSS BANDHA",प्रतिभागी,शिक्षक
BD3352,Dayaram Ahirwar,Tikamgarh,JATARA,"23080200906, GHSS BANDHA",प्रतिभागी,शिक्षक
BD3396,Sukhram Ahirwar,Tikamgarh,JATARA,"23080200906, GHSS BANDHA",प्रतिभागी,शिक्षक
CD6874,RADHA GUPTA,Tikamgarh,JATARA,"23080200906, GHSS BANDHA",प्रतिभागी,शिक्षक
BD2144,Tara Devi Sadhak,Tikamgarh,JATARA,"23080215308, GHS BAIRWAR",प्रतिभागी,शिक्षक
BD2178,Rajesh Kumar Sutrakar,Tikamgarh,JATARA,"23080215308, GHS BAIRWAR",प्रतिभागी,शिक्षक
BD2181,Sultan Singh Ghosh,Tikamgarh,JATARA,"23080215308, GHS BAIRWAR",प्रतिभागी,शिक्षक
BD1837,Kailash Ahirwar,Tikamgarh,JATARA,"23080202612, GHSS  MOHANGARH",प्रतिभागी,शिक्षक
BD3373,Tekchand Jhapate,Tikamgarh,JATARA,"23080202612, GHSS  MOHANGARH",प्रतिभागी,शिक्षक
BD1764,Betidevi Ahirwar,Tikamgarh,JATARA,"23080217206, GGHSS  LIDHOURA",प्रतिभागी,शिक्षक
BD3167,RAJEEV KUMAR DAROGA RAJEEV KUMAR DAROGA,Tikamgarh,JATARA,"23080217206, GGHSS  LIDHOURA",प्रतिभागी,शिक्षक
BY6033,Jitendra Singh Kshatri,Tikamgarh,JATARA,"23080217206, GGHSS  LIDHOURA",प्रतिभागी,शिक्षक
CD5136,GANESH NA,Tikamgarh,JATARA,"23080212317, GHSS  CHANDERA",प्रतिभागी,शिक्षक
CE3910,DHEERAJ SHARMA,Tikamgarh,JATARA,"23080212317, GHSS  CHANDERA",प्रतिभागी,शिक्षक
BD5655,Vinay Kumar Pandey,Tikamgarh,JATARA,"23080202109, GHSS ACHARRA",प्रतिभागी,सीएसी
CC6694,MEENU KHATIK,Tikamgarh,JATARA,"23080202109, GHSS ACHARRA",प्रतिभागी,शिक्षक
CD6869,MUKAND SINGH,Tikamgarh,JATARA,"23080202109, GHSS ACHARRA",प्रतिभागी,शिक्षक
AY3330,Maniram Ahirwar,Tikamgarh,JATARA,"23080205807, GGMS GOR",प्रतिभागी,शिक्षक
BD1804,Laxmi Kant Chaturvedi,Tikamgarh,JATARA,"23080205807, GGMS GOR",प्रतिभागी,शिक्षक
BD5916,Rakesh Narayan Ray,Tikamgarh,JATARA,"23080205807, GGMS GOR",प्रतिभागी,शिक्षक
BD6329,Devendra Kumar Pateriya,Tikamgarh,JATARA,"23080205807, GGMS GOR",प्रतिभागी,शिक्षक
BV9959,Mukesh Sen,Tikamgarh,JATARA,"23080205807, GGMS GOR",प्रतिभागी,शिक्षक
CD4749,NARENDRA YADAV,Tikamgarh,JATARA,"23080205807, GGMS GOR",प्रतिभागी,शिक्षक
BD4882,Badri Prasad Mishra,Tikamgarh,PALERA,"23080407804, GHS TOURIYA",प्रतिभागी,शिक्षक
BD4925,Jagan Lal Ahirwar,Tikamgarh,PALERA,"23080407804, GHS TOURIYA",प्रतिभागी,शिक्षक
BD4781,Kiran Prabha Soni,Tikamgarh,PALERA,"23080413628, GGHSS PALERA",प्रतिभागी,शिक्षक
BD4900,Raphik Mohammad,Tikamgarh,PALERA,"23080413628, GGHSS PALERA",प्रतिभागी,शिक्षक
CE7108,ESHITA MISHRA,Tikamgarh,PALERA,"23080413628, GGHSS PALERA",प्रतिभागी,शिक्षक
BD4802,Mohammad Rashid Hashmi,Tikamgarh,PALERA,"23080413629, GHSS MODEL PALERA",प्रतिभागी,शिक्षक
BD4670,Kailash Banshkar,Tikamgarh,PALERA,"23080409104, GHS PALI",प्रतिभागी,शिक्षक
BD4692,Jagdev Chadhar,Tikamgarh,PALERA,"23080409104, GHS PALI",प्रतिभागी,शिक्षक
BD4728,Jwala Prasad Ahirwar,Tikamgarh,PALERA,"23080409104, GHS PALI",प्रतिभागी,शिक्षक
BX8197,Bhagwan Das Kumhar,Tikamgarh,PALERA,"23080409104, GHS PALI",प्रतिभागी,शिक्षक
CD4763,SUNIL AHIRWAR,Tikamgarh,PALERA,"23080409104, GHS PALI",प्रतिभागी,शिक्षक
BZ6445,Pushpendra Kumar Ahirwar,Tikamgarh,PALERA,"23080407408, GHS KHAJRI",प्रतिभागी,शिक्षक
CD5216,ANIL RAJORIA,Tikamgarh,PALERA,"23080407408, GHS KHAJRI",प्रतिभागी,शिक्षक
BD7223,Vijay Kumar Bhardwaj,Tikamgarh,PALERA,"23080405510, GHSS BAMHORI KALAN",प्रतिभागी,शिक्षक
BU2403,Anita Sutrakar,Tikamgarh,PALERA,"23080405510, GHSS BAMHORI KALAN",प्रतिभागी,शिक्षक
BD1475,Madhau Prasad Pateriya,Tikamgarh,PALERA,"23080400808, GHSS KHARON",प्रतिभागी,शिक्षक
BD2962,Karan Singh Yadav,Tikamgarh,PALERA,"23080400808, GHSS KHARON",प्रतिभागी,शिक्षक
BD3082,Madhyka Chaturvedi,Tikamgarh,PALERA,"23080400808, GHSS KHARON",प्रतिभागी,शिक्षक
CD5139,HALKOO KUSHWAHA,Tikamgarh,PALERA,"23080402406, GHS NUNA",प्रतिभागी,शिक्षक
BD6888,Santosh Kumar Pateriya,Tikamgarh,TIKAMGARH,"23080608108, GHSS ASTON",प्रतिभागी,शिक्षक
BD6385,Rajendra Prasad Namdeo,Tikamgarh,TIKAMGARH,"23080621611, GHSS  KUNDESHWAR",प्रतिभागी,शिक्षक
BD5984,Surendra Kumar Swarnkar,Tikamgarh,TIKAMGARH,"23080617277, GHSS  NO. 2, TIKAMGARH",प्रतिभागी,शिक्षक
BD6434,PUSHPENDRA TIWARI,Tikamgarh,TIKAMGARH,"23080617277, GHSS  NO. 2, TIKAMGARH",प्रतिभागी,शिक्षक
BS8215,Praveen Khare,Tikamgarh,TIKAMGARH,"23080617277, GHSS  NO. 2, TIKAMGARH",प्रतिभागी,शिक्षक
BZ2363,Ravi Kumar Yadav,Tikamgarh,TIKAMGARH,"23080617277, GHSS  NO. 2, TIKAMGARH",प्रतिभागी,शिक्षक
AG2109,Seema Sen,Tikamgarh,TIKAMGARH,"23080617276, GGHSS  TIKAMGARH",प्रतिभागी,शिक्षक
BD6645,Pushpa Chadar,Tikamgarh,TIKAMGARH,"23080617274, GHS TIKAMGARH SB",प्रतिभागी,शिक्षक
CD1530,SHWETA PASTOR,Tikamgarh,TIKAMGARH,"23080617274, GHS TIKAMGARH SB",प्रतिभागी,शिक्षक
BD5977,Munna Lal Ahirwar,Tikamgarh,TIKAMGARH,"23080600307, GHS HERA NAGAR",प्रतिभागी,शिक्षक
BD6430,Surendra Kumar Richhariya,Tikamgarh,TIKAMGARH,"23080605204, GHS RANIPURA",प्रतिभागी,शिक्षक
BO6357,Hirdesh Shakyawar,Tikamgarh,TIKAMGARH,"23080605204, GHS RANIPURA",प्रतिभागी,शिक्षक
BP6369,Jyoti Mishra,Tikamgarh,TIKAMGARH,"23080605204, GHS RANIPURA",प्रतिभागी,शिक्षक
BD3264,Faimida Bano,Tikamgarh,TIKAMGARH,"23080603914, GHSS  MABAI",प्रतिभागी,शिक्षक
BY2761,Anrudhdha Tiwari,Tikamgarh,TIKAMGARH,"23080603914, GHSS  MABAI",प्रतिभागी,शिक्षक
BY8540,Mohammad Irfan,Tikamgarh,TIKAMGARH,"23080603914, GHSS  MABAI",प्रतिभागी,शिक्षक
BZ4085,Vaibhav Khare,Tikamgarh,TIKAMGARH,"23080603914, GHSS  MABAI",प्रतिभागी,शिक्षक
AY4372,Gayatri Mishra,Tikamgarh,TIKAMGARH,"23080608610, GHSS  PATHA",प्रतिभागी,शिक्षक
BD2735,Arun Tripathi,Tikamgarh,TIKAMGARH,"23080608610, GHSS  PATHA",प्रतिभागी,शिक्षक
BD5902,Vijay Rawat,Tikamgarh,TIKAMGARH,"23080608610, GHSS  PATHA",प्रतिभागी,शिक्षक
BD5942,Dharamdas Tiwari,Tikamgarh,TIKAMGARH,"23080608610, GHSS  PATHA",प्रतिभागी,शिक्षक
BD6454,Preeti Sharma,Tikamgarh,TIKAMGARH,"23080608610, GHSS  PATHA",प्रतिभागी,शिक्षक
CE1355,BABY TABASSUM,Tikamgarh,TIKAMGARH,"23080608610, GHSS  PATHA",प्रतिभागी,शिक्षक
BD1739,Shyam Sundar Dixit,Tikamgarh,TIKAMGARH,"23080610304, GHS AJNOR",प्रतिभागी,शिक्षक
BT4926,Ramsharan Awasthi,Tikamgarh,TIKAMGARH,"23080610304, GHS AJNOR",प्रतिभागी,शिक्षक
BX8350,Deepa Srivas,Tikamgarh,TIKAMGARH,"23080610304, GHS AJNOR",प्रतिभागी,शिक्षक
BC1997,Ramnaresh Singh Chauhan,Tikamgarh,TIKAMGARH,"23080620015, GHSS  BADAGAON",प्रतिभागी,शिक्षक
BC9351,Raju Kumar Prajapati,Tikamgarh,TIKAMGARH,"23080620015, GHSS  BADAGAON",प्रतिभागी,शिक्षक
BT7820,Jitendra Tiwari,Tikamgarh,TIKAMGARH,"23080620015, GHSS  BADAGAON",प्रतिभागी,शिक्षक
BC9316,Hari Ram Kumhar,Tikamgarh,TIKAMGARH,"23080611212, GHSS  LAR BANJARIYA",प्रतिभागी,शिक्षक
BF2669,Kirti Thakur,Tikamgarh,TIKAMGARH,"23080611212, GHSS  LAR BANJARIYA",प्रतिभागी,शिक्षक
BY1393,Ramkishor Banshkar,Tikamgarh,TIKAMGARH,"23080611212, GHSS  LAR BANJARIYA",प्रतिभागी,शिक्षक
CB6886,ROOPA TIWARI,Tikamgarh,TIKAMGARH,"23080611212, GHSS  LAR BANJARIYA",प्रतिभागी,शिक्षक
BD1329,Rakesh Kumar Khare,Tikamgarh,TIKAMGARH,"23080611508, GHSS  BUDERA",प्रतिभागी,शिक्षक
BD7908,Narendra Sharma,Ujjain,BARNAGAR,"23210302509, HSS RUNIJA",प्रतिभागी,शिक्षक
BD7956,Mukesh Kumar Patidar,Ujjain,BARNAGAR,"23210302509, HSS RUNIJA",प्रतिभागी,शिक्षक
BX4595,Ghanshyam Aloliya,Ujjain,BARNAGAR,"23210302509, HSS RUNIJA",प्रतिभागी,शिक्षक
BD8558,Yashvant Singh Rathore,Ujjain,BARNAGAR,"23210309111, HSS BHAT PACHLANA",प्रतिभागी,शिक्षक
CC9869,PRABHAW MISHRA,Ujjain,BARNAGAR,"23210301216, HSS KHARSOD KALA",प्रतिभागी,शिक्षक
BD8515,Sangeeta Pal,Ujjain,BARNAGAR,"23210324701, HSS EX BADNAGAR",प्रतिभागी,शिक्षक
BD8426,Giyas Uddin,Ujjain,BARNAGAR,"23210324601, HSS GIRLS BADNAGAR",प्रतिभागी,शिक्षक
BD8522,Sangeeta Chouhan,Ujjain,BARNAGAR,"23210324601, HSS GIRLS BADNAGAR",प्रतिभागी,शिक्षक
BE2944,Mohammad Dilshad Khan,Ujjain,BARNAGAR,"23210324601, HSS GIRLS BADNAGAR",प्रतिभागी,शिक्षक
BS1389,Meena Chourasiya,Ujjain,BARNAGAR,"23210324601, HSS GIRLS BADNAGAR",प्रतिभागी,शिक्षक
BD8332,Laxmi Kanware,Ujjain,BARNAGAR,"23210306511, HSS LOHANA",प्रतिभागी,शिक्षक
BZ3058,Dilip Das Bairagi,Ujjain,BARNAGAR,"23210306511, HSS LOHANA",प्रतिभागी,शिक्षक
BZ9620,Pankaj Kumar Soni,Ujjain,BARNAGAR,"23210306511, HSS LOHANA",प्रतिभागी,सीएसी
BD8007,Manohar Singh Makwana,Ujjain,BARNAGAR,"23210305811, HSS KHARSOD KHURD",प्रतिभागी,शिक्षक
AL1444,Mahendra Singh Dawar,Ujjain,BARNAGAR,"23210315011, HSS INGORIYA",प्रतिभागी,सीएसी
BD9729,Rajmal Balodiya,Ujjain,BARNAGAR,"23210315011, HSS INGORIYA",प्रतिभागी,शिक्षक
BQ5543,Pratibha Joshi,Ujjain,BARNAGAR,"23210315011, HSS INGORIYA",प्रतिभागी,शिक्षक
BD9790,Radheshyam Rathore Jagannath,Ujjain,BARNAGAR,"23210307112, HSS BALEDI",प्रतिभागी,शिक्षक
BE1043,Omprakesh Chouhan,Ujjain,BARNAGAR,"23210307112, HSS BALEDI",प्रतिभागी,शिक्षक
BT9295,Bhupendra Kumar Sharma,Ujjain,BARNAGAR,"23210307112, HSS BALEDI",प्रतिभागी,शिक्षक
BU7139,Mansingh Singh,Ujjain,BARNAGAR,"23210307112, HSS BALEDI",प्रतिभागी,शिक्षक
BY2667,PRADEEP PATHAK,Ujjain,BARNAGAR,"23210307112, HSS BALEDI",प्रतिभागी,शिक्षक
BD7718,Pravinkumar Prahalad,Ujjain,BARNAGAR,"23210313814, HSS JAHANGEER PUR",प्रतिभागी,शिक्षक
BD7732,Sangita Pravin Patidar,Ujjain,BARNAGAR,"23210313814, HSS JAHANGEER PUR",प्रतिभागी,शिक्षक
BD9347,Virendra Chouhan,Ujjain,BARNAGAR,"23210313814, HSS JAHANGEER PUR",प्रतिभागी,शिक्षक
BD9806,Raghuvir Singh,Ujjain,BARNAGAR,"23210313814, HSS JAHANGEER PUR",प्रतिभागी,शिक्षक
BA2803,Madan Bamniya,Ujjain,GHATTIA,"23210201127, HSS EX. GHATIYA",प्रतिभागी,सीएसी
BD9504,Subhash Chandra Patidar,Ujjain,GHATTIA,"23210201127, HSS EX. GHATIYA",प्रतिभागी,शिक्षक
BD9774,Mamta Malviya,Ujjain,GHATTIA,"23210201127, HSS EX. GHATIYA",प्रतिभागी,शिक्षक
BD9870,Rituraj Singh Sisodiya,Ujjain,GHATTIA,"23210201127, HSS EX. GHATIYA",प्रतिभागी,शिक्षक
BY3802,Amrit Lal,Ujjain,GHATTIA,"23210201127, HSS EX. GHATIYA",प्रतिभागी,शिक्षक
BD9465,Paramanand Patidar,Ujjain,GHATTIA,"23210202518, HSS BICHHROD",प्रतिभागी,शिक्षक
BE1960,Satish Kumar Gangrade,Ujjain,GHATTIA,"23210208107, HS JAITHAL",प्रतिभागी,शिक्षक
BE2988,Bhawna Upadhayay,Ujjain,GHATTIA,"23210208107, HS JAITHAL",प्रतिभागी,शिक्षक
BE5669,Hukumchandra Andheriya,Ujjain,GHATTIA,"23210208107, HS JAITHAL",प्रतिभागी,शिक्षक
BJ9487,Sadashiv Rawal,Ujjain,GHATTIA,"23210208107, HS JAITHAL",प्रतिभागी,शिक्षक
BZ1495,Bhagwan Singh Rathour,Ujjain,GHATTIA,"23210208107, HS JAITHAL",प्रतिभागी,शिक्षक
BA1079,Nitin Singh Gautam,Ujjain,GHATTIA,"23210205120, HSS PAN BIHAR",प्रतिभागी,शिक्षक
BD9370,Premlata Gavad,Ujjain,GHATTIA,"23210205120, HSS PAN BIHAR",प्रतिभागी,शिक्षक
BD9570,Sunita Gujrati,Ujjain,GHATTIA,"23210205120, HSS PAN BIHAR",प्रतिभागी,शिक्षक
BE4248,Tarun Kumar Goswami,Ujjain,GHATTIA,"23210205120, HSS PAN BIHAR",प्रतिभागी,शिक्षक
BU4636,Anuradha Beliya,Ujjain,GHATTIA,"23210205120, HSS PAN BIHAR",प्रतिभागी,शिक्षक
BD8714,Ratanlal Choudhri,Ujjain,GHATTIA,"23210211106, HS RUI",प्रतिभागी,शिक्षक
BD8720,Babulal Yadav,Ujjain,GHATTIA,"23210211106, HS RUI",प्रतिभागी,शिक्षक
BE5372,Anisha Khan,Ujjain,GHATTIA,"23210211106, HS RUI",प्रतिभागी,शिक्षक
BZ4001,Giriraj Chandel,Ujjain,GHATTIA,"23210211106, HS RUI",प्रतिभागी,शिक्षक
BD9353,Hira Lal Parmar,Ujjain,GHATTIA,"23210212508, HS AMBODIYA",प्रतिभागी,शिक्षक
BD9585,Rajesh Singh Solanki,Ujjain,GHATTIA,"23210212508, HS AMBODIYA",प्रतिभागी,शिक्षक
BE2603,Rewa Shankar Joshi,Ujjain,GHATTIA,"23210212508, HS AMBODIYA",प्रतिभागी,शिक्षक
BE4146,Neena Pathak,Ujjain,GHATTIA,"23210212508, HS AMBODIYA",प्रतिभागी,शिक्षक
BU7338,Rekha Rawal,Ujjain,GHATTIA,"23210212508, HS AMBODIYA",प्रतिभागी,शिक्षक
BV6061,Meenu Lata Soni,Ujjain,GHATTIA,"23210212508, HS AMBODIYA",प्रतिभागी,शिक्षक
CB7192,CHITRA NATU,Ujjain,GHATTIA,"23210212508, HS AMBODIYA",प्रतिभागी,शिक्षक
BE1365,Santosh Sharma,Ujjain,KHACHROD,"23210424802, HSS EX KHACHROD",प्रतिभागी,शिक्षक
BE1366,Hemlata Lodwal,Ujjain,KHACHROD,"23210424802, HSS EX KHACHROD",प्रतिभागी,शिक्षक
BP7301,Nilofar Mansuri,Ujjain,KHACHROD,"23210424802, HSS EX KHACHROD",प्रतिभागी,शिक्षक
BV8696,Rais Baig Mirza,Ujjain,KHACHROD,"23210424802, HSS EX KHACHROD",प्रतिभागी,शिक्षक
BE1291,Sushila Chaturwady,Ujjain,KHACHROD,"23210424803, HSS GIRLS ADARSH KHACHROD",प्रतिभागी,शिक्षक
BE1413,Nitiraj Singh Dodiya,Ujjain,KHACHROD,"23210424803, HSS GIRLS ADARSH KHACHROD",प्रतिभागी,शिक्षक
BE1596,Dashrath Patidar,Ujjain,KHACHROD,"23210424803, HSS GIRLS ADARSH KHACHROD",प्रतिभागी,शिक्षक
BE1850,Ramesh Chandra Parmar,Ujjain,KHACHROD,"23210424803, HSS GIRLS ADARSH KHACHROD",प्रतिभागी,शिक्षक
BE5739,Ganpat Lal Sisodiya,Ujjain,KHACHROD,"23210424803, HSS GIRLS ADARSH KHACHROD",प्रतिभागी,शिक्षक
BU2069,Sangeeta Mathur,Ujjain,KHACHROD,"23210424803, HSS GIRLS ADARSH KHACHROD",प्रतिभागी,शिक्षक
BW7130,Naveen Kumawat,Ujjain,KHACHROD,"23210424803, HSS GIRLS ADARSH KHACHROD",प्रतिभागी,शिक्षक
BY8144,Sanjay Kumar Sen,Ujjain,KHACHROD,"23210424803, HSS GIRLS ADARSH KHACHROD",प्रतिभागी,शिक्षक
BE1594,Sudhir Sharma,Ujjain,KHACHROD,"23210402709, HSS MADAWADA",प्रतिभागी,शिक्षक
BE1704,Purnima Sharma,Ujjain,KHACHROD,"23210402709, HSS MADAWADA",प्रतिभागी,शिक्षक
BE1737,Ashok Kumar,Ujjain,KHACHROD,"23210402709, HSS MADAWADA",प्रतिभागी,शिक्षक
BS7577,Arvind Chawra,Ujjain,KHACHROD,"23210402709, HSS MADAWADA",प्रतिभागी,शिक्षक
BU5633,Padma Purohit,Ujjain,KHACHROD,"23210402709, HSS MADAWADA",प्रतिभागी,शिक्षक
BZ5500,Bharat Rarotiya,Ujjain,KHACHROD,"23210402709, HSS MADAWADA",प्रतिभागी,शिक्षक
BE1781,Devi Lal Malviya,Ujjain,KHACHROD,"23210407605, HSS RUN KHEDA",प्रतिभागी,शिक्षक
BE1264,Salagram Parihar,Ujjain,KHACHROD,"23210405411, HSS GHINODA",प्रतिभागी,शिक्षक
BE1417,Gokul Chand Panchal,Ujjain,KHACHROD,"23210405411, HSS GHINODA",प्रतिभागी,शिक्षक
BE3499,Suman Dubey,Ujjain,KHACHROD,"23210405411, HSS GHINODA",प्रतिभागी,शिक्षक
BE1528,Avadhbihari Mehta,Ujjain,KHACHROD,"23210409605, HSS AKYA JAGEER",प्रतिभागी,शिक्षक
BE1680,Gopalchandr Sagitra,Ujjain,KHACHROD,"23210409605, HSS AKYA JAGEER",प्रतिभागी,शिक्षक
BU6935,Rakesh Bairagi,Ujjain,KHACHROD,"23210409605, HSS AKYA JAGEER",प्रतिभागी,शिक्षक
BE3182,Kailash Chandra Akodiya,Ujjain,KHACHROD,"23210411206, HSS BERCHHA",प्रतिभागी,शिक्षक
BE3519,Bhuwan Lal Delwar,Ujjain,KHACHROD,"23210411206, HSS BERCHHA",प्रतिभागी,शिक्षक
BI6844,Bharti Sisodiya,Ujjain,KHACHROD,"23210411206, HSS BERCHHA",प्रतिभागी,शिक्षक
BR2364,Yogesh Shukla,Ujjain,KHACHROD,"23210411206, HSS BERCHHA",प्रतिभागी,शिक्षक
BX7362,Jitendra Kumar Jain,Ujjain,KHACHROD,"23210411206, HSS BERCHHA",प्रतिभागी,शिक्षक
BE3424,Manju Meena,Ujjain,KHACHROD,"23210430902, HSS BOYS NAGDA",प्रतिभागी,शिक्षक
BE3426,Shweta Sharma,Ujjain,KHACHROD,"23210430902, HSS BOYS NAGDA",प्रतिभागी,शिक्षक
BE3427,Premlata Rarotiya,Ujjain,KHACHROD,"23210430902, HSS BOYS NAGDA",प्रतिभागी,शिक्षक
BE5823,Arun Kumar Mishra,Ujjain,KHACHROD,"23210430902, HSS BOYS NAGDA",प्रतिभागी,शिक्षक
BR2360,Smt. Ritu Rai,Ujjain,KHACHROD,"23210430902, HSS BOYS NAGDA",प्रतिभागी,शिक्षक
BY1332,Priyanka Raghuvanshi,Ujjain,KHACHROD,"23210430902, HSS BOYS NAGDA",प्रतिभागी,शिक्षक
AM4863,Yogesh Soni,Ujjain,KHACHROD,"23210430903, HSS GIRLS NAGDA",प्रतिभागी,शिक्षक
BE1793,Goverdhan Lal Panchal,Ujjain,KHACHROD,"23210430903, HSS GIRLS NAGDA",प्रतिभागी,शिक्षक
BE3185,Vedeshya Chandel,Ujjain,KHACHROD,"23210430903, HSS GIRLS NAGDA",प्रतिभागी,सीएसी
BE3228,Devendra Kumar Dave,Ujjain,KHACHROD,"23210430903, HSS GIRLS NAGDA",प्रतिभागी,शिक्षक
BE3297,Mamta Maria,Ujjain,KHACHROD,"23210430903, HSS GIRLS NAGDA",प्रतिभागी,शिक्षक
BI6962,Sushila Gehlot,Ujjain,KHACHROD,"23210430903, HSS GIRLS NAGDA",प्रतिभागी,शिक्षक
BV6151,Rani Soni,Ujjain,KHACHROD,"23210430903, HSS GIRLS NAGDA",प्रतिभागी,शिक्षक
BX3300,Pooja Solanki,Ujjain,KHACHROD,"23210430903, HSS GIRLS NAGDA",प्रतिभागी,शिक्षक
BE3541,Ram Prasad Parmar,Ujjain,KHACHROD,"23210418823, HSS BOYS UNHEL",प्रतिभागी,शिक्षक
BE5722,Suresh Makwana,Ujjain,KHACHROD,"23210418823, HSS BOYS UNHEL",प्रतिभागी,शिक्षक
BE5730,Vibha Uppadhyay,Ujjain,KHACHROD,"23210418823, HSS BOYS UNHEL",प्रतिभागी,शिक्षक
BE5796,Parvati Suneri,Ujjain,KHACHROD,"23210418823, HSS BOYS UNHEL",प्रतिभागी,शिक्षक
BR1342,Shashikala Malveey,Ujjain,KHACHROD,"23210418823, HSS BOYS UNHEL",प्रतिभागी,शिक्षक
BR2714,Saurabh Vedi,Ujjain,KHACHROD,"23210418823, HSS BOYS UNHEL",प्रतिभागी,शिक्षक
BU2748,Pankaj Malviya,Ujjain,KHACHROD,"23210418823, HSS BOYS UNHEL",प्रतिभागी,शिक्षक
BR2295,Narayan Singh,Ujjain,KHACHROD,"23210418824, HSS GIRLS UNHEL",प्रतिभागी,शिक्षक
BU2181,Rajesh Kumar Sharma,Ujjain,KHACHROD,"23210418824, HSS GIRLS UNHEL",प्रतिभागी,शिक्षक
BX7850,Neeraj Kumar Varma,Ujjain,KHACHROD,"23210418824, HSS GIRLS UNHEL",प्रतिभागी,शिक्षक
BE5812,Mohanlal Chaoudhari,Ujjain,KHACHROD,"23210420508, HSS BEDAVAN",प्रतिभागी,शिक्षक
BE5848,Raghunath Vaghela,Ujjain,KHACHROD,"23210420508, HSS BEDAVAN",प्रतिभागी,शिक्षक
BD9907,Yakub Khan,Ujjain,MAHIDPUR,"23210613613, HSS JHARDA",प्रतिभागी,शिक्षक
BE1001,Bane Singh Bhatiya,Ujjain,MAHIDPUR,"23210613613, HSS JHARDA",प्रतिभागी,शिक्षक
BE1075,Bhupendra Kumar Trivedi,Ujjain,MAHIDPUR,"23210613613, HSS JHARDA",प्रतिभागी,शिक्षक
BE2704,Motilal Khagunda,Ujjain,MAHIDPUR,"23210613613, HSS JHARDA",प्रतिभागी,शिक्षक
BX5878,Sanjay Kumawat,Ujjain,MAHIDPUR,"23210613613, HSS JHARDA",प्रतिभागी,शिक्षक
CD4860,SOURABH MALI,Ujjain,MAHIDPUR,"23210613613, HSS JHARDA",प्रतिभागी,शिक्षक
BE2633,Badrilal Kaleriya,Ujjain,MAHIDPUR,"23210615707, HS RANAYRAPEER",प्रतिभागी,शिक्षक
BR7535,Ishwar Kumawat,Ujjain,MAHIDPUR,"23210615707, HS RANAYRAPEER",प्रतिभागी,शिक्षक
CB2615,RISHIRAJ SHARMA,Ujjain,MAHIDPUR,"23210616905, HSS INDOUKH",प्रतिभागी,शिक्षक
CC3350,SANDHYA SIKARWAR,Ujjain,MAHIDPUR,"23210616905, HSS INDOUKH",प्रतिभागी,शिक्षक
BE2612,Govardhan Lal Mangilal,Ujjain,MAHIDPUR,"23210606908, HSS KHEDA KHAJURIYA",प्रतिभागी,शिक्षक
CD2322,DEVENDRA KUMAR CHAUHAN,Ujjain,MAHIDPUR,"23210606908, HSS KHEDA KHAJURIYA",प्रतिभागी,शिक्षक
BD9664,Hemlata Rathore,Ujjain,MAHIDPUR,"23210610611, HSS GHONSLA",प्रतिभागी,शिक्षक
BE2972,Arvind Saklecha,Ujjain,MAHIDPUR,"23210600177, HSS GIRLS  MAHIDPUR",प्रतिभागी,शिक्षक
BJ9558,Suresh Kumar Uttradhi,Ujjain,MAHIDPUR,"23210600177, HSS GIRLS  MAHIDPUR",प्रतिभागी,शिक्षक
CC2710,DASHRATH RATHOR,Ujjain,MAHIDPUR,"23210600177, HSS GIRLS  MAHIDPUR",प्रतिभागी,शिक्षक
BE2810,Archana Awasthi,Ujjain,MAHIDPUR,"23210604104, HSS NARAYANA",प्रतिभागी,शिक्षक
BJ9511,Santosh Chouhan,Ujjain,MAHIDPUR,"23210604104, HSS NARAYANA",प्रतिभागी,शिक्षक
BI6968,Mohammad Imran,Ujjain,MAHIDPUR,"23210600176, HSS EX. YASHWANT MAHIDPUR",प्रतिभागी,शिक्षक
BZ2986,Praveen Tiwari,Ujjain,MAHIDPUR,"23210600176, HSS EX. YASHWANT MAHIDPUR",प्रतिभागी,शिक्षक
CF5917,HRIDESH KUMAR GAUR,Ujjain,MAHIDPUR,"23210600176, HSS EX. YASHWANT MAHIDPUR",प्रतिभागी,शिक्षक
BE4231,Usha Ghuraiya,Ujjain,TARANA,"23210500711, HSS DHABLA HARDU",प्रतिभागी,शिक्षक
BS3140,Hansa Jain,Ujjain,TARANA,"23210500711, HSS DHABLA HARDU",प्रतिभागी,शिक्षक
BE5341,Shiv Narayan Makwana,Ujjain,TARANA,"23210501824, HSS RAVINDRA MAKDONE",प्रतिभागी,शिक्षक
CD8949,KARTAR SINGH DHAKAR,Ujjain,TARANA,"23210501824, HSS RAVINDRA MAKDONE",प्रतिभागी,शिक्षक
CB3378,RESHMA SAIYED,Ujjain,TARANA,"23210504714, HS KADODIYA",प्रतिभागी,शिक्षक
BE4882,Bhavna Nayak,Ujjain,TARANA,"23210508112, HS RUPA KHEDI",प्रतिभागी,सीएसी
BE5373,Ishwar Singh Malviya,Ujjain,TARANA,"23210508112, HS RUPA KHEDI",प्रतिभागी,शिक्षक
BQ5223,Sarvesh Ghosle,Ujjain,TARANA,"23210508112, HS RUPA KHEDI",प्रतिभागी,शिक्षक
CB5829,PARINEETI NAYYAR,Ujjain,TARANA,"23210508112, HS RUPA KHEDI",प्रतिभागी,शिक्षक
CE4489,MONICA DEBNATH,Ujjain,TARANA,"23210508112, HS RUPA KHEDI",प्रतिभागी,शिक्षक
BE4644,Purushottam Pandya,Ujjain,TARANA,"23210509311, HSS KACHNARIYA",प्रतिभागी,शिक्षक
BE4662,Rajaram Patidar,Ujjain,TARANA,"23210509311, HSS KACHNARIYA",प्रतिभागी,शिक्षक
BE4886,Seema Trivedi,Ujjain,TARANA,"23210509311, HSS KACHNARIYA",प्रतिभागी,शिक्षक
CE5596,PRADEEP PATWA,Ujjain,TARANA,"23210509311, HSS KACHNARIYA",प्रतिभागी,शिक्षक
BD9690,Vishnu Prasad Prajapati,Ujjain,TARANA,"23210512178, HSS EXCELLENCE BOYS TARANA",प्रतिभागी,सीएसी
BD9944,Kaluram Solanki,Ujjain,TARANA,"23210512178, HSS EXCELLENCE BOYS TARANA",प्रतिभागी,शिक्षक
BE5057,Yogesh Trivedi,Ujjain,TARANA,"23210512178, HSS EXCELLENCE BOYS TARANA",प्रतिभागी,शिक्षक
BE5366,Rajmal Gunah,Ujjain,TARANA,"23210512178, HSS EXCELLENCE BOYS TARANA",प्रतिभागी,शिक्षक
BW4332,Ranjeet Singh Solanki,Ujjain,TARANA,"23210512178, HSS EXCELLENCE BOYS TARANA",प्रतिभागी,शिक्षक
BD8952,Jorawar Singh Parmar,Ujjain,TARANA,"23210512179, HSS GIRLS TARANA",प्रतिभागी,शिक्षक
BE5039,Sonu Solanki,Ujjain,TARANA,"23210512179, HSS GIRLS TARANA",प्रतिभागी,शिक्षक
BX7039,Abdul Rasheed Khan,Ujjain,TARANA,"23210512179, HSS GIRLS TARANA",प्रतिभागी,शिक्षक
CD3387,MAHENDRA PANWAR,Ujjain,TARANA,"23210512179, HSS GIRLS TARANA",प्रतिभागी,शिक्षक
BE5131,Santosh Kumar Carpenter,Ujjain,TARANA,"23210520717, HSS KANASIYA",प्रतिभागी,शिक्षक
BE5167,Mahendra Kumar Pathak,Ujjain,TARANA,"23210520717, HSS KANASIYA",प्रतिभागी,शिक्षक
BE5390,Meharban Singh Ranawat,Ujjain,TARANA,"23210520717, HSS KANASIYA",प्रतिभागी,शिक्षक
BE5414,Pavan Chavada,Ujjain,TARANA,"23210520717, HSS KANASIYA",प्रतिभागी,शिक्षक
BV6208,Akhilesh Patel,Ujjain,TARANA,"23210520717, HSS KANASIYA",प्रतिभागी,शिक्षक
CD9661,SANDEEP CHAWADA,Ujjain,TARANA,"23210520717, HSS KANASIYA",प्रतिभागी,शिक्षक
BE1130,Jeevan Singh Parmar,Ujjain,TARANA,"23210521810, HS KANARDI",प्रतिभागी,सीएसी
BE4612,Jeetmal Kandi,Ujjain,TARANA,"23210521810, HS KANARDI",प्रतिभागी,शिक्षक
BE4865,Keshar Singh Korat,Ujjain,TARANA,"23210516118, HSS KAYTHA",प्रतिभागी,शिक्षक
BE5416,Prabhulal Navrang,Ujjain,TARANA,"23210516118, HSS KAYTHA",प्रतिभागी,शिक्षक
BQ8631,Shubhrata Upadhya,Ujjain,TARANA,"23210516118, HSS KAYTHA",प्रतिभागी,शिक्षक
BU7518,Sandhya Siloriya,Ujjain,TARANA,"23210516118, HSS KAYTHA",प्रतिभागी,शिक्षक
BE5375,Surendra Singh Khichi,Ujjain,TARANA,"23210518710, HS KATHBRODA",प्रतिभागी,शिक्षक
BQ8633,Vikas Malviya,Ujjain,TARANA,"23210518710, HS KATHBRODA",प्रतिभागी,शिक्षक
BU3936,Vikram Singh Parmar,Ujjain,TARANA,"23210518710, HS KATHBRODA",प्रतिभागी,शिक्षक
BD7532,Preeti Sharma,Ujjain,UJJAIN RURAL,"23210101523, HSS NARWAR",प्रतिभागी,शिक्षक
BD7565,Manisha Kumawat,Ujjain,UJJAIN RURAL,"23210101523, HSS NARWAR",प्रतिभागी,शिक्षक
BD9247,Anju Meher,Ujjain,UJJAIN RURAL,"23210101523, HSS NARWAR",प्रतिभागी,शिक्षक
BE1388,Harish Bhitoriya,Ujjain,UJJAIN RURAL,"23210101523, HSS NARWAR",प्रतिभागी,शिक्षक
BE5897,Firdaus Khan,Ujjain,UJJAIN RURAL,"23210101523, HSS NARWAR",प्रतिभागी,शिक्षक
BJ9623,Meenakshee Nanda,Ujjain,UJJAIN RURAL,"23210101523, HSS NARWAR",प्रतिभागी,शिक्षक
BU6314,Yogita Gome,Ujjain,UJJAIN RURAL,"23210101523, HSS NARWAR",प्रतिभागी,शिक्षक
BX2701,Ritubala Nagar,Ujjain,UJJAIN RURAL,"23210101523, HSS NARWAR",प्रतिभागी,शिक्षक
BX8949,Sunita Malviya,Ujjain,UJJAIN RURAL,"23210101523, HSS NARWAR",प्रतिभागी,शिक्षक
AM4941,Mayaram Parmar,Ujjain,UJJAIN RURAL,"23210100815, HSS TAJPUR",प्रतिभागी,शिक्षक
BD9451,Bheru Lal Malviya,Ujjain,UJJAIN RURAL,"23210100815, HSS TAJPUR",प्रतिभागी,शिक्षक
BE1941,Ranjana Malviya,Ujjain,UJJAIN RURAL,"23210100815, HSS TAJPUR",प्रतिभागी,शिक्षक
BE4587,Nirmala Verma,Ujjain,UJJAIN RURAL,"23210100815, HSS TAJPUR",प्रतिभागी,शिक्षक
BE4608,Arun Rathore,Ujjain,UJJAIN RURAL,"23210100815, HSS TAJPUR",प्रतिभागी,शिक्षक
BE4885,Lalita Kundra,Ujjain,UJJAIN RURAL,"23210100815, HSS TAJPUR",प्रतिभागी,शिक्षक
BU2745,Kalpana Tripathi,Ujjain,UJJAIN RURAL,"23210100815, HSS TAJPUR",प्रतिभागी,शिक्षक
CC4939,SAYOGITA PANDEY,Ujjain,UJJAIN RURAL,"23210100815, HSS TAJPUR",प्रतिभागी,शिक्षक
CF5897,PAWAN SHARMA,Ujjain,UJJAIN RURAL,"23210100815, HSS TAJPUR",प्रतिभागी,शिक्षक
AE7341,Rakhi Suryawanshi,Ujjain,UJJAIN RURAL,"23210103208, HS DATANA",प्रतिभागी,शिक्षक
BD8038,Tanveer Gazi,Ujjain,UJJAIN RURAL,"23210103208, HS DATANA",प्रतिभागी,शिक्षक
BE1419,Rekha Nagwa,Ujjain,UJJAIN RURAL,"23210103208, HS DATANA",प्रतिभागी,शिक्षक
BE1842,Anthres Tigga,Ujjain,UJJAIN RURAL,"23210103208, HS DATANA",प्रतिभागी,शिक्षक
BH4156,Nalini Pandit,Ujjain,UJJAIN RURAL,"23210103208, HS DATANA",प्रतिभागी,शिक्षक
BR2445,Pooja Chouhan,Ujjain,UJJAIN RURAL,"23210103208, HS DATANA",प्रतिभागी,शिक्षक
BT6521,Jitendra Dholpure,Ujjain,UJJAIN RURAL,"23210103208, HS DATANA",प्रतिभागी,शिक्षक
BE5915,Shiv Shankar Shukla,Ujjain,UJJAIN RURAL,"23210112607, HSS TALOD",प्रतिभागी,शिक्षक
BU1006,Mamta Sharma,Ujjain,UJJAIN RURAL,"23210112607, HSS TALOD",प्रतिभागी,शिक्षक
BU6204,Sonu Mishra,Ujjain,UJJAIN RURAL,"23210112607, HSS TALOD",प्रतिभागी,शिक्षक
BZ8961,Parivesh Singh Chouhan,Ujjain,UJJAIN RURAL,"23210112607, HSS TALOD",प्रतिभागी,शिक्षक
BA5283,Manju Mewada,Ujjain,UJJAIN RURAL,"23210107114, HS CHINTAMAN JAVASIYA",प्रतिभागी,शिक्षक
BD9348,Vijay Singh Durgvanshi,Ujjain,UJJAIN RURAL,"23210107114, HS CHINTAMAN JAVASIYA",प्रतिभागी,शिक्षक
BD9732,Arti Soni,Ujjain,UJJAIN RURAL,"23210107114, HS CHINTAMAN JAVASIYA",प्रतिभागी,शिक्षक
BE1224,Mahendra Singh Sisodiya,Ujjain,UJJAIN RURAL,"23210107114, HS CHINTAMAN JAVASIYA",प्रतिभागी,शिक्षक
BE2818,Kamalkant Parmar,Ujjain,UJJAIN RURAL,"23210107114, HS CHINTAMAN JAVASIYA",प्रतिभागी,शिक्षक
BJ9629,Saroj Viswakarma,Ujjain,UJJAIN RURAL,"23210107114, HS CHINTAMAN JAVASIYA",प्रतिभागी,शिक्षक
BT8020,Sarita Chaube,Ujjain,UJJAIN RURAL,"23210107114, HS CHINTAMAN JAVASIYA",प्रतिभागी,शिक्षक
AD8434,Vandana Choudhary,Ujjain,UJJAIN RURAL,"23210103710, HSS PANTH PIPLAI",प्रतिभागी,शिक्षक
AM6380,Varsha Marmat,Ujjain,UJJAIN RURAL,"23210103710, HSS PANTH PIPLAI",प्रतिभागी,शिक्षक
AS7107,Deepak Koranne,Ujjain,UJJAIN RURAL,"23210103710, HSS PANTH PIPLAI",प्रतिभागी,शिक्षक
BA3155,Sadhna Dubey,Ujjain,UJJAIN RURAL,"23210103710, HSS PANTH PIPLAI",प्रतिभागी,शिक्षक
BD8438,Durgesh Bali,Ujjain,UJJAIN RURAL,"23210103710, HSS PANTH PIPLAI",प्रतिभागी,शिक्षक
BE2116,Deepa Dange,Ujjain,UJJAIN RURAL,"23210103710, HSS PANTH PIPLAI",प्रतिभागी,शिक्षक
BE5900,Ishwar Singh Solanki,Ujjain,UJJAIN RURAL,"23210103710, HSS PANTH PIPLAI",प्रतिभागी,शिक्षक
BE5943,Pramila Jain,Ujjain,UJJAIN RURAL,"23210103710, HSS PANTH PIPLAI",प्रतिभागी,शिक्षक
BI6053,Sunil Kumar Hargoud,Ujjain,UJJAIN RURAL,"23210103710, HSS PANTH PIPLAI",प्रतिभागी,शिक्षक
BI7718,Sapana Sharma,Ujjain,UJJAIN RURAL,"23210103710, HSS PANTH PIPLAI",प्रतिभागी,शिक्षक
BT9784,Rekha Malviya,Ujjain,UJJAIN RURAL,"23210103710, HSS PANTH PIPLAI",प्रतिभागी,शिक्षक
AU3638,Rachana Goyal,Ujjain,UJJAIN URBAN,"23210700814, HSS GIRLS DHANMANDI",प्रतिभागी,शिक्षक
BD9682,Pavitra Sharma,Ujjain,UJJAIN URBAN,"23210700814, HSS GIRLS DHANMANDI",प्रतिभागी,शिक्षक
BE1235,Sonu Rao,Ujjain,UJJAIN URBAN,"23210700814, HSS GIRLS DHANMANDI",प्रतिभागी,शिक्षक
BU7740,Neelu Gorasia,Ujjain,UJJAIN URBAN,"23210700814, HSS GIRLS DHANMANDI",प्रतिभागी,शिक्षक
CD2620,DEEPMALA JOSHI,Ujjain,UJJAIN URBAN,"23210700814, HSS GIRLS DHANMANDI",प्रतिभागी,शिक्षक
BD9562,Dipti Dubey,Ujjain,UJJAIN URBAN,"23210703124, HSS GIRLS SARAFA UJJAIN",प्रतिभागी,शिक्षक
BE3708,Mamta Mishra,Ujjain,UJJAIN URBAN,"23210703124, HSS GIRLS SARAFA UJJAIN",प्रतिभागी,शिक्षक
BH1796,Rajesh Sharma,Ujjain,UJJAIN URBAN,"23210703124, HSS GIRLS SARAFA UJJAIN",प्रतिभागी,शिक्षक
BD8869,Dhanram Goyal,Ujjain,UJJAIN URBAN,"23210702913, HSS BOYS MADHAV GANJ UJJAIN",प्रतिभागी,शिक्षक
BE2218,Jyotibala Bais,Ujjain,UJJAIN URBAN,"23210702913, HSS BOYS MADHAV GANJ UJJAIN",प्रतिभागी,शिक्षक
BE3878,Surekha Jain,Ujjain,UJJAIN URBAN,"23210702913, HSS BOYS MADHAV GANJ UJJAIN",प्रतिभागी,शिक्षक
BE5344,Anita Sengar,Ujjain,UJJAIN URBAN,"23210702913, HSS BOYS MADHAV GANJ UJJAIN",प्रतिभागी,शिक्षक
BE5590,Irfan Ali Qureshi,Ujjain,UJJAIN URBAN,"23210702913, HSS BOYS MADHAV GANJ UJJAIN",प्रतिभागी,शिक्षक
BQ6688,Shamim Bee,Ujjain,UJJAIN URBAN,"23210702913, HSS BOYS MADHAV GANJ UJJAIN",प्रतिभागी,शिक्षक
BE2386,Abhay Kumar Joshi,Ujjain,UJJAIN URBAN,"23210704215, GOVT.HSS GIRLS DASHERA MAIDAN UJJAIN",प्रतिभागी,शिक्षक
BR2717,Anil Kumar Pal,Ujjain,UJJAIN URBAN,"23210704215, GOVT.HSS GIRLS DASHERA MAIDAN UJJAIN",प्रतिभागी,शिक्षक
BR6177,Surekha Tawase,Ujjain,UJJAIN URBAN,"23210704215, GOVT.HSS GIRLS DASHERA MAIDAN UJJAIN",प्रतिभागी,शिक्षक
BT7988,Meenakshi Verma,Ujjain,UJJAIN URBAN,"23210704215, GOVT.HSS GIRLS DASHERA MAIDAN UJJAIN",प्रतिभागी,शिक्षक
AR2216,Shashi Bala Kujur,Umaria,KARKELI,"23150732518, GOVT. HSS GIRLS UMARIA",प्रतिभागी,शिक्षक
BE8279,Shubha Shrivastava,Umaria,KARKELI,"23150732518, GOVT. HSS GIRLS UMARIA",प्रतिभागी,शिक्षक
BE8348,Bhadan Singh Gond,Umaria,KARKELI,"23150732518, GOVT. HSS GIRLS UMARIA",प्रतिभागी,शिक्षक
AF8361,Lithirius Toppo,Umaria,KARKELI,"23150732519, GOVT. HSS KOLARY UMARIA",प्रतिभागी,शिक्षक
BE6740,Dharmendra Kumar Goutam,Umaria,KARKELI,"23150732519, GOVT. HSS KOLARY UMARIA",प्रतिभागी,शिक्षक
BE8103,ARTI PAYASI,Umaria,KARKELI,"23150732519, GOVT. HSS KOLARY UMARIA",प्रतिभागी,शिक्षक
BP1616,Archita Shrivastava,Umaria,KARKELI,"23150732519, GOVT. HSS KOLARY UMARIA",प्रतिभागी,शिक्षक
BT6267,Shailendra Kumar Rai,Umaria,KARKELI,"23150732519, GOVT. HSS KOLARY UMARIA",प्रतिभागी,शिक्षक
BU8787,Rita Baiga,Umaria,KARKELI,"23150732519, GOVT. HSS KOLARY UMARIA",प्रतिभागी,शिक्षक
CA7692,RAHUL TIWARI,Umaria,KARKELI,"23150732519, GOVT. HSS KOLARY UMARIA",प्रतिभागी,शिक्षक
BA9669,Theophil Ekka,Umaria,KARKELI,"23150722012, GOVT. HS NIGHARI",प्रतिभागी,शिक्षक
BN2761,Gend Singh,Umaria,KARKELI,"23150722012, GOVT. HS NIGHARI",प्रतिभागी,शिक्षक
BV5928,Santosh Kumar Yadav,Umaria,KARKELI,"23150722012, GOVT. HS NIGHARI",प्रतिभागी,शिक्षक
BV9473,Jayram Chaturvedi,Umaria,KARKELI,"23150728022, GOVT. HSS BILASHPUR",प्रतिभागी,शिक्षक
BW4545,Shyam Kumar Mishra,Umaria,KARKELI,"23150718507, GOVT. HSS AKHDAR",प्रतिभागी,शिक्षक
BZ4430,Shubham Sahu,Umaria,KARKELI,"23150718507, GOVT. HSS AKHDAR",प्रतिभागी,शिक्षक
BE6000,Sudarshan Kol,Umaria,KARKELI,"23150731625, GOVT. HSS KOUDIYA",प्रतिभागी,शिक्षक
BE6908,Natthoo Lal Gadari,Umaria,KARKELI,"23150731625, GOVT. HSS KOUDIYA",प्रतिभागी,शिक्षक
BE8166,Umesh Kumar Dwivedi,Umaria,KARKELI,"23150731625, GOVT. HSS KOUDIYA",प्रतिभागी,शिक्षक
AS9912,Savita Soni,Umaria,KARKELI,"23150712630, GOVT. HSS BOYS CHANDIA",प्रतिभागी,शिक्षक
BV9478,Dinesh Kumar Lanjewar,Umaria,KARKELI,"23150712630, GOVT. HSS BOYS CHANDIA",प्रतिभागी,शिक्षक
BD5247,Shailesh Toppo,Umaria,KARKELI,"23150712631, GOVT. HSS GIRLS CHANDIA",प्रतिभागी,शिक्षक
BE6418,Padmjeet Singh,Umaria,KARKELI,"23150712631, GOVT. HSS GIRLS CHANDIA",प्रतिभागी,शिक्षक
BE8052,Rukmani Singh,Umaria,KARKELI,"23150712631, GOVT. HSS GIRLS CHANDIA",प्रतिभागी,शिक्षक
BE6259,Pritam Singh Adali,Umaria,KARKELI,"23150743413, GOVT. HSS KARKELI",प्रतिभागी,शिक्षक
BE6427,Lal Ji Napit,Umaria,KARKELI,"23150743413, GOVT. HSS KARKELI",प्रतिभागी,शिक्षक
BE6678,Ramsakha Chaudhari,Umaria,KARKELI,"23150743413, GOVT. HSS KARKELI",प्रतिभागी,शिक्षक
BE8215,Rang Lal Baiga,Umaria,KARKELI,"23150743413, GOVT. HSS KARKELI",प्रतिभागी,शिक्षक
BS4148,Durjan Singh Marko,Umaria,KARKELI,"23150743413, GOVT. HSS KARKELI",प्रतिभागी,शिक्षक
BV7949,Budhram Thakre,Umaria,KARKELI,"23150743413, GOVT. HSS KARKELI",प्रतिभागी,शिक्षक
BV8856,Shubhangani Bhagadkar,Umaria,KARKELI,"23150743413, GOVT. HSS KARKELI",प्रतिभागी,शिक्षक
BZ9070,Mankeshwar Lal Prajapati,Umaria,KARKELI,"23150743413, GOVT. HSS KARKELI",प्रतिभागी,शिक्षक
BO2649,Chandra Singh Maravi,Umaria,KARKELI,"23150743212, GOVT. HSS RAHTHA",प्रतिभागी,शिक्षक
CB4444,AJMER MARAVI,Umaria,KARKELI,"23150743212, GOVT. HSS RAHTHA",प्रतिभागी,शिक्षक
BE6799,Lalita Pradhan,Umaria,KARKELI,"23150728161, GOVT. HSS BOYS NOWROZABAD",प्रतिभागी,शिक्षक
BE8276,Komal Singh Dhurwe,Umaria,KARKELI,"23150728161, GOVT. HSS BOYS NOWROZABAD",प्रतिभागी,शिक्षक
BR4191,Savita Raidas,Umaria,KARKELI,"23150728161, GOVT. HSS BOYS NOWROZABAD",प्रतिभागी,शिक्षक
BX9485,Manoj Kumar Mishra,Umaria,KARKELI,"23150728161, GOVT. HSS BOYS NOWROZABAD",प्रतिभागी,शिक्षक
BY7272,Pooja Vinodiya,Umaria,KARKELI,"23150728161, GOVT. HSS BOYS NOWROZABAD",प्रतिभागी,शिक्षक
CA3652,Jyoti Sambhar,Umaria,KARKELI,"23150728161, GOVT. HSS BOYS NOWROZABAD",प्रतिभागी,शिक्षक
BE6798,Heera Lal Sahu,Umaria,KARKELI,"23150705123, GOVT. HSS PINAURA",प्रतिभागी,शिक्षक
BE6856,Rampal Baiga,Umaria,KARKELI,"23150705123, GOVT. HSS PINAURA",प्रतिभागी,शिक्षक
BE6459,Benimadhaw Mishra,Umaria,MANPUR,"23150916806, GOVT. HS BASKUTA",प्रतिभागी,शिक्षक
CB4448,PADMINI PARASTE,Umaria,MANPUR,"23150916806, GOVT. HS BASKUTA",प्रतिभागी,शिक्षक
BE6690,Manoj Kumar Shukla,Umaria,MANPUR,"23150914403, GOVT. HSS DHAMOKHAR",प्रतिभागी,शिक्षक
BE6745,Balmik Tiwari,Umaria,MANPUR,"23150914403, GOVT. HSS DHAMOKHAR",प्रतिभागी,शिक्षक
BE7406,Ajay Kumar Shukla,Umaria,MANPUR,"23150913707, GOVT. HSS TALA",प्रतिभागी,शिक्षक
AN8669,Ramnaresh Patel,Umaria,MANPUR,"23150908912, GOVT. HSS BIJAURI",प्रतिभागी,शिक्षक
BE7619,Usha Patel,Umaria,MANPUR,"23150908912, GOVT. HSS BIJAURI",प्रतिभागी,शिक्षक
BP5430,Ram Lal Singh,Umaria,MANPUR,"23150908912, GOVT. HSS BIJAURI",प्रतिभागी,शिक्षक
CD6314,REENA BOPCHE,Umaria,MANPUR,"23150908912, GOVT. HSS BIJAURI",प्रतिभागी,शिक्षक
BE6488,Bahadur Singh,Umaria,MANPUR,"23150907006, GOVT. HS SAMARKOINI",प्रतिभागी,शिक्षक
BE7342,Ramswaroop Singh,Umaria,MANPUR,"23150907006, GOVT. HS SAMARKOINI",प्रतिभागी,शिक्षक
BT8909,Satish Kumar Patel,Umaria,MANPUR,"23150907006, GOVT. HS SAMARKOINI",प्रतिभागी,शिक्षक
BC8193,Ram Prakash Gautam,Umaria,MANPUR,"23150912448, GOVT. HSS GIRLS MANPUR",प्रतिभागी,शिक्षक
BE7015,Nand Lal Sahu,Umaria,MANPUR,"23150912448, GOVT. HSS GIRLS MANPUR",प्रतिभागी,शिक्षक
BR6466,Pushpendra Singh,Umaria,MANPUR,"23150912448, GOVT. HSS GIRLS MANPUR",प्रतिभागी,शिक्षक
BV5790,Rambal Patel,Umaria,MANPUR,"23150912448, GOVT. HSS GIRLS MANPUR",प्रतिभागी,शिक्षक
BY9754,Ramesh Kumar Prajapati,Umaria,MANPUR,"23150912448, GOVT. HSS GIRLS MANPUR",प्रतिभागी,शिक्षक
BE8037,Dharmendra Prasad Sharma,Umaria,MANPUR,"23150911211, GOVT. HSS BALHAUD",प्रतिभागी,सीएसी
BN2241,Ashok Kumar Chaturvedi,Umaria,MANPUR,"23150911211, GOVT. HSS BALHAUD",प्रतिभागी,शिक्षक
BE7046,Ramlal Singh,Umaria,MANPUR,"23150906308, GOVT. HSS CHINSURA",प्रतिभागी,शिक्षक
BU5717,Rajnish Kumar Mishra,Umaria,MANPUR,"23150906308, GOVT. HSS CHINSURA",प्रतिभागी,शिक्षक
BK3337,Sujeet Kumar Mishra,Umaria,MANPUR,"23150905710, GOVT. HSS BHAREWA",प्रतिभागी,शिक्षक
BR1120,Kamlesh Namdev,Umaria,MANPUR,"23150905710, GOVT. HSS BHAREWA",प्रतिभागी,शिक्षक
BE6978,Rakesh Mochi,Umaria,MANPUR,"23150904707, GOVT. HS JOBI",प्रतिभागी,शिक्षक
BT2115,Prabha Chaturvedi,Umaria,MANPUR,"23150904707, GOVT. HS JOBI",प्रतिभागी,शिक्षक
BZ5959,Krishnamani Chaturvedi,Umaria,MANPUR,"23150904707, GOVT. HS JOBI",प्रतिभागी,शिक्षक
CD1640,SANDEEP MESHRAM,Umaria,MANPUR,"23150904707, GOVT. HS JOBI",प्रतिभागी,शिक्षक
9669006461,Narendra Prajapati Kumar  ,Umaria,MANPUR,"23150924411, GOVT. HSS UMARIA BAKELI",प्रतिभागी,शिक्षक
BE7034,Manoj Kumar Pandey,Umaria,MANPUR,"23150902508, GOVT. HSS AMARPUR",प्रतिभागी,शिक्षक
BE7227,Rukmangal Singh Sengar,Umaria,MANPUR,"23150902508, GOVT. HSS AMARPUR",प्रतिभागी,शिक्षक
BE7389,Ram Lal Gupta,Umaria,MANPUR,"23150902508, GOVT. HSS AMARPUR",प्रतिभागी,शिक्षक
BE8057,Janki Salam,Umaria,MANPUR,"23150902508, GOVT. HSS AMARPUR",प्रतिभागी,शिक्षक
BE8077,Pooja Dwivedi,Umaria,MANPUR,"23150902508, GOVT. HSS AMARPUR",प्रतिभागी,शिक्षक
BV8145,Rajesh Prasad Sharma,Umaria,MANPUR,"23150902508, GOVT. HSS AMARPUR",प्रतिभागी,शिक्षक
BZ8092,Dileep Kumar Tripathi,Umaria,MANPUR,"23150902508, GOVT. HSS AMARPUR",प्रतिभागी,शिक्षक
CC3081,RASHMI SINGH,Umaria,PALI,"23151008404, GOVT. HSS CHAURI",प्रतिभागी,शिक्षक
CF3849,Swati Jain,Umaria,PALI,"23151008404, GOVT. HSS CHAURI",प्रतिभागी,शिक्षक
BO1316,Seema Pandey,Umaria,PALI,"23151000509, GOVT. HSS BADWAHI",प्रतिभागी,शिक्षक
BR4792,Nisha Bichpuria,Umaria,PALI,"23151000509, GOVT. HSS BADWAHI",प्रतिभागी,शिक्षक
CC5464,VIDYA PATHAK,Umaria,PALI,"23151000509, GOVT. HSS BADWAHI",प्रतिभागी,शिक्षक
BE7404,G.Shyama Rao,Umaria,PALI,"23151005305, GOVT. HSS SHAHPUR",प्रतिभागी,शिक्षक
BE7785,Krishana Gopal Tiwari,Umaria,PALI,"23151005305, GOVT. HSS SHAHPUR",प्रतिभागी,शिक्षक
BP4928,Rajesh Singh,Umaria,PALI,"23151005305, GOVT. HSS SHAHPUR",प्रतिभागी,शिक्षक
CC5543,BHAIYA PATEL,Umaria,PALI,"23151005305, GOVT. HSS SHAHPUR",प्रतिभागी,शिक्षक
CC7390,AMAR PATEL,Umaria,PALI,"23151008910, GOVT. HSS GHUNGHUTI",प्रतिभागी,शिक्षक
CE6867,NEETU TIWARI,Umaria,PALI,"23151008910, GOVT. HSS GHUNGHUTI",प्रतिभागी,शिक्षक
BE8570,Mahendra Singh Gond,Umaria,PALI,"23151006405, GOVT. HSS BANNAUDA",प्रतिभागी,शिक्षक
BO1330,Chandra Bhan Singh,Umaria,PALI,"23151006405, GOVT. HSS BANNAUDA",प्रतिभागी,शिक्षक
BU9059,Laxmi Kori,Umaria,PALI,"23151006405, GOVT. HSS BANNAUDA",प्रतिभागी,शिक्षक
CC7392,BEERENDRA PATEL,Umaria,PALI,"23151006405, GOVT. HSS BANNAUDA",प्रतिभागी,शिक्षक
BP4986,Gyan Chand Mahar,Umaria,PALI,"23151009411, GOVT. HSS SUNDARDADAR",प्रतिभागी,शिक्षक
CC1518,BHUPENDRA AHIRWAR,Umaria,PALI,"23151009411, GOVT. HSS SUNDARDADAR",प्रतिभागी,शिक्षक
CC5401,LOVELY YADAV,Umaria,PALI,"23151009411, GOVT. HSS SUNDARDADAR",प्रतिभागी,शिक्षक
CC7530,KAMLESH VISHWAKARMA,Umaria,PALI,"23151009411, GOVT. HSS SUNDARDADAR",प्रतिभागी,शिक्षक
CE2595,Sangeeta Seth,Umaria,PALI,"23151009411, GOVT. HSS SUNDARDADAR",प्रतिभागी,शिक्षक
BP4765,Ashok Kumar Shukla,Umaria,PALI,"23151004949, GOVT. HSS EXCELENCE PALI",प्रतिभागी,शिक्षक
BR4766,Rekha Upadhyay,Umaria,PALI,"23151004949, GOVT. HSS EXCELENCE PALI",प्रतिभागी,शिक्षक
BR5347,Sunil Chandra Verma,Umaria,PALI,"23151004949, GOVT. HSS EXCELENCE PALI",प्रतिभागी,शिक्षक
BS6051,Nidhi Shivhare,Umaria,PALI,"23151004949, GOVT. HSS EXCELENCE PALI",प्रतिभागी,शिक्षक
BZ5281,Shiv Kumar Dahiya,Umaria,PALI,"23151004949, GOVT. HSS EXCELENCE PALI",प्रतिभागी,शिक्षक
CC1270,Dheerendra Dubey,Umaria,PALI,"23151004949, GOVT. HSS EXCELENCE PALI",प्रतिभागी,शिक्षक
CC1290,Phool Thakur,Umaria,PALI,"23151004949, GOVT. HSS EXCELENCE PALI",प्रतिभागी,शिक्षक
CE2347,PRAVEEN CHAURASIA,Umaria,PALI,"23151004949, GOVT. HSS EXCELENCE PALI",प्रतिभागी,शिक्षक
CE4217,RAJKUMARI PATEL,Umaria,PALI,"23151004949, GOVT. HSS EXCELENCE PALI",प्रतिभागी,शिक्षक
BF6328,Dashrath Singh,Vidisha,BASODA,"23310105903, Govt. HS BHIDAWASAN",प्रतिभागी,शिक्षक
BZ3650,Rajesh Kumar Ahirwar,Vidisha,BASODA,"23310105903, Govt. HS BHIDAWASAN",प्रतिभागी,शिक्षक
BZ3651,Goutam Kumar Ahirwar,Vidisha,BASODA,"23310105903, Govt. HS BHIDAWASAN",प्रतिभागी,शिक्षक
BE9919,Mohan Singh,Vidisha,BASODA,"23310117505, Govt. HSS NOUGHAI",प्रतिभागी,शिक्षक
BF2468,Lampu Ram Ahirwar,Vidisha,BASODA,"23310117505, Govt. HSS NOUGHAI",प्रतिभागी,शिक्षक
BF2587,Heera Singh Raghuwanshi,Vidisha,BASODA,"23310117505, Govt. HSS NOUGHAI",प्रतिभागी,शिक्षक
BF2654,Sanjeev Kumar Raghuwanshi,Vidisha,BASODA,"23310117505, Govt. HSS NOUGHAI",प्रतिभागी,शिक्षक
BF2680,Deepak Namdev,Vidisha,BASODA,"23310117505, Govt. HSS NOUGHAI",प्रतिभागी,शिक्षक
BF2725,Smita Sharma,Vidisha,BASODA,"23310117505, Govt. HSS NOUGHAI",प्रतिभागी,शिक्षक
BY1103,Saurabh Mehta,Vidisha,BASODA,"23310117505, Govt. HSS NOUGHAI",प्रतिभागी,शिक्षक
BY6122,Jaswant Singh Kurmi,Vidisha,BASODA,"23310120003, Govt. HSS SUMER DANGI",प्रतिभागी,शिक्षक
CB7414,SUNEETA AHIRWAR,Vidisha,BASODA,"23310120003, Govt. HSS SUMER DANGI",प्रतिभागी,शिक्षक
BE8692,Sanjay Kumar,Vidisha,BASODA,"23310124311, Govt. HSS BOYS TYONDA",प्रतिभागी,शिक्षक
BR9211,Radha Tiwari,Vidisha,BASODA,"23310124311, Govt. HSS BOYS TYONDA",प्रतिभागी,शिक्षक
BV1194,Akhlesh Kumar Sharma,Vidisha,BASODA,"23310124311, Govt. HSS BOYS TYONDA",प्रतिभागी,शिक्षक
BW5534,Rambabu Kurmi,Vidisha,BASODA,"23310124311, Govt. HSS BOYS TYONDA",प्रतिभागी,शिक्षक
BF2634,Usha Jain,Vidisha,BASODA,"23310128394, Govt. HSS BASODA (BOYS)",प्रतिभागी,शिक्षक
BF2643,Vibhav Singh Sengar,Vidisha,BASODA,"23310128394, Govt. HSS BASODA (BOYS)",प्रतिभागी,शिक्षक
BF2657,Brajesh Kumar Namdev,Vidisha,BASODA,"23310128394, Govt. HSS BASODA (BOYS)",प्रतिभागी,शिक्षक
BF2661,Rajni Soni,Vidisha,BASODA,"23310128394, Govt. HSS BASODA (BOYS)",प्रतिभागी,शिक्षक
BF2766,Pavan Gupta,Vidisha,BASODA,"23310128394, Govt. HSS BASODA (BOYS)",प्रतिभागी,शिक्षक
BF4812,Rajpal Singh Yadav,Vidisha,BASODA,"23310128394, Govt. HSS BASODA (BOYS)",प्रतिभागी,शिक्षक
BF6109,Krishan Pal Lodhi,Vidisha,BASODA,"23310128394, Govt. HSS BASODA (BOYS)",प्रतिभागी,शिक्षक
BS9561,Dileep Kumar Nagdeve,Vidisha,BASODA,"23310128394, Govt. HSS BASODA (BOYS)",प्रतिभागी,शिक्षक
BT2381,Alok Arya,Vidisha,BASODA,"23310128394, Govt. HSS BASODA (BOYS)",प्रतिभागी,शिक्षक
BT3759,Hemant Raghuwanshi,Vidisha,BASODA,"23310128394, Govt. HSS BASODA (BOYS)",प्रतिभागी,शिक्षक
BT5413,Ritu Sen,Vidisha,BASODA,"23310128394, Govt. HSS BASODA (BOYS)",प्रतिभागी,शिक्षक
BV6898,Ankit Kumar Jain,Vidisha,BASODA,"23310128394, Govt. HSS BASODA (BOYS)",प्रतिभागी,शिक्षक
BX8106,Abhishek Rai,Vidisha,BASODA,"23310128394, Govt. HSS BASODA (BOYS)",प्रतिभागी,शिक्षक
BF1885,Sunita Parashar,Vidisha,BASODA,"23310128395, Govt. HSS BASODA ",प्रतिभागी,शिक्षक
BF2351,Bhagwati Prasad Saxena,Vidisha,BASODA,"23310128395, Govt. HSS BASODA ",प्रतिभागी,शिक्षक
BF2507,Sushama Yagnik,Vidisha,BASODA,"23310128395, Govt. HSS BASODA ",प्रतिभागी,शिक्षक
BF5492,Amar Singh Tomar,Vidisha,BASODA,"23310128395, Govt. HSS BASODA ",प्रतिभागी,शिक्षक
BQ1032,Shelendra Purohit,Vidisha,BASODA,"23310128395, Govt. HSS BASODA ",प्रतिभागी,शिक्षक
BR3811,Brajendra Kumar Saxsena,Vidisha,BASODA,"23310128395, Govt. HSS BASODA ",प्रतिभागी,शिक्षक
BR6042,Sanjay Arya,Vidisha,BASODA,"23310128395, Govt. HSS BASODA ",प्रतिभागी,शिक्षक
BY5664,Rashmi Chaurasia,Vidisha,BASODA,"23310128395, Govt. HSS BASODA ",प्रतिभागी,शिक्षक
BF4557,Bhupendra Singh Raghuwanshi,Vidisha,BASODA,"23310103310, Govt. HSS BARETH",प्रतिभागी,शिक्षक
BF2083,Rajkumar Sahu,Vidisha,BASODA,"23310105006, Govt. HSS MASUDPUR",प्रतिभागी,शिक्षक
BF2362,Sanjay Kumar Shrivastava,Vidisha,BASODA,"23310105006, Govt. HSS MASUDPUR",प्रतिभागी,शिक्षक
BF5402,Ranee Bhadauriya,Vidisha,BASODA,"23310105006, Govt. HSS MASUDPUR",प्रतिभागी,शिक्षक
BF6101,Pradeep Soni,Vidisha,BASODA,"23310105006, Govt. HSS MASUDPUR",प्रतिभागी,शिक्षक
BK2029,Vibha Jain,Vidisha,BASODA,"23310105006, Govt. HSS MASUDPUR",प्रतिभागी,शिक्षक
BQ1688,Jyoti Prabha Dohare,Vidisha,BASODA,"23310105006, Govt. HSS MASUDPUR",प्रतिभागी,शिक्षक
BX5790,Jagdish Kumar Ahirwar,Vidisha,BASODA,"23310105006, Govt. HSS MASUDPUR",प्रतिभागी,शिक्षक
BZ4533,Deep Singh Raghuwanshi,Vidisha,BASODA,"23310105006, Govt. HSS MASUDPUR",प्रतिभागी,शिक्षक
BF2344,Savita Panthi,Vidisha,BASODA,"23310128396, Govt. HSS RAJENDRA NAGAR BASODA",प्रतिभागी,शिक्षक
BF2372,Kiran Panthi,Vidisha,BASODA,"23310128396, Govt. HSS RAJENDRA NAGAR BASODA",प्रतिभागी,शिक्षक
BF2653,Navneeta Jain,Vidisha,BASODA,"23310128396, Govt. HSS RAJENDRA NAGAR BASODA",प्रतिभागी,शिक्षक
BQ9629,Farheen Khan,Vidisha,BASODA,"23310128396, Govt. HSS RAJENDRA NAGAR BASODA",प्रतिभागी,शिक्षक
BW7965,Aijaz Bano,Vidisha,BASODA,"23310128396, Govt. HSS RAJENDRA NAGAR BASODA",प्रतिभागी,शिक्षक
BX6836,Indra Rajput,Vidisha,BASODA,"23310128396, Govt. HSS RAJENDRA NAGAR BASODA",प्रतिभागी,शिक्षक
BF1921,Set Ram Bhagat,Vidisha,BASODA,"23310121609, Govt. HSS SIRNOTA",प्रतिभागी,शिक्षक
BF2158,Anupam Kumar Kulshrestha,Vidisha,BASODA,"23310121609, Govt. HSS SIRNOTA",प्रतिभागी,शिक्षक
BF2198,Hari Singh Ahirwar,Vidisha,BASODA,"23310121609, Govt. HSS SIRNOTA",प्रतिभागी,शिक्षक
BF2658,Sunil Kumar Sharma,Vidisha,BASODA,"23310121609, Govt. HSS SIRNOTA",प्रतिभागी,शिक्षक
BF3281,Andheriyas Ekka,Vidisha,BASODA,"23310121609, Govt. HSS SIRNOTA",प्रतिभागी,शिक्षक
BF4153,Rajkumar Panthi,Vidisha,BASODA,"23310121609, Govt. HSS SIRNOTA",प्रतिभागी,शिक्षक
CD7754,RAMPRASAD TRIPATHI,Vidisha,BASODA,"23310121609, Govt. HSS SIRNOTA",प्रतिभागी,शिक्षक
BF1453,Ashok Kumar Soni,Vidisha,BASODA,"23310126809, Govt. HSS UDYAPUR",प्रतिभागी,शिक्षक
BS8158,Rajaram Chaudhari,Vidisha,BASODA,"23310126809, Govt. HSS UDYAPUR",प्रतिभागी,शिक्षक
BX4547,Rakesh Panthi,Vidisha,BASODA,"23310126809, Govt. HSS UDYAPUR",प्रतिभागी,शिक्षक
BE9107,Vedprakash Sharma,Vidisha,GYARASPUR,"23310202705, Govt. HSS DHAMANOD",प्रतिभागी,शिक्षक
BE9125,Ram Singh Chidar,Vidisha,GYARASPUR,"23310202705, Govt. HSS DHAMANOD",प्रतिभागी,शिक्षक
BE9305,Shreelal Chidar,Vidisha,GYARASPUR,"23310202705, Govt. HSS DHAMANOD",प्रतिभागी,शिक्षक
DA2773,Kamlesh Lodhi,Vidisha,GYARASPUR,"23310202705, Govt. HSS DHAMANOD",प्रतिभागी,शिक्षक
BF3194,Shailendra Kumar Katare,Vidisha,GYARASPUR,"23310205014, Govt. HSS GULABGANJ",प्रतिभागी,शिक्षक
BF6565,Dinesh Kumar Choukse,Vidisha,GYARASPUR,"23310205014, Govt. HSS GULABGANJ",प्रतिभागी,शिक्षक
BF3257,Sonalee Dangi,Vidisha,GYARASPUR,"23310216503, Govt. HS VAN",प्रतिभागी,शिक्षक
BF3265,Pratibha Shukla,Vidisha,GYARASPUR,"23310216503, Govt. HS VAN",प्रतिभागी,शिक्षक
BF6587,Preetam Singh Ahirwar,Vidisha,GYARASPUR,"23310216503, Govt. HS VAN",प्रतिभागी,शिक्षक
BM8314,Rajni Rajak,Vidisha,GYARASPUR,"23310216503, Govt. HS VAN",प्रतिभागी,शिक्षक
BF3821,Ritu Shrivastava,Vidisha,GYARASPUR,"23310207416, Govt. HSS GYARASPUR",प्रतिभागी,शिक्षक
BF5198,Suneel Kumar Kushwaha,Vidisha,GYARASPUR,"23310207416, Govt. HSS GYARASPUR",प्रतिभागी,शिक्षक
BF6472,Rekha Yadav,Vidisha,GYARASPUR,"23310207416, Govt. HSS GYARASPUR",प्रतिभागी,शिक्षक
BT4492,Rajesh Kumar Prajapati,Vidisha,GYARASPUR,"23310207416, Govt. HSS GYARASPUR",प्रतिभागी,शिक्षक
CD3985,POOJA SAHU,Vidisha,GYARASPUR,"23310207416, Govt. HSS GYARASPUR",प्रतिभागी,शिक्षक
BE9050,Vimal Yadav,Vidisha,GYARASPUR,"23310208114, Govt. HSS HAIDERGARH",प्रतिभागी,शिक्षक
BF3110,Hari Narayan Choudhary,Vidisha,GYARASPUR,"23310208114, Govt. HSS HAIDERGARH",प्रतिभागी,शिक्षक
CF3212,SACHIN TIWARI,Vidisha,GYARASPUR,"23310208114, Govt. HSS HAIDERGARH",प्रतिभागी,शिक्षक
BF1501,Babita Namdev,Vidisha,GYARASPUR,"23310200708, Govt. HSS ATARI KHEJADA",प्रतिभागी,शिक्षक
BF6544,Moti Singh,Vidisha,GYARASPUR,"23310200708, Govt. HSS ATARI KHEJADA",प्रतिभागी,शिक्षक
BR7325,Brajendra Raghuwanshi,Vidisha,GYARASPUR,"23310200708, Govt. HSS ATARI KHEJADA",प्रतिभागी,शिक्षक
CA2771,Mukesh Raghuvanshi,Vidisha,GYARASPUR,"23310200708, Govt. HSS ATARI KHEJADA",प्रतिभागी,शिक्षक
BF3218,Reetendra Kumar,Vidisha,GYARASPUR,"23310214707, Govt. HS NOULAS",प्रतिभागी,शिक्षक
BF6393,Bharat Singh Maina,Vidisha,GYARASPUR,"23310214707, Govt. HS NOULAS",प्रतिभागी,शिक्षक
BF6567,Susheela Ahirwar,Vidisha,GYARASPUR,"23310214707, Govt. HS NOULAS",प्रतिभागी,शिक्षक
BF6595,Hira Lal Yadav,Vidisha,GYARASPUR,"23310214707, Govt. HS NOULAS",प्रतिभागी,शिक्षक
BE9073,Daulat Singh Gound,Vidisha,GYARASPUR,"23310203807, GOVT. HS CHATHAULI",प्रतिभागी,शिक्षक
BE9151,Hariram Ahirwar,Vidisha,GYARASPUR,"23310203807, GOVT. HS CHATHAULI",प्रतिभागी,शिक्षक
BF1497,Santosh Kumar Lodhi,Vidisha,GYARASPUR,"23310203807, GOVT. HS CHATHAULI",प्रतिभागी,शिक्षक
BF3103,Pratap Singh Karn,Vidisha,GYARASPUR,"23310203807, GOVT. HS CHATHAULI",प्रतिभागी,शिक्षक
BF3268,Khilan Singh Chidar,Vidisha,GYARASPUR,"23310203807, GOVT. HS CHATHAULI",प्रतिभागी,शिक्षक
BE8709,Preetam Singh Yadav,Vidisha,KURWAI,"23310313617, Govt. HSS PATHARI",प्रतिभागी,शिक्षक
BE8723,Radha Richhariya,Vidisha,KURWAI,"23310313617, Govt. HSS PATHARI",प्रतिभागी,शिक्षक
BR7314,Varsha Yadav,Vidisha,KURWAI,"23310313617, Govt. HSS PATHARI",प्रतिभागी,शिक्षक
BF3410,Snehlata Shrivastava,Vidisha,KURWAI,"23310320222, Govt. HSS KURWAI (GIRLS)",प्रतिभागी,शिक्षक
BZ2822,Surendra Kumar Meshram,Vidisha,KURWAI,"23310320222, Govt. HSS KURWAI (GIRLS)",प्रतिभागी,शिक्षक
BF3498,Sunil Kumar Yadav,Vidisha,KURWAI,"23310320221, Govt. HSS EXCELLENCE KURWAI",प्रतिभागी,शिक्षक
BZ2665,Swapnil Paliwal,Vidisha,KURWAI,"23310320221, Govt. HSS EXCELLENCE KURWAI",प्रतिभागी,शिक्षक
BF3755,Shiv Shanker Dangi,Vidisha,KURWAI,"23310301311, Govt. HS BARWAI",प्रतिभागी,शिक्षक
BE8700,Deendyal Sharma,Vidisha,KURWAI,"23310313618, Govt. HSS PATHARI (GIRLS)",प्रतिभागी,शिक्षक
BE8721,Vijay Kumar Chadar,Vidisha,KURWAI,"23310313618, Govt. HSS PATHARI (GIRLS)",प्रतिभागी,शिक्षक
BE8758,Anguri Rai,Vidisha,KURWAI,"23310313618, Govt. HSS PATHARI (GIRLS)",प्रतिभागी,शिक्षक
BE8785,Brajesh Singh Dangi,Vidisha,KURWAI,"23310315611, Govt. HS SIHORA",प्रतिभागी,शिक्षक
BE9941,Sunita Chidar,Vidisha,KURWAI,"23310315611, Govt. HS SIHORA",प्रतिभागी,शिक्षक
BE9944,Sri Tikaram Chidar,Vidisha,KURWAI,"23310315611, Govt. HS SIHORA",प्रतिभागी,शिक्षक
BF3483,Ramsahay Jadiya,Vidisha,KURWAI,"23310315611, Govt. HS SIHORA",प्रतिभागी,शिक्षक
BF3575,Dharmendra Raghuwanshi,Vidisha,KURWAI,"23310315611, Govt. HS SIHORA",प्रतिभागी,शिक्षक
BR7074,Suman Lata Kushwaha,Vidisha,KURWAI,"23310315611, Govt. HS SIHORA",प्रतिभागी,शिक्षक
BF3808,Man Singh Panthi,Vidisha,KURWAI,"23310310710, Govt. HS LAYARA",प्रतिभागी,शिक्षक
BS5308,Saurabh Jain,Vidisha,KURWAI,"23310312007, Govt. HSS MEHALUA CHORAHA",प्रतिभागी,शिक्षक
BF3664,Kanti Jain,Vidisha,KURWAI,"23310304209, Govt. HS BHOURASA",प्रतिभागी,शिक्षक
BF3799,Shyam Lal Sapre,Vidisha,KURWAI,"23310304209, Govt. HS BHOURASA",प्रतिभागी,शिक्षक
BY2048,Arif Ali,Vidisha,KURWAI,"23310304209, Govt. HS BHOURASA",प्रतिभागी,शिक्षक
BF1076,Prakash Shivhare,Vidisha,LATERI,"23310407110, Govt. HS JHUKAR JOGI",प्रतिभागी,शिक्षक
BS9404,Kalu Singh,Vidisha,LATERI,"23310407110, Govt. HS JHUKAR JOGI",प्रतिभागी,शिक्षक
BY5710,Sher Singh Rajput,Vidisha,LATERI,"23310407110, Govt. HS JHUKAR JOGI",प्रतिभागी,शिक्षक
BF4205,Suresh Bhargava,Vidisha,LATERI,"23310417904, Govt. HSS UNARSI KALAN",प्रतिभागी,शिक्षक
BF4343,Anil Kumar Duvey,Vidisha,LATERI,"23310417904, Govt. HSS UNARSI KALAN",प्रतिभागी,शिक्षक
BF4251,Akhlaque Ali,Vidisha,LATERI,"23310406406, Govt. HS JAWTI",प्रतिभागी,शिक्षक
BF4468,Rajni Choukse,Vidisha,LATERI,"23310406406, Govt. HS JAWTI",प्रतिभागी,शिक्षक
BW6012,Ramjee Lal Meena,Vidisha,LATERI,"23310406406, Govt. HS JAWTI",प्रतिभागी,शिक्षक
BY8457,Kailash Ahirwar,Vidisha,LATERI,"23310406406, Govt. HS JAWTI",प्रतिभागी,शिक्षक
CB8053,JYOTI MATHUR,Vidisha,LATERI,"23310406406, Govt. HS JAWTI",प्रतिभागी,शिक्षक
BF4129,Abdul Salam Khan,Vidisha,LATERI,"23310418128, Govt. HSS GIRLS LATERI",प्रतिभागी,शिक्षक
CB3947,VINITA SAHU,Vidisha,LATERI,"23310418128, Govt. HSS GIRLS LATERI",प्रतिभागी,शिक्षक
BZ4965,Arjun Singh,Vidisha,LATERI,"23310418127, Govt. HSS EXCELLENCE LATERI (BOYS)",प्रतिभागी,शिक्षक
CD7587,KAVITA ACHARYA,Vidisha,LATERI,"23310418127, Govt. HSS EXCELLENCE LATERI (BOYS)",प्रतिभागी,शिक्षक
BF4143,Anil Kumar Mishra,Vidisha,LATERI,"23310401710, Govt. HSS ANANDPUR",प्रतिभागी,शिक्षक
BF4258,Prahlad Singh,Vidisha,LATERI,"23310401710, Govt. HSS ANANDPUR",प्रतिभागी,शिक्षक
BS9143,Rajkumar Meena,Vidisha,LATERI,"23310401710, Govt. HSS ANANDPUR",प्रतिभागी,शिक्षक
BZ2868,Rinkesh Panthi,Vidisha,LATERI,"23310409008, Govt. HSS MURARIYA",प्रतिभागी,शिक्षक
CE8781,JYOTI RAJPUT,Vidisha,LATERI,"23310409008, Govt. HSS MURARIYA",प्रतिभागी,शिक्षक
BF3896,Girjesh Kumar Sharma,Vidisha,LATERI,"23310410009, Govt. HSS MURWAS",प्रतिभागी,शिक्षक
BF4546,Mamta Choudhri,Vidisha,LATERI,"23310410009, Govt. HSS MURWAS",प्रतिभागी,शिक्षक
BR8240,Rajdulari Soni,Vidisha,LATERI,"23310410009, Govt. HSS MURWAS",प्रतिभागी,शिक्षक
BZ2852,Jeetendra Yadav,Vidisha,LATERI,"23310410009, Govt. HSS MURWAS",प्रतिभागी,शिक्षक
BZ2860,Ujma Khan,Vidisha,LATERI,"23310410009, Govt. HSS MURWAS",प्रतिभागी,शिक्षक
BX2392,Sandeep Yadav,Vidisha,NATERAN,"23310507404, Govt. HSS KHADER",प्रतिभागी,शिक्षक
BS5949,Raju Kushwah,Vidisha,NATERAN,"23310506305, Govt. HSS JOHAD",प्रतिभागी,शिक्षक
BY2337,Dharmendra Singh Raghuwanshi,Vidisha,NATERAN,"23310506305, Govt. HSS JOHAD",प्रतिभागी,शिक्षक
BY8186,Pramod Kumar Ahirwar,Vidisha,NATERAN,"23310506305, Govt. HSS JOHAD",प्रतिभागी,शिक्षक
BE9975,Priti Sharma,Vidisha,NATERAN,"23310510909, Govt. HSS EXCELLENCE NATERAN",प्रतिभागी,शिक्षक
BF4678,Rajendra Singh Raghuwanshi,Vidisha,NATERAN,"23310510909, Govt. HSS EXCELLENCE NATERAN",प्रतिभागी,शिक्षक
BF5238,Prakash Chand Khateek,Vidisha,NATERAN,"23310510909, Govt. HSS EXCELLENCE NATERAN",प्रतिभागी,शिक्षक
BF3883,Anuradha Namdev,Vidisha,NATERAN,"23310517619, Govt. HSS SAMSHABAD (GIRLS)",प्रतिभागी,शिक्षक
BF5409,Usha Arya,Vidisha,NATERAN,"23310517619, Govt. HSS SAMSHABAD (GIRLS)",प्रतिभागी,शिक्षक
CC8330,PINKI SAHU,Vidisha,NATERAN,"23310517619, Govt. HSS SAMSHABAD (GIRLS)",प्रतिभागी,शिक्षक
BF4688,Sachin Kumar Tamrkar,Vidisha,NATERAN,"23310516208, Govt. HSS SEU",प्रतिभागी,शिक्षक
BF4759,Rajaram Kori,Vidisha,NATERAN,"23310516208, Govt. HSS SEU",प्रतिभागी,शिक्षक
CD5585,BIR SINGH,Vidisha,NATERAN,"23310518212, Govt. HSS WARDHA",प्रतिभागी,शिक्षक
CE6644,MUKESH GAUR,Vidisha,NATERAN,"23310518212, Govt. HSS WARDHA",प्रतिभागी,शिक्षक
BF4307,Jyoti Sahu,Vidisha,NATERAN,"23310517618, Govt. HSS SAMSHABAD ",प्रतिभागी,शिक्षक
BJ8490,Rajni Tamrakar,Vidisha,NATERAN,"23310517618, Govt. HSS SAMSHABAD ",प्रतिभागी,शिक्षक
BW1068,Manoj Dhakad,Vidisha,NATERAN,"23310517618, Govt. HSS SAMSHABAD ",प्रतिभागी,शिक्षक
CC2180,PRADEEP SHARMA,Vidisha,NATERAN,"23310517618, Govt. HSS SAMSHABAD ",प्रतिभागी,शिक्षक
BF1561,Raghuveer Singh,Vidisha,NATERAN,"23310515604, Govt. HSS SATPADAHAT",प्रतिभागी,शिक्षक
BZ3203,Rambabu Silawat,Vidisha,NATERAN,"23310515604, Govt. HSS SATPADAHAT",प्रतिभागी,शिक्षक
BF4356,Sadua Mogiya,Vidisha,NATERAN,"23310501008, Govt. HSS BARKHEDA JAGIR",प्रतिभागी,शिक्षक
BF5960,Khalak Singh,Vidisha,SIRONJ,"23310610705, Govt. HSS GHATWAR",प्रतिभागी,शिक्षक
BX7156,Ravindra Sharma,Vidisha,SIRONJ,"23310610705, Govt. HSS GHATWAR",प्रतिभागी,शिक्षक
CD8864,NEHA RAGHUWANSHI,Vidisha,SIRONJ,"23310610705, Govt. HSS GHATWAR",प्रतिभागी,शिक्षक
CE8617,NEHA KUSHWAHA,Vidisha,SIRONJ,"23310610705, Govt. HSS GHATWAR",प्रतिभागी,शिक्षक
CF3349,RAGHWENDRASINGH RAGHU,Vidisha,SIRONJ,"23310607006, Govt. HSS DEEPNAKHEDA",प्रतिभागी,शिक्षक
BE9908,Mahendr Singh,Vidisha,SIRONJ,"23310602106, Govt. HSS BHAGWANTPUR",प्रतिभागी,शिक्षक
BF1153,Pappu Singh,Vidisha,SIRONJ,"23310602106, Govt. HSS BHAGWANTPUR",प्रतिभागी,शिक्षक
BF1155,Jay Ram,Vidisha,SIRONJ,"23310602106, Govt. HSS BHAGWANTPUR",प्रतिभागी,शिक्षक
BF1238,Rajendra Kumar,Vidisha,SIRONJ,"23310602106, Govt. HSS BHAGWANTPUR",प्रतिभागी,शिक्षक
BF5733,Jay Govind Sharma,Vidisha,SIRONJ,"23310615905, Govt. HSS MUGAL SARAY",प्रतिभागी,शिक्षक
BF5747,Kishanlal Ahirwar,Vidisha,SIRONJ,"23310615905, Govt. HSS MUGAL SARAY",प्रतिभागी,शिक्षक
CE6298,RAJKUMARI AHIRWAR,Vidisha,SIRONJ,"23310615905, Govt. HSS MUGAL SARAY",प्रतिभागी,शिक्षक
BF1181,Satyendra Shrivastava,Vidisha,VIDISHA,"23310713703, Govt. HSS KHAMTALA",प्रतिभागी,शिक्षक
BF4173,Malti Sharma,Vidisha,VIDISHA,"23310713703, Govt. HSS KHAMTALA",प्रतिभागी,शिक्षक
BF4562,Ram Singh Kushwaha,Vidisha,VIDISHA,"23310713703, Govt. HSS KHAMTALA",प्रतिभागी,शिक्षक
BF4849,ANWAR KHAN,Vidisha,VIDISHA,"23310713703, Govt. HSS KHAMTALA",प्रतिभागी,शिक्षक
BF6471,Neeraj Vyas,Vidisha,VIDISHA,"23310713703, Govt. HSS KHAMTALA",प्रतिभागी,शिक्षक
AT9934,Savita Saini,Vidisha,VIDISHA,"23310723117, Govt. HSS MLB (GIRLS) VIDISHA",प्रतिभागी,शिक्षक
BE9487,Sapna Shrivastava,Vidisha,VIDISHA,"23310723117, Govt. HSS MLB (GIRLS) VIDISHA",प्रतिभागी,शिक्षक
AC1523,Sangeeta Shrivastava,Vidisha,VIDISHA,"23310723118, Govt. HSS BARIPURA, VIDISHA",प्रतिभागी,शिक्षक
AF6171,Sulekha Sharma,Vidisha,VIDISHA,"23310723118, Govt. HSS BARIPURA, VIDISHA",प्रतिभागी,शिक्षक
BF6282,Vinod Ahirwar,Vidisha,VIDISHA,"23310723118, Govt. HSS BARIPURA, VIDISHA",प्रतिभागी,शिक्षक
BP4297,Neeta Soni,Vidisha,VIDISHA,"23310723118, Govt. HSS BARIPURA, VIDISHA",प्रतिभागी,शिक्षक
BS6227,Hari Shankar Dhakad,Vidisha,VIDISHA,"23310723118, Govt. HSS BARIPURA, VIDISHA",प्रतिभागी,शिक्षक
AI5611,Arti Kaneria,Vidisha,VIDISHA,"23310723119, Govt. HSS MADHAVGANJ-2 VIDISHA",प्रतिभागी,शिक्षक
BE9355,Jyoti Agrawal,Vidisha,VIDISHA,"23310723119, Govt. HSS MADHAVGANJ-2 VIDISHA",प्रतिभागी,शिक्षक
BF5509,Meena Ahirwar,Vidisha,VIDISHA,"23310723119, Govt. HSS MADHAVGANJ-2 VIDISHA",प्रतिभागी,शिक्षक
BF6230,Vibha Smriti Nag,Vidisha,VIDISHA,"23310723119, Govt. HSS MADHAVGANJ-2 VIDISHA",प्रतिभागी,शिक्षक
BP4203,Shashi Rai,Vidisha,VIDISHA,"23310723119, Govt. HSS MADHAVGANJ-2 VIDISHA",प्रतिभागी,शिक्षक
BW7831,Asha Kaushal,Vidisha,VIDISHA,"23310723119, Govt. HSS MADHAVGANJ-2 VIDISHA",प्रतिभागी,शिक्षक
BX4322,Varsha Yadav,Vidisha,VIDISHA,"23310723119, Govt. HSS MADHAVGANJ-2 VIDISHA",प्रतिभागी,शिक्षक
CC3408,RITU SHRIVASTAVA,Vidisha,VIDISHA,"23310723119, Govt. HSS MADHAVGANJ-2 VIDISHA",प्रतिभागी,शिक्षक
BE9338,Amol Singh Lodhi,Vidisha,VIDISHA,"23310707405, Govt. HSS HANSUA",प्रतिभागी,शिक्षक
BE9495,Avadh Narayan Upadhayay,Vidisha,VIDISHA,"23310707405, Govt. HSS HANSUA",प्रतिभागी,शिक्षक
BF3011,Tara Suman,Vidisha,VIDISHA,"23310707405, Govt. HSS HANSUA",प्रतिभागी,शिक्षक
BF4951,Sandhya Shrivastava,Vidisha,VIDISHA,"23310707405, Govt. HSS HANSUA",प्रतिभागी,शिक्षक
BF6327,Halke Singh Dangi,Vidisha,VIDISHA,"23310700108, Govt. HSS AHMADPUR",प्रतिभागी,शिक्षक
BF6341,Babaloo Ahirwar,Vidisha,VIDISHA,"23310700108, Govt. HSS AHMADPUR",प्रतिभागी,शिक्षक
BF6469,Shambhu Singh,Vidisha,VIDISHA,"23310700108, Govt. HSS AHMADPUR",प्रतिभागी,शिक्षक
BT6681,Parul Gupta,Vidisha,VIDISHA,"23310700108, Govt. HSS AHMADPUR",प्रतिभागी,शिक्षक
BE9114,Dhannalal Ahirwar,Vidisha,VIDISHA,"23310704605, Govt. HSS DEVKHAJURI",प्रतिभागी,शिक्षक
BF6561,Halkeram Ahirwar,Vidisha,VIDISHA,"23310704605, Govt. HSS DEVKHAJURI",प्रतिभागी,शिक्षक
BF6623,Bhagat Singh Raghuwanshi,Vidisha,VIDISHA,"23310704605, Govt. HSS DEVKHAJURI",प्रतिभागी,शिक्षक
BS8322,Roopgir Goswami,Vidisha,VIDISHA,"23310704605, Govt. HSS DEVKHAJURI",प्रतिभागी,शिक्षक
BW3010,Rinki Tiwari,Vidisha,VIDISHA,"23310704605, Govt. HSS DEVKHAJURI",प्रतिभागी,शिक्षक
BF4927,Kamal Kishor Sharma,Vidisha,VIDISHA,"23310716307, Govt. HSS PEEPALKHEDA",प्रतिभागी,सीएसी
BF5346,Akhilesh Kumar Namdev,Vidisha,VIDISHA,"23310716307, Govt. HSS PEEPALKHEDA",प्रतिभागी,शिक्षक
BP4295,Mohan Lal Palya,Vidisha,VIDISHA,"23310716307, Govt. HSS PEEPALKHEDA",प्रतिभागी,शिक्षक
BT5928,Shailendra Singh Raghuwanshi,Vidisha,VIDISHA,"23310716307, Govt. HSS PEEPALKHEDA",प्रतिभागी,शिक्षक
BE8792,Rachna Pal,Vidisha,VIDISHA,"23310711705, Govt. HSS KHAMKHEDA",प्रतिभागी,शिक्षक
BF1654,Jagannath Singh Ahirwar,Vidisha,VIDISHA,"23310711705, Govt. HSS KHAMKHEDA",प्रतिभागी,शिक्षक
BF4797,Pankaj Bhosle,Vidisha,VIDISHA,"23310711705, Govt. HSS KHAMKHEDA",प्रतिभागी,शिक्षक
BF6115,Lalit Mohan Sharma,Vidisha,VIDISHA,"23310711705, Govt. HSS KHAMKHEDA",प्रतिभागी,शिक्षक
BT1955,Jitendra Raghuwanshi,Vidisha,VIDISHA,"23310711705, Govt. HSS KHAMKHEDA",प्रतिभागी,शिक्षक
BX3397,Pankaj Kumar Jain,Vidisha,VIDISHA,"23310711705, Govt. HSS KHAMKHEDA",प्रतिभागी,शिक्षक
AU6737,Poonam Rana,Vidisha,VIDISHA,"23310723121, Govt. HSS GIRLS SHERPURA",प्रतिभागी,शिक्षक
BE8990,Om Prakash Sharma,Vidisha,VIDISHA,"23310723121, Govt. HSS GIRLS SHERPURA",प्रतिभागी,शिक्षक
BE9686,Bharti Chourasiya,Vidisha,VIDISHA,"23310723121, Govt. HSS GIRLS SHERPURA",प्रतिभागी,शिक्षक
BU8966,Hemant Soni,Vidisha,VIDISHA,"23310723121, Govt. HSS GIRLS SHERPURA",प्रतिभागी,शिक्षक
BJ9617,Rajesh Dubey,Vidisha,VIDISHA,"23310703309, Govt. HSS DHAMNODA",प्रतिभागी,शिक्षक
BO8191,Bablu Namdeo,Vidisha,VIDISHA,"23310703309, Govt. HSS DHAMNODA",प्रतिभागी,शिक्षक
BE9336,Shahnaz Bano,Vidisha,VIDISHA,"23310721806, Govt. HSS THARR",प्रतिभागी,शिक्षक
BF1511,Bhawar Das Bairagi,Vidisha,VIDISHA,"23310721806, Govt. HSS THARR",प्रतिभागी,शिक्षक
BF3900,Laxmi Ahirwar,Vidisha,VIDISHA,"23310721806, Govt. HSS THARR",प्रतिभागी,शिक्षक
BX9722,Mahendra Kumar Yadav,Vidisha,VIDISHA,"23310721806, Govt. HSS THARR",प्रतिभागी,सीएसी
BY4554,Sanjeev Raghuvanshi,Vidisha,VIDISHA,"23310721806, Govt. HSS THARR",प्रतिभागी,शिक्षक
